{"features":[{"geometry":{"coordinates":[-0.0074609,51.848411],"type":"Point"},"id":"airports:0","properties":{"name":"High Cross Airstrip"},"type":"Feature"},{"geometry":{"coordinates":[-1.0317702,52.6078167],"type":"Point"},"id":"airports:1","properties":{"name":"Leicester Airport"},"type":"Feature"},{"geometry":{"coordinates":[-2.8863127,53.7440449],"type":"Point"},"id":"airports:2","properties":{"name":"Warton Aerodrome"},"type":"Feature"},{"geometry":{"coordinates":[-2.8986988,59.3512139],"type":"Point"},"id":"airports:3","properties":{"name":"Papa Westray Airport"},"type":"Feature"},{"geometry":{"coordinates":[-0.7704595,51.2786335],"type":"Point"},"id":"airports:4","properties":{"name":"Farnborough Airport"},"type":"Feature"},{"geometry":{"coordinates":[-0.5309766,51.1153355],"type":"Point"},"id":"airports:5","properties":{"name":"Dunsfold Aerodrome"},"type":"Feature"},{"geometry":{"coordinates":[-3.8914315,57.102406],"type":"Point"},"id":"airports:6","properties":{"name":"Cairngorm Gliding Club"},"type":"Feature"},{"geometry":{"coordinates":[-4.9610359,51.8331205],"type":"Point"},"id":"airports:7","properties":{"name":"Haverfordwest Airport"},"type":"Feature"},{"geometry":{"coordinates":[-2.8807069,52.2436923],"type":"Point"},"id":"airports:8","properties":{"name":"Shobdon Aerodrome"},"type":"Feature"},{"geometry":{"coordinates":[0.1311651,52.0938185],"type":"Point"},"id":"airports:9","properties":{"name":"Duxford"},"type":"Feature"},{"geometry":{"coordinates":[-3.4323332,51.40436],"type":"Point"},"id":"airports:10","properties":{"name":"Saint Athan Airport"},"type":"Feature"},{"geometry":{"coordinates":[0.6419112,51.1563481],"type":"Point"},"id":"airports:11","properties":{"name":"Lashenden (Headcorn) Airfield"},"type":"Feature"},{"geometry":{"coordinates":[1.4174085,52.5110625],"type":"Point"},"id":"airports:12","properties":{"name":"Seething Airfield"},"type":"Feature"},{"geometry":{"coordinates":[-5.1783579,50.3312581],"type":"Point"},"id":"airports:13","properties":{"name":"Perranporth Airfield"},"type":"Feature"},{"geometry":{"coordinates":[-0.2504117,52.4680369],"type":"Point"},"id":"airports:14","properties":{"name":"Peterborough Conington"},"type":"Feature"},{"geometry":{"coordinates":[-0.5759365,53.7723222],"type":"Point"},"id":"airports:15","properties":{"name":"Mount Airey"},"type":"Feature"},{"geometry":{"coordinates":[-2.8796001,52.5182306],"type":"Point"},"id":"airports:16","properties":{"name":"Midland Gliding Club"},"type":"Feature"},{"geometry":{"coordinates":[-1.097694,53.7495055],"type":"Point"},"id":"airports:17","properties":{"name":"Burn Gliding Club"},"type":"Feature"},{"geometry":{"coordinates":[-0.9722915,54.3097206],"type":"Point"},"id":"airports:18","properties":{"name":"Fadmoor"},"type":"Feature"},{"geometry":{"coordinates":[-2.5841956,54.6979215],"type":"Point"},"id":"airports:19","properties":{"name":"Skelling Farm Airfield"},"type":"Feature"},{"geometry":{"coordinates":[-0.1474349,52.4321899],"type":"Point"},"id":"airports:20","properties":{"name":"Nene Valley Gliding Club"},"type":"Feature"},{"geometry":{"coordinates":[0.9336092,52.2558352],"type":"Point"},"id":"airports:21","properties":{"name":"Great Ashfield Airfield"},"type":"Feature"},{"geometry":{"coordinates":[-0.5748077,52.4653179],"type":"Point"},"id":"airports:22","properties":{"name":"Lyveden Gliding"},"type":"Feature"},{"geometry":{"coordinates":[-2.47416,52.0018997],"type":"Point"},"id":"airports:23","properties":{"name":"Ledbury"},"type":"Feature"},{"geometry":{"coordinates":[-1.1872951,53.9478276],"type":"Point"},"id":"airports:24","properties":{"name":"Rufforth West"},"type":"Feature"},{"geometry":{"coordinates":[-1.1332664,52.489801],"type":"Point"},"id":"airports:25","properties":{"name":"Bruntingthorpe Proving Ground"},"type":"Feature"},{"geometry":{"coordinates":[-6.3000002,54.6231003],"type":"Point"},"id":"airports:26","properties":{"name":"Langford Lodge"},"type":"Feature"},{"geometry":{"coordinates":[-0.685278,53.3810997],"type":"Point"},"id":"airports:27","properties":{"name":"Sturgate Airfield"},"type":"Feature"},{"geometry":{"coordinates":[-2.6477204,52.9329226],"type":"Point"},"id":"airports:28","properties":{"name":"Tilstock Airfield"},"type":"Feature"},{"geometry":{"coordinates":[0.6001262,51.3323686],"type":"Point"},"id":"airports:29","properties":{"name":"Farthing Corner/Stoneacre Farm Airfield"},"type":"Feature"},{"geometry":{"coordinates":[-0.951389,53.2806015],"type":"Point"},"id":"airports:30","properties":{"name":"Retford Gamston Airport"},"type":"Feature"},{"geometry":{"coordinates":[-2.55,55.0499992],"type":"Point"},"id":"airports:31","properties":{"name":"RAF Spadeadam"},"type":"Feature"},{"geometry":{"coordinates":[-7.4475248,57.0250086],"type":"Point"},"id":"airports:32","properties":{"name":"Port Adhair Barraigh"},"type":"Feature"},{"geometry":{"coordinates":[0.928056,52.6293983],"type":"Point"},"id":"airports:33","properties":{"name":"Shipdham Airfield"},"type":"Feature"},{"geometry":{"coordinates":[1.6186808,52.4353709],"type":"Point"},"id":"airports:34","properties":{"name":"Beccles Airfield"},"type":"Feature"},{"geometry":{"coordinates":[0.6825,51.9143982],"type":"Point"},"id":"airports:35","properties":{"name":"Earls Colne Airfield"},"type":"Feature"},{"geometry":{"coordinates":[-0.558889,51.3480988],"type":"Point"},"id":"airports:36","properties":{"name":"Fairoaks Airport"},"type":"Feature"},{"geometry":{"coordinates":[-4.023288,57.868827],"type":"Point"},"id":"airports:37","properties":{"name":"Dornoch Airfield"},"type":"Feature"},{"geometry":{"coordinates":[-2.0540735,60.1230984],"type":"Point"},"id":"airports:38","properties":{"name":"Foula Airfield"},"type":"Feature"},{"geometry":{"coordinates":[-1.69306,60.321701],"type":"Point"},"id":"airports:39","properties":{"name":"Papa Stour Airstrip"},"type":"Feature"},{"geometry":{"coordinates":[-5.9137027,56.516706],"type":"Point"},"id":"airports:40","properties":{"name":"Glenforsa Airfield"},"type":"Feature"},{"geometry":{"coordinates":[-1.7500554,52.7071274],"type":"Point"},"id":"airports:41","properties":{"name":"Sittles Airfield"},"type":"Feature"},{"geometry":{"coordinates":[-0.441492,52.2336744],"type":"Point"},"id":"airports:42","properties":{"name":"Bedford Aerodrome"},"type":"Feature"},{"geometry":{"coordinates":[-0.3633748,52.2430037],"type":"Point"},"id":"airports:43","properties":{"name":"Little Staughton Airfield"},"type":"Feature"},{"geometry":{"coordinates":[-3.8016387,50.2240362],"type":"Point"},"id":"airports:44","properties":{"name":"Bolt Head"},"type":"Feature"},{"geometry":{"coordinates":[0.0626347,53.4982197],"type":"Point"},"id":"airports:45","properties":{"name":"North Cotes"},"type":"Feature"},{"geometry":{"coordinates":[-2.1643404,55.7496625],"type":"Point"},"id":"airports:46","properties":{"name":"Winfield Aerodrome (RAF Winfield/Horndean)"},"type":"Feature"},{"geometry":{"coordinates":[-1.6144564,52.1928407],"type":"Point"},"id":"airports:47","properties":{"name":"Wellesbourne Airfield"},"type":"Feature"},{"geometry":{"coordinates":[1.3203553,52.8934486],"type":"Point"},"id":"airports:48","properties":{"name":"Cromer (Northrepps) Aerodrome"},"type":"Feature"},{"geometry":{"coordinates":[0.0004354,53.1371137],"type":"Point"},"id":"airports:49","properties":{"name":"East Kirkby"},"type":"Feature"},{"geometry":{"coordinates":[-0.5890119,52.5062705],"type":"Point"},"id":"airports:50","properties":{"name":"Deenethorpe"},"type":"Feature"},{"geometry":{"coordinates":[-0.9881338,53.9238188],"type":"Point"},"id":"airports:51","properties":{"name":"Elvington"},"type":"Feature"},{"geometry":{"coordinates":[-1.0128993,52.0700846],"type":"Point"},"id":"airports:52","properties":{"name":"Silverstone Heliport"},"type":"Feature"},{"geometry":{"coordinates":[1.1817815,51.9122706],"type":"Point"},"id":"airports:53","properties":{"name":"Great Oakley Airfield"},"type":"Feature"},{"geometry":{"coordinates":[0.5201017,51.885975],"type":"Point"},"id":"airports:54","properties":{"name":"Rayne Hall Farm"},"type":"Feature"},{"geometry":{"coordinates":[-0.4861452,52.2626547],"type":"Point"},"id":"airports:55","properties":{"name":"Sackville Farm"},"type":"Feature"},{"geometry":{"coordinates":[-0.117631,52.1225417],"type":"Point"},"id":"airports:56","properties":{"name":"Top Farm Airfield"},"type":"Feature"},{"geometry":{"coordinates":[-0.1236661,51.8829056],"type":"Point"},"id":"airports:57","properties":{"name":"Benington"},"type":"Feature"},{"geometry":{"coordinates":[-1.9862303,50.8900405],"type":"Point"},"id":"airports:58","properties":{"name":"Bowerswaine Farm"},"type":"Feature"},{"geometry":{"coordinates":[-3.092341,52.702174],"type":"Point"},"id":"airports:59","properties":{"name":"Breidden"},"type":"Feature"},{"geometry":{"coordinates":[-2.9028359,53.8974259],"type":"Point"},"id":"airports:60","properties":{"name":"Brook Farm"},"type":"Feature"},{"geometry":{"coordinates":[-1.7375729,52.9192308],"type":"Point"},"id":"airports:61","properties":{"name":"Brook Farm Airstrip"},"type":"Feature"},{"geometry":{"coordinates":[-1.8349328,51.7947095],"type":"Point"},"id":"airports:62","properties":{"name":"Calcot Peak"},"type":"Feature"},{"geometry":{"coordinates":[-0.5279459,52.780521],"type":"Point"},"id":"airports:63","properties":{"name":"Black Spring Farm Airstrip"},"type":"Feature"},{"geometry":{"coordinates":[-0.8914806,53.1198774],"type":"Point"},"id":"airports:64","properties":{"name":"Caunton"},"type":"Feature"},{"geometry":{"coordinates":[-1.2807459,52.5077854],"type":"Point"},"id":"airports:65","properties":{"name":"Claybrooke Farm"},"type":"Feature"},{"geometry":{"coordinates":[-0.9998435,53.7857965],"type":"Point"},"id":"airports:66","properties":{"name":"Cliffe"},"type":"Feature"},{"geometry":{"coordinates":[-2.522437,51.3414043],"type":"Point"},"id":"airports:67","properties":{"name":"Clutton Hill"},"type":"Feature"},{"geometry":{"coordinates":[-2.090858,51.3636492],"type":"Point"},"id":"airports:68","properties":{"name":"Craysmarsh"},"type":"Feature"},{"geometry":{"coordinates":[0.2522559,53.1231227],"type":"Point"},"id":"airports:69","properties":{"name":"Croft"},"type":"Feature"},{"geometry":{"coordinates":[-2.5625624,52.50358],"type":"Point"},"id":"airports:70","properties":{"name":"Ditton Priors"},"type":"Feature"},{"geometry":{"coordinates":[-3.8722739,56.3678531],"type":"Point"},"id":"airports:71","properties":{"name":"East Lochlane Farm"},"type":"Feature"},{"geometry":{"coordinates":[-0.1677845,52.0198602],"type":"Point"},"id":"airports:72","properties":{"name":"Newnham"},"type":"Feature"},{"geometry":{"coordinates":[-1.5481724,52.1600872],"type":"Point"},"id":"airports:73","properties":{"name":"Green Farm Airstrip"},"type":"Feature"},{"geometry":{"coordinates":[-0.248437,51.9042754],"type":"Point"},"id":"airports:74","properties":{"name":"Hitchin (Rush Green)"},"type":"Feature"},{"geometry":{"coordinates":[-0.8662693,53.3140457],"type":"Point"},"id":"airports:75","properties":{"name":"Grove Farm"},"type":"Feature"},{"geometry":{"coordinates":[-3.7068994,50.3651272],"type":"Point"},"id":"airports:76","properties":{"name":"Halwell"},"type":"Feature"},{"geometry":{"coordinates":[-1.9115685,57.4067508],"type":"Point"},"id":"airports:77","properties":{"name":"Hatton"},"type":"Feature"},{"geometry":{"coordinates":[-1.6570161,53.0049004],"type":"Point"},"id":"airports:78","properties":{"name":"Holly Meadow Farm Airstrip"},"type":"Feature"},{"geometry":{"coordinates":[-1.057039,53.0102971],"type":"Point"},"id":"airports:79","properties":{"name":"Jericho Farm"},"type":"Feature"},{"geometry":{"coordinates":[0.0643512,52.6308036],"type":"Point"},"id":"airports:80","properties":{"name":"Jubilee Farm"},"type":"Feature"},{"geometry":{"coordinates":[-0.4779056,52.3675172],"type":"Point"},"id":"airports:81","properties":{"name":"Keyston"},"type":"Feature"},{"geometry":{"coordinates":[0.2681335,52.3305139],"type":"Point"},"id":"airports:82","properties":{"name":"Kingfisher's Bridge"},"type":"Feature"},{"geometry":{"coordinates":[0.3776757,52.4226804],"type":"Point"},"id":"airports:83","properties":{"name":"Lark Engine Farmhouse"},"type":"Feature"},{"geometry":{"coordinates":[-1.6209368,52.357319],"type":"Point"},"id":"airports:84","properties":{"name":"Little Chase Farm"},"type":"Feature"},{"geometry":{"coordinates":[-2.5965937,51.1253177],"type":"Point"},"id":"airports:85","properties":{"name":"Lower Withial Farm"},"type":"Feature"},{"geometry":{"coordinates":[0.9526802,52.9126084],"type":"Point"},"id":"airports:86","properties":{"name":"Manor Farm"},"type":"Feature"},{"geometry":{"coordinates":[-1.7706674,51.4236454],"type":"Point"},"id":"airports:87","properties":{"name":"Manton"},"type":"Feature"},{"geometry":{"coordinates":[-2.6180083,50.8794545],"type":"Point"},"id":"airports:88","properties":{"name":"Melbury"},"type":"Feature"},{"geometry":{"coordinates":[0.8570614,52.0697469],"type":"Point"},"id":"airports:89","properties":{"name":"Milden"},"type":"Feature"},{"geometry":{"coordinates":[1.2602514,52.1680887],"type":"Point"},"id":"airports:90","properties":{"name":"Monewden"},"type":"Feature"},{"geometry":{"coordinates":[-3.3232823,53.0632694],"type":"Point"},"id":"airports:91","properties":{"name":"Nantclwyd"},"type":"Feature"},{"geometry":{"coordinates":[0.0716901,53.3256705],"type":"Point"},"id":"airports:92","properties":{"name":"North Reston Hall Farm"},"type":"Feature"},{"geometry":{"coordinates":[-1.4397248,51.8471331],"type":"Point"},"id":"airports:93","properties":{"name":"Oaklands Farm"},"type":"Feature"},{"geometry":{"coordinates":[0.4256228,51.1787584],"type":"Point"},"id":"airports:94","properties":{"name":"Old Hay"},"type":"Feature"},{"geometry":{"coordinates":[-0.6071886,51.8822801],"type":"Point"},"id":"airports:95","properties":{"name":"Park Farm"},"type":"Feature"},{"geometry":{"coordinates":[-1.0760824,51.9031372],"type":"Point"},"id":"airports:96","properties":{"name":"Pear Tree Farm"},"type":"Feature"},{"geometry":{"coordinates":[0.6578904,51.9891623],"type":"Point"},"id":"airports:97","properties":{"name":"Stones Farm"},"type":"Feature"},{"geometry":{"coordinates":[-1.993326,52.3320008],"type":"Point"},"id":"airports:98","properties":{"name":"Stoney Lane"},"type":"Feature"},{"geometry":{"coordinates":[-3.5301848,50.9572712],"type":"Point"},"id":"airports:99","properties":{"name":"Stoodleigh Barton"},"type":"Feature"},{"geometry":{"coordinates":[-0.6781382,53.3215692],"type":"Point"},"id":"airports:100","properties":{"name":"Stow"},"type":"Feature"},{"geometry":{"coordinates":[-0.3611127,52.31454],"type":"Point"},"id":"airports:101","properties":{"name":"Stow Longa"},"type":"Feature"},{"geometry":{"coordinates":[0.9620111,52.7348042],"type":"Point"},"id":"airports:102","properties":{"name":"Swanton Morley"},"type":"Feature"},{"geometry":{"coordinates":[-4.0750378,52.6124101],"type":"Point"},"id":"airports:103","properties":{"name":"Talybont"},"type":"Feature"},{"geometry":{"coordinates":[-0.9356638,52.0057426],"type":"Point"},"id":"airports:104","properties":{"name":"Thornborough Grounds"},"type":"Feature"},{"geometry":{"coordinates":[-0.6556195,52.2593728],"type":"Point"},"id":"airports:105","properties":{"name":"Tower Farm"},"type":"Feature"},{"geometry":{"coordinates":[0.0164536,52.0970531],"type":"Point"},"id":"airports:106","properties":{"name":"Whitehill Farm"},"type":"Feature"},{"geometry":{"coordinates":[-1.4717717,52.6431941],"type":"Point"},"id":"airports:107","properties":{"name":"Twycross (Gopsall House)"},"type":"Feature"},{"geometry":{"coordinates":[-3.188644,57.6641249],"type":"Point"},"id":"airports:108","properties":{"name":"Viewfield"},"type":"Feature"},{"geometry":{"coordinates":[-3.0981345,50.9023839],"type":"Point"},"id":"airports:109","properties":{"name":"Watchford Farm"},"type":"Feature"},{"geometry":{"coordinates":[0.3549309,51.5638798],"type":"Point"},"id":"airports:110","properties":{"name":"Barnards Farm"},"type":"Feature"},{"geometry":{"coordinates":[-2.9133795,51.1061465],"type":"Point"},"id":"airports:111","properties":{"name":"Westonzoyland"},"type":"Feature"},{"geometry":{"coordinates":[-0.91015,53.4218606],"type":"Point"},"id":"airports:112","properties":{"name":"Willow Farm"},"type":"Feature"},{"geometry":{"coordinates":[0.3698329,52.2901671],"type":"Point"},"id":"airports:113","properties":{"name":"Exning"},"type":"Feature"},{"geometry":{"coordinates":[-2.5723036,53.1643534],"type":"Point"},"id":"airports:114","properties":{"name":"Ashcroft"},"type":"Feature"},{"geometry":{"coordinates":[-0.6180253,52.4849499],"type":"Point"},"id":"airports:115","properties":{"name":"Bakersfield"},"type":"Feature"},{"geometry":{"coordinates":[-2.3568692,52.0009216],"type":"Point"},"id":"airports:116","properties":{"name":"Berrow"},"type":"Feature"},{"geometry":{"coordinates":[0.5165282,52.5908679],"type":"Point"},"id":"airports:117","properties":{"name":"Boughton North"},"type":"Feature"},{"geometry":{"coordinates":[0.5153039,52.5843819],"type":"Point"},"id":"airports:118","properties":{"name":"Boughton"},"type":"Feature"},{"geometry":{"coordinates":[-0.2533941,53.2000434],"type":"Point"},"id":"airports:119","properties":{"name":"Bucknall"},"type":"Feature"},{"geometry":{"coordinates":[-5.0479623,55.7567765],"type":"Point"},"id":"airports:120","properties":{"name":"Bute"},"type":"Feature"},{"geometry":{"coordinates":[-2.9610318,54.1644944],"type":"Point"},"id":"airports:121","properties":{"name":"Cark"},"type":"Feature"},{"geometry":{"coordinates":[-4.9330129,54.8982415],"type":"Point"},"id":"airports:122","properties":{"name":"Castle Kennedy"},"type":"Feature"},{"geometry":{"coordinates":[-6.7915365,55.1582291],"type":"Point"},"id":"airports:123","properties":{"name":"Castlerock"},"type":"Feature"},{"geometry":{"coordinates":[-0.5936162,51.0600362],"type":"Point"},"id":"airports:124","properties":{"name":"Chilsfold Farm"},"type":"Feature"},{"geometry":{"coordinates":[-3.0460473,52.9474365],"type":"Point"},"id":"airports:125","properties":{"name":"Chirk Airfield"},"type":"Feature"},{"geometry":{"coordinates":[-1.4288898,53.3046095],"type":"Point"},"id":"airports:126","properties":{"name":"Coal Aston"},"type":"Feature"},{"geometry":{"coordinates":[-0.0981913,51.9481015],"type":"Point"},"id":"airports:127","properties":{"name":"Cottered"},"type":"Feature"},{"geometry":{"coordinates":[-0.1396686,52.7095466],"type":"Point"},"id":"airports:128","properties":{"name":"Crowland"},"type":"Feature"},{"geometry":{"coordinates":[0.7362014,52.0682234],"type":"Point"},"id":"airports:129","properties":{"name":"Cuckoo Tye Farm"},"type":"Feature"},{"geometry":{"coordinates":[1.2659579,52.1341341],"type":"Point"},"id":"airports:130","properties":{"name":"Debach Airfield"},"type":"Feature"},{"geometry":{"coordinates":[-1.1263889,51.6645041],"type":"Point"},"id":"airports:131","properties":{"name":"Drayton St Leonard"},"type":"Feature"},{"geometry":{"coordinates":[-6.2069651,54.8487273],"type":"Point"},"id":"airports:132","properties":{"name":"Dunnyvadden"},"type":"Feature"},{"geometry":{"coordinates":[0.524189,52.7237397],"type":"Point"},"id":"airports:133","properties":{"name":"East Winch"},"type":"Feature"},{"geometry":{"coordinates":[-0.7014104,52.2136163],"type":"Point"},"id":"airports:134","properties":{"name":"Easton Maudit"},"type":"Feature"},{"geometry":{"coordinates":[-0.8726421,60.603424],"type":"Point"},"id":"airports:135","properties":{"name":"Fetlar"},"type":"Feature"},{"geometry":{"coordinates":[-3.0299325,52.669214],"type":"Point"},"id":"airports:136","properties":{"name":"Forest Farm"},"type":"Feature"},{"geometry":{"coordinates":[-0.8502405,53.3035577],"type":"Point"},"id":"airports:137","properties":{"name":"Forwood Farm"},"type":"Feature"},{"geometry":{"coordinates":[-1.3561011,53.7908022],"type":"Point"},"id":"airports:138","properties":{"name":"Garforth"},"type":"Feature"},{"geometry":{"coordinates":[-0.0911538,53.7965455],"type":"Point"},"id":"airports:139","properties":{"name":"Garton Field"},"type":"Feature"},{"geometry":{"coordinates":[-5.7550565,55.6553415],"type":"Point"},"id":"airports:140","properties":{"name":"Gigha"},"type":"Feature"},{"geometry":{"coordinates":[-4.386336,50.9438009],"type":"Point"},"id":"airports:141","properties":{"name":"Gorrel Farm"},"type":"Feature"},{"geometry":{"coordinates":[-1.5823764,52.7325119],"type":"Point"},"id":"airports:142","properties":{"name":"Grangewood"},"type":"Feature"},{"geometry":{"coordinates":[0.6763873,52.7788732],"type":"Point"},"id":"airports:143","properties":{"name":"Great Massingham"},"type":"Feature"},{"geometry":{"coordinates":[-2.4698229,52.2990979],"type":"Point"},"id":"airports:144","properties":{"name":"Hanley William"},"type":"Feature"},{"geometry":{"coordinates":[-3.0624717,52.0850971],"type":"Point"},"id":"airports:145","properties":{"name":"Hardwicke"},"type":"Feature"},{"geometry":{"coordinates":[-0.8143633,53.4924766],"type":"Point"},"id":"airports:146","properties":{"name":"Haxey"},"type":"Feature"},{"geometry":{"coordinates":[-0.6901654,53.0064953],"type":"Point"},"id":"airports:147","properties":{"name":"Glebe Farm Airstrip"},"type":"Feature"},{"geometry":{"coordinates":[-2.6488229,57.3109613],"type":"Point"},"id":"airports:148","properties":{"name":"Insch"},"type":"Feature"},{"geometry":{"coordinates":[-2.7508106,56.2691557],"type":"Point"},"id":"airports:149","properties":{"name":"Kingsmuir"},"type":"Feature"},{"geometry":{"coordinates":[-2.9907931,52.8045649],"type":"Point"},"id":"airports:150","properties":{"name":"Sandford Hall Airstrip"},"type":"Feature"},{"geometry":{"coordinates":[0.4128231,51.1909244],"type":"Point"},"id":"airports:151","properties":{"name":"Laddingford"},"type":"Feature"},{"geometry":{"coordinates":[-3.1949049,52.1163312],"type":"Point"},"id":"airports:152","properties":{"name":"Lane Farm"},"type":"Feature"},{"geometry":{"coordinates":[1.2165196,52.4881514],"type":"Point"},"id":"airports:153","properties":{"name":"Long Stratton"},"type":"Feature"},{"geometry":{"coordinates":[0.0326153,53.3579863],"type":"Point"},"id":"airports:154","properties":{"name":"Louth"},"type":"Feature"},{"geometry":{"coordinates":[-1.9289392,51.3309604],"type":"Point"},"id":"airports:155","properties":{"name":"Lydeway Field"},"type":"Feature"},{"geometry":{"coordinates":[-2.4764095,53.3688383],"type":"Point"},"id":"airports:156","properties":{"name":"Lymm Dam"},"type":"Feature"},{"geometry":{"coordinates":[-1.6735274,51.3078209],"type":"Point"},"id":"airports:157","properties":{"name":"Manor Farm"},"type":"Feature"},{"geometry":{"coordinates":[-0.8379453,53.868434],"type":"Point"},"id":"airports:158","properties":{"name":"Melrose Farm"},"type":"Feature"},{"geometry":{"coordinates":[-2.5457821,52.3615547],"type":"Point"},"id":"airports:159","properties":{"name":"Little Down Farm Airstrip"},"type":"Feature"},{"geometry":{"coordinates":[0.1828829,52.3373855],"type":"Point"},"id":"airports:160","properties":{"name":"Mitchells Farm"},"type":"Feature"},{"geometry":{"coordinates":[0.8498945,51.9744858],"type":"Point"},"id":"airports:161","properties":{"name":"Nayland"},"type":"Feature"},{"geometry":{"coordinates":[-0.1521359,53.066905],"type":"Point"},"id":"airports:162","properties":{"name":"Whaley Farm Airstrip"},"type":"Feature"},{"geometry":{"coordinates":[-1.1416561,52.2376234],"type":"Point"},"id":"airports:163","properties":{"name":"Newnham Grounds"},"type":"Feature"},{"geometry":{"coordinates":[-2.0976922,50.7948683],"type":"Point"},"id":"airports:164","properties":{"name":"Newton Peveril"},"type":"Feature"},{"geometry":{"coordinates":[0.0701442,51.9952935],"type":"Point"},"id":"airports:165","properties":{"name":"Nuthampstead"},"type":"Feature"},{"geometry":{"coordinates":[-1.9326731,53.8137402],"type":"Point"},"id":"airports:166","properties":{"name":"Oxenhope"},"type":"Feature"},{"geometry":{"coordinates":[-2.5019638,52.8028279],"type":"Point"},"id":"airports:167","properties":{"name":"Childs Ercall"},"type":"Feature"},{"geometry":{"coordinates":[-0.9719151,53.8404059],"type":"Point"},"id":"airports:168","properties":{"name":"Redmoor Farm"},"type":"Feature"},{"geometry":{"coordinates":[-4.9642344,51.74526],"type":"Point"},"id":"airports:169","properties":{"name":"Rosemarket"},"type":"Feature"},{"geometry":{"coordinates":[-0.5709898,52.6524636],"type":"Point"},"id":"airports:170","properties":{"name":"Shacklewell Lodge Farm"},"type":"Feature"},{"geometry":{"coordinates":[-4.1670387,50.8421544],"type":"Point"},"id":"airports:171","properties":{"name":"Sheepwash"},"type":"Feature"},{"geometry":{"coordinates":[-2.6027377,52.737167],"type":"Point"},"id":"airports:172","properties":{"name":"Lower Grounds Farm Airstrip"},"type":"Feature"},{"geometry":{"coordinates":[-0.6203741,52.5582274],"type":"Point"},"id":"airports:173","properties":{"name":"Spanhoe"},"type":"Feature"},{"geometry":{"coordinates":[-0.511852,53.0772962],"type":"Point"},"id":"airports:174","properties":{"name":"Griffins Farm Airstrip"},"type":"Feature"},{"geometry":{"coordinates":[1.1298679,52.4492811],"type":"Point"},"id":"airports:175","properties":{"name":"Tibenham Priory Farm"},"type":"Feature"},{"geometry":{"coordinates":[-1.2642447,53.6296898],"type":"Point"},"id":"airports:176","properties":{"name":"Walton Wood"},"type":"Feature"},{"geometry":{"coordinates":[1.1232003,52.9478238],"type":"Point"},"id":"airports:177","properties":{"name":"Weybourne"},"type":"Feature"},{"geometry":{"coordinates":[-1.4184066,52.6273132],"type":"Point"},"id":"airports:178","properties":{"name":"Wharf Farm"},"type":"Feature"},{"geometry":{"coordinates":[-2.2487645,57.3191192],"type":"Point"},"id":"airports:179","properties":{"name":"Whiterashes"},"type":"Feature"},{"geometry":{"coordinates":[-2.3785037,55.7075978],"type":"Point"},"id":"airports:180","properties":{"name":"Charterhall Airfield (RAF Charterhall)"},"type":"Feature"},{"geometry":{"coordinates":[-2.2334969,51.0572904],"type":"Point"},"id":"airports:181","properties":{"name":"Gutchpool Farm"},"type":"Feature"},{"geometry":{"coordinates":[-2.1853714,50.9151165],"type":"Point"},"id":"airports:182","properties":{"name":"Ranston"},"type":"Feature"},{"geometry":{"coordinates":[-3.9427939,57.753542],"type":"Point"},"id":"airports:183","properties":{"name":"Easter Airfield"},"type":"Feature"},{"geometry":{"coordinates":[-1.9001978,52.8177283],"type":"Point"},"id":"airports:184","properties":{"name":"Abbots Bromley (Yeatshall Farm)"},"type":"Feature"},{"geometry":{"coordinates":[0.1148968,52.8138048],"type":"Point"},"id":"airports:185","properties":{"name":"Wingland Airfield"},"type":"Feature"},{"geometry":{"coordinates":[-3.9040791,50.7764813],"type":"Point"},"id":"airports:186","properties":{"name":"Taw Mill"},"type":"Feature"},{"geometry":{"coordinates":[0.3502319,52.235553],"type":"Point"},"id":"airports:187","properties":{"name":"Newmarket Heath Airfield"},"type":"Feature"},{"geometry":{"coordinates":[-2.3991417,52.6683921],"type":"Point"},"id":"airports:188","properties":{"name":"Shifnal"},"type":"Feature"},{"geometry":{"coordinates":[-0.8532495,60.7475983],"type":"Point"},"id":"airports:189","properties":{"name":"Unst Airport"},"type":"Feature"},{"geometry":{"coordinates":[-1.1756234,53.9518772],"type":"Point"},"id":"airports:190","properties":{"name":"Rufforth East"},"type":"Feature"},{"geometry":{"coordinates":[-1.8644627,57.5168833],"type":"Point"},"id":"airports:191","properties":{"name":"Longside Airfield"},"type":"Feature"},{"geometry":{"coordinates":[-0.7286654,51.9103045],"type":"Point"},"id":"airports:192","properties":{"name":"Holmbeck Farm Airfield"},"type":"Feature"},{"geometry":{"coordinates":[-1.4898468,52.0093594],"type":"Point"},"id":"airports:193","properties":{"name":"Hook Norton Airstrip"},"type":"Feature"},{"geometry":{"coordinates":[0.7953759,51.5692403],"type":"Point"},"id":"airports:194","properties":{"name":"Barling Airstrip"},"type":"Feature"},{"geometry":{"coordinates":[-0.8737785,53.2838876],"type":"Point"},"id":"airports:195","properties":{"name":"Headon Airfield"},"type":"Feature"},{"geometry":{"coordinates":[-0.3069916,52.8655716],"type":"Point"},"id":"airports:196","properties":{"name":"Decoy Farm Airstrip"},"type":"Feature"},{"geometry":{"coordinates":[-1.7261916,55.4788926],"type":"Point"},"id":"airports:197","properties":{"name":"Charlton Mires Airstrip"},"type":"Feature"},{"geometry":{"coordinates":[-3.845333,55.4669851],"type":"Point"},"id":"airports:198","properties":{"name":"Stonehill Farm Airstrip"},"type":"Feature"},{"geometry":{"coordinates":[-2.6521735,54.7382261],"type":"Point"},"id":"airports:199","properties":{"name":"Glassonby Airfield"},"type":"Feature"},{"geometry":{"coordinates":[-1.7213168,55.2769844],"type":"Point"},"id":"airports:200","properties":{"name":"Eshott Airfield"},"type":"Feature"},{"geometry":{"coordinates":[0.903233,52.8599547],"type":"Point"},"id":"airports:201","properties":{"name":"Little Snoring Airfield"},"type":"Feature"},{"geometry":{"coordinates":[-1.2255711,54.169921],"type":"Point"},"id":"airports:202","properties":{"name":"Baxby"},"type":"Feature"},{"geometry":{"coordinates":[-3.4580633,56.2167312],"type":"Point"},"id":"airports:203","properties":{"name":"Balado Park Airstrip"},"type":"Feature"},{"geometry":{"coordinates":[-3.7492998,56.32531],"type":"Point"},"id":"airports:204","properties":{"name":"Strathallan Airfield"},"type":"Feature"},{"geometry":{"coordinates":[-0.8722219,52.3152475],"type":"Point"},"id":"airports:205","properties":{"name":"Pitsford"},"type":"Feature"},{"geometry":{"coordinates":[1.1282827,52.2296709],"type":"Point"},"id":"airports:206","properties":{"name":"Mendlesham Airstrip"},"type":"Feature"},{"geometry":{"coordinates":[0.2867824,51.7283627],"type":"Point"},"id":"airports:207","properties":{"name":"Willingale"},"type":"Feature"},{"geometry":{"coordinates":[-2.4543862,52.1059522],"type":"Point"},"id":"airports:208","properties":{"name":"Woodlow Farm Private Airstrip"},"type":"Feature"},{"geometry":{"coordinates":[-0.0687508,52.2717687],"type":"Point"},"id":"airports:209","properties":{"name":"Main Hall Farm Airfield"},"type":"Feature"},{"geometry":{"coordinates":[0.9889682,51.0928447],"type":"Point"},"id":"airports:210","properties":{"name":"Harringe Airstrip"},"type":"Feature"},{"geometry":{"coordinates":[-1.0711201,54.5842399],"type":"Point"},"id":"airports:211","properties":{"name":"Yearby Airstrip"},"type":"Feature"},{"geometry":{"coordinates":[0.7718597,52.9379095],"type":"Point"},"id":"airports:212","properties":{"name":"Burnham Airstrip"},"type":"Feature"},{"geometry":{"coordinates":[-1.3442488,52.4808222],"type":"Point"},"id":"airports:213","properties":{"name":"Viners Airstrip"},"type":"Feature"},{"geometry":{"coordinates":[-4.4501393,54.8497688],"type":"Point"},"id":"airports:214","properties":{"name":"Wigtown Airfield"},"type":"Feature"},{"geometry":{"coordinates":[-1.3831723,52.1021041],"type":"Point"},"id":"airports:215","properties":{"name":"Banbury Airfield"},"type":"Feature"},{"geometry":{"coordinates":[-7.0435026,54.5723725],"type":"Point"},"id":"airports:216","properties":{"name":"Carrickmore Flying School"},"type":"Feature"},{"geometry":{"coordinates":[-1.1340286,53.6102536],"type":"Point"},"id":"airports:217","properties":{"name":"Askern-Church Farm"},"type":"Feature"},{"geometry":{"coordinates":[-3.2413885,51.0037782],"type":"Point"},"id":"airports:218","properties":{"name":"Heywood Farm Airstrip"},"type":"Feature"},{"geometry":{"coordinates":[0.8727678,51.6928665],"type":"Point"},"id":"airports:219","properties":{"name":"Tillingham Airstrip"},"type":"Feature"},{"geometry":{"coordinates":[-0.9063245,52.7406039],"type":"Point"},"id":"airports:220","properties":{"name":"Eye Kettleby Airstrip"},"type":"Feature"},{"geometry":{"coordinates":[-2.1835018,52.7325921],"type":"Point"},"id":"airports:221","properties":{"name":"Mitton Micro Base"},"type":"Feature"},{"geometry":{"coordinates":[-4.6703388,57.1276204],"type":"Point"},"id":"airports:222","properties":{"name":"Glendoe Estate Airstrip"},"type":"Feature"},{"geometry":{"coordinates":[-1.3710424,52.982245],"type":"Point"},"id":"airports:223","properties":{"name":"Park Hall Airstrip"},"type":"Feature"},{"geometry":{"coordinates":[0.1675603,53.3079676],"type":"Point"},"id":"airports:224","properties":{"name":"Strubby Glider Field"},"type":"Feature"},{"geometry":{"coordinates":[-5.9455362,54.3299874],"type":"Point"},"id":"airports:225","properties":{"name":"Slieve Croob Airfield"},"type":"Feature"},{"geometry":{"coordinates":[0.6214747,51.0045865],"type":"Point"},"id":"airports:226","properties":{"name":"Witherenden"},"type":"Feature"},{"geometry":{"coordinates":[0.293101,52.6415688],"type":"Point"},"id":"airports:227","properties":{"name":"Marshland Airfield"},"type":"Feature"},{"geometry":{"coordinates":[-4.6709824,51.1704462],"type":"Point"},"id":"airports:228","properties":{"name":"Lundy Airstrip"},"type":"Feature"},{"geometry":{"coordinates":[-2.7646699,52.0263611],"type":"Point"},"id":"airports:229","properties":{"name":"Broadmeadow Airstrip"},"type":"Feature"},{"geometry":{"coordinates":[-2.9455885,52.1620603],"type":"Point"},"id":"airports:230","properties":{"name":"Woonton Airstrip"},"type":"Feature"},{"geometry":{"coordinates":[-0.4303034,54.1276122],"type":"Point"},"id":"airports:231","properties":{"name":"Octon Airstrip"},"type":"Feature"},{"geometry":{"coordinates":[-2.2823763,51.8762192],"type":"Point"},"id":"airports:232","properties":{"name":"Over Farm Airstrip"},"type":"Feature"},{"geometry":{"coordinates":[-1.8349322,53.0330968],"type":"Point"},"id":"airports:233","properties":{"name":"Calton Moor Airfield"},"type":"Feature"},{"geometry":{"coordinates":[-1.074364,51.7832811],"type":"Point"},"id":"airports:234","properties":{"name":"Oakley Microlight"},"type":"Feature"},{"geometry":{"coordinates":[-1.2559073,53.0292259],"type":"Point"},"id":"airports:235","properties":{"name":"Watnall Airfield"},"type":"Feature"},{"geometry":{"coordinates":[0.027712,51.2761906],"type":"Point"},"id":"airports:236","properties":{"name":"Titsey Airstrip"},"type":"Feature"},{"geometry":{"coordinates":[-0.3476751,53.4286785],"type":"Point"},"id":"airports:237","properties":{"name":"Brookfield Farm Airstrip"},"type":"Feature"},{"geometry":{"coordinates":[-1.9453816,53.1162796],"type":"Point"},"id":"airports:238","properties":{"name":"Onecoat Morridge Airstrip"},"type":"Feature"},{"geometry":{"coordinates":[-6.2290953,54.2529957],"type":"Point"},"id":"airports:239","properties":{"name":"Rathfriland Airstrip"},"type":"Feature"},{"geometry":{"coordinates":[-6.7556928,54.8042209],"type":"Point"},"id":"airports:240","properties":{"name":"Blackhill Airstrip"},"type":"Feature"},{"geometry":{"coordinates":[-6.2918648,54.3268279],"type":"Point"},"id":"airports:241","properties":{"name":"Loughbrickland Airstrip"},"type":"Feature"},{"geometry":{"coordinates":[-6.5857883,54.3026886],"type":"Point"},"id":"airports:242","properties":{"name":"Redrock Airstrip"},"type":"Feature"},{"geometry":{"coordinates":[-2.7593201,50.7509576],"type":"Point"},"id":"airports:243","properties":{"name":"Pymore Airstrip"},"type":"Feature"},{"geometry":{"coordinates":[-0.6585431,50.8020252],"type":"Point"},"id":"airports:244","properties":{"name":"Bognor Regis"},"type":"Feature"},{"geometry":{"coordinates":[0.8711798,52.1711258],"type":"Point"},"id":"airports:245","properties":{"name":"Rattlesden Gliding Club"},"type":"Feature"},{"geometry":{"coordinates":[-2.3021077,51.4602007],"type":"Point"},"id":"airports:246","properties":{"name":"Garston Farm Airstrip"},"type":"Feature"},{"geometry":{"coordinates":[-1.1761359,52.178085],"type":"Point"},"id":"airports:247","properties":{"name":"Preston Capes Airfield"},"type":"Feature"},{"geometry":{"coordinates":[-1.6854043,52.1646448],"type":"Point"},"id":"airports:248","properties":{"name":"Alscot Park"},"type":"Feature"},{"geometry":{"coordinates":[-0.3327893,53.0440033],"type":"Point"},"id":"airports:249","properties":{"name":"Anwick-Old Manor Farm"},"type":"Feature"},{"geometry":{"coordinates":[-0.8485931,53.0865093],"type":"Point"},"id":"airports:250","properties":{"name":"Averham-Rectory Farm"},"type":"Feature"},{"geometry":{"coordinates":[-1.4468693,52.4728889],"type":"Point"},"id":"airports:251","properties":{"name":"Camp Farm Airstrip"},"type":"Feature"},{"geometry":{"coordinates":[-1.0966552,52.7853611],"type":"Point"},"id":"airports:252","properties":{"name":"Horse Leys Farm Airstrip"},"type":"Feature"},{"geometry":{"coordinates":[-1.0764455,52.7951848],"type":"Point"},"id":"airports:253","properties":{"name":"Wymeswold Airstrip"},"type":"Feature"},{"geometry":{"coordinates":[-2.7567743,52.0136627],"type":"Point"},"id":"airports:254","properties":{"name":"Haywood Farm Microlight Strip"},"type":"Feature"},{"geometry":{"coordinates":[-1.0942177,53.0617449],"type":"Point"},"id":"airports:255","properties":{"name":"Salterford Farm Airfield"},"type":"Feature"},{"geometry":{"coordinates":[-1.4206706,52.2345955],"type":"Point"},"id":"airports:256","properties":{"name":"Poplars Farm Airstrip"},"type":"Feature"},{"geometry":{"coordinates":[-2.1336145,52.2895734],"type":"Point"},"id":"airports:257","properties":{"name":"Droitwich"},"type":"Feature"},{"geometry":{"coordinates":[-0.6335391,52.3682214],"type":"Point"},"id":"airports:258","properties":{"name":"Wold Lodge Airstrip"},"type":"Feature"},{"geometry":{"coordinates":[0.0379326,53.1973943],"type":"Point"},"id":"airports:259","properties":{"name":"Windsor Farm Airstrip"},"type":"Feature"},{"geometry":{"coordinates":[-0.5196775,53.4978401],"type":"Point"},"id":"airports:260","properties":{"name":"Hibaldstow Airfield"},"type":"Feature"},{"geometry":{"coordinates":[-2.6379747,52.5836828],"type":"Point"},"id":"airports:261","properties":{"name":"Mill Farm Airstrip"},"type":"Feature"},{"geometry":{"coordinates":[-0.5770027,53.4620686],"type":"Point"},"id":"airports:262","properties":{"name":"Kirton-in-Lindsey Glider Field"},"type":"Feature"},{"geometry":{"coordinates":[0.1206925,53.3649988],"type":"Point"},"id":"airports:263","properties":{"name":"Eastfield Farm Airstrip"},"type":"Feature"},{"geometry":{"coordinates":[0.031761,53.1871658],"type":"Point"},"id":"airports:264","properties":{"name":"Northfield Farm Airstrip"},"type":"Feature"},{"geometry":{"coordinates":[-2.9074406,52.077944],"type":"Point"},"id":"airports:265","properties":{"name":"Bycross Farm Airstrip"},"type":"Feature"},{"geometry":{"coordinates":[-1.170135,52.1255692],"type":"Point"},"id":"airports:266","properties":{"name":"Niden Manor Farm Airstrip"},"type":"Feature"},{"geometry":{"coordinates":[-0.3423425,52.7454779],"type":"Point"},"id":"airports:267","properties":{"name":"Northorpe Fen Airstrip"},"type":"Feature"},{"geometry":{"coordinates":[-0.7827414,52.3429212],"type":"Point"},"id":"airports:268","properties":{"name":"Hold Farm Airstrip"},"type":"Feature"},{"geometry":{"coordinates":[-1.3902697,52.6367391],"type":"Point"},"id":"airports:269","properties":{"name":"Lodge Farm Airstrip"},"type":"Feature"},{"geometry":{"coordinates":[-0.2042921,53.5618676],"type":"Point"},"id":"airports:270","properties":{"name":"Lindens Farm Airstrip"},"type":"Feature"},{"geometry":{"coordinates":[-1.8232419,52.6408969],"type":"Point"},"id":"airports:271","properties":{"name":"Shenstone Hall Farm Airstrip"},"type":"Feature"},{"geometry":{"coordinates":[-4.3084247,50.475607],"type":"Point"},"id":"airports:272","properties":{"name":"St Mellion Airstrip"},"type":"Feature"},{"geometry":{"coordinates":[-1.1114557,51.4262846],"type":"Point"},"id":"airports:273","properties":{"name":"Theale-Englefield Airstrip"},"type":"Feature"},{"geometry":{"coordinates":[-1.0569727,51.0473064],"type":"Point"},"id":"airports:274","properties":{"name":"West Tisted Airfield"},"type":"Feature"},{"geometry":{"coordinates":[-2.3871047,51.5679933],"type":"Point"},"id":"airports:275","properties":{"name":"The Chase Airstrip"},"type":"Feature"},{"geometry":{"coordinates":[-4.097259,50.9769891],"type":"Point"},"id":"airports:276","properties":{"name":"Belle Vue Airstrip"},"type":"Feature"},{"geometry":{"coordinates":[-1.7128889,51.5727401],"type":"Point"},"id":"airports:277","properties":{"name":"Lotmead Farm Airstrip"},"type":"Feature"},{"geometry":{"coordinates":[-2.0349483,51.1332654],"type":"Point"},"id":"airports:278","properties":{"name":"Glebe Farm Airstrip"},"type":"Feature"},{"geometry":{"coordinates":[-1.8733594,51.3387603],"type":"Point"},"id":"airports:279","properties":{"name":"Stanton Farm Airstrip"},"type":"Feature"},{"geometry":{"coordinates":[-4.9782395,50.5042457],"type":"Point"},"id":"airports:280","properties":{"name":"St. Merryn Airfield"},"type":"Feature"},{"geometry":{"coordinates":[-1.9519335,51.7826021],"type":"Point"},"id":"airports:281","properties":{"name":"Rendcomb Airfield"},"type":"Feature"},{"geometry":{"coordinates":[-0.8928645,51.59597],"type":"Point"},"id":"airports:282","properties":{"name":"Luxter Farm Private Airstrip"},"type":"Feature"},{"geometry":{"coordinates":[0.9391667,50.9561111],"type":"Point"},"id":"airports:283","properties":{"name":"Lydd Airport"},"type":"Feature"},{"geometry":{"coordinates":[-4.0322184,55.0471697],"type":"Point"},"id":"airports:284","properties":{"name":"Glenswinton Airfield"},"type":"Feature"},{"geometry":{"coordinates":[-5.1888389,57.5708442],"type":"Point"},"id":"airports:285","properties":{"name":"Achnasheen Airstrip"},"type":"Feature"},{"geometry":{"coordinates":[-3.80957,57.8325671],"type":"Point"},"id":"airports:286","properties":{"name":"Ballone Castle Airstrip"},"type":"Feature"},{"geometry":{"coordinates":[-2.6280269,57.6672672],"type":"Point"},"id":"airports:287","properties":{"name":"Boyndie Airstrip"},"type":"Feature"},{"geometry":{"coordinates":[0.5272421,51.1785163],"type":"Point"},"id":"airports:288","properties":{"name":"Lukesfield Airstrip"},"type":"Feature"},{"geometry":{"coordinates":[-2.7964856,53.6884263],"type":"Point"},"id":"airports:289","properties":{"name":"Carr Valley"},"type":"Feature"},{"geometry":{"coordinates":[-2.3110142,51.3122805],"type":"Point"},"id":"airports:290","properties":{"name":"Brown Shutters Farm"},"type":"Feature"},{"geometry":{"coordinates":[0.5566492,51.994312],"type":"Point"},"id":"airports:291","properties":{"name":"Blooms Farm Airstrip"},"type":"Feature"},{"geometry":{"coordinates":[-0.7143293,52.8289148],"type":"Point"},"id":"airports:292","properties":{"name":"Buckminster Gliding Club"},"type":"Feature"},{"geometry":{"coordinates":[-6.4372691,54.4577549],"type":"Point"},"id":"airports:293","properties":{"name":"Tarsan Lan Microlight Field"},"type":"Feature"},{"geometry":{"coordinates":[-6.0456781,54.0935609],"type":"Point"},"id":"airports:294","properties":{"name":"Aughrim Airstrip"},"type":"Feature"},{"geometry":{"coordinates":[1.2256411,52.3093053],"type":"Point"},"id":"airports:295","properties":{"name":"Horham Airstrip"},"type":"Feature"},{"geometry":{"coordinates":[1.2081257,51.1448817],"type":"Point"},"id":"airports:296","properties":{"name":"Alkham-Chalksole Green Farm Airstrip"},"type":"Feature"},{"geometry":{"coordinates":[0.3411492,51.8062151],"type":"Point"},"id":"airports:297","properties":{"name":"High Easter Airfield"},"type":"Feature"},{"geometry":{"coordinates":[-2.9937992,51.7945289],"type":"Point"},"id":"airports:298","properties":{"name":"Abergavenny Airstrip"},"type":"Feature"},{"geometry":{"coordinates":[-1.2045655,50.7231067],"type":"Point"},"id":"airports:299","properties":{"name":"Binstead Airfield"},"type":"Feature"},{"geometry":{"coordinates":[-1.0557401,51.9849669],"type":"Point"},"id":"airports:300","properties":{"name":"Finmere"},"type":"Feature"},{"geometry":{"coordinates":[-2.6340172,50.7243913],"type":"Point"},"id":"airports:301","properties":{"name":"Stancombe Farm Private Airstrip"},"type":"Feature"},{"geometry":{"coordinates":[-2.401037,51.3198032],"type":"Point"},"id":"airports:302","properties":{"name":"White Ox Mead Airstrip"},"type":"Feature"},{"geometry":{"coordinates":[-6.5916968,54.3703475],"type":"Point"},"id":"airports:303","properties":{"name":"Woodview Airstrip"},"type":"Feature"},{"geometry":{"coordinates":[-1.3645528,52.2007132],"type":"Point"},"id":"airports:304","properties":{"name":"Glebe Farm Airstrip"},"type":"Feature"},{"geometry":{"coordinates":[-2.9347282,54.6562083],"type":"Point"},"id":"airports:305","properties":{"name":"Berrier Airfield"},"type":"Feature"},{"geometry":{"coordinates":[-0.7254385,53.1594115],"type":"Point"},"id":"airports:306","properties":{"name":"Beeches Farm Airstrip"},"type":"Feature"},{"geometry":{"coordinates":[-0.6650901,51.1449],"type":"Point"},"id":"airports:307","properties":{"name":"Winkwood Farm Airstrip"},"type":"Feature"},{"geometry":{"coordinates":[0.2822156,50.8480224],"type":"Point"},"id":"airports:308","properties":{"name":"Westfield Farm Airstrip"},"type":"Feature"},{"geometry":{"coordinates":[-2.2657276,50.7967986],"type":"Point"},"id":"airports:309","properties":{"name":"Bagber Farm Airstrip"},"type":"Feature"},{"geometry":{"coordinates":[-0.2532836,50.8982337],"type":"Point"},"id":"airports:310","properties":{"name":"Truleigh Manor Farm Airstrip"},"type":"Feature"},{"geometry":{"coordinates":[1.0648851,52.3454727],"type":"Point"},"id":"airports:311","properties":{"name":"Wortham Airstrip"},"type":"Feature"},{"geometry":{"coordinates":[-0.7900254,52.4115601],"type":"Point"},"id":"airports:312","properties":{"name":"Rothwell Airstrip"},"type":"Feature"},{"geometry":{"coordinates":[-1.7925576,54.5704072],"type":"Point"},"id":"airports:313","properties":{"name":"Staindrop Airstrip"},"type":"Feature"},{"geometry":{"coordinates":[-0.2485964,52.4211117],"type":"Point"},"id":"airports:314","properties":{"name":"Woodwalton Private Airstrip"},"type":"Feature"},{"geometry":{"coordinates":[0.6404155,52.0342397],"type":"Point"},"id":"airports:315","properties":{"name":"Waits Farm Airstrip"},"type":"Feature"},{"geometry":{"coordinates":[-2.5037106,53.106477],"type":"Point"},"id":"airports:316","properties":{"name":"Dairy House Farm Airfield"},"type":"Feature"},{"geometry":{"coordinates":[-0.5114311,51.036199],"type":"Point"},"id":"airports:317","properties":{"name":"Sparr Farm Airstrip"},"type":"Feature"},{"geometry":{"coordinates":[-2.6258789,53.5128364],"type":"Point"},"id":"airports:318","properties":{"name":"Bryn Gates Airfield"},"type":"Feature"},{"geometry":{"coordinates":[0.3838956,52.5385061],"type":"Point"},"id":"airports:319","properties":{"name":"Southery Airstrip"},"type":"Feature"},{"geometry":{"coordinates":[-2.39192,52.2601972],"type":"Point"},"id":"airports:320","properties":{"name":"Shelsley-Beauchamp Airstrip"},"type":"Feature"},{"geometry":{"coordinates":[-0.7753238,52.6891469],"type":"Point"},"id":"airports:321","properties":{"name":"Ranksborough Farm Airstrip"},"type":"Feature"},{"geometry":{"coordinates":[-2.0300996,57.5605633],"type":"Point"},"id":"airports:322","properties":{"name":"Easter Nether Cabra Farm Airstrip"},"type":"Feature"},{"geometry":{"coordinates":[0.7475,52.0129608],"type":"Point"},"id":"airports:323","properties":{"name":"Crosbie Field Microlight Airstrip"},"type":"Feature"},{"geometry":{"coordinates":[-4.6059322,56.014039],"type":"Point"},"id":"airports:324","properties":{"name":"Cameron House Seaplane Terminal"},"type":"Feature"},{"geometry":{"coordinates":[-0.6161502,54.2045894],"type":"Point"},"id":"airports:325","properties":{"name":"Ings Farm Airstrip"},"type":"Feature"},{"geometry":{"coordinates":[-2.2526283,53.2074964],"type":"Point"},"id":"airports:326","properties":{"name":"Fern Farm Airstrip"},"type":"Feature"},{"geometry":{"coordinates":[-2.6040761,53.7450937],"type":"Point"},"id":"airports:327","properties":{"name":"Higher Barn Farm Airstrip"},"type":"Feature"},{"geometry":{"coordinates":[-0.4620377,51.0014607],"type":"Point"},"id":"airports:328","properties":{"name":"Hadfold Farm Airstrip"},"type":"Feature"},{"geometry":{"coordinates":[0.7787502,51.57063],"type":"Point"},"id":"airports:329","properties":{"name":"Barling Magna Airstrip"},"type":"Feature"},{"geometry":{"coordinates":[-0.0053988,52.5156402],"type":"Point"},"id":"airports:330","properties":{"name":"White Fen Farm Airstrip"},"type":"Feature"},{"geometry":{"coordinates":[-0.4444988,51.0004588],"type":"Point"},"id":"airports:331","properties":{"name":"Fowler's Field Airstrip"},"type":"Feature"},{"geometry":{"coordinates":[-1.5385779,51.0765897],"type":"Point"},"id":"airports:332","properties":{"name":"Bossington Airstrip"},"type":"Feature"},{"geometry":{"coordinates":[-0.418366,52.1061066],"type":"Point"},"id":"airports:333","properties":{"name":"Cardington Airstrip"},"type":"Feature"},{"geometry":{"coordinates":[-1.0676429,53.893619],"type":"Point"},"id":"airports:334","properties":{"name":"Gilrudding Grange Airstrip"},"type":"Feature"},{"geometry":{"coordinates":[-1.1014103,53.6790463],"type":"Point"},"id":"airports:335","properties":{"name":"Bridge Cottage Airstrip"},"type":"Feature"},{"geometry":{"coordinates":[-1.4465482,52.8205464],"type":"Point"},"id":"airports:336","properties":{"name":"Riding Bank Farm Airstrip"},"type":"Feature"},{"geometry":{"coordinates":[-1.4969287,51.8575476],"type":"Point"},"id":"airports:337","properties":{"name":"Cornbury House Airstrip"},"type":"Feature"},{"geometry":{"coordinates":[1.4522225,52.5629141],"type":"Point"},"id":"airports:338","properties":{"name":"Pond Farm Airstrip"},"type":"Feature"},{"geometry":{"coordinates":[-0.6705717,51.8327271],"type":"Point"},"id":"airports:339","properties":{"name":"Cheddington Airstrip"},"type":"Feature"},{"geometry":{"coordinates":[0.0137923,51.0489324],"type":"Point"},"id":"airports:340","properties":{"name":"Chelworth House Airstrip"},"type":"Feature"},{"geometry":{"coordinates":[-0.3140883,51.3369864],"type":"Point"},"id":"airports:341","properties":{"name":"Rushett Farm Airstrip"},"type":"Feature"},{"geometry":{"coordinates":[-0.4421931,51.1182953],"type":"Point"},"id":"airports:342","properties":{"name":"Baynards Park Airstrip"},"type":"Feature"},{"geometry":{"coordinates":[-0.5255939,51.1466889],"type":"Point"},"id":"airports:343","properties":{"name":"Rydinghurst Farm Airstrip"},"type":"Feature"},{"geometry":{"coordinates":[-1.3748025,51.1268457],"type":"Point"},"id":"airports:344","properties":{"name":"Barton Ashes Airstrip"},"type":"Feature"},{"geometry":{"coordinates":[-1.1446525,50.9740363],"type":"Point"},"id":"airports:345","properties":{"name":"Meonstoke Airstrip"},"type":"Feature"},{"geometry":{"coordinates":[-0.0118747,51.0263224],"type":"Point"},"id":"airports:346","properties":{"name":"Danehill Airstrip"},"type":"Feature"},{"geometry":{"coordinates":[-1.4814919,51.4955163],"type":"Point"},"id":"airports:347","properties":{"name":"Manor Farm Airstrip"},"type":"Feature"},{"geometry":{"coordinates":[-1.2658966,50.9343439],"type":"Point"},"id":"airports:348","properties":{"name":"Hill Farm Airstrip"},"type":"Feature"},{"geometry":{"coordinates":[-2.101785,51.267988],"type":"Point"},"id":"airports:349","properties":{"name":"Edington Airstrip"},"type":"Feature"},{"geometry":{"coordinates":[-1.5603494,54.4579686],"type":"Point"},"id":"airports:350","properties":{"name":"Croft Airstrip"},"type":"Feature"},{"geometry":{"coordinates":[-0.2298275,50.9060862],"type":"Point"},"id":"airports:351","properties":{"name":"Folly Farm Airstrip"},"type":"Feature"},{"geometry":{"coordinates":[-0.6838644,54.3268131],"type":"Point"},"id":"airports:352","properties":{"name":"Field House Farm Airstrip"},"type":"Feature"},{"geometry":{"coordinates":[-1.066585,54.1940188],"type":"Point"},"id":"airports:353","properties":{"name":"Lodge Field House Airstrip"},"type":"Feature"},{"geometry":{"coordinates":[-1.372436,51.6490999],"type":"Point"},"id":"airports:354","properties":{"name":"Landmead Farm Airstrip"},"type":"Feature"},{"geometry":{"coordinates":[-1.6215785,51.1767865],"type":"Point"},"id":"airports:355","properties":{"name":"Manor House Farm Airstrip"},"type":"Feature"},{"geometry":{"coordinates":[-0.020097,52.1744256],"type":"Point"},"id":"airports:356","properties":{"name":"Armshold Farm Airstrip"},"type":"Feature"},{"geometry":{"coordinates":[0.9584356,52.8061881],"type":"Point"},"id":"airports:357","properties":{"name":"Holly Hill Farm Airstrip"},"type":"Feature"},{"geometry":{"coordinates":[-0.2149073,52.3370295],"type":"Point"},"id":"airports:358","properties":{"name":"Brookfield Farm Airstrip"},"type":"Feature"},{"geometry":{"coordinates":[-1.7157381,51.6699267],"type":"Point"},"id":"airports:359","properties":{"name":"Inglesham Private Airstrip"},"type":"Feature"},{"geometry":{"coordinates":[-0.7312871,53.2331032],"type":"Point"},"id":"airports:360","properties":{"name":"Carr Farm Airstrip"},"type":"Feature"},{"geometry":{"coordinates":[0.8831328,52.3756859],"type":"Point"},"id":"airports:361","properties":{"name":"Knettishall Airstrip"},"type":"Feature"},{"geometry":{"coordinates":[-0.909982,51.772],"type":"Point"},"id":"airports:362","properties":{"name":"Backstable Airstrip"},"type":"Feature"},{"geometry":{"coordinates":[-0.3584005,52.5272846],"type":"Point"},"id":"airports:363","properties":{"name":"Furze Farm Airstrip"},"type":"Feature"},{"geometry":{"coordinates":[0.229431,50.873197],"type":"Point"},"id":"airports:364","properties":{"name":"Palmers Farm Airstrip"},"type":"Feature"},{"geometry":{"coordinates":[-2.7360636,50.9151444],"type":"Point"},"id":"airports:365","properties":{"name":"Middle Chinnock Airstrip"},"type":"Feature"},{"geometry":{"coordinates":[-1.2140996,51.4910551],"type":"Point"},"id":"airports:366","properties":{"name":"Haw Farm Airstrip"},"type":"Feature"},{"geometry":{"coordinates":[-1.4037682,53.0785852],"type":"Point"},"id":"airports:367","properties":{"name":"Butterfield Farm Airstrip"},"type":"Feature"},{"geometry":{"coordinates":[-3.0698253,52.2137841],"type":"Point"},"id":"airports:368","properties":{"name":"Green Acres Airstrip"},"type":"Feature"},{"geometry":{"coordinates":[0.0438602,51.1910041],"type":"Point"},"id":"airports:369","properties":{"name":"East Haxted Farm Airfield"},"type":"Feature"},{"geometry":{"coordinates":[1.0035713,52.8275157],"type":"Point"},"id":"airports:370","properties":{"name":"Blue Tile Farm Airstrip"},"type":"Feature"},{"geometry":{"coordinates":[-0.3311215,51.0396093],"type":"Point"},"id":"airports:371","properties":{"name":"Oaklands Farm Airstrip"},"type":"Feature"},{"geometry":{"coordinates":[-1.1552388,51.8088442],"type":"Point"},"id":"airports:372","properties":{"name":"Ventfield Farm Airstrip"},"type":"Feature"},{"geometry":{"coordinates":[-1.4675519,51.43359],"type":"Point"},"id":"airports:373","properties":{"name":"Radley Farm Airstrip"},"type":"Feature"},{"geometry":{"coordinates":[-0.4943005,52.9750365],"type":"Point"},"id":"airports:374","properties":{"name":"Hanbeck Farm Airstrip"},"type":"Feature"},{"geometry":{"coordinates":[0.7737897,52.133012],"type":"Point"},"id":"airports:375","properties":{"name":"Lavenham Airstrip"},"type":"Feature"},{"geometry":{"coordinates":[0.511446,51.2046767],"type":"Point"},"id":"airports:376","properties":{"name":"Rankins Farm"},"type":"Feature"},{"geometry":{"coordinates":[-1.0190713,51.7786843],"type":"Point"},"id":"airports:377","properties":{"name":"Baileys Farm Airstrip"},"type":"Feature"},{"geometry":{"coordinates":[0.2247605,52.3727902],"type":"Point"},"id":"airports:378","properties":{"name":"Bedwell Hey Farm Airstrip"},"type":"Feature"},{"geometry":{"coordinates":[1.5516292,52.718352],"type":"Point"},"id":"airports:379","properties":{"name":"Ludham Airfield"},"type":"Feature"},{"geometry":{"coordinates":[1.2562287,52.3870673],"type":"Point"},"id":"airports:380","properties":{"name":"Grove Farm Airstrip"},"type":"Feature"},{"geometry":{"coordinates":[-1.1570571,50.8848643],"type":"Point"},"id":"airports:381","properties":{"name":"Bere Farm Airstrip"},"type":"Feature"},{"geometry":{"coordinates":[0.8503073,52.260277],"type":"Point"},"id":"airports:382","properties":{"name":"Little Haugh Hall Private Airstrip"},"type":"Feature"},{"geometry":{"coordinates":[1.5023292,52.4532425],"type":"Point"},"id":"airports:383","properties":{"name":"Church Farm Airstrip"},"type":"Feature"},{"geometry":{"coordinates":[-1.4958081,51.0968741],"type":"Point"},"id":"airports:384","properties":{"name":"Marsh Court Manor Airstrip"},"type":"Feature"},{"geometry":{"coordinates":[-1.7235327,52.6739215],"type":"Point"},"id":"airports:385","properties":{"name":"Fisherwick Airfield"},"type":"Feature"},{"geometry":{"coordinates":[0.6868263,51.1897728],"type":"Point"},"id":"airports:386","properties":{"name":"Barhams Mill Farm Airstrip"},"type":"Feature"},{"geometry":{"coordinates":[0.6237835,52.0774923],"type":"Point"},"id":"airports:387","properties":{"name":"Pentlow Airstrip"},"type":"Feature"},{"geometry":{"coordinates":[-4.650184,56.1209321],"type":"Point"},"id":"airports:388","properties":{"name":"Luss Seaplane Terminal"},"type":"Feature"},{"geometry":{"coordinates":[-1.4284247,52.580765],"type":"Point"},"id":"airports:389","properties":{"name":"Stoke Golding"},"type":"Feature"},{"geometry":{"coordinates":[-0.8647516,52.5414092],"type":"Point"},"id":"airports:390","properties":{"name":"Manor Farm Airstrip"},"type":"Feature"},{"geometry":{"coordinates":[-3.8696854,50.8500531],"type":"Point"},"id":"airports:391","properties":{"name":"Westacott Farm Airstrip"},"type":"Feature"},{"geometry":{"coordinates":[-3.4200004,52.8345158],"type":"Point"},"id":"airports:392","properties":{"name":"Pencraig Airstrip"},"type":"Feature"},{"geometry":{"coordinates":[-1.919064,51.687728],"type":"Point"},"id":"airports:393","properties":{"name":"South Cerney"},"type":"Feature"},{"geometry":{"coordinates":[-3.2229931,53.0458743],"type":"Point"},"id":"airports:394","properties":{"name":"Pennant Uchaf Airstrip"},"type":"Feature"},{"geometry":{"coordinates":[-0.8080803,53.1947889],"type":"Point"},"id":"airports:395","properties":{"name":"Grange Farm Private Airstrip"},"type":"Feature"},{"geometry":{"coordinates":[-4.1739994,57.8172043],"type":"Point"},"id":"airports:396","properties":{"name":"Kylarrick House Airstrip"},"type":"Feature"},{"geometry":{"coordinates":[-1.9763639,51.1624584],"type":"Point"},"id":"airports:397","properties":{"name":"Deptford \"Farm\" airstrip"},"type":"Feature"},{"geometry":{"coordinates":[-1.9709994,51.1475997],"type":"Point"},"id":"airports:398","properties":{"name":"Deptford Airstrip"},"type":"Feature"},{"geometry":{"coordinates":[-0.9281548,52.1537082],"type":"Point"},"id":"airports:399","properties":{"name":"Stoke Bruerne"},"type":"Feature"},{"geometry":{"coordinates":[-6.13519,54.9035597],"type":"Point"},"id":"airports:400","properties":{"name":"Slemish Airfield"},"type":"Feature"},{"geometry":{"coordinates":[-1.0120251,53.8183389],"type":"Point"},"id":"airports:401","properties":{"name":"Birchwoord Lodge Airstrip"},"type":"Feature"},{"geometry":{"coordinates":[-0.8300013,52.1757384],"type":"Point"},"id":"airports:402","properties":{"name":"New Farm Airfield"},"type":"Feature"},{"geometry":{"coordinates":[0.739604,51.094106],"type":"Point"},"id":"airports:403","properties":{"name":"Tiffenden Airstrip"},"type":"Feature"},{"geometry":{"coordinates":[-6.4013773,54.2164557],"type":"Point"},"id":"airports:404","properties":{"name":"Mullagrass"},"type":"Feature"},{"geometry":{"coordinates":[-2.5301271,52.8932078],"type":"Point"},"id":"airports:405","properties":{"name":"Longford Airstrip"},"type":"Feature"},{"geometry":{"coordinates":[-4.1890725,57.6617831],"type":"Point"},"id":"airports:406","properties":{"name":"Newhall Mains Airstrip"},"type":"Feature"},{"geometry":{"coordinates":[0.5369056,52.1751578],"type":"Point"},"id":"airports:407","properties":{"name":"Wickhambrook Airstrip"},"type":"Feature"},{"geometry":{"coordinates":[0.1831681,52.5118161],"type":"Point"},"id":"airports:408","properties":{"name":"Wateringhill Farm Airstrip"},"type":"Feature"},{"geometry":{"coordinates":[-1.6185273,52.2290036],"type":"Point"},"id":"airports:409","properties":{"name":"Grove Field Airstrip"},"type":"Feature"},{"geometry":{"coordinates":[-2.1263959,52.7620686],"type":"Point"},"id":"airports:410","properties":{"name":"Valley Farm Airstrip"},"type":"Feature"},{"geometry":{"coordinates":[-4.6816266,52.8474555],"type":"Point"},"id":"airports:411","properties":{"name":"Rhoshirwaun"},"type":"Feature"},{"geometry":{"coordinates":[-1.0756654,52.2748628],"type":"Point"},"id":"airports:412","properties":{"name":"Whilton Airstrip"},"type":"Feature"},{"geometry":{"coordinates":[-4.5719713,52.8997493],"type":"Point"},"id":"airports:413","properties":{"name":"Dinas Farm Private Airstrip"},"type":"Feature"},{"geometry":{"coordinates":[1.1265717,51.8873524],"type":"Point"},"id":"airports:414","properties":{"name":"Wolves Hall Airstrip"},"type":"Feature"},{"geometry":{"coordinates":[-2.9224392,52.9520782],"type":"Point"},"id":"airports:415","properties":{"name":"Trench Farm Airstrip"},"type":"Feature"},{"geometry":{"coordinates":[-2.9113713,50.8642682],"type":"Point"},"id":"airports:416","properties":{"name":"Tracy Island Airstrip"},"type":"Feature"},{"geometry":{"coordinates":[-1.4470678,54.2896123],"type":"Point"},"id":"airports:417","properties":{"name":"Wathstones Farm Airstrip"},"type":"Feature"},{"geometry":{"coordinates":[-2.9862285,51.6219333],"type":"Point"},"id":"airports:418","properties":{"name":"Park Farm Airstrip"},"type":"Feature"},{"geometry":{"coordinates":[-1.2279427,51.4045752],"type":"Point"},"id":"airports:419","properties":{"name":"Colthrop Manor Farm Airstrip"},"type":"Feature"},{"geometry":{"coordinates":[-2.2649425,57.0522358],"type":"Point"},"id":"airports:420","properties":{"name":"Netherley Airstrip"},"type":"Feature"},{"geometry":{"coordinates":[-1.7875763,54.4688796],"type":"Point"},"id":"airports:421","properties":{"name":"Ravensworth Private Airstrip"},"type":"Feature"},{"geometry":{"coordinates":[1.3087429,52.3778804],"type":"Point"},"id":"airports:422","properties":{"name":"Laurel Farm Airstrip"},"type":"Feature"},{"geometry":{"coordinates":[-0.9976998,51.411285],"type":"Point"},"id":"airports:423","properties":{"name":"Hopkiln Farm Airstrip"},"type":"Feature"},{"geometry":{"coordinates":[1.2311524,51.8764132],"type":"Point"},"id":"airports:424","properties":{"name":"Horsey Island"},"type":"Feature"},{"geometry":{"coordinates":[-3.5396084,52.2845199],"type":"Point"},"id":"airports:425","properties":{"name":"Elan Valley Airstrip"},"type":"Feature"},{"geometry":{"coordinates":[0.4191385,51.1089746],"type":"Point"},"id":"airports:426","properties":{"name":"Lamberhurst Airstrip"},"type":"Feature"},{"geometry":{"coordinates":[0.2222636,51.335494],"type":"Point"},"id":"airports:427","properties":{"name":"Romney Street Airstrip"},"type":"Feature"},{"geometry":{"coordinates":[-0.935528,51.9119029],"type":"Point"},"id":"airports:428","properties":{"name":"Bernwood Farm Airstrip"},"type":"Feature"},{"geometry":{"coordinates":[0.5323638,52.0939348],"type":"Point"},"id":"airports:429","properties":{"name":"Brickwall Farm Airstrip"},"type":"Feature"},{"geometry":{"coordinates":[-1.1879793,51.2771936],"type":"Point"},"id":"airports:430","properties":{"name":"Shear Down Farm Airstrip"},"type":"Feature"},{"geometry":{"coordinates":[-0.9727093,54.2309175],"type":"Point"},"id":"airports:431","properties":{"name":"Wombleton"},"type":"Feature"},{"geometry":{"coordinates":[-2.4881246,57.3091144],"type":"Point"},"id":"airports:432","properties":{"name":"Pittodrie House Airfield"},"type":"Feature"},{"geometry":{"coordinates":[-5.1858231,50.0977618],"type":"Point"},"id":"airports:433","properties":{"name":"Bonnallack Airstrip"},"type":"Feature"},{"geometry":{"coordinates":[-0.2154897,52.0051837],"type":"Point"},"id":"airports:434","properties":{"name":"Radwell Lodge Airstrip"},"type":"Feature"},{"geometry":{"coordinates":[-2.5978869,51.6897228],"type":"Point"},"id":"airports:435","properties":{"name":"Woolaston"},"type":"Feature"},{"geometry":{"coordinates":[-0.5494192,54.1422896],"type":"Point"},"id":"airports:436","properties":{"name":"Moor Farm Airstrip"},"type":"Feature"},{"geometry":{"coordinates":[-6.055421,56.3864757],"type":"Point"},"id":"airports:437","properties":{"name":"Kilfinichen Airstrip"},"type":"Feature"},{"geometry":{"coordinates":[-0.3960289,50.9525779],"type":"Point"},"id":"airports:438","properties":{"name":"Bowford Farm Airstrip"},"type":"Feature"},{"geometry":{"coordinates":[-1.5940165,54.868553],"type":"Point"},"id":"airports:439","properties":{"name":"High Flatts Farm Airstrip"},"type":"Feature"},{"geometry":{"coordinates":[-3.2857078,51.0789661],"type":"Point"},"id":"airports:440","properties":{"name":"Glebe Farm Airstrip (Somerset)"},"type":"Feature"},{"geometry":{"coordinates":[-1.86044,51.0209773],"type":"Point"},"id":"airports:441","properties":{"name":"Spire View Airstrip"},"type":"Feature"},{"geometry":{"coordinates":[-0.6040967,53.1722935],"type":"Point"},"id":"airports:442","properties":{"name":"South Hykeham"},"type":"Feature"},{"geometry":{"coordinates":[-2.1013382,51.4828294],"type":"Point"},"id":"airports:443","properties":{"name":"Langley House Airstrip"},"type":"Feature"},{"geometry":{"coordinates":[-0.8294182,53.3624534],"type":"Point"},"id":"airports:444","properties":{"name":"West Burton Airstrip"},"type":"Feature"},{"geometry":{"coordinates":[-2.5167047,53.3331601],"type":"Point"},"id":"airports:445","properties":{"name":"Arley Airstrip"},"type":"Feature"},{"geometry":{"coordinates":[-2.5737136,53.4441812],"type":"Point"},"id":"airports:446","properties":{"name":"Kenyon Hall Farm Microlight Airstrip"},"type":"Feature"},{"geometry":{"coordinates":[-0.9538385,50.9272303],"type":"Point"},"id":"airports:447","properties":{"name":"Idsworth Airstrip"},"type":"Feature"},{"geometry":{"coordinates":[-7.0838595,54.522323],"type":"Point"},"id":"airports:448","properties":{"name":"Altamuskin"},"type":"Feature"},{"geometry":{"coordinates":[-2.9061014,51.1026132],"type":"Point"},"id":"airports:449","properties":{"name":"Middlezoy Aerodrome"},"type":"Feature"},{"geometry":{"coordinates":[-0.2129088,51.1518962],"type":"Point"},"id":"airports:450","properties":{"name":"Vallance Byways"},"type":"Feature"},{"geometry":{"coordinates":[0.7422654,51.7389826],"type":"Point"},"id":"airports:451","properties":{"name":"Anniesfield II Microlight Airfield"},"type":"Feature"},{"geometry":{"coordinates":[0.3949317,51.596853],"type":"Point"},"id":"airports:452","properties":{"name":"Chase Farm"},"type":"Feature"},{"geometry":{"coordinates":[-5.2718496,57.1124894],"type":"Point"},"id":"airports:453","properties":{"name":"Glen Quoich Estate"},"type":"Feature"},{"geometry":{"coordinates":[-2.5253001,53.3422221],"type":"Point"},"id":"airports:454","properties":{"name":"Hawksview"},"type":"Feature"},{"geometry":{"coordinates":[-1.0095051,53.4805356],"type":"Point"},"id":"airports:455","properties":{"name":"Robin Hood Airport"},"type":"Feature"},{"geometry":{"coordinates":[0.0297993,53.1277112],"type":"Point"},"id":"airports:456","properties":{"name":"Loxley Airfield"},"type":"Feature"},{"geometry":{"coordinates":[0.1552526,51.6527154],"type":"Point"},"id":"airports:457","properties":{"name":"Stapleford Aerodrome"},"type":"Feature"},{"geometry":{"coordinates":[-3.0302117,53.7730628],"type":"Point"},"id":"airports:458","properties":{"name":"Blackpool Airport"},"type":"Feature"},{"geometry":{"coordinates":[-1.2111429,54.2306617],"type":"Point"},"id":"airports:459","properties":{"name":"Yorkshire Gliding Club Airfield"},"type":"Feature"},{"geometry":{"coordinates":[-4.1484049,51.0904784],"type":"Point"},"id":"airports:460","properties":{"name":"Royal Marines Base Chivenor"},"type":"Feature"},{"geometry":{"coordinates":[-0.9419682,51.2355737],"type":"Point"},"id":"airports:461","properties":{"name":"RAF Odiham"},"type":"Feature"},{"geometry":{"coordinates":[0.1521276,51.7220919],"type":"Point"},"id":"airports:462","properties":{"name":"North Weald Airfield"},"type":"Feature"},{"geometry":{"coordinates":[-0.4975924,53.0334122],"type":"Point"},"id":"airports:463","properties":{"name":"RAF Cranwell"},"type":"Feature"},{"geometry":{"coordinates":[-0.2032156,51.940271],"type":"Point"},"id":"airports:464","properties":{"name":"Graveley Airstrip"},"type":"Feature"},{"geometry":{"coordinates":[-2.5684219,51.3828288],"type":"Point"},"id":"airports:465","properties":{"name":"Norton Malreward Airstrip"},"type":"Feature"},{"geometry":{"coordinates":[-3.2748379,50.851554],"type":"Point"},"id":"airports:466","properties":{"name":"North Hill Airfield"},"type":"Feature"},{"geometry":{"coordinates":[-0.8073161,51.6096227],"type":"Point"},"id":"airports:467","properties":{"name":"Wycombe Air Park"},"type":"Feature"},{"geometry":{"coordinates":[-1.5656159,51.1444008],"type":"Point"},"id":"airports:468","properties":{"name":"Army Aviation Centre Middle Wallop"},"type":"Feature"},{"geometry":{"coordinates":[-1.7837919,51.0990082],"type":"Point"},"id":"airports:469","properties":{"name":"Old Sarum Airfield"},"type":"Feature"},{"geometry":{"coordinates":[-2.7705586,52.8333637],"type":"Point"},"id":"airports:470","properties":{"name":"Sleap Airfield"},"type":"Feature"},{"geometry":{"coordinates":[-2.3084785,52.6395809],"type":"Point"},"id":"airports:471","properties":{"name":"RAF Cosford"},"type":"Feature"},{"geometry":{"coordinates":[-0.2760257,51.7058939],"type":"Point"},"id":"airports:472","properties":{"name":"London Colney Airfield"},"type":"Feature"},{"geometry":{"coordinates":[-3.2366103,50.8622354],"type":"Point"},"id":"airports:473","properties":{"name":"Dunkeswell Aerodrome"},"type":"Feature"},{"geometry":{"coordinates":[1.1299466,51.7848241],"type":"Point"},"id":"airports:474","properties":{"name":"Clacton Airfield"},"type":"Feature"},{"geometry":{"coordinates":[-3.4138105,50.734849],"type":"Point"},"id":"airports:475","properties":{"name":"Exeter Airport"},"type":"Feature"},{"geometry":{"coordinates":[-5.6902523,54.5816159],"type":"Point"},"id":"airports:476","properties":{"name":"Newtownards Aerodrome"},"type":"Feature"},{"geometry":{"coordinates":[-1.2074245,52.0293345],"type":"Point"},"id":"airports:477","properties":{"name":"Hinton-in-the-Hedges Airfield"},"type":"Feature"},{"geometry":{"coordinates":[-0.3184235,52.0848951],"type":"Point"},"id":"airports:478","properties":{"name":"Old Warden Airfield"},"type":"Feature"},{"geometry":{"coordinates":[-0.3028513,52.0171388],"type":"Point"},"id":"airports:479","properties":{"name":"RAF Henlow"},"type":"Feature"},{"geometry":{"coordinates":[-1.4274728,54.509306],"type":"Point"},"id":"airports:480","properties":{"name":"Teesside International Airport"},"type":"Feature"},{"geometry":{"coordinates":[-1.2926252,54.211931],"type":"Point"},"id":"airports:481","properties":{"name":"Bagby Airfield"},"type":"Feature"},{"geometry":{"coordinates":[-2.0873012,55.589002],"type":"Point"},"id":"airports:482","properties":{"name":"Milfield Airfield (Borders Gliding Club)"},"type":"Feature"},{"geometry":{"coordinates":[-3.0260567,56.4528147],"type":"Point"},"id":"airports:483","properties":{"name":"Dundee Airport"},"type":"Feature"},{"geometry":{"coordinates":[-1.8467435,54.9334792],"type":"Point"},"id":"airports:484","properties":{"name":"Northumbria Gliding Club"},"type":"Feature"},{"geometry":{"coordinates":[-2.7186615,51.3830799],"type":"Point"},"id":"airports:485","properties":{"name":"Bristol Airport"},"type":"Feature"},{"geometry":{"coordinates":[-2.857203,56.3755928],"type":"Point"},"id":"airports:486","properties":{"name":"Leuchars Station"},"type":"Feature"},{"geometry":{"coordinates":[-1.6925163,55.0385826],"type":"Point"},"id":"airports:487","properties":{"name":"Newcastle International Airport"},"type":"Feature"},{"geometry":{"coordinates":[-2.1990857,57.2022306],"type":"Point"},"id":"airports:488","properties":{"name":"Aberdeen International Airport"},"type":"Feature"},{"geometry":{"coordinates":[-5.2328933,50.0005145],"type":"Point"},"id":"airports:489","properties":{"name":"Predannack Airfield"},"type":"Feature"},{"geometry":{"coordinates":[-1.0328901,51.1844287],"type":"Point"},"id":"airports:490","properties":{"name":"Lasham Airfield"},"type":"Feature"},{"geometry":{"coordinates":[-2.8407495,57.0749373],"type":"Point"},"id":"airports:491","properties":{"name":"Aboyne Airfield"},"type":"Feature"},{"geometry":{"coordinates":[-1.6003852,51.2083147],"type":"Point"},"id":"airports:492","properties":{"name":"Thruxton Aerodrome"},"type":"Feature"},{"geometry":{"coordinates":[-1.382895,54.2058678],"type":"Point"},"id":"airports:493","properties":{"name":"RAF Topcliffe"},"type":"Feature"},{"geometry":{"coordinates":[-2.8988913,58.9575073],"type":"Point"},"id":"airports:494","properties":{"name":"Kirkwall Airport"},"type":"Feature"},{"geometry":{"coordinates":[-0.5471938,51.8687384],"type":"Point"},"id":"airports:495","properties":{"name":"London Gliding Club"},"type":"Feature"},{"geometry":{"coordinates":[-2.3558541,50.9854197],"type":"Point"},"id":"airports:496","properties":{"name":"Henstridge Airfield"},"type":"Feature"},{"geometry":{"coordinates":[-2.1115604,51.3129006],"type":"Point"},"id":"airports:497","properties":{"name":"Keevil Airfield"},"type":"Feature"},{"geometry":{"coordinates":[-1.1932707,53.8367],"type":"Point"},"id":"airports:498","properties":{"name":"Leeds East Airport"},"type":"Feature"},{"geometry":{"coordinates":[-0.3620458,53.8985459],"type":"Point"},"id":"airports:499","properties":{"name":"Linley Hill (Beverley)"},"type":"Feature"},{"geometry":{"coordinates":[-1.5623838,51.4802399],"type":"Point"},"id":"airports:500","properties":{"name":"Membury Airfield"},"type":"Feature"},{"geometry":{"coordinates":[-1.6284045,59.5347895],"type":"Point"},"id":"airports:501","properties":{"name":"Fair Isle Airfield"},"type":"Feature"},{"geometry":{"coordinates":[-2.391139,53.4710668],"type":"Point"},"id":"airports:502","properties":{"name":"Manchester Barton Aerodrome"},"type":"Feature"},{"geometry":{"coordinates":[-3.2631815,54.1286492],"type":"Point"},"id":"airports:503","properties":{"name":"Walney Aerodrome"},"type":"Feature"},{"geometry":{"coordinates":[-1.8507356,52.1384752],"type":"Point"},"id":"airports:504","properties":{"name":"Bidford Gliding Club"},"type":"Feature"},{"geometry":{"coordinates":[-1.5279298,54.2935214],"type":"Point"},"id":"airports:505","properties":{"name":"RAF Leeming"},"type":"Feature"},{"geometry":{"coordinates":[0.0019794,50.853737],"type":"Point"},"id":"airports:506","properties":{"name":"Swanborough Farm Airstrip"},"type":"Feature"},{"geometry":{"coordinates":[-3.9757911,55.9745697],"type":"Point"},"id":"airports:507","properties":{"name":"Cumbernauld Airport"},"type":"Feature"},{"geometry":{"coordinates":[-1.0419086,52.4393199],"type":"Point"},"id":"airports:508","properties":{"name":"Husbands Bosworth airfield"},"type":"Feature"},{"geometry":{"coordinates":[-3.2204059,56.1834156],"type":"Point"},"id":"airports:509","properties":{"name":"Fife Airport"},"type":"Feature"},{"geometry":{"coordinates":[-6.2594134,55.682693],"type":"Point"},"id":"airports:510","properties":{"name":"Islay Airport"},"type":"Feature"},{"geometry":{"coordinates":[-6.2431446,56.0576618],"type":"Point"},"id":"airports:511","properties":{"name":"Colonsay Airport"},"type":"Feature"},{"geometry":{"coordinates":[-6.6177806,56.6018026],"type":"Point"},"id":"airports:512","properties":{"name":"Coll Airport"},"type":"Feature"},{"geometry":{"coordinates":[-0.9016007,52.8918886],"type":"Point"},"id":"airports:513","properties":{"name":"Langar Airfield"},"type":"Feature"},{"geometry":{"coordinates":[-1.4735737,52.084345],"type":"Point"},"id":"airports:514","properties":{"name":"Edgehill Gliding Club"},"type":"Feature"},{"geometry":{"coordinates":[-2.8086853,54.9384582],"type":"Point"},"id":"airports:515","properties":{"name":"Carlisle Lake District Airport"},"type":"Feature"},{"geometry":{"coordinates":[-6.8695794,56.5004555],"type":"Point"},"id":"airports:516","properties":{"name":"Port-Adhair Thiriodh"},"type":"Feature"},{"geometry":{"coordinates":[-4.5948374,55.5021692],"type":"Point"},"id":"airports:517","properties":{"name":"Glasgow Prestwick Airport"},"type":"Feature"},{"geometry":{"coordinates":[-1.2485309,50.9726624],"type":"Point"},"id":"airports:518","properties":{"name":"Lower Upham Airfield"},"type":"Feature"},{"geometry":{"coordinates":[-3.8640423,50.8671198],"type":"Point"},"id":"airports:519","properties":{"name":"Trenchard Farm Airstrip"},"type":"Feature"},{"geometry":{"coordinates":[-3.3855523,53.2104449],"type":"Point"},"id":"airports:520","properties":{"name":"Lleweni Parc Glyndwr Soaring Club"},"type":"Feature"},{"geometry":{"coordinates":[-1.3216629,51.8371006],"type":"Point"},"id":"airports:521","properties":{"name":"Oxford Airport"},"type":"Feature"},{"geometry":{"coordinates":[0.0616244,52.0793914],"type":"Point"},"id":"airports:522","properties":{"name":"Fowlmere"},"type":"Feature"},{"geometry":{"coordinates":[-1.2537826,50.9892557],"type":"Point"},"id":"airports:523","properties":{"name":"Roughay Farm Airfield"},"type":"Feature"},{"geometry":{"coordinates":[-1.5835909,51.7511991],"type":"Point"},"id":"airports:524","properties":{"name":"RAF Brize Norton"},"type":"Feature"},{"geometry":{"coordinates":[-1.2187493,51.8787389],"type":"Point"},"id":"airports:525","properties":{"name":"RAF Weston on the Green"},"type":"Feature"},{"geometry":{"coordinates":[-1.3516684,50.9513872],"type":"Point"},"id":"airports:526","properties":{"name":"Southampton Airport"},"type":"Feature"},{"geometry":{"coordinates":[-0.3494755,53.5736],"type":"Point"},"id":"airports:527","properties":{"name":"Humberside Airport"},"type":"Feature"},{"geometry":{"coordinates":[0.5578341,52.4047037],"type":"Point"},"id":"airports:528","properties":{"name":"RAF Lakenheath"},"type":"Feature"},{"geometry":{"coordinates":[0.6924624,51.5701749],"type":"Point"},"id":"airports:529","properties":{"name":"London Southend Airport"},"type":"Feature"},{"geometry":{"coordinates":[0.1759582,52.2043699],"type":"Point"},"id":"airports:530","properties":{"name":"Cambridge City Airport"},"type":"Feature"},{"geometry":{"coordinates":[-0.3701408,51.8780363],"type":"Point"},"id":"airports:531","properties":{"name":"London Luton Airport"},"type":"Feature"},{"geometry":{"coordinates":[-1.3825342,54.7663983],"type":"Point"},"id":"airports:532","properties":{"name":"Peterlee (Shotton) Airfield"},"type":"Feature"},{"geometry":{"coordinates":[-1.2444624,60.1921251],"type":"Point"},"id":"airports:533","properties":{"name":"Tingwall Airport"},"type":"Feature"},{"geometry":{"coordinates":[-0.9273609,60.3765119],"type":"Point"},"id":"airports:534","properties":{"name":"Whalsay Airstrip"},"type":"Feature"},{"geometry":{"coordinates":[-0.2952641,50.8357646],"type":"Point"},"id":"airports:535","properties":{"name":"Brighton City Airport"},"type":"Feature"},{"geometry":{"coordinates":[-1.2938369,59.877106],"type":"Point"},"id":"airports:536","properties":{"name":"Sumburgh Airport"},"type":"Feature"},{"geometry":{"coordinates":[1.1946212,52.7054576],"type":"Point"},"id":"airports:537","properties":{"name":"Felthorpe Airfield"},"type":"Feature"},{"geometry":{"coordinates":[0.5539717,52.6486877],"type":"Point"},"id":"airports:538","properties":{"name":"RAF Marham"},"type":"Feature"},{"geometry":{"coordinates":[-2.1541747,50.9670239],"type":"Point"},"id":"airports:539","properties":{"name":"Compton Abbas Airfield"},"type":"Feature"},{"geometry":{"coordinates":[-4.0689433,51.604122],"type":"Point"},"id":"airports:540","properties":{"name":"Swansea Airport"},"type":"Feature"},{"geometry":{"coordinates":[0.0539987,51.5042658],"type":"Point"},"id":"airports:541","properties":{"name":"London City Airport"},"type":"Feature"},{"geometry":{"coordinates":[-1.7489811,51.1555846],"type":"Point"},"id":"airports:542","properties":{"name":"MoD Boscombe Down"},"type":"Feature"},{"geometry":{"coordinates":[0.7705804,52.3422159],"type":"Point"},"id":"airports:543","properties":{"name":"RAF Honington"},"type":"Feature"},{"geometry":{"coordinates":[-3.9901151,50.9284086],"type":"Point"},"id":"airports:544","properties":{"name":"Eaglescott"},"type":"Feature"},{"geometry":{"coordinates":[-1.7818295,51.2876268],"type":"Point"},"id":"airports:545","properties":{"name":"Upavon Airfield"},"type":"Feature"},{"geometry":{"coordinates":[-1.1820129,50.6524606],"type":"Point"},"id":"airports:546","properties":{"name":"Sandown Airfield"},"type":"Feature"},{"geometry":{"coordinates":[-0.7606698,50.8594385],"type":"Point"},"id":"airports:547","properties":{"name":"Goodwood Aerodrome"},"type":"Feature"},{"geometry":{"coordinates":[-6.2152983,54.6527839],"type":"Point"},"id":"airports:548","properties":{"name":"Belfast International Airport"},"type":"Feature"},{"geometry":{"coordinates":[-5.4017283,56.4639003],"type":"Point"},"id":"airports:549","properties":{"name":"Oban Airport"},"type":"Feature"},{"geometry":{"coordinates":[-0.4775911,52.6079311],"type":"Point"},"id":"airports:550","properties":{"name":"RAF Wittering"},"type":"Feature"},{"geometry":{"coordinates":[-4.6178505,50.6347578],"type":"Point"},"id":"airports:551","properties":{"name":"RAF Davidstow"},"type":"Feature"},{"geometry":{"coordinates":[0.0890972,52.4876334],"type":"Point"},"id":"airports:552","properties":{"name":"Chatteris"},"type":"Feature"},{"geometry":{"coordinates":[-1.203845,50.8156],"type":"Point"},"id":"airports:553","properties":{"name":"Solent Airport"},"type":"Feature"},{"geometry":{"coordinates":[-0.6173465,52.0721262],"type":"Point"},"id":"airports:554","properties":{"name":"Cranfield Airport"},"type":"Feature"},{"geometry":{"coordinates":[-1.08548,51.6765939],"type":"Point"},"id":"airports:555","properties":{"name":"Chalgrove Airfield"},"type":"Feature"},{"geometry":{"coordinates":[0.0172154,51.6537083],"type":"Point"},"id":"airports:556","properties":{"name":"Lippitts Hill"},"type":"Feature"},{"geometry":{"coordinates":[-4.0476971,57.5431698],"type":"Point"},"id":"airports:557","properties":{"name":"Inverness Airport"},"type":"Feature"},{"geometry":{"coordinates":[-0.7734154,51.4993977],"type":"Point"},"id":"airports:558","properties":{"name":"White Waltham Airfield"},"type":"Feature"},{"geometry":{"coordinates":[-0.1662906,53.0920766],"type":"Point"},"id":"airports:559","properties":{"name":"RAF Coningsby"},"type":"Feature"},{"geometry":{"coordinates":[-1.4585088,54.6870212],"type":"Point"},"id":"airports:560","properties":{"name":"Fishburn"},"type":"Feature"},{"geometry":{"coordinates":[-0.492213,53.0425963],"type":"Point"},"id":"airports:561","properties":{"name":"North Airfield - RAF Cranwell"},"type":"Feature"},{"geometry":{"coordinates":[0.4869058,52.3627307],"type":"Point"},"id":"airports:562","properties":{"name":"RAF Mildenhall"},"type":"Feature"},{"geometry":{"coordinates":[-1.4193711,51.1371915],"type":"Point"},"id":"airports:563","properties":{"name":"Chilbolton Airfield"},"type":"Feature"},{"geometry":{"coordinates":[-1.235369,51.1964517],"type":"Point"},"id":"airports:564","properties":{"name":"Popham Airfield"},"type":"Feature"},{"geometry":{"coordinates":[-1.7177868,52.23549],"type":"Point"},"id":"airports:565","properties":{"name":"Stratford on Avon Gliding Club"},"type":"Feature"},{"geometry":{"coordinates":[-0.1273285,52.4353186],"type":"Point"},"id":"airports:566","properties":{"name":"RAF Upwood"},"type":"Feature"},{"geometry":{"coordinates":[-0.4180208,51.5544388],"type":"Point"},"id":"airports:567","properties":{"name":"RAF Northolt"},"type":"Feature"},{"geometry":{"coordinates":[-0.3269349,51.656385],"type":"Point"},"id":"airports:568","properties":{"name":"Elstree Aerodrome"},"type":"Feature"},{"geometry":{"coordinates":[-3.055105,53.5819108],"type":"Point"},"id":"airports:569","properties":{"name":"RAF Woodvale"},"type":"Feature"},{"geometry":{"coordinates":[-5.6721608,50.1027127],"type":"Point"},"id":"airports:570","properties":{"name":"Land's End Airport"},"type":"Feature"},{"geometry":{"coordinates":[-1.1307954,51.917316],"type":"Point"},"id":"airports:571","properties":{"name":"Bicester Aerodrome"},"type":"Feature"},{"geometry":{"coordinates":[-1.7654893,52.8141788],"type":"Point"},"id":"airports:572","properties":{"name":"Tatenhill Airfield"},"type":"Feature"},{"geometry":{"coordinates":[-1.6157005,52.8597311],"type":"Point"},"id":"airports:573","properties":{"name":"Derby Airfield"},"type":"Feature"},{"geometry":{"coordinates":[-0.8591614,53.5597948],"type":"Point"},"id":"airports:574","properties":{"name":"Sandtoft Airfield"},"type":"Feature"},{"geometry":{"coordinates":[-1.8320423,53.6205772],"type":"Point"},"id":"airports:575","properties":{"name":"Huddersfield (Crosland Moor)"},"type":"Feature"},{"geometry":{"coordinates":[-1.7296424,53.3053447],"type":"Point"},"id":"airports:576","properties":{"name":"Derbyshire and Lancashire Gliding Club"},"type":"Feature"},{"geometry":{"coordinates":[-2.246097,51.1290908],"type":"Point"},"id":"airports:577","properties":{"name":"Bath Wilts & N Dorset Gliding Club"},"type":"Feature"},{"geometry":{"coordinates":[-2.0919736,52.7095572],"type":"Point"},"id":"airports:578","properties":{"name":"Otherton"},"type":"Feature"},{"geometry":{"coordinates":[-3.1432832,58.8261252],"type":"Point"},"id":"airports:579","properties":{"name":"Flotta Isle Airstrip"},"type":"Feature"},{"geometry":{"coordinates":[-0.7487176,60.4251043],"type":"Point"},"id":"airports:580","properties":{"name":"Out Skerries Airfield"},"type":"Feature"},{"geometry":{"coordinates":[1.1553646,52.4566946],"type":"Point"},"id":"airports:581","properties":{"name":"Tibenham Airfield"},"type":"Feature"},{"geometry":{"coordinates":[-2.4498849,50.5677213],"type":"Point"},"id":"airports:582","properties":{"name":"HeliOperations"},"type":"Feature"},{"geometry":{"coordinates":[-2.8306761,53.9656039],"type":"Point"},"id":"airports:583","properties":{"name":"Cockerham Dropzone"},"type":"Feature"},{"geometry":{"coordinates":[0.2313653,51.5314873],"type":"Point"},"id":"airports:584","properties":{"name":"Gerpins Farm"},"type":"Feature"},{"geometry":{"coordinates":[0.2449611,51.528938],"type":"Point"},"id":"airports:585","properties":{"name":"Damyns Hall Aerodrome"},"type":"Feature"},{"geometry":{"coordinates":[-6.5880243,55.0563615],"type":"Point"},"id":"airports:586","properties":{"name":"Causeway Airfield"},"type":"Feature"},{"geometry":{"coordinates":[-2.2616068,52.5172443],"type":"Point"},"id":"airports:587","properties":{"name":"Wolverhampton Halfpenny Green Airport"},"type":"Feature"},{"geometry":{"coordinates":[-0.559966,52.9628311],"type":"Point"},"id":"airports:588","properties":{"name":"RAF Barkston Heath"},"type":"Feature"},{"geometry":{"coordinates":[-4.6662509,50.5004358],"type":"Point"},"id":"airports:589","properties":{"name":"Bodmin Airfield"},"type":"Feature"},{"geometry":{"coordinates":[-2.8436509,53.9338805],"type":"Point"},"id":"airports:590","properties":{"name":"Tarn Farm Airfield"},"type":"Feature"},{"geometry":{"coordinates":[-2.97358,53.1796284],"type":"Point"},"id":"airports:591","properties":{"name":"Hawarden Airport"},"type":"Feature"},{"geometry":{"coordinates":[1.0081152,52.0179375],"type":"Point"},"id":"airports:592","properties":{"name":"Raydon Wings Airstrip"},"type":"Feature"},{"geometry":{"coordinates":[0.0327903,51.3302039],"type":"Point"},"id":"airports:593","properties":{"name":"London Biggin Hill Airport"},"type":"Feature"},{"geometry":{"coordinates":[-4.3106299,51.7137282],"type":"Point"},"id":"airports:594","properties":{"name":"Pembrey Airport"},"type":"Feature"},{"geometry":{"coordinates":[-0.8082153,51.1505947],"type":"Point"},"id":"airports:595","properties":{"name":"Frensham"},"type":"Feature"},{"geometry":{"coordinates":[-0.3137175,52.1293446],"type":"Point"},"id":"airports:596","properties":{"name":"Sandy Airfield"},"type":"Feature"},{"geometry":{"coordinates":[-2.6087495,55.6773034],"type":"Point"},"id":"airports:597","properties":{"name":"Nether Huntlywood Airfield"},"type":"Feature"},{"geometry":{"coordinates":[-0.3894201,52.5564422],"type":"Point"},"id":"airports:598","properties":{"name":"Sibson Aerodrome"},"type":"Feature"},{"geometry":{"coordinates":[-4.145038,50.5918936],"type":"Point"},"id":"airports:599","properties":{"name":"Dartmoor Gliding Society"},"type":"Feature"},{"geometry":{"coordinates":[-0.0959572,51.3054288],"type":"Point"},"id":"airports:600","properties":{"name":"Kenley Airfield"},"type":"Feature"},{"geometry":{"coordinates":[0.0380334,53.7100758],"type":"Point"},"id":"airports:601","properties":{"name":"Hollym"},"type":"Feature"},{"geometry":{"coordinates":[0.0506825,53.7151045],"type":"Point"},"id":"airports:602","properties":{"name":"Hollym (Cliff Top)"},"type":"Feature"},{"geometry":{"coordinates":[-0.5206004,53.1661686],"type":"Point"},"id":"airports:603","properties":{"name":"RAF Waddington"},"type":"Feature"},{"geometry":{"coordinates":[-1.6129133,52.5691494],"type":"Point"},"id":"airports:604","properties":{"name":"Charity Farm Airstrip"},"type":"Feature"},{"geometry":{"coordinates":[-2.8502105,51.7194202],"type":"Point"},"id":"airports:605","properties":{"name":"South Wales Gliding Club"},"type":"Feature"},{"geometry":{"coordinates":[-1.1716149,51.3836242],"type":"Point"},"id":"airports:606","properties":{"name":"Brimpton Airfield"},"type":"Feature"},{"geometry":{"coordinates":[-1.1440659,51.7307641],"type":"Point"},"id":"airports:607","properties":{"name":"Slay Barn private airstrip"},"type":"Feature"},{"geometry":{"coordinates":[0.0709607,51.8078859],"type":"Point"},"id":"airports:608","properties":{"name":"Hunsdon"},"type":"Feature"},{"geometry":{"coordinates":[-6.4000277,54.3856588],"type":"Point"},"id":"airports:609","properties":{"name":"Tandragee Airstrip"},"type":"Feature"},{"geometry":{"coordinates":[-6.2917186,49.9139024],"type":"Point"},"id":"airports:610","properties":{"name":"St Mary's Airport"},"type":"Feature"},{"geometry":{"coordinates":[-1.4781769,52.3699878],"type":"Point"},"id":"airports:611","properties":{"name":"Coventry Airport"},"type":"Feature"},{"geometry":{"coordinates":[-0.7444326,54.4606506],"type":"Point"},"id":"airports:612","properties":{"name":"Egton"},"type":"Feature"},{"geometry":{"coordinates":[-0.7909675,52.3057362],"type":"Point"},"id":"airports:613","properties":{"name":"Sywell Aerodrome"},"type":"Feature"},{"geometry":{"coordinates":[-5.6798667,55.4372226],"type":"Point"},"id":"airports:614","properties":{"name":"Campbeltown Airport"},"type":"Feature"},{"geometry":{"coordinates":[-3.1813415,50.7351181],"type":"Point"},"id":"airports:615","properties":{"name":"Farway Common"},"type":"Feature"},{"geometry":{"coordinates":[0.2024901,51.6401092],"type":"Point"},"id":"airports:616","properties":{"name":"Jenkins Farm Airstrip"},"type":"Feature"},{"geometry":{"coordinates":[0.2231983,52.0082571],"type":"Point"},"id":"airports:617","properties":{"name":"Audley End Airstrip"},"type":"Feature"},{"geometry":{"coordinates":[-0.1884007,51.1540929],"type":"Point"},"id":"airports:618","properties":{"name":"London Gatwick Airport"},"type":"Feature"},{"geometry":{"coordinates":[0.792959,51.9394443],"type":"Point"},"id":"airports:619","properties":{"name":"Wormingford Glider Field"},"type":"Feature"},{"geometry":{"coordinates":[-3.1567577,50.6978982],"type":"Point"},"id":"airports:620","properties":{"name":"Branscombe Airfield"},"type":"Feature"},{"geometry":{"coordinates":[-4.3762634,53.2587798],"type":"Point"},"id":"airports:621","properties":{"name":"RAF Mona"},"type":"Feature"},{"geometry":{"coordinates":[-2.8916864,58.8876343],"type":"Point"},"id":"airports:622","properties":{"name":"Lamb Holm"},"type":"Feature"},{"geometry":{"coordinates":[-4.1249977,52.8062949],"type":"Point"},"id":"airports:623","properties":{"name":"Llanbedr Airfield"},"type":"Feature"},{"geometry":{"coordinates":[-7.362038,57.4811145],"type":"Point"},"id":"airports:624","properties":{"name":"Port Adhair Bheinn na Faoghla"},"type":"Feature"},{"geometry":{"coordinates":[-2.6415662,59.1550126],"type":"Point"},"id":"airports:625","properties":{"name":"Stronsay Airport"},"type":"Feature"},{"geometry":{"coordinates":[-2.7723856,59.1916516],"type":"Point"},"id":"airports:626","properties":{"name":"Eday Airport"},"type":"Feature"},{"geometry":{"coordinates":[-2.5764725,59.2502654],"type":"Point"},"id":"airports:627","properties":{"name":"Sanday Airport"},"type":"Feature"},{"geometry":{"coordinates":[-2.4347866,59.3671867],"type":"Point"},"id":"airports:628","properties":{"name":"North Ronaldsay Airport"},"type":"Feature"},{"geometry":{"coordinates":[-0.4751091,50.9238946],"type":"Point"},"id":"airports:629","properties":{"name":"Parham Airfield"},"type":"Feature"},{"geometry":{"coordinates":[0.0797295,51.2329589],"type":"Point"},"id":"airports:630","properties":{"name":"Crockham Hill - Orchard House Airstrip"},"type":"Feature"},{"geometry":{"coordinates":[-3.3668711,53.2833597],"type":"Point"},"id":"airports:631","properties":{"name":"Rhedyn Coch Farm Airstrip"},"type":"Feature"},{"geometry":{"coordinates":[-0.794634,53.9264228],"type":"Point"},"id":"airports:632","properties":{"name":"Pocklington Airfield"},"type":"Feature"},{"geometry":{"coordinates":[-3.3558074,53.2698531],"type":"Point"},"id":"airports:633","properties":{"name":"Bryngwyn Bach Airfield"},"type":"Feature"},{"geometry":{"coordinates":[-2.1338742,51.7062622],"type":"Point"},"id":"airports:634","properties":{"name":"Aston Down Airfield"},"type":"Feature"},{"geometry":{"coordinates":[-1.7484019,52.9704845],"type":"Point"},"id":"airports:635","properties":{"name":"Darley Moor"},"type":"Feature"},{"geometry":{"coordinates":[-0.3297168,52.583323],"type":"Point"},"id":"airports:636","properties":{"name":"Milton"},"type":"Feature"},{"geometry":{"coordinates":[-1.1967429,53.3168912],"type":"Point"},"id":"airports:637","properties":{"name":"Netherthorpe Airfield"},"type":"Feature"},{"geometry":{"coordinates":[-0.4611673,54.1115625],"type":"Point"},"id":"airports:638","properties":{"name":"Eddsfield Airfield"},"type":"Feature"},{"geometry":{"coordinates":[-3.2051057,54.8819707],"type":"Point"},"id":"airports:639","properties":{"name":"Kirkbride Airfield"},"type":"Feature"},{"geometry":{"coordinates":[-1.1020844,52.0388354],"type":"Point"},"id":"airports:640","properties":{"name":"Turweston Airport"},"type":"Feature"},{"geometry":{"coordinates":[-1.2482383,51.2922274],"type":"Point"},"id":"airports:641","properties":{"name":"Walkeridge Farm Airstrip"},"type":"Feature"},{"geometry":{"coordinates":[-0.8635754,53.9804807],"type":"Point"},"id":"airports:642","properties":{"name":"Full Sutton Flying Centre"},"type":"Feature"},{"geometry":{"coordinates":[-3.343817,51.3978598],"type":"Point"},"id":"airports:643","properties":{"name":"Cardiff Airport"},"type":"Feature"},{"geometry":{"coordinates":[-3.2219454,53.0432289],"type":"Point"},"id":"airports:644","properties":{"name":"North Wales Gliding Club"},"type":"Feature"},{"geometry":{"coordinates":[-0.9170129,53.8025036],"type":"Point"},"id":"airports:645","properties":{"name":"Breighton"},"type":"Feature"},{"geometry":{"coordinates":[-3.3285834,56.1919214],"type":"Point"},"id":"airports:646","properties":{"name":"Scottish Gliding Centre"},"type":"Feature"},{"geometry":{"coordinates":[-1.2639584,51.018843],"type":"Point"},"id":"airports:647","properties":{"name":"South Longwood Farm Airstrip"},"type":"Feature"},{"geometry":{"coordinates":[-0.1158022,52.1810884],"type":"Point"},"id":"airports:648","properties":{"name":"Gransden Lodge Airfield"},"type":"Feature"},{"geometry":{"coordinates":[1.1104144,52.1724624],"type":"Point"},"id":"airports:649","properties":{"name":"Crowfield"},"type":"Feature"},{"geometry":{"coordinates":[0.9573283,52.1244586],"type":"Point"},"id":"airports:650","properties":{"name":"Wattisham Flying Station"},"type":"Feature"},{"geometry":{"coordinates":[-2.7340529,51.2631411],"type":"Point"},"id":"airports:651","properties":{"name":"Mendip Gliding Club"},"type":"Feature"},{"geometry":{"coordinates":[-4.5335761,53.2480762],"type":"Point"},"id":"airports:652","properties":{"name":"RAF Valley - Anglesey Airport"},"type":"Feature"},{"geometry":{"coordinates":[-1.2071769,51.9878923],"type":"Point"},"id":"airports:653","properties":{"name":"Croughton Manor Farm Airstrip"},"type":"Feature"},{"geometry":{"coordinates":[-5.8276861,57.2531455],"type":"Point"},"id":"airports:654","properties":{"name":"Broadford Airstrip"},"type":"Feature"},{"geometry":{"coordinates":[-0.8590357,53.2458194],"type":"Point"},"id":"airports:655","properties":{"name":"Darlton Gliding Club"},"type":"Feature"},{"geometry":{"coordinates":[-1.8422929,50.7825186],"type":"Point"},"id":"airports:656","properties":{"name":"Bournemouth Airport"},"type":"Feature"},{"geometry":{"coordinates":[-2.7930686,53.8516726],"type":"Point"},"id":"airports:657","properties":{"name":"St Michaels"},"type":"Feature"},{"geometry":{"coordinates":[0.2721836,53.2191596],"type":"Point"},"id":"airports:658","properties":{"name":"Ashley's Field"},"type":"Feature"},{"geometry":{"coordinates":[-3.2064682,51.980852],"type":"Point"},"id":"airports:659","properties":{"name":"Talgarth Glider Field"},"type":"Feature"},{"geometry":{"coordinates":[-3.7406567,54.947054],"type":"Point"},"id":"airports:660","properties":{"name":"Dumfries and District Gliding Club"},"type":"Feature"},{"geometry":{"coordinates":[-2.5313389,52.8724868],"type":"Point"},"id":"airports:661","properties":{"name":"Ternhill Airfield"},"type":"Feature"},{"geometry":{"coordinates":[-3.3614651,55.9500825],"type":"Point"},"id":"airports:662","properties":{"name":"Edinburgh Airport"},"type":"Feature"},{"geometry":{"coordinates":[-1.6888428,51.8636092],"type":"Point"},"id":"airports:663","properties":{"name":"RAF Little Rissington"},"type":"Feature"},{"geometry":{"coordinates":[-2.2195418,50.7098897],"type":"Point"},"id":"airports:664","properties":{"name":"Dorset Gliding Club"},"type":"Feature"},{"geometry":{"coordinates":[-1.2949681,54.2519401],"type":"Point"},"id":"airports:665","properties":{"name":"Felixkirk"},"type":"Feature"},{"geometry":{"coordinates":[0.1053887,50.9076503],"type":"Point"},"id":"airports:666","properties":{"name":"Ringmer Glider Field"},"type":"Feature"},{"geometry":{"coordinates":[-0.2749511,51.7918116],"type":"Point"},"id":"airports:667","properties":{"name":"Coleman Green"},"type":"Feature"},{"geometry":{"coordinates":[0.0606018,52.3864839],"type":"Point"},"id":"airports:668","properties":{"name":"Sutton Meadows"},"type":"Feature"},{"geometry":{"coordinates":[-3.0302473,53.5356424],"type":"Point"},"id":"airports:669","properties":{"name":"Ince Airstrip"},"type":"Feature"},{"geometry":{"coordinates":[-4.5597441,52.1158738],"type":"Point"},"id":"airports:670","properties":{"name":"West Wales Airport (Aberporth)"},"type":"Feature"},{"geometry":{"coordinates":[-0.9125152,53.0230078],"type":"Point"},"id":"airports:671","properties":{"name":"RAF Syerston"},"type":"Feature"},{"geometry":{"coordinates":[-2.9344071,51.7350508],"type":"Point"},"id":"airports:672","properties":{"name":"Kemeys Commander Airstrip"},"type":"Feature"},{"geometry":{"coordinates":[-1.6740015,51.6051837],"type":"Point"},"id":"airports:673","properties":{"name":"Sandhill Farm Airfield"},"type":"Feature"},{"geometry":{"coordinates":[-5.4499312,50.1793595],"type":"Point"},"id":"airports:674","properties":{"name":"Tempest Airstrip"},"type":"Feature"},{"geometry":{"coordinates":[-1.7899829,51.6851422],"type":"Point"},"id":"airports:675","properties":{"name":"RAF Fairford"},"type":"Feature"},{"geometry":{"coordinates":[-1.2158457,53.786704],"type":"Point"},"id":"airports:676","properties":{"name":"Sherburn Aero Club"},"type":"Feature"},{"geometry":{"coordinates":[-1.521942,52.6704295],"type":"Point"},"id":"airports:677","properties":{"name":"Cottage Farm Airstrip"},"type":"Feature"},{"geometry":{"coordinates":[-7.2663993,54.8895042],"type":"Point"},"id":"airports:678","properties":{"name":"Dunnamanagh Airstrip"},"type":"Feature"},{"geometry":{"coordinates":[-2.9501585,59.3508345],"type":"Point"},"id":"airports:679","properties":{"name":"Westray Airport"},"type":"Feature"},{"geometry":{"coordinates":[-6.6439099,54.9882389],"type":"Point"},"id":"airports:680","properties":{"name":"Wild Geese Skydiving Centre"},"type":"Feature"},{"geometry":{"coordinates":[0.2429264,51.8869677],"type":"Point"},"id":"airports:681","properties":{"name":"London Stansted Airport"},"type":"Feature"},{"geometry":{"coordinates":[-2.7014468,51.8822346],"type":"Point"},"id":"airports:682","properties":{"name":"Llangarron Private Airstrip"},"type":"Feature"},{"geometry":{"coordinates":[-2.938896,50.9649947],"type":"Point"},"id":"airports:683","properties":{"name":"Royal Naval Air Station Merryfield"},"type":"Feature"},{"geometry":{"coordinates":[-0.3476634,53.3172591],"type":"Point"},"id":"airports:684","properties":{"name":"Wickenby Aerodrome"},"type":"Feature"},{"geometry":{"coordinates":[0.6299804,51.6695994],"type":"Point"},"id":"airports:685","properties":{"name":"Stow Maries Aerodrome"},"type":"Feature"},{"geometry":{"coordinates":[-5.6282385,50.1134601],"type":"Point"},"id":"airports:686","properties":{"name":"Lower Botrea"},"type":"Feature"},{"geometry":{"coordinates":[-1.4281157,51.928997],"type":"Point"},"id":"airports:687","properties":{"name":"Enstone Aerodrome"},"type":"Feature"},{"geometry":{"coordinates":[-0.7381665,51.7915189],"type":"Point"},"id":"airports:688","properties":{"name":"RAF Halton (Halton Airfield)"},"type":"Feature"},{"geometry":{"coordinates":[-6.3291192,58.2144094],"type":"Point"},"id":"airports:689","properties":{"name":"Port Adhair Steòrnabhaigh"},"type":"Feature"},{"geometry":{"coordinates":[-3.0928365,58.458504],"type":"Point"},"id":"airports:690","properties":{"name":"Wick Airport"},"type":"Feature"},{"geometry":{"coordinates":[0.4503039,51.8958704],"type":"Point"},"id":"airports:691","properties":{"name":"Andrewsfield"},"type":"Feature"},{"geometry":{"coordinates":[-2.3545638,52.4034089],"type":"Point"},"id":"airports:692","properties":{"name":"Pound Green Airfield"},"type":"Feature"},{"geometry":{"coordinates":[-0.0718671,52.9748392],"type":"Point"},"id":"airports:693","properties":{"name":"Boston Aeroclub"},"type":"Feature"},{"geometry":{"coordinates":[-2.1361595,52.0853917],"type":"Point"},"id":"airports:694","properties":{"name":"Croft Farm Airstrip"},"type":"Feature"},{"geometry":{"coordinates":[-1.541894,51.3414659],"type":"Point"},"id":"airports:695","properties":{"name":"Rivar Hill Airfield"},"type":"Feature"},{"geometry":{"coordinates":[-1.7029138,51.4975499],"type":"Point"},"id":"airports:696","properties":{"name":"Lower Upham Aerodrome"},"type":"Feature"},{"geometry":{"coordinates":[-0.1522308,52.1654112],"type":"Point"},"id":"airports:697","properties":{"name":"Little Gransden"},"type":"Feature"},{"geometry":{"coordinates":[-2.6204002,53.8843558],"type":"Point"},"id":"airports:698","properties":{"name":"Chipping Airfield"},"type":"Feature"},{"geometry":{"coordinates":[1.3450947,51.3465443],"type":"Point"},"id":"airports:699","properties":{"name":"Manston Airport"},"type":"Feature"},{"geometry":{"coordinates":[-0.3301553,51.0324006],"type":"Point"},"id":"airports:700","properties":{"name":"Jackrells Farm"},"type":"Feature"},{"geometry":{"coordinates":[-0.0723497,53.3167131],"type":"Point"},"id":"airports:701","properties":{"name":"Highfield Farm Airstrip"},"type":"Feature"},{"geometry":{"coordinates":[-6.5593038,54.0624982],"type":"Point"},"id":"airports:702","properties":{"name":"Crossmaglen Airstrip"},"type":"Feature"},{"geometry":{"coordinates":[-1.9255764,55.2207796],"type":"Point"},"id":"airports:703","properties":{"name":"Ewesley Airstrip"},"type":"Feature"},{"geometry":{"coordinates":[-0.8945615,52.7356256],"type":"Point"},"id":"airports:704","properties":{"name":"Former RAF Station Melton Mowbray"},"type":"Feature"},{"geometry":{"coordinates":[-0.6181687,52.0365341],"type":"Point"},"id":"airports:705","properties":{"name":"Hulcote Farm Airstrip"},"type":"Feature"},{"geometry":{"coordinates":[0.3277988,53.1742999],"type":"Point"},"id":"airports:706","properties":{"name":"Skegness (Ingoldmells) Aerodrome"},"type":"Feature"},{"geometry":{"coordinates":[-2.0581702,51.6660244],"type":"Point"},"id":"airports:707","properties":{"name":"Cotswold Airport"},"type":"Feature"},{"geometry":{"coordinates":[0.1191468,50.8673227],"type":"Point"},"id":"airports:708","properties":{"name":"Kittyhawk Aerodrome EGKF"},"type":"Feature"},{"geometry":{"coordinates":[-2.6771331,51.3913019],"type":"Point"},"id":"airports:709","properties":{"name":"New Farm Airfield"},"type":"Feature"},{"geometry":{"coordinates":[-0.3580643,52.0198381],"type":"Point"},"id":"airports:710","properties":{"name":"Meppershall"},"type":"Feature"},{"geometry":{"coordinates":[0.9763402,52.3445291],"type":"Point"},"id":"airports:711","properties":{"name":"Hinderclay Meadows"},"type":"Feature"},{"geometry":{"coordinates":[-2.5085478,53.4090942],"type":"Point"},"id":"airports:712","properties":{"name":"Warrington Airstrip"},"type":"Feature"},{"geometry":{"coordinates":[-0.3801095,51.7279311],"type":"Point"},"id":"airports:713","properties":{"name":"Plaistows airfield"},"type":"Feature"},{"geometry":{"coordinates":[-0.5136364,51.5888446],"type":"Point"},"id":"airports:714","properties":{"name":"Denham Aerodrome"},"type":"Feature"},{"geometry":{"coordinates":[-0.1941972,52.1996994],"type":"Point"},"id":"airports:715","properties":{"name":"Rectory Farm Airstrip"},"type":"Feature"},{"geometry":{"coordinates":[-6.0292246,54.0523185],"type":"Point"},"id":"airports:716","properties":{"name":"Derryogue"},"type":"Feature"},{"geometry":{"coordinates":[-1.7848393,55.316428],"type":"Point"},"id":"airports:717","properties":{"name":"Athey's Moor Airfield"},"type":"Feature"},{"geometry":{"coordinates":[1.0586744,52.49996],"type":"Point"},"id":"airports:718","properties":{"name":"Old Buckenham Airfield"},"type":"Feature"},{"geometry":{"coordinates":[-6.3140196,54.1444589],"type":"Point"},"id":"airports:719","properties":{"name":"Newry Airstrip"},"type":"Feature"},{"geometry":{"coordinates":[-5.2284327,50.285041],"type":"Point"},"id":"airports:720","properties":{"name":"Porthtowan Airfield"},"type":"Feature"},{"geometry":{"coordinates":[-2.22033,51.4108193],"type":"Point"},"id":"airports:721","properties":{"name":"Wadswick Strip"},"type":"Feature"},{"geometry":{"coordinates":[-3.7166512,51.5473109],"type":"Point"},"id":"airports:722","properties":{"name":"Old Park Farm Airstrip"},"type":"Feature"},{"geometry":{"coordinates":[-1.461985,52.6058802],"type":"Point"},"id":"airports:723","properties":{"name":"Sibson"},"type":"Feature"},{"geometry":{"coordinates":[-1.3882936,53.0648045],"type":"Point"},"id":"airports:724","properties":{"name":"Ripley Airfield"},"type":"Feature"},{"geometry":{"coordinates":[0.7585421,51.14227],"type":"Point"},"id":"airports:725","properties":{"name":"Fridd Farm Airstrip"},"type":"Feature"},{"geometry":{"coordinates":[0.5053104,51.3522313],"type":"Point"},"id":"airports:726","properties":{"name":"Rochester Airport"},"type":"Feature"},{"geometry":{"coordinates":[1.1555077,51.3374959],"type":"Point"},"id":"airports:727","properties":{"name":"Maypole Airfield"},"type":"Feature"},{"geometry":{"coordinates":[-2.2043472,52.8278525],"type":"Point"},"id":"airports:728","properties":{"name":"Seighford Airfield"},"type":"Feature"},{"geometry":{"coordinates":[-2.5811832,53.454084],"type":"Point"},"id":"airports:729","properties":{"name":"Kenyon Hall Farm Airstrip"},"type":"Feature"},{"geometry":{"coordinates":[-4.3377375,53.1063357],"type":"Point"},"id":"airports:730","properties":{"name":"Caernarfon Airport"},"type":"Feature"},{"geometry":{"coordinates":[-4.3151428,57.5873002],"type":"Point"},"id":"airports:731","properties":{"name":"Culbokie Ultralight"},"type":"Feature"},{"geometry":{"coordinates":[-4.2350909,53.1576657],"type":"Point"},"id":"airports:732","properties":{"name":"Cae Mawr Tyddyn Hen"},"type":"Feature"},{"geometry":{"coordinates":[-1.732362,51.3901378],"type":"Point"},"id":"airports:733","properties":{"name":"Clench Common"},"type":"Feature"},{"geometry":{"coordinates":[-2.9459031,54.6400993],"type":"Point"},"id":"airports:734","properties":{"name":"Troutbeck Airfield"},"type":"Feature"},{"geometry":{"coordinates":[0.3678209,51.537139],"type":"Point"},"id":"airports:735","properties":{"name":"Thurrock Airfield"},"type":"Feature"},{"geometry":{"coordinates":[-2.5912418,51.8391019],"type":"Point"},"id":"airports:736","properties":{"name":"Spence"},"type":"Feature"},{"geometry":{"coordinates":[-1.0734012,52.4042144],"type":"Point"},"id":"airports:737","properties":{"name":"Hemploe Farm Strip"},"type":"Feature"},{"geometry":{"coordinates":[-0.9945114,52.4627027],"type":"Point"},"id":"airports:738","properties":{"name":"Marston Trussell airstrip"},"type":"Feature"},{"geometry":{"coordinates":[-4.4351667,55.8705835],"type":"Point"},"id":"airports:739","properties":{"name":"Glasgow Airport"},"type":"Feature"},{"geometry":{"coordinates":[-4.997066,50.4384919],"type":"Point"},"id":"airports:740","properties":{"name":"Spaceport Cornwall"},"type":"Feature"},{"geometry":{"coordinates":[-3.3311669,57.7076284],"type":"Point"},"id":"airports:741","properties":{"name":"RAF Lossiemouth"},"type":"Feature"},{"geometry":{"coordinates":[-2.7421049,55.5402806],"type":"Point"},"id":"airports:742","properties":{"name":"Midlem"},"type":"Feature"},{"geometry":{"coordinates":[-4.1130746,55.6803499],"type":"Point"},"id":"airports:743","properties":{"name":"Strathaven Airfield"},"type":"Feature"},{"geometry":{"coordinates":[-1.9108466,51.4312314],"type":"Point"},"id":"airports:744","properties":{"name":"Yatesbury"},"type":"Feature"},{"geometry":{"coordinates":[-0.6848633,53.5345156],"type":"Point"},"id":"airports:745","properties":{"name":"Low Hill Farm Airstrip"},"type":"Feature"},{"geometry":{"coordinates":[-3.5880395,51.7454906],"type":"Point"},"id":"airports:746","properties":{"name":"Rhigos Airfield"},"type":"Feature"},{"geometry":{"coordinates":[-1.206673,52.4738954],"type":"Point"},"id":"airports:747","properties":{"name":"Bitteswell Farm Airstrip"},"type":"Feature"},{"geometry":{"coordinates":[-2.0143819,51.6323404],"type":"Point"},"id":"airports:748","properties":{"name":"Oaksey Park Airfield"},"type":"Feature"},{"geometry":{"coordinates":[-2.1960466,51.6679388],"type":"Point"},"id":"airports:749","properties":{"name":"Orange Grove Barn Airstrip"},"type":"Feature"},{"geometry":{"coordinates":[-2.2412684,51.6291256],"type":"Point"},"id":"airports:750","properties":{"name":"Bowldown Farm Airstrip"},"type":"Feature"},{"geometry":{"coordinates":[-2.2844396,51.7148574],"type":"Point"},"id":"airports:751","properties":{"name":"Bristol & Gloucestershire Gliding Club"},"type":"Feature"},{"geometry":{"coordinates":[-2.0775331,51.598914],"type":"Point"},"id":"airports:752","properties":{"name":"Charlton Park Estate Airstrip"},"type":"Feature"},{"geometry":{"coordinates":[-2.3029979,51.5486353],"type":"Point"},"id":"airports:753","properties":{"name":"Badminton Airstrip"},"type":"Feature"},{"geometry":{"coordinates":[-2.4042658,51.4730603],"type":"Point"},"id":"airports:754","properties":{"name":"Rookery Farm Microlight Strip"},"type":"Feature"},{"geometry":{"coordinates":[-2.4473714,51.4107503],"type":"Point"},"id":"airports:755","properties":{"name":"Saltford (Avon Lane) Airfield"},"type":"Feature"},{"geometry":{"coordinates":[-3.4015959,55.874603],"type":"Point"},"id":"airports:756","properties":{"name":"Kirknewton Airfield"},"type":"Feature"},{"geometry":{"coordinates":[-4.6740528,55.2986758],"type":"Point"},"id":"airports:757","properties":{"name":"Kilkerran"},"type":"Feature"},{"geometry":{"coordinates":[-4.6429389,55.36132],"type":"Point"},"id":"airports:758","properties":{"name":"New Grimmet Farm"},"type":"Feature"},{"geometry":{"coordinates":[-4.1853992,56.1474711],"type":"Point"},"id":"airports:759","properties":{"name":"Easter Poldar Farm"},"type":"Feature"},{"geometry":{"coordinates":[-2.7349721,56.0004641],"type":"Point"},"id":"airports:760","properties":{"name":"East Fortune Airfield"},"type":"Feature"},{"geometry":{"coordinates":[-1.4161567,54.1376937],"type":"Point"},"id":"airports:761","properties":{"name":"Dishforth Airfield"},"type":"Feature"},{"geometry":{"coordinates":[0.6324235,51.444885],"type":"Point"},"id":"airports:762","properties":{"name":"Stoke Airfield"},"type":"Feature"},{"geometry":{"coordinates":[-1.7436938,51.4930917],"type":"Point"},"id":"airports:763","properties":{"name":"Draycot Farm Aerodrome"},"type":"Feature"},{"geometry":{"coordinates":[0.8463747,51.4030225],"type":"Point"},"id":"airports:764","properties":{"name":"RAF Eastchurch Airfield"},"type":"Feature"},{"geometry":{"coordinates":[-0.9973724,53.0451785],"type":"Point"},"id":"airports:765","properties":{"name":"Bankwood Farm Airstrip"},"type":"Feature"},{"geometry":{"coordinates":[-1.7580886,51.2462493],"type":"Point"},"id":"airports:766","properties":{"name":"Netheravon Airfield"},"type":"Feature"},{"geometry":{"coordinates":[-3.3118418,57.5871425],"type":"Point"},"id":"airports:767","properties":{"name":"Easterton"},"type":"Feature"},{"geometry":{"coordinates":[1.3668462,51.2049283],"type":"Point"},"id":"airports:768","properties":{"name":"Ripple Airstrip"},"type":"Feature"},{"geometry":{"coordinates":[1.3157113,51.1856672],"type":"Point"},"id":"airports:769","properties":{"name":"Inglenook Farm Airstrip"},"type":"Feature"},{"geometry":{"coordinates":[1.2779299,51.176162],"type":"Point"},"id":"airports:770","properties":{"name":"Channel Gliding Club"},"type":"Feature"},{"geometry":{"coordinates":[-0.8477685,51.3240469],"type":"Point"},"id":"airports:771","properties":{"name":"Blackbushe Airport Ltd;Blackbushe Airport"},"type":"Feature"},{"geometry":{"coordinates":[1.1533609,51.1871096],"type":"Point"},"id":"airports:772","properties":{"name":"Clipgate Farm"},"type":"Feature"},{"geometry":{"coordinates":[1.0530411,51.1093763],"type":"Point"},"id":"airports:773","properties":{"name":"Pent Farm Airstrip"},"type":"Feature"},{"geometry":{"coordinates":[-0.0309796,52.7392257],"type":"Point"},"id":"airports:774","properties":{"name":"Fenland Airfield"},"type":"Feature"},{"geometry":{"coordinates":[0.5557162,52.0478859],"type":"Point"},"id":"airports:775","properties":{"name":"Ridgewell Airfield"},"type":"Feature"},{"geometry":{"coordinates":[-5.127994,50.0581845],"type":"Point"},"id":"airports:776","properties":{"name":"Polpidnick Farm Airstrip"},"type":"Feature"},{"geometry":{"coordinates":[-2.7996872,52.0808907],"type":"Point"},"id":"airports:777","properties":{"name":"Hereford"},"type":"Feature"},{"geometry":{"coordinates":[-5.1428841,50.2784198],"type":"Point"},"id":"airports:778","properties":{"name":"Truro Aerodrome"},"type":"Feature"},{"geometry":{"coordinates":[0.1730184,53.3110286],"type":"Point"},"id":"airports:779","properties":{"name":"Strubby North Airfield"},"type":"Feature"},{"geometry":{"coordinates":[0.8911353,51.0928081],"type":"Point"},"id":"airports:780","properties":{"name":"Hamilton Farm Airfield"},"type":"Feature"},{"geometry":{"coordinates":[0.977795,52.0758728],"type":"Point"},"id":"airports:781","properties":{"name":"Elmsett Airport"},"type":"Feature"},{"geometry":{"coordinates":[-0.140329,51.2154314],"type":"Point"},"id":"airports:782","properties":{"name":"Redhill Aerodrome"},"type":"Feature"},{"geometry":{"coordinates":[-6.9686294,55.1395579],"type":"Point"},"id":"airports:783","properties":{"name":"Bellarena"},"type":"Feature"},{"geometry":{"coordinates":[-2.5232162,51.5449453],"type":"Point"},"id":"airports:784","properties":{"name":"Frogland Cross Airfield"},"type":"Feature"},{"geometry":{"coordinates":[-0.4896892,51.6741167],"type":"Point"},"id":"airports:785","properties":{"name":"New Model Farm Airstrip"},"type":"Feature"},{"geometry":{"coordinates":[-3.0057437,51.0521402],"type":"Point"},"id":"airports:786","properties":{"name":"Lower Durston Airstrip"},"type":"Feature"},{"geometry":{"coordinates":[1.2815,52.6764847],"type":"Point"},"id":"airports:787","properties":{"name":"Norwich Airport"},"type":"Feature"},{"geometry":{"coordinates":[-2.2798822,53.3503197],"type":"Point"},"id":"airports:788","properties":{"name":"Manchester Airport"},"type":"Feature"},{"geometry":{"coordinates":[-2.6580539,50.9395182],"type":"Point"},"id":"airports:789","properties":{"name":"Yeovil/Westland Aerodrome"},"type":"Feature"},{"geometry":{"coordinates":[-1.7468974,52.4543843],"type":"Point"},"id":"airports:790","properties":{"name":"Birmingham Airport"},"type":"Feature"},{"geometry":{"coordinates":[-7.6511354,54.3974866],"type":"Point"},"id":"airports:791","properties":{"name":"Enniskillen Airport"},"type":"Feature"},{"geometry":{"coordinates":[-2.1681048,51.8927517],"type":"Point"},"id":"airports:792","properties":{"name":"Gloucestershire Airport"},"type":"Feature"},{"geometry":{"coordinates":[-5.8699556,54.6202182],"type":"Point"},"id":"airports:793","properties":{"name":"George Best Belfast City Airport"},"type":"Feature"},{"geometry":{"coordinates":[-7.1631528,55.0419148],"type":"Point"},"id":"airports:794","properties":{"name":"City of Derry Airport"},"type":"Feature"},{"geometry":{"coordinates":[-1.1082389,50.6791403],"type":"Point"},"id":"airports:795","properties":{"name":"Bembridge Airport"},"type":"Feature"},{"geometry":{"coordinates":[-2.664518,52.7942802],"type":"Point"},"id":"airports:796","properties":{"name":"RAF Shawbury"},"type":"Feature"},{"geometry":{"coordinates":[-1.3322143,52.8281122],"type":"Point"},"id":"airports:797","properties":{"name":"East Midlands Airport"},"type":"Feature"},{"geometry":{"coordinates":[-1.660138,53.8667047],"type":"Point"},"id":"airports:798","properties":{"name":"Leeds Bradford Airport"},"type":"Feature"},{"geometry":{"coordinates":[-3.3714717,56.4402733],"type":"Point"},"id":"airports:799","properties":{"name":"Perth Airport"},"type":"Feature"},{"geometry":{"coordinates":[-4.4671604,57.5892994],"type":"Point"},"id":"airports:800","properties":{"name":"Knockbain Farm"},"type":"Feature"},{"geometry":{"coordinates":[-5.6731726,57.3353664],"type":"Point"},"id":"airports:801","properties":{"name":"Plockton Airstrip"},"type":"Feature"},{"geometry":{"coordinates":[-1.0936495,51.6152491],"type":"Point"},"id":"airports:802","properties":{"name":"RAF Benson"},"type":"Feature"},{"geometry":{"coordinates":[-0.4547736,51.4677522],"type":"Point"},"id":"airports:803","properties":{"name":"London Heathrow Airport"},"type":"Feature"},{"geometry":{"coordinates":[-5.2523733,50.0827854],"type":"Point"},"id":"airports:804","properties":{"name":"Royal Naval Air Station Culdrose"},"type":"Feature"},{"geometry":{"coordinates":[-4.9976267,50.4415233],"type":"Point"},"id":"airports:805","properties":{"name":"Cornwall Airport Newquay"},"type":"Feature"},{"geometry":{"coordinates":[-2.6454631,51.0089769],"type":"Point"},"id":"airports:806","properties":{"name":"Royal Naval Air Station Yeovilton"},"type":"Feature"},{"geometry":{"coordinates":[0.1548388,50.8809583],"type":"Point"},"id":"airports:807","properties":{"name":"Deanland Airfield"},"type":"Feature"},{"geometry":{"coordinates":[-2.8502323,53.3357677],"type":"Point"},"id":"airports:808","properties":{"name":"Liverpool John Lennon Airport"},"type":"Feature"},{"geometry":{"coordinates":[-3.1530709,52.6289497],"type":"Point"},"id":"airports:809","properties":{"name":"Welshpool Airport"},"type":"Feature"}],"type":"FeatureCollection"}
