{"features":[{"geometry":{"coordinates":[-1.7852844,51.5657001],"type":"Point"},"id":"railways:0","properties":{"name":"Swindon"},"type":"Feature"},{"geometry":{"coordinates":[-0.0269749,52.0532089],"type":"Point"},"id":"railways:1","properties":{"name":"Royston"},"type":"Feature"},{"geometry":{"coordinates":[-1.5049707,50.8550478],"type":"Point"},"id":"railways:2","properties":{"name":"Beaulieu Road"},"type":"Feature"},{"geometry":{"coordinates":[-1.6099505,50.7847131],"type":"Point"},"id":"railways:3","properties":{"name":"Sway"},"type":"Feature"},{"geometry":{"coordinates":[-1.6576697,50.7557623],"type":"Point"},"id":"railways:4","properties":{"name":"New Milton"},"type":"Feature"},{"geometry":{"coordinates":[-1.5475333,52.3993806],"type":"Point"},"id":"railways:5","properties":{"name":"Canley"},"type":"Feature"},{"geometry":{"coordinates":[-3.4887917,53.3181979],"type":"Point"},"id":"railways:6","properties":{"name":"Rhyl"},"type":"Feature"},{"geometry":{"coordinates":[-1.480623,53.6628109],"type":"Point"},"id":"railways:7","properties":{"name":"Sandal and Agbrigg"},"type":"Feature"},{"geometry":{"coordinates":[-0.6762814,52.3037832],"type":"Point"},"id":"railways:8","properties":{"name":"Wellingborough"},"type":"Feature"},{"geometry":{"coordinates":[-1.2143782,53.853331],"type":"Point"},"id":"railways:9","properties":{"name":"Ulleskelf"},"type":"Feature"},{"geometry":{"coordinates":[-1.1798897,53.5719324],"type":"Point"},"id":"railways:10","properties":{"name":"Adwick"},"type":"Feature"},{"geometry":{"coordinates":[-1.427499,53.4986826],"type":"Point"},"id":"railways:11","properties":{"name":"Elsecar"},"type":"Feature"},{"geometry":{"coordinates":[-1.5320346,53.5442059],"type":"Point"},"id":"railways:12","properties":{"name":"Dodworth"},"type":"Feature"},{"geometry":{"coordinates":[-1.305111,50.8835729],"type":"Point"},"id":"railways:13","properties":{"name":"Bursledon"},"type":"Feature"},{"geometry":{"coordinates":[-0.4143083,51.3728758],"type":"Point"},"id":"railways:14","properties":{"name":"Walton-on-Thames"},"type":"Feature"},{"geometry":{"coordinates":[-1.8394444,52.5283826],"type":"Point"},"id":"railways:15","properties":{"name":"Erdington"},"type":"Feature"},{"geometry":{"coordinates":[-1.8324115,52.5359496],"type":"Point"},"id":"railways:16","properties":{"name":"Chester Road"},"type":"Feature"},{"geometry":{"coordinates":[-1.8251772,52.564801],"type":"Point"},"id":"railways:17","properties":{"name":"Sutton Coldfield"},"type":"Feature"},{"geometry":{"coordinates":[-1.8527437,52.5153884],"type":"Point"},"id":"railways:18","properties":{"name":"Gravelly Hill"},"type":"Feature"},{"geometry":{"coordinates":[-2.2132093,53.4711613],"type":"Point"},"id":"railways:19","properties":{"name":"Ardwick"},"type":"Feature"},{"geometry":{"coordinates":[-1.4932507,50.9927043],"type":"Point"},"id":"railways:20","properties":{"name":"Romsey"},"type":"Feature"},{"geometry":{"coordinates":[-1.5466785,51.0338154],"type":"Point"},"id":"railways:21","properties":{"name":"Mottisfont & Dunbridge"},"type":"Feature"},{"geometry":{"coordinates":[-0.2263134,51.50607],"type":"Point"},"id":"railways:22","properties":{"name":"Shepherd's Bush Market"},"type":"Feature"},{"geometry":{"coordinates":[-0.722846,51.5183532],"type":"Point"},"id":"railways:23","properties":{"name":"Maidenhead"},"type":"Feature"},{"geometry":{"coordinates":[-0.4718293,51.5097364],"type":"Point"},"id":"railways:24","properties":{"name":"West Drayton"},"type":"Feature"},{"geometry":{"coordinates":[-0.192318,51.6008355],"type":"Point"},"id":"railways:25","properties":{"name":"Finchley Central"},"type":"Feature"},{"geometry":{"coordinates":[-1.2944932,50.9323988],"type":"Point"},"id":"railways:26","properties":{"name":"Hedge End"},"type":"Feature"},{"geometry":{"coordinates":[-1.8383926,52.5926207],"type":"Point"},"id":"railways:27","properties":{"name":"Butlers Lane"},"type":"Feature"},{"geometry":{"coordinates":[-0.7320452,52.3934872],"type":"Point"},"id":"railways:28","properties":{"name":"Kettering"},"type":"Feature"},{"geometry":{"coordinates":[-1.1566159,50.7241835],"type":"Point"},"id":"railways:29","properties":{"name":"Ryde St John's Road"},"type":"Feature"},{"geometry":{"coordinates":[-1.1386031,50.6783048],"type":"Point"},"id":"railways:30","properties":{"name":"Brading"},"type":"Feature"},{"geometry":{"coordinates":[-1.1549982,50.7114652],"type":"Point"},"id":"railways:31","properties":{"name":"Smallbrook Junction"},"type":"Feature"},{"geometry":{"coordinates":[-1.2146336,50.7054566],"type":"Point"},"id":"railways:32","properties":{"name":"Havenstreet"},"type":"Feature"},{"geometry":{"coordinates":[-1.633916,51.0423679],"type":"Point"},"id":"railways:33","properties":{"name":"Dean"},"type":"Feature"},{"geometry":{"coordinates":[-2.5304821,51.7142815],"type":"Point"},"id":"railways:34","properties":{"name":"Lydney"},"type":"Feature"},{"geometry":{"coordinates":[-1.2590525,50.9163612],"type":"Point"},"id":"railways:35","properties":{"name":"Botley"},"type":"Feature"},{"geometry":{"coordinates":[-1.2365761,51.6538921],"type":"Point"},"id":"railways:36","properties":{"name":"Culham"},"type":"Feature"},{"geometry":{"coordinates":[-1.2424741,51.6394882],"type":"Point"},"id":"railways:37","properties":{"name":"Appleford"},"type":"Feature"},{"geometry":{"coordinates":[0.1057186,51.394738],"type":"Point"},"id":"railways:38","properties":{"name":"St Mary Cray"},"type":"Feature"},{"geometry":{"coordinates":[-1.3289942,50.8712423],"type":"Point"},"id":"railways:39","properties":{"name":"Hamble"},"type":"Feature"},{"geometry":{"coordinates":[-3.8086287,53.2838623],"type":"Point"},"id":"railways:40","properties":{"name":"Llandudno Junction"},"type":"Feature"},{"geometry":{"coordinates":[-3.1324867,53.2496833],"type":"Point"},"id":"railways:41","properties":{"name":"Flint"},"type":"Feature"},{"geometry":{"coordinates":[-3.0371817,53.2136891],"type":"Point"},"id":"railways:42","properties":{"name":"Shotton"},"type":"Feature"},{"geometry":{"coordinates":[-2.602769,53.2662973],"type":"Point"},"id":"railways:43","properties":{"name":"Acton Bridge"},"type":"Feature"},{"geometry":{"coordinates":[-2.9330473,54.8902575],"type":"Point"},"id":"railways:44","properties":{"name":"Carlisle"},"type":"Feature"},{"geometry":{"coordinates":[-3.8489342,55.7311168],"type":"Point"},"id":"railways:45","properties":{"name":"Carluke"},"type":"Feature"},{"geometry":{"coordinates":[-4.1335767,55.8188409],"type":"Point"},"id":"railways:46","properties":{"name":"Newton"},"type":"Feature"},{"geometry":{"coordinates":[-1.3939977,51.8326251],"type":"Point"},"id":"railways:47","properties":{"name":"Combe"},"type":"Feature"},{"geometry":{"coordinates":[-1.5926475,51.8659832],"type":"Point"},"id":"railways:48","properties":{"name":"Shipton"},"type":"Feature"},{"geometry":{"coordinates":[-1.4696045,51.8528179],"type":"Point"},"id":"railways:49","properties":{"name":"Finstock"},"type":"Feature"},{"geometry":{"coordinates":[-1.125024,50.8488504],"type":"Point"},"id":"railways:50","properties":{"name":"Portchester"},"type":"Feature"},{"geometry":{"coordinates":[-1.1610285,51.0883048],"type":"Point"},"id":"railways:51","properties":{"name":"Alresford"},"type":"Feature"},{"geometry":{"coordinates":[-0.7784454,54.2472695],"type":"Point"},"id":"railways:52","properties":{"name":"Pickering"},"type":"Feature"},{"geometry":{"coordinates":[-0.7443884,54.3082776],"type":"Point"},"id":"railways:53","properties":{"name":"Levisham"},"type":"Feature"},{"geometry":{"coordinates":[-0.7175713,54.3424692],"type":"Point"},"id":"railways:54","properties":{"name":"Newton Dale Halt"},"type":"Feature"},{"geometry":{"coordinates":[-0.7120943,54.4005905],"type":"Point"},"id":"railways:55","properties":{"name":"Goathland"},"type":"Feature"},{"geometry":{"coordinates":[-0.7248417,54.4361695],"type":"Point"},"id":"railways:56","properties":{"name":"Grosmont"},"type":"Feature"},{"geometry":{"coordinates":[-2.2808342,54.0669551],"type":"Point"},"id":"railways:57","properties":{"name":"Settle"},"type":"Feature"},{"geometry":{"coordinates":[-1.743655,52.5185309],"type":"Point"},"id":"railways:58","properties":{"name":"Water Orton"},"type":"Feature"},{"geometry":{"coordinates":[-0.2488001,51.6126689],"type":"Point"},"id":"railways:59","properties":{"name":"Mill Hill Broadway"},"type":"Feature"},{"geometry":{"coordinates":[-0.0261521,51.4444696],"type":"Point"},"id":"railways:60","properties":{"name":"Catford"},"type":"Feature"},{"geometry":{"coordinates":[-1.0673875,50.8418849],"type":"Point"},"id":"railways:61","properties":{"name":"Cosham"},"type":"Feature"},{"geometry":{"coordinates":[-2.8960456,53.2821114],"type":"Point"},"id":"railways:62","properties":{"name":"Ellesmere Port"},"type":"Feature"},{"geometry":{"coordinates":[-2.0549484,50.6382716],"type":"Point"},"id":"railways:63","properties":{"name":"Corfe Castle"},"type":"Feature"},{"geometry":{"coordinates":[-2.0265551,50.6197911],"type":"Point"},"id":"railways:64","properties":{"name":"Harman's Cross"},"type":"Feature"},{"geometry":{"coordinates":[-1.9804011,50.6130644],"type":"Point"},"id":"railways:65","properties":{"name":"Herston Halt"},"type":"Feature"},{"geometry":{"coordinates":[-0.3085216,51.0793769],"type":"Point"},"id":"railways:66","properties":{"name":"Littlehaven"},"type":"Feature"},{"geometry":{"coordinates":[-0.2630067,51.0959458],"type":"Point"},"id":"railways:67","properties":{"name":"Faygate"},"type":"Feature"},{"geometry":{"coordinates":[-0.2144647,51.1155376],"type":"Point"},"id":"railways:68","properties":{"name":"Ifield"},"type":"Feature"},{"geometry":{"coordinates":[-0.1609224,51.1567346],"type":"Point"},"id":"railways:69","properties":{"name":"Gatwick Airport"},"type":"Feature"},{"geometry":{"coordinates":[-0.1457168,50.9247179],"type":"Point"},"id":"railways:70","properties":{"name":"Hassocks"},"type":"Feature"},{"geometry":{"coordinates":[-1.2376466,51.826163],"type":"Point"},"id":"railways:71","properties":{"name":"Islip"},"type":"Feature"},{"geometry":{"coordinates":[-1.1493759,51.8924126],"type":"Point"},"id":"railways:72","properties":{"name":"Bicester Village"},"type":"Feature"},{"geometry":{"coordinates":[-0.1558767,51.4922264],"type":"Point"},"id":"railways:73","properties":{"name":"Sloane Square"},"type":"Feature"},{"geometry":{"coordinates":[-0.8429813,51.4119036],"type":"Point"},"id":"railways:74","properties":{"name":"Wokingham"},"type":"Feature"},{"geometry":{"coordinates":[-0.776776,51.3315657],"type":"Point"},"id":"railways:75","properties":{"name":"Blackwater"},"type":"Feature"},{"geometry":{"coordinates":[-1.5639687,51.8674576],"type":"Point"},"id":"railways:76","properties":{"name":"Ascott-under-Wychwood"},"type":"Feature"},{"geometry":{"coordinates":[-2.0675337,51.9244805],"type":"Point"},"id":"railways:77","properties":{"name":"Cheltenham Racecourse"},"type":"Feature"},{"geometry":{"coordinates":[-1.3417907,50.8750016],"type":"Point"},"id":"railways:78","properties":{"name":"Netley"},"type":"Feature"},{"geometry":{"coordinates":[-2.7711482,53.2752889],"type":"Point"},"id":"railways:79","properties":{"name":"Helsby"},"type":"Feature"},{"geometry":{"coordinates":[-2.5623447,51.5258271],"type":"Point"},"id":"railways:80","properties":{"name":"Patchway"},"type":"Feature"},{"geometry":{"coordinates":[-1.7136258,50.752603],"type":"Point"},"id":"railways:81","properties":{"name":"Hinton Admiral"},"type":"Feature"},{"geometry":{"coordinates":[-2.4321734,51.5413993],"type":"Point"},"id":"railways:82","properties":{"name":"Yate"},"type":"Feature"},{"geometry":{"coordinates":[-1.0732559,50.7964461],"type":"Point"},"id":"railways:83","properties":{"name":"Fratton"},"type":"Feature"},{"geometry":{"coordinates":[-1.149781,51.9032906],"type":"Point"},"id":"railways:84","properties":{"name":"Bicester North"},"type":"Feature"},{"geometry":{"coordinates":[-0.4422487,51.2192418],"type":"Point"},"id":"railways:85","properties":{"name":"Gomshall"},"type":"Feature"},{"geometry":{"coordinates":[-2.2143313,51.3200055],"type":"Point"},"id":"railways:86","properties":{"name":"Trowbridge"},"type":"Feature"},{"geometry":{"coordinates":[0.1526024,51.1284231],"type":"Point"},"id":"railways:87","properties":{"name":"Ashurst"},"type":"Feature"},{"geometry":{"coordinates":[0.0639692,51.5084776],"type":"Point"},"id":"railways:88","properties":{"name":"Cyprus"},"type":"Feature"},{"geometry":{"coordinates":[-0.2052107,51.4220252],"type":"Point"},"id":"railways:89","properties":{"name":"Wimbledon"},"type":"Feature"},{"geometry":{"coordinates":[-2.7597685,51.5845063],"type":"Point"},"id":"railways:90","properties":{"name":"Caldicot"},"type":"Feature"},{"geometry":{"coordinates":[-0.4800873,52.647832],"type":"Point"},"id":"railways:91","properties":{"name":"Stamford"},"type":"Feature"},{"geometry":{"coordinates":[-0.0952228,51.5118924],"type":"Point"},"id":"railways:92","properties":{"name":"Mansion House"},"type":"Feature"},{"geometry":{"coordinates":[-1.2028089,52.571375],"type":"Point"},"id":"railways:93","properties":{"name":"Narborough"},"type":"Feature"},{"geometry":{"coordinates":[-1.9524846,53.8149232],"type":"Point"},"id":"railways:94","properties":{"name":"Oxenhope"},"type":"Feature"},{"geometry":{"coordinates":[-0.3592754,51.5575208],"type":"Point"},"id":"railways:95","properties":{"name":"Northolt Park"},"type":"Feature"},{"geometry":{"coordinates":[-0.3631762,51.5851618],"type":"Point"},"id":"railways:96","properties":{"name":"North Harrow"},"type":"Feature"},{"geometry":{"coordinates":[0.1731809,51.1972733],"type":"Point"},"id":"railways:97","properties":{"name":"Penshurst"},"type":"Feature"},{"geometry":{"coordinates":[-1.8267335,50.7311874],"type":"Point"},"id":"railways:98","properties":{"name":"Pokesdown"},"type":"Feature"},{"geometry":{"coordinates":[-1.9478482,50.7229607],"type":"Point"},"id":"railways:99","properties":{"name":"Parkstone"},"type":"Feature"},{"geometry":{"coordinates":[-1.9193721,50.7270327],"type":"Point"},"id":"railways:100","properties":{"name":"Branksome"},"type":"Feature"},{"geometry":{"coordinates":[-1.98364,50.7193206],"type":"Point"},"id":"railways:101","properties":{"name":"Poole"},"type":"Feature"},{"geometry":{"coordinates":[-2.0776204,50.7115682],"type":"Point"},"id":"railways:102","properties":{"name":"Holton Heath"},"type":"Feature"},{"geometry":{"coordinates":[-5.0414474,51.7157699],"type":"Point"},"id":"railways:103","properties":{"name":"Milford Haven"},"type":"Feature"},{"geometry":{"coordinates":[-4.9967193,51.7562757],"type":"Point"},"id":"railways:104","properties":{"name":"Johnston"},"type":"Feature"},{"geometry":{"coordinates":[-4.960232,51.8026795],"type":"Point"},"id":"railways:105","properties":{"name":"Haverfordwest"},"type":"Feature"},{"geometry":{"coordinates":[-4.986173,52.0106917],"type":"Point"},"id":"railways:106","properties":{"name":"Fishguard Harbour"},"type":"Feature"},{"geometry":{"coordinates":[-2.2402077,53.3482461],"type":"Point"},"id":"railways:107","properties":{"name":"Styal"},"type":"Feature"},{"geometry":{"coordinates":[-3.06615,52.9332472],"type":"Point"},"id":"railways:108","properties":{"name":"Chirk"},"type":"Feature"},{"geometry":{"coordinates":[-3.0433414,52.98724],"type":"Point"},"id":"railways:109","properties":{"name":"Ruabon"},"type":"Feature"},{"geometry":{"coordinates":[-0.710798,51.5769144],"type":"Point"},"id":"railways:110","properties":{"name":"Bourne End"},"type":"Feature"},{"geometry":{"coordinates":[-4.8821559,51.851741],"type":"Point"},"id":"railways:111","properties":{"name":"Clarbeston Road"},"type":"Feature"},{"geometry":{"coordinates":[-0.3348748,51.5922178],"type":"Point"},"id":"railways:112","properties":{"name":"Harrow & Wealdstone"},"type":"Feature"},{"geometry":{"coordinates":[-0.4378216,51.7064134],"type":"Point"},"id":"railways:113","properties":{"name":"Kings Langley"},"type":"Feature"},{"geometry":{"coordinates":[-4.7310195,51.8401054],"type":"Point"},"id":"railways:114","properties":{"name":"Clunderwen"},"type":"Feature"},{"geometry":{"coordinates":[-4.6149893,51.818025],"type":"Point"},"id":"railways:115","properties":{"name":"Whitland"},"type":"Feature"},{"geometry":{"coordinates":[0.3345214,53.1431867],"type":"Point"},"id":"railways:116","properties":{"name":"Skegness"},"type":"Feature"},{"geometry":{"coordinates":[0.2729912,53.1146157],"type":"Point"},"id":"railways:117","properties":{"name":"Havenhouse"},"type":"Feature"},{"geometry":{"coordinates":[0.2345795,53.105157],"type":"Point"},"id":"railways:118","properties":{"name":"Wainfleet"},"type":"Feature"},{"geometry":{"coordinates":[-0.0313195,52.978108],"type":"Point"},"id":"railways:119","properties":{"name":"Boston"},"type":"Feature"},{"geometry":{"coordinates":[-0.2038369,51.2418815],"type":"Point"},"id":"railways:120","properties":{"name":"Reigate"},"type":"Feature"},{"geometry":{"coordinates":[-4.7145215,51.7323317],"type":"Point"},"id":"railways:121","properties":{"name":"Kilgetty"},"type":"Feature"},{"geometry":{"coordinates":[-4.7067395,51.6729708],"type":"Point"},"id":"railways:122","properties":{"name":"Tenby"},"type":"Feature"},{"geometry":{"coordinates":[-4.7219994,51.6589419],"type":"Point"},"id":"railways:123","properties":{"name":"Penally"},"type":"Feature"},{"geometry":{"coordinates":[-4.7927577,51.6602508],"type":"Point"},"id":"railways:124","properties":{"name":"Manorbier"},"type":"Feature"},{"geometry":{"coordinates":[-4.8728813,51.6671229],"type":"Point"},"id":"railways:125","properties":{"name":"Lamphey"},"type":"Feature"},{"geometry":{"coordinates":[-4.9064413,51.673007],"type":"Point"},"id":"railways:126","properties":{"name":"Pembroke"},"type":"Feature"},{"geometry":{"coordinates":[-3.0147883,55.9404591],"type":"Point"},"id":"railways:127","properties":{"name":"Wallyford"},"type":"Feature"},{"geometry":{"coordinates":[-2.8886468,55.9762365],"type":"Point"},"id":"railways:128","properties":{"name":"Longniddry"},"type":"Feature"},{"geometry":{"coordinates":[-2.7853021,56.0051337],"type":"Point"},"id":"railways:129","properties":{"name":"Drem"},"type":"Feature"},{"geometry":{"coordinates":[-2.5136844,55.9982113],"type":"Point"},"id":"railways:130","properties":{"name":"Dunbar"},"type":"Feature"},{"geometry":{"coordinates":[-0.2887523,51.5174885],"type":"Point"},"id":"railways:131","properties":{"name":"North Ealing"},"type":"Feature"},{"geometry":{"coordinates":[-0.342528,51.7446585],"type":"Point"},"id":"railways:132","properties":{"name":"St Albans Abbey"},"type":"Feature"},{"geometry":{"coordinates":[-0.3400687,51.7256643],"type":"Point"},"id":"railways:133","properties":{"name":"Park Street"},"type":"Feature"},{"geometry":{"coordinates":[-0.3591176,51.7055662],"type":"Point"},"id":"railways:134","properties":{"name":"Bricket Wood"},"type":"Feature"},{"geometry":{"coordinates":[-0.3818122,51.6865229],"type":"Point"},"id":"railways:135","properties":{"name":"Garston"},"type":"Feature"},{"geometry":{"coordinates":[-0.3902879,51.6750417],"type":"Point"},"id":"railways:136","properties":{"name":"Watford North"},"type":"Feature"},{"geometry":{"coordinates":[-0.3449434,51.7173665],"type":"Point"},"id":"railways:137","properties":{"name":"How Wood"},"type":"Feature"},{"geometry":{"coordinates":[-4.3057649,51.8533058],"type":"Point"},"id":"railways:138","properties":{"name":"Carmarthen"},"type":"Feature"},{"geometry":{"coordinates":[-1.6367716,55.392793],"type":"Point"},"id":"railways:139","properties":{"name":"Alnmouth"},"type":"Feature"},{"geometry":{"coordinates":[-2.0105423,55.7745555],"type":"Point"},"id":"railways:140","properties":{"name":"Berwick-upon-Tweed"},"type":"Feature"},{"geometry":{"coordinates":[-1.7066521,55.5367261],"type":"Point"},"id":"railways:141","properties":{"name":"Chathill"},"type":"Feature"},{"geometry":{"coordinates":[-1.1959184,52.7690651],"type":"Point"},"id":"railways:142","properties":{"name":"Loughborough Central"},"type":"Feature"},{"geometry":{"coordinates":[-4.2489624,51.6840593],"type":"Point"},"id":"railways:143","properties":{"name":"Pembrey and Burry Port"},"type":"Feature"},{"geometry":{"coordinates":[-4.3176545,51.7343994],"type":"Point"},"id":"railways:144","properties":{"name":"Kidwelly"},"type":"Feature"},{"geometry":{"coordinates":[-4.1610727,51.6737797],"type":"Point"},"id":"railways:145","properties":{"name":"Llanelli"},"type":"Feature"},{"geometry":{"coordinates":[-4.3695963,51.7682462],"type":"Point"},"id":"railways:146","properties":{"name":"Ferryside"},"type":"Feature"},{"geometry":{"coordinates":[-3.7817162,51.5924394],"type":"Point"},"id":"railways:147","properties":{"name":"Port Talbot Parkway"},"type":"Feature"},{"geometry":{"coordinates":[-3.8199507,51.6381644],"type":"Point"},"id":"railways:148","properties":{"name":"Briton Ferry"},"type":"Feature"},{"geometry":{"coordinates":[-3.5752586,51.5071098],"type":"Point"},"id":"railways:149","properties":{"name":"Bridgend"},"type":"Feature"},{"geometry":{"coordinates":[-3.6976297,51.5253321],"type":"Point"},"id":"railways:150","properties":{"name":"Pyle"},"type":"Feature"},{"geometry":{"coordinates":[-3.4416549,51.5376296],"type":"Point"},"id":"railways:151","properties":{"name":"Llanharan"},"type":"Feature"},{"geometry":{"coordinates":[-3.3920553,51.5238395],"type":"Point"},"id":"railways:152","properties":{"name":"Pontyclun"},"type":"Feature"},{"geometry":{"coordinates":[-4.0815468,52.4138938],"type":"Point"},"id":"railways:153","properties":{"name":"Aberystwyth"},"type":"Feature"},{"geometry":{"coordinates":[-4.0496662,52.4909831],"type":"Point"},"id":"railways:154","properties":{"name":"Borth"},"type":"Feature"},{"geometry":{"coordinates":[-3.9237919,52.564764],"type":"Point"},"id":"railways:155","properties":{"name":"Dovey Junction"},"type":"Feature"},{"geometry":{"coordinates":[-3.8548131,52.5951801],"type":"Point"},"id":"railways:156","properties":{"name":"Machynlleth"},"type":"Feature"},{"geometry":{"coordinates":[-0.1407393,50.8288602],"type":"Point"},"id":"railways:157","properties":{"name":"Brighton"},"type":"Feature"},{"geometry":{"coordinates":[-3.4325953,52.5161395],"type":"Point"},"id":"railways:158","properties":{"name":"Caersws"},"type":"Feature"},{"geometry":{"coordinates":[-3.3114829,52.5122378],"type":"Point"},"id":"railways:159","properties":{"name":"Newtown"},"type":"Feature"},{"geometry":{"coordinates":[-3.1394424,52.6580323],"type":"Point"},"id":"railways:160","properties":{"name":"Welshpool"},"type":"Feature"},{"geometry":{"coordinates":[0.3658792,52.2015139],"type":"Point"},"id":"railways:161","properties":{"name":"Dullingham"},"type":"Feature"},{"geometry":{"coordinates":[-1.664932,54.9588888],"type":"Point"},"id":"railways:162","properties":{"name":"MetroCentre"},"type":"Feature"},{"geometry":{"coordinates":[-2.7720801,54.809435],"type":"Point"},"id":"railways:163","properties":{"name":"Armathwaite"},"type":"Feature"},{"geometry":{"coordinates":[-2.7036908,54.7508153],"type":"Point"},"id":"railways:164","properties":{"name":"Lazonby and Kirkoswald"},"type":"Feature"},{"geometry":{"coordinates":[-2.6635574,54.6943632],"type":"Point"},"id":"railways:165","properties":{"name":"Langwathby"},"type":"Feature"},{"geometry":{"coordinates":[-2.3263682,54.3214617],"type":"Point"},"id":"railways:166","properties":{"name":"Garsdale"},"type":"Feature"},{"geometry":{"coordinates":[-2.3636343,54.2825661],"type":"Point"},"id":"railways:167","properties":{"name":"Dent"},"type":"Feature"},{"geometry":{"coordinates":[-2.3607303,54.2056394],"type":"Point"},"id":"railways:168","properties":{"name":"Ribblehead"},"type":"Feature"},{"geometry":{"coordinates":[-2.3020982,54.149217],"type":"Point"},"id":"railways:169","properties":{"name":"Horton-in-Ribblesdale"},"type":"Feature"},{"geometry":{"coordinates":[-0.1553443,50.8460091],"type":"Point"},"id":"railways:170","properties":{"name":"Preston Park"},"type":"Feature"},{"geometry":{"coordinates":[-0.1875624,51.9929714],"type":"Point"},"id":"railways:171","properties":{"name":"Baldock"},"type":"Feature"},{"geometry":{"coordinates":[-1.6729068,52.2952126],"type":"Point"},"id":"railways:172","properties":{"name":"Hatton"},"type":"Feature"},{"geometry":{"coordinates":[-1.7258138,52.3418029],"type":"Point"},"id":"railways:173","properties":{"name":"Lapworth"},"type":"Feature"},{"geometry":{"coordinates":[-1.7528556,52.371854],"type":"Point"},"id":"railways:174","properties":{"name":"Dorridge"},"type":"Feature"},{"geometry":{"coordinates":[-1.7742431,52.3960285],"type":"Point"},"id":"railways:175","properties":{"name":"Widney Manor"},"type":"Feature"},{"geometry":{"coordinates":[-1.7888672,52.4146286],"type":"Point"},"id":"railways:176","properties":{"name":"Solihull"},"type":"Feature"},{"geometry":{"coordinates":[-1.877661,52.4722127],"type":"Point"},"id":"railways:177","properties":{"name":"Bordesley"},"type":"Feature"},{"geometry":{"coordinates":[-1.8996588,52.4837984],"type":"Point"},"id":"railways:178","properties":{"name":"Birmingham Snow Hill"},"type":"Feature"},{"geometry":{"coordinates":[-1.2502743,52.3790353],"type":"Point"},"id":"railways:179","properties":{"name":"Rugby"},"type":"Feature"},{"geometry":{"coordinates":[-0.3924982,51.6522296],"type":"Point"},"id":"railways:180","properties":{"name":"Watford High Street"},"type":"Feature"},{"geometry":{"coordinates":[-0.7179834,51.9999805],"type":"Point"},"id":"railways:181","properties":{"name":"Fenny Stratford"},"type":"Feature"},{"geometry":{"coordinates":[-2.8190719,54.3756184],"type":"Point"},"id":"railways:182","properties":{"name":"Staveley"},"type":"Feature"},{"geometry":{"coordinates":[-0.8293176,51.7358193],"type":"Point"},"id":"railways:183","properties":{"name":"Monks Risborough"},"type":"Feature"},{"geometry":{"coordinates":[-0.9420743,51.7709259],"type":"Point"},"id":"railways:184","properties":{"name":"Haddenham and Thame Parkway"},"type":"Feature"},{"geometry":{"coordinates":[-0.8253668,51.6758974],"type":"Point"},"id":"railways:185","properties":{"name":"Saunderton"},"type":"Feature"},{"geometry":{"coordinates":[-0.5549256,51.5887853],"type":"Point"},"id":"railways:186","properties":{"name":"Gerrards Cross"},"type":"Feature"},{"geometry":{"coordinates":[-0.5181943,51.5806166],"type":"Point"},"id":"railways:187","properties":{"name":"Denham Golf Club"},"type":"Feature"},{"geometry":{"coordinates":[-0.4975242,51.5787242],"type":"Point"},"id":"railways:188","properties":{"name":"Denham"},"type":"Feature"},{"geometry":{"coordinates":[-0.4104614,51.5606573],"type":"Point"},"id":"railways:189","properties":{"name":"Ruislip Gardens"},"type":"Feature"},{"geometry":{"coordinates":[-2.0657314,52.530527],"type":"Point"},"id":"railways:190","properties":{"name":"Tipton"},"type":"Feature"},{"geometry":{"coordinates":[-0.7476905,51.7618168],"type":"Point"},"id":"railways:191","properties":{"name":"Wendover"},"type":"Feature"},{"geometry":{"coordinates":[-0.7092458,51.7033896],"type":"Point"},"id":"railways:192","properties":{"name":"Great Missenden"},"type":"Feature"},{"geometry":{"coordinates":[-1.9693703,52.4962726],"type":"Point"},"id":"railways:193","properties":{"name":"Smethwick Rolfe Street"},"type":"Feature"},{"geometry":{"coordinates":[-0.3085107,51.5703076],"type":"Point"},"id":"railways:194","properties":{"name":"South Kenton"},"type":"Feature"},{"geometry":{"coordinates":[-0.3038698,51.5624017],"type":"Point"},"id":"railways:195","properties":{"name":"North Wembley"},"type":"Feature"},{"geometry":{"coordinates":[-1.8251247,52.6802201],"type":"Point"},"id":"railways:196","properties":{"name":"Lichfield City"},"type":"Feature"},{"geometry":{"coordinates":[-1.9369103,52.7546597],"type":"Point"},"id":"railways:197","properties":{"name":"Rugeley Town"},"type":"Feature"},{"geometry":{"coordinates":[-4.0849334,52.9260251],"type":"Point"},"id":"railways:198","properties":{"name":"Minffordd"},"type":"Feature"},{"geometry":{"coordinates":[-4.068266,52.9044005],"type":"Point"},"id":"railways:199","properties":{"name":"Talsarnau"},"type":"Feature"},{"geometry":{"coordinates":[-4.1111125,52.830309],"type":"Point"},"id":"railways:200","properties":{"name":"Pensarn"},"type":"Feature"},{"geometry":{"coordinates":[-4.1046518,52.7883162],"type":"Point"},"id":"railways:201","properties":{"name":"Dyffryn Ardudwy"},"type":"Feature"},{"geometry":{"coordinates":[-4.0316284,52.7077447],"type":"Point"},"id":"railways:202","properties":{"name":"Morfa Mawddach"},"type":"Feature"},{"geometry":{"coordinates":[-4.0490344,52.6959804],"type":"Point"},"id":"railways:203","properties":{"name":"Fairbourne"},"type":"Feature"},{"geometry":{"coordinates":[-4.0877711,52.6668265],"type":"Point"},"id":"railways:204","properties":{"name":"Llwyngwril"},"type":"Feature"},{"geometry":{"coordinates":[-4.0563163,52.5443486],"type":"Point"},"id":"railways:205","properties":{"name":"Aberdyfi"},"type":"Feature"},{"geometry":{"coordinates":[-4.0352142,52.5456566],"type":"Point"},"id":"railways:206","properties":{"name":"Penhelyg"},"type":"Feature"},{"geometry":{"coordinates":[-2.2988432,53.0930252],"type":"Point"},"id":"railways:207","properties":{"name":"Alsager"},"type":"Feature"},{"geometry":{"coordinates":[-1.9924997,52.3609702],"type":"Point"},"id":"railways:208","properties":{"name":"Barnt Green"},"type":"Feature"},{"geometry":{"coordinates":[-2.1583391,52.2683805],"type":"Point"},"id":"railways:209","properties":{"name":"Droitwich Spa"},"type":"Feature"},{"geometry":{"coordinates":[-2.1193938,52.7236965],"type":"Point"},"id":"railways:210","properties":{"name":"Penkridge"},"type":"Feature"},{"geometry":{"coordinates":[-1.9910802,52.5630317],"type":"Point"},"id":"railways:211","properties":{"name":"Bescot Stadium"},"type":"Feature"},{"geometry":{"coordinates":[-1.976025,52.5522851],"type":"Point"},"id":"railways:212","properties":{"name":"Tame Bridge Parkway"},"type":"Feature"},{"geometry":{"coordinates":[-1.9023511,52.516406],"type":"Point"},"id":"railways:213","properties":{"name":"Perry Barr"},"type":"Feature"},{"geometry":{"coordinates":[-0.266464,52.0258212],"type":"Point"},"id":"railways:214","properties":{"name":"Arlesey"},"type":"Feature"},{"geometry":{"coordinates":[0.6100124,50.9186255],"type":"Point"},"id":"railways:215","properties":{"name":"Doleham"},"type":"Feature"},{"geometry":{"coordinates":[0.5768255,50.8583028],"type":"Point"},"id":"railways:216","properties":{"name":"Hastings"},"type":"Feature"},{"geometry":{"coordinates":[-2.9428878,51.348402],"type":"Point"},"id":"railways:217","properties":{"name":"Weston Milton"},"type":"Feature"},{"geometry":{"coordinates":[-2.8277046,51.3908826],"type":"Point"},"id":"railways:218","properties":{"name":"Yatton"},"type":"Feature"},{"geometry":{"coordinates":[-2.9718305,51.344496],"type":"Point"},"id":"railways:219","properties":{"name":"Weston-super-Mare"},"type":"Feature"},{"geometry":{"coordinates":[-3.5021627,50.7313015],"type":"Point"},"id":"railways:220","properties":{"name":"Polsloe Bridge"},"type":"Feature"},{"geometry":{"coordinates":[-3.4637875,50.685645],"type":"Point"},"id":"railways:221","properties":{"name":"Topsham"},"type":"Feature"},{"geometry":{"coordinates":[-3.4440694,50.6680325],"type":"Point"},"id":"railways:222","properties":{"name":"Exton"},"type":"Feature"},{"geometry":{"coordinates":[-3.4409796,50.6625937],"type":"Point"},"id":"railways:223","properties":{"name":"Lympstone Commando"},"type":"Feature"},{"geometry":{"coordinates":[-3.4149723,50.6215885],"type":"Point"},"id":"railways:224","properties":{"name":"Exmouth"},"type":"Feature"},{"geometry":{"coordinates":[-2.3195676,52.1258094],"type":"Point"},"id":"railways:225","properties":{"name":"Malvern Link"},"type":"Feature"},{"geometry":{"coordinates":[-1.3277225,51.0221625],"type":"Point"},"id":"railways:226","properties":{"name":"Shawford"},"type":"Feature"},{"geometry":{"coordinates":[-2.1763936,52.4067914],"type":"Point"},"id":"railways:227","properties":{"name":"Blakedown"},"type":"Feature"},{"geometry":{"coordinates":[-2.1465358,52.4224267],"type":"Point"},"id":"railways:228","properties":{"name":"Hagley"},"type":"Feature"},{"geometry":{"coordinates":[-2.1340314,52.4476157],"type":"Point"},"id":"railways:229","properties":{"name":"Stourbridge Junction"},"type":"Feature"},{"geometry":{"coordinates":[-2.1418921,52.4555918],"type":"Point"},"id":"railways:230","properties":{"name":"Stourbridge Town"},"type":"Feature"},{"geometry":{"coordinates":[-2.1160497,52.4599417],"type":"Point"},"id":"railways:231","properties":{"name":"Lye"},"type":"Feature"},{"geometry":{"coordinates":[-2.0907047,52.4694427],"type":"Point"},"id":"railways:232","properties":{"name":"Cradley Heath"},"type":"Feature"},{"geometry":{"coordinates":[-2.0308221,52.4774198],"type":"Point"},"id":"railways:233","properties":{"name":"Rowley Regis"},"type":"Feature"},{"geometry":{"coordinates":[-2.0054314,52.4934857],"type":"Point"},"id":"railways:234","properties":{"name":"Langley Green"},"type":"Feature"},{"geometry":{"coordinates":[0.0091415,52.0908316],"type":"Point"},"id":"railways:235","properties":{"name":"Meldreth"},"type":"Feature"},{"geometry":{"coordinates":[-2.3066603,52.3757574],"type":"Point"},"id":"railways:236","properties":{"name":"Bewdley"},"type":"Feature"},{"geometry":{"coordinates":[-2.3275672,52.3947134],"type":"Point"},"id":"railways:237","properties":{"name":"Northwood Halt"},"type":"Feature"},{"geometry":{"coordinates":[-2.3489579,52.4172341],"type":"Point"},"id":"railways:238","properties":{"name":"Arley"},"type":"Feature"},{"geometry":{"coordinates":[-2.3771557,52.4738852],"type":"Point"},"id":"railways:239","properties":{"name":"Hampton Loade"},"type":"Feature"},{"geometry":{"coordinates":[-2.3705819,52.444908],"type":"Point"},"id":"railways:240","properties":{"name":"Highley"},"type":"Feature"},{"geometry":{"coordinates":[-0.4585987,51.9054737],"type":"Point"},"id":"railways:241","properties":{"name":"Leagrave"},"type":"Feature"},{"geometry":{"coordinates":[-4.2227142,57.4802331],"type":"Point"},"id":"railways:242","properties":{"name":"Inverness"},"type":"Feature"},{"geometry":{"coordinates":[-4.4699354,57.478302],"type":"Point"},"id":"railways:243","properties":{"name":"Beauly"},"type":"Feature"},{"geometry":{"coordinates":[-1.2657803,50.8757233],"type":"Point"},"id":"railways:244","properties":{"name":"Swanwick"},"type":"Feature"},{"geometry":{"coordinates":[-2.0230749,51.6767954],"type":"Point"},"id":"railways:245","properties":{"name":"Kemble"},"type":"Feature"},{"geometry":{"coordinates":[-0.3361942,51.558533],"type":"Point"},"id":"railways:246","properties":{"name":"Sudbury Hill Harrow"},"type":"Feature"},{"geometry":{"coordinates":[-2.2192353,51.7445273],"type":"Point"},"id":"railways:247","properties":{"name":"Stroud"},"type":"Feature"},{"geometry":{"coordinates":[-2.2794209,51.7459341],"type":"Point"},"id":"railways:248","properties":{"name":"Stonehouse"},"type":"Feature"},{"geometry":{"coordinates":[-1.4830687,50.9176659],"type":"Point"},"id":"railways:249","properties":{"name":"Totton"},"type":"Feature"},{"geometry":{"coordinates":[-1.2272134,53.8270101],"type":"Point"},"id":"railways:250","properties":{"name":"Church Fenton"},"type":"Feature"},{"geometry":{"coordinates":[-3.1789269,51.4888964],"type":"Point"},"id":"railways:251","properties":{"name":"Cathays"},"type":"Feature"},{"geometry":{"coordinates":[-3.2292469,51.5084984],"type":"Point"},"id":"railways:252","properties":{"name":"Llandaf"},"type":"Feature"},{"geometry":{"coordinates":[-0.1597188,51.4356228],"type":"Point"},"id":"railways:253","properties":{"name":"Tooting Bec"},"type":"Feature"},{"geometry":{"coordinates":[-1.577847,53.8120604],"type":"Point"},"id":"railways:254","properties":{"name":"Burley Park"},"type":"Feature"},{"geometry":{"coordinates":[-1.0195165,54.5873806],"type":"Point"},"id":"railways:255","properties":{"name":"Marske"},"type":"Feature"},{"geometry":{"coordinates":[-2.1926918,57.2057069],"type":"Point"},"id":"railways:256","properties":{"name":"Dyce"},"type":"Feature"},{"geometry":{"coordinates":[-0.1296388,51.4653034],"type":"Point"},"id":"railways:257","properties":{"name":"Clapham North"},"type":"Feature"},{"geometry":{"coordinates":[-0.1123953,51.4818339],"type":"Point"},"id":"railways:258","properties":{"name":"Oval"},"type":"Feature"},{"geometry":{"coordinates":[-0.1058829,51.4882861],"type":"Point"},"id":"railways:259","properties":{"name":"Kennington"},"type":"Feature"},{"geometry":{"coordinates":[-2.8938545,56.374796],"type":"Point"},"id":"railways:260","properties":{"name":"Leuchars"},"type":"Feature"},{"geometry":{"coordinates":[-3.0089641,56.3172023],"type":"Point"},"id":"railways:261","properties":{"name":"Cupar"},"type":"Feature"},{"geometry":{"coordinates":[-3.0528873,56.2949363],"type":"Point"},"id":"railways:262","properties":{"name":"Springfield"},"type":"Feature"},{"geometry":{"coordinates":[-3.1215949,56.2742464],"type":"Point"},"id":"railways:263","properties":{"name":"Ladybank"},"type":"Feature"},{"geometry":{"coordinates":[-2.3734847,57.2864073],"type":"Point"},"id":"railways:264","properties":{"name":"Inverurie"},"type":"Feature"},{"geometry":{"coordinates":[-2.6169182,57.3373738],"type":"Point"},"id":"railways:265","properties":{"name":"Insch"},"type":"Feature"},{"geometry":{"coordinates":[-2.7757306,57.4445079],"type":"Point"},"id":"railways:266","properties":{"name":"Huntly"},"type":"Feature"},{"geometry":{"coordinates":[-2.9540057,57.5513812],"type":"Point"},"id":"railways:267","properties":{"name":"Keith"},"type":"Feature"},{"geometry":{"coordinates":[-2.2219984,53.4093155],"type":"Point"},"id":"railways:268","properties":{"name":"East Didsbury"},"type":"Feature"},{"geometry":{"coordinates":[-3.3075679,55.9275816],"type":"Point"},"id":"railways:269","properties":{"name":"Edinburgh Park"},"type":"Feature"},{"geometry":{"coordinates":[-3.0906705,55.9329747],"type":"Point"},"id":"railways:270","properties":{"name":"Newcraighall"},"type":"Feature"},{"geometry":{"coordinates":[-3.8331941,53.2945847],"type":"Point"},"id":"railways:271","properties":{"name":"Deganwy"},"type":"Feature"},{"geometry":{"coordinates":[-3.8278226,53.3202833],"type":"Point"},"id":"railways:272","properties":{"name":"Llandudno"},"type":"Feature"},{"geometry":{"coordinates":[-0.074968,51.5452841],"type":"Point"},"id":"railways:273","properties":{"name":"Dalston Junction"},"type":"Feature"},{"geometry":{"coordinates":[-1.3711055,52.5351729],"type":"Point"},"id":"railways:274","properties":{"name":"Hinckley"},"type":"Feature"},{"geometry":{"coordinates":[-1.2402569,51.6856231],"type":"Point"},"id":"railways:275","properties":{"name":"Radley"},"type":"Feature"},{"geometry":{"coordinates":[-1.8007875,53.6348046],"type":"Point"},"id":"railways:276","properties":{"name":"Lockwood"},"type":"Feature"},{"geometry":{"coordinates":[-1.7935694,53.6210566],"type":"Point"},"id":"railways:277","properties":{"name":"Berry Brow"},"type":"Feature"},{"geometry":{"coordinates":[-1.7808523,53.6082408],"type":"Point"},"id":"railways:278","properties":{"name":"Honley"},"type":"Feature"},{"geometry":{"coordinates":[-1.7698266,53.5970261],"type":"Point"},"id":"railways:279","properties":{"name":"Brockholes"},"type":"Feature"},{"geometry":{"coordinates":[-1.663204,53.5728721],"type":"Point"},"id":"railways:280","properties":{"name":"Denby Dale"},"type":"Feature"},{"geometry":{"coordinates":[-1.6226761,53.525632],"type":"Point"},"id":"railways:281","properties":{"name":"Penistone"},"type":"Feature"},{"geometry":{"coordinates":[-1.5630289,53.5353509],"type":"Point"},"id":"railways:282","properties":{"name":"Silkstone Common"},"type":"Feature"},{"geometry":{"coordinates":[-0.8173514,53.5898215],"type":"Point"},"id":"railways:283","properties":{"name":"Crowle"},"type":"Feature"},{"geometry":{"coordinates":[-0.732955,53.5855457],"type":"Point"},"id":"railways:284","properties":{"name":"Althorpe"},"type":"Feature"},{"geometry":{"coordinates":[-0.4097613,53.5750127],"type":"Point"},"id":"railways:285","properties":{"name":"Barnetby"},"type":"Feature"},{"geometry":{"coordinates":[-0.4857584,53.5490517],"type":"Point"},"id":"railways:286","properties":{"name":"Brigg"},"type":"Feature"},{"geometry":{"coordinates":[-0.5935507,53.4852618],"type":"Point"},"id":"railways:287","properties":{"name":"Kirton Lindsey"},"type":"Feature"},{"geometry":{"coordinates":[-1.9488416,53.8313183],"type":"Point"},"id":"railways:288","properties":{"name":"Haworth"},"type":"Feature"},{"geometry":{"coordinates":[-1.9419575,53.8413266],"type":"Point"},"id":"railways:289","properties":{"name":"Oakworth"},"type":"Feature"},{"geometry":{"coordinates":[-1.9244358,53.8459194],"type":"Point"},"id":"railways:290","properties":{"name":"Damems"},"type":"Feature"},{"geometry":{"coordinates":[-1.9151443,53.8536646],"type":"Point"},"id":"railways:291","properties":{"name":"Ingrow (West)"},"type":"Feature"},{"geometry":{"coordinates":[-1.7537033,53.8502025],"type":"Point"},"id":"railways:292","properties":{"name":"Baildon"},"type":"Feature"},{"geometry":{"coordinates":[-2.5886798,51.4683479],"type":"Point"},"id":"railways:293","properties":{"name":"Montpelier"},"type":"Feature"},{"geometry":{"coordinates":[-2.2551519,54.0166575],"type":"Point"},"id":"railways:294","properties":{"name":"Long Preston"},"type":"Feature"},{"geometry":{"coordinates":[-2.4488239,53.8048112],"type":"Point"},"id":"railways:295","properties":{"name":"Langho"},"type":"Feature"},{"geometry":{"coordinates":[-2.4642693,53.6979355],"type":"Point"},"id":"railways:296","properties":{"name":"Darwen"},"type":"Feature"},{"geometry":{"coordinates":[-2.414053,53.6559805],"type":"Point"},"id":"railways:297","properties":{"name":"Entwistle"},"type":"Feature"},{"geometry":{"coordinates":[-2.3754896,53.5445245],"type":"Point"},"id":"railways:298","properties":{"name":"Kearsley"},"type":"Feature"},{"geometry":{"coordinates":[-2.3141164,53.5223155],"type":"Point"},"id":"railways:299","properties":{"name":"Clifton"},"type":"Feature"},{"geometry":{"coordinates":[-0.0883292,51.4541783],"type":"Point"},"id":"railways:300","properties":{"name":"North Dulwich"},"type":"Feature"},{"geometry":{"coordinates":[-2.5663184,51.467446],"type":"Point"},"id":"railways:301","properties":{"name":"Stapleton Road"},"type":"Feature"},{"geometry":{"coordinates":[-2.56417,51.45858],"type":"Point"},"id":"railways:302","properties":{"name":"Lawrence Hill"},"type":"Feature"},{"geometry":{"coordinates":[-4.6904781,55.9335317],"type":"Point"},"id":"railways:303","properties":{"name":"Port Glasgow"},"type":"Feature"},{"geometry":{"coordinates":[-4.8036446,55.9405482],"type":"Point"},"id":"railways:304","properties":{"name":"Branchton"},"type":"Feature"},{"geometry":{"coordinates":[-4.4242818,55.8473867],"type":"Point"},"id":"railways:305","properties":{"name":"Paisley Gilmour Street"},"type":"Feature"},{"geometry":{"coordinates":[-4.3403698,55.8527558],"type":"Point"},"id":"railways:306","properties":{"name":"Cardonald"},"type":"Feature"},{"geometry":{"coordinates":[-4.5008001,55.9023584],"type":"Point"},"id":"railways:307","properties":{"name":"Bishopton"},"type":"Feature"},{"geometry":{"coordinates":[-2.5698672,53.5912146],"type":"Point"},"id":"railways:308","properties":{"name":"Blackrod"},"type":"Feature"},{"geometry":{"coordinates":[-2.3141397,50.701184],"type":"Point"},"id":"railways:309","properties":{"name":"Moreton"},"type":"Feature"},{"geometry":{"coordinates":[-2.2213123,50.681661],"type":"Point"},"id":"railways:310","properties":{"name":"Wool"},"type":"Feature"},{"geometry":{"coordinates":[-2.9228151,53.4052171],"type":"Point"},"id":"railways:311","properties":{"name":"Wavertree Technology Park"},"type":"Feature"},{"geometry":{"coordinates":[-2.7251202,53.4267142],"type":"Point"},"id":"railways:312","properties":{"name":"Lea Green"},"type":"Feature"},{"geometry":{"coordinates":[-2.7594696,53.4366896],"type":"Point"},"id":"railways:313","properties":{"name":"Thatto Heath"},"type":"Feature"},{"geometry":{"coordinates":[-2.6719929,53.4880481],"type":"Point"},"id":"railways:314","properties":{"name":"Garswood"},"type":"Feature"},{"geometry":{"coordinates":[-2.6476163,53.4997249],"type":"Point"},"id":"railways:315","properties":{"name":"Bryn"},"type":"Feature"},{"geometry":{"coordinates":[-3.098527,58.4417398],"type":"Point"},"id":"railways:316","properties":{"name":"Wick"},"type":"Feature"},{"geometry":{"coordinates":[-3.4513992,58.5135504],"type":"Point"},"id":"railways:317","properties":{"name":"Georgemas Junction"},"type":"Feature"},{"geometry":{"coordinates":[-3.5278692,58.5897358],"type":"Point"},"id":"railways:318","properties":{"name":"Thurso"},"type":"Feature"},{"geometry":{"coordinates":[-2.2306618,53.3932392],"type":"Point"},"id":"railways:319","properties":{"name":"Gatley"},"type":"Feature"},{"geometry":{"coordinates":[-0.0237594,51.5815237],"type":"Point"},"id":"railways:320","properties":{"name":"Walthamstow Queen's Road"},"type":"Feature"},{"geometry":{"coordinates":[-0.1817423,50.8363558],"type":"Point"},"id":"railways:321","properties":{"name":"Aldrington"},"type":"Feature"},{"geometry":{"coordinates":[-2.6031782,53.3859367],"type":"Point"},"id":"railways:322","properties":{"name":"Warrington Bank Quay"},"type":"Feature"},{"geometry":{"coordinates":[-2.3340515,53.4855266],"type":"Point"},"id":"railways:323","properties":{"name":"Eccles"},"type":"Feature"},{"geometry":{"coordinates":[-4.2370677,52.9183691],"type":"Point"},"id":"railways:324","properties":{"name":"Criccieth"},"type":"Feature"},{"geometry":{"coordinates":[-1.8110345,52.4851563],"type":"Point"},"id":"railways:325","properties":{"name":"Stechford"},"type":"Feature"},{"geometry":{"coordinates":[-1.786031,52.4805217],"type":"Point"},"id":"railways:326","properties":{"name":"Lea Hall"},"type":"Feature"},{"geometry":{"coordinates":[-0.1345942,51.4992816],"type":"Point"},"id":"railways:327","properties":{"name":"St. James's Park"},"type":"Feature"},{"geometry":{"coordinates":[-1.6997231,52.4286358],"type":"Point"},"id":"railways:328","properties":{"name":"Hampton-in-Arden"},"type":"Feature"},{"geometry":{"coordinates":[-0.5068108,51.5086086],"type":"Point"},"id":"railways:329","properties":{"name":"Iver"},"type":"Feature"},{"geometry":{"coordinates":[-0.1249302,51.5013562],"type":"Point"},"id":"railways:330","properties":{"name":"Westminster"},"type":"Feature"},{"geometry":{"coordinates":[1.1826954,52.0505184],"type":"Point"},"id":"railways:331","properties":{"name":"Derby Road"},"type":"Feature"},{"geometry":{"coordinates":[1.3498136,51.9670171],"type":"Point"},"id":"railways:332","properties":{"name":"Felixstowe"},"type":"Feature"},{"geometry":{"coordinates":[1.1662429,52.0810968],"type":"Point"},"id":"railways:333","properties":{"name":"Westerfield"},"type":"Feature"},{"geometry":{"coordinates":[-0.339152,51.3890554],"type":"Point"},"id":"railways:334","properties":{"name":"Thames Ditton"},"type":"Feature"},{"geometry":{"coordinates":[-2.4668807,51.4439411],"type":"Point"},"id":"railways:335","properties":{"name":"Oldland Common"},"type":"Feature"},{"geometry":{"coordinates":[-3.4946798,50.5481567],"type":"Point"},"id":"railways:336","properties":{"name":"Teignmouth"},"type":"Feature"},{"geometry":{"coordinates":[-0.134245,51.3220643],"type":"Point"},"id":"railways:337","properties":{"name":"Coulsdon Town"},"type":"Feature"},{"geometry":{"coordinates":[-0.1538819,51.3190513],"type":"Point"},"id":"railways:338","properties":{"name":"Woodmansterne"},"type":"Feature"},{"geometry":{"coordinates":[-0.2110536,51.2947305],"type":"Point"},"id":"railways:339","properties":{"name":"Kingswood"},"type":"Feature"},{"geometry":{"coordinates":[-0.1234206,51.3311286],"type":"Point"},"id":"railways:340","properties":{"name":"Reedham"},"type":"Feature"},{"geometry":{"coordinates":[1.4185238,52.6233987],"type":"Point"},"id":"railways:341","properties":{"name":"Brundall Gardens"},"type":"Feature"},{"geometry":{"coordinates":[-2.4958797,51.418071],"type":"Point"},"id":"railways:342","properties":{"name":"Keynsham"},"type":"Feature"},{"geometry":{"coordinates":[-2.6114362,51.4644315],"type":"Point"},"id":"railways:343","properties":{"name":"Clifton Down"},"type":"Feature"},{"geometry":{"coordinates":[-0.4676146,52.1293364],"type":"Point"},"id":"railways:344","properties":{"name":"Bedford St Johns"},"type":"Feature"},{"geometry":{"coordinates":[-3.367249,56.0422731],"type":"Point"},"id":"railways:345","properties":{"name":"Dalgety Bay"},"type":"Feature"},{"geometry":{"coordinates":[-3.3009757,56.0547554],"type":"Point"},"id":"railways:346","properties":{"name":"Aberdour"},"type":"Feature"},{"geometry":{"coordinates":[-3.2338286,56.0573493],"type":"Point"},"id":"railways:347","properties":{"name":"Burntisland"},"type":"Feature"},{"geometry":{"coordinates":[-3.1744897,56.069094],"type":"Point"},"id":"railways:348","properties":{"name":"Kinghorn"},"type":"Feature"},{"geometry":{"coordinates":[-3.1429347,56.162291],"type":"Point"},"id":"railways:349","properties":{"name":"Glenrothes with Thornton"},"type":"Feature"},{"geometry":{"coordinates":[-3.2609812,56.141062],"type":"Point"},"id":"railways:350","properties":{"name":"Cardenden"},"type":"Feature"},{"geometry":{"coordinates":[-3.3134751,56.1348998],"type":"Point"},"id":"railways:351","properties":{"name":"Lochgelly"},"type":"Feature"},{"geometry":{"coordinates":[-3.3432863,56.1116531],"type":"Point"},"id":"railways:352","properties":{"name":"Cowdenbeath"},"type":"Feature"},{"geometry":{"coordinates":[-3.4217706,56.0801657],"type":"Point"},"id":"railways:353","properties":{"name":"Dunfermline Queen Margaret"},"type":"Feature"},{"geometry":{"coordinates":[-3.4523618,56.0681116],"type":"Point"},"id":"railways:354","properties":{"name":"Dunfermline City"},"type":"Feature"},{"geometry":{"coordinates":[-3.4263289,56.0453763],"type":"Point"},"id":"railways:355","properties":{"name":"Rosyth"},"type":"Feature"},{"geometry":{"coordinates":[-3.5388213,50.717201],"type":"Point"},"id":"railways:356","properties":{"name":"Exeter St Thomas"},"type":"Feature"},{"geometry":{"coordinates":[-1.1025376,51.0874857],"type":"Point"},"id":"railways:357","properties":{"name":"Ropley"},"type":"Feature"},{"geometry":{"coordinates":[-4.4602186,57.5176683],"type":"Point"},"id":"railways:358","properties":{"name":"Muir of Ord"},"type":"Feature"},{"geometry":{"coordinates":[-4.422199,57.5941965],"type":"Point"},"id":"railways:359","properties":{"name":"Dingwall"},"type":"Feature"},{"geometry":{"coordinates":[-4.2499451,57.6944251],"type":"Point"},"id":"railways:360","properties":{"name":"Alness"},"type":"Feature"},{"geometry":{"coordinates":[-4.1742602,57.6890832],"type":"Point"},"id":"railways:361","properties":{"name":"Invergordon"},"type":"Feature"},{"geometry":{"coordinates":[-3.9939337,57.7780916],"type":"Point"},"id":"railways:362","properties":{"name":"Fearn"},"type":"Feature"},{"geometry":{"coordinates":[-4.0521292,57.8144887],"type":"Point"},"id":"railways:363","properties":{"name":"Tain"},"type":"Feature"},{"geometry":{"coordinates":[-4.362216,57.8815701],"type":"Point"},"id":"railways:364","properties":{"name":"Ardgay"},"type":"Feature"},{"geometry":{"coordinates":[-4.3998683,58.0018896],"type":"Point"},"id":"railways:365","properties":{"name":"Lairg"},"type":"Feature"},{"geometry":{"coordinates":[-3.9870732,57.9714657],"type":"Point"},"id":"railways:366","properties":{"name":"Golspie"},"type":"Feature"},{"geometry":{"coordinates":[-3.9473688,57.9857817],"type":"Point"},"id":"railways:367","properties":{"name":"Dunrobin Castle"},"type":"Feature"},{"geometry":{"coordinates":[-3.8523419,58.0131432],"type":"Point"},"id":"railways:368","properties":{"name":"Brora"},"type":"Feature"},{"geometry":{"coordinates":[-3.6591456,58.1177286],"type":"Point"},"id":"railways:369","properties":{"name":"Helmsdale"},"type":"Feature"},{"geometry":{"coordinates":[-4.6883753,57.6131055],"type":"Point"},"id":"railways:370","properties":{"name":"Garve"},"type":"Feature"},{"geometry":{"coordinates":[-5.0721994,57.5793199],"type":"Point"},"id":"railways:371","properties":{"name":"Achnasheen"},"type":"Feature"},{"geometry":{"coordinates":[-5.5507696,57.3522003],"type":"Point"},"id":"railways:372","properties":{"name":"Stromeferry"},"type":"Feature"},{"geometry":{"coordinates":[-5.6658916,57.3335912],"type":"Point"},"id":"railways:373","properties":{"name":"Plockton"},"type":"Feature"},{"geometry":{"coordinates":[-5.7138678,57.2802066],"type":"Point"},"id":"railways:374","properties":{"name":"Kyle of Lochalsh"},"type":"Feature"},{"geometry":{"coordinates":[-3.7524586,57.2481303],"type":"Point"},"id":"railways:375","properties":{"name":"Boat of Garten"},"type":"Feature"},{"geometry":{"coordinates":[-3.6670708,57.2833838],"type":"Point"},"id":"railways:376","properties":{"name":"Broomhill"},"type":"Feature"},{"geometry":{"coordinates":[-3.8282176,57.279486],"type":"Point"},"id":"railways:377","properties":{"name":"Carrbridge"},"type":"Feature"},{"geometry":{"coordinates":[-3.1310294,57.4580974],"type":"Point"},"id":"railways:378","properties":{"name":"Dufftown"},"type":"Feature"},{"geometry":{"coordinates":[-3.0114699,57.49636],"type":"Point"},"id":"railways:379","properties":{"name":"Towiemore"},"type":"Feature"},{"geometry":{"coordinates":[-2.9557534,57.5435539],"type":"Point"},"id":"railways:380","properties":{"name":"Keith Town"},"type":"Feature"},{"geometry":{"coordinates":[-2.3801536,51.379209],"type":"Point"},"id":"railways:381","properties":{"name":"Oldfield Park"},"type":"Feature"},{"geometry":{"coordinates":[-3.3111359,57.6427907],"type":"Point"},"id":"railways:382","properties":{"name":"Elgin"},"type":"Feature"},{"geometry":{"coordinates":[-3.7144735,55.9844795],"type":"Point"},"id":"railways:383","properties":{"name":"Polmont"},"type":"Feature"},{"geometry":{"coordinates":[-3.5957872,55.9763936],"type":"Point"},"id":"railways:384","properties":{"name":"Linlithgow"},"type":"Feature"},{"geometry":{"coordinates":[1.4389568,52.6195374],"type":"Point"},"id":"railways:385","properties":{"name":"Brundall"},"type":"Feature"},{"geometry":{"coordinates":[-5.1053126,56.8205581],"type":"Point"},"id":"railways:386","properties":{"name":"Fort William"},"type":"Feature"},{"geometry":{"coordinates":[-5.0958983,56.8438445],"type":"Point"},"id":"railways:387","properties":{"name":"Banavie"},"type":"Feature"},{"geometry":{"coordinates":[-5.6632962,56.8814375],"type":"Point"},"id":"railways:388","properties":{"name":"Lochailort"},"type":"Feature"},{"geometry":{"coordinates":[-5.2903522,56.8559844],"type":"Point"},"id":"railways:389","properties":{"name":"Locheilside"},"type":"Feature"},{"geometry":{"coordinates":[-5.1929207,56.8554042],"type":"Point"},"id":"railways:390","properties":{"name":"Loch Eil Outward Bound"},"type":"Feature"},{"geometry":{"coordinates":[0.9054279,51.8865086],"type":"Point"},"id":"railways:391","properties":{"name":"Colchester Town"},"type":"Feature"},{"geometry":{"coordinates":[-4.3143365,55.9413182],"type":"Point"},"id":"railways:392","properties":{"name":"Milngavie"},"type":"Feature"},{"geometry":{"coordinates":[-4.319724,55.9203329],"type":"Point"},"id":"railways:393","properties":{"name":"Hillfoot"},"type":"Feature"},{"geometry":{"coordinates":[-4.3326044,55.9169433],"type":"Point"},"id":"railways:394","properties":{"name":"Bearsden"},"type":"Feature"},{"geometry":{"coordinates":[-4.652967,55.9602378],"type":"Point"},"id":"railways:395","properties":{"name":"Cardross"},"type":"Feature"},{"geometry":{"coordinates":[-4.7119204,55.9948435],"type":"Point"},"id":"railways:396","properties":{"name":"Craigendoran"},"type":"Feature"},{"geometry":{"coordinates":[-0.114705,51.4626097],"type":"Point"},"id":"railways:397","properties":{"name":"Brixton"},"type":"Feature"},{"geometry":{"coordinates":[-1.589163,53.7505897],"type":"Point"},"id":"railways:398","properties":{"name":"Morley"},"type":"Feature"},{"geometry":{"coordinates":[-3.0372474,53.1168595],"type":"Point"},"id":"railways:399","properties":{"name":"Hope (Flintshire)"},"type":"Feature"},{"geometry":{"coordinates":[-3.0332375,53.1080896],"type":"Point"},"id":"railways:400","properties":{"name":"Caergwrle"},"type":"Feature"},{"geometry":{"coordinates":[-3.0308499,53.0988378],"type":"Point"},"id":"railways:401","properties":{"name":"Cefn-y-Bedd"},"type":"Feature"},{"geometry":{"coordinates":[-3.0176175,53.0727884],"type":"Point"},"id":"railways:402","properties":{"name":"Gwersyllt"},"type":"Feature"},{"geometry":{"coordinates":[-3.066695,55.0007365],"type":"Point"},"id":"railways:403","properties":{"name":"Gretna Green"},"type":"Feature"},{"geometry":{"coordinates":[-3.2628103,54.9835121],"type":"Point"},"id":"railways:404","properties":{"name":"Annan"},"type":"Feature"},{"geometry":{"coordinates":[-3.6044458,55.0727039],"type":"Point"},"id":"railways:405","properties":{"name":"Dumfries"},"type":"Feature"},{"geometry":{"coordinates":[-4.2997826,55.8710725],"type":"Point"},"id":"railways:406","properties":{"name":"Kelvinhall"},"type":"Feature"},{"geometry":{"coordinates":[-3.9246994,55.3709645],"type":"Point"},"id":"railways:407","properties":{"name":"Sanquhar"},"type":"Feature"},{"geometry":{"coordinates":[-3.9988105,55.3875092],"type":"Point"},"id":"railways:408","properties":{"name":"Kirkconnel"},"type":"Feature"},{"geometry":{"coordinates":[-4.1833546,55.4022358],"type":"Point"},"id":"railways:409","properties":{"name":"New Cumnock"},"type":"Feature"},{"geometry":{"coordinates":[-4.2959612,55.4698739],"type":"Point"},"id":"railways:410","properties":{"name":"Auchinleck"},"type":"Feature"},{"geometry":{"coordinates":[-4.6555229,55.5427424],"type":"Point"},"id":"railways:411","properties":{"name":"Troon"},"type":"Feature"},{"geometry":{"coordinates":[-4.4994085,55.6125595],"type":"Point"},"id":"railways:412","properties":{"name":"Kilmarnock"},"type":"Feature"},{"geometry":{"coordinates":[-0.4094509,52.5610781],"type":"Point"},"id":"railways:413","properties":{"name":"Yarwell Junction (NVR)"},"type":"Feature"},{"geometry":{"coordinates":[-2.912095,53.3586932],"type":"Point"},"id":"railways:414","properties":{"name":"Cressington"},"type":"Feature"},{"geometry":{"coordinates":[-2.3005891,51.3417702],"type":"Point"},"id":"railways:415","properties":{"name":"Freshford"},"type":"Feature"},{"geometry":{"coordinates":[-1.1598113,52.7042808],"type":"Point"},"id":"railways:416","properties":{"name":"Rothley"},"type":"Feature"},{"geometry":{"coordinates":[-4.4929182,55.9310545],"type":"Point"},"id":"railways:417","properties":{"name":"Bowling"},"type":"Feature"},{"geometry":{"coordinates":[-4.7315696,56.0038456],"type":"Point"},"id":"railways:418","properties":{"name":"Helensburgh Central"},"type":"Feature"},{"geometry":{"coordinates":[-4.2797284,55.8742774],"type":"Point"},"id":"railways:419","properties":{"name":"Kelvinbridge"},"type":"Feature"},{"geometry":{"coordinates":[-4.2933927,55.8752484],"type":"Point"},"id":"railways:420","properties":{"name":"Hillhead"},"type":"Feature"},{"geometry":{"coordinates":[-3.8969589,58.3568564],"type":"Point"},"id":"railways:421","properties":{"name":"Forsinard"},"type":"Feature"},{"geometry":{"coordinates":[-4.6157219,55.7871745],"type":"Point"},"id":"railways:422","properties":{"name":"Lochwinnoch"},"type":"Feature"},{"geometry":{"coordinates":[-2.3157744,53.6768699],"type":"Point"},"id":"railways:423","properties":{"name":"Irwell Vale"},"type":"Feature"},{"geometry":{"coordinates":[-2.2918033,53.698586],"type":"Point"},"id":"railways:424","properties":{"name":"Rawtenstall"},"type":"Feature"},{"geometry":{"coordinates":[-2.3134126,53.6279534],"type":"Point"},"id":"railways:425","properties":{"name":"Summerseat"},"type":"Feature"},{"geometry":{"coordinates":[-2.3032556,53.6113055],"type":"Point"},"id":"railways:426","properties":{"name":"Burrs Country Park Halt"},"type":"Feature"},{"geometry":{"coordinates":[-2.3003018,53.5929094],"type":"Point"},"id":"railways:427","properties":{"name":"Bury, Bolton Street"},"type":"Feature"},{"geometry":{"coordinates":[-0.1988601,51.389451],"type":"Point"},"id":"railways:428","properties":{"name":"St. Helier"},"type":"Feature"},{"geometry":{"coordinates":[-0.1961049,51.3754313],"type":"Point"},"id":"railways:429","properties":{"name":"Sutton Common"},"type":"Feature"},{"geometry":{"coordinates":[-4.9216232,56.8898718],"type":"Point"},"id":"railways:430","properties":{"name":"Spean Bridge"},"type":"Feature"},{"geometry":{"coordinates":[-2.3146606,53.6473535],"type":"Point"},"id":"railways:431","properties":{"name":"Ramsbottom"},"type":"Feature"},{"geometry":{"coordinates":[-3.062958,53.2917321],"type":"Point"},"id":"railways:432","properties":{"name":"Neston"},"type":"Feature"},{"geometry":{"coordinates":[-1.8314515,52.5456367],"type":"Point"},"id":"railways:433","properties":{"name":"Wylde Green"},"type":"Feature"},{"geometry":{"coordinates":[-2.9266096,53.3645118],"type":"Point"},"id":"railways:434","properties":{"name":"Aigburth"},"type":"Feature"},{"geometry":{"coordinates":[-2.5936286,51.4406058],"type":"Point"},"id":"railways:435","properties":{"name":"Bedminster"},"type":"Feature"},{"geometry":{"coordinates":[-2.6085368,51.432994],"type":"Point"},"id":"railways:436","properties":{"name":"Parson Street"},"type":"Feature"},{"geometry":{"coordinates":[-3.9235064,53.2705474],"type":"Point"},"id":"railways:437","properties":{"name":"Penmaenmawr"},"type":"Feature"},{"geometry":{"coordinates":[-3.983123,53.2569753],"type":"Point"},"id":"railways:438","properties":{"name":"Llanfairfechan"},"type":"Feature"},{"geometry":{"coordinates":[-4.2093569,53.2208651],"type":"Point"},"id":"railways:439","properties":{"name":"Llanfairpwll"},"type":"Feature"},{"geometry":{"coordinates":[-4.4162913,53.2041893],"type":"Point"},"id":"railways:440","properties":{"name":"Bodorgan"},"type":"Feature"},{"geometry":{"coordinates":[-4.4739623,53.2225426],"type":"Point"},"id":"railways:441","properties":{"name":"Ty Croes"},"type":"Feature"},{"geometry":{"coordinates":[-4.5058449,53.2346794],"type":"Point"},"id":"railways:442","properties":{"name":"Rhosneigr"},"type":"Feature"},{"geometry":{"coordinates":[-4.5634307,53.2815404],"type":"Point"},"id":"railways:443","properties":{"name":"Valley"},"type":"Feature"},{"geometry":{"coordinates":[-0.2938084,52.9772075],"type":"Point"},"id":"railways:444","properties":{"name":"Heckington"},"type":"Feature"},{"geometry":{"coordinates":[-0.4101594,52.9955161],"type":"Point"},"id":"railways:445","properties":{"name":"Sleaford"},"type":"Feature"},{"geometry":{"coordinates":[-0.4559695,52.9852782],"type":"Point"},"id":"railways:446","properties":{"name":"Rauceby"},"type":"Feature"},{"geometry":{"coordinates":[-0.8554051,52.9521534],"type":"Point"},"id":"railways:447","properties":{"name":"Elton and Orston"},"type":"Feature"},{"geometry":{"coordinates":[-4.7323622,55.9422124],"type":"Point"},"id":"railways:448","properties":{"name":"Cartsdyke"},"type":"Feature"},{"geometry":{"coordinates":[-4.7122765,55.9371847],"type":"Point"},"id":"railways:449","properties":{"name":"Bogston"},"type":"Feature"},{"geometry":{"coordinates":[-4.6566353,55.9314376],"type":"Point"},"id":"railways:450","properties":{"name":"Woodhall"},"type":"Feature"},{"geometry":{"coordinates":[-4.5861277,55.9245747],"type":"Point"},"id":"railways:451","properties":{"name":"Langbank"},"type":"Feature"},{"geometry":{"coordinates":[-4.4424606,55.85212],"type":"Point"},"id":"railways:452","properties":{"name":"Paisley St James"},"type":"Feature"},{"geometry":{"coordinates":[-4.3710945,55.8558618],"type":"Point"},"id":"railways:453","properties":{"name":"Hillington West"},"type":"Feature"},{"geometry":{"coordinates":[-4.3549043,55.8542302],"type":"Point"},"id":"railways:454","properties":{"name":"Hillington East"},"type":"Feature"},{"geometry":{"coordinates":[-4.2243365,55.8567027],"type":"Point"},"id":"railways:455","properties":{"name":"Bellgrove"},"type":"Feature"},{"geometry":{"coordinates":[-4.2125984,55.8586614],"type":"Point"},"id":"railways:456","properties":{"name":"Duke Street"},"type":"Feature"},{"geometry":{"coordinates":[-1.415295,52.5996554],"type":"Point"},"id":"railways:457","properties":{"name":"Shenton"},"type":"Feature"},{"geometry":{"coordinates":[-1.4412337,52.6556653],"type":"Point"},"id":"railways:458","properties":{"name":"Shackerstone"},"type":"Feature"},{"geometry":{"coordinates":[-3.2993662,55.936508],"type":"Point"},"id":"railways:459","properties":{"name":"South Gyle"},"type":"Feature"},{"geometry":{"coordinates":[0.8906635,51.3116525],"type":"Point"},"id":"railways:460","properties":{"name":"Faversham"},"type":"Feature"},{"geometry":{"coordinates":[-0.6326933,52.0212048],"type":"Point"},"id":"railways:461","properties":{"name":"Aspley Guise"},"type":"Feature"},{"geometry":{"coordinates":[-0.5948488,52.026389],"type":"Point"},"id":"railways:462","properties":{"name":"Ridgmont"},"type":"Feature"},{"geometry":{"coordinates":[-0.5207575,52.0690354],"type":"Point"},"id":"railways:463","properties":{"name":"Stewartby"},"type":"Feature"},{"geometry":{"coordinates":[-4.4227595,55.840182],"type":"Point"},"id":"railways:464","properties":{"name":"Paisley Canal"},"type":"Feature"},{"geometry":{"coordinates":[-2.6645392,51.5596758],"type":"Point"},"id":"railways:465","properties":{"name":"Severn Beach"},"type":"Feature"},{"geometry":{"coordinates":[-1.0933566,54.4575551],"type":"Point"},"id":"railways:466","properties":{"name":"Battersby"},"type":"Feature"},{"geometry":{"coordinates":[-0.6470844,51.5233926],"type":"Point"},"id":"railways:467","properties":{"name":"Burnham"},"type":"Feature"},{"geometry":{"coordinates":[-2.9760156,53.3832177],"type":"Point"},"id":"railways:468","properties":{"name":"Brunswick"},"type":"Feature"},{"geometry":{"coordinates":[-4.7518756,55.9452099],"type":"Point"},"id":"railways:469","properties":{"name":"Greenock Central"},"type":"Feature"},{"geometry":{"coordinates":[-4.7466858,55.9383768],"type":"Point"},"id":"railways:470","properties":{"name":"Whinhill"},"type":"Feature"},{"geometry":{"coordinates":[-1.9911832,53.9753663],"type":"Point"},"id":"railways:471","properties":{"name":"Embsay"},"type":"Feature"},{"geometry":{"coordinates":[-1.9604287,53.9759635],"type":"Point"},"id":"railways:472","properties":{"name":"Holywell Halt"},"type":"Feature"},{"geometry":{"coordinates":[-0.9071791,50.8481981],"type":"Point"},"id":"railways:473","properties":{"name":"Southbourne"},"type":"Feature"},{"geometry":{"coordinates":[-0.9385075,50.8516544],"type":"Point"},"id":"railways:474","properties":{"name":"Emsworth"},"type":"Feature"},{"geometry":{"coordinates":[-4.2505836,55.8576248],"type":"Point"},"id":"railways:475","properties":{"name":"Argyle Street"},"type":"Feature"},{"geometry":{"coordinates":[-4.2702586,55.8597738],"type":"Point"},"id":"railways:476","properties":{"name":"Anderston"},"type":"Feature"},{"geometry":{"coordinates":[-4.284793,55.8337247],"type":"Point"},"id":"railways:477","properties":{"name":"Crossmyloof"},"type":"Feature"},{"geometry":{"coordinates":[-4.2924269,55.8293953],"type":"Point"},"id":"railways:478","properties":{"name":"Shawlands"},"type":"Feature"},{"geometry":{"coordinates":[-4.2505925,55.7683101],"type":"Point"},"id":"railways:479","properties":{"name":"Thorntonhall"},"type":"Feature"},{"geometry":{"coordinates":[-4.2929605,55.8039361],"type":"Point"},"id":"railways:480","properties":{"name":"Giffnock"},"type":"Feature"},{"geometry":{"coordinates":[-4.3117061,55.8110927],"type":"Point"},"id":"railways:481","properties":{"name":"Thornliebank"},"type":"Feature"},{"geometry":{"coordinates":[-1.9087365,53.9761584],"type":"Point"},"id":"railways:482","properties":{"name":"Bolton Abbey"},"type":"Feature"},{"geometry":{"coordinates":[-1.058643,50.8283898],"type":"Point"},"id":"railways:483","properties":{"name":"Hilsea"},"type":"Feature"},{"geometry":{"coordinates":[-3.0323456,53.2181055],"type":"Point"},"id":"railways:484","properties":{"name":"Hawarden Bridge"},"type":"Feature"},{"geometry":{"coordinates":[-4.2899228,55.7940114],"type":"Point"},"id":"railways:485","properties":{"name":"Williamwood"},"type":"Feature"},{"geometry":{"coordinates":[-4.2603903,55.8177954],"type":"Point"},"id":"railways:486","properties":{"name":"Cathcart"},"type":"Feature"},{"geometry":{"coordinates":[-4.3352786,55.7905841],"type":"Point"},"id":"railways:487","properties":{"name":"Patterton"},"type":"Feature"},{"geometry":{"coordinates":[-4.4272019,55.7828151],"type":"Point"},"id":"railways:488","properties":{"name":"Neilston"},"type":"Feature"},{"geometry":{"coordinates":[-4.288521,55.8376638],"type":"Point"},"id":"railways:489","properties":{"name":"Maxwell Park"},"type":"Feature"},{"geometry":{"coordinates":[-4.2761545,55.8376405],"type":"Point"},"id":"railways:490","properties":{"name":"Pollokshields West"},"type":"Feature"},{"geometry":{"coordinates":[-3.6322246,52.1046083],"type":"Point"},"id":"railways:491","properties":{"name":"Llanwrtyd"},"type":"Feature"},{"geometry":{"coordinates":[-4.3651014,55.8422333],"type":"Point"},"id":"railways:492","properties":{"name":"Crookston"},"type":"Feature"},{"geometry":{"coordinates":[-1.6557662,53.6755716],"type":"Point"},"id":"railways:493","properties":{"name":"Ravensthorpe"},"type":"Feature"},{"geometry":{"coordinates":[-4.0644936,52.9287529],"type":"Point"},"id":"railways:494","properties":{"name":"Penrhyndeudraeth"},"type":"Feature"},{"geometry":{"coordinates":[-4.1092654,52.861755],"type":"Point"},"id":"railways:495","properties":{"name":"Harlech"},"type":"Feature"},{"geometry":{"coordinates":[-4.3995361,55.8421016],"type":"Point"},"id":"railways:496","properties":{"name":"Hawkhead"},"type":"Feature"},{"geometry":{"coordinates":[-4.2611049,55.8268033],"type":"Point"},"id":"railways:497","properties":{"name":"Mount Florida"},"type":"Feature"},{"geometry":{"coordinates":[-3.9051778,50.3935074],"type":"Point"},"id":"railways:498","properties":{"name":"Ivybridge"},"type":"Feature"},{"geometry":{"coordinates":[-3.5430302,50.4610509],"type":"Point"},"id":"railways:499","properties":{"name":"Torquay"},"type":"Feature"},{"geometry":{"coordinates":[-3.5462153,50.4727465],"type":"Point"},"id":"railways:500","properties":{"name":"Torre"},"type":"Feature"},{"geometry":{"coordinates":[-1.9852679,52.5841365],"type":"Point"},"id":"railways:501","properties":{"name":"Walsall"},"type":"Feature"},{"geometry":{"coordinates":[-2.7779892,53.6674573],"type":"Point"},"id":"railways:502","properties":{"name":"Croston"},"type":"Feature"},{"geometry":{"coordinates":[-2.8405323,53.5975512],"type":"Point"},"id":"railways:503","properties":{"name":"Burscough Junction"},"type":"Feature"},{"geometry":{"coordinates":[-2.8182384,53.7817543],"type":"Point"},"id":"railways:504","properties":{"name":"Salwick"},"type":"Feature"},{"geometry":{"coordinates":[-2.8833796,53.7869046],"type":"Point"},"id":"railways:505","properties":{"name":"Kirkham and Wesham"},"type":"Feature"},{"geometry":{"coordinates":[-2.9429624,53.7647531],"type":"Point"},"id":"railways:506","properties":{"name":"Moss Side"},"type":"Feature"},{"geometry":{"coordinates":[-2.8037976,54.1693432],"type":"Point"},"id":"railways:507","properties":{"name":"Silverdale"},"type":"Feature"},{"geometry":{"coordinates":[-2.7714886,54.1296244],"type":"Point"},"id":"railways:508","properties":{"name":"Carnforth"},"type":"Feature"},{"geometry":{"coordinates":[-3.0299186,53.8353457],"type":"Point"},"id":"railways:509","properties":{"name":"Layton"},"type":"Feature"},{"geometry":{"coordinates":[-4.9375963,51.6938827],"type":"Point"},"id":"railways:510","properties":{"name":"Pembroke Dock"},"type":"Feature"},{"geometry":{"coordinates":[-2.6716808,53.6598241],"type":"Point"},"id":"railways:511","properties":{"name":"Euxton Balshaw Lane"},"type":"Feature"},{"geometry":{"coordinates":[-4.3048819,55.854705],"type":"Point"},"id":"railways:512","properties":{"name":"Ibrox"},"type":"Feature"},{"geometry":{"coordinates":[-4.3106046,55.8622526],"type":"Point"},"id":"railways:513","properties":{"name":"Govan"},"type":"Feature"},{"geometry":{"coordinates":[-0.0483841,51.1030758],"type":"Point"},"id":"railways:514","properties":{"name":"Kingscote"},"type":"Feature"},{"geometry":{"coordinates":[-0.0448579,51.046255],"type":"Point"},"id":"railways:515","properties":{"name":"Horsted Keynes"},"type":"Feature"},{"geometry":{"coordinates":[-0.0012346,50.9955844],"type":"Point"},"id":"railways:516","properties":{"name":"Sheffield Park"},"type":"Feature"},{"geometry":{"coordinates":[0.1880755,51.1122821],"type":"Point"},"id":"railways:517","properties":{"name":"Groombridge"},"type":"Feature"},{"geometry":{"coordinates":[0.2526778,51.1235888],"type":"Point"},"id":"railways:518","properties":{"name":"Tunbridge Wells West"},"type":"Feature"},{"geometry":{"coordinates":[0.6852189,51.0703263],"type":"Point"},"id":"railways:519","properties":{"name":"Tenterden Town"},"type":"Feature"},{"geometry":{"coordinates":[0.6600068,51.0639927],"type":"Point"},"id":"railways:520","properties":{"name":"Rolvenden"},"type":"Feature"},{"geometry":{"coordinates":[0.6611109,51.0279011],"type":"Point"},"id":"railways:521","properties":{"name":"Wittersham Road"},"type":"Feature"},{"geometry":{"coordinates":[0.613833,51.0093928],"type":"Point"},"id":"railways:522","properties":{"name":"Northiam"},"type":"Feature"},{"geometry":{"coordinates":[0.5389926,50.9966492],"type":"Point"},"id":"railways:523","properties":{"name":"Bodiam"},"type":"Feature"},{"geometry":{"coordinates":[1.0719648,51.0712703],"type":"Point"},"id":"railways:524","properties":{"name":"Hythe"},"type":"Feature"},{"geometry":{"coordinates":[0.954204,50.9859473],"type":"Point"},"id":"railways:525","properties":{"name":"New Romney"},"type":"Feature"},{"geometry":{"coordinates":[0.963136,50.9587303],"type":"Point"},"id":"railways:526","properties":{"name":"Romney Sands"},"type":"Feature"},{"geometry":{"coordinates":[0.9705863,50.914493],"type":"Point"},"id":"railways:527","properties":{"name":"Dungeness"},"type":"Feature"},{"geometry":{"coordinates":[-2.1623117,53.3601721],"type":"Point"},"id":"railways:528","properties":{"name":"Bramhall"},"type":"Feature"},{"geometry":{"coordinates":[0.7497742,51.4159485],"type":"Point"},"id":"railways:529","properties":{"name":"Queenborough"},"type":"Feature"},{"geometry":{"coordinates":[0.7583155,51.4407137],"type":"Point"},"id":"railways:530","properties":{"name":"Sheerness-on-Sea"},"type":"Feature"},{"geometry":{"coordinates":[0.7349601,51.3617377],"type":"Point"},"id":"railways:531","properties":{"name":"Kemsley"},"type":"Feature"},{"geometry":{"coordinates":[0.6591006,51.6036509],"type":"Point"},"id":"railways:532","properties":{"name":"Hockley"},"type":"Feature"},{"geometry":{"coordinates":[-4.2551909,55.8575378],"type":"Point"},"id":"railways:533","properties":{"name":"St Enoch"},"type":"Feature"},{"geometry":{"coordinates":[-4.253398,55.862413],"type":"Point"},"id":"railways:534","properties":{"name":"Buchanan Street"},"type":"Feature"},{"geometry":{"coordinates":[-4.2582198,55.8519813],"type":"Point"},"id":"railways:535","properties":{"name":"Bridge Street"},"type":"Feature"},{"geometry":{"coordinates":[-4.2691792,55.8712226],"type":"Point"},"id":"railways:536","properties":{"name":"St George's Cross"},"type":"Feature"},{"geometry":{"coordinates":[-2.2447896,53.7935522],"type":"Point"},"id":"railways:537","properties":{"name":"Burnley Central"},"type":"Feature"},{"geometry":{"coordinates":[-2.2579533,53.790928],"type":"Point"},"id":"railways:538","properties":{"name":"Burnley Barracks"},"type":"Feature"},{"geometry":{"coordinates":[-2.2142644,53.8347164],"type":"Point"},"id":"railways:539","properties":{"name":"Nelson"},"type":"Feature"},{"geometry":{"coordinates":[-2.236243,53.8243669],"type":"Point"},"id":"railways:540","properties":{"name":"Brierfield"},"type":"Feature"},{"geometry":{"coordinates":[-4.2878813,55.8503817],"type":"Point"},"id":"railways:541","properties":{"name":"Kinning Park"},"type":"Feature"},{"geometry":{"coordinates":[-1.0519248,54.609055],"type":"Point"},"id":"railways:542","properties":{"name":"Redcar East"},"type":"Feature"},{"geometry":{"coordinates":[-0.3761766,50.8186425],"type":"Point"},"id":"railways:543","properties":{"name":"Worthing"},"type":"Feature"},{"geometry":{"coordinates":[-0.0416453,51.5867174],"type":"Point"},"id":"railways:544","properties":{"name":"Blackhorse Road"},"type":"Feature"},{"geometry":{"coordinates":[-2.1309424,53.4574018],"type":"Point"},"id":"railways:545","properties":{"name":"Denton"},"type":"Feature"},{"geometry":{"coordinates":[-2.1586843,53.4359636],"type":"Point"},"id":"railways:546","properties":{"name":"Reddish South"},"type":"Feature"},{"geometry":{"coordinates":[-2.0835284,53.3600557],"type":"Point"},"id":"railways:547","properties":{"name":"Middlewood"},"type":"Feature"},{"geometry":{"coordinates":[-3.0028279,53.6468651],"type":"Point"},"id":"railways:548","properties":{"name":"Southport"},"type":"Feature"},{"geometry":{"coordinates":[-4.265835,55.8495393],"type":"Point"},"id":"railways:549","properties":{"name":"West Street"},"type":"Feature"},{"geometry":{"coordinates":[-4.2753727,55.8499812],"type":"Point"},"id":"railways:550","properties":{"name":"Shields Road"},"type":"Feature"},{"geometry":{"coordinates":[-4.3471881,55.8406701],"type":"Point"},"id":"railways:551","properties":{"name":"Mosspark"},"type":"Feature"},{"geometry":{"coordinates":[-4.3343276,55.8374699],"type":"Point"},"id":"railways:552","properties":{"name":"Corkerhill"},"type":"Feature"},{"geometry":{"coordinates":[-4.0785559,52.8937477],"type":"Point"},"id":"railways:553","properties":{"name":"Tygwyn"},"type":"Feature"},{"geometry":{"coordinates":[-0.6818864,51.5233325],"type":"Point"},"id":"railways:554","properties":{"name":"Taplow"},"type":"Feature"},{"geometry":{"coordinates":[0.4660183,51.426953],"type":"Point"},"id":"railways:555","properties":{"name":"Higham"},"type":"Feature"},{"geometry":{"coordinates":[-0.3933519,50.818373],"type":"Point"},"id":"railways:556","properties":{"name":"West Worthing"},"type":"Feature"},{"geometry":{"coordinates":[1.3194153,51.9766523],"type":"Point"},"id":"railways:557","properties":{"name":"Trimley"},"type":"Feature"},{"geometry":{"coordinates":[-2.6964411,51.5124477],"type":"Point"},"id":"railways:558","properties":{"name":"St Andrews Road"},"type":"Feature"},{"geometry":{"coordinates":[-2.6789317,51.4842773],"type":"Point"},"id":"railways:559","properties":{"name":"Shirehampton"},"type":"Feature"},{"geometry":{"coordinates":[-2.6695158,53.530526],"type":"Point"},"id":"railways:560","properties":{"name":"Pemberton"},"type":"Feature"},{"geometry":{"coordinates":[-2.6342351,53.5450582],"type":"Point"},"id":"railways:561","properties":{"name":"Wigan Wallgate"},"type":"Feature"},{"geometry":{"coordinates":[-3.926309,55.772201],"type":"Point"},"id":"railways:562","properties":{"name":"Wishaw"},"type":"Feature"},{"geometry":{"coordinates":[-4.0870218,55.8235614],"type":"Point"},"id":"railways:563","properties":{"name":"Uddingston"},"type":"Feature"},{"geometry":{"coordinates":[-4.1730177,55.8194533],"type":"Point"},"id":"railways:564","properties":{"name":"Cambuslang"},"type":"Feature"},{"geometry":{"coordinates":[-3.9946997,55.7820658],"type":"Point"},"id":"railways:565","properties":{"name":"Airbles"},"type":"Feature"},{"geometry":{"coordinates":[-4.055493,55.7793567],"type":"Point"},"id":"railways:566","properties":{"name":"Hamilton West"},"type":"Feature"},{"geometry":{"coordinates":[-4.0868786,55.7972986],"type":"Point"},"id":"railways:567","properties":{"name":"Blantyre"},"type":"Feature"},{"geometry":{"coordinates":[-4.2031241,55.8169392],"type":"Point"},"id":"railways:568","properties":{"name":"Burnside"},"type":"Feature"},{"geometry":{"coordinates":[-4.2282424,55.8182468],"type":"Point"},"id":"railways:569","properties":{"name":"Croftfoot"},"type":"Feature"},{"geometry":{"coordinates":[-4.2462819,55.8195122],"type":"Point"},"id":"railways:570","properties":{"name":"Kings Park"},"type":"Feature"},{"geometry":{"coordinates":[-4.5030863,55.8342806],"type":"Point"},"id":"railways:571","properties":{"name":"Johnstone"},"type":"Feature"},{"geometry":{"coordinates":[-4.5625091,55.8105718],"type":"Point"},"id":"railways:572","properties":{"name":"Howwood"},"type":"Feature"},{"geometry":{"coordinates":[-4.6748972,55.7389842],"type":"Point"},"id":"railways:573","properties":{"name":"Glengarnock"},"type":"Feature"},{"geometry":{"coordinates":[-4.7111352,55.70599],"type":"Point"},"id":"railways:574","properties":{"name":"Dalry"},"type":"Feature"},{"geometry":{"coordinates":[-2.7662934,53.4172066],"type":"Point"},"id":"railways:575","properties":{"name":"Rainhill"},"type":"Feature"},{"geometry":{"coordinates":[-2.7091136,53.53016],"type":"Point"},"id":"railways:576","properties":{"name":"Orrell"},"type":"Feature"},{"geometry":{"coordinates":[-2.7410475,53.5284097],"type":"Point"},"id":"railways:577","properties":{"name":"Upholland"},"type":"Feature"},{"geometry":{"coordinates":[-2.7885785,53.5171092],"type":"Point"},"id":"railways:578","properties":{"name":"Rainford"},"type":"Feature"},{"geometry":{"coordinates":[-4.6747819,55.6111945],"type":"Point"},"id":"railways:579","properties":{"name":"Irvine"},"type":"Feature"},{"geometry":{"coordinates":[-4.7501074,55.6342495],"type":"Point"},"id":"railways:580","properties":{"name":"Stevenston"},"type":"Feature"},{"geometry":{"coordinates":[-4.8005345,55.6411104],"type":"Point"},"id":"railways:581","properties":{"name":"Ardrossan South Beach"},"type":"Feature"},{"geometry":{"coordinates":[-4.8120759,55.640213],"type":"Point"},"id":"railways:582","properties":{"name":"Ardrossan Town"},"type":"Feature"},{"geometry":{"coordinates":[-4.8202505,55.6395086],"type":"Point"},"id":"railways:583","properties":{"name":"Ardrossan Harbour"},"type":"Feature"},{"geometry":{"coordinates":[-4.8513782,55.6964342],"type":"Point"},"id":"railways:584","properties":{"name":"West Kilbride"},"type":"Feature"},{"geometry":{"coordinates":[-4.8531864,55.7518932],"type":"Point"},"id":"railways:585","properties":{"name":"Fairlie"},"type":"Feature"},{"geometry":{"coordinates":[-4.8670329,55.7924967],"type":"Point"},"id":"railways:586","properties":{"name":"Largs"},"type":"Feature"},{"geometry":{"coordinates":[-4.3011492,55.8975029],"type":"Point"},"id":"railways:587","properties":{"name":"Maryhill"},"type":"Feature"},{"geometry":{"coordinates":[-4.324607,55.8134577],"type":"Point"},"id":"railways:588","properties":{"name":"Kennishead"},"type":"Feature"},{"geometry":{"coordinates":[-4.3604363,55.8118935],"type":"Point"},"id":"railways:589","properties":{"name":"Nitshill"},"type":"Feature"},{"geometry":{"coordinates":[-2.9028054,53.4863899],"type":"Point"},"id":"railways:590","properties":{"name":"Kirkby"},"type":"Feature"},{"geometry":{"coordinates":[-2.9563311,53.4738148],"type":"Point"},"id":"railways:591","properties":{"name":"Aintree"},"type":"Feature"},{"geometry":{"coordinates":[-3.0251924,53.4746595],"type":"Point"},"id":"railways:592","properties":{"name":"Waterloo"},"type":"Feature"},{"geometry":{"coordinates":[-3.0709185,53.5543155],"type":"Point"},"id":"railways:593","properties":{"name":"Formby"},"type":"Feature"},{"geometry":{"coordinates":[-3.04264,53.6018568],"type":"Point"},"id":"railways:594","properties":{"name":"Ainsdale"},"type":"Feature"},{"geometry":{"coordinates":[-3.0047956,53.4655761],"type":"Point"},"id":"railways:595","properties":{"name":"Seaforth & Litherland"},"type":"Feature"},{"geometry":{"coordinates":[-2.9946156,53.4527853],"type":"Point"},"id":"railways:596","properties":{"name":"Bootle New Strand"},"type":"Feature"},{"geometry":{"coordinates":[-2.9956678,53.4467],"type":"Point"},"id":"railways:597","properties":{"name":"Bootle Oriel Road"},"type":"Feature"},{"geometry":{"coordinates":[-4.2871464,55.8248032],"type":"Point"},"id":"railways:598","properties":{"name":"Pollokshaws East"},"type":"Feature"},{"geometry":{"coordinates":[-4.2763033,55.8209593],"type":"Point"},"id":"railways:599","properties":{"name":"Langside"},"type":"Feature"},{"geometry":{"coordinates":[-4.2566597,55.833259],"type":"Point"},"id":"railways:600","properties":{"name":"Crosshill"},"type":"Feature"},{"geometry":{"coordinates":[-4.2669649,55.8353494],"type":"Point"},"id":"railways:601","properties":{"name":"Queens Park"},"type":"Feature"},{"geometry":{"coordinates":[-4.5323997,55.7119142],"type":"Point"},"id":"railways:602","properties":{"name":"Dunlop"},"type":"Feature"},{"geometry":{"coordinates":[-4.518166,55.68208],"type":"Point"},"id":"railways:603","properties":{"name":"Stewarton"},"type":"Feature"},{"geometry":{"coordinates":[-4.5305498,55.6371026],"type":"Point"},"id":"railways:604","properties":{"name":"Kilmaurs"},"type":"Feature"},{"geometry":{"coordinates":[-4.6853779,55.3546492],"type":"Point"},"id":"railways:605","properties":{"name":"Maybole"},"type":"Feature"},{"geometry":{"coordinates":[-4.8480843,55.2462778],"type":"Point"},"id":"railways:606","properties":{"name":"Girvan"},"type":"Feature"},{"geometry":{"coordinates":[-4.7821386,55.0975281],"type":"Point"},"id":"railways:607","properties":{"name":"Barrhill"},"type":"Feature"},{"geometry":{"coordinates":[-5.0246884,54.9092782],"type":"Point"},"id":"railways:608","properties":{"name":"Stranraer"},"type":"Feature"},{"geometry":{"coordinates":[-4.3007989,55.8449511],"type":"Point"},"id":"railways:609","properties":{"name":"Dumbreck"},"type":"Feature"},{"geometry":{"coordinates":[-2.8349663,54.0746566],"type":"Point"},"id":"railways:610","properties":{"name":"Bare Lane"},"type":"Feature"},{"geometry":{"coordinates":[-2.8685482,54.0703282],"type":"Point"},"id":"railways:611","properties":{"name":"Morecambe"},"type":"Feature"},{"geometry":{"coordinates":[-2.912999,54.0333273],"type":"Point"},"id":"railways:612","properties":{"name":"Heysham Port"},"type":"Feature"},{"geometry":{"coordinates":[-4.767762,55.9472002],"type":"Point"},"id":"railways:613","properties":{"name":"Greenock West"},"type":"Feature"},{"geometry":{"coordinates":[-4.8723695,55.9060729],"type":"Point"},"id":"railways:614","properties":{"name":"Inverkip"},"type":"Feature"},{"geometry":{"coordinates":[-4.8893143,55.8762565],"type":"Point"},"id":"railways:615","properties":{"name":"Wemyss Bay"},"type":"Feature"},{"geometry":{"coordinates":[-4.1326839,55.8404655],"type":"Point"},"id":"railways:616","properties":{"name":"Mount Vernon"},"type":"Feature"},{"geometry":{"coordinates":[-4.0737519,55.8512996],"type":"Point"},"id":"railways:617","properties":{"name":"Bargeddie"},"type":"Feature"},{"geometry":{"coordinates":[-4.1137169,55.8445129],"type":"Point"},"id":"railways:618","properties":{"name":"Baillieston"},"type":"Feature"},{"geometry":{"coordinates":[-5.0556071,50.150832],"type":"Point"},"id":"railways:619","properties":{"name":"Falmouth Docks"},"type":"Feature"},{"geometry":{"coordinates":[-5.0648535,50.148352],"type":"Point"},"id":"railways:620","properties":{"name":"Falmouth Town"},"type":"Feature"},{"geometry":{"coordinates":[-5.0832589,50.1503799],"type":"Point"},"id":"railways:621","properties":{"name":"Penmere"},"type":"Feature"},{"geometry":{"coordinates":[-5.1115102,50.1705802],"type":"Point"},"id":"railways:622","properties":{"name":"Penryn"},"type":"Feature"},{"geometry":{"coordinates":[-5.1119985,50.2166069],"type":"Point"},"id":"railways:623","properties":{"name":"Perranwell"},"type":"Feature"},{"geometry":{"coordinates":[-4.4095333,50.4266018],"type":"Point"},"id":"railways:624","properties":{"name":"Menheniot"},"type":"Feature"},{"geometry":{"coordinates":[-4.3084706,50.3941993],"type":"Point"},"id":"railways:625","properties":{"name":"St Germans"},"type":"Feature"},{"geometry":{"coordinates":[-4.2091547,50.4072015],"type":"Point"},"id":"railways:626","properties":{"name":"Saltash"},"type":"Feature"},{"geometry":{"coordinates":[-4.1798923,50.3899651],"type":"Point"},"id":"railways:627","properties":{"name":"Keyham"},"type":"Feature"},{"geometry":{"coordinates":[-3.9734878,55.812564],"type":"Point"},"id":"railways:628","properties":{"name":"Holytown"},"type":"Feature"},{"geometry":{"coordinates":[-3.7990785,55.8185654],"type":"Point"},"id":"railways:629","properties":{"name":"Shotts"},"type":"Feature"},{"geometry":{"coordinates":[-3.6063049,55.8434492],"type":"Point"},"id":"railways:630","properties":{"name":"Addiewell"},"type":"Feature"},{"geometry":{"coordinates":[-3.7192484,55.8224448],"type":"Point"},"id":"railways:631","properties":{"name":"Fauldhouse"},"type":"Feature"},{"geometry":{"coordinates":[-3.6672602,55.8275461],"type":"Point"},"id":"railways:632","properties":{"name":"Breich"},"type":"Feature"},{"geometry":{"coordinates":[-2.3825907,54.5354896],"type":"Point"},"id":"railways:633","properties":{"name":"Warcop"},"type":"Feature"},{"geometry":{"coordinates":[-2.357978,54.4625907],"type":"Point"},"id":"railways:634","properties":{"name":"Kirkby Stephen East"},"type":"Feature"},{"geometry":{"coordinates":[-3.1798165,51.4399232],"type":"Point"},"id":"railways:635","properties":{"name":"Dingle Road"},"type":"Feature"},{"geometry":{"coordinates":[-3.189048,51.4461638],"type":"Point"},"id":"railways:636","properties":{"name":"Cogan"},"type":"Feature"},{"geometry":{"coordinates":[-3.2062588,51.4378361],"type":"Point"},"id":"railways:637","properties":{"name":"Eastbrook"},"type":"Feature"},{"geometry":{"coordinates":[-3.219067,51.4312712],"type":"Point"},"id":"railways:638","properties":{"name":"Dinas Powys"},"type":"Feature"},{"geometry":{"coordinates":[-3.1667298,51.4675647],"type":"Point"},"id":"railways:639","properties":{"name":"Cardiff Bay"},"type":"Feature"},{"geometry":{"coordinates":[-3.0999836,53.4080707],"type":"Point"},"id":"railways:640","properties":{"name":"Leasowe"},"type":"Feature"},{"geometry":{"coordinates":[-3.1132099,53.407278],"type":"Point"},"id":"railways:641","properties":{"name":"Moreton"},"type":"Feature"},{"geometry":{"coordinates":[-3.084131,53.3864448],"type":"Point"},"id":"railways:642","properties":{"name":"Upton"},"type":"Feature"},{"geometry":{"coordinates":[0.1826107,51.5747271],"type":"Point"},"id":"railways:643","properties":{"name":"Romford"},"type":"Feature"},{"geometry":{"coordinates":[-0.4881271,50.8165151],"type":"Point"},"id":"railways:644","properties":{"name":"Angmering"},"type":"Feature"},{"geometry":{"coordinates":[-3.2638929,51.5412435],"type":"Point"},"id":"railways:645","properties":{"name":"Taffs Well"},"type":"Feature"},{"geometry":{"coordinates":[-3.2902376,51.5681608],"type":"Point"},"id":"railways:646","properties":{"name":"Treforest Estate"},"type":"Feature"},{"geometry":{"coordinates":[-3.3249855,51.5918935],"type":"Point"},"id":"railways:647","properties":{"name":"Trefforest"},"type":"Feature"},{"geometry":{"coordinates":[-0.2371421,50.8324714],"type":"Point"},"id":"railways:648","properties":{"name":"Southwick"},"type":"Feature"},{"geometry":{"coordinates":[-4.7952091,55.9589194],"type":"Point"},"id":"railways:649","properties":{"name":"Fort Matilda"},"type":"Feature"},{"geometry":{"coordinates":[-1.844423,52.3442757],"type":"Point"},"id":"railways:650","properties":{"name":"Wood End"},"type":"Feature"},{"geometry":{"coordinates":[-1.7163038,52.1949449],"type":"Point"},"id":"railways:651","properties":{"name":"Stratford-upon-Avon"},"type":"Feature"},{"geometry":{"coordinates":[-1.8514355,52.3919065],"type":"Point"},"id":"railways:652","properties":{"name":"Whitlocks End"},"type":"Feature"},{"geometry":{"coordinates":[-1.8654559,52.3801248],"type":"Point"},"id":"railways:653","properties":{"name":"Wythall"},"type":"Feature"},{"geometry":{"coordinates":[-1.7839992,52.2914546],"type":"Point"},"id":"railways:654","properties":{"name":"Henley-in-Arden"},"type":"Feature"},{"geometry":{"coordinates":[-1.7304498,52.2065538],"type":"Point"},"id":"railways:655","properties":{"name":"Stratford-upon-Avon Parkway"},"type":"Feature"},{"geometry":{"coordinates":[-3.2490261,51.5165903],"type":"Point"},"id":"railways:656","properties":{"name":"Radyr"},"type":"Feature"},{"geometry":{"coordinates":[-3.5888232,50.7787677],"type":"Point"},"id":"railways:657","properties":{"name":"Newton St Cyres"},"type":"Feature"},{"geometry":{"coordinates":[-3.6467418,50.7833186],"type":"Point"},"id":"railways:658","properties":{"name":"Crediton"},"type":"Feature"},{"geometry":{"coordinates":[-3.7266919,50.776782],"type":"Point"},"id":"railways:659","properties":{"name":"Yeoford"},"type":"Feature"},{"geometry":{"coordinates":[-3.7512975,50.8142667],"type":"Point"},"id":"railways:660","properties":{"name":"Copplestone"},"type":"Feature"},{"geometry":{"coordinates":[-3.7761414,50.8316895],"type":"Point"},"id":"railways:661","properties":{"name":"Morchard Road"},"type":"Feature"},{"geometry":{"coordinates":[-3.8107456,50.8570746],"type":"Point"},"id":"railways:662","properties":{"name":"Lapford"},"type":"Feature"},{"geometry":{"coordinates":[-3.8751093,50.8876902],"type":"Point"},"id":"railways:663","properties":{"name":"Eggesford"},"type":"Feature"},{"geometry":{"coordinates":[-3.9054672,50.9363016],"type":"Point"},"id":"railways:664","properties":{"name":"Kings Nympton"},"type":"Feature"},{"geometry":{"coordinates":[-3.9827904,50.9965513],"type":"Point"},"id":"railways:665","properties":{"name":"Umberleigh"},"type":"Feature"},{"geometry":{"coordinates":[-4.0245509,51.016229],"type":"Point"},"id":"railways:666","properties":{"name":"Chapelton"},"type":"Feature"},{"geometry":{"coordinates":[-3.9964221,50.7323333],"type":"Point"},"id":"railways:667","properties":{"name":"Okehampton"},"type":"Feature"},{"geometry":{"coordinates":[-4.1814548,50.4510874],"type":"Point"},"id":"railways:668","properties":{"name":"Bere Ferrers"},"type":"Feature"},{"geometry":{"coordinates":[-4.2003187,50.4856076],"type":"Point"},"id":"railways:669","properties":{"name":"Bere Alston"},"type":"Feature"},{"geometry":{"coordinates":[-4.208583,50.497994],"type":"Point"},"id":"railways:670","properties":{"name":"Calstock"},"type":"Feature"},{"geometry":{"coordinates":[-4.4813527,50.4451584],"type":"Point"},"id":"railways:671","properties":{"name":"Coombe Junction Halt"},"type":"Feature"},{"geometry":{"coordinates":[-4.4633482,50.4228214],"type":"Point"},"id":"railways:672","properties":{"name":"St Keyne Wishing Well Halt"},"type":"Feature"},{"geometry":{"coordinates":[-4.4664151,50.4056895],"type":"Point"},"id":"railways:673","properties":{"name":"Causeland"},"type":"Feature"},{"geometry":{"coordinates":[-4.4563912,50.3595613],"type":"Point"},"id":"railways:674","properties":{"name":"Looe"},"type":"Feature"},{"geometry":{"coordinates":[-0.9671209,50.8535025],"type":"Point"},"id":"railways:675","properties":{"name":"Warblington"},"type":"Feature"},{"geometry":{"coordinates":[-3.6549668,51.609681],"type":"Point"},"id":"railways:676","properties":{"name":"Maesteg"},"type":"Feature"},{"geometry":{"coordinates":[-3.6426832,51.5966785],"type":"Point"},"id":"railways:677","properties":{"name":"Garth (Bridgend)"},"type":"Feature"},{"geometry":{"coordinates":[-1.1822374,52.8438171],"type":"Point"},"id":"railways:678","properties":{"name":"Rushcliffe Halt"},"type":"Feature"},{"geometry":{"coordinates":[-0.3898649,52.5681509],"type":"Point"},"id":"railways:679","properties":{"name":"Wansford (NVR)"},"type":"Feature"},{"geometry":{"coordinates":[-0.2800883,52.5600241],"type":"Point"},"id":"railways:680","properties":{"name":"Orton Mere (NVR)"},"type":"Feature"},{"geometry":{"coordinates":[-1.9602545,50.6099662],"type":"Point"},"id":"railways:681","properties":{"name":"Swanage"},"type":"Feature"},{"geometry":{"coordinates":[-4.1701007,50.3785212],"type":"Point"},"id":"railways:682","properties":{"name":"Devonport"},"type":"Feature"},{"geometry":{"coordinates":[-4.1760319,50.3823705],"type":"Point"},"id":"railways:683","properties":{"name":"Dockyard"},"type":"Feature"},{"geometry":{"coordinates":[-2.0032455,54.7433099],"type":"Point"},"id":"railways:684","properties":{"name":"Stanhope"},"type":"Feature"},{"geometry":{"coordinates":[-3.8545939,52.376061],"type":"Point"},"id":"railways:685","properties":{"name":"Devil's Bridge / Pontarfynach"},"type":"Feature"},{"geometry":{"coordinates":[-3.8695391,52.38375],"type":"Point"},"id":"railways:686","properties":{"name":"Rhiwfron"},"type":"Feature"},{"geometry":{"coordinates":[-3.9311239,52.3907764],"type":"Point"},"id":"railways:687","properties":{"name":"Aberffrwd"},"type":"Feature"},{"geometry":{"coordinates":[-3.9889123,52.3993745],"type":"Point"},"id":"railways:688","properties":{"name":"Capel Bangor"},"type":"Feature"},{"geometry":{"coordinates":[-4.0618245,52.4059929],"type":"Point"},"id":"railways:689","properties":{"name":"Llanbadarn"},"type":"Feature"},{"geometry":{"coordinates":[-0.1475523,51.4528372],"type":"Point"},"id":"railways:690","properties":{"name":"Clapham South"},"type":"Feature"},{"geometry":{"coordinates":[-0.1528977,51.4433857],"type":"Point"},"id":"railways:691","properties":{"name":"Balham"},"type":"Feature"},{"geometry":{"coordinates":[-0.1682905,51.4277387],"type":"Point"},"id":"railways:692","properties":{"name":"Tooting Broadway"},"type":"Feature"},{"geometry":{"coordinates":[-0.1778626,51.4182747],"type":"Point"},"id":"railways:693","properties":{"name":"Colliers Wood"},"type":"Feature"},{"geometry":{"coordinates":[-0.1926457,51.4151759],"type":"Point"},"id":"railways:694","properties":{"name":"South Wimbledon"},"type":"Feature"},{"geometry":{"coordinates":[-0.8155144,50.8391034],"type":"Point"},"id":"railways:695","properties":{"name":"Fishbourne"},"type":"Feature"},{"geometry":{"coordinates":[-0.3145738,54.1739878],"type":"Point"},"id":"railways:696","properties":{"name":"Hunmanby"},"type":"Feature"},{"geometry":{"coordinates":[0.0454097,51.5763203],"type":"Point"},"id":"railways:697","properties":{"name":"Redbridge"},"type":"Feature"},{"geometry":{"coordinates":[-3.5225718,50.7309668],"type":"Point"},"id":"railways:698","properties":{"name":"St James' Park"},"type":"Feature"},{"geometry":{"coordinates":[-1.950017,53.4448108],"type":"Point"},"id":"railways:699","properties":{"name":"Glossop"},"type":"Feature"},{"geometry":{"coordinates":[-1.9705971,53.4493243],"type":"Point"},"id":"railways:700","properties":{"name":"Dinting"},"type":"Feature"},{"geometry":{"coordinates":[-2.0160042,53.4407902],"type":"Point"},"id":"railways:701","properties":{"name":"Broadbottom"},"type":"Feature"},{"geometry":{"coordinates":[-2.039436,53.4449376],"type":"Point"},"id":"railways:702","properties":{"name":"Hattersley"},"type":"Feature"},{"geometry":{"coordinates":[-2.0556364,53.4522488],"type":"Point"},"id":"railways:703","properties":{"name":"Godley"},"type":"Feature"},{"geometry":{"coordinates":[-2.0928676,53.4291998],"type":"Point"},"id":"railways:704","properties":{"name":"Woodley"},"type":"Feature"},{"geometry":{"coordinates":[-2.0765086,53.3960432],"type":"Point"},"id":"railways:705","properties":{"name":"Rose Hill Marple"},"type":"Feature"},{"geometry":{"coordinates":[-2.0850769,53.4513383],"type":"Point"},"id":"railways:706","properties":{"name":"Hyde Central"},"type":"Feature"},{"geometry":{"coordinates":[-0.3039992,51.3924111],"type":"Point"},"id":"railways:707","properties":{"name":"Surbiton"},"type":"Feature"},{"geometry":{"coordinates":[-1.1367025,51.4022099],"type":"Point"},"id":"railways:708","properties":{"name":"Aldermaston"},"type":"Feature"},{"geometry":{"coordinates":[-1.1782912,51.3960664],"type":"Point"},"id":"railways:709","properties":{"name":"Midgham"},"type":"Feature"},{"geometry":{"coordinates":[-1.306971,51.398654],"type":"Point"},"id":"railways:710","properties":{"name":"Newbury Racecourse"},"type":"Feature"},{"geometry":{"coordinates":[-2.4471521,51.1116892],"type":"Point"},"id":"railways:711","properties":{"name":"Bruton"},"type":"Feature"},{"geometry":{"coordinates":[-2.5224232,51.099857],"type":"Point"},"id":"railways:712","properties":{"name":"Castle Cary"},"type":"Feature"},{"geometry":{"coordinates":[-2.144607,51.3801725],"type":"Point"},"id":"railways:713","properties":{"name":"Melksham"},"type":"Feature"},{"geometry":{"coordinates":[-3.6453886,57.1240153],"type":"Point"},"id":"railways:714","properties":{"name":"Ptarmigan Station"},"type":"Feature"},{"geometry":{"coordinates":[1.4040725,52.7773534],"type":"Point"},"id":"railways:715","properties":{"name":"Worstead"},"type":"Feature"},{"geometry":{"coordinates":[-3.7946636,53.1390542],"type":"Point"},"id":"railways:716","properties":{"name":"Llanrwst"},"type":"Feature"},{"geometry":{"coordinates":[-3.8026402,53.1440071],"type":"Point"},"id":"railways:717","properties":{"name":"Gogledd Llanrwst / North Llanrwst"},"type":"Feature"},{"geometry":{"coordinates":[-3.8231367,53.1859355],"type":"Point"},"id":"railways:718","properties":{"name":"Dolgarrog"},"type":"Feature"},{"geometry":{"coordinates":[-3.8183737,53.2284216],"type":"Point"},"id":"railways:719","properties":{"name":"Tal-y-Cafn"},"type":"Feature"},{"geometry":{"coordinates":[-3.4310966,50.6484198],"type":"Point"},"id":"railways:720","properties":{"name":"Lympstone Village"},"type":"Feature"},{"geometry":{"coordinates":[-0.2396076,51.3948747],"type":"Point"},"id":"railways:721","properties":{"name":"Motspur Park"},"type":"Feature"},{"geometry":{"coordinates":[-2.0492538,52.524461],"type":"Point"},"id":"railways:722","properties":{"name":"Dudley Port"},"type":"Feature"},{"geometry":{"coordinates":[-0.2055176,51.4033264],"type":"Point"},"id":"railways:723","properties":{"name":"South Merton"},"type":"Feature"},{"geometry":{"coordinates":[-2.5987661,51.4684317],"type":"Point"},"id":"railways:724","properties":{"name":"Redland"},"type":"Feature"},{"geometry":{"coordinates":[-2.6267285,51.556377],"type":"Point"},"id":"railways:725","properties":{"name":"Pilning"},"type":"Feature"},{"geometry":{"coordinates":[-0.654557,52.0181089],"type":"Point"},"id":"railways:726","properties":{"name":"Woburn Sands"},"type":"Feature"},{"geometry":{"coordinates":[-0.6962178,52.0042693],"type":"Point"},"id":"railways:727","properties":{"name":"Bow Brickhill"},"type":"Feature"},{"geometry":{"coordinates":[-3.8323694,51.2316264],"type":"Point"},"id":"railways:728","properties":{"name":"Lynmouth Bay"},"type":"Feature"},{"geometry":{"coordinates":[-2.4660817,50.6484492],"type":"Point"},"id":"railways:729","properties":{"name":"Upwey"},"type":"Feature"},{"geometry":{"coordinates":[-2.569663,50.7802255],"type":"Point"},"id":"railways:730","properties":{"name":"Maiden Newton"},"type":"Feature"},{"geometry":{"coordinates":[-2.5729619,50.866344],"type":"Point"},"id":"railways:731","properties":{"name":"Chetnole"},"type":"Feature"},{"geometry":{"coordinates":[-2.5738017,50.8957019],"type":"Point"},"id":"railways:732","properties":{"name":"Yetminster"},"type":"Feature"},{"geometry":{"coordinates":[-2.5791402,50.9106779],"type":"Point"},"id":"railways:733","properties":{"name":"Thornford"},"type":"Feature"},{"geometry":{"coordinates":[-2.61304,50.9446866],"type":"Point"},"id":"railways:734","properties":{"name":"Yeovil Pen Mill"},"type":"Feature"},{"geometry":{"coordinates":[0.1778063,52.4978134],"type":"Point"},"id":"railways:735","properties":{"name":"Manea"},"type":"Feature"},{"geometry":{"coordinates":[-0.2388805,51.5802174],"type":"Point"},"id":"railways:736","properties":{"name":"Hendon"},"type":"Feature"},{"geometry":{"coordinates":[-0.7284148,51.5331544],"type":"Point"},"id":"railways:737","properties":{"name":"Furze Platt"},"type":"Feature"},{"geometry":{"coordinates":[-0.3170888,51.6853254],"type":"Point"},"id":"railways:738","properties":{"name":"Radlett"},"type":"Feature"},{"geometry":{"coordinates":[-1.6204438,51.1701959],"type":"Point"},"id":"railways:739","properties":{"name":"Grateley"},"type":"Feature"},{"geometry":{"coordinates":[-1.7847306,50.7383709],"type":"Point"},"id":"railways:740","properties":{"name":"Christchurch"},"type":"Feature"},{"geometry":{"coordinates":[-0.4114787,50.8174419],"type":"Point"},"id":"railways:741","properties":{"name":"Durrington-on-Sea"},"type":"Feature"},{"geometry":{"coordinates":[-4.1697854,53.0829482],"type":"Point"},"id":"railways:742","properties":{"name":"Plas-y-nant"},"type":"Feature"},{"geometry":{"coordinates":[-4.2016482,53.1063472],"type":"Point"},"id":"railways:743","properties":{"name":"Waunfawr"},"type":"Feature"},{"geometry":{"coordinates":[-1.6162192,55.2411444],"type":"Point"},"id":"railways:744","properties":{"name":"Widdrington"},"type":"Feature"},{"geometry":{"coordinates":[-1.0457584,51.1134074],"type":"Point"},"id":"railways:745","properties":{"name":"Medstead and Four Marks"},"type":"Feature"},{"geometry":{"coordinates":[-2.4764729,51.4308406],"type":"Point"},"id":"railways:746","properties":{"name":"Bitton"},"type":"Feature"},{"geometry":{"coordinates":[-4.2195227,50.5166278],"type":"Point"},"id":"railways:747","properties":{"name":"Gunnislake"},"type":"Feature"},{"geometry":{"coordinates":[-2.9740018,54.1779678],"type":"Point"},"id":"railways:748","properties":{"name":"Cark and Cartmel"},"type":"Feature"},{"geometry":{"coordinates":[-3.1788418,54.1542369],"type":"Point"},"id":"railways:749","properties":{"name":"Dalton"},"type":"Feature"},{"geometry":{"coordinates":[-3.2159351,54.2585965],"type":"Point"},"id":"railways:750","properties":{"name":"Foxfield"},"type":"Feature"},{"geometry":{"coordinates":[-3.3346818,54.2260891],"type":"Point"},"id":"railways:751","properties":{"name":"Silecroft"},"type":"Feature"},{"geometry":{"coordinates":[-3.4851711,54.3962884],"type":"Point"},"id":"railways:752","properties":{"name":"Seascale"},"type":"Feature"},{"geometry":{"coordinates":[-3.5656239,54.4562273],"type":"Point"},"id":"railways:753","properties":{"name":"Nethertown"},"type":"Feature"},{"geometry":{"coordinates":[-3.5655496,54.6135197],"type":"Point"},"id":"railways:754","properties":{"name":"Harrington"},"type":"Feature"},{"geometry":{"coordinates":[-3.5205306,54.6899875],"type":"Point"},"id":"railways:755","properties":{"name":"Flimby"},"type":"Feature"},{"geometry":{"coordinates":[-2.9885758,54.846165],"type":"Point"},"id":"railways:756","properties":{"name":"Dalston"},"type":"Feature"},{"geometry":{"coordinates":[-1.2218222,53.069977],"type":"Point"},"id":"railways:757","properties":{"name":"Newstead"},"type":"Feature"},{"geometry":{"coordinates":[0.5344379,52.4474326],"type":"Point"},"id":"railways:758","properties":{"name":"Lakenheath"},"type":"Feature"},{"geometry":{"coordinates":[-4.3749053,52.8983791],"type":"Point"},"id":"railways:759","properties":{"name":"Abererch"},"type":"Feature"},{"geometry":{"coordinates":[-4.338351,52.9028961],"type":"Point"},"id":"railways:760","properties":{"name":"Penychain"},"type":"Feature"},{"geometry":{"coordinates":[-2.9310252,53.5064699],"type":"Point"},"id":"railways:761","properties":{"name":"Maghull"},"type":"Feature"},{"geometry":{"coordinates":[-4.0771655,52.7413979],"type":"Point"},"id":"railways:762","properties":{"name":"Llanaber"},"type":"Feature"},{"geometry":{"coordinates":[-4.0970877,52.7729002],"type":"Point"},"id":"railways:763","properties":{"name":"Talybont"},"type":"Feature"},{"geometry":{"coordinates":[-4.109581,52.8203328],"type":"Point"},"id":"railways:764","properties":{"name":"Llanbedr"},"type":"Feature"},{"geometry":{"coordinates":[0.6817622,51.6486316],"type":"Point"},"id":"railways:765","properties":{"name":"North Fambridge"},"type":"Feature"},{"geometry":{"coordinates":[-0.4331815,50.8176931],"type":"Point"},"id":"railways:766","properties":{"name":"Goring-by-Sea"},"type":"Feature"},{"geometry":{"coordinates":[-2.9641884,53.7393224],"type":"Point"},"id":"railways:767","properties":{"name":"Lytham"},"type":"Feature"},{"geometry":{"coordinates":[-2.993513,53.741637],"type":"Point"},"id":"railways:768","properties":{"name":"Ansdell and Fairhaven"},"type":"Feature"},{"geometry":{"coordinates":[-3.0501715,53.7769901],"type":"Point"},"id":"railways:769","properties":{"name":"Squires Gate"},"type":"Feature"},{"geometry":{"coordinates":[-0.3551084,50.821592],"type":"Point"},"id":"railways:770","properties":{"name":"East Worthing"},"type":"Feature"},{"geometry":{"coordinates":[-0.3232037,50.8270176],"type":"Point"},"id":"railways:771","properties":{"name":"Lancing"},"type":"Feature"},{"geometry":{"coordinates":[-0.2714448,50.8343756],"type":"Point"},"id":"railways:772","properties":{"name":"Shoreham-by-Sea"},"type":"Feature"},{"geometry":{"coordinates":[-0.2195742,50.8342805],"type":"Point"},"id":"railways:773","properties":{"name":"Fishersgate"},"type":"Feature"},{"geometry":{"coordinates":[-2.9739215,54.2696333],"type":"Point"},"id":"railways:774","properties":{"name":"Newby Bridge Halt"},"type":"Feature"},{"geometry":{"coordinates":[-3.0000168,54.2497682],"type":"Point"},"id":"railways:775","properties":{"name":"Haverthwaite"},"type":"Feature"},{"geometry":{"coordinates":[-1.9653832,53.4608456],"type":"Point"},"id":"railways:776","properties":{"name":"Hadfield"},"type":"Feature"},{"geometry":{"coordinates":[0.595265,51.8392682],"type":"Point"},"id":"railways:777","properties":{"name":"White Notley"},"type":"Feature"},{"geometry":{"coordinates":[0.578324,51.8519489],"type":"Point"},"id":"railways:778","properties":{"name":"Cressing"},"type":"Feature"},{"geometry":{"coordinates":[0.5681965,51.8692939],"type":"Point"},"id":"railways:779","properties":{"name":"Braintree Freeport"},"type":"Feature"},{"geometry":{"coordinates":[0.6002479,51.5894866],"type":"Point"},"id":"railways:780","properties":{"name":"Rayleigh"},"type":"Feature"},{"geometry":{"coordinates":[0.7021425,51.5816749],"type":"Point"},"id":"railways:781","properties":{"name":"Rochford"},"type":"Feature"},{"geometry":{"coordinates":[-1.856515,52.89681],"type":"Point"},"id":"railways:782","properties":{"name":"Uttoxeter"},"type":"Feature"},{"geometry":{"coordinates":[-2.066925,52.9678303],"type":"Point"},"id":"railways:783","properties":{"name":"Blythe Bridge"},"type":"Feature"},{"geometry":{"coordinates":[-2.1372966,52.9900417],"type":"Point"},"id":"railways:784","properties":{"name":"Longton"},"type":"Feature"},{"geometry":{"coordinates":[-1.7498157,52.2449168],"type":"Point"},"id":"railways:785","properties":{"name":"Bearley"},"type":"Feature"},{"geometry":{"coordinates":[-1.6963369,52.2772189],"type":"Point"},"id":"railways:786","properties":{"name":"Claverdon"},"type":"Feature"},{"geometry":{"coordinates":[-3.9657077,56.1858372],"type":"Point"},"id":"railways:787","properties":{"name":"Dunblane"},"type":"Feature"},{"geometry":{"coordinates":[-3.0548121,53.1427065],"type":"Point"},"id":"railways:788","properties":{"name":"Penyffordd"},"type":"Feature"},{"geometry":{"coordinates":[-3.0159856,51.6570903],"type":"Point"},"id":"railways:789","properties":{"name":"Cwmbran"},"type":"Feature"},{"geometry":{"coordinates":[-3.0135499,51.6973269],"type":"Point"},"id":"railways:790","properties":{"name":"Pontypool and New Inn"},"type":"Feature"},{"geometry":{"coordinates":[-0.0876094,51.5256284],"type":"Point"},"id":"railways:791","properties":{"name":"Old Street"},"type":"Feature"},{"geometry":{"coordinates":[-4.1434263,53.073789],"type":"Point"},"id":"railways:792","properties":{"name":"Snowdon Ranger"},"type":"Feature"},{"geometry":{"coordinates":[0.3656086,52.6041596],"type":"Point"},"id":"railways:793","properties":{"name":"Downham Market"},"type":"Feature"},{"geometry":{"coordinates":[-0.4062351,54.2791479],"type":"Point"},"id":"railways:794","properties":{"name":"Scarborough"},"type":"Feature"},{"geometry":{"coordinates":[-2.1153281,50.6928778],"type":"Point"},"id":"railways:795","properties":{"name":"Wareham"},"type":"Feature"},{"geometry":{"coordinates":[-0.5039944,52.0919553],"type":"Point"},"id":"railways:796","properties":{"name":"Kempston Hardwick"},"type":"Feature"},{"geometry":{"coordinates":[-0.5323576,52.0542365],"type":"Point"},"id":"railways:797","properties":{"name":"Millbrook"},"type":"Feature"},{"geometry":{"coordinates":[-3.0733539,53.3296666],"type":"Point"},"id":"railways:798","properties":{"name":"Heswall"},"type":"Feature"},{"geometry":{"coordinates":[1.2107897,52.9413671],"type":"Point"},"id":"railways:799","properties":{"name":"Sheringham"},"type":"Feature"},{"geometry":{"coordinates":[1.2457949,52.9355494],"type":"Point"},"id":"railways:800","properties":{"name":"West Runton"},"type":"Feature"},{"geometry":{"coordinates":[1.2916476,52.9300536],"type":"Point"},"id":"railways:801","properties":{"name":"Cromer"},"type":"Feature"},{"geometry":{"coordinates":[0.0177978,51.409198],"type":"Point"},"id":"railways:802","properties":{"name":"Bromley North"},"type":"Feature"},{"geometry":{"coordinates":[-1.2329024,53.7975092],"type":"Point"},"id":"railways:803","properties":{"name":"Sherburn-in-Elmet"},"type":"Feature"},{"geometry":{"coordinates":[-4.8307554,50.4186675],"type":"Point"},"id":"railways:804","properties":{"name":"Roche"},"type":"Feature"},{"geometry":{"coordinates":[-4.7919145,50.4002418],"type":"Point"},"id":"railways:805","properties":{"name":"Bugle"},"type":"Feature"},{"geometry":{"coordinates":[-4.7484178,50.3903538],"type":"Point"},"id":"railways:806","properties":{"name":"Luxulyan"},"type":"Feature"},{"geometry":{"coordinates":[-4.941332,50.3987461],"type":"Point"},"id":"railways:807","properties":{"name":"St. Columb Road"},"type":"Feature"},{"geometry":{"coordinates":[-0.1328775,50.8189413],"type":"Point"},"id":"railways:808","properties":{"name":"Aquarium"},"type":"Feature"},{"geometry":{"coordinates":[-0.1111537,50.8145411],"type":"Point"},"id":"railways:809","properties":{"name":"Black Rock"},"type":"Feature"},{"geometry":{"coordinates":[-0.3166378,51.5815255],"type":"Point"},"id":"railways:810","properties":{"name":"Kenton"},"type":"Feature"},{"geometry":{"coordinates":[0.7567947,51.3618635],"type":"Point"},"id":"railways:811","properties":{"name":"Kemsley Down"},"type":"Feature"},{"geometry":{"coordinates":[-3.181568,51.5168194],"type":"Point"},"id":"railways:812","properties":{"name":"Heath High Level"},"type":"Feature"},{"geometry":{"coordinates":[-3.2298096,51.5748662],"type":"Point"},"id":"railways:813","properties":{"name":"Aber"},"type":"Feature"},{"geometry":{"coordinates":[-3.2330809,51.6041104],"type":"Point"},"id":"railways:814","properties":{"name":"Llanbradach"},"type":"Feature"},{"geometry":{"coordinates":[-2.2151579,53.4221262],"type":"Point"},"id":"railways:815","properties":{"name":"Burnage"},"type":"Feature"},{"geometry":{"coordinates":[-1.9284688,54.3191529],"type":"Point"},"id":"railways:816","properties":{"name":"Redmire"},"type":"Feature"},{"geometry":{"coordinates":[-0.8766558,51.4985546],"type":"Point"},"id":"railways:817","properties":{"name":"Wargrave"},"type":"Feature"},{"geometry":{"coordinates":[-0.1180869,52.5495767],"type":"Point"},"id":"railways:818","properties":{"name":"Whittlesea"},"type":"Feature"},{"geometry":{"coordinates":[-1.6131717,54.9740058],"type":"Point"},"id":"railways:819","properties":{"name":"Monument"},"type":"Feature"},{"geometry":{"coordinates":[-1.844343,52.6392328],"type":"Point"},"id":"railways:820","properties":{"name":"Shenstone"},"type":"Feature"},{"geometry":{"coordinates":[-1.6821183,52.8641203],"type":"Point"},"id":"railways:821","properties":{"name":"Tutbury and Hatton"},"type":"Feature"},{"geometry":{"coordinates":[-1.6779534,54.6572212],"type":"Point"},"id":"railways:822","properties":{"name":"Bishop Auckland"},"type":"Feature"},{"geometry":{"coordinates":[-1.6367101,54.6261932],"type":"Point"},"id":"railways:823","properties":{"name":"Shildon"},"type":"Feature"},{"geometry":{"coordinates":[-1.4671224,54.5149956],"type":"Point"},"id":"railways:824","properties":{"name":"Dinsdale"},"type":"Feature"},{"geometry":{"coordinates":[1.1039071,52.5703772],"type":"Point"},"id":"railways:825","properties":{"name":"Wymondham Abbey"},"type":"Feature"},{"geometry":{"coordinates":[1.0518284,52.5910486],"type":"Point"},"id":"railways:826","properties":{"name":"Kimberley Park"},"type":"Feature"},{"geometry":{"coordinates":[1.0246114,52.610697],"type":"Point"},"id":"railways:827","properties":{"name":"Hardingham"},"type":"Feature"},{"geometry":{"coordinates":[1.0007009,52.6249388],"type":"Point"},"id":"railways:828","properties":{"name":"Thuxton"},"type":"Feature"},{"geometry":{"coordinates":[0.9597314,52.6523738],"type":"Point"},"id":"railways:829","properties":{"name":"Yaxham"},"type":"Feature"},{"geometry":{"coordinates":[0.9476376,52.6789805],"type":"Point"},"id":"railways:830","properties":{"name":"Dereham"},"type":"Feature"},{"geometry":{"coordinates":[-3.4073552,53.3362293],"type":"Point"},"id":"railways:831","properties":{"name":"Prestatyn"},"type":"Feature"},{"geometry":{"coordinates":[-4.0377786,52.4045316],"type":"Point"},"id":"railways:832","properties":{"name":"Glanyrafon"},"type":"Feature"},{"geometry":{"coordinates":[-3.020883,53.3881969],"type":"Point"},"id":"railways:833","properties":{"name":"Birkenhead Central"},"type":"Feature"},{"geometry":{"coordinates":[-3.0162757,53.3833042],"type":"Point"},"id":"railways:834","properties":{"name":"Green Lane"},"type":"Feature"},{"geometry":{"coordinates":[-0.3804741,53.0413872],"type":"Point"},"id":"railways:835","properties":{"name":"Ruskington"},"type":"Feature"},{"geometry":{"coordinates":[0.363387,51.0201404],"type":"Point"},"id":"railways:836","properties":{"name":"Stonegate"},"type":"Feature"},{"geometry":{"coordinates":[-0.8471677,50.8428556],"type":"Point"},"id":"railways:837","properties":{"name":"Bosham"},"type":"Feature"},{"geometry":{"coordinates":[-0.8839188,50.8461502],"type":"Point"},"id":"railways:838","properties":{"name":"Nutbourne"},"type":"Feature"},{"geometry":{"coordinates":[-1.2603854,51.1825114],"type":"Point"},"id":"railways:839","properties":{"name":"Micheldever"},"type":"Feature"},{"geometry":{"coordinates":[-1.2599752,51.2541369],"type":"Point"},"id":"railways:840","properties":{"name":"Overton"},"type":"Feature"},{"geometry":{"coordinates":[-3.8093646,51.6143157],"type":"Point"},"id":"railways:841","properties":{"name":"Baglan"},"type":"Feature"},{"geometry":{"coordinates":[-1.3690152,50.9587312],"type":"Point"},"id":"railways:842","properties":{"name":"Monks Brook Halt"},"type":"Feature"},{"geometry":{"coordinates":[-3.3807003,51.6100966],"type":"Point"},"id":"railways:843","properties":{"name":"Trehafod"},"type":"Feature"},{"geometry":{"coordinates":[-3.4076599,51.6124563],"type":"Point"},"id":"railways:844","properties":{"name":"Porth"},"type":"Feature"},{"geometry":{"coordinates":[-3.4371,51.6173914],"type":"Point"},"id":"railways:845","properties":{"name":"Dinas Rhondda"},"type":"Feature"},{"geometry":{"coordinates":[-3.4490565,51.6198264],"type":"Point"},"id":"railways:846","properties":{"name":"Tonypandy"},"type":"Feature"},{"geometry":{"coordinates":[-3.4533291,51.6340794],"type":"Point"},"id":"railways:847","properties":{"name":"Llwynypia"},"type":"Feature"},{"geometry":{"coordinates":[-3.4665885,51.6434881],"type":"Point"},"id":"railways:848","properties":{"name":"Ystrad Rhondda"},"type":"Feature"},{"geometry":{"coordinates":[-3.4861594,51.647702],"type":"Point"},"id":"railways:849","properties":{"name":"Ton Pentre"},"type":"Feature"},{"geometry":{"coordinates":[-3.5060614,51.6574072],"type":"Point"},"id":"railways:850","properties":{"name":"Treorchy"},"type":"Feature"},{"geometry":{"coordinates":[-3.5350926,51.671619],"type":"Point"},"id":"railways:851","properties":{"name":"Treherbert"},"type":"Feature"},{"geometry":{"coordinates":[1.3845702,52.8168645],"type":"Point"},"id":"railways:852","properties":{"name":"North Walsham"},"type":"Feature"},{"geometry":{"coordinates":[-0.1239491,51.530609],"type":"Point"},"id":"railways:853","properties":{"name":"King's Cross St Pancras"},"type":"Feature"},{"geometry":{"coordinates":[-3.3623399,51.7248294],"type":"Point"},"id":"railways:854","properties":{"name":"Pentre-bach"},"type":"Feature"},{"geometry":{"coordinates":[-3.3463983,51.7120426],"type":"Point"},"id":"railways:855","properties":{"name":"Troed-y-rhiw"},"type":"Feature"},{"geometry":{"coordinates":[-3.3371036,51.6869084],"type":"Point"},"id":"railways:856","properties":{"name":"Merthyr Vale"},"type":"Feature"},{"geometry":{"coordinates":[-3.3228105,51.6603466],"type":"Point"},"id":"railways:857","properties":{"name":"Quakers Yard"},"type":"Feature"},{"geometry":{"coordinates":[-3.3296312,51.6430833],"type":"Point"},"id":"railways:858","properties":{"name":"Abercynon"},"type":"Feature"},{"geometry":{"coordinates":[-3.3597793,51.6699873],"type":"Point"},"id":"railways:859","properties":{"name":"Penrhiwceiber"},"type":"Feature"},{"geometry":{"coordinates":[-3.3958825,51.6866141],"type":"Point"},"id":"railways:860","properties":{"name":"Fernhill"},"type":"Feature"},{"geometry":{"coordinates":[-3.4147941,51.701481],"type":"Point"},"id":"railways:861","properties":{"name":"Cwmbach"},"type":"Feature"},{"geometry":{"coordinates":[-3.4395026,51.7137509],"type":"Point"},"id":"railways:862","properties":{"name":"Aberdare"},"type":"Feature"},{"geometry":{"coordinates":[-3.0662702,51.5954576],"type":"Point"},"id":"railways:863","properties":{"name":"Rogerstone"},"type":"Feature"},{"geometry":{"coordinates":[-3.6606053,55.9932981],"type":"Point"},"id":"railways:864","properties":{"name":"Birkhill"},"type":"Feature"},{"geometry":{"coordinates":[-1.1959496,53.0384983],"type":"Point"},"id":"railways:865","properties":{"name":"Hucknall"},"type":"Feature"},{"geometry":{"coordinates":[-3.2188217,51.5715441],"type":"Point"},"id":"railways:866","properties":{"name":"Caerphilly"},"type":"Feature"},{"geometry":{"coordinates":[-1.2017516,53.1634635],"type":"Point"},"id":"railways:867","properties":{"name":"Mansfield Woodhouse"},"type":"Feature"},{"geometry":{"coordinates":[-4.0482987,55.8541741],"type":"Point"},"id":"railways:868","properties":{"name":"Kirkwood"},"type":"Feature"},{"geometry":{"coordinates":[-2.605539,51.4480613],"type":"Point"},"id":"railways:869","properties":{"name":"SS Great Britain"},"type":"Feature"},{"geometry":{"coordinates":[-3.2747086,54.3954701],"type":"Point"},"id":"railways:870","properties":{"name":"Dalegarth"},"type":"Feature"},{"geometry":{"coordinates":[-3.3034231,54.3923259],"type":"Point"},"id":"railways:871","properties":{"name":"Fisherground Halt"},"type":"Feature"},{"geometry":{"coordinates":[-3.3177092,54.386818],"type":"Point"},"id":"railways:872","properties":{"name":"Eskdale Green"},"type":"Feature"},{"geometry":{"coordinates":[-3.3300669,54.3879142],"type":"Point"},"id":"railways:873","properties":{"name":"Irton Road"},"type":"Feature"},{"geometry":{"coordinates":[-3.4081846,54.3558349],"type":"Point"},"id":"railways:874","properties":{"name":"Ravenglass (R&ER)"},"type":"Feature"},{"geometry":{"coordinates":[-2.8933889,53.4065083],"type":"Point"},"id":"railways:875","properties":{"name":"Broad Green"},"type":"Feature"},{"geometry":{"coordinates":[-0.3910625,53.1389295],"type":"Point"},"id":"railways:876","properties":{"name":"Metheringham"},"type":"Feature"},{"geometry":{"coordinates":[-0.794966,52.9446871],"type":"Point"},"id":"railways:877","properties":{"name":"Bottesford"},"type":"Feature"},{"geometry":{"coordinates":[-0.1098555,52.975325],"type":"Point"},"id":"railways:878","properties":{"name":"Hubberts Bridge"},"type":"Feature"},{"geometry":{"coordinates":[-0.1174351,51.3673338],"type":"Point"},"id":"railways:879","properties":{"name":"Waddon"},"type":"Feature"},{"geometry":{"coordinates":[-1.1146617,53.6984869],"type":"Point"},"id":"railways:880","properties":{"name":"Hensall"},"type":"Feature"},{"geometry":{"coordinates":[-0.9612713,53.6889426],"type":"Point"},"id":"railways:881","properties":{"name":"Rawcliffe"},"type":"Feature"},{"geometry":{"coordinates":[-1.3189035,53.6940034],"type":"Point"},"id":"railways:882","properties":{"name":"Pontefract Tanshelf"},"type":"Feature"},{"geometry":{"coordinates":[-1.2853506,53.5948464],"type":"Point"},"id":"railways:883","properties":{"name":"South Elmsall"},"type":"Feature"},{"geometry":{"coordinates":[1.2805132,51.9388053],"type":"Point"},"id":"railways:884","properties":{"name":"Dovercourt"},"type":"Feature"},{"geometry":{"coordinates":[-4.3429643,55.8120349],"type":"Point"},"id":"railways:885","properties":{"name":"Priesthill & Darnley"},"type":"Feature"},{"geometry":{"coordinates":[-4.2921881,55.8988407],"type":"Point"},"id":"railways:886","properties":{"name":"Summerston"},"type":"Feature"},{"geometry":{"coordinates":[-3.1960549,51.7565058],"type":"Point"},"id":"railways:887","properties":{"name":"Ebbw Vale Parkway"},"type":"Feature"},{"geometry":{"coordinates":[-3.1431855,51.6653896],"type":"Point"},"id":"railways:888","properties":{"name":"Newbridge"},"type":"Feature"},{"geometry":{"coordinates":[-4.3103086,55.7902824],"type":"Point"},"id":"railways:889","properties":{"name":"Whitecraigs"},"type":"Feature"},{"geometry":{"coordinates":[-4.1877512,50.402196],"type":"Point"},"id":"railways:890","properties":{"name":"St Budeaux Victoria Road"},"type":"Feature"},{"geometry":{"coordinates":[-3.521481,51.6649577],"type":"Point"},"id":"railways:891","properties":{"name":"Ynyswen"},"type":"Feature"},{"geometry":{"coordinates":[-3.2418174,51.6405449],"type":"Point"},"id":"railways:892","properties":{"name":"Ystrad Mynach"},"type":"Feature"},{"geometry":{"coordinates":[-3.2256551,51.6469338],"type":"Point"},"id":"railways:893","properties":{"name":"Hengoed"},"type":"Feature"},{"geometry":{"coordinates":[-3.2301201,51.67009],"type":"Point"},"id":"railways:894","properties":{"name":"Pengam"},"type":"Feature"},{"geometry":{"coordinates":[-3.2274233,51.6841393],"type":"Point"},"id":"railways:895","properties":{"name":"Gilfach Fargoed"},"type":"Feature"},{"geometry":{"coordinates":[-3.229824,51.6927479],"type":"Point"},"id":"railways:896","properties":{"name":"Bargoed"},"type":"Feature"},{"geometry":{"coordinates":[-3.2282669,51.7102735],"type":"Point"},"id":"railways:897","properties":{"name":"Brithdir"},"type":"Feature"},{"geometry":{"coordinates":[-3.245999,51.7210308],"type":"Point"},"id":"railways:898","properties":{"name":"Tir-Phil"},"type":"Feature"},{"geometry":{"coordinates":[-3.2793246,51.7465332],"type":"Point"},"id":"railways:899","properties":{"name":"Pontlottyn"},"type":"Feature"},{"geometry":{"coordinates":[-3.2895642,51.7588286],"type":"Point"},"id":"railways:900","properties":{"name":"Rhymney"},"type":"Feature"},{"geometry":{"coordinates":[0.7586045,51.9258987],"type":"Point"},"id":"railways:901","properties":{"name":"Chappel and Wakes Colne"},"type":"Feature"},{"geometry":{"coordinates":[0.7691188,51.9712007],"type":"Point"},"id":"railways:902","properties":{"name":"Bures"},"type":"Feature"},{"geometry":{"coordinates":[0.7355732,52.0362647],"type":"Point"},"id":"railways:903","properties":{"name":"Sudbury"},"type":"Feature"},{"geometry":{"coordinates":[-0.1225014,51.472211],"type":"Point"},"id":"railways:904","properties":{"name":"Stockwell"},"type":"Feature"},{"geometry":{"coordinates":[-4.1871029,50.4015816],"type":"Point"},"id":"railways:905","properties":{"name":"St Budeaux Ferry Road"},"type":"Feature"},{"geometry":{"coordinates":[-0.1074866,51.5583839],"type":"Point"},"id":"railways:906","properties":{"name":"Arsenal"},"type":"Feature"},{"geometry":{"coordinates":[-1.616046,54.9683364],"type":"Point"},"id":"railways:907","properties":{"name":"Newcastle"},"type":"Feature"},{"geometry":{"coordinates":[0.1995165,53.1230326],"type":"Point"},"id":"railways:908","properties":{"name":"Thorpe Culvert"},"type":"Feature"},{"geometry":{"coordinates":[1.3913667,52.6755817],"type":"Point"},"id":"railways:909","properties":{"name":"Salhouse"},"type":"Feature"},{"geometry":{"coordinates":[1.4080786,52.7155355],"type":"Point"},"id":"railways:910","properties":{"name":"Hoveton and Wroxham"},"type":"Feature"},{"geometry":{"coordinates":[-3.5826531,53.2945866],"type":"Point"},"id":"railways:911","properties":{"name":"Abergele and Pensarn"},"type":"Feature"},{"geometry":{"coordinates":[-3.8306652,53.280096],"type":"Point"},"id":"railways:912","properties":{"name":"Conwy"},"type":"Feature"},{"geometry":{"coordinates":[-3.0551852,53.1625354],"type":"Point"},"id":"railways:913","properties":{"name":"Buckley"},"type":"Feature"},{"geometry":{"coordinates":[-1.5877727,53.7680337],"type":"Point"},"id":"railways:914","properties":{"name":"Cottingley"},"type":"Feature"},{"geometry":{"coordinates":[-1.3846154,54.902301],"type":"Point"},"id":"railways:915","properties":{"name":"Park Lane"},"type":"Feature"},{"geometry":{"coordinates":[-1.5383775,55.0747281],"type":"Point"},"id":"railways:916","properties":{"name":"Seaton Delaval"},"type":"Feature"},{"geometry":{"coordinates":[-3.7976377,53.268621],"type":"Point"},"id":"railways:917","properties":{"name":"Glan Conwy"},"type":"Feature"},{"geometry":{"coordinates":[-4.0044368,55.7651179],"type":"Point"},"id":"railways:918","properties":{"name":"Chatelherault"},"type":"Feature"},{"geometry":{"coordinates":[-3.9750115,55.7386095],"type":"Point"},"id":"railways:919","properties":{"name":"Larkhall"},"type":"Feature"},{"geometry":{"coordinates":[0.4073491,52.238341],"type":"Point"},"id":"railways:920","properties":{"name":"Newmarket"},"type":"Feature"},{"geometry":{"coordinates":[-3.181843,51.5329957],"type":"Point"},"id":"railways:921","properties":{"name":"Llanishen"},"type":"Feature"},{"geometry":{"coordinates":[-3.5014895,55.8716042],"type":"Point"},"id":"railways:922","properties":{"name":"Livingston South"},"type":"Feature"},{"geometry":{"coordinates":[-3.2848689,51.3969039],"type":"Point"},"id":"railways:923","properties":{"name":"Barry"},"type":"Feature"},{"geometry":{"coordinates":[-3.2486814,51.4122147],"type":"Point"},"id":"railways:924","properties":{"name":"Cadoxton"},"type":"Feature"},{"geometry":{"coordinates":[-3.4814284,51.4096499],"type":"Point"},"id":"railways:925","properties":{"name":"Llantwit Major"},"type":"Feature"},{"geometry":{"coordinates":[-3.7686403,50.4828098],"type":"Point"},"id":"railways:926","properties":{"name":"Buckfastleigh"},"type":"Feature"},{"geometry":{"coordinates":[-3.6856839,50.4394733],"type":"Point"},"id":"railways:927","properties":{"name":"Totnes Riverside"},"type":"Feature"},{"geometry":{"coordinates":[-3.7149082,50.4609185],"type":"Point"},"id":"railways:928","properties":{"name":"Staverton"},"type":"Feature"},{"geometry":{"coordinates":[-3.2338039,51.4938863],"type":"Point"},"id":"railways:929","properties":{"name":"Fairwater"},"type":"Feature"},{"geometry":{"coordinates":[-3.2013886,51.4765408],"type":"Point"},"id":"railways:930","properties":{"name":"Ninian Park"},"type":"Feature"},{"geometry":{"coordinates":[-3.5649134,50.434598],"type":"Point"},"id":"railways:931","properties":{"name":"Paignton"},"type":"Feature"},{"geometry":{"coordinates":[-3.2742115,51.3923125],"type":"Point"},"id":"railways:932","properties":{"name":"Barry Island"},"type":"Feature"},{"geometry":{"coordinates":[-1.4664375,53.4625006],"type":"Point"},"id":"railways:933","properties":{"name":"Chapeltown"},"type":"Feature"},{"geometry":{"coordinates":[-3.5615812,50.4246083],"type":"Point"},"id":"railways:934","properties":{"name":"Goodrington Sands"},"type":"Feature"},{"geometry":{"coordinates":[-2.4983835,51.1807671],"type":"Point"},"id":"railways:935","properties":{"name":"Merryfield Lane"},"type":"Feature"},{"geometry":{"coordinates":[-3.5569408,50.3962051],"type":"Point"},"id":"railways:936","properties":{"name":"Churston"},"type":"Feature"},{"geometry":{"coordinates":[-0.4459987,51.4590893],"type":"Point"},"id":"railways:937","properties":{"name":"Heathrow Terminal 4"},"type":"Feature"},{"geometry":{"coordinates":[-1.6112886,53.5971192],"type":"Point"},"id":"railways:938","properties":{"name":"Clayton West"},"type":"Feature"},{"geometry":{"coordinates":[-1.6527683,53.5954353],"type":"Point"},"id":"railways:939","properties":{"name":"Skelmanthorpe"},"type":"Feature"},{"geometry":{"coordinates":[-1.6854558,53.5872715],"type":"Point"},"id":"railways:940","properties":{"name":"Shelley"},"type":"Feature"},{"geometry":{"coordinates":[-1.5691356,53.0356487],"type":"Point"},"id":"railways:941","properties":{"name":"Idridgehay"},"type":"Feature"},{"geometry":{"coordinates":[1.349369,52.866075],"type":"Point"},"id":"railways:942","properties":{"name":"Gunton"},"type":"Feature"},{"geometry":{"coordinates":[1.2997853,52.91792],"type":"Point"},"id":"railways:943","properties":{"name":"Roughton Road"},"type":"Feature"},{"geometry":{"coordinates":[-1.913704,52.4896794],"type":"Point"},"id":"railways:944","properties":{"name":"Jewellery Quarter"},"type":"Feature"},{"geometry":{"coordinates":[1.2080719,52.9417043],"type":"Point"},"id":"railways:945","properties":{"name":"Sheringham (NNR)"},"type":"Feature"},{"geometry":{"coordinates":[-1.547398,53.0182899],"type":"Point"},"id":"railways:946","properties":{"name":"Shottle"},"type":"Feature"},{"geometry":{"coordinates":[-1.5687991,53.0827559],"type":"Point"},"id":"railways:947","properties":{"name":"Wirksworth"},"type":"Feature"},{"geometry":{"coordinates":[-2.9535298,53.3759381],"type":"Point"},"id":"railways:948","properties":{"name":"St Michaels"},"type":"Feature"},{"geometry":{"coordinates":[-1.3499611,50.9687923],"type":"Point"},"id":"railways:949","properties":{"name":"Eastleigh"},"type":"Feature"},{"geometry":{"coordinates":[-3.0538832,53.787882],"type":"Point"},"id":"railways:950","properties":{"name":"Blackpool Pleasure Beach"},"type":"Feature"},{"geometry":{"coordinates":[-1.183063,50.6964692],"type":"Point"},"id":"railways:951","properties":{"name":"Ashey"},"type":"Feature"},{"geometry":{"coordinates":[1.7161761,52.4777293],"type":"Point"},"id":"railways:952","properties":{"name":"Oulton Broad North"},"type":"Feature"},{"geometry":{"coordinates":[1.5696314,52.4588262],"type":"Point"},"id":"railways:953","properties":{"name":"Beccles"},"type":"Feature"},{"geometry":{"coordinates":[1.7499873,52.47424],"type":"Point"},"id":"railways:954","properties":{"name":"Lowestoft"},"type":"Feature"},{"geometry":{"coordinates":[1.5235994,52.2732073],"type":"Point"},"id":"railways:955","properties":{"name":"Darsham"},"type":"Feature"},{"geometry":{"coordinates":[-1.6922471,53.6713909],"type":"Point"},"id":"railways:956","properties":{"name":"Mirfield"},"type":"Feature"},{"geometry":{"coordinates":[-1.4722913,52.8976023],"type":"Point"},"id":"railways:957","properties":{"name":"Peartree"},"type":"Feature"},{"geometry":{"coordinates":[-4.1234912,52.6136247],"type":"Point"},"id":"railways:958","properties":{"name":"Tonfanau"},"type":"Feature"},{"geometry":{"coordinates":[-3.2314774,51.5204441],"type":"Point"},"id":"railways:959","properties":{"name":"Coryton"},"type":"Feature"},{"geometry":{"coordinates":[-3.2221576,51.5208061],"type":"Point"},"id":"railways:960","properties":{"name":"Whitchurch"},"type":"Feature"},{"geometry":{"coordinates":[-3.2144829,51.521084],"type":"Point"},"id":"railways:961","properties":{"name":"Rhiwbina"},"type":"Feature"},{"geometry":{"coordinates":[-3.2024702,51.5215153],"type":"Point"},"id":"railways:962","properties":{"name":"Birchgrove"},"type":"Feature"},{"geometry":{"coordinates":[-3.1822414,51.5157601],"type":"Point"},"id":"railways:963","properties":{"name":"Heath Low Level"},"type":"Feature"},{"geometry":{"coordinates":[-2.71598,52.3711007],"type":"Point"},"id":"railways:964","properties":{"name":"Ludlow"},"type":"Feature"},{"geometry":{"coordinates":[-1.6797007,52.6106234],"type":"Point"},"id":"railways:965","properties":{"name":"Wilnecote"},"type":"Feature"},{"geometry":{"coordinates":[1.5439772,52.6346757],"type":"Point"},"id":"railways:966","properties":{"name":"Acle"},"type":"Feature"},{"geometry":{"coordinates":[1.6310707,52.5902585],"type":"Point"},"id":"railways:967","properties":{"name":"Berney Arms"},"type":"Feature"},{"geometry":{"coordinates":[1.4702099,52.597696],"type":"Point"},"id":"railways:968","properties":{"name":"Buckenham"},"type":"Feature"},{"geometry":{"coordinates":[1.6229897,52.5290248],"type":"Point"},"id":"railways:969","properties":{"name":"Haddiscoe"},"type":"Feature"},{"geometry":{"coordinates":[1.4896908,52.6220505],"type":"Point"},"id":"railways:970","properties":{"name":"Lingwood"},"type":"Feature"},{"geometry":{"coordinates":[0.5927716,51.7803142],"type":"Point"},"id":"railways:971","properties":{"name":"Hatfield Peverel"},"type":"Feature"},{"geometry":{"coordinates":[1.081649,51.9435862],"type":"Point"},"id":"railways:972","properties":{"name":"Mistley"},"type":"Feature"},{"geometry":{"coordinates":[-1.3182234,54.5698829],"type":"Point"},"id":"railways:973","properties":{"name":"Stockton"},"type":"Feature"},{"geometry":{"coordinates":[-3.2339459,51.5004014],"type":"Point"},"id":"railways:974","properties":{"name":"Danescourt"},"type":"Feature"},{"geometry":{"coordinates":[-3.1855685,51.5444152],"type":"Point"},"id":"railways:975","properties":{"name":"Lisvane and Thornhill"},"type":"Feature"},{"geometry":{"coordinates":[-2.3591702,51.7176405],"type":"Point"},"id":"railways:976","properties":{"name":"Cam and Dursley"},"type":"Feature"},{"geometry":{"coordinates":[-2.0850338,53.4644638],"type":"Point"},"id":"railways:977","properties":{"name":"Hyde North"},"type":"Feature"},{"geometry":{"coordinates":[-2.9093225,51.3578502],"type":"Point"},"id":"railways:978","properties":{"name":"Worle"},"type":"Feature"},{"geometry":{"coordinates":[-4.2831967,55.8613947],"type":"Point"},"id":"railways:979","properties":{"name":"Exhibition Centre"},"type":"Feature"},{"geometry":{"coordinates":[-3.7309616,56.2749096],"type":"Point"},"id":"railways:980","properties":{"name":"Gleneagles"},"type":"Feature"},{"geometry":{"coordinates":[-3.0578286,56.4562504],"type":"Point"},"id":"railways:981","properties":{"name":"Invergowrie"},"type":"Feature"},{"geometry":{"coordinates":[-4.213671,55.8313413],"type":"Point"},"id":"railways:982","properties":{"name":"Rutherglen"},"type":"Feature"},{"geometry":{"coordinates":[-1.7523869,53.668458],"type":"Point"},"id":"railways:983","properties":{"name":"Deighton"},"type":"Feature"},{"geometry":{"coordinates":[-3.6700967,57.1337091],"type":"Point"},"id":"railways:984","properties":{"name":"Base Station"},"type":"Feature"},{"geometry":{"coordinates":[-3.6609169,57.1276775],"type":"Point"},"id":"railways:985","properties":{"name":"Sheiling / Middle"},"type":"Feature"},{"geometry":{"coordinates":[-1.0232631,53.5888703],"type":"Point"},"id":"railways:986","properties":{"name":"Hatfield & Stainforth"},"type":"Feature"},{"geometry":{"coordinates":[-1.0745371,53.5636066],"type":"Point"},"id":"railways:987","properties":{"name":"Kirk Sandall"},"type":"Feature"},{"geometry":{"coordinates":[-0.9552556,53.6033448],"type":"Point"},"id":"railways:988","properties":{"name":"Thorne South"},"type":"Feature"},{"geometry":{"coordinates":[-1.4772756,53.55441],"type":"Point"},"id":"railways:989","properties":{"name":"Barnsley Interchange"},"type":"Feature"},{"geometry":{"coordinates":[-1.374636,53.6326086],"type":"Point"},"id":"railways:990","properties":{"name":"Fitzwilliam"},"type":"Feature"},{"geometry":{"coordinates":[-3.9214861,53.0444116],"type":"Point"},"id":"railways:991","properties":{"name":"Roman Bridge"},"type":"Feature"},{"geometry":{"coordinates":[-3.8845507,53.0515703],"type":"Point"},"id":"railways:992","properties":{"name":"Dolwyddelan"},"type":"Feature"},{"geometry":{"coordinates":[-3.8628141,53.0651056],"type":"Point"},"id":"railways:993","properties":{"name":"Pont-y-Pant"},"type":"Feature"},{"geometry":{"coordinates":[-2.8432195,53.409627],"type":"Point"},"id":"railways:994","properties":{"name":"Huyton"},"type":"Feature"},{"geometry":{"coordinates":[-2.7965205,53.413914],"type":"Point"},"id":"railways:995","properties":{"name":"Whiston"},"type":"Feature"},{"geometry":{"coordinates":[-2.9811665,53.4407853],"type":"Point"},"id":"railways:996","properties":{"name":"Kirkdale"},"type":"Feature"},{"geometry":{"coordinates":[-2.9878045,53.4378965],"type":"Point"},"id":"railways:997","properties":{"name":"Bank Hall"},"type":"Feature"},{"geometry":{"coordinates":[-3.1746781,51.4358489],"type":"Point"},"id":"railways:998","properties":{"name":"Penarth"},"type":"Feature"},{"geometry":{"coordinates":[-2.6520711,56.7316163],"type":"Point"},"id":"railways:999","properties":{"name":"Brechin"},"type":"Feature"},{"geometry":{"coordinates":[-2.5507472,56.7185174],"type":"Point"},"id":"railways:1000","properties":{"name":"Bridge of Dun"},"type":"Feature"},{"geometry":{"coordinates":[-2.4108352,53.6139542],"type":"Point"},"id":"railways:1001","properties":{"name":"Bromley Cross"},"type":"Feature"},{"geometry":{"coordinates":[-2.4130759,53.5974456],"type":"Point"},"id":"railways:1002","properties":{"name":"Hall i' th' Wood"},"type":"Feature"},{"geometry":{"coordinates":[-4.0030837,52.9481537],"type":"Point"},"id":"railways:1003","properties":{"name":"Plas Halt"},"type":"Feature"},{"geometry":{"coordinates":[-3.976517,52.9578739],"type":"Point"},"id":"railways:1004","properties":{"name":"Campbell's Platform"},"type":"Feature"},{"geometry":{"coordinates":[-3.5895171,51.5385274],"type":"Point"},"id":"railways:1005","properties":{"name":"Sarn"},"type":"Feature"},{"geometry":{"coordinates":[-3.6482526,51.6052667],"type":"Point"},"id":"railways:1006","properties":{"name":"Maesteg (Ewenny Road)"},"type":"Feature"},{"geometry":{"coordinates":[-3.938464,52.9946896],"type":"Point"},"id":"railways:1007","properties":{"name":"Blaenau Ffestiniog"},"type":"Feature"},{"geometry":{"coordinates":[-3.0920412,51.6058043],"type":"Point"},"id":"railways:1008","properties":{"name":"Risca and Pontymister"},"type":"Feature"},{"geometry":{"coordinates":[-3.1972083,51.5217075],"type":"Point"},"id":"railways:1009","properties":{"name":"Tŷ Glas"},"type":"Feature"},{"geometry":{"coordinates":[1.5438215,52.3955079],"type":"Point"},"id":"railways:1010","properties":{"name":"Brampton"},"type":"Feature"},{"geometry":{"coordinates":[1.3381527,52.1043512],"type":"Point"},"id":"railways:1011","properties":{"name":"Melton"},"type":"Feature"},{"geometry":{"coordinates":[-4.131979,52.9309118],"type":"Point"},"id":"railways:1012","properties":{"name":"Porthmadog (WHHR)"},"type":"Feature"},{"geometry":{"coordinates":[-4.1239372,52.9341596],"type":"Point"},"id":"railways:1013","properties":{"name":"Pen-y-Mount"},"type":"Feature"},{"geometry":{"coordinates":[-0.9060291,51.6981184],"type":"Point"},"id":"railways:1014","properties":{"name":"Chinnor"},"type":"Feature"},{"geometry":{"coordinates":[-3.5731235,50.3863735],"type":"Point"},"id":"railways:1015","properties":{"name":"Greenway Halt"},"type":"Feature"},{"geometry":{"coordinates":[0.217517,52.0192173],"type":"Point"},"id":"railways:1016","properties":{"name":"Audley End Miniature Railway"},"type":"Feature"},{"geometry":{"coordinates":[-4.0888228,52.583617],"type":"Point"},"id":"railways:1017","properties":{"name":"Tywyn Wharf"},"type":"Feature"},{"geometry":{"coordinates":[-4.081217,52.5872348],"type":"Point"},"id":"railways:1018","properties":{"name":"Pendre"},"type":"Feature"},{"geometry":{"coordinates":[-4.0463751,52.5998319],"type":"Point"},"id":"railways:1019","properties":{"name":"Rhydyronen"},"type":"Feature"},{"geometry":{"coordinates":[-4.0271075,52.6083911],"type":"Point"},"id":"railways:1020","properties":{"name":"Brynglas"},"type":"Feature"},{"geometry":{"coordinates":[-3.9659472,52.6386287],"type":"Point"},"id":"railways:1021","properties":{"name":"Abergynolwyn"},"type":"Feature"},{"geometry":{"coordinates":[-4.050288,52.695685],"type":"Point"},"id":"railways:1022","properties":{"name":"Fairbourne (FR)"},"type":"Feature"},{"geometry":{"coordinates":[-4.0980002,52.9501133],"type":"Point"},"id":"railways:1023","properties":{"name":"Pont Croesor Halt"},"type":"Feature"},{"geometry":{"coordinates":[-3.1601795,52.6597471],"type":"Point"},"id":"railways:1024","properties":{"name":"Welshpool Raven Square"},"type":"Feature"},{"geometry":{"coordinates":[-3.2194162,52.6497276],"type":"Point"},"id":"railways:1025","properties":{"name":"Sylfaen"},"type":"Feature"},{"geometry":{"coordinates":[-3.2411329,52.6445941],"type":"Point"},"id":"railways:1026","properties":{"name":"Castle Caereinion"},"type":"Feature"},{"geometry":{"coordinates":[-3.2754268,52.6604776],"type":"Point"},"id":"railways:1027","properties":{"name":"Cyfronydd"},"type":"Feature"},{"geometry":{"coordinates":[-3.2978325,52.6636715],"type":"Point"},"id":"railways:1028","properties":{"name":"Heniarth"},"type":"Feature"},{"geometry":{"coordinates":[-3.3644454,51.77786],"type":"Point"},"id":"railways:1029","properties":{"name":"Pant"},"type":"Feature"},{"geometry":{"coordinates":[-3.3606768,51.7999527],"type":"Point"},"id":"railways:1030","properties":{"name":"Pontsticill"},"type":"Feature"},{"geometry":{"coordinates":[-3.3682696,51.8209203],"type":"Point"},"id":"railways:1031","properties":{"name":"Dol-y-gaer"},"type":"Feature"},{"geometry":{"coordinates":[-1.9469824,52.6761237],"type":"Point"},"id":"railways:1032","properties":{"name":"Chasewater Heaths"},"type":"Feature"},{"geometry":{"coordinates":[1.1604018,51.8478614],"type":"Point"},"id":"railways:1033","properties":{"name":"Thorpe-le-Soken"},"type":"Feature"},{"geometry":{"coordinates":[1.2137971,51.8415069],"type":"Point"},"id":"railways:1034","properties":{"name":"Kirby Cross"},"type":"Feature"},{"geometry":{"coordinates":[1.2433218,51.8377612],"type":"Point"},"id":"railways:1035","properties":{"name":"Frinton-on-Sea"},"type":"Feature"},{"geometry":{"coordinates":[-5.4637055,50.1971013],"type":"Point"},"id":"railways:1036","properties":{"name":"Carbis Bay"},"type":"Feature"},{"geometry":{"coordinates":[-5.4365104,50.1839692],"type":"Point"},"id":"railways:1037","properties":{"name":"Lelant"},"type":"Feature"},{"geometry":{"coordinates":[-5.441159,50.1785858],"type":"Point"},"id":"railways:1038","properties":{"name":"Lelant Saltings"},"type":"Feature"},{"geometry":{"coordinates":[-2.5395674,51.7357697],"type":"Point"},"id":"railways:1039","properties":{"name":"Norchard"},"type":"Feature"},{"geometry":{"coordinates":[-2.5319837,51.725442],"type":"Point"},"id":"railways:1040","properties":{"name":"Lydney Town"},"type":"Feature"},{"geometry":{"coordinates":[-2.5311242,51.7156961],"type":"Point"},"id":"railways:1041","properties":{"name":"Lydney Junction"},"type":"Feature"},{"geometry":{"coordinates":[-5.0288475,50.4041228],"type":"Point"},"id":"railways:1042","properties":{"name":"Quintrell Downs"},"type":"Feature"},{"geometry":{"coordinates":[-3.1714237,52.9713051],"type":"Point"},"id":"railways:1043","properties":{"name":"Llangollen"},"type":"Feature"},{"geometry":{"coordinates":[1.6522512,52.5101525],"type":"Point"},"id":"railways:1044","properties":{"name":"Somerleyton"},"type":"Feature"},{"geometry":{"coordinates":[1.7074886,52.4695869],"type":"Point"},"id":"railways:1045","properties":{"name":"Oulton Broad South"},"type":"Feature"},{"geometry":{"coordinates":[-3.5951442,51.5474663],"type":"Point"},"id":"railways:1046","properties":{"name":"Tondu"},"type":"Feature"},{"geometry":{"coordinates":[-3.5932353,52.9014233],"type":"Point"},"id":"railways:1047","properties":{"name":"Bala (Penybont)"},"type":"Feature"},{"geometry":{"coordinates":[-3.6640137,52.8560106],"type":"Point"},"id":"railways:1048","properties":{"name":"Llanuwchllyn"},"type":"Feature"},{"geometry":{"coordinates":[-3.6434549,52.8671011],"type":"Point"},"id":"railways:1049","properties":{"name":"Pentrepiod Halt"},"type":"Feature"},{"geometry":{"coordinates":[-3.6322971,52.87501],"type":"Point"},"id":"railways:1050","properties":{"name":"Llangower"},"type":"Feature"},{"geometry":{"coordinates":[1.2678629,51.8462158],"type":"Point"},"id":"railways:1051","properties":{"name":"Walton-on-the-Naze"},"type":"Feature"},{"geometry":{"coordinates":[-1.1507181,53.5437098],"type":"Point"},"id":"railways:1052","properties":{"name":"Bentley (South Yorkshire)"},"type":"Feature"},{"geometry":{"coordinates":[-1.8843395,54.7262615],"type":"Point"},"id":"railways:1053","properties":{"name":"Wolsingham"},"type":"Feature"},{"geometry":{"coordinates":[-1.9640609,54.7269224],"type":"Point"},"id":"railways:1054","properties":{"name":"Frosterley"},"type":"Feature"},{"geometry":{"coordinates":[-3.2333506,51.1007791],"type":"Point"},"id":"railways:1055","properties":{"name":"Crowcombe Heathfield"},"type":"Feature"},{"geometry":{"coordinates":[-3.27338,51.1277404],"type":"Point"},"id":"railways:1056","properties":{"name":"Stogumber"},"type":"Feature"},{"geometry":{"coordinates":[-3.3115629,51.1783525],"type":"Point"},"id":"railways:1057","properties":{"name":"Doniford Halt"},"type":"Feature"},{"geometry":{"coordinates":[-3.3094908,51.1664654],"type":"Point"},"id":"railways:1058","properties":{"name":"Williton"},"type":"Feature"},{"geometry":{"coordinates":[-3.3688908,51.1615078],"type":"Point"},"id":"railways:1059","properties":{"name":"Washford"},"type":"Feature"},{"geometry":{"coordinates":[-3.3297097,51.180634],"type":"Point"},"id":"railways:1060","properties":{"name":"Watchet"},"type":"Feature"},{"geometry":{"coordinates":[-3.4009333,51.1816647],"type":"Point"},"id":"railways:1061","properties":{"name":"Blue Anchor"},"type":"Feature"},{"geometry":{"coordinates":[-3.4384228,51.1931186],"type":"Point"},"id":"railways:1062","properties":{"name":"Dunster"},"type":"Feature"},{"geometry":{"coordinates":[-3.4678346,51.2062859],"type":"Point"},"id":"railways:1063","properties":{"name":"Minehead"},"type":"Feature"},{"geometry":{"coordinates":[-0.1020387,51.378808],"type":"Point"},"id":"railways:1064","properties":{"name":"West Croydon"},"type":"Feature"},{"geometry":{"coordinates":[-6.7873526,55.165303],"type":"Point"},"id":"railways:1065","properties":{"name":"Castlerock"},"type":"Feature"},{"geometry":{"coordinates":[-6.5138808,55.066495],"type":"Point"},"id":"railways:1066","properties":{"name":"Ballymoney"},"type":"Feature"},{"geometry":{"coordinates":[-6.2846354,54.8640702],"type":"Point"},"id":"railways:1067","properties":{"name":"Ballymena"},"type":"Feature"},{"geometry":{"coordinates":[-6.2114756,54.7180968],"type":"Point"},"id":"railways:1068","properties":{"name":"Antrim"},"type":"Feature"},{"geometry":{"coordinates":[-0.1353308,51.4891579],"type":"Point"},"id":"railways:1069","properties":{"name":"Pimlico"},"type":"Feature"},{"geometry":{"coordinates":[-4.0824299,50.3949594],"type":"Point"},"id":"railways:1070","properties":{"name":"Marsh Mills"},"type":"Feature"},{"geometry":{"coordinates":[-4.61414,55.5090231],"type":"Point"},"id":"railways:1071","properties":{"name":"Prestwick International Airport"},"type":"Feature"},{"geometry":{"coordinates":[-2.563826,51.503393],"type":"Point"},"id":"railways:1072","properties":{"name":"Filton Abbey Wood"},"type":"Feature"},{"geometry":{"coordinates":[-0.6509031,51.9088183],"type":"Point"},"id":"railways:1073","properties":{"name":"Page's Park"},"type":"Feature"},{"geometry":{"coordinates":[-4.6746399,50.4598754],"type":"Point"},"id":"railways:1074","properties":{"name":"Colesloggett Halt"},"type":"Feature"},{"geometry":{"coordinates":[-4.7166011,50.4658792],"type":"Point"},"id":"railways:1075","properties":{"name":"Bodmin General"},"type":"Feature"},{"geometry":{"coordinates":[-4.3649403,50.6403814],"type":"Point"},"id":"railways:1076","properties":{"name":"Launceston"},"type":"Feature"},{"geometry":{"coordinates":[1.5136275,52.5787207],"type":"Point"},"id":"railways:1077","properties":{"name":"Cantley"},"type":"Feature"},{"geometry":{"coordinates":[-2.0117688,52.508635],"type":"Point"},"id":"railways:1078","properties":{"name":"Sandwell and Dudley"},"type":"Feature"},{"geometry":{"coordinates":[1.1135059,52.9141885],"type":"Point"},"id":"railways:1079","properties":{"name":"Holt"},"type":"Feature"},{"geometry":{"coordinates":[0.0549426,51.5087601],"type":"Point"},"id":"railways:1080","properties":{"name":"Beckton Park"},"type":"Feature"},{"geometry":{"coordinates":[-0.7820793,51.057239],"type":"Point"},"id":"railways:1081","properties":{"name":"Holycombe Junction"},"type":"Feature"},{"geometry":{"coordinates":[-2.3432686,53.3957446],"type":"Point"},"id":"railways:1082","properties":{"name":"Navigation Road"},"type":"Feature"},{"geometry":{"coordinates":[-0.6531323,51.4646093],"type":"Point"},"id":"railways:1083","properties":{"name":"Sky Rider"},"type":"Feature"},{"geometry":{"coordinates":[-1.9650419,52.5056717],"type":"Point"},"id":"railways:1084","properties":{"name":"The Hawthorns"},"type":"Feature"},{"geometry":{"coordinates":[-3.0965228,52.3597573],"type":"Point"},"id":"railways:1085","properties":{"name":"Knucklas"},"type":"Feature"},{"geometry":{"coordinates":[-0.0927317,51.3758448],"type":"Point"},"id":"railways:1086","properties":{"name":"East Croydon"},"type":"Feature"},{"geometry":{"coordinates":[0.8683605,52.9471474],"type":"Point"},"id":"railways:1087","properties":{"name":"The Midden"},"type":"Feature"},{"geometry":{"coordinates":[0.8777375,52.9363888],"type":"Point"},"id":"railways:1088","properties":{"name":"Warham"},"type":"Feature"},{"geometry":{"coordinates":[0.8790464,52.918577],"type":"Point"},"id":"railways:1089","properties":{"name":"Wighton Halt"},"type":"Feature"},{"geometry":{"coordinates":[1.4085335,52.7168488],"type":"Point"},"id":"railways:1090","properties":{"name":"Wroxham BVR"},"type":"Feature"},{"geometry":{"coordinates":[1.3587013,52.7345418],"type":"Point"},"id":"railways:1091","properties":{"name":"Coltishall"},"type":"Feature"},{"geometry":{"coordinates":[1.307037,52.7575673],"type":"Point"},"id":"railways:1092","properties":{"name":"Buxton"},"type":"Feature"},{"geometry":{"coordinates":[1.2913647,52.7669508],"type":"Point"},"id":"railways:1093","properties":{"name":"Brampton"},"type":"Feature"},{"geometry":{"coordinates":[1.2554227,52.7910589],"type":"Point"},"id":"railways:1094","properties":{"name":"Aylsham"},"type":"Feature"},{"geometry":{"coordinates":[0.8650852,52.9494943],"type":"Point"},"id":"railways:1095","properties":{"name":"Wells-on-Sea"},"type":"Feature"},{"geometry":{"coordinates":[0.8719869,52.8961239],"type":"Point"},"id":"railways:1096","properties":{"name":"Walsingham"},"type":"Feature"},{"geometry":{"coordinates":[-0.3025918,52.5589076],"type":"Point"},"id":"railways:1097","properties":{"name":"Overton for Ferry Meadows"},"type":"Feature"},{"geometry":{"coordinates":[-0.2479461,52.5677599],"type":"Point"},"id":"railways:1098","properties":{"name":"Peterborough (NVR)"},"type":"Feature"},{"geometry":{"coordinates":[0.5817712,51.9957579],"type":"Point"},"id":"railways:1099","properties":{"name":"Castle Hedingham"},"type":"Feature"},{"geometry":{"coordinates":[-3.7258927,53.2968237],"type":"Point"},"id":"railways:1100","properties":{"name":"Colwyn Bay"},"type":"Feature"},{"geometry":{"coordinates":[1.4902723,52.2152245],"type":"Point"},"id":"railways:1101","properties":{"name":"Saxmundham"},"type":"Feature"},{"geometry":{"coordinates":[0.7106494,51.5505931],"type":"Point"},"id":"railways:1102","properties":{"name":"Prittlewell"},"type":"Feature"},{"geometry":{"coordinates":[0.7158518,51.5326972],"type":"Point"},"id":"railways:1103","properties":{"name":"Shore"},"type":"Feature"},{"geometry":{"coordinates":[-3.473603,50.7141806],"type":"Point"},"id":"railways:1104","properties":{"name":"Digby and Sowton"},"type":"Feature"},{"geometry":{"coordinates":[-3.2824194,54.392606],"type":"Point"},"id":"railways:1105","properties":{"name":"Beckfoot"},"type":"Feature"},{"geometry":{"coordinates":[1.2306291,51.1896342],"type":"Point"},"id":"railways:1106","properties":{"name":"Shepherdswell (EKR)"},"type":"Feature"},{"geometry":{"coordinates":[-1.1479442,52.8845732],"type":"Point"},"id":"railways:1107","properties":{"name":"Ruddington Fields"},"type":"Feature"},{"geometry":{"coordinates":[-1.1449555,52.9473037],"type":"Point"},"id":"railways:1108","properties":{"name":"Nottingham"},"type":"Feature"},{"geometry":{"coordinates":[-1.9455671,52.306318],"type":"Point"},"id":"railways:1109","properties":{"name":"Redditch"},"type":"Feature"},{"geometry":{"coordinates":[-2.0175382,52.6253229],"type":"Point"},"id":"railways:1110","properties":{"name":"Bloxwich North"},"type":"Feature"},{"geometry":{"coordinates":[-2.4577535,51.4155504],"type":"Point"},"id":"railways:1111","properties":{"name":"Avon Riverside"},"type":"Feature"},{"geometry":{"coordinates":[-1.0885594,51.2684238],"type":"Point"},"id":"railways:1112","properties":{"name":"Basingstoke"},"type":"Feature"},{"geometry":{"coordinates":[-0.2470646,52.2316268],"type":"Point"},"id":"railways:1113","properties":{"name":"St Neots"},"type":"Feature"},{"geometry":{"coordinates":[-1.420975,52.624726],"type":"Point"},"id":"railways:1114","properties":{"name":"Market Bosworth"},"type":"Feature"},{"geometry":{"coordinates":[-2.4859345,54.8522284],"type":"Point"},"id":"railways:1115","properties":{"name":"Lintley Halt"},"type":"Feature"},{"geometry":{"coordinates":[-4.4299734,52.0415523],"type":"Point"},"id":"railways:1116","properties":{"name":"Pontgoch"},"type":"Feature"},{"geometry":{"coordinates":[-1.686687,54.8973288],"type":"Point"},"id":"railways:1117","properties":{"name":"Causey Arch"},"type":"Feature"},{"geometry":{"coordinates":[-1.6757001,54.90848],"type":"Point"},"id":"railways:1118","properties":{"name":"Andrews House"},"type":"Feature"},{"geometry":{"coordinates":[-2.4816699,52.6629789],"type":"Point"},"id":"railways:1119","properties":{"name":"Horsehay & Dawley"},"type":"Feature"},{"geometry":{"coordinates":[-1.4692529,53.3014],"type":"Point"},"id":"railways:1120","properties":{"name":"Dronfield"},"type":"Feature"},{"geometry":{"coordinates":[-3.4437159,50.5986475],"type":"Point"},"id":"railways:1121","properties":{"name":"Dawlish Warren"},"type":"Feature"},{"geometry":{"coordinates":[-1.5363956,53.7614562],"type":"Point"},"id":"railways:1122","properties":{"name":"Park Halt"},"type":"Feature"},{"geometry":{"coordinates":[-2.483138,51.2809511],"type":"Point"},"id":"railways:1123","properties":{"name":"Midsomer Norton"},"type":"Feature"},{"geometry":{"coordinates":[-2.8810028,53.1908811],"type":"Point"},"id":"railways:1124","properties":{"name":"Grosvenor Park Miniature Railway"},"type":"Feature"},{"geometry":{"coordinates":[0.065492,50.9354781],"type":"Point"},"id":"railways:1125","properties":{"name":"Isfield"},"type":"Feature"},{"geometry":{"coordinates":[-2.5520737,51.7532645],"type":"Point"},"id":"railways:1126","properties":{"name":"Whitecroft"},"type":"Feature"},{"geometry":{"coordinates":[-3.9939962,52.622034],"type":"Point"},"id":"railways:1127","properties":{"name":"Dolgoch"},"type":"Feature"},{"geometry":{"coordinates":[-3.9508519,52.6418784],"type":"Point"},"id":"railways:1128","properties":{"name":"Nant Gwernol"},"type":"Feature"},{"geometry":{"coordinates":[-2.2818373,51.3395623],"type":"Point"},"id":"railways:1129","properties":{"name":"Avoncliff"},"type":"Feature"},{"geometry":{"coordinates":[-1.6753699,54.920206],"type":"Point"},"id":"railways:1130","properties":{"name":"Sunniside"},"type":"Feature"},{"geometry":{"coordinates":[-0.1431522,51.4963688],"type":"Point"},"id":"railways:1131","properties":{"name":"Victoria"},"type":"Feature"},{"geometry":{"coordinates":[-2.3759192,52.4549663],"type":"Point"},"id":"railways:1132","properties":{"name":"Country Park Halt"},"type":"Feature"},{"geometry":{"coordinates":[0.2516815,51.5589708],"type":"Point"},"id":"railways:1133","properties":{"name":"Upminster"},"type":"Feature"},{"geometry":{"coordinates":[-1.3994742,53.6761886],"type":"Point"},"id":"railways:1134","properties":{"name":"Streethouse"},"type":"Feature"},{"geometry":{"coordinates":[-2.2260089,53.3270993],"type":"Point"},"id":"railways:1135","properties":{"name":"Wilmslow"},"type":"Feature"},{"geometry":{"coordinates":[-2.1883499,53.3760261],"type":"Point"},"id":"railways:1136","properties":{"name":"Cheadle Hulme"},"type":"Feature"},{"geometry":{"coordinates":[-0.9238379,52.2937192],"type":"Point"},"id":"railways:1137","properties":{"name":"Pitsford and Brampton"},"type":"Feature"},{"geometry":{"coordinates":[-2.0676425,53.1180013],"type":"Point"},"id":"railways:1138","properties":{"name":"Rudyard"},"type":"Feature"},{"geometry":{"coordinates":[-2.0723755,53.1222913],"type":"Point"},"id":"railways:1139","properties":{"name":"The Dam"},"type":"Feature"},{"geometry":{"coordinates":[-2.0820086,53.1348078],"type":"Point"},"id":"railways:1140","properties":{"name":"Hunthouse Wood"},"type":"Feature"},{"geometry":{"coordinates":[-2.336998,53.5148082],"type":"Point"},"id":"railways:1141","properties":{"name":"Swinton (Manchester)"},"type":"Feature"},{"geometry":{"coordinates":[-0.2800532,51.5636297],"type":"Point"},"id":"railways:1142","properties":{"name":"Wembley Park"},"type":"Feature"},{"geometry":{"coordinates":[-4.1078052,53.0117659],"type":"Point"},"id":"railways:1143","properties":{"name":"Beddgelert"},"type":"Feature"},{"geometry":{"coordinates":[-2.9720037,51.2183132],"type":"Point"},"id":"railways:1144","properties":{"name":"Highbridge and Burnham"},"type":"Feature"},{"geometry":{"coordinates":[-2.0272814,53.0654433],"type":"Point"},"id":"railways:1145","properties":{"name":"Cheddleton"},"type":"Feature"},{"geometry":{"coordinates":[-1.877458,52.9856818],"type":"Point"},"id":"railways:1146","properties":{"name":"Alton Towers Car Park"},"type":"Feature"},{"geometry":{"coordinates":[-0.4318151,51.5930135],"type":"Point"},"id":"railways:1147","properties":{"name":"Willow Lawn"},"type":"Feature"},{"geometry":{"coordinates":[-0.4290932,51.588726],"type":"Point"},"id":"railways:1148","properties":{"name":"Woody Bay"},"type":"Feature"},{"geometry":{"coordinates":[-3.1642894,54.8291227],"type":"Point"},"id":"railways:1149","properties":{"name":"Wigton"},"type":"Feature"},{"geometry":{"coordinates":[-1.399376,50.8035469],"type":"Point"},"id":"railways:1150","properties":{"name":"Exbury Central"},"type":"Feature"},{"geometry":{"coordinates":[-1.4040902,50.8056806],"type":"Point"},"id":"railways:1151","properties":{"name":"Exbury North"},"type":"Feature"},{"geometry":{"coordinates":[-2.7496898,51.4196718],"type":"Point"},"id":"railways:1152","properties":{"name":"Nailsea and Backwell"},"type":"Feature"},{"geometry":{"coordinates":[-1.6414408,54.9499976],"type":"Point"},"id":"railways:1153","properties":{"name":"Dunston"},"type":"Feature"},{"geometry":{"coordinates":[-1.9568099,52.674837],"type":"Point"},"id":"railways:1154","properties":{"name":"Norton Lakeside Halt"},"type":"Feature"},{"geometry":{"coordinates":[-4.128303,52.9312725],"type":"Point"},"id":"railways:1155","properties":{"name":"Gelert's Farm"},"type":"Feature"},{"geometry":{"coordinates":[-4.2689803,55.8407278],"type":"Point"},"id":"railways:1156","properties":{"name":"Pollokshields East"},"type":"Feature"},{"geometry":{"coordinates":[-2.7237343,53.2957797],"type":"Point"},"id":"railways:1157","properties":{"name":"Frodsham"},"type":"Feature"},{"geometry":{"coordinates":[-1.3581865,51.8429869],"type":"Point"},"id":"railways:1158","properties":{"name":"Palace Station"},"type":"Feature"},{"geometry":{"coordinates":[-1.3505501,51.8388678],"type":"Point"},"id":"railways:1159","properties":{"name":"Walled Garden Station"},"type":"Feature"},{"geometry":{"coordinates":[-1.3409694,50.8672425],"type":"Point"},"id":"railways:1160","properties":{"name":"Chapel Road Station"},"type":"Feature"},{"geometry":{"coordinates":[-1.3407083,50.8672955],"type":"Point"},"id":"railways:1161","properties":{"name":"Piccadilly"},"type":"Feature"},{"geometry":{"coordinates":[-4.7715063,55.9412926],"type":"Point"},"id":"railways:1162","properties":{"name":"Drumfrochar"},"type":"Feature"},{"geometry":{"coordinates":[-3.376667,51.6817619],"type":"Point"},"id":"railways:1163","properties":{"name":"Mountain Ash"},"type":"Feature"},{"geometry":{"coordinates":[-1.7736115,53.8335128],"type":"Point"},"id":"railways:1164","properties":{"name":"Shipley"},"type":"Feature"},{"geometry":{"coordinates":[-4.0185953,55.8538301],"type":"Point"},"id":"railways:1165","properties":{"name":"Whifflet"},"type":"Feature"},{"geometry":{"coordinates":[-1.382282,53.7965742],"type":"Point"},"id":"railways:1166","properties":{"name":"Garforth"},"type":"Feature"},{"geometry":{"coordinates":[-0.1064144,51.5648345],"type":"Point"},"id":"railways:1167","properties":{"name":"Finsbury Park"},"type":"Feature"},{"geometry":{"coordinates":[-1.5880507,54.2891975],"type":"Point"},"id":"railways:1168","properties":{"name":"Bedale"},"type":"Feature"},{"geometry":{"coordinates":[0.1377154,52.1941089],"type":"Point"},"id":"railways:1169","properties":{"name":"Cambridge"},"type":"Feature"},{"geometry":{"coordinates":[-2.2762606,51.1873942],"type":"Point"},"id":"railways:1170","properties":{"name":"Longleat"},"type":"Feature"},{"geometry":{"coordinates":[-3.6256241,56.0148224],"type":"Point"},"id":"railways:1171","properties":{"name":"Kinneil Halt"},"type":"Feature"},{"geometry":{"coordinates":[-3.6004981,56.0179562],"type":"Point"},"id":"railways:1172","properties":{"name":"Bo'ness"},"type":"Feature"},{"geometry":{"coordinates":[-1.6992903,54.8885497],"type":"Point"},"id":"railways:1173","properties":{"name":"East Tanfield"},"type":"Feature"},{"geometry":{"coordinates":[-1.5338604,54.3195817],"type":"Point"},"id":"railways:1174","properties":{"name":"Scruton"},"type":"Feature"},{"geometry":{"coordinates":[-3.1185638,51.7840036],"type":"Point"},"id":"railways:1175","properties":{"name":"Whistle Inn halt"},"type":"Feature"},{"geometry":{"coordinates":[-3.1113576,51.7785502],"type":"Point"},"id":"railways:1176","properties":{"name":"Furnace Sidings"},"type":"Feature"},{"geometry":{"coordinates":[-3.0852529,51.7684836],"type":"Point"},"id":"railways:1177","properties":{"name":"Blaenavon High Level"},"type":"Feature"},{"geometry":{"coordinates":[-3.1049045,51.7739838],"type":"Point"},"id":"railways:1178","properties":{"name":"Big Pit halt"},"type":"Feature"},{"geometry":{"coordinates":[-4.6143185,55.501773],"type":"Point"},"id":"railways:1179","properties":{"name":"Prestwick Town"},"type":"Feature"},{"geometry":{"coordinates":[0.0113494,50.8705975],"type":"Point"},"id":"railways:1180","properties":{"name":"Lewes"},"type":"Feature"},{"geometry":{"coordinates":[-0.7254165,51.4076537],"type":"Point"},"id":"railways:1181","properties":{"name":"Martins Heron"},"type":"Feature"},{"geometry":{"coordinates":[-1.4142289,50.9074977],"type":"Point"},"id":"railways:1182","properties":{"name":"Southampton Central"},"type":"Feature"},{"geometry":{"coordinates":[-1.9644668,53.0215657],"type":"Point"},"id":"railways:1183","properties":{"name":"Kingsley & Froghall"},"type":"Feature"},{"geometry":{"coordinates":[-4.0891687,52.9935536],"type":"Point"},"id":"railways:1184","properties":{"name":"Nantmor Halt"},"type":"Feature"},{"geometry":{"coordinates":[-4.2759103,53.1167689],"type":"Point"},"id":"railways:1185","properties":{"name":"Bontnewydd"},"type":"Feature"},{"geometry":{"coordinates":[-0.5589965,52.0415839],"type":"Point"},"id":"railways:1186","properties":{"name":"Lidlington"},"type":"Feature"},{"geometry":{"coordinates":[1.1543273,51.7945324],"type":"Point"},"id":"railways:1187","properties":{"name":"Clacton-on-Sea"},"type":"Feature"},{"geometry":{"coordinates":[-5.4777671,50.2088461],"type":"Point"},"id":"railways:1188","properties":{"name":"St Ives"},"type":"Feature"},{"geometry":{"coordinates":[-6.6533861,55.2031155],"type":"Point"},"id":"railways:1189","properties":{"name":"Portrush"},"type":"Feature"},{"geometry":{"coordinates":[-6.6611895,55.1962242],"type":"Point"},"id":"railways:1190","properties":{"name":"Dhu Varren"},"type":"Feature"},{"geometry":{"coordinates":[-6.6684074,55.1503894],"type":"Point"},"id":"railways:1191","properties":{"name":"University"},"type":"Feature"},{"geometry":{"coordinates":[-1.5897097,54.613739],"type":"Point"},"id":"railways:1192","properties":{"name":"Newton Aycliffe"},"type":"Feature"},{"geometry":{"coordinates":[-4.0518658,52.7122942],"type":"Point"},"id":"railways:1193","properties":{"name":"Estuary Halt"},"type":"Feature"},{"geometry":{"coordinates":[-4.0485009,52.7151503],"type":"Point"},"id":"railways:1194","properties":{"name":"Barmouth Ferry"},"type":"Feature"},{"geometry":{"coordinates":[-4.0575144,52.7016742],"type":"Point"},"id":"railways:1195","properties":{"name":"Golf Halt"},"type":"Feature"},{"geometry":{"coordinates":[-0.7216202,51.2960277],"type":"Point"},"id":"railways:1196","properties":{"name":"Frimley Lodge"},"type":"Feature"},{"geometry":{"coordinates":[-4.3304149,51.9072359],"type":"Point"},"id":"railways:1197","properties":{"name":"Danycoed"},"type":"Feature"},{"geometry":{"coordinates":[-4.318223,51.9081128],"type":"Point"},"id":"railways:1198","properties":{"name":"Llwyfan Cerrig"},"type":"Feature"},{"geometry":{"coordinates":[-4.3007353,51.8921567],"type":"Point"},"id":"railways:1199","properties":{"name":"Bronwydd Arms"},"type":"Feature"},{"geometry":{"coordinates":[-4.625979,55.4739658],"type":"Point"},"id":"railways:1200","properties":{"name":"Newton-on-Ayr"},"type":"Feature"},{"geometry":{"coordinates":[-3.8354722,51.2313042],"type":"Point"},"id":"railways:1201","properties":{"name":"Lynton Village"},"type":"Feature"},{"geometry":{"coordinates":[-4.464799,50.3875961],"type":"Point"},"id":"railways:1202","properties":{"name":"Sandplace"},"type":"Feature"},{"geometry":{"coordinates":[-1.5495933,55.1897525],"type":"Point"},"id":"railways:1203","properties":{"name":"Museum Halt"},"type":"Feature"},{"geometry":{"coordinates":[-1.5513922,55.1960868],"type":"Point"},"id":"railways:1204","properties":{"name":"Lakeside Halt"},"type":"Feature"},{"geometry":{"coordinates":[-0.9705382,54.5793885],"type":"Point"},"id":"railways:1205","properties":{"name":"Forest Halt"},"type":"Feature"},{"geometry":{"coordinates":[-3.0390252,57.4842312],"type":"Point"},"id":"railways:1206","properties":{"name":"Drummuir"},"type":"Feature"},{"geometry":{"coordinates":[-4.1235377,53.019413],"type":"Point"},"id":"railways:1207","properties":{"name":"Meillionen"},"type":"Feature"},{"geometry":{"coordinates":[-4.2769864,53.1035053],"type":"Point"},"id":"railways:1208","properties":{"name":"Dinas"},"type":"Feature"},{"geometry":{"coordinates":[-4.2398315,53.1079727],"type":"Point"},"id":"railways:1209","properties":{"name":"Tryfan Junction"},"type":"Feature"},{"geometry":{"coordinates":[-4.064842,52.9351708],"type":"Point"},"id":"railways:1210","properties":{"name":"Penrhyn"},"type":"Feature"},{"geometry":{"coordinates":[-3.8996918,52.3911035],"type":"Point"},"id":"railways:1211","properties":{"name":"Rheidol Falls"},"type":"Feature"},{"geometry":{"coordinates":[-3.948752,52.38533],"type":"Point"},"id":"railways:1212","properties":{"name":"Nantyronen"},"type":"Feature"},{"geometry":{"coordinates":[-2.4176529,52.5341676],"type":"Point"},"id":"railways:1213","properties":{"name":"Bridgnorth Cliff Railway Bottom Station"},"type":"Feature"},{"geometry":{"coordinates":[-3.3222845,52.6519213],"type":"Point"},"id":"railways:1214","properties":{"name":"Llanfair Caereinion"},"type":"Feature"},{"geometry":{"coordinates":[-1.3497203,54.5300894],"type":"Point"},"id":"railways:1215","properties":{"name":"Eaglescliffe"},"type":"Feature"},{"geometry":{"coordinates":[-1.358285,53.6790992],"type":"Point"},"id":"railways:1216","properties":{"name":"Featherstone"},"type":"Feature"},{"geometry":{"coordinates":[-1.843859,51.6073804],"type":"Point"},"id":"railways:1217","properties":{"name":"Blunsdon"},"type":"Feature"},{"geometry":{"coordinates":[-1.8471715,51.61365],"type":"Point"},"id":"railways:1218","properties":{"name":"Hayes Knoll"},"type":"Feature"},{"geometry":{"coordinates":[-4.0841392,53.0893021],"type":"Point"},"id":"railways:1219","properties":{"name":"Rocky Valley Halt"},"type":"Feature"},{"geometry":{"coordinates":[-2.4825389,52.6628632],"type":"Point"},"id":"railways:1220","properties":{"name":"Spring Village"},"type":"Feature"},{"geometry":{"coordinates":[-1.3383531,54.5379232],"type":"Point"},"id":"railways:1221","properties":{"name":"Tees Small Gauge Railway"},"type":"Feature"},{"geometry":{"coordinates":[0.7468492,51.3889653],"type":"Point"},"id":"railways:1222","properties":{"name":"Swale"},"type":"Feature"},{"geometry":{"coordinates":[-4.8028585,51.7789542],"type":"Point"},"id":"railways:1223","properties":{"name":"Oakwood Park Station"},"type":"Feature"},{"geometry":{"coordinates":[-0.7998436,52.756564],"type":"Point"},"id":"railways:1224","properties":{"name":"Central Station"},"type":"Feature"},{"geometry":{"coordinates":[-2.5640811,55.9995089],"type":"Point"},"id":"railways:1225","properties":{"name":"East Links Family Park"},"type":"Feature"},{"geometry":{"coordinates":[-2.8382042,53.7013043],"type":"Point"},"id":"railways:1226","properties":{"name":"Delph"},"type":"Feature"},{"geometry":{"coordinates":[-2.8386748,53.7006551],"type":"Point"},"id":"railways:1227","properties":{"name":"Willow Tree Halt"},"type":"Feature"},{"geometry":{"coordinates":[-2.8381166,53.6995958],"type":"Point"},"id":"railways:1228","properties":{"name":"Becconsall Station"},"type":"Feature"},{"geometry":{"coordinates":[-2.0937021,53.4912163],"type":"Point"},"id":"railways:1229","properties":{"name":"Ashton-under-Lyne"},"type":"Feature"},{"geometry":{"coordinates":[-2.4182678,52.5344063],"type":"Point"},"id":"railways:1230","properties":{"name":"Bridgnorth Cliff Railway Top Station"},"type":"Feature"},{"geometry":{"coordinates":[0.5887315,50.8550898],"type":"Point"},"id":"railways:1231","properties":{"name":"Marine Parade Station"},"type":"Feature"},{"geometry":{"coordinates":[0.5950794,50.8558645],"type":"Point"},"id":"railways:1232","properties":{"name":"Rock-a-Nore Station"},"type":"Feature"},{"geometry":{"coordinates":[-2.59749,51.4480951],"type":"Point"},"id":"railways:1233","properties":{"name":"Princes Wharf"},"type":"Feature"},{"geometry":{"coordinates":[0.7109239,51.5335104],"type":"Point"},"id":"railways:1234","properties":{"name":"Southend Cliff Lift (Bottom)"},"type":"Feature"},{"geometry":{"coordinates":[0.7110163,51.5339911],"type":"Point"},"id":"railways:1235","properties":{"name":"Southend Cliff Lift (Top)"},"type":"Feature"},{"geometry":{"coordinates":[1.1377639,52.9320084],"type":"Point"},"id":"railways:1236","properties":{"name":"Kelling Heath Park"},"type":"Feature"},{"geometry":{"coordinates":[-1.6816425,54.6571184],"type":"Point"},"id":"railways:1237","properties":{"name":"Bishop Auckland West"},"type":"Feature"},{"geometry":{"coordinates":[-0.260819,52.0850343],"type":"Point"},"id":"railways:1238","properties":{"name":"Biggleswade"},"type":"Feature"},{"geometry":{"coordinates":[-0.423798,51.6622838],"type":"Point"},"id":"railways:1239","properties":{"name":"Cassiobury Park Station"},"type":"Feature"},{"geometry":{"coordinates":[-0.4274432,51.5970382],"type":"Point"},"id":"railways:1240","properties":{"name":"Haste Hill"},"type":"Feature"},{"geometry":{"coordinates":[-3.7502801,55.8843825],"type":"Point"},"id":"railways:1241","properties":{"name":"Blackridge"},"type":"Feature"},{"geometry":{"coordinates":[-2.7772968,51.584253],"type":"Point"},"id":"railways:1242","properties":{"name":"Severn Tunnel Junction"},"type":"Feature"},{"geometry":{"coordinates":[-0.3073283,52.5627863],"type":"Point"},"id":"railways:1243","properties":{"name":"Ham Lane (FMR)"},"type":"Feature"},{"geometry":{"coordinates":[-0.3125963,52.5667473],"type":"Point"},"id":"railways:1244","properties":{"name":"Gunwade (FMR)"},"type":"Feature"},{"geometry":{"coordinates":[-2.0011895,53.0379504],"type":"Point"},"id":"railways:1245","properties":{"name":"Consall"},"type":"Feature"},{"geometry":{"coordinates":[-2.7182651,52.8561108],"type":"Point"},"id":"railways:1246","properties":{"name":"Wem"},"type":"Feature"},{"geometry":{"coordinates":[-2.6716574,52.9682221],"type":"Point"},"id":"railways:1247","properties":{"name":"Whitchurch"},"type":"Feature"},{"geometry":{"coordinates":[-2.5187309,53.0635485],"type":"Point"},"id":"railways:1248","properties":{"name":"Nantwich"},"type":"Feature"},{"geometry":{"coordinates":[-2.6895572,52.8994613],"type":"Point"},"id":"railways:1249","properties":{"name":"Prees"},"type":"Feature"},{"geometry":{"coordinates":[-2.5956111,53.0195948],"type":"Point"},"id":"railways:1250","properties":{"name":"Wrenbury"},"type":"Feature"},{"geometry":{"coordinates":[1.5057452,52.3469592],"type":"Point"},"id":"railways:1251","properties":{"name":"Halesworth"},"type":"Feature"},{"geometry":{"coordinates":[-2.216635,53.0419934],"type":"Point"},"id":"railways:1252","properties":{"name":"Longport"},"type":"Feature"},{"geometry":{"coordinates":[-2.6199792,51.4465304],"type":"Point"},"id":"railways:1253","properties":{"name":"Butterfly Junction"},"type":"Feature"},{"geometry":{"coordinates":[-0.3849194,51.6454831],"type":"Point"},"id":"railways:1254","properties":{"name":"Bushey"},"type":"Feature"},{"geometry":{"coordinates":[-4.149559,53.1370988],"type":"Point"},"id":"railways:1255","properties":{"name":"Penllyn"},"type":"Feature"},{"geometry":{"coordinates":[0.5661533,51.3947559],"type":"Point"},"id":"railways:1256","properties":{"name":"Fort Apache"},"type":"Feature"},{"geometry":{"coordinates":[-2.1554718,52.9084696],"type":"Point"},"id":"railways:1257","properties":{"name":"Stone"},"type":"Feature"},{"geometry":{"coordinates":[-1.9185882,53.2566395],"type":"Point"},"id":"railways:1258","properties":{"name":"Buxton Miniature Railway"},"type":"Feature"},{"geometry":{"coordinates":[-1.943121,52.6733743],"type":"Point"},"id":"railways:1259","properties":{"name":"Chasetown (Church Street)"},"type":"Feature"},{"geometry":{"coordinates":[-3.8415802,52.6533675],"type":"Point"},"id":"railways:1260","properties":{"name":"Corris"},"type":"Feature"},{"geometry":{"coordinates":[-1.3387418,51.2376461],"type":"Point"},"id":"railways:1261","properties":{"name":"Whitchurch"},"type":"Feature"},{"geometry":{"coordinates":[-1.1331984,52.6678271],"type":"Point"},"id":"railways:1262","properties":{"name":"Leicester North"},"type":"Feature"},{"geometry":{"coordinates":[-3.8444972,52.6446445],"type":"Point"},"id":"railways:1263","properties":{"name":"Maespoeth"},"type":"Feature"},{"geometry":{"coordinates":[0.2245186,51.1224788],"type":"Point"},"id":"railways:1264","properties":{"name":"High Rocks"},"type":"Feature"},{"geometry":{"coordinates":[1.2638353,51.1991459],"type":"Point"},"id":"railways:1265","properties":{"name":"Eythorne"},"type":"Feature"},{"geometry":{"coordinates":[-0.793929,54.4395064],"type":"Point"},"id":"railways:1266","properties":{"name":"Glaisdale"},"type":"Feature"},{"geometry":{"coordinates":[-0.9749222,54.4812297],"type":"Point"},"id":"railways:1267","properties":{"name":"Commondale"},"type":"Feature"},{"geometry":{"coordinates":[-5.0751286,50.4144421],"type":"Point"},"id":"railways:1268","properties":{"name":"Newquay"},"type":"Feature"},{"geometry":{"coordinates":[-3.0461111,55.8399603],"type":"Point"},"id":"railways:1269","properties":{"name":"Gorebridge"},"type":"Feature"},{"geometry":{"coordinates":[-0.7617497,54.4375309],"type":"Point"},"id":"railways:1270","properties":{"name":"Egton"},"type":"Feature"},{"geometry":{"coordinates":[-0.6627591,54.4611128],"type":"Point"},"id":"railways:1271","properties":{"name":"Sleights"},"type":"Feature"},{"geometry":{"coordinates":[-1.3990889,50.8707838],"type":"Point"},"id":"railways:1272","properties":{"name":"Hythe Town"},"type":"Feature"},{"geometry":{"coordinates":[-1.3936001,50.8745854],"type":"Point"},"id":"railways:1273","properties":{"name":"Hythe Pier"},"type":"Feature"},{"geometry":{"coordinates":[-1.5264572,50.8898464],"type":"Point"},"id":"railways:1274","properties":{"name":"Ashurst New Forest"},"type":"Feature"},{"geometry":{"coordinates":[-0.9467256,54.4671478],"type":"Point"},"id":"railways:1275","properties":{"name":"Castleton Moor"},"type":"Feature"},{"geometry":{"coordinates":[-2.2401282,52.3839758],"type":"Point"},"id":"railways:1276","properties":{"name":"Coalyard Miniature Railway"},"type":"Feature"},{"geometry":{"coordinates":[0.2874059,50.7882891],"type":"Point"},"id":"railways:1277","properties":{"name":"Windy Ridge"},"type":"Feature"},{"geometry":{"coordinates":[-1.9035605,52.1834767],"type":"Point"},"id":"railways:1278","properties":{"name":"Hillers Halt"},"type":"Feature"},{"geometry":{"coordinates":[-3.3768816,54.8811186],"type":"Point"},"id":"railways:1279","properties":{"name":"Silloth Miniature Railway"},"type":"Feature"},{"geometry":{"coordinates":[1.1172861,52.250367],"type":"Point"},"id":"railways:1280","properties":{"name":"Brockford"},"type":"Feature"},{"geometry":{"coordinates":[-0.1052701,51.5775578],"type":"Point"},"id":"railways:1281","properties":{"name":"Harringay"},"type":"Feature"},{"geometry":{"coordinates":[-0.1567431,51.5225853],"type":"Point"},"id":"railways:1282","properties":{"name":"Baker Street"},"type":"Feature"},{"geometry":{"coordinates":[-0.175365,51.5154795],"type":"Point"},"id":"railways:1283","properties":{"name":"Paddington"},"type":"Feature"},{"geometry":{"coordinates":[-4.7613243,50.4739305],"type":"Point"},"id":"railways:1284","properties":{"name":"Boscarne Junction"},"type":"Feature"},{"geometry":{"coordinates":[-4.119049,53.1177297],"type":"Point"},"id":"railways:1285","properties":{"name":"Llanberis (LLR)"},"type":"Feature"},{"geometry":{"coordinates":[-4.1154697,53.1226641],"type":"Point"},"id":"railways:1286","properties":{"name":"Gilfach Ddu"},"type":"Feature"},{"geometry":{"coordinates":[-4.1320984,53.1307266],"type":"Point"},"id":"railways:1287","properties":{"name":"Cei Llydan"},"type":"Feature"},{"geometry":{"coordinates":[-4.2807205,51.8686673],"type":"Point"},"id":"railways:1288","properties":{"name":"Abergwili Junction"},"type":"Feature"},{"geometry":{"coordinates":[-4.8156676,55.9616159],"type":"Point"},"id":"railways:1289","properties":{"name":"Gourock"},"type":"Feature"},{"geometry":{"coordinates":[-2.632996,53.5433996],"type":"Point"},"id":"railways:1290","properties":{"name":"Wigan North Western"},"type":"Feature"},{"geometry":{"coordinates":[-1.1664698,50.6461826],"type":"Point"},"id":"railways:1291","properties":{"name":"Lake"},"type":"Feature"},{"geometry":{"coordinates":[-1.2795366,54.6057149],"type":"Point"},"id":"railways:1292","properties":{"name":"Billingham"},"type":"Feature"},{"geometry":{"coordinates":[-0.17018,50.8352056],"type":"Point"},"id":"railways:1293","properties":{"name":"Hove"},"type":"Feature"},{"geometry":{"coordinates":[-3.22969,51.488302],"type":"Point"},"id":"railways:1294","properties":{"name":"Waun-gron Park"},"type":"Feature"},{"geometry":{"coordinates":[-3.7608117,55.4113187],"type":"Point"},"id":"railways:1295","properties":{"name":"Leadhills"},"type":"Feature"},{"geometry":{"coordinates":[-0.7076312,52.3846758],"type":"Point"},"id":"railways:1296","properties":{"name":"Wicksteed Park"},"type":"Feature"},{"geometry":{"coordinates":[-2.486536,54.58041],"type":"Point"},"id":"railways:1297","properties":{"name":"Appleby"},"type":"Feature"},{"geometry":{"coordinates":[-0.1348189,51.5653116],"type":"Point"},"id":"railways:1298","properties":{"name":"Archway"},"type":"Feature"},{"geometry":{"coordinates":[-2.4774061,51.1851655],"type":"Point"},"id":"railways:1299","properties":{"name":"Cranmore"},"type":"Feature"},{"geometry":{"coordinates":[-2.5174746,51.1801021],"type":"Point"},"id":"railways:1300","properties":{"name":"Mendip Vale"},"type":"Feature"},{"geometry":{"coordinates":[-5.0414902,50.3622943],"type":"Point"},"id":"railways:1301","properties":{"name":"East Wheal Rose"},"type":"Feature"},{"geometry":{"coordinates":[-5.0459681,50.3576682],"type":"Point"},"id":"railways:1302","properties":{"name":"Newlyn Halt"},"type":"Feature"},{"geometry":{"coordinates":[-5.0410512,50.3620901],"type":"Point"},"id":"railways:1303","properties":{"name":"Groggly Halt"},"type":"Feature"},{"geometry":{"coordinates":[-5.041115,50.3757717],"type":"Point"},"id":"railways:1304","properties":{"name":"Benny Halt"},"type":"Feature"},{"geometry":{"coordinates":[-4.0710941,52.5908171],"type":"Point"},"id":"railways:1305","properties":{"name":"Hendy"},"type":"Feature"},{"geometry":{"coordinates":[-4.0528875,52.5982271],"type":"Point"},"id":"railways:1306","properties":{"name":"Cynfal"},"type":"Feature"},{"geometry":{"coordinates":[-4.0609213,52.5947526],"type":"Point"},"id":"railways:1307","properties":{"name":"Fach Goch"},"type":"Feature"},{"geometry":{"coordinates":[-0.910998,54.4661746],"type":"Point"},"id":"railways:1308","properties":{"name":"Danby"},"type":"Feature"},{"geometry":{"coordinates":[-0.8255112,54.4604593],"type":"Point"},"id":"railways:1309","properties":{"name":"Lealholm"},"type":"Feature"},{"geometry":{"coordinates":[-1.0683268,54.4777507],"type":"Point"},"id":"railways:1310","properties":{"name":"Kildale"},"type":"Feature"},{"geometry":{"coordinates":[-3.0457235,56.190029],"type":"Point"},"id":"railways:1311","properties":{"name":"Cameron Bridge"},"type":"Feature"},{"geometry":{"coordinates":[-2.0645127,52.9756579],"type":"Point"},"id":"railways:1312","properties":{"name":"Caverswall Road"},"type":"Feature"},{"geometry":{"coordinates":[-2.0466557,53.000399],"type":"Point"},"id":"railways:1313","properties":{"name":"Dilhorne Park"},"type":"Feature"},{"geometry":{"coordinates":[-1.4192072,53.4937958],"type":"Point"},"id":"railways:1314","properties":{"name":"Rockingham"},"type":"Feature"},{"geometry":{"coordinates":[-1.2994468,51.9185846],"type":"Point"},"id":"railways:1315","properties":{"name":"Heyford"},"type":"Feature"},{"geometry":{"coordinates":[-4.1330404,53.05109],"type":"Point"},"id":"railways:1316","properties":{"name":"Rhyd Ddu"},"type":"Feature"},{"geometry":{"coordinates":[-4.0411374,52.6029088],"type":"Point"},"id":"railways:1317","properties":{"name":"Tynllwyn Hen"},"type":"Feature"},{"geometry":{"coordinates":[-1.5504551,50.9493579],"type":"Point"},"id":"railways:1318","properties":{"name":"Rio Grande Train Station"},"type":"Feature"},{"geometry":{"coordinates":[-2.9902484,51.1278436],"type":"Point"},"id":"railways:1319","properties":{"name":"Bridgwater"},"type":"Feature"},{"geometry":{"coordinates":[-2.0499793,52.3201581],"type":"Point"},"id":"railways:1320","properties":{"name":"Bromsgrove"},"type":"Feature"},{"geometry":{"coordinates":[-0.248137,51.5173451],"type":"Point"},"id":"railways:1321","properties":{"name":"East Acton"},"type":"Feature"},{"geometry":{"coordinates":[-6.3445252,54.8881287],"type":"Point"},"id":"railways:1322","properties":{"name":"Cullybackey"},"type":"Feature"},{"geometry":{"coordinates":[-1.9630872,51.9663467],"type":"Point"},"id":"railways:1323","properties":{"name":"Winchcombe"},"type":"Feature"},{"geometry":{"coordinates":[-1.9284569,51.989334],"type":"Point"},"id":"railways:1324","properties":{"name":"Toddington"},"type":"Feature"},{"geometry":{"coordinates":[-1.1152354,54.4894968],"type":"Point"},"id":"railways:1325","properties":{"name":"Great Ayton"},"type":"Feature"},{"geometry":{"coordinates":[-2.3028455,54.0617706],"type":"Point"},"id":"railways:1326","properties":{"name":"Giggleswick"},"type":"Feature"},{"geometry":{"coordinates":[-0.9752233,54.5834185],"type":"Point"},"id":"railways:1327","properties":{"name":"Saltburn"},"type":"Feature"},{"geometry":{"coordinates":[-1.0309929,54.5893375],"type":"Point"},"id":"railways:1328","properties":{"name":"Longbeck"},"type":"Feature"},{"geometry":{"coordinates":[-0.1277852,51.4383281],"type":"Point"},"id":"railways:1329","properties":{"name":"Streatham Hill"},"type":"Feature"},{"geometry":{"coordinates":[-3.1941161,51.0541419],"type":"Point"},"id":"railways:1330","properties":{"name":"Bishops Lydeard"},"type":"Feature"},{"geometry":{"coordinates":[0.0215864,51.5808033],"type":"Point"},"id":"railways:1331","properties":{"name":"Snaresbrook"},"type":"Feature"},{"geometry":{"coordinates":[-1.2872821,52.8849696],"type":"Point"},"id":"railways:1332","properties":{"name":"Long Eaton"},"type":"Feature"},{"geometry":{"coordinates":[-4.8001387,51.7775924],"type":"Point"},"id":"railways:1333","properties":{"name":"Main Entrance Station"},"type":"Feature"},{"geometry":{"coordinates":[-0.3393309,51.4391919],"type":"Point"},"id":"railways:1334","properties":{"name":"Strawberry Hill"},"type":"Feature"},{"geometry":{"coordinates":[-2.0380987,51.967182],"type":"Point"},"id":"railways:1335","properties":{"name":"Gotherington"},"type":"Feature"},{"geometry":{"coordinates":[0.3163815,52.4623343],"type":"Point"},"id":"railways:1336","properties":{"name":"Littleport"},"type":"Feature"},{"geometry":{"coordinates":[-3.1895595,51.4672525],"type":"Point"},"id":"railways:1337","properties":{"name":"Grangetown"},"type":"Feature"},{"geometry":{"coordinates":[-1.5779955,53.0967515],"type":"Point"},"id":"railways:1338","properties":{"name":"Recreation Ground Halt"},"type":"Feature"},{"geometry":{"coordinates":[-1.5707391,53.0957073],"type":"Point"},"id":"railways:1339","properties":{"name":"Steeple Grange"},"type":"Feature"},{"geometry":{"coordinates":[-0.8192585,51.3664877],"type":"Point"},"id":"railways:1340","properties":{"name":"Crowthorne"},"type":"Feature"},{"geometry":{"coordinates":[-0.8038071,51.3465435],"type":"Point"},"id":"railways:1341","properties":{"name":"Sandhurst"},"type":"Feature"},{"geometry":{"coordinates":[-1.4675162,52.4794836],"type":"Point"},"id":"railways:1342","properties":{"name":"Bedworth"},"type":"Feature"},{"geometry":{"coordinates":[-0.0893749,51.5131048],"type":"Point"},"id":"railways:1343","properties":{"name":"Bank"},"type":"Feature"},{"geometry":{"coordinates":[-0.1194117,51.8564601],"type":"Point"},"id":"railways:1344","properties":{"name":"Watton-at-Stone"},"type":"Feature"},{"geometry":{"coordinates":[-0.2158,51.7651554],"type":"Point"},"id":"railways:1345","properties":{"name":"Hatfield"},"type":"Feature"},{"geometry":{"coordinates":[0.9275278,51.8858134],"type":"Point"},"id":"railways:1346","properties":{"name":"Hythe (Colchester)"},"type":"Feature"},{"geometry":{"coordinates":[-0.1924714,52.3288086],"type":"Point"},"id":"railways:1347","properties":{"name":"Huntingdon"},"type":"Feature"},{"geometry":{"coordinates":[-0.4454717,51.4588093],"type":"Point"},"id":"railways:1348","properties":{"name":"Heathrow Terminal 4"},"type":"Feature"},{"geometry":{"coordinates":[-0.2144055,51.4903477],"type":"Point"},"id":"railways:1349","properties":{"name":"Barons Court"},"type":"Feature"},{"geometry":{"coordinates":[-0.1330981,51.6164256],"type":"Point"},"id":"railways:1350","properties":{"name":"Arnos Grove"},"type":"Feature"},{"geometry":{"coordinates":[-0.7129145,51.2497298],"type":"Point"},"id":"railways:1351","properties":{"name":"Ash"},"type":"Feature"},{"geometry":{"coordinates":[-0.6676084,51.244622],"type":"Point"},"id":"railways:1352","properties":{"name":"Wanborough"},"type":"Feature"},{"geometry":{"coordinates":[-3.4476371,50.6275884],"type":"Point"},"id":"railways:1353","properties":{"name":"Starcross"},"type":"Feature"},{"geometry":{"coordinates":[-6.6626658,55.1339557],"type":"Point"},"id":"railways:1354","properties":{"name":"Coleraine"},"type":"Feature"},{"geometry":{"coordinates":[-1.5293235,50.7576921],"type":"Point"},"id":"railways:1355","properties":{"name":"Lymington Pier"},"type":"Feature"},{"geometry":{"coordinates":[-1.5370862,50.7610847],"type":"Point"},"id":"railways:1356","properties":{"name":"Lymington Town"},"type":"Feature"},{"geometry":{"coordinates":[-4.2174709,55.8421847],"type":"Point"},"id":"railways:1357","properties":{"name":"Dalmarnock"},"type":"Feature"},{"geometry":{"coordinates":[-0.9213052,52.2815415],"type":"Point"},"id":"railways:1358","properties":{"name":"Boughton"},"type":"Feature"},{"geometry":{"coordinates":[-3.0480464,53.4373879],"type":"Point"},"id":"railways:1359","properties":{"name":"New Brighton"},"type":"Feature"},{"geometry":{"coordinates":[-0.1060356,51.5324874],"type":"Point"},"id":"railways:1360","properties":{"name":"Angel"},"type":"Feature"},{"geometry":{"coordinates":[-0.1426957,51.5394397],"type":"Point"},"id":"railways:1361","properties":{"name":"Camden Town"},"type":"Feature"},{"geometry":{"coordinates":[-0.1648137,51.5871881],"type":"Point"},"id":"railways:1362","properties":{"name":"East Finchley"},"type":"Feature"},{"geometry":{"coordinates":[-0.1458316,51.5776825],"type":"Point"},"id":"railways:1363","properties":{"name":"Highgate"},"type":"Feature"},{"geometry":{"coordinates":[-0.138457,51.5568005],"type":"Point"},"id":"railways:1364","properties":{"name":"Tufnell Park"},"type":"Feature"},{"geometry":{"coordinates":[-0.2265541,51.5834006],"type":"Point"},"id":"railways:1365","properties":{"name":"Hendon Central"},"type":"Feature"},{"geometry":{"coordinates":[-0.7430468,51.3024039],"type":"Point"},"id":"railways:1366","properties":{"name":"Farnborough North"},"type":"Feature"},{"geometry":{"coordinates":[-0.1938826,51.650399],"type":"Point"},"id":"railways:1367","properties":{"name":"High Barnet"},"type":"Feature"},{"geometry":{"coordinates":[-0.2139731,51.5768177],"type":"Point"},"id":"railways:1368","properties":{"name":"Brent Cross"},"type":"Feature"},{"geometry":{"coordinates":[-0.9710382,54.5857074],"type":"Point"},"id":"railways:1369","properties":{"name":"Town Station"},"type":"Feature"},{"geometry":{"coordinates":[1.7206879,52.6119213],"type":"Point"},"id":"railways:1370","properties":{"name":"Great Yarmouth"},"type":"Feature"},{"geometry":{"coordinates":[-1.8920424,52.9915807],"type":"Point"},"id":"railways:1371","properties":{"name":"Alton Towers Main Entrance"},"type":"Feature"},{"geometry":{"coordinates":[-1.3813376,53.2746594],"type":"Point"},"id":"railways:1372","properties":{"name":"Roundhouse Halt"},"type":"Feature"},{"geometry":{"coordinates":[-1.1331195,51.5211885],"type":"Point"},"id":"railways:1373","properties":{"name":"Goring & Streatley"},"type":"Feature"},{"geometry":{"coordinates":[0.9904977,51.0251985],"type":"Point"},"id":"railways:1374","properties":{"name":"Dymchurch"},"type":"Feature"},{"geometry":{"coordinates":[0.9603685,50.9972166],"type":"Point"},"id":"railways:1375","properties":{"name":"Romney Warren Halt"},"type":"Feature"},{"geometry":{"coordinates":[0.9745763,51.011562],"type":"Point"},"id":"railways:1376","properties":{"name":"St Mary's Bay"},"type":"Feature"},{"geometry":{"coordinates":[0.6846999,51.2927025],"type":"Point"},"id":"railways:1377","properties":{"name":"Stony Shaw"},"type":"Feature"},{"geometry":{"coordinates":[-5.7222509,54.3256771],"type":"Point"},"id":"railways:1378","properties":{"name":"Downpatrick"},"type":"Feature"},{"geometry":{"coordinates":[-0.3447996,51.5421177],"type":"Point"},"id":"railways:1379","properties":{"name":"Greenford"},"type":"Feature"},{"geometry":{"coordinates":[0.0260733,51.5517605],"type":"Point"},"id":"railways:1380","properties":{"name":"Wanstead Park"},"type":"Feature"},{"geometry":{"coordinates":[0.0085412,51.5635285],"type":"Point"},"id":"railways:1381","properties":{"name":"Leytonstone High Road"},"type":"Feature"},{"geometry":{"coordinates":[-0.6502646,51.4637657],"type":"Point"},"id":"railways:1382","properties":{"name":"Hill Train Bottom"},"type":"Feature"},{"geometry":{"coordinates":[-0.6536388,51.4641989],"type":"Point"},"id":"railways:1383","properties":{"name":"Hill Train Top"},"type":"Feature"},{"geometry":{"coordinates":[-4.3963559,55.8487724],"type":"Point"},"id":"railways:1384","properties":{"name":"Barshaw Central"},"type":"Feature"},{"geometry":{"coordinates":[-4.9950733,52.0039692],"type":"Point"},"id":"railways:1385","properties":{"name":"Fishguard and Goodwick"},"type":"Feature"},{"geometry":{"coordinates":[-2.4420114,54.8146005],"type":"Point"},"id":"railways:1386","properties":{"name":"Alston"},"type":"Feature"},{"geometry":{"coordinates":[-2.2070104,53.589009],"type":"Point"},"id":"railways:1387","properties":{"name":"Heywood"},"type":"Feature"},{"geometry":{"coordinates":[-1.2809729,52.0210915],"type":"Point"},"id":"railways:1388","properties":{"name":"King's Sutton"},"type":"Feature"},{"geometry":{"coordinates":[-0.5620827,51.4015235],"type":"Point"},"id":"railways:1389","properties":{"name":"Virginia Water"},"type":"Feature"},{"geometry":{"coordinates":[-4.7845685,55.6339122],"type":"Point"},"id":"railways:1390","properties":{"name":"Saltcoats"},"type":"Feature"},{"geometry":{"coordinates":[-1.0904319,51.4853553],"type":"Point"},"id":"railways:1391","properties":{"name":"Pangbourne"},"type":"Feature"},{"geometry":{"coordinates":[-1.4852346,54.957505],"type":"Point"},"id":"railways:1392","properties":{"name":"Fellgate"},"type":"Feature"},{"geometry":{"coordinates":[-0.2101451,51.6082746],"type":"Point"},"id":"railways:1393","properties":{"name":"Mill Hill East"},"type":"Feature"},{"geometry":{"coordinates":[-0.1883313,51.6094298],"type":"Point"},"id":"railways:1394","properties":{"name":"West Finchley"},"type":"Feature"},{"geometry":{"coordinates":[-0.185523,51.617938],"type":"Point"},"id":"railways:1395","properties":{"name":"Woodside Park"},"type":"Feature"},{"geometry":{"coordinates":[-3.9379224,52.9945942],"type":"Point"},"id":"railways:1396","properties":{"name":"Blaenau Ffestiniog"},"type":"Feature"},{"geometry":{"coordinates":[-3.9627332,52.9857047],"type":"Point"},"id":"railways:1397","properties":{"name":"Tanygrisiau"},"type":"Feature"},{"geometry":{"coordinates":[-4.0112267,52.9544727],"type":"Point"},"id":"railways:1398","properties":{"name":"Tan y Bwlch"},"type":"Feature"},{"geometry":{"coordinates":[-4.1266708,52.9240121],"type":"Point"},"id":"railways:1399","properties":{"name":"Porthmadog Harbour"},"type":"Feature"},{"geometry":{"coordinates":[-3.9686999,52.9602369],"type":"Point"},"id":"railways:1400","properties":{"name":"Dduallt"},"type":"Feature"},{"geometry":{"coordinates":[-4.10461,52.9208722],"type":"Point"},"id":"railways:1401","properties":{"name":"Boston Lodge Halt"},"type":"Feature"},{"geometry":{"coordinates":[-4.0832022,52.9262402],"type":"Point"},"id":"railways:1402","properties":{"name":"Minffordd"},"type":"Feature"},{"geometry":{"coordinates":[-4.1353065,52.930988],"type":"Point"},"id":"railways:1403","properties":{"name":"Porthmadog"},"type":"Feature"},{"geometry":{"coordinates":[-2.1714727,53.5508557],"type":"Point"},"id":"railways:1404","properties":{"name":"Mills Hill"},"type":"Feature"},{"geometry":{"coordinates":[-4.0565564,52.9210189],"type":"Point"},"id":"railways:1405","properties":{"name":"Llandecwyn"},"type":"Feature"},{"geometry":{"coordinates":[-4.056555,52.6977163],"type":"Point"},"id":"railways:1406","properties":{"name":"Beach Halt"},"type":"Feature"},{"geometry":{"coordinates":[-4.0580132,52.704433],"type":"Point"},"id":"railways:1407","properties":{"name":"Loop Halt"},"type":"Feature"},{"geometry":{"coordinates":[-0.539083,50.8986123],"type":"Point"},"id":"railways:1408","properties":{"name":"Amberley"},"type":"Feature"},{"geometry":{"coordinates":[-0.5344873,50.9002689],"type":"Point"},"id":"railways:1409","properties":{"name":"Cragside"},"type":"Feature"},{"geometry":{"coordinates":[0.0732256,50.946582],"type":"Point"},"id":"railways:1410","properties":{"name":"Worth Halt"},"type":"Feature"},{"geometry":{"coordinates":[-0.0204336,51.1246],"type":"Point"},"id":"railways:1411","properties":{"name":"East Grinstead (Bluebell)"},"type":"Feature"},{"geometry":{"coordinates":[-3.0498562,52.8613742],"type":"Point"},"id":"railways:1412","properties":{"name":"Oswestry"},"type":"Feature"},{"geometry":{"coordinates":[0.1139888,51.6936318],"type":"Point"},"id":"railways:1413","properties":{"name":"Epping"},"type":"Feature"},{"geometry":{"coordinates":[-3.9512803,50.9569792],"type":"Point"},"id":"railways:1414","properties":{"name":"Portsmouth Arms"},"type":"Feature"},{"geometry":{"coordinates":[-3.501372,51.5239041],"type":"Point"},"id":"railways:1415","properties":{"name":"Pencoed"},"type":"Feature"},{"geometry":{"coordinates":[-3.0902235,55.9176966],"type":"Point"},"id":"railways:1416","properties":{"name":"Shawfair"},"type":"Feature"},{"geometry":{"coordinates":[-3.0827946,55.8812053],"type":"Point"},"id":"railways:1417","properties":{"name":"Eskbank"},"type":"Feature"},{"geometry":{"coordinates":[-4.4060469,50.6404994],"type":"Point"},"id":"railways:1418","properties":{"name":"Newmills"},"type":"Feature"},{"geometry":{"coordinates":[0.3300193,51.6306401],"type":"Point"},"id":"railways:1419","properties":{"name":"Shenfield"},"type":"Feature"},{"geometry":{"coordinates":[0.0689113,51.5589375],"type":"Point"},"id":"railways:1420","properties":{"name":"Ilford"},"type":"Feature"},{"geometry":{"coordinates":[0.0968706,51.56394],"type":"Point"},"id":"railways:1421","properties":{"name":"Seven Kings"},"type":"Feature"},{"geometry":{"coordinates":[-4.1196771,53.1162854],"type":"Point"},"id":"railways:1422","properties":{"name":"Llanberis (SMR)"},"type":"Feature"},{"geometry":{"coordinates":[-3.068882,55.8646684],"type":"Point"},"id":"railways:1423","properties":{"name":"Newtongrange"},"type":"Feature"},{"geometry":{"coordinates":[-2.8668207,55.6918571],"type":"Point"},"id":"railways:1424","properties":{"name":"Stow"},"type":"Feature"},{"geometry":{"coordinates":[0.1587703,52.2246512],"type":"Point"},"id":"railways:1425","properties":{"name":"Cambridge North"},"type":"Feature"},{"geometry":{"coordinates":[-2.1226524,55.6464192],"type":"Point"},"id":"railways:1426","properties":{"name":"Etal"},"type":"Feature"},{"geometry":{"coordinates":[0.5567303,51.8753105],"type":"Point"},"id":"railways:1427","properties":{"name":"Braintree"},"type":"Feature"},{"geometry":{"coordinates":[0.3280963,52.3349535],"type":"Point"},"id":"railways:1428","properties":{"name":"Soham"},"type":"Feature"},{"geometry":{"coordinates":[-1.4947986,52.4469559],"type":"Point"},"id":"railways:1429","properties":{"name":"Coventry Arena"},"type":"Feature"},{"geometry":{"coordinates":[-0.9114962,51.5668569],"type":"Point"},"id":"railways:1430","properties":{"name":"Somersham"},"type":"Feature"},{"geometry":{"coordinates":[-0.907229,51.5679824],"type":"Point"},"id":"railways:1431","properties":{"name":"Bourne Again Junction"},"type":"Feature"},{"geometry":{"coordinates":[1.0449277,51.9491435],"type":"Point"},"id":"railways:1432","properties":{"name":"Manningtree"},"type":"Feature"},{"geometry":{"coordinates":[0.4567961,51.5681417],"type":"Point"},"id":"railways:1433","properties":{"name":"Basildon"},"type":"Feature"},{"geometry":{"coordinates":[0.3406801,51.5678537],"type":"Point"},"id":"railways:1434","properties":{"name":"West Horndon"},"type":"Feature"},{"geometry":{"coordinates":[0.782551,51.8808094],"type":"Point"},"id":"railways:1435","properties":{"name":"Marks Tey"},"type":"Feature"},{"geometry":{"coordinates":[-0.1609516,51.1687913],"type":"Point"},"id":"railways:1436","properties":{"name":"Horley"},"type":"Feature"},{"geometry":{"coordinates":[-3.7025233,50.4612092],"type":"Point"},"id":"railways:1437","properties":{"name":"Nappers Halt"},"type":"Feature"},{"geometry":{"coordinates":[-4.4403838,57.5616288],"type":"Point"},"id":"railways:1438","properties":{"name":"Conon Bridge"},"type":"Feature"},{"geometry":{"coordinates":[-1.157396,52.7223746],"type":"Point"},"id":"railways:1439","properties":{"name":"Nunckley Hill"},"type":"Feature"},{"geometry":{"coordinates":[-0.2289056,51.9803536],"type":"Point"},"id":"railways:1440","properties":{"name":"Letchworth Garden City"},"type":"Feature"},{"geometry":{"coordinates":[-4.0792917,50.4087488],"type":"Point"},"id":"railways:1441","properties":{"name":"Plym Bridge"},"type":"Feature"},{"geometry":{"coordinates":[-3.4940868,54.7112989],"type":"Point"},"id":"railways:1442","properties":{"name":"Maryport"},"type":"Feature"},{"geometry":{"coordinates":[-1.4808654,53.0604187],"type":"Point"},"id":"railways:1443","properties":{"name":"Ambergate"},"type":"Feature"},{"geometry":{"coordinates":[-1.4108169,52.9120948],"type":"Point"},"id":"railways:1444","properties":{"name":"Spondon"},"type":"Feature"},{"geometry":{"coordinates":[-1.262883,52.862275],"type":"Point"},"id":"railways:1445","properties":{"name":"East Midlands Parkway"},"type":"Feature"},{"geometry":{"coordinates":[-1.13403,52.5823924],"type":"Point"},"id":"railways:1446","properties":{"name":"South Wigston"},"type":"Feature"},{"geometry":{"coordinates":[-0.2038429,51.8008507],"type":"Point"},"id":"railways:1447","properties":{"name":"Welwyn Garden City"},"type":"Feature"},{"geometry":{"coordinates":[-0.3522211,51.5646517],"type":"Point"},"id":"railways:1448","properties":{"name":"South Harrow"},"type":"Feature"},{"geometry":{"coordinates":[-0.3156202,51.550751],"type":"Point"},"id":"railways:1449","properties":{"name":"Sudbury Town"},"type":"Feature"},{"geometry":{"coordinates":[-2.4780606,53.7799943],"type":"Point"},"id":"railways:1450","properties":{"name":"Ramsgreave and Wilpshire"},"type":"Feature"},{"geometry":{"coordinates":[-0.7253575,54.436456],"type":"Point"},"id":"railways:1451","properties":{"name":"Grosmont"},"type":"Feature"},{"geometry":{"coordinates":[-3.2290773,51.584548],"type":"Point"},"id":"railways:1452","properties":{"name":"Energlyn & Churchill Park"},"type":"Feature"},{"geometry":{"coordinates":[-0.2628073,51.5087164],"type":"Point"},"id":"railways:1453","properties":{"name":"Acton Central"},"type":"Feature"},{"geometry":{"coordinates":[-1.5612476,54.3051216],"type":"Point"},"id":"railways:1454","properties":{"name":"Leeming Bar"},"type":"Feature"},{"geometry":{"coordinates":[-0.3362525,51.5568815],"type":"Point"},"id":"railways:1455","properties":{"name":"Sudbury Hill"},"type":"Feature"},{"geometry":{"coordinates":[-2.0190513,50.7253686],"type":"Point"},"id":"railways:1456","properties":{"name":"Hamworthy"},"type":"Feature"},{"geometry":{"coordinates":[-0.1667636,51.5201935],"type":"Point"},"id":"railways:1457","properties":{"name":"Edgware Road"},"type":"Feature"},{"geometry":{"coordinates":[0.7336864,51.3452352],"type":"Point"},"id":"railways:1458","properties":{"name":"Sittingbourne Viaduct"},"type":"Feature"},{"geometry":{"coordinates":[-1.8291313,51.5925125],"type":"Point"},"id":"railways:1459","properties":{"name":"Taw Valley Halt"},"type":"Feature"},{"geometry":{"coordinates":[-0.1475846,51.47761],"type":"Point"},"id":"railways:1460","properties":{"name":"Battersea Park"},"type":"Feature"},{"geometry":{"coordinates":[-2.5560852,51.7680631],"type":"Point"},"id":"railways:1461","properties":{"name":"Parkend"},"type":"Feature"},{"geometry":{"coordinates":[-3.069585,52.7987314],"type":"Point"},"id":"railways:1462","properties":{"name":"Penygarreg Lane Halt"},"type":"Feature"},{"geometry":{"coordinates":[1.1447878,52.0504188],"type":"Point"},"id":"railways:1463","properties":{"name":"Ipswich"},"type":"Feature"},{"geometry":{"coordinates":[0.2436146,51.708733],"type":"Point"},"id":"railways:1464","properties":{"name":"Ongar"},"type":"Feature"},{"geometry":{"coordinates":[0.1641554,51.7114262],"type":"Point"},"id":"railways:1465","properties":{"name":"North Weald"},"type":"Feature"},{"geometry":{"coordinates":[1.1716892,51.9395281],"type":"Point"},"id":"railways:1466","properties":{"name":"Wrabness"},"type":"Feature"},{"geometry":{"coordinates":[1.2560388,51.9472249],"type":"Point"},"id":"railways:1467","properties":{"name":"Harwich International"},"type":"Feature"},{"geometry":{"coordinates":[-3.063948,52.807809],"type":"Point"},"id":"railways:1468","properties":{"name":"Llynclys South"},"type":"Feature"},{"geometry":{"coordinates":[0.0279002,51.4620317],"type":"Point"},"id":"railways:1469","properties":{"name":"Kidbrooke"},"type":"Feature"},{"geometry":{"coordinates":[-1.57288,53.0901924],"type":"Point"},"id":"railways:1470","properties":{"name":"Ravenstor"},"type":"Feature"},{"geometry":{"coordinates":[-2.4251259,53.5735158],"type":"Point"},"id":"railways:1471","properties":{"name":"Bolton"},"type":"Feature"},{"geometry":{"coordinates":[-4.123585,52.8362492],"type":"Point"},"id":"railways:1472","properties":{"name":"Llandanwg"},"type":"Feature"},{"geometry":{"coordinates":[-2.0625676,50.6448236],"type":"Point"},"id":"railways:1473","properties":{"name":"Norden"},"type":"Feature"},{"geometry":{"coordinates":[-0.0600874,51.5197615],"type":"Point"},"id":"railways:1474","properties":{"name":"Whitechapel"},"type":"Feature"},{"geometry":{"coordinates":[-0.0755835,51.5386574],"type":"Point"},"id":"railways:1475","properties":{"name":"Haggerston"},"type":"Feature"},{"geometry":{"coordinates":[-0.0519666,51.5008237],"type":"Point"},"id":"railways:1476","properties":{"name":"Rotherhithe"},"type":"Feature"},{"geometry":{"coordinates":[-0.0478319,51.4934207],"type":"Point"},"id":"railways:1477","properties":{"name":"Surrey Quays"},"type":"Feature"},{"geometry":{"coordinates":[-0.0560206,51.5044344],"type":"Point"},"id":"railways:1478","properties":{"name":"Wapping"},"type":"Feature"},{"geometry":{"coordinates":[-0.0896031,51.468043],"type":"Point"},"id":"railways:1479","properties":{"name":"Denmark Hill"},"type":"Feature"},{"geometry":{"coordinates":[-0.1384355,51.4699602],"type":"Point"},"id":"railways:1480","properties":{"name":"Wandsworth Road"},"type":"Feature"},{"geometry":{"coordinates":[-0.1323141,51.4654853],"type":"Point"},"id":"railways:1481","properties":{"name":"Clapham High Street"},"type":"Feature"},{"geometry":{"coordinates":[-3.014695,53.6485824],"type":"Point"},"id":"railways:1482","properties":{"name":"Southport Princes Park"},"type":"Feature"},{"geometry":{"coordinates":[-3.0121469,53.6523279],"type":"Point"},"id":"railways:1483","properties":{"name":"Southport Marine Parade"},"type":"Feature"},{"geometry":{"coordinates":[-0.0756539,51.5315917],"type":"Point"},"id":"railways:1484","properties":{"name":"Hoxton"},"type":"Feature"},{"geometry":{"coordinates":[-0.0570532,51.4741117],"type":"Point"},"id":"railways:1485","properties":{"name":"Queens Road Peckham"},"type":"Feature"},{"geometry":{"coordinates":[-0.8681985,51.1812254],"type":"Point"},"id":"railways:1486","properties":{"name":"Bentley"},"type":"Feature"},{"geometry":{"coordinates":[-0.0614019,51.6244998],"type":"Point"},"id":"railways:1487","properties":{"name":"Edmonton Green"},"type":"Feature"},{"geometry":{"coordinates":[0.1635615,50.8231964],"type":"Point"},"id":"railways:1488","properties":{"name":"Mungo's Central Station"},"type":"Feature"},{"geometry":{"coordinates":[-0.6436039,51.6113607],"type":"Point"},"id":"railways:1489","properties":{"name":"Beaconsfield"},"type":"Feature"},{"geometry":{"coordinates":[0.4695395,50.9856094],"type":"Point"},"id":"railways:1490","properties":{"name":"Robertsbridge Junction"},"type":"Feature"},{"geometry":{"coordinates":[-1.1596024,50.7330498],"type":"Point"},"id":"railways:1491","properties":{"name":"Ryde Esplanade"},"type":"Feature"},{"geometry":{"coordinates":[-1.1604086,50.7389943],"type":"Point"},"id":"railways:1492","properties":{"name":"Ryde Pier Head"},"type":"Feature"},{"geometry":{"coordinates":[-1.2405289,50.718146],"type":"Point"},"id":"railways:1493","properties":{"name":"Wootton"},"type":"Feature"},{"geometry":{"coordinates":[-0.180715,54.1277914],"type":"Point"},"id":"railways:1494","properties":{"name":"Bempton"},"type":"Feature"},{"geometry":{"coordinates":[-4.0768387,53.0684399],"type":"Point"},"id":"railways:1495","properties":{"name":"Y Copa"},"type":"Feature"},{"geometry":{"coordinates":[-0.1622843,51.2017863],"type":"Point"},"id":"railways:1496","properties":{"name":"Salfords"},"type":"Feature"},{"geometry":{"coordinates":[-0.170908,51.2274825],"type":"Point"},"id":"railways:1497","properties":{"name":"Earlswood"},"type":"Feature"},{"geometry":{"coordinates":[0.1967655,52.2622818],"type":"Point"},"id":"railways:1498","properties":{"name":"Waterbeach"},"type":"Feature"},{"geometry":{"coordinates":[-1.1354611,51.5974066],"type":"Point"},"id":"railways:1499","properties":{"name":"Wallingford"},"type":"Feature"},{"geometry":{"coordinates":[-1.6107049,52.6258348],"type":"Point"},"id":"railways:1500","properties":{"name":"Polesworth"},"type":"Feature"},{"geometry":{"coordinates":[-2.6032062,53.5712017],"type":"Point"},"id":"railways:1501","properties":{"name":"Walker Gardens"},"type":"Feature"},{"geometry":{"coordinates":[-0.2503162,52.5746038],"type":"Point"},"id":"railways:1502","properties":{"name":"Peterborough"},"type":"Feature"},{"geometry":{"coordinates":[-3.6575248,55.9776784],"type":"Point"},"id":"railways:1503","properties":{"name":"Manuel"},"type":"Feature"},{"geometry":{"coordinates":[-2.4207582,52.5305289],"type":"Point"},"id":"railways:1504","properties":{"name":"Bridgnorth"},"type":"Feature"},{"geometry":{"coordinates":[-2.2399754,52.3835966],"type":"Point"},"id":"railways:1505","properties":{"name":"Kidderminster Town"},"type":"Feature"},{"geometry":{"coordinates":[-0.9671299,51.1518972],"type":"Point"},"id":"railways:1506","properties":{"name":"Alton"},"type":"Feature"},{"geometry":{"coordinates":[-0.9669511,50.7815104],"type":"Point"},"id":"railways:1507","properties":{"name":"Eastoke Corner"},"type":"Feature"},{"geometry":{"coordinates":[-0.9786105,50.7839205],"type":"Point"},"id":"railways:1508","properties":{"name":"Mengham Road"},"type":"Feature"},{"geometry":{"coordinates":[-0.9866592,50.7841811],"type":"Point"},"id":"railways:1509","properties":{"name":"Beachlands"},"type":"Feature"},{"geometry":{"coordinates":[-3.2024664,51.7766167],"type":"Point"},"id":"railways:1510","properties":{"name":"Ebbw Vale Town"},"type":"Feature"},{"geometry":{"coordinates":[-0.410949,54.3009398],"type":"Point"},"id":"railways:1511","properties":{"name":"Scalby Mills"},"type":"Feature"},{"geometry":{"coordinates":[-0.4113865,54.2929426],"type":"Point"},"id":"railways:1512","properties":{"name":"Peasholm"},"type":"Feature"},{"geometry":{"coordinates":[-3.261156,51.4026036],"type":"Point"},"id":"railways:1513","properties":{"name":"Barry Docks"},"type":"Feature"},{"geometry":{"coordinates":[-0.9668606,54.5842019],"type":"Point"},"id":"railways:1514","properties":{"name":"Cat Nab"},"type":"Feature"},{"geometry":{"coordinates":[-2.041538,53.5150389],"type":"Point"},"id":"railways:1515","properties":{"name":"Mossley"},"type":"Feature"},{"geometry":{"coordinates":[0.4181268,51.6288429],"type":"Point"},"id":"railways:1516","properties":{"name":"Billericay"},"type":"Feature"},{"geometry":{"coordinates":[0.5194087,51.6148276],"type":"Point"},"id":"railways:1517","properties":{"name":"Wickford"},"type":"Feature"},{"geometry":{"coordinates":[1.559524,52.564446],"type":"Point"},"id":"railways:1518","properties":{"name":"Reedham"},"type":"Feature"},{"geometry":{"coordinates":[0.7026932,51.8409896],"type":"Point"},"id":"railways:1519","properties":{"name":"Kelvedon"},"type":"Feature"},{"geometry":{"coordinates":[-1.5522587,52.5784071],"type":"Point"},"id":"railways:1520","properties":{"name":"Atherstone"},"type":"Feature"},{"geometry":{"coordinates":[-3.3184177,55.9006276],"type":"Point"},"id":"railways:1521","properties":{"name":"Curriehill"},"type":"Feature"},{"geometry":{"coordinates":[-3.566816,55.8537711],"type":"Point"},"id":"railways:1522","properties":{"name":"West Calder"},"type":"Feature"},{"geometry":{"coordinates":[-3.9107267,55.8044297],"type":"Point"},"id":"railways:1523","properties":{"name":"Cleland"},"type":"Feature"},{"geometry":{"coordinates":[-4.0243299,55.8170602],"type":"Point"},"id":"railways:1524","properties":{"name":"Bellshill"},"type":"Feature"},{"geometry":{"coordinates":[-0.1133473,51.4628953],"type":"Point"},"id":"railways:1525","properties":{"name":"Brixton"},"type":"Feature"},{"geometry":{"coordinates":[-3.9775164,55.7490077],"type":"Point"},"id":"railways:1526","properties":{"name":"Merryton"},"type":"Feature"},{"geometry":{"coordinates":[-3.3940413,54.3667401],"type":"Point"},"id":"railways:1527","properties":{"name":"Muncaster Mill"},"type":"Feature"},{"geometry":{"coordinates":[-4.1580726,55.8342637],"type":"Point"},"id":"railways:1528","properties":{"name":"Carmyle"},"type":"Feature"},{"geometry":{"coordinates":[-4.5342076,55.8248309],"type":"Point"},"id":"railways:1529","properties":{"name":"Milliken Park"},"type":"Feature"},{"geometry":{"coordinates":[-4.7095388,55.6561839],"type":"Point"},"id":"railways:1530","properties":{"name":"Kilwinning"},"type":"Feature"},{"geometry":{"coordinates":[-2.4549096,50.6159266],"type":"Point"},"id":"railways:1531","properties":{"name":"Weymouth"},"type":"Feature"},{"geometry":{"coordinates":[-3.8073972,51.6620303],"type":"Point"},"id":"railways:1532","properties":{"name":"Neath"},"type":"Feature"},{"geometry":{"coordinates":[-3.8467749,51.6614691],"type":"Point"},"id":"railways:1533","properties":{"name":"Skewen"},"type":"Feature"},{"geometry":{"coordinates":[-4.2245231,55.9039668],"type":"Point"},"id":"railways:1534","properties":{"name":"Bishopbriggs"},"type":"Feature"},{"geometry":{"coordinates":[0.4127561,52.4302535],"type":"Point"},"id":"railways:1535","properties":{"name":"Shippea Hill"},"type":"Feature"},{"geometry":{"coordinates":[-4.1068753,55.8598473],"type":"Point"},"id":"railways:1536","properties":{"name":"Easterhouse"},"type":"Feature"},{"geometry":{"coordinates":[-1.4435652,53.757064],"type":"Point"},"id":"railways:1537","properties":{"name":"Woodlesford"},"type":"Feature"},{"geometry":{"coordinates":[-1.6372217,53.8053522],"type":"Point"},"id":"railways:1538","properties":{"name":"Bramley"},"type":"Feature"},{"geometry":{"coordinates":[-0.0986342,51.5201797],"type":"Point"},"id":"railways:1539","properties":{"name":"Barbican"},"type":"Feature"},{"geometry":{"coordinates":[0.0886245,51.5858181],"type":"Point"},"id":"railways:1540","properties":{"name":"Barkingside"},"type":"Feature"},{"geometry":{"coordinates":[-0.1494231,51.5139808],"type":"Point"},"id":"railways:1541","properties":{"name":"Bond Street"},"type":"Feature"},{"geometry":{"coordinates":[0.0468161,51.6259439],"type":"Point"},"id":"railways:1542","properties":{"name":"Buckhurst Hill"},"type":"Feature"},{"geometry":{"coordinates":[-0.1117642,51.5181738],"type":"Point"},"id":"railways:1543","properties":{"name":"Chancery Lane"},"type":"Feature"},{"geometry":{"coordinates":[0.0757204,51.6176444],"type":"Point"},"id":"railways:1544","properties":{"name":"Chigwell"},"type":"Feature"},{"geometry":{"coordinates":[0.083583,51.6452814],"type":"Point"},"id":"railways:1545","properties":{"name":"Debden"},"type":"Feature"},{"geometry":{"coordinates":[0.0911302,51.5959477],"type":"Point"},"id":"railways:1546","properties":{"name":"Fairlop"},"type":"Feature"},{"geometry":{"coordinates":[0.0648799,51.576525],"type":"Point"},"id":"railways:1547","properties":{"name":"Gants Hill"},"type":"Feature"},{"geometry":{"coordinates":[0.0925025,51.613134],"type":"Point"},"id":"railways:1548","properties":{"name":"Grange Hill"},"type":"Feature"},{"geometry":{"coordinates":[0.0933827,51.6033138],"type":"Point"},"id":"railways:1549","properties":{"name":"Hainault"},"type":"Feature"},{"geometry":{"coordinates":[-0.033435,51.5253378],"type":"Point"},"id":"railways:1550","properties":{"name":"Mile End"},"type":"Feature"},{"geometry":{"coordinates":[-0.0861271,51.5106328],"type":"Point"},"id":"railways:1551","properties":{"name":"Monument"},"type":"Feature"},{"geometry":{"coordinates":[0.0437553,51.6170812],"type":"Point"},"id":"railways:1552","properties":{"name":"Roding Valley"},"type":"Feature"},{"geometry":{"coordinates":[-1.5389272,53.7738227],"type":"Point"},"id":"railways:1553","properties":{"name":"Moor Road"},"type":"Feature"},{"geometry":{"coordinates":[-6.518169,55.2311741],"type":"Point"},"id":"railways:1554","properties":{"name":"Giant's Causeway"},"type":"Feature"},{"geometry":{"coordinates":[-6.5298478,55.2075906],"type":"Point"},"id":"railways:1555","properties":{"name":"Bushmills"},"type":"Feature"},{"geometry":{"coordinates":[-0.3008051,53.6193448],"type":"Point"},"id":"railways:1556","properties":{"name":"Ulceby"},"type":"Feature"},{"geometry":{"coordinates":[-0.4430513,53.6889957],"type":"Point"},"id":"railways:1557","properties":{"name":"Barton-on-Humber"},"type":"Feature"},{"geometry":{"coordinates":[-0.3961114,51.6639446],"type":"Point"},"id":"railways:1558","properties":{"name":"Watford Junction"},"type":"Feature"},{"geometry":{"coordinates":[-0.7695068,53.3989869],"type":"Point"},"id":"railways:1559","properties":{"name":"Gainsborough Central"},"type":"Feature"},{"geometry":{"coordinates":[-0.392889,53.6974548],"type":"Point"},"id":"railways:1560","properties":{"name":"Barrow Haven"},"type":"Feature"},{"geometry":{"coordinates":[-0.3374071,53.6766712],"type":"Point"},"id":"railways:1561","properties":{"name":"Goxhill"},"type":"Feature"},{"geometry":{"coordinates":[-0.1298327,53.5757224],"type":"Point"},"id":"railways:1562","properties":{"name":"Great Coates"},"type":"Feature"},{"geometry":{"coordinates":[-0.0758325,53.5741416],"type":"Point"},"id":"railways:1563","properties":{"name":"Grimsby Docks"},"type":"Feature"},{"geometry":{"coordinates":[-0.2693542,53.6061],"type":"Point"},"id":"railways:1564","properties":{"name":"Habrough"},"type":"Feature"},{"geometry":{"coordinates":[-0.1606176,53.5818378],"type":"Point"},"id":"railways:1565","properties":{"name":"Healing"},"type":"Feature"},{"geometry":{"coordinates":[-0.0604648,53.5743075],"type":"Point"},"id":"railways:1566","properties":{"name":"New Clee"},"type":"Feature"},{"geometry":{"coordinates":[-0.3601529,53.701985],"type":"Point"},"id":"railways:1567","properties":{"name":"New Holland"},"type":"Feature"},{"geometry":{"coordinates":[-0.1834359,53.5871667],"type":"Point"},"id":"railways:1568","properties":{"name":"Stallingborough"},"type":"Feature"},{"geometry":{"coordinates":[-0.3230242,53.6543161],"type":"Point"},"id":"railways:1569","properties":{"name":"Thornton Abbey"},"type":"Feature"},{"geometry":{"coordinates":[-0.750266,53.1439832],"type":"Point"},"id":"railways:1570","properties":{"name":"Collingham"},"type":"Feature"},{"geometry":{"coordinates":[-0.6000753,53.1950652],"type":"Point"},"id":"railways:1571","properties":{"name":"Hykeham"},"type":"Feature"},{"geometry":{"coordinates":[-0.7026611,53.1693479],"type":"Point"},"id":"railways:1572","properties":{"name":"Swinderby"},"type":"Feature"},{"geometry":{"coordinates":[-0.7693785,53.3860875],"type":"Point"},"id":"railways:1573","properties":{"name":"Gainsborough Lea Road"},"type":"Feature"},{"geometry":{"coordinates":[-1.1228579,53.3115968],"type":"Point"},"id":"railways:1574","properties":{"name":"Worksop"},"type":"Feature"},{"geometry":{"coordinates":[-1.1683224,53.3248638],"type":"Point"},"id":"railways:1575","properties":{"name":"Shireoaks"},"type":"Feature"},{"geometry":{"coordinates":[-1.2670815,53.3409362],"type":"Point"},"id":"railways:1576","properties":{"name":"Kiveton Bridge"},"type":"Feature"},{"geometry":{"coordinates":[-1.3573689,53.3637962],"type":"Point"},"id":"railways:1577","properties":{"name":"Woodhouse"},"type":"Feature"},{"geometry":{"coordinates":[-1.4123572,53.3845451],"type":"Point"},"id":"railways:1578","properties":{"name":"Darnall"},"type":"Feature"},{"geometry":{"coordinates":[0.4949233,50.9128867],"type":"Point"},"id":"railways:1579","properties":{"name":"Battle"},"type":"Feature"},{"geometry":{"coordinates":[0.5014804,50.8886625],"type":"Point"},"id":"railways:1580","properties":{"name":"Crowhurst"},"type":"Feature"},{"geometry":{"coordinates":[0.5399644,50.8532059],"type":"Point"},"id":"railways:1581","properties":{"name":"West St Leonards"},"type":"Feature"},{"geometry":{"coordinates":[0.4423838,51.0106562],"type":"Point"},"id":"railways:1582","properties":{"name":"Etchingham"},"type":"Feature"},{"geometry":{"coordinates":[0.4686815,50.9855542],"type":"Point"},"id":"railways:1583","properties":{"name":"Robertsbridge"},"type":"Feature"},{"geometry":{"coordinates":[0.2630275,51.1300963],"type":"Point"},"id":"railways:1584","properties":{"name":"Tunbridge Wells"},"type":"Feature"},{"geometry":{"coordinates":[-0.1693312,51.3093361],"type":"Point"},"id":"railways:1585","properties":{"name":"Chipstead"},"type":"Feature"},{"geometry":{"coordinates":[-2.0116755,52.6184226],"type":"Point"},"id":"railways:1586","properties":{"name":"Bloxwich"},"type":"Feature"},{"geometry":{"coordinates":[-0.8984194,52.9515525],"type":"Point"},"id":"railways:1587","properties":{"name":"Aslockton"},"type":"Feature"},{"geometry":{"coordinates":[-0.9512851,52.9542194],"type":"Point"},"id":"railways:1588","properties":{"name":"Bingham"},"type":"Feature"},{"geometry":{"coordinates":[-1.2164106,53.263919],"type":"Point"},"id":"railways:1589","properties":{"name":"Creswell"},"type":"Feature"},{"geometry":{"coordinates":[-1.2532679,53.1000196],"type":"Point"},"id":"railways:1590","properties":{"name":"Kirkby-in-Ashfield"},"type":"Feature"},{"geometry":{"coordinates":[-1.2092803,53.2327375],"type":"Point"},"id":"railways:1591","properties":{"name":"Langwith-Whaley Thorns"},"type":"Feature"},{"geometry":{"coordinates":[-1.2025927,53.2041213],"type":"Point"},"id":"railways:1592","properties":{"name":"Shirebrook"},"type":"Feature"},{"geometry":{"coordinates":[-1.2455485,53.1141408],"type":"Point"},"id":"railways:1593","properties":{"name":"Sutton Parkway"},"type":"Feature"},{"geometry":{"coordinates":[-3.3815031,55.9862498],"type":"Point"},"id":"railways:1594","properties":{"name":"Dalmeny"},"type":"Feature"},{"geometry":{"coordinates":[-3.1308024,56.2004129],"type":"Point"},"id":"railways:1595","properties":{"name":"Markinch"},"type":"Feature"},{"geometry":{"coordinates":[-3.3946556,56.0124476],"type":"Point"},"id":"railways:1596","properties":{"name":"North Queensferry"},"type":"Feature"},{"geometry":{"coordinates":[-2.2527549,51.344789],"type":"Point"},"id":"railways:1597","properties":{"name":"Bradford-on-Avon"},"type":"Feature"},{"geometry":{"coordinates":[-3.7925335,55.9917251],"type":"Point"},"id":"railways:1598","properties":{"name":"Falkirk High"},"type":"Feature"},{"geometry":{"coordinates":[-2.8383465,56.4747329],"type":"Point"},"id":"railways:1599","properties":{"name":"Balmossie"},"type":"Feature"},{"geometry":{"coordinates":[-2.7461535,56.49311],"type":"Point"},"id":"railways:1600","properties":{"name":"Barry Links"},"type":"Feature"},{"geometry":{"coordinates":[-2.8739864,56.4676434],"type":"Point"},"id":"railways:1601","properties":{"name":"Broughty Ferry"},"type":"Feature"},{"geometry":{"coordinates":[-2.8183561,56.479738],"type":"Point"},"id":"railways:1602","properties":{"name":"Monifieth"},"type":"Feature"},{"geometry":{"coordinates":[-2.4647808,56.8371013],"type":"Point"},"id":"railways:1603","properties":{"name":"Laurencekirk"},"type":"Feature"},{"geometry":{"coordinates":[-2.1280803,57.0613326],"type":"Point"},"id":"railways:1604","properties":{"name":"Portlethen"},"type":"Feature"},{"geometry":{"coordinates":[-1.23461,53.4895257],"type":"Point"},"id":"railways:1605","properties":{"name":"Conisbrough"},"type":"Feature"},{"geometry":{"coordinates":[-1.2885249,53.4908309],"type":"Point"},"id":"railways:1606","properties":{"name":"Mexborough"},"type":"Feature"},{"geometry":{"coordinates":[-1.3056214,53.4855977],"type":"Point"},"id":"railways:1607","properties":{"name":"Swinton (South Yorkshire)"},"type":"Feature"},{"geometry":{"coordinates":[-1.3610462,53.4316986],"type":"Point"},"id":"railways:1608","properties":{"name":"Rotherham Central"},"type":"Feature"},{"geometry":{"coordinates":[-1.4502486,54.3387164],"type":"Point"},"id":"railways:1609","properties":{"name":"Northallerton West"},"type":"Feature"},{"geometry":{"coordinates":[-1.7181744,54.3058961],"type":"Point"},"id":"railways:1610","properties":{"name":"Finghall Lane"},"type":"Feature"},{"geometry":{"coordinates":[-0.308097,51.35675],"type":"Point"},"id":"railways:1611","properties":{"name":"Chessington South"},"type":"Feature"},{"geometry":{"coordinates":[-3.1872166,54.2329033],"type":"Point"},"id":"railways:1612","properties":{"name":"Kirkby-in-Furness"},"type":"Feature"},{"geometry":{"coordinates":[-1.1877284,52.7400619],"type":"Point"},"id":"railways:1613","properties":{"name":"Quorn & Woodhouse"},"type":"Feature"},{"geometry":{"coordinates":[-1.1965133,52.7795757],"type":"Point"},"id":"railways:1614","properties":{"name":"Loughborough"},"type":"Feature"},{"geometry":{"coordinates":[-0.6098115,54.0348323],"type":"Point"},"id":"railways:1615","properties":{"name":"Fimber Halt"},"type":"Feature"},{"geometry":{"coordinates":[-4.9825597,56.4009781],"type":"Point"},"id":"railways:1616","properties":{"name":"Dalmally"},"type":"Feature"},{"geometry":{"coordinates":[-0.104555,51.519964],"type":"Point"},"id":"railways:1617","properties":{"name":"Farringdon"},"type":"Feature"},{"geometry":{"coordinates":[0.9562415,51.8565976],"type":"Point"},"id":"railways:1618","properties":{"name":"Wivenhoe"},"type":"Feature"},{"geometry":{"coordinates":[0.9970365,51.8539985],"type":"Point"},"id":"railways:1619","properties":{"name":"Alresford"},"type":"Feature"},{"geometry":{"coordinates":[1.0654611,51.8517991],"type":"Point"},"id":"railways:1620","properties":{"name":"Great Bentley"},"type":"Feature"},{"geometry":{"coordinates":[1.1151948,51.8529678],"type":"Point"},"id":"railways:1621","properties":{"name":"Weeley"},"type":"Feature"},{"geometry":{"coordinates":[-2.0296455,53.0801115],"type":"Point"},"id":"railways:1622","properties":{"name":"Leek Brook"},"type":"Feature"},{"geometry":{"coordinates":[-3.5646874,50.433981],"type":"Point"},"id":"railways:1623","properties":{"name":"Paignton Queens Park"},"type":"Feature"},{"geometry":{"coordinates":[-0.1282641,51.5114642],"type":"Point"},"id":"railways:1624","properties":{"name":"Leicester Square"},"type":"Feature"},{"geometry":{"coordinates":[-0.3490573,51.4339055],"type":"Point"},"id":"railways:1625","properties":{"name":"Fulwell"},"type":"Feature"},{"geometry":{"coordinates":[-0.3721547,51.4159079],"type":"Point"},"id":"railways:1626","properties":{"name":"Hampton"},"type":"Feature"},{"geometry":{"coordinates":[-0.4094874,51.4210039],"type":"Point"},"id":"railways:1627","properties":{"name":"Kempton Park"},"type":"Feature"},{"geometry":{"coordinates":[-0.4173517,51.418324],"type":"Point"},"id":"railways:1628","properties":{"name":"Sunbury"},"type":"Feature"},{"geometry":{"coordinates":[-0.4307971,51.4132081],"type":"Point"},"id":"railways:1629","properties":{"name":"Upper Halliford"},"type":"Feature"},{"geometry":{"coordinates":[-0.4469133,51.3968972],"type":"Point"},"id":"railways:1630","properties":{"name":"Shepperton"},"type":"Feature"},{"geometry":{"coordinates":[-2.4298868,57.0563229],"type":"Point"},"id":"railways:1631","properties":{"name":"Milton of Crathes"},"type":"Feature"},{"geometry":{"coordinates":[-2.4562742,57.0581925],"type":"Point"},"id":"railways:1632","properties":{"name":"Riverside Halt"},"type":"Feature"},{"geometry":{"coordinates":[0.1819438,51.2764117],"type":"Point"},"id":"railways:1633","properties":{"name":"Sevenoaks"},"type":"Feature"},{"geometry":{"coordinates":[-2.9028039,54.195693],"type":"Point"},"id":"railways:1634","properties":{"name":"Grange-over-Sands"},"type":"Feature"},{"geometry":{"coordinates":[-0.1462935,51.4752161],"type":"Point"},"id":"railways:1635","properties":{"name":"Queenstown Road"},"type":"Feature"},{"geometry":{"coordinates":[-0.1227502,51.4858478],"type":"Point"},"id":"railways:1636","properties":{"name":"Vauxhall"},"type":"Feature"},{"geometry":{"coordinates":[1.0753092,51.2842245],"type":"Point"},"id":"railways:1637","properties":{"name":"Canterbury West"},"type":"Feature"},{"geometry":{"coordinates":[-1.6645975,54.8862872],"type":"Point"},"id":"railways:1638","properties":{"name":"Dipwood Halt"},"type":"Feature"},{"geometry":{"coordinates":[-0.859831,51.8312778],"type":"Point"},"id":"railways:1639","properties":{"name":"Aylesbury Vale Parkway"},"type":"Feature"},{"geometry":{"coordinates":[-1.1540785,52.7268895],"type":"Point"},"id":"railways:1640","properties":{"name":"Mountsorrel"},"type":"Feature"},{"geometry":{"coordinates":[-3.4725586,50.7027216],"type":"Point"},"id":"railways:1641","properties":{"name":"Newcourt"},"type":"Feature"},{"geometry":{"coordinates":[-0.3406341,51.3750646],"type":"Point"},"id":"railways:1642","properties":{"name":"Hinchley Wood"},"type":"Feature"},{"geometry":{"coordinates":[-1.9297207,51.9887603],"type":"Point"},"id":"railways:1643","properties":{"name":"Toddington"},"type":"Feature"},{"geometry":{"coordinates":[-0.6073643,51.6740875],"type":"Point"},"id":"railways:1644","properties":{"name":"Amersham"},"type":"Feature"},{"geometry":{"coordinates":[-0.7555158,51.2968188],"type":"Point"},"id":"railways:1645","properties":{"name":"Farnborough (Main)"},"type":"Feature"},{"geometry":{"coordinates":[-3.800542,53.092687],"type":"Point"},"id":"railways:1646","properties":{"name":"Betws-y-Coed"},"type":"Feature"},{"geometry":{"coordinates":[-0.5611671,51.6681019],"type":"Point"},"id":"railways:1647","properties":{"name":"Chalfont & Latimer"},"type":"Feature"},{"geometry":{"coordinates":[0.9296702,51.1855902],"type":"Point"},"id":"railways:1648","properties":{"name":"Wye"},"type":"Feature"},{"geometry":{"coordinates":[-0.5356577,50.900947],"type":"Point"},"id":"railways:1649","properties":{"name":"Brockham"},"type":"Feature"},{"geometry":{"coordinates":[-0.060661,51.4175031],"type":"Point"},"id":"railways:1650","properties":{"name":"Penge West"},"type":"Feature"},{"geometry":{"coordinates":[-3.7694255,55.4021592],"type":"Point"},"id":"railways:1651","properties":{"name":"Glengonnar"},"type":"Feature"},{"geometry":{"coordinates":[-2.7589963,55.6058578],"type":"Point"},"id":"railways:1652","properties":{"name":"Tweedbank"},"type":"Feature"},{"geometry":{"coordinates":[-0.3398503,51.2363548],"type":"Point"},"id":"railways:1653","properties":{"name":"Dorking West"},"type":"Feature"},{"geometry":{"coordinates":[-2.8057195,55.6178479],"type":"Point"},"id":"railways:1654","properties":{"name":"Galashiels"},"type":"Feature"},{"geometry":{"coordinates":[0.1016292,51.4648215],"type":"Point"},"id":"railways:1655","properties":{"name":"Welling"},"type":"Feature"},{"geometry":{"coordinates":[0.1596467,51.4650212],"type":"Point"},"id":"railways:1656","properties":{"name":"Barnehurst"},"type":"Feature"},{"geometry":{"coordinates":[0.0522692,51.4555936],"type":"Point"},"id":"railways:1657","properties":{"name":"Eltham"},"type":"Feature"},{"geometry":{"coordinates":[0.1751948,51.4815782],"type":"Point"},"id":"railways:1658","properties":{"name":"Erith"},"type":"Feature"},{"geometry":{"coordinates":[-0.1882512,51.4609627],"type":"Point"},"id":"railways:1659","properties":{"name":"Wandsworth Town"},"type":"Feature"},{"geometry":{"coordinates":[-0.150065,51.2641687],"type":"Point"},"id":"railways:1660","properties":{"name":"Merstham"},"type":"Feature"},{"geometry":{"coordinates":[-0.2809105,51.3990081],"type":"Point"},"id":"railways:1661","properties":{"name":"Berrylands"},"type":"Feature"},{"geometry":{"coordinates":[-0.2557593,51.4039615],"type":"Point"},"id":"railways:1662","properties":{"name":"New Malden"},"type":"Feature"},{"geometry":{"coordinates":[-0.103564,51.515126],"type":"Point"},"id":"railways:1663","properties":{"name":"City Thameslink"},"type":"Feature"},{"geometry":{"coordinates":[-0.0825205,51.5176777],"type":"Point"},"id":"railways:1664","properties":{"name":"Liverpool Street"},"type":"Feature"},{"geometry":{"coordinates":[-0.0814269,51.5182105],"type":"Point"},"id":"railways:1665","properties":{"name":"London Liverpool Street"},"type":"Feature"},{"geometry":{"coordinates":[-0.0903632,51.5113812],"type":"Point"},"id":"railways:1666","properties":{"name":"Cannon Street"},"type":"Feature"},{"geometry":{"coordinates":[-0.0906046,51.5106685],"type":"Point"},"id":"railways:1667","properties":{"name":"London Cannon Street"},"type":"Feature"},{"geometry":{"coordinates":[-0.1345484,51.5098192],"type":"Point"},"id":"railways:1668","properties":{"name":"Piccadilly Circus"},"type":"Feature"},{"geometry":{"coordinates":[-0.112801,51.5028379],"type":"Point"},"id":"railways:1669","properties":{"name":"London Waterloo"},"type":"Feature"},{"geometry":{"coordinates":[-0.1139812,51.5030015],"type":"Point"},"id":"railways:1670","properties":{"name":"Waterloo"},"type":"Feature"},{"geometry":{"coordinates":[-2.9697488,56.4571485],"type":"Point"},"id":"railways:1671","properties":{"name":"Dundee"},"type":"Feature"},{"geometry":{"coordinates":[-3.5912401,54.4923531],"type":"Point"},"id":"railways:1672","properties":{"name":"St Bees"},"type":"Feature"},{"geometry":{"coordinates":[-0.2612451,51.3847246],"type":"Point"},"id":"railways:1673","properties":{"name":"Malden Manor"},"type":"Feature"},{"geometry":{"coordinates":[-0.2794424,51.3768746],"type":"Point"},"id":"railways:1674","properties":{"name":"Tolworth"},"type":"Feature"},{"geometry":{"coordinates":[-0.3007319,51.363982],"type":"Point"},"id":"railways:1675","properties":{"name":"Chessington North"},"type":"Feature"},{"geometry":{"coordinates":[-0.1313131,51.4259609],"type":"Point"},"id":"railways:1676","properties":{"name":"Streatham"},"type":"Feature"},{"geometry":{"coordinates":[-0.4495061,51.0151333],"type":"Point"},"id":"railways:1677","properties":{"name":"Billingshurst"},"type":"Feature"},{"geometry":{"coordinates":[-0.1263945,51.5079664],"type":"Point"},"id":"railways:1678","properties":{"name":"Charing Cross"},"type":"Feature"},{"geometry":{"coordinates":[-0.0987169,51.4940431],"type":"Point"},"id":"railways:1679","properties":{"name":"Elephant & Castle"},"type":"Feature"},{"geometry":{"coordinates":[-0.1005731,51.4948884],"type":"Point"},"id":"railways:1680","properties":{"name":"Elephant & Castle"},"type":"Feature"},{"geometry":{"coordinates":[-0.1908861,51.3596769],"type":"Point"},"id":"railways:1681","properties":{"name":"Sutton"},"type":"Feature"},{"geometry":{"coordinates":[-0.1270027,51.5327196],"type":"Point"},"id":"railways:1682","properties":{"name":"London St. Pancras International"},"type":"Feature"},{"geometry":{"coordinates":[-0.1341909,51.5288526],"type":"Point"},"id":"railways:1683","properties":{"name":"London Euston"},"type":"Feature"},{"geometry":{"coordinates":[-0.1338745,51.5282865],"type":"Point"},"id":"railways:1684","properties":{"name":"Euston"},"type":"Feature"},{"geometry":{"coordinates":[-0.6327022,51.9376021],"type":"Point"},"id":"railways:1685","properties":{"name":"Stonehenge Works"},"type":"Feature"},{"geometry":{"coordinates":[-3.8417328,53.3156622],"type":"Point"},"id":"railways:1686","properties":{"name":"West Shore Halt"},"type":"Feature"},{"geometry":{"coordinates":[-0.2411817,51.466783],"type":"Point"},"id":"railways:1687","properties":{"name":"Barnes"},"type":"Feature"},{"geometry":{"coordinates":[-0.5250129,51.2151195],"type":"Point"},"id":"railways:1688","properties":{"name":"Chilworth"},"type":"Feature"},{"geometry":{"coordinates":[-0.566879,51.2143603],"type":"Point"},"id":"railways:1689","properties":{"name":"Shalford"},"type":"Feature"},{"geometry":{"coordinates":[-0.3532042,51.3800529],"type":"Point"},"id":"railways:1690","properties":{"name":"Esher"},"type":"Feature"},{"geometry":{"coordinates":[-2.8555038,53.4100591],"type":"Point"},"id":"railways:1691","properties":{"name":"Roby"},"type":"Feature"},{"geometry":{"coordinates":[-2.7000869,53.4337834],"type":"Point"},"id":"railways:1692","properties":{"name":"St Helens Junction"},"type":"Feature"},{"geometry":{"coordinates":[-1.5307942,53.5880035],"type":"Point"},"id":"railways:1693","properties":{"name":"Darton"},"type":"Feature"},{"geometry":{"coordinates":[-0.3123501,51.4145582],"type":"Point"},"id":"railways:1694","properties":{"name":"Hampton Wick"},"type":"Feature"},{"geometry":{"coordinates":[-0.7924218,51.2118094],"type":"Point"},"id":"railways:1695","properties":{"name":"Farnham"},"type":"Feature"},{"geometry":{"coordinates":[-0.2145128,51.3556609],"type":"Point"},"id":"railways:1696","properties":{"name":"Cheam"},"type":"Feature"},{"geometry":{"coordinates":[-0.1200657,51.5171149],"type":"Point"},"id":"railways:1697","properties":{"name":"Holborn"},"type":"Feature"},{"geometry":{"coordinates":[-0.6077008,51.6098353],"type":"Point"},"id":"railways:1698","properties":{"name":"Seer Green and Jordans"},"type":"Feature"},{"geometry":{"coordinates":[-2.8166827,53.2766012],"type":"Point"},"id":"railways:1699","properties":{"name":"Ince and Elton"},"type":"Feature"},{"geometry":{"coordinates":[-2.8411357,53.2783095],"type":"Point"},"id":"railways:1700","properties":{"name":"Stanlow and Thornton"},"type":"Feature"},{"geometry":{"coordinates":[-1.6338558,53.5949814],"type":"Point"},"id":"railways:1701","properties":{"name":"Cuckoos Nest"},"type":"Feature"},{"geometry":{"coordinates":[-1.5817711,54.5971316],"type":"Point"},"id":"railways:1702","properties":{"name":"Heighington"},"type":"Feature"},{"geometry":{"coordinates":[-1.346378,54.839091],"type":"Point"},"id":"railways:1703","properties":{"name":"Seaham"},"type":"Feature"},{"geometry":{"coordinates":[-1.200477,54.6582066],"type":"Point"},"id":"railways:1704","properties":{"name":"Seaton Carew"},"type":"Feature"},{"geometry":{"coordinates":[-2.0801143,53.4613904],"type":"Point"},"id":"railways:1705","properties":{"name":"Flowery Field"},"type":"Feature"},{"geometry":{"coordinates":[-1.472599,52.5033421],"type":"Point"},"id":"railways:1706","properties":{"name":"Bermuda Park"},"type":"Feature"},{"geometry":{"coordinates":[-2.5167193,52.7014362],"type":"Point"},"id":"railways:1707","properties":{"name":"Wellington"},"type":"Feature"},{"geometry":{"coordinates":[-1.7974707,53.9257438],"type":"Point"},"id":"railways:1708","properties":{"name":"Ben Rhydding"},"type":"Feature"},{"geometry":{"coordinates":[-1.7531866,53.9079756],"type":"Point"},"id":"railways:1709","properties":{"name":"Burley-in-Wharfedale"},"type":"Feature"},{"geometry":{"coordinates":[-1.7151179,53.8760658],"type":"Point"},"id":"railways:1710","properties":{"name":"Guiseley"},"type":"Feature"},{"geometry":{"coordinates":[-1.7354513,53.8923633],"type":"Point"},"id":"railways:1711","properties":{"name":"Menston"},"type":"Feature"},{"geometry":{"coordinates":[-1.7689584,53.8203108],"type":"Point"},"id":"railways:1712","properties":{"name":"Frizinghall"},"type":"Feature"},{"geometry":{"coordinates":[-1.7793363,53.6981649],"type":"Point"},"id":"railways:1713","properties":{"name":"Brighouse"},"type":"Feature"},{"geometry":{"coordinates":[-1.7048254,53.5887533],"type":"Point"},"id":"railways:1714","properties":{"name":"Shepley"},"type":"Feature"},{"geometry":{"coordinates":[-1.7232658,53.5941495],"type":"Point"},"id":"railways:1715","properties":{"name":"Stocksmoor"},"type":"Feature"},{"geometry":{"coordinates":[-2.6614198,53.7269093],"type":"Point"},"id":"railways:1716","properties":{"name":"Bamber Bridge"},"type":"Feature"},{"geometry":{"coordinates":[-2.5440104,53.7310487],"type":"Point"},"id":"railways:1717","properties":{"name":"Pleasington"},"type":"Feature"},{"geometry":{"coordinates":[-0.7522572,51.4130054],"type":"Point"},"id":"railways:1718","properties":{"name":"Bracknell"},"type":"Feature"},{"geometry":{"coordinates":[-2.6654958,53.3279397],"type":"Point"},"id":"railways:1719","properties":{"name":"Runcorn East"},"type":"Feature"},{"geometry":{"coordinates":[-1.0703222,54.6159857],"type":"Point"},"id":"railways:1720","properties":{"name":"Redcar Central"},"type":"Feature"},{"geometry":{"coordinates":[-1.1762715,54.5840107],"type":"Point"},"id":"railways:1721","properties":{"name":"South Bank"},"type":"Feature"},{"geometry":{"coordinates":[-1.3514668,54.4937626],"type":"Point"},"id":"railways:1722","properties":{"name":"Yarm"},"type":"Feature"},{"geometry":{"coordinates":[-0.5950836,51.385277],"type":"Point"},"id":"railways:1723","properties":{"name":"Longcross"},"type":"Feature"},{"geometry":{"coordinates":[-0.4265454,53.8843298],"type":"Point"},"id":"railways:1724","properties":{"name":"Arram"},"type":"Feature"},{"geometry":{"coordinates":[-0.4228986,53.8421612],"type":"Point"},"id":"railways:1725","properties":{"name":"Beverley"},"type":"Feature"},{"geometry":{"coordinates":[-0.2003693,54.0840651],"type":"Point"},"id":"railways:1726","properties":{"name":"Bridlington"},"type":"Feature"},{"geometry":{"coordinates":[-0.406219,53.781315],"type":"Point"},"id":"railways:1727","properties":{"name":"Cottingham"},"type":"Feature"},{"geometry":{"coordinates":[-0.4345597,54.0014506],"type":"Point"},"id":"railways:1728","properties":{"name":"Driffield"},"type":"Feature"},{"geometry":{"coordinates":[-0.2938604,54.2098083],"type":"Point"},"id":"railways:1729","properties":{"name":"Filey"},"type":"Feature"},{"geometry":{"coordinates":[-0.4338384,53.9561848],"type":"Point"},"id":"railways:1730","properties":{"name":"Hutton Cranswick"},"type":"Feature"},{"geometry":{"coordinates":[-0.3856241,54.0113429],"type":"Point"},"id":"railways:1731","properties":{"name":"Nafferton"},"type":"Feature"},{"geometry":{"coordinates":[-0.4169939,54.2406582],"type":"Point"},"id":"railways:1732","properties":{"name":"Seamer"},"type":"Feature"},{"geometry":{"coordinates":[-0.7316099,53.7480234],"type":"Point"},"id":"railways:1733","properties":{"name":"Gilberdyke"},"type":"Feature"},{"geometry":{"coordinates":[-0.8091658,53.7220658],"type":"Point"},"id":"railways:1734","properties":{"name":"Saltmarshe"},"type":"Feature"},{"geometry":{"coordinates":[-2.2692137,52.6382346],"type":"Point"},"id":"railways:1735","properties":{"name":"Albrighton"},"type":"Feature"},{"geometry":{"coordinates":[-2.1873052,52.6239645],"type":"Point"},"id":"railways:1736","properties":{"name":"Bilbrook"},"type":"Feature"},{"geometry":{"coordinates":[-2.2016755,52.6274199],"type":"Point"},"id":"railways:1737","properties":{"name":"Codsall"},"type":"Feature"},{"geometry":{"coordinates":[-2.3006927,52.6448458],"type":"Point"},"id":"railways:1738","properties":{"name":"Cosford"},"type":"Feature"},{"geometry":{"coordinates":[-2.450188,52.6930906],"type":"Point"},"id":"railways:1739","properties":{"name":"Oakengates"},"type":"Feature"},{"geometry":{"coordinates":[-2.3716887,52.6660075],"type":"Point"},"id":"railways:1740","properties":{"name":"Shifnal"},"type":"Feature"},{"geometry":{"coordinates":[-2.441178,52.6811135],"type":"Point"},"id":"railways:1741","properties":{"name":"Telford Central"},"type":"Feature"},{"geometry":{"coordinates":[-2.8036843,52.5373034],"type":"Point"},"id":"railways:1742","properties":{"name":"Church Stretton"},"type":"Feature"},{"geometry":{"coordinates":[-3.0368846,52.8933219],"type":"Point"},"id":"railways:1743","properties":{"name":"Gobowen"},"type":"Feature"},{"geometry":{"coordinates":[-3.0423373,52.3450164],"type":"Point"},"id":"railways:1744","properties":{"name":"Knighton"},"type":"Feature"},{"geometry":{"coordinates":[-2.0950109,53.6427541],"type":"Point"},"id":"railways:1745","properties":{"name":"Littleborough"},"type":"Feature"},{"geometry":{"coordinates":[-2.1710273,53.5232522],"type":"Point"},"id":"railways:1746","properties":{"name":"Moston"},"type":"Feature"},{"geometry":{"coordinates":[-2.1140606,53.6328465],"type":"Point"},"id":"railways:1747","properties":{"name":"Smithy Bridge"},"type":"Feature"},{"geometry":{"coordinates":[-2.1047674,53.6965305],"type":"Point"},"id":"railways:1748","properties":{"name":"Walsden"},"type":"Feature"},{"geometry":{"coordinates":[-2.9145518,53.6238457],"type":"Point"},"id":"railways:1749","properties":{"name":"Bescar Lane"},"type":"Feature"},{"geometry":{"coordinates":[-2.8416523,53.6054245],"type":"Point"},"id":"railways:1750","properties":{"name":"Burscough Bridge"},"type":"Feature"},{"geometry":{"coordinates":[-2.8677436,53.6116884],"type":"Point"},"id":"railways:1751","properties":{"name":"New Lane"},"type":"Feature"},{"geometry":{"coordinates":[-2.7711373,53.5908551],"type":"Point"},"id":"railways:1752","properties":{"name":"Parbold"},"type":"Feature"},{"geometry":{"coordinates":[-2.8046076,53.5977688],"type":"Point"},"id":"railways:1753","properties":{"name":"Hoscar"},"type":"Feature"},{"geometry":{"coordinates":[-2.6938146,53.5593822],"type":"Point"},"id":"railways:1754","properties":{"name":"Gathurst"},"type":"Feature"},{"geometry":{"coordinates":[-2.7195791,53.578708],"type":"Point"},"id":"railways:1755","properties":{"name":"Appley Bridge"},"type":"Feature"},{"geometry":{"coordinates":[-1.837164,53.8487153],"type":"Point"},"id":"railways:1756","properties":{"name":"Bingley"},"type":"Feature"},{"geometry":{"coordinates":[-1.844476,53.858299],"type":"Point"},"id":"railways:1757","properties":{"name":"Crossflatts"},"type":"Feature"},{"geometry":{"coordinates":[-1.9013628,53.867932],"type":"Point"},"id":"railways:1758","properties":{"name":"Keighley"},"type":"Feature"},{"geometry":{"coordinates":[-2.3701201,53.7527983],"type":"Point"},"id":"railways:1759","properties":{"name":"Accrington"},"type":"Feature"},{"geometry":{"coordinates":[-2.3450711,54.9745437],"type":"Point"},"id":"railways:1760","properties":{"name":"Bardon Mill"},"type":"Feature"},{"geometry":{"coordinates":[-2.1341235,53.4319627],"type":"Point"},"id":"railways:1761","properties":{"name":"Brinnington"},"type":"Feature"},{"geometry":{"coordinates":[-2.2493172,53.7851712],"type":"Point"},"id":"railways:1762","properties":{"name":"Burnley Manchester Road"},"type":"Feature"},{"geometry":{"coordinates":[-1.3201962,53.9974183],"type":"Point"},"id":"railways:1763","properties":{"name":"Cattal"},"type":"Feature"},{"geometry":{"coordinates":[-2.3908916,53.7505427],"type":"Point"},"id":"railways:1764","properties":{"name":"Church and Oswaldtwistle"},"type":"Feature"},{"geometry":{"coordinates":[-2.0190286,54.9662648],"type":"Point"},"id":"railways:1765","properties":{"name":"Corbridge"},"type":"Feature"},{"geometry":{"coordinates":[-2.4627642,54.9679903],"type":"Point"},"id":"railways:1766","properties":{"name":"Haltwhistle"},"type":"Feature"},{"geometry":{"coordinates":[-1.2840693,53.996331],"type":"Point"},"id":"railways:1767","properties":{"name":"Hammerton"},"type":"Feature"},{"geometry":{"coordinates":[-2.31732,53.7815747],"type":"Point"},"id":"railways:1768","properties":{"name":"Hapton"},"type":"Feature"},{"geometry":{"coordinates":[-2.2472059,54.9752903],"type":"Point"},"id":"railways:1769","properties":{"name":"Haydon Bridge"},"type":"Feature"},{"geometry":{"coordinates":[-1.5944828,53.8180372],"type":"Point"},"id":"railways:1770","properties":{"name":"Headingley"},"type":"Feature"},{"geometry":{"coordinates":[-2.0088814,53.7376399],"type":"Point"},"id":"railways:1771","properties":{"name":"Hebden Bridge"},"type":"Feature"},{"geometry":{"coordinates":[-1.5276765,53.9803587],"type":"Point"},"id":"railways:1772","properties":{"name":"Hornbeam Park"},"type":"Feature"},{"geometry":{"coordinates":[-1.6302169,53.8477524],"type":"Point"},"id":"railways:1773","properties":{"name":"Horsforth"},"type":"Feature"},{"geometry":{"coordinates":[-2.3470472,53.7722434],"type":"Point"},"id":"railways:1774","properties":{"name":"Huncoat"},"type":"Feature"},{"geometry":{"coordinates":[-1.4703169,54.0090258],"type":"Point"},"id":"railways:1775","properties":{"name":"Knaresborough"},"type":"Feature"},{"geometry":{"coordinates":[-1.9818234,53.7290839],"type":"Point"},"id":"railways:1776","properties":{"name":"Mytholmroyd"},"type":"Feature"},{"geometry":{"coordinates":[-1.532787,53.9585105],"type":"Point"},"id":"railways:1777","properties":{"name":"Pannal"},"type":"Feature"},{"geometry":{"coordinates":[-1.1484069,53.9759597],"type":"Point"},"id":"railways:1778","properties":{"name":"Poppleton"},"type":"Feature"},{"geometry":{"coordinates":[-1.8647367,54.9658707],"type":"Point"},"id":"railways:1779","properties":{"name":"Prudhoe"},"type":"Feature"},{"geometry":{"coordinates":[-2.1567562,53.4497429],"type":"Point"},"id":"railways:1780","properties":{"name":"Reddish North"},"type":"Feature"},{"geometry":{"coordinates":[-1.9719541,54.9489331],"type":"Point"},"id":"railways:1781","properties":{"name":"Riding Mill"},"type":"Feature"},{"geometry":{"coordinates":[-2.4201859,53.7638289],"type":"Point"},"id":"railways:1782","properties":{"name":"Rishton"},"type":"Feature"},{"geometry":{"coordinates":[-1.7907973,53.8385598],"type":"Point"},"id":"railways:1783","properties":{"name":"Saltaire"},"type":"Feature"},{"geometry":{"coordinates":[-1.9072266,53.7078483],"type":"Point"},"id":"railways:1784","properties":{"name":"Sowerby Bridge"},"type":"Feature"},{"geometry":{"coordinates":[-1.5004755,53.998881],"type":"Point"},"id":"railways:1785","properties":{"name":"Starbeck"},"type":"Feature"},{"geometry":{"coordinates":[-1.9448075,53.9000518],"type":"Point"},"id":"railways:1786","properties":{"name":"Steeton and Silsden"},"type":"Feature"},{"geometry":{"coordinates":[-1.9171893,54.946811],"type":"Point"},"id":"railways:1787","properties":{"name":"Stocksfield"},"type":"Feature"},{"geometry":{"coordinates":[-1.5812986,53.923285],"type":"Point"},"id":"railways:1788","properties":{"name":"Weeton"},"type":"Feature"},{"geometry":{"coordinates":[-2.5874211,54.1236926],"type":"Point"},"id":"railways:1789","properties":{"name":"Wennington"},"type":"Feature"},{"geometry":{"coordinates":[-2.8319918,54.883738],"type":"Point"},"id":"railways:1790","properties":{"name":"Wetheral"},"type":"Feature"},{"geometry":{"coordinates":[-1.8143684,54.9748735],"type":"Point"},"id":"railways:1791","properties":{"name":"Wylam"},"type":"Feature"},{"geometry":{"coordinates":[-3.9946663,55.79189],"type":"Point"},"id":"railways:1792","properties":{"name":"Motherwell"},"type":"Feature"},{"geometry":{"coordinates":[-0.6145349,54.4843244],"type":"Point"},"id":"railways:1793","properties":{"name":"Whitby"},"type":"Feature"},{"geometry":{"coordinates":[-0.6277753,54.4699399],"type":"Point"},"id":"railways:1794","properties":{"name":"Ruswarp"},"type":"Feature"},{"geometry":{"coordinates":[0.4900933,52.2772508],"type":"Point"},"id":"railways:1795","properties":{"name":"Kennett"},"type":"Feature"},{"geometry":{"coordinates":[-2.4647767,53.2677491],"type":"Point"},"id":"railways:1796","properties":{"name":"Lostock Gralam"},"type":"Feature"},{"geometry":{"coordinates":[-0.7843417,51.7878849],"type":"Point"},"id":"railways:1797","properties":{"name":"Stoke Mandeville"},"type":"Feature"},{"geometry":{"coordinates":[0.7351464,51.342078],"type":"Point"},"id":"railways:1798","properties":{"name":"Sittingbourne"},"type":"Feature"},{"geometry":{"coordinates":[0.1932286,52.0599283],"type":"Point"},"id":"railways:1799","properties":{"name":"Great Chesterford"},"type":"Feature"},{"geometry":{"coordinates":[-4.0531809,57.0777904],"type":"Point"},"id":"railways:1800","properties":{"name":"Kingussie"},"type":"Feature"},{"geometry":{"coordinates":[1.0343648,51.3576861],"type":"Point"},"id":"railways:1801","properties":{"name":"Whitstable"},"type":"Feature"},{"geometry":{"coordinates":[1.0674411,51.3602828],"type":"Point"},"id":"railways:1802","properties":{"name":"Chestfield & Swalecliffe"},"type":"Feature"},{"geometry":{"coordinates":[-2.0019759,52.7099433],"type":"Point"},"id":"railways:1803","properties":{"name":"Hednesford"},"type":"Feature"},{"geometry":{"coordinates":[-3.4335165,55.8889332],"type":"Point"},"id":"railways:1804","properties":{"name":"Kirknewton"},"type":"Feature"},{"geometry":{"coordinates":[-2.0207336,52.656769],"type":"Point"},"id":"railways:1805","properties":{"name":"Landywood"},"type":"Feature"},{"geometry":{"coordinates":[-0.0068029,51.1761001],"type":"Point"},"id":"railways:1806","properties":{"name":"Lingfield"},"type":"Feature"},{"geometry":{"coordinates":[0.1971759,51.3129318],"type":"Point"},"id":"railways:1807","properties":{"name":"Otford"},"type":"Feature"},{"geometry":{"coordinates":[1.3825478,51.2032233],"type":"Point"},"id":"railways:1808","properties":{"name":"Walmer"},"type":"Feature"},{"geometry":{"coordinates":[-0.4200621,51.2912974],"type":"Point"},"id":"railways:1809","properties":{"name":"Effingham Junction"},"type":"Feature"},{"geometry":{"coordinates":[-1.3311974,53.018474],"type":"Point"},"id":"railways:1810","properties":{"name":"Langley Mill"},"type":"Feature"},{"geometry":{"coordinates":[0.9093112,52.4538578],"type":"Point"},"id":"railways:1811","properties":{"name":"Harling Road"},"type":"Feature"},{"geometry":{"coordinates":[1.0859995,52.5349209],"type":"Point"},"id":"railways:1812","properties":{"name":"Spooner Row"},"type":"Feature"},{"geometry":{"coordinates":[-4.2106693,55.863615],"type":"Point"},"id":"railways:1813","properties":{"name":"Alexandra Parade"},"type":"Feature"},{"geometry":{"coordinates":[-4.0427186,55.8665156],"type":"Point"},"id":"railways:1814","properties":{"name":"Blairhill"},"type":"Feature"},{"geometry":{"coordinates":[-3.956036,55.8076817],"type":"Point"},"id":"railways:1815","properties":{"name":"Carfin"},"type":"Feature"},{"geometry":{"coordinates":[-4.0279569,55.8669052],"type":"Point"},"id":"railways:1816","properties":{"name":"Coatbridge Sunnyside"},"type":"Feature"},{"geometry":{"coordinates":[-3.9803047,55.941902],"type":"Point"},"id":"railways:1817","properties":{"name":"Cumbernauld"},"type":"Feature"},{"geometry":{"coordinates":[-4.0388235,55.7731462],"type":"Point"},"id":"railways:1818","properties":{"name":"Hamilton Central"},"type":"Feature"},{"geometry":{"coordinates":[-3.8390233,55.8111821],"type":"Point"},"id":"railways:1819","properties":{"name":"Hartwood"},"type":"Feature"},{"geometry":{"coordinates":[-4.3014144,55.8238539],"type":"Point"},"id":"railways:1820","properties":{"name":"Pollokshaws West"},"type":"Feature"},{"geometry":{"coordinates":[-0.0569241,51.51125],"type":"Point"},"id":"railways:1821","properties":{"name":"Shadwell"},"type":"Feature"},{"geometry":{"coordinates":[1.3614558,51.3307843],"type":"Point"},"id":"railways:1822","properties":{"name":"Thanet Parkway"},"type":"Feature"},{"geometry":{"coordinates":[-0.2147881,51.410247],"type":"Point"},"id":"railways:1823","properties":{"name":"Wimbledon Chase"},"type":"Feature"},{"geometry":{"coordinates":[-3.3494457,51.3871547],"type":"Point"},"id":"railways:1824","properties":{"name":"Rhoose Cardiff International Airport"},"type":"Feature"},{"geometry":{"coordinates":[-4.2399263,55.8593458],"type":"Point"},"id":"railways:1825","properties":{"name":"High Street"},"type":"Feature"},{"geometry":{"coordinates":[-4.7180532,51.7220045],"type":"Point"},"id":"railways:1826","properties":{"name":"Saundersfoot"},"type":"Feature"},{"geometry":{"coordinates":[-3.9578507,55.7774347],"type":"Point"},"id":"railways:1827","properties":{"name":"Shieldmuir"},"type":"Feature"},{"geometry":{"coordinates":[-0.2865821,51.4653247],"type":"Point"},"id":"railways:1828","properties":{"name":"North Sheen"},"type":"Feature"},{"geometry":{"coordinates":[-4.0320785,55.8626694],"type":"Point"},"id":"railways:1829","properties":{"name":"Coatbridge Central"},"type":"Feature"},{"geometry":{"coordinates":[-4.0362565,55.9556324],"type":"Point"},"id":"railways:1830","properties":{"name":"Croy"},"type":"Feature"},{"geometry":{"coordinates":[-4.1539264,55.9213422],"type":"Point"},"id":"railways:1831","properties":{"name":"Lenzie"},"type":"Feature"},{"geometry":{"coordinates":[-3.7883249,56.1179388],"type":"Point"},"id":"railways:1832","properties":{"name":"Alloa"},"type":"Feature"},{"geometry":{"coordinates":[-0.1990432,51.4340563],"type":"Point"},"id":"railways:1833","properties":{"name":"Wimbledon Park"},"type":"Feature"},{"geometry":{"coordinates":[-0.2357932,51.4941293],"type":"Point"},"id":"railways:1834","properties":{"name":"Ravenscourt Park"},"type":"Feature"},{"geometry":{"coordinates":[-0.1829268,51.475103],"type":"Point"},"id":"railways:1835","properties":{"name":"Imperial Wharf"},"type":"Feature"},{"geometry":{"coordinates":[-0.1876937,51.4424033],"type":"Point"},"id":"railways:1836","properties":{"name":"Earlsfield"},"type":"Feature"},{"geometry":{"coordinates":[-3.6693685,55.6913659],"type":"Point"},"id":"railways:1837","properties":{"name":"Carstairs"},"type":"Feature"},{"geometry":{"coordinates":[-0.0237804,51.7028638],"type":"Point"},"id":"railways:1838","properties":{"name":"Cheshunt"},"type":"Feature"},{"geometry":{"coordinates":[0.2278823,51.2145812],"type":"Point"},"id":"railways:1839","properties":{"name":"Hildenborough"},"type":"Feature"},{"geometry":{"coordinates":[-0.2674721,51.247941],"type":"Point"},"id":"railways:1840","properties":{"name":"Betchworth"},"type":"Feature"},{"geometry":{"coordinates":[-0.5573085,51.3184492],"type":"Point"},"id":"railways:1841","properties":{"name":"Woking"},"type":"Feature"},{"geometry":{"coordinates":[-0.505218,51.3396192],"type":"Point"},"id":"railways:1842","properties":{"name":"West Byfleet"},"type":"Feature"},{"geometry":{"coordinates":[-0.7994939,53.0813745],"type":"Point"},"id":"railways:1843","properties":{"name":"Newark Northgate"},"type":"Feature"},{"geometry":{"coordinates":[-0.1613225,51.4198463],"type":"Point"},"id":"railways:1844","properties":{"name":"Tooting"},"type":"Feature"},{"geometry":{"coordinates":[-0.1883425,51.4253627],"type":"Point"},"id":"railways:1845","properties":{"name":"Haydons Road"},"type":"Feature"},{"geometry":{"coordinates":[-6.6177992,54.4861847],"type":"Point"},"id":"railways:1846","properties":{"name":"Peatlands Park Railway"},"type":"Feature"},{"geometry":{"coordinates":[-2.2366228,53.3038625],"type":"Point"},"id":"railways:1847","properties":{"name":"Alderley Edge"},"type":"Feature"},{"geometry":{"coordinates":[-2.5106193,54.1154922],"type":"Point"},"id":"railways:1848","properties":{"name":"Bentham"},"type":"Feature"},{"geometry":{"coordinates":[-2.4104509,54.105416],"type":"Point"},"id":"railways:1849","properties":{"name":"Clapham"},"type":"Feature"},{"geometry":{"coordinates":[-2.0118034,53.9171608],"type":"Point"},"id":"railways:1850","properties":{"name":"Cononley"},"type":"Feature"},{"geometry":{"coordinates":[-2.1050692,53.9782539],"type":"Point"},"id":"railways:1851","properties":{"name":"Gargrave"},"type":"Feature"},{"geometry":{"coordinates":[-2.3263394,53.2225699],"type":"Point"},"id":"railways:1852","properties":{"name":"Goostrey"},"type":"Feature"},{"geometry":{"coordinates":[-2.1739555,53.4569538],"type":"Point"},"id":"railways:1853","properties":{"name":"Ryder Brow"},"type":"Feature"},{"geometry":{"coordinates":[-0.1635168,51.4461242],"type":"Point"},"id":"railways:1854","properties":{"name":"Wandsworth Common"},"type":"Feature"},{"geometry":{"coordinates":[-0.1037671,51.5115854],"type":"Point"},"id":"railways:1855","properties":{"name":"Blackfriars"},"type":"Feature"},{"geometry":{"coordinates":[-0.1445802,51.4947328],"type":"Point"},"id":"railways:1856","properties":{"name":"London Victoria"},"type":"Feature"},{"geometry":{"coordinates":[-0.1210879,50.8165473],"type":"Point"},"id":"railways:1857","properties":{"name":"Halfway Station"},"type":"Feature"},{"geometry":{"coordinates":[-1.5374305,53.9934045],"type":"Point"},"id":"railways:1858","properties":{"name":"Harrogate"},"type":"Feature"},{"geometry":{"coordinates":[-2.9902234,53.3302771],"type":"Point"},"id":"railways:1859","properties":{"name":"Bromborough Rake"},"type":"Feature"},{"geometry":{"coordinates":[-2.8953003,53.5541643],"type":"Point"},"id":"railways:1860","properties":{"name":"Aughton Park"},"type":"Feature"},{"geometry":{"coordinates":[-2.9506755,53.4869186],"type":"Point"},"id":"railways:1861","properties":{"name":"Old Roan"},"type":"Feature"},{"geometry":{"coordinates":[-2.9628816,53.4617054],"type":"Point"},"id":"railways:1862","properties":{"name":"Orrell Park"},"type":"Feature"},{"geometry":{"coordinates":[-2.9044304,53.5430207],"type":"Point"},"id":"railways:1863","properties":{"name":"Town Green"},"type":"Feature"},{"geometry":{"coordinates":[-2.9660572,53.4563903],"type":"Point"},"id":"railways:1864","properties":{"name":"Walton"},"type":"Feature"},{"geometry":{"coordinates":[-0.1120142,51.4989328],"type":"Point"},"id":"railways:1865","properties":{"name":"Lambeth North"},"type":"Feature"},{"geometry":{"coordinates":[-2.9630946,53.4575059],"type":"Point"},"id":"railways:1866","properties":{"name":"Rice Lane"},"type":"Feature"},{"geometry":{"coordinates":[-3.0146159,53.6338886],"type":"Point"},"id":"railways:1867","properties":{"name":"Birkdale"},"type":"Feature"},{"geometry":{"coordinates":[-3.0718907,53.5662108],"type":"Point"},"id":"railways:1868","properties":{"name":"Freshfield"},"type":"Feature"},{"geometry":{"coordinates":[-3.0497373,53.4976204],"type":"Point"},"id":"railways:1869","properties":{"name":"Hall Road"},"type":"Feature"},{"geometry":{"coordinates":[-3.057184,53.5253852],"type":"Point"},"id":"railways:1870","properties":{"name":"Hightown"},"type":"Feature"},{"geometry":{"coordinates":[-3.0254312,53.6215448],"type":"Point"},"id":"railways:1871","properties":{"name":"Hillside"},"type":"Feature"},{"geometry":{"coordinates":[-2.7803346,53.4307355],"type":"Point"},"id":"railways:1872","properties":{"name":"Eccleston Park"},"type":"Feature"},{"geometry":{"coordinates":[-2.7989869,53.4235274],"type":"Point"},"id":"railways:1873","properties":{"name":"Prescot"},"type":"Feature"},{"geometry":{"coordinates":[-2.9369705,53.468984],"type":"Point"},"id":"railways:1874","properties":{"name":"Fazakerley"},"type":"Feature"},{"geometry":{"coordinates":[-3.102674,51.0232945],"type":"Point"},"id":"railways:1875","properties":{"name":"Taunton"},"type":"Feature"},{"geometry":{"coordinates":[-0.3241359,51.2411653],"type":"Point"},"id":"railways:1876","properties":{"name":"Dorking"},"type":"Feature"},{"geometry":{"coordinates":[-1.5091855,53.6536471],"type":"Point"},"id":"railways:1877","properties":{"name":"Pugneys Central"},"type":"Feature"},{"geometry":{"coordinates":[-1.5116661,53.6564954],"type":"Point"},"id":"railways:1878","properties":{"name":"Pugneys Lakeside"},"type":"Feature"},{"geometry":{"coordinates":[-0.0757186,51.5142477],"type":"Point"},"id":"railways:1879","properties":{"name":"Aldgate"},"type":"Feature"},{"geometry":{"coordinates":[0.7125888,52.2536353],"type":"Point"},"id":"railways:1880","properties":{"name":"Bury St Edmunds"},"type":"Feature"},{"geometry":{"coordinates":[0.912534,52.2381501],"type":"Point"},"id":"railways:1881","properties":{"name":"Elmswell"},"type":"Feature"},{"geometry":{"coordinates":[0.808691,52.249911],"type":"Point"},"id":"railways:1882","properties":{"name":"Thurston"},"type":"Feature"},{"geometry":{"coordinates":[1.0555462,52.1526269],"type":"Point"},"id":"railways:1883","properties":{"name":"Needham Market"},"type":"Feature"},{"geometry":{"coordinates":[1.000257,52.1897991],"type":"Point"},"id":"railways:1884","properties":{"name":"Stowmarket"},"type":"Feature"},{"geometry":{"coordinates":[-0.0749325,51.5824738],"type":"Point"},"id":"railways:1885","properties":{"name":"Seven Sisters"},"type":"Feature"},{"geometry":{"coordinates":[0.1654013,51.8664266],"type":"Point"},"id":"railways:1886","properties":{"name":"Bishop's Stortford"},"type":"Feature"},{"geometry":{"coordinates":[-0.4859786,51.4709832],"type":"Point"},"id":"railways:1887","properties":{"name":"Gates A1-A23"},"type":"Feature"},{"geometry":{"coordinates":[-0.4812712,51.4709999],"type":"Point"},"id":"railways:1888","properties":{"name":"Gates B32-B48"},"type":"Feature"},{"geometry":{"coordinates":[-0.476074,51.470982],"type":"Point"},"id":"railways:1889","properties":{"name":"Gates C52-C66"},"type":"Feature"},{"geometry":{"coordinates":[-0.2066142,51.4457751],"type":"Point"},"id":"railways:1890","properties":{"name":"Southfields"},"type":"Feature"},{"geometry":{"coordinates":[-1.6043794,54.9739092],"type":"Point"},"id":"railways:1891","properties":{"name":"Manors"},"type":"Feature"},{"geometry":{"coordinates":[-1.6443016,55.0135968],"type":"Point"},"id":"railways:1892","properties":{"name":"Fawdon"},"type":"Feature"},{"geometry":{"coordinates":[-1.6356886,55.0142915],"type":"Point"},"id":"railways:1893","properties":{"name":"Wansbeck Road"},"type":"Feature"},{"geometry":{"coordinates":[-0.3073912,51.3179225],"type":"Point"},"id":"railways:1894","properties":{"name":"Ashtead"},"type":"Feature"},{"geometry":{"coordinates":[-0.1248604,51.4860091],"type":"Point"},"id":"railways:1895","properties":{"name":"Vauxhall"},"type":"Feature"},{"geometry":{"coordinates":[-1.9402265,53.4472118],"type":"Point"},"id":"railways:1896","properties":{"name":"Manor Station"},"type":"Feature"},{"geometry":{"coordinates":[-5.6065795,54.6092346],"type":"Point"},"id":"railways:1897","properties":{"name":"Drumawhey Junction"},"type":"Feature"},{"geometry":{"coordinates":[-1.275093,51.8037471],"type":"Point"},"id":"railways:1898","properties":{"name":"Oxford Parkway"},"type":"Feature"},{"geometry":{"coordinates":[0.0887195,51.3736037],"type":"Point"},"id":"railways:1899","properties":{"name":"Orpington"},"type":"Feature"},{"geometry":{"coordinates":[-6.5975599,55.1115126],"type":"Point"},"id":"railways:1900","properties":{"name":"Damhead Miniature Railway"},"type":"Feature"},{"geometry":{"coordinates":[-0.1022835,51.4534691],"type":"Point"},"id":"railways:1901","properties":{"name":"Herne Hill"},"type":"Feature"},{"geometry":{"coordinates":[-5.8436285,54.8889179],"type":"Point"},"id":"railways:1902","properties":{"name":"Carnfunnock Family Fun Zone Miniature Railway"},"type":"Feature"},{"geometry":{"coordinates":[-4.3087011,55.8697641],"type":"Point"},"id":"railways:1903","properties":{"name":"Partick (Subway)"},"type":"Feature"},{"geometry":{"coordinates":[-0.3894128,51.3179185],"type":"Point"},"id":"railways:1904","properties":{"name":"Cobham & Stoke d'Abernon"},"type":"Feature"},{"geometry":{"coordinates":[-0.3239805,51.2388155],"type":"Point"},"id":"railways:1905","properties":{"name":"Dorking Deepdene"},"type":"Feature"},{"geometry":{"coordinates":[-0.165577,51.2400546],"type":"Point"},"id":"railways:1906","properties":{"name":"Redhill"},"type":"Feature"},{"geometry":{"coordinates":[-0.2384351,51.3242508],"type":"Point"},"id":"railways:1907","properties":{"name":"Epsom Downs"},"type":"Feature"},{"geometry":{"coordinates":[-1.2453816,51.6175522],"type":"Point"},"id":"railways:1908","properties":{"name":"Oxford Road"},"type":"Feature"},{"geometry":{"coordinates":[-0.48122,51.3496809],"type":"Point"},"id":"railways:1909","properties":{"name":"Byfleet and New Haw"},"type":"Feature"},{"geometry":{"coordinates":[0.1479494,51.4402375],"type":"Point"},"id":"railways:1910","properties":{"name":"Bexley"},"type":"Feature"},{"geometry":{"coordinates":[-0.4580837,51.3614381],"type":"Point"},"id":"railways:1911","properties":{"name":"Weybridge"},"type":"Feature"},{"geometry":{"coordinates":[-1.7070712,53.8420442],"type":"Point"},"id":"railways:1912","properties":{"name":"Apperley Bridge"},"type":"Feature"},{"geometry":{"coordinates":[-0.5303248,50.9547688],"type":"Point"},"id":"railways:1913","properties":{"name":"Stopham Road"},"type":"Feature"},{"geometry":{"coordinates":[0.4686521,51.736512],"type":"Point"},"id":"railways:1914","properties":{"name":"Chelmsford"},"type":"Feature"},{"geometry":{"coordinates":[-0.1514426,51.4428285],"type":"Point"},"id":"railways:1915","properties":{"name":"Balham"},"type":"Feature"},{"geometry":{"coordinates":[-0.2673708,51.4680644],"type":"Point"},"id":"railways:1916","properties":{"name":"Mortlake"},"type":"Feature"},{"geometry":{"coordinates":[-0.6619813,51.8582898],"type":"Point"},"id":"railways:1917","properties":{"name":"Cheddington"},"type":"Feature"},{"geometry":{"coordinates":[-0.5630828,51.763646],"type":"Point"},"id":"railways:1918","properties":{"name":"Berkhamsted"},"type":"Feature"},{"geometry":{"coordinates":[-0.2048356,51.7211572],"type":"Point"},"id":"railways:1919","properties":{"name":"Brookmans Park"},"type":"Feature"},{"geometry":{"coordinates":[-0.4949825,52.0037912],"type":"Point"},"id":"railways:1920","properties":{"name":"Flitwick"},"type":"Feature"},{"geometry":{"coordinates":[-0.4953396,51.9614072],"type":"Point"},"id":"railways:1921","properties":{"name":"Harlington"},"type":"Feature"},{"geometry":{"coordinates":[-0.263035,51.9531709],"type":"Point"},"id":"railways:1922","properties":{"name":"Hitchin"},"type":"Feature"},{"geometry":{"coordinates":[-0.3076815,51.5008623],"type":"Point"},"id":"railways:1923","properties":{"name":"South Ealing"},"type":"Feature"},{"geometry":{"coordinates":[-0.187051,51.8670421],"type":"Point"},"id":"railways:1924","properties":{"name":"Knebworth"},"type":"Feature"},{"geometry":{"coordinates":[-4.1797164,55.7660974],"type":"Point"},"id":"railways:1925","properties":{"name":"East Kilbride"},"type":"Feature"},{"geometry":{"coordinates":[-4.2298945,55.7618249],"type":"Point"},"id":"railways:1926","properties":{"name":"Hairmyres"},"type":"Feature"},{"geometry":{"coordinates":[-5.9510752,54.6968183],"type":"Point"},"id":"railways:1927","properties":{"name":"Mossley West"},"type":"Feature"},{"geometry":{"coordinates":[-4.2622278,55.7803927],"type":"Point"},"id":"railways:1928","properties":{"name":"Busby"},"type":"Feature"},{"geometry":{"coordinates":[-5.9222171,54.6102271],"type":"Point"},"id":"railways:1929","properties":{"name":"York Street"},"type":"Feature"},{"geometry":{"coordinates":[-5.9172896,54.5951512],"type":"Point"},"id":"railways:1930","properties":{"name":"Belfast Lanyon Place"},"type":"Feature"},{"geometry":{"coordinates":[-3.3807981,51.8403136],"type":"Point"},"id":"railways:1931","properties":{"name":"Torpantau"},"type":"Feature"},{"geometry":{"coordinates":[-5.6718411,54.6586507],"type":"Point"},"id":"railways:1932","properties":{"name":"Bangor"},"type":"Feature"},{"geometry":{"coordinates":[-5.7056262,54.6660686],"type":"Point"},"id":"railways:1933","properties":{"name":"Carnalea"},"type":"Feature"},{"geometry":{"coordinates":[-5.7403108,54.6661927],"type":"Point"},"id":"railways:1934","properties":{"name":"Helen's Bay"},"type":"Feature"},{"geometry":{"coordinates":[-5.6929309,54.659554],"type":"Point"},"id":"railways:1935","properties":{"name":"Bangor West"},"type":"Feature"},{"geometry":{"coordinates":[-5.7682286,54.6608123],"type":"Point"},"id":"railways:1936","properties":{"name":"Seahill"},"type":"Feature"},{"geometry":{"coordinates":[-5.8049808,54.6523133],"type":"Point"},"id":"railways:1937","properties":{"name":"Cultra"},"type":"Feature"},{"geometry":{"coordinates":[-5.8173462,54.6469655],"type":"Point"},"id":"railways:1938","properties":{"name":"Marino"},"type":"Feature"},{"geometry":{"coordinates":[-5.8398138,54.6409881],"type":"Point"},"id":"railways:1939","properties":{"name":"Holywood"},"type":"Feature"},{"geometry":{"coordinates":[-5.8773106,54.6093151],"type":"Point"},"id":"railways:1940","properties":{"name":"Sydenham"},"type":"Feature"},{"geometry":{"coordinates":[-5.9064967,54.6018934],"type":"Point"},"id":"railways:1941","properties":{"name":"Titanic Quarter"},"type":"Feature"},{"geometry":{"coordinates":[-5.9398358,54.5886397],"type":"Point"},"id":"railways:1942","properties":{"name":"City Hospital"},"type":"Feature"},{"geometry":{"coordinates":[-5.9045207,54.6721546],"type":"Point"},"id":"railways:1943","properties":{"name":"Whiteabbey"},"type":"Feature"},{"geometry":{"coordinates":[-5.8952955,54.686973],"type":"Point"},"id":"railways:1944","properties":{"name":"Jordanstown"},"type":"Feature"},{"geometry":{"coordinates":[-5.8729098,54.7002769],"type":"Point"},"id":"railways:1945","properties":{"name":"Greenisland"},"type":"Feature"},{"geometry":{"coordinates":[-5.8490732,54.7102751],"type":"Point"},"id":"railways:1946","properties":{"name":"Trooperslane"},"type":"Feature"},{"geometry":{"coordinates":[-5.8183914,54.7175372],"type":"Point"},"id":"railways:1947","properties":{"name":"Clipperstown"},"type":"Feature"},{"geometry":{"coordinates":[-5.8095912,54.7175375],"type":"Point"},"id":"railways:1948","properties":{"name":"Carrickfergus"},"type":"Feature"},{"geometry":{"coordinates":[-5.7903919,54.7209969],"type":"Point"},"id":"railways:1949","properties":{"name":"Downshire"},"type":"Feature"},{"geometry":{"coordinates":[-5.7094669,54.752181],"type":"Point"},"id":"railways:1950","properties":{"name":"Whitehead"},"type":"Feature"},{"geometry":{"coordinates":[-5.7667883,54.8153673],"type":"Point"},"id":"railways:1951","properties":{"name":"Magheramorne"},"type":"Feature"},{"geometry":{"coordinates":[-5.8070885,54.827144],"type":"Point"},"id":"railways:1952","properties":{"name":"Glynn"},"type":"Feature"},{"geometry":{"coordinates":[-5.8138046,54.8499886],"type":"Point"},"id":"railways:1953","properties":{"name":"Larne Town"},"type":"Feature"},{"geometry":{"coordinates":[-5.7986555,54.8478421],"type":"Point"},"id":"railways:1954","properties":{"name":"Larne Harbour"},"type":"Feature"},{"geometry":{"coordinates":[-5.7256392,54.77722],"type":"Point"},"id":"railways:1955","properties":{"name":"Ballycarry"},"type":"Feature"},{"geometry":{"coordinates":[-6.0453218,54.5139104],"type":"Point"},"id":"railways:1956","properties":{"name":"Lisburn"},"type":"Feature"},{"geometry":{"coordinates":[-6.3628351,54.1887352],"type":"Point"},"id":"railways:1957","properties":{"name":"Newry"},"type":"Feature"},{"geometry":{"coordinates":[-6.3719667,54.2930466],"type":"Point"},"id":"railways:1958","properties":{"name":"Poyntzpass"},"type":"Feature"},{"geometry":{"coordinates":[-6.3665647,54.3316331],"type":"Point"},"id":"railways:1959","properties":{"name":"Scarva"},"type":"Feature"},{"geometry":{"coordinates":[-6.4454404,54.4250835],"type":"Point"},"id":"railways:1960","properties":{"name":"Portadown"},"type":"Feature"},{"geometry":{"coordinates":[-6.2141498,54.4921069],"type":"Point"},"id":"railways:1961","properties":{"name":"Moira"},"type":"Feature"},{"geometry":{"coordinates":[-6.0293849,54.5222969],"type":"Point"},"id":"railways:1962","properties":{"name":"Hilden"},"type":"Feature"},{"geometry":{"coordinates":[-6.017688,54.5423922],"type":"Point"},"id":"railways:1963","properties":{"name":"Derriaghy"},"type":"Feature"},{"geometry":{"coordinates":[-6.0032081,54.5531263],"type":"Point"},"id":"railways:1964","properties":{"name":"Dunmurry"},"type":"Feature"},{"geometry":{"coordinates":[-5.9858241,54.5640406],"type":"Point"},"id":"railways:1965","properties":{"name":"Finaghy"},"type":"Feature"},{"geometry":{"coordinates":[-5.9685874,54.5686302],"type":"Point"},"id":"railways:1966","properties":{"name":"Balmoral"},"type":"Feature"},{"geometry":{"coordinates":[-5.9550177,54.5784108],"type":"Point"},"id":"railways:1967","properties":{"name":"Adelaide"},"type":"Feature"},{"geometry":{"coordinates":[-6.0296261,54.5296586],"type":"Point"},"id":"railways:1968","properties":{"name":"Lambeg"},"type":"Feature"},{"geometry":{"coordinates":[-6.9510654,55.1270333],"type":"Point"},"id":"railways:1969","properties":{"name":"Bellarena"},"type":"Feature"},{"geometry":{"coordinates":[0.3538289,51.4624598],"type":"Point"},"id":"railways:1970","properties":{"name":"Tilbury Town"},"type":"Feature"},{"geometry":{"coordinates":[-5.0642026,50.2639862],"type":"Point"},"id":"railways:1971","properties":{"name":"Truro"},"type":"Feature"},{"geometry":{"coordinates":[-4.1433925,50.3780967],"type":"Point"},"id":"railways:1972","properties":{"name":"Plymouth"},"type":"Feature"},{"geometry":{"coordinates":[-1.4090029,53.0629839],"type":"Point"},"id":"railways:1973","properties":{"name":"Hammersmith"},"type":"Feature"},{"geometry":{"coordinates":[-5.7360851,54.3375225],"type":"Point"},"id":"railways:1974","properties":{"name":"Inch Abbey"},"type":"Feature"},{"geometry":{"coordinates":[-5.7309638,54.3194818],"type":"Point"},"id":"railways:1975","properties":{"name":"King Magnus' Halt"},"type":"Feature"},{"geometry":{"coordinates":[-5.7300584,54.3240056],"type":"Point"},"id":"railways:1976","properties":{"name":"Downpatrick Loop Platform"},"type":"Feature"},{"geometry":{"coordinates":[-1.5153161,53.3275706],"type":"Point"},"id":"railways:1977","properties":{"name":"Dore and Totley"},"type":"Feature"},{"geometry":{"coordinates":[-0.5781491,53.7269328],"type":"Point"},"id":"railways:1978","properties":{"name":"Brough"},"type":"Feature"},{"geometry":{"coordinates":[-1.8536277,53.7208399],"type":"Point"},"id":"railways:1979","properties":{"name":"Halifax"},"type":"Feature"},{"geometry":{"coordinates":[-3.9342962,56.1196512],"type":"Point"},"id":"railways:1980","properties":{"name":"Stirling"},"type":"Feature"},{"geometry":{"coordinates":[-4.4268526,55.9120066],"type":"Point"},"id":"railways:1981","properties":{"name":"Dalmuir"},"type":"Feature"},{"geometry":{"coordinates":[-0.0851473,51.5048764],"type":"Point"},"id":"railways:1982","properties":{"name":"London Bridge"},"type":"Feature"},{"geometry":{"coordinates":[-1.1236065,52.6321088],"type":"Point"},"id":"railways:1983","properties":{"name":"Leicester"},"type":"Feature"},{"geometry":{"coordinates":[-0.4797291,52.1361826],"type":"Point"},"id":"railways:1984","properties":{"name":"Bedford"},"type":"Feature"},{"geometry":{"coordinates":[-1.2075065,52.9207938],"type":"Point"},"id":"railways:1985","properties":{"name":"Beeston"},"type":"Feature"},{"geometry":{"coordinates":[-4.452836,55.9241104],"type":"Point"},"id":"railways:1986","properties":{"name":"Kilpatrick"},"type":"Feature"},{"geometry":{"coordinates":[-4.3351335,55.9048265],"type":"Point"},"id":"railways:1987","properties":{"name":"Westerton"},"type":"Feature"},{"geometry":{"coordinates":[-4.363032,55.9047342],"type":"Point"},"id":"railways:1988","properties":{"name":"Drumchapel"},"type":"Feature"},{"geometry":{"coordinates":[-4.5676104,55.9465247],"type":"Point"},"id":"railways:1989","properties":{"name":"Dumbarton Central"},"type":"Feature"},{"geometry":{"coordinates":[-4.577251,55.9472801],"type":"Point"},"id":"railways:1990","properties":{"name":"Dalreoch"},"type":"Feature"},{"geometry":{"coordinates":[-3.9822547,55.8640839],"type":"Point"},"id":"railways:1991","properties":{"name":"Airdrie"},"type":"Feature"},{"geometry":{"coordinates":[-4.3144853,55.8796122],"type":"Point"},"id":"railways:1992","properties":{"name":"Hyndland"},"type":"Feature"},{"geometry":{"coordinates":[-4.3246367,55.8826544],"type":"Point"},"id":"railways:1993","properties":{"name":"Jordanhill"},"type":"Feature"},{"geometry":{"coordinates":[-4.3215698,55.8899452],"type":"Point"},"id":"railways:1994","properties":{"name":"Anniesland"},"type":"Feature"},{"geometry":{"coordinates":[-4.3644049,55.8875152],"type":"Point"},"id":"railways:1995","properties":{"name":"Garscadden"},"type":"Feature"},{"geometry":{"coordinates":[-4.3868495,55.8927552],"type":"Point"},"id":"railways:1996","properties":{"name":"Yoker"},"type":"Feature"},{"geometry":{"coordinates":[-4.4041552,55.9005667],"type":"Point"},"id":"railways:1997","properties":{"name":"Clydebank"},"type":"Feature"},{"geometry":{"coordinates":[-4.3529546,55.8850131],"type":"Point"},"id":"railways:1998","properties":{"name":"Scotstounhill"},"type":"Feature"},{"geometry":{"coordinates":[-4.2301653,55.8818527],"type":"Point"},"id":"railways:1999","properties":{"name":"Springburn"},"type":"Feature"},{"geometry":{"coordinates":[-3.9935101,55.934965],"type":"Point"},"id":"railways:2000","properties":{"name":"Greenfaulds"},"type":"Feature"},{"geometry":{"coordinates":[-2.4799836,52.6714844],"type":"Point"},"id":"railways:2001","properties":{"name":"Lawley Village"},"type":"Feature"},{"geometry":{"coordinates":[-4.7307717,56.0124414],"type":"Point"},"id":"railways:2002","properties":{"name":"Helensburgh Upper"},"type":"Feature"},{"geometry":{"coordinates":[-0.7222499,51.5573685],"type":"Point"},"id":"railways:2003","properties":{"name":"Cookham"},"type":"Feature"},{"geometry":{"coordinates":[-4.701135,56.8840987],"type":"Point"},"id":"railways:2004","properties":{"name":"Tulloch"},"type":"Feature"},{"geometry":{"coordinates":[-3.2648569,55.9189091],"type":"Point"},"id":"railways:2005","properties":{"name":"Kingsknowe"},"type":"Feature"},{"geometry":{"coordinates":[-3.243746,55.9266156],"type":"Point"},"id":"railways:2006","properties":{"name":"Slateford"},"type":"Feature"},{"geometry":{"coordinates":[-3.2838201,55.9143713],"type":"Point"},"id":"railways:2007","properties":{"name":"Wester Hailes"},"type":"Feature"},{"geometry":{"coordinates":[-0.2044835,51.3662613],"type":"Point"},"id":"railways:2008","properties":{"name":"West Sutton"},"type":"Feature"},{"geometry":{"coordinates":[0.1941812,51.2901134],"type":"Point"},"id":"railways:2009","properties":{"name":"Bat & Ball"},"type":"Feature"},{"geometry":{"coordinates":[0.2042149,51.3623288],"type":"Point"},"id":"railways:2010","properties":{"name":"Eynsford"},"type":"Feature"},{"geometry":{"coordinates":[-2.341439,53.3557218],"type":"Point"},"id":"railways:2011","properties":{"name":"Ashley"},"type":"Feature"},{"geometry":{"coordinates":[0.2779622,51.1497792],"type":"Point"},"id":"railways:2012","properties":{"name":"High Brooms"},"type":"Feature"},{"geometry":{"coordinates":[0.6864234,51.2951754],"type":"Point"},"id":"railways:2013","properties":{"name":"Warren Wood"},"type":"Feature"},{"geometry":{"coordinates":[-0.6224578,51.800672],"type":"Point"},"id":"railways:2014","properties":{"name":"Tring"},"type":"Feature"},{"geometry":{"coordinates":[-1.9445158,53.3401158],"type":"Point"},"id":"railways:2015","properties":{"name":"Chinley"},"type":"Feature"},{"geometry":{"coordinates":[0.0705576,51.4918947],"type":"Point"},"id":"railways:2016","properties":{"name":"Woolwich"},"type":"Feature"},{"geometry":{"coordinates":[0.0339842,51.5351062],"type":"Point"},"id":"railways:2017","properties":{"name":"Upton Park"},"type":"Feature"},{"geometry":{"coordinates":[-4.135518,53.2226448],"type":"Point"},"id":"railways:2018","properties":{"name":"Bangor"},"type":"Feature"},{"geometry":{"coordinates":[-1.297508,51.8814551],"type":"Point"},"id":"railways:2019","properties":{"name":"Tackley"},"type":"Feature"},{"geometry":{"coordinates":[-1.5720557,54.9829136],"type":"Point"},"id":"railways:2020","properties":{"name":"Chillingham Road"},"type":"Feature"},{"geometry":{"coordinates":[-1.571771,54.9531464],"type":"Point"},"id":"railways:2021","properties":{"name":"Felling"},"type":"Feature"},{"geometry":{"coordinates":[-1.5881587,54.9576691],"type":"Point"},"id":"railways:2022","properties":{"name":"Gateshead Stadium"},"type":"Feature"},{"geometry":{"coordinates":[-1.6139281,54.9775027],"type":"Point"},"id":"railways:2023","properties":{"name":"Haymarket"},"type":"Feature"},{"geometry":{"coordinates":[-1.5562892,54.9515142],"type":"Point"},"id":"railways:2024","properties":{"name":"Heworth"},"type":"Feature"},{"geometry":{"coordinates":[-1.5575801,54.9515942],"type":"Point"},"id":"railways:2025","properties":{"name":"Heworth"},"type":"Feature"},{"geometry":{"coordinates":[-1.6108627,55.0000112],"type":"Point"},"id":"railways:2026","properties":{"name":"Ilford Road"},"type":"Feature"},{"geometry":{"coordinates":[-1.6055777,54.9830644],"type":"Point"},"id":"railways:2027","properties":{"name":"Jesmond"},"type":"Feature"},{"geometry":{"coordinates":[-1.4010132,54.9064665],"type":"Point"},"id":"railways:2028","properties":{"name":"Millfield"},"type":"Feature"},{"geometry":{"coordinates":[-1.6167186,54.9693665],"type":"Point"},"id":"railways:2029","properties":{"name":"Central Station"},"type":"Feature"},{"geometry":{"coordinates":[-1.4178547,54.9127413],"type":"Point"},"id":"railways:2030","properties":{"name":"Pallion"},"type":"Feature"},{"geometry":{"coordinates":[-1.6216284,55.0119539],"type":"Point"},"id":"railways:2031","properties":{"name":"Regent Centre"},"type":"Feature"},{"geometry":{"coordinates":[-1.6083021,55.0057849],"type":"Point"},"id":"railways:2032","properties":{"name":"South Gosforth"},"type":"Feature"},{"geometry":{"coordinates":[-1.4476867,54.9042829],"type":"Point"},"id":"railways:2033","properties":{"name":"South Hylton"},"type":"Feature"},{"geometry":{"coordinates":[-1.3837588,54.9110683],"type":"Point"},"id":"railways:2034","properties":{"name":"St Peter's"},"type":"Feature"},{"geometry":{"coordinates":[-1.3829516,54.9181372],"type":"Point"},"id":"railways:2035","properties":{"name":"Stadium of Light"},"type":"Feature"},{"geometry":{"coordinates":[-1.3824404,54.9061115],"type":"Point"},"id":"railways:2036","properties":{"name":"Sunderland"},"type":"Feature"},{"geometry":{"coordinates":[-1.6098034,54.993435],"type":"Point"},"id":"railways:2037","properties":{"name":"West Jesmond"},"type":"Feature"},{"geometry":{"coordinates":[-0.1373589,51.4620748],"type":"Point"},"id":"railways:2038","properties":{"name":"Clapham Common"},"type":"Feature"},{"geometry":{"coordinates":[-0.2242361,51.5119347],"type":"Point"},"id":"railways:2039","properties":{"name":"White City"},"type":"Feature"},{"geometry":{"coordinates":[-1.542051,54.9526638],"type":"Point"},"id":"railways:2040","properties":{"name":"Pelaw"},"type":"Feature"},{"geometry":{"coordinates":[-1.6044065,54.9617219],"type":"Point"},"id":"railways:2041","properties":{"name":"Gateshead"},"type":"Feature"},{"geometry":{"coordinates":[-1.6780732,55.0139176],"type":"Point"},"id":"railways:2042","properties":{"name":"Bank Foot"},"type":"Feature"},{"geometry":{"coordinates":[-1.7034114,55.0277062],"type":"Point"},"id":"railways:2043","properties":{"name":"Callerton Parkway"},"type":"Feature"},{"geometry":{"coordinates":[-1.7110967,55.0356373],"type":"Point"},"id":"railways:2044","properties":{"name":"Airport"},"type":"Feature"},{"geometry":{"coordinates":[-1.5676297,55.0139029],"type":"Point"},"id":"railways:2045","properties":{"name":"Benton"},"type":"Feature"},{"geometry":{"coordinates":[-1.4201545,54.946345],"type":"Point"},"id":"railways:2046","properties":{"name":"East Boldon"},"type":"Feature"},{"geometry":{"coordinates":[-1.5785049,55.010164],"type":"Point"},"id":"railways:2047","properties":{"name":"Four Lane Ends"},"type":"Feature"},{"geometry":{"coordinates":[-1.4656764,54.9742849],"type":"Point"},"id":"railways:2048","properties":{"name":"Bede"},"type":"Feature"},{"geometry":{"coordinates":[-1.493592,54.9795929],"type":"Point"},"id":"railways:2049","properties":{"name":"Jarrow"},"type":"Feature"},{"geometry":{"coordinates":[-1.5212236,54.9752922],"type":"Point"},"id":"railways:2050","properties":{"name":"Hebburn"},"type":"Feature"},{"geometry":{"coordinates":[-1.460684,54.9595193],"type":"Point"},"id":"railways:2051","properties":{"name":"Brockley Whins"},"type":"Feature"},{"geometry":{"coordinates":[-1.3865039,54.9295618],"type":"Point"},"id":"railways:2052","properties":{"name":"Seaburn"},"type":"Feature"},{"geometry":{"coordinates":[-1.392096,54.9027916],"type":"Point"},"id":"railways:2053","properties":{"name":"University"},"type":"Feature"},{"geometry":{"coordinates":[-1.6210905,54.974347],"type":"Point"},"id":"railways:2054","properties":{"name":"St James"},"type":"Feature"},{"geometry":{"coordinates":[-1.6056318,54.972671],"type":"Point"},"id":"railways:2055","properties":{"name":"Manors"},"type":"Feature"},{"geometry":{"coordinates":[-1.5594732,54.9853512],"type":"Point"},"id":"railways:2056","properties":{"name":"Walkergate"},"type":"Feature"},{"geometry":{"coordinates":[-1.580344,54.9760388],"type":"Point"},"id":"railways:2057","properties":{"name":"Byker"},"type":"Feature"},{"geometry":{"coordinates":[-1.5327361,54.9895984],"type":"Point"},"id":"railways:2058","properties":{"name":"Wallsend"},"type":"Feature"},{"geometry":{"coordinates":[-1.5159676,54.9922694],"type":"Point"},"id":"railways:2059","properties":{"name":"Hadrian Road"},"type":"Feature"},{"geometry":{"coordinates":[-1.4941598,54.9959066],"type":"Point"},"id":"railways:2060","properties":{"name":"Howdon"},"type":"Feature"},{"geometry":{"coordinates":[-1.4746255,54.9995678],"type":"Point"},"id":"railways:2061","properties":{"name":"Percy Main"},"type":"Feature"},{"geometry":{"coordinates":[-1.4656759,55.001562],"type":"Point"},"id":"railways:2062","properties":{"name":"Meadow Well"},"type":"Feature"},{"geometry":{"coordinates":[-1.5054224,55.0369588],"type":"Point"},"id":"railways:2063","properties":{"name":"Shiremoor"},"type":"Feature"},{"geometry":{"coordinates":[-1.5195618,55.0332093],"type":"Point"},"id":"railways:2064","properties":{"name":"Northumberland Park (Metro)"},"type":"Feature"},{"geometry":{"coordinates":[-1.5916006,55.0089239],"type":"Point"},"id":"railways:2065","properties":{"name":"Longbenton"},"type":"Feature"},{"geometry":{"coordinates":[-1.5411852,55.0236937],"type":"Point"},"id":"railways:2066","properties":{"name":"Palmersville"},"type":"Feature"},{"geometry":{"coordinates":[-1.6658823,55.0144242],"type":"Point"},"id":"railways:2067","properties":{"name":"Kingston Park"},"type":"Feature"},{"geometry":{"coordinates":[-1.3616516,54.524557],"type":"Point"},"id":"railways:2068","properties":{"name":"Allens West"},"type":"Feature"},{"geometry":{"coordinates":[-1.0296647,51.4716513],"type":"Point"},"id":"railways:2069","properties":{"name":"Tilehurst"},"type":"Feature"},{"geometry":{"coordinates":[-0.0130109,51.4649887],"type":"Point"},"id":"railways:2070","properties":{"name":"Lewisham DLR"},"type":"Feature"},{"geometry":{"coordinates":[-3.1570017,51.0246184],"type":"Point"},"id":"railways:2071","properties":{"name":"Norton Fitzwarren"},"type":"Feature"},{"geometry":{"coordinates":[-0.1787546,51.5185075],"type":"Point"},"id":"railways:2072","properties":{"name":"Paddington (Circle and Hammersmith & City lines)"},"type":"Feature"},{"geometry":{"coordinates":[-0.11547,50.9981184],"type":"Point"},"id":"railways:2073","properties":{"name":"Beech Hurst Miniature Railway Station"},"type":"Feature"},{"geometry":{"coordinates":[0.1000064,50.7729203],"type":"Point"},"id":"railways:2074","properties":{"name":"Seaford"},"type":"Feature"},{"geometry":{"coordinates":[-1.7523839,53.7501367],"type":"Point"},"id":"railways:2075","properties":{"name":"Low Moor"},"type":"Feature"},{"geometry":{"coordinates":[-2.8554087,53.3607333],"type":"Point"},"id":"railways:2076","properties":{"name":"Hunts Cross"},"type":"Feature"},{"geometry":{"coordinates":[-0.6043738,51.1971446],"type":"Point"},"id":"railways:2077","properties":{"name":"Farncombe"},"type":"Feature"},{"geometry":{"coordinates":[-0.6189563,51.1865224],"type":"Point"},"id":"railways:2078","properties":{"name":"Godalming"},"type":"Feature"},{"geometry":{"coordinates":[-0.4102826,51.4478377],"type":"Point"},"id":"railways:2079","properties":{"name":"Feltham"},"type":"Feature"},{"geometry":{"coordinates":[-0.3202187,51.4551535],"type":"Point"},"id":"railways:2080","properties":{"name":"St Margarets"},"type":"Feature"},{"geometry":{"coordinates":[-3.0404348,53.4877265],"type":"Point"},"id":"railways:2081","properties":{"name":"Blundellsands & Crosby"},"type":"Feature"},{"geometry":{"coordinates":[-0.6309736,53.5864278],"type":"Point"},"id":"railways:2082","properties":{"name":"Frodingham"},"type":"Feature"},{"geometry":{"coordinates":[-4.4034981,52.0405985],"type":"Point"},"id":"railways:2083","properties":{"name":"Forest Halt"},"type":"Feature"},{"geometry":{"coordinates":[-1.322751,51.3975325],"type":"Point"},"id":"railways:2084","properties":{"name":"Newbury"},"type":"Feature"},{"geometry":{"coordinates":[-0.3625418,51.3361004],"type":"Point"},"id":"railways:2085","properties":{"name":"Oxshott"},"type":"Feature"},{"geometry":{"coordinates":[-0.3484109,51.3610578],"type":"Point"},"id":"railways:2086","properties":{"name":"Claygate"},"type":"Feature"},{"geometry":{"coordinates":[-0.6110784,51.705012],"type":"Point"},"id":"railways:2087","properties":{"name":"Chesham"},"type":"Feature"},{"geometry":{"coordinates":[0.3130406,51.0733883],"type":"Point"},"id":"railways:2088","properties":{"name":"Wadhurst"},"type":"Feature"},{"geometry":{"coordinates":[0.2943374,51.1040897],"type":"Point"},"id":"railways:2089","properties":{"name":"Frant"},"type":"Feature"},{"geometry":{"coordinates":[0.0274276,51.5917798],"type":"Point"},"id":"railways:2090","properties":{"name":"South Woodford"},"type":"Feature"},{"geometry":{"coordinates":[-0.4370447,51.5695047],"type":"Point"},"id":"railways:2091","properties":{"name":"West Ruislip"},"type":"Feature"},{"geometry":{"coordinates":[-0.3286723,51.2539871],"type":"Point"},"id":"railways:2092","properties":{"name":"Box Hill & Westhumble"},"type":"Feature"},{"geometry":{"coordinates":[-0.3425203,51.4020159],"type":"Point"},"id":"railways:2093","properties":{"name":"Hampton Court"},"type":"Feature"},{"geometry":{"coordinates":[-1.9330953,51.9753255],"type":"Point"},"id":"railways:2094","properties":{"name":"Hayles Abbey Halt"},"type":"Feature"},{"geometry":{"coordinates":[-0.6757482,50.7876895],"type":"Point"},"id":"railways:2095","properties":{"name":"Bognor Regis"},"type":"Feature"},{"geometry":{"coordinates":[-3.1330645,53.3629104],"type":"Point"},"id":"railways:2096","properties":{"name":"Royden Park Minature Railway"},"type":"Feature"},{"geometry":{"coordinates":[-0.2358629,51.2914245],"type":"Point"},"id":"railways:2097","properties":{"name":"Tadworth"},"type":"Feature"},{"geometry":{"coordinates":[0.2520124,50.8184187],"type":"Point"},"id":"railways:2098","properties":{"name":"Polegate Oaks"},"type":"Feature"},{"geometry":{"coordinates":[-4.5769511,56.6861502],"type":"Point"},"id":"railways:2099","properties":{"name":"Rannoch"},"type":"Feature"},{"geometry":{"coordinates":[-0.5398447,53.2261066],"type":"Point"},"id":"railways:2100","properties":{"name":"Lincoln"},"type":"Feature"},{"geometry":{"coordinates":[-2.0997573,53.713858],"type":"Point"},"id":"railways:2101","properties":{"name":"Todmorden"},"type":"Feature"},{"geometry":{"coordinates":[-2.4788573,53.7465347],"type":"Point"},"id":"railways:2102","properties":{"name":"Blackburn"},"type":"Feature"},{"geometry":{"coordinates":[-2.2823158,53.7862655],"type":"Point"},"id":"railways:2103","properties":{"name":"Rose Grove"},"type":"Feature"},{"geometry":{"coordinates":[-2.6870008,53.7243497],"type":"Point"},"id":"railways:2104","properties":{"name":"Lostock Hall"},"type":"Feature"},{"geometry":{"coordinates":[-2.5186399,53.7331819],"type":"Point"},"id":"railways:2105","properties":{"name":"Cherry Tree"},"type":"Feature"},{"geometry":{"coordinates":[-2.5019404,53.735339],"type":"Point"},"id":"railways:2106","properties":{"name":"Mill Hill"},"type":"Feature"},{"geometry":{"coordinates":[-2.1777231,53.5927444],"type":"Point"},"id":"railways:2107","properties":{"name":"Castleton"},"type":"Feature"},{"geometry":{"coordinates":[-0.070839,51.5156185],"type":"Point"},"id":"railways:2108","properties":{"name":"Aldgate East"},"type":"Feature"},{"geometry":{"coordinates":[-0.5462574,50.8101746],"type":"Point"},"id":"railways:2109","properties":{"name":"Littlehampton"},"type":"Feature"},{"geometry":{"coordinates":[1.1228264,52.2502347],"type":"Point"},"id":"railways:2110","properties":{"name":"Dovebrook"},"type":"Feature"},{"geometry":{"coordinates":[-3.5802725,51.5198051],"type":"Point"},"id":"railways:2111","properties":{"name":"Wildmill"},"type":"Feature"},{"geometry":{"coordinates":[-1.7128813,54.9659633],"type":"Point"},"id":"railways:2112","properties":{"name":"Blaydon"},"type":"Feature"},{"geometry":{"coordinates":[-2.8795296,53.1967494],"type":"Point"},"id":"railways:2113","properties":{"name":"Chester"},"type":"Feature"},{"geometry":{"coordinates":[-1.9131016,53.2607853],"type":"Point"},"id":"railways:2114","properties":{"name":"Buxton"},"type":"Feature"},{"geometry":{"coordinates":[-2.0260314,53.9584308],"type":"Point"},"id":"railways:2115","properties":{"name":"Skipton"},"type":"Feature"},{"geometry":{"coordinates":[-1.627075,53.8253007],"type":"Point"},"id":"railways:2116","properties":{"name":"Kirkstall Forge"},"type":"Feature"},{"geometry":{"coordinates":[-1.8212877,53.9247929],"type":"Point"},"id":"railways:2117","properties":{"name":"Ilkley"},"type":"Feature"},{"geometry":{"coordinates":[-1.7532149,53.7974731],"type":"Point"},"id":"railways:2118","properties":{"name":"Bradford Forster Square"},"type":"Feature"},{"geometry":{"coordinates":[-2.181886,53.8549144],"type":"Point"},"id":"railways:2119","properties":{"name":"Colne"},"type":"Feature"},{"geometry":{"coordinates":[-2.3944323,53.8735624],"type":"Point"},"id":"railways:2120","properties":{"name":"Clitheroe"},"type":"Feature"},{"geometry":{"coordinates":[-2.4118943,53.8244874],"type":"Point"},"id":"railways:2121","properties":{"name":"Whalley"},"type":"Feature"},{"geometry":{"coordinates":[-2.2301402,53.4772197],"type":"Point"},"id":"railways:2122","properties":{"name":"Manchester Piccadilly"},"type":"Feature"},{"geometry":{"coordinates":[-2.2422762,53.4737777],"type":"Point"},"id":"railways:2123","properties":{"name":"Manchester Oxford Road"},"type":"Feature"},{"geometry":{"coordinates":[-2.251063,53.4740961],"type":"Point"},"id":"railways:2124","properties":{"name":"Deansgate"},"type":"Feature"},{"geometry":{"coordinates":[-2.2555159,53.4828774],"type":"Point"},"id":"railways:2125","properties":{"name":"Salford Central"},"type":"Feature"},{"geometry":{"coordinates":[-2.2424846,53.4879748],"type":"Point"},"id":"railways:2126","properties":{"name":"Manchester Victoria"},"type":"Feature"},{"geometry":{"coordinates":[-3.2260261,54.1191205],"type":"Point"},"id":"railways:2127","properties":{"name":"Barrow-in-Furness"},"type":"Feature"},{"geometry":{"coordinates":[-2.626934,53.6529842],"type":"Point"},"id":"railways:2128","properties":{"name":"Chorley"},"type":"Feature"},{"geometry":{"coordinates":[-3.4088794,54.3556605],"type":"Point"},"id":"railways:2129","properties":{"name":"Ravenglass"},"type":"Feature"},{"geometry":{"coordinates":[-3.5871793,54.5532204],"type":"Point"},"id":"railways:2130","properties":{"name":"Whitehaven"},"type":"Feature"},{"geometry":{"coordinates":[-2.7494043,52.7118509],"type":"Point"},"id":"railways:2131","properties":{"name":"Shrewsbury"},"type":"Feature"},{"geometry":{"coordinates":[-1.1697897,54.5280386],"type":"Point"},"id":"railways:2132","properties":{"name":"Nunthorpe"},"type":"Feature"},{"geometry":{"coordinates":[-4.0933648,52.5853794],"type":"Point"},"id":"railways:2133","properties":{"name":"Tywyn"},"type":"Feature"},{"geometry":{"coordinates":[-4.4161558,52.8881946],"type":"Point"},"id":"railways:2134","properties":{"name":"Pwllheli"},"type":"Feature"},{"geometry":{"coordinates":[-4.0567929,52.7224212],"type":"Point"},"id":"railways:2135","properties":{"name":"Barmouth"},"type":"Feature"},{"geometry":{"coordinates":[-3.6483346,56.4349395],"type":"Point"},"id":"railways:2136","properties":{"name":"Muggles Meet"},"type":"Feature"},{"geometry":{"coordinates":[-3.6490029,56.4353156],"type":"Point"},"id":"railways:2137","properties":{"name":"Geoff's Halt"},"type":"Feature"},{"geometry":{"coordinates":[-0.201549,51.4750837],"type":"Point"},"id":"railways:2138","properties":{"name":"Parsons Green"},"type":"Feature"},{"geometry":{"coordinates":[-0.0774191,51.5113281],"type":"Point"},"id":"railways:2139","properties":{"name":"London Fenchurch Street"},"type":"Feature"},{"geometry":{"coordinates":[-1.0218192,51.4191905],"type":"Point"},"id":"railways:2140","properties":{"name":"Amnerfield Miniature Railway"},"type":"Feature"},{"geometry":{"coordinates":[-0.1943493,51.4808834],"type":"Point"},"id":"railways:2141","properties":{"name":"Fulham Broadway"},"type":"Feature"},{"geometry":{"coordinates":[-4.2757616,55.7894597],"type":"Point"},"id":"railways:2142","properties":{"name":"Clarkston"},"type":"Feature"},{"geometry":{"coordinates":[-5.4199282,50.1855434],"type":"Point"},"id":"railways:2143","properties":{"name":"Hayle"},"type":"Feature"},{"geometry":{"coordinates":[-3.6243246,57.6111092],"type":"Point"},"id":"railways:2144","properties":{"name":"Forres"},"type":"Feature"},{"geometry":{"coordinates":[-1.5668186,53.1411575],"type":"Point"},"id":"railways:2145","properties":{"name":"Matlock Riverside"},"type":"Feature"},{"geometry":{"coordinates":[0.0166833,51.5311544],"type":"Point"},"id":"railways:2146","properties":{"name":"Plaistow"},"type":"Feature"},{"geometry":{"coordinates":[-0.024789,51.5268535],"type":"Point"},"id":"railways:2147","properties":{"name":"Bow Road"},"type":"Feature"},{"geometry":{"coordinates":[-0.0467147,51.5217026],"type":"Point"},"id":"railways:2148","properties":{"name":"Stepney Green"},"type":"Feature"},{"geometry":{"coordinates":[-0.1312548,51.6473302],"type":"Point"},"id":"railways:2149","properties":{"name":"Oakwood"},"type":"Feature"},{"geometry":{"coordinates":[-0.2059442,51.4907023],"type":"Point"},"id":"railways:2150","properties":{"name":"West Kensington"},"type":"Feature"},{"geometry":{"coordinates":[-0.1951854,51.4869765],"type":"Point"},"id":"railways:2151","properties":{"name":"West Brompton"},"type":"Feature"},{"geometry":{"coordinates":[-0.3254399,51.4953386],"type":"Point"},"id":"railways:2152","properties":{"name":"Boston Manor"},"type":"Feature"},{"geometry":{"coordinates":[-0.452483,51.4713416],"type":"Point"},"id":"railways:2153","properties":{"name":"Heathrow Terminals 2 & 3"},"type":"Feature"},{"geometry":{"coordinates":[-0.4877331,51.472515],"type":"Point"},"id":"railways:2154","properties":{"name":"Heathrow Terminal 5"},"type":"Feature"},{"geometry":{"coordinates":[-0.160937,51.5015961],"type":"Point"},"id":"railways:2155","properties":{"name":"Knightsbridge"},"type":"Feature"},{"geometry":{"coordinates":[-0.3858181,51.4735822],"type":"Point"},"id":"railways:2156","properties":{"name":"Hounslow West"},"type":"Feature"},{"geometry":{"coordinates":[-0.1380918,51.5340608],"type":"Point"},"id":"railways:2157","properties":{"name":"Mornington Crescent"},"type":"Feature"},{"geometry":{"coordinates":[-0.3558944,51.4734727],"type":"Point"},"id":"railways:2158","properties":{"name":"Hounslow East"},"type":"Feature"},{"geometry":{"coordinates":[-0.3662332,51.471307],"type":"Point"},"id":"railways:2159","properties":{"name":"Hounslow Central"},"type":"Feature"},{"geometry":{"coordinates":[-0.1277858,51.6323183],"type":"Point"},"id":"railways:2160","properties":{"name":"Southgate"},"type":"Feature"},{"geometry":{"coordinates":[-0.1485149,51.651366],"type":"Point"},"id":"railways:2161","properties":{"name":"Cockfosters"},"type":"Feature"},{"geometry":{"coordinates":[-0.2640125,51.6028082],"type":"Point"},"id":"railways:2162","properties":{"name":"Burnt Oak"},"type":"Feature"},{"geometry":{"coordinates":[-0.2087947,51.4682995],"type":"Point"},"id":"railways:2163","properties":{"name":"Putney Bridge"},"type":"Feature"},{"geometry":{"coordinates":[-0.312979,51.4996647],"type":"Point"},"id":"railways:2164","properties":{"name":"Northfields"},"type":"Feature"},{"geometry":{"coordinates":[-0.0886993,51.5054118],"type":"Point"},"id":"railways:2165","properties":{"name":"London Bridge"},"type":"Feature"},{"geometry":{"coordinates":[-0.5183913,51.6542186],"type":"Point"},"id":"railways:2166","properties":{"name":"Chorleywood"},"type":"Feature"},{"geometry":{"coordinates":[-0.1543249,51.5027264],"type":"Point"},"id":"railways:2167","properties":{"name":"Hyde Park Corner"},"type":"Feature"},{"geometry":{"coordinates":[-0.175387,51.511824],"type":"Point"},"id":"railways:2168","properties":{"name":"Lancaster Gate"},"type":"Feature"},{"geometry":{"coordinates":[0.0899693,51.5754985],"type":"Point"},"id":"railways:2169","properties":{"name":"Newbury Park"},"type":"Feature"},{"geometry":{"coordinates":[-0.4321576,51.6297793],"type":"Point"},"id":"railways:2170","properties":{"name":"Moor Park"},"type":"Feature"},{"geometry":{"coordinates":[-0.4736305,51.6402275],"type":"Point"},"id":"railways:2171","properties":{"name":"Rickmansworth"},"type":"Feature"},{"geometry":{"coordinates":[-0.2881658,51.5097107],"type":"Point"},"id":"railways:2172","properties":{"name":"Ealing Common"},"type":"Feature"},{"geometry":{"coordinates":[-0.2787137,51.5843174],"type":"Point"},"id":"railways:2173","properties":{"name":"Kingsbury"},"type":"Feature"},{"geometry":{"coordinates":[-0.286181,51.5941903],"type":"Point"},"id":"railways:2174","properties":{"name":"Queensbury"},"type":"Feature"},{"geometry":{"coordinates":[-0.3176997,51.578491],"type":"Point"},"id":"railways:2175","properties":{"name":"Northwick Park"},"type":"Feature"},{"geometry":{"coordinates":[-0.2958081,51.5722732],"type":"Point"},"id":"railways:2176","properties":{"name":"Preston Road"},"type":"Feature"},{"geometry":{"coordinates":[-0.1806964,51.5472307],"type":"Point"},"id":"railways:2177","properties":{"name":"Finchley Road"},"type":"Feature"},{"geometry":{"coordinates":[-0.3531364,51.5795991],"type":"Point"},"id":"railways:2178","properties":{"name":"West Harrow"},"type":"Feature"},{"geometry":{"coordinates":[-0.3965092,51.5766614],"type":"Point"},"id":"railways:2179","properties":{"name":"Eastcote"},"type":"Feature"},{"geometry":{"coordinates":[-0.4423513,51.5615698],"type":"Point"},"id":"railways:2180","properties":{"name":"Ickenham"},"type":"Feature"},{"geometry":{"coordinates":[-0.380635,51.5926589],"type":"Point"},"id":"railways:2181","properties":{"name":"Pinner"},"type":"Feature"},{"geometry":{"coordinates":[-0.4084575,51.6001534],"type":"Point"},"id":"railways:2182","properties":{"name":"Northwood Hills"},"type":"Feature"},{"geometry":{"coordinates":[-0.4237072,51.6107965],"type":"Point"},"id":"railways:2183","properties":{"name":"Northwood"},"type":"Feature"},{"geometry":{"coordinates":[-0.4410785,51.6475825],"type":"Point"},"id":"railways:2184","properties":{"name":"Croxley"},"type":"Feature"},{"geometry":{"coordinates":[-0.4183683,51.6570048],"type":"Point"},"id":"railways:2185","properties":{"name":"Watford"},"type":"Feature"},{"geometry":{"coordinates":[0.0086166,51.5688027],"type":"Point"},"id":"railways:2186","properties":{"name":"Leytonstone"},"type":"Feature"},{"geometry":{"coordinates":[-0.3366561,51.5792702],"type":"Point"},"id":"railways:2187","properties":{"name":"Harrow-on-the-Hill"},"type":"Feature"},{"geometry":{"coordinates":[-0.2799643,51.5027051],"type":"Point"},"id":"railways:2188","properties":{"name":"Acton Town"},"type":"Feature"},{"geometry":{"coordinates":[-0.1729072,51.4940799],"type":"Point"},"id":"railways:2189","properties":{"name":"South Kensington"},"type":"Feature"},{"geometry":{"coordinates":[-1.610193,53.1758282],"type":"Point"},"id":"railways:2190","properties":{"name":"Derbyshire Dales Narrow Gauge Railway"},"type":"Feature"},{"geometry":{"coordinates":[-0.1702993,51.5204575],"type":"Point"},"id":"railways:2191","properties":{"name":"Edgware Road"},"type":"Feature"},{"geometry":{"coordinates":[-0.1635046,51.5222363],"type":"Point"},"id":"railways:2192","properties":{"name":"Marylebone"},"type":"Feature"},{"geometry":{"coordinates":[-0.1222409,51.5072143],"type":"Point"},"id":"railways:2193","properties":{"name":"Embankment"},"type":"Feature"},{"geometry":{"coordinates":[-0.1961978,51.5089252],"type":"Point"},"id":"railways:2194","properties":{"name":"Notting Hill Gate"},"type":"Feature"},{"geometry":{"coordinates":[-2.2078188,51.2488801],"type":"Point"},"id":"railways:2195","properties":{"name":"Dilton Marsh"},"type":"Feature"},{"geometry":{"coordinates":[-0.0783882,51.2822065],"type":"Point"},"id":"railways:2196","properties":{"name":"Caterham"},"type":"Feature"},{"geometry":{"coordinates":[-3.1008704,55.9419989],"type":"Point"},"id":"railways:2197","properties":{"name":"Brunstane"},"type":"Feature"},{"geometry":{"coordinates":[0.0045685,51.5280966],"type":"Point"},"id":"railways:2198","properties":{"name":"West Ham"},"type":"Feature"},{"geometry":{"coordinates":[-0.0035472,51.541289],"type":"Point"},"id":"railways:2199","properties":{"name":"Stratford"},"type":"Feature"},{"geometry":{"coordinates":[-0.100844,51.3247757],"type":"Point"},"id":"railways:2200","properties":{"name":"Kenley"},"type":"Feature"},{"geometry":{"coordinates":[-0.1139129,51.3374802],"type":"Point"},"id":"railways:2201","properties":{"name":"Purley"},"type":"Feature"},{"geometry":{"coordinates":[-0.0772314,51.3037508],"type":"Point"},"id":"railways:2202","properties":{"name":"Whyteleafe South"},"type":"Feature"},{"geometry":{"coordinates":[-0.0810163,51.3099209],"type":"Point"},"id":"railways:2203","properties":{"name":"Whyteleafe"},"type":"Feature"},{"geometry":{"coordinates":[-0.0778344,51.3085512],"type":"Point"},"id":"railways:2204","properties":{"name":"Upper Warlingham"},"type":"Feature"},{"geometry":{"coordinates":[-0.0516667,51.2896975],"type":"Point"},"id":"railways:2205","properties":{"name":"Woldingham"},"type":"Feature"},{"geometry":{"coordinates":[-5.2841108,50.1211053],"type":"Point"},"id":"railways:2206","properties":{"name":"Truthall Halt"},"type":"Feature"},{"geometry":{"coordinates":[-5.296425,50.1321831],"type":"Point"},"id":"railways:2207","properties":{"name":"Prospidnick Halt"},"type":"Feature"},{"geometry":{"coordinates":[-5.2928074,50.1278773],"type":"Point"},"id":"railways:2208","properties":{"name":"Trevarno"},"type":"Feature"},{"geometry":{"coordinates":[-0.5409049,51.507818],"type":"Point"},"id":"railways:2209","properties":{"name":"Langley"},"type":"Feature"},{"geometry":{"coordinates":[-0.0149135,51.4915188],"type":"Point"},"id":"railways:2210","properties":{"name":"Mudchute"},"type":"Feature"},{"geometry":{"coordinates":[-1.2511292,53.7823824],"type":"Point"},"id":"railways:2211","properties":{"name":"South Milford"},"type":"Feature"},{"geometry":{"coordinates":[-2.3336005,53.3295673],"type":"Point"},"id":"railways:2212","properties":{"name":"Mobberley"},"type":"Feature"},{"geometry":{"coordinates":[-2.7341997,53.3786146],"type":"Point"},"id":"railways:2213","properties":{"name":"Widnes"},"type":"Feature"},{"geometry":{"coordinates":[-2.1528351,53.6105726],"type":"Point"},"id":"railways:2214","properties":{"name":"Rochdale"},"type":"Feature"},{"geometry":{"coordinates":[-0.1049663,51.503925],"type":"Point"},"id":"railways:2215","properties":{"name":"Southwark"},"type":"Feature"},{"geometry":{"coordinates":[-3.3201335,55.9409388],"type":"Point"},"id":"railways:2216","properties":{"name":"Edinburgh Gateway"},"type":"Feature"},{"geometry":{"coordinates":[-0.2749555,51.6136623],"type":"Point"},"id":"railways:2217","properties":{"name":"Edgware"},"type":"Feature"},{"geometry":{"coordinates":[-2.1630435,53.4054501],"type":"Point"},"id":"railways:2218","properties":{"name":"Stockport"},"type":"Feature"},{"geometry":{"coordinates":[-1.4886398,53.6786558],"type":"Point"},"id":"railways:2219","properties":{"name":"Wakefield Kirkgate"},"type":"Feature"},{"geometry":{"coordinates":[-0.1388654,51.5501727],"type":"Point"},"id":"railways:2220","properties":{"name":"Kentish Town"},"type":"Feature"},{"geometry":{"coordinates":[-1.5432771,52.7409495],"type":"Point"},"id":"railways:2221","properties":{"name":"Discovery Station"},"type":"Feature"},{"geometry":{"coordinates":[-2.1132396,53.4745643],"type":"Point"},"id":"railways:2222","properties":{"name":"Guide Bridge"},"type":"Feature"},{"geometry":{"coordinates":[-2.067531,53.4567001],"type":"Point"},"id":"railways:2223","properties":{"name":"Newton for Hyde"},"type":"Feature"},{"geometry":{"coordinates":[-1.6805365,53.8046713],"type":"Point"},"id":"railways:2224","properties":{"name":"New Pudsey"},"type":"Feature"},{"geometry":{"coordinates":[-1.3034033,53.6917363],"type":"Point"},"id":"railways:2225","properties":{"name":"Pontefract Baghill"},"type":"Feature"},{"geometry":{"coordinates":[-1.8720529,52.043006],"type":"Point"},"id":"railways:2226","properties":{"name":"Broadway"},"type":"Feature"},{"geometry":{"coordinates":[-1.2085253,54.5519996],"type":"Point"},"id":"railways:2227","properties":{"name":"James Cook"},"type":"Feature"},{"geometry":{"coordinates":[-3.3840418,54.3711279],"type":"Point"},"id":"railways:2228","properties":{"name":"Miteside Halt"},"type":"Feature"},{"geometry":{"coordinates":[-2.494764,53.5727921],"type":"Point"},"id":"railways:2229","properties":{"name":"Lostock"},"type":"Feature"},{"geometry":{"coordinates":[-2.6028597,53.6130719],"type":"Point"},"id":"railways:2230","properties":{"name":"Adlington"},"type":"Feature"},{"geometry":{"coordinates":[-2.9554994,54.2777237],"type":"Point"},"id":"railways:2231","properties":{"name":"Lakeside"},"type":"Feature"},{"geometry":{"coordinates":[-2.767351,54.3555182],"type":"Point"},"id":"railways:2232","properties":{"name":"Burneside"},"type":"Feature"},{"geometry":{"coordinates":[-1.7296279,53.3459832],"type":"Point"},"id":"railways:2233","properties":{"name":"Hope"},"type":"Feature"},{"geometry":{"coordinates":[-3.6624367,50.5556975],"type":"Point"},"id":"railways:2234","properties":{"name":"Goose Glen Halt"},"type":"Feature"},{"geometry":{"coordinates":[-2.9252051,54.1728754],"type":"Point"},"id":"railways:2235","properties":{"name":"Kents Bank"},"type":"Feature"},{"geometry":{"coordinates":[-1.2459129,51.6174907],"type":"Point"},"id":"railways:2236","properties":{"name":"Burlescombe"},"type":"Feature"},{"geometry":{"coordinates":[-3.0979329,54.1917155],"type":"Point"},"id":"railways:2237","properties":{"name":"Ulverston"},"type":"Feature"},{"geometry":{"coordinates":[-0.1833083,51.5229834],"type":"Point"},"id":"railways:2238","properties":{"name":"Warwick Avenue"},"type":"Feature"},{"geometry":{"coordinates":[-2.7038502,54.9321536],"type":"Point"},"id":"railways:2239","properties":{"name":"Brampton"},"type":"Feature"},{"geometry":{"coordinates":[-0.1305125,51.5159715],"type":"Point"},"id":"railways:2240","properties":{"name":"Tottenham Court Road"},"type":"Feature"},{"geometry":{"coordinates":[-0.0209849,51.5051073],"type":"Point"},"id":"railways:2241","properties":{"name":"Canary Wharf"},"type":"Feature"},{"geometry":{"coordinates":[-0.0154152,51.4781086],"type":"Point"},"id":"railways:2242","properties":{"name":"Greenwich"},"type":"Feature"},{"geometry":{"coordinates":[-0.0204833,51.5067417],"type":"Point"},"id":"railways:2243","properties":{"name":"West India Quay"},"type":"Feature"},{"geometry":{"coordinates":[-0.0130551,51.5108398],"type":"Point"},"id":"railways:2244","properties":{"name":"All Saints"},"type":"Feature"},{"geometry":{"coordinates":[0.0036092,51.5325414],"type":"Point"},"id":"railways:2245","properties":{"name":"Abbey Road"},"type":"Feature"},{"geometry":{"coordinates":[-0.0001288,51.5376469],"type":"Point"},"id":"railways:2246","properties":{"name":"Stratford High Street"},"type":"Feature"},{"geometry":{"coordinates":[-0.0206424,51.5274411],"type":"Point"},"id":"railways:2247","properties":{"name":"Bow Church"},"type":"Feature"},{"geometry":{"coordinates":[-0.0394662,51.5123504],"type":"Point"},"id":"railways:2248","properties":{"name":"Limehouse"},"type":"Feature"},{"geometry":{"coordinates":[-0.0390456,51.5128705],"type":"Point"},"id":"railways:2249","properties":{"name":"Limehouse"},"type":"Feature"},{"geometry":{"coordinates":[-0.1249047,51.607376],"type":"Point"},"id":"railways:2250","properties":{"name":"Bounds Green"},"type":"Feature"},{"geometry":{"coordinates":[-0.2250607,51.494109],"type":"Point"},"id":"railways:2251","properties":{"name":"Hammersmith (Circle and Hammersmith & City lines)"},"type":"Feature"},{"geometry":{"coordinates":[-0.0975883,51.5149144],"type":"Point"},"id":"railways:2252","properties":{"name":"St. Paul's"},"type":"Feature"},{"geometry":{"coordinates":[0.1308295,51.3457689],"type":"Point"},"id":"railways:2253","properties":{"name":"Knockholt"},"type":"Feature"},{"geometry":{"coordinates":[-0.1784251,51.5565973],"type":"Point"},"id":"railways:2254","properties":{"name":"Hampstead"},"type":"Feature"},{"geometry":{"coordinates":[-0.1646146,51.5503088],"type":"Point"},"id":"railways:2255","properties":{"name":"Belsize Park"},"type":"Feature"},{"geometry":{"coordinates":[-0.1130095,51.5528674],"type":"Point"},"id":"railways:2256","properties":{"name":"Holloway Road"},"type":"Feature"},{"geometry":{"coordinates":[-0.009359,51.5457077],"type":"Point"},"id":"railways:2257","properties":{"name":"Stratford International DLR"},"type":"Feature"},{"geometry":{"coordinates":[-0.174982,51.543722],"type":"Point"},"id":"railways:2258","properties":{"name":"Swiss Cottage"},"type":"Feature"},{"geometry":{"coordinates":[-0.2839348,51.5264341],"type":"Point"},"id":"railways:2259","properties":{"name":"Park Royal"},"type":"Feature"},{"geometry":{"coordinates":[-0.781845,50.8318805],"type":"Point"},"id":"railways:2260","properties":{"name":"Chichester"},"type":"Feature"},{"geometry":{"coordinates":[-0.2237557,51.5101068],"type":"Point"},"id":"railways:2261","properties":{"name":"Wood Lane"},"type":"Feature"},{"geometry":{"coordinates":[-0.1027442,51.5901482],"type":"Point"},"id":"railways:2262","properties":{"name":"Turnpike Lane"},"type":"Feature"},{"geometry":{"coordinates":[-1.6517687,55.3072171],"type":"Point"},"id":"railways:2263","properties":{"name":"Acklington"},"type":"Feature"},{"geometry":{"coordinates":[-0.5353535,52.987708],"type":"Point"},"id":"railways:2264","properties":{"name":"Ancaster"},"type":"Feature"},{"geometry":{"coordinates":[-0.4629888,51.732365],"type":"Point"},"id":"railways:2265","properties":{"name":"Apsley"},"type":"Feature"},{"geometry":{"coordinates":[-2.1087299,51.9990255],"type":"Point"},"id":"railways:2266","properties":{"name":"Ashchurch for Tewkesbury"},"type":"Feature"},{"geometry":{"coordinates":[-0.1761376,51.6686291],"type":"Point"},"id":"railways:2267","properties":{"name":"Hadley Wood"},"type":"Feature"},{"geometry":{"coordinates":[-1.3261163,53.7887921],"type":"Point"},"id":"railways:2268","properties":{"name":"Micklefield"},"type":"Feature"},{"geometry":{"coordinates":[-0.2105454,51.736419],"type":"Point"},"id":"railways:2269","properties":{"name":"Welham Green"},"type":"Feature"},{"geometry":{"coordinates":[-7.3128166,54.9930871],"type":"Point"},"id":"railways:2270","properties":{"name":"Derry~Londonderry"},"type":"Feature"},{"geometry":{"coordinates":[-1.3732622,54.2286468],"type":"Point"},"id":"railways:2271","properties":{"name":"Thirsk"},"type":"Feature"},{"geometry":{"coordinates":[-0.8824136,51.5111653],"type":"Point"},"id":"railways:2272","properties":{"name":"Shiplake"},"type":"Feature"},{"geometry":{"coordinates":[-0.8631386,51.47539],"type":"Point"},"id":"railways:2273","properties":{"name":"Twyford"},"type":"Feature"},{"geometry":{"coordinates":[-1.1586983,51.5704082],"type":"Point"},"id":"railways:2274","properties":{"name":"Cholsey"},"type":"Feature"},{"geometry":{"coordinates":[-0.154872,51.4073954],"type":"Point"},"id":"railways:2275","properties":{"name":"Mitcham Eastfields"},"type":"Feature"},{"geometry":{"coordinates":[-2.5064919,54.8653223],"type":"Point"},"id":"railways:2276","properties":{"name":"Slaggyford"},"type":"Feature"},{"geometry":{"coordinates":[-2.4746432,54.8398986],"type":"Point"},"id":"railways:2277","properties":{"name":"Kirkhaugh"},"type":"Feature"},{"geometry":{"coordinates":[-0.1947552,51.4027615],"type":"Point"},"id":"railways:2278","properties":{"name":"Morden"},"type":"Feature"},{"geometry":{"coordinates":[-0.1992399,51.395678],"type":"Point"},"id":"railways:2279","properties":{"name":"Morden South"},"type":"Feature"},{"geometry":{"coordinates":[0.0089218,51.4657989],"type":"Point"},"id":"railways:2280","properties":{"name":"Blackheath"},"type":"Feature"},{"geometry":{"coordinates":[-0.0266353,51.4789824],"type":"Point"},"id":"railways:2281","properties":{"name":"Deptford"},"type":"Feature"},{"geometry":{"coordinates":[0.0082987,51.5139887],"type":"Point"},"id":"railways:2282","properties":{"name":"Canning Town"},"type":"Feature"},{"geometry":{"coordinates":[-0.3004067,51.5149803],"type":"Point"},"id":"railways:2283","properties":{"name":"Ealing Broadway"},"type":"Feature"},{"geometry":{"coordinates":[-0.1242529,51.5230529],"type":"Point"},"id":"railways:2284","properties":{"name":"Russell Square"},"type":"Feature"},{"geometry":{"coordinates":[-0.1183585,51.548482],"type":"Point"},"id":"railways:2285","properties":{"name":"Caledonian Road"},"type":"Feature"},{"geometry":{"coordinates":[-0.1791837,51.6307163],"type":"Point"},"id":"railways:2286","properties":{"name":"Totteridge & Whetstone"},"type":"Feature"},{"geometry":{"coordinates":[-0.1534811,51.5441141],"type":"Point"},"id":"railways:2287","properties":{"name":"Chalk Farm"},"type":"Feature"},{"geometry":{"coordinates":[-0.8857875,52.7610228],"type":"Point"},"id":"railways:2288","properties":{"name":"Melton Mowbray"},"type":"Feature"},{"geometry":{"coordinates":[-1.2002363,53.2799663],"type":"Point"},"id":"railways:2289","properties":{"name":"Whitwell"},"type":"Feature"},{"geometry":{"coordinates":[-1.6521354,53.3259212],"type":"Point"},"id":"railways:2290","properties":{"name":"Hathersage"},"type":"Feature"},{"geometry":{"coordinates":[-0.137032,51.0555957],"type":"Point"},"id":"railways:2291","properties":{"name":"Balcombe"},"type":"Feature"},{"geometry":{"coordinates":[-0.1419563,51.5154418],"type":"Point"},"id":"railways:2292","properties":{"name":"Oxford Circus"},"type":"Feature"},{"geometry":{"coordinates":[-2.943542,51.0909357],"type":"Point"},"id":"railways:2293","properties":{"name":"Westonzoyland"},"type":"Feature"},{"geometry":{"coordinates":[-2.1067251,55.6390596],"type":"Point"},"id":"railways:2294","properties":{"name":"Heatherslaw"},"type":"Feature"},{"geometry":{"coordinates":[-1.4540783,50.8238061],"type":"Point"},"id":"railways:2295","properties":{"name":"North Station"},"type":"Feature"},{"geometry":{"coordinates":[0.8770041,51.2998497],"type":"Point"},"id":"railways:2296","properties":{"name":"Brogdale Central Station"},"type":"Feature"},{"geometry":{"coordinates":[-2.0947934,54.9735335],"type":"Point"},"id":"railways:2297","properties":{"name":"Hexham"},"type":"Feature"},{"geometry":{"coordinates":[0.0043201,51.500574],"type":"Point"},"id":"railways:2298","properties":{"name":"North Greenwich"},"type":"Feature"},{"geometry":{"coordinates":[-0.0498405,51.4979299],"type":"Point"},"id":"railways:2299","properties":{"name":"Canada Water"},"type":"Feature"},{"geometry":{"coordinates":[-2.9212339,53.5167407],"type":"Point"},"id":"railways:2300","properties":{"name":"Maghull North"},"type":"Feature"},{"geometry":{"coordinates":[-0.0890625,51.5182516],"type":"Point"},"id":"railways:2301","properties":{"name":"Moorgate"},"type":"Feature"},{"geometry":{"coordinates":[-2.3502092,57.2433565],"type":"Point"},"id":"railways:2302","properties":{"name":"Kintore"},"type":"Feature"},{"geometry":{"coordinates":[-1.0860558,52.2944142],"type":"Point"},"id":"railways:2303","properties":{"name":"Long Buckby"},"type":"Feature"},{"geometry":{"coordinates":[-0.1705184,51.4644589],"type":"Point"},"id":"railways:2304","properties":{"name":"Clapham Junction"},"type":"Feature"},{"geometry":{"coordinates":[-1.0937301,53.9577037],"type":"Point"},"id":"railways:2305","properties":{"name":"York"},"type":"Feature"},{"geometry":{"coordinates":[-0.77289,51.1822944],"type":"Point"},"id":"railways:2306","properties":{"name":"Reeds Road"},"type":"Feature"},{"geometry":{"coordinates":[-0.7746116,51.1836582],"type":"Point"},"id":"railways:2307","properties":{"name":"Old Kiln Halt"},"type":"Feature"},{"geometry":{"coordinates":[-0.7739411,51.1843885],"type":"Point"},"id":"railways:2308","properties":{"name":"Oatlands"},"type":"Feature"},{"geometry":{"coordinates":[-0.163592,51.5243712],"type":"Point"},"id":"railways:2309","properties":{"name":"London Marylebone"},"type":"Feature"},{"geometry":{"coordinates":[-0.8085107,51.7522425],"type":"Point"},"id":"railways:2310","properties":{"name":"Little Kimble"},"type":"Feature"},{"geometry":{"coordinates":[-1.2419808,51.6118363],"type":"Point"},"id":"railways:2311","properties":{"name":"Main Line Platform"},"type":"Feature"},{"geometry":{"coordinates":[-1.2458686,51.6143946],"type":"Point"},"id":"railways:2312","properties":{"name":"Didcot Halt"},"type":"Feature"},{"geometry":{"coordinates":[-2.2384792,52.3843587],"type":"Point"},"id":"railways:2313","properties":{"name":"Kidderminster"},"type":"Feature"},{"geometry":{"coordinates":[-1.4621381,53.3783713],"type":"Point"},"id":"railways:2314","properties":{"name":"Sheffield"},"type":"Feature"},{"geometry":{"coordinates":[-0.0712666,51.4176595],"type":"Point"},"id":"railways:2315","properties":{"name":"Crystal Palace"},"type":"Feature"},{"geometry":{"coordinates":[0.335097,53.178399],"type":"Point"},"id":"railways:2316","properties":{"name":"Walls Lane"},"type":"Feature"},{"geometry":{"coordinates":[-1.5539294,54.5357302],"type":"Point"},"id":"railways:2317","properties":{"name":"North Road"},"type":"Feature"},{"geometry":{"coordinates":[-0.3838753,51.2888353],"type":"Point"},"id":"railways:2318","properties":{"name":"Bookham"},"type":"Feature"},{"geometry":{"coordinates":[-0.9614163,51.2798793],"type":"Point"},"id":"railways:2319","properties":{"name":"Hook"},"type":"Feature"},{"geometry":{"coordinates":[-0.9070163,51.2847339],"type":"Point"},"id":"railways:2320","properties":{"name":"Winchfield"},"type":"Feature"},{"geometry":{"coordinates":[-0.8313789,51.2906158],"type":"Point"},"id":"railways:2321","properties":{"name":"Fleet"},"type":"Feature"},{"geometry":{"coordinates":[-0.6359925,51.3035819],"type":"Point"},"id":"railways:2322","properties":{"name":"Brookwood"},"type":"Feature"},{"geometry":{"coordinates":[-0.3895797,51.3769063],"type":"Point"},"id":"railways:2323","properties":{"name":"Hersham"},"type":"Feature"},{"geometry":{"coordinates":[-0.23054,51.408966],"type":"Point"},"id":"railways:2324","properties":{"name":"Raynes Park"},"type":"Feature"},{"geometry":{"coordinates":[-0.2449641,51.3814267],"type":"Point"},"id":"railways:2325","properties":{"name":"Worcester Park"},"type":"Feature"},{"geometry":{"coordinates":[-0.2479641,51.3638988],"type":"Point"},"id":"railways:2326","properties":{"name":"Stoneleigh"},"type":"Feature"},{"geometry":{"coordinates":[-0.3330413,51.2991137],"type":"Point"},"id":"railways:2327","properties":{"name":"Leatherhead"},"type":"Feature"},{"geometry":{"coordinates":[-0.4352969,51.2795154],"type":"Point"},"id":"railways:2328","properties":{"name":"Horsley"},"type":"Feature"},{"geometry":{"coordinates":[-0.5028629,51.2640346],"type":"Point"},"id":"railways:2329","properties":{"name":"Clandon"},"type":"Feature"},{"geometry":{"coordinates":[-0.565161,51.2407385],"type":"Point"},"id":"railways:2330","properties":{"name":"London Road (Guildford)"},"type":"Feature"},{"geometry":{"coordinates":[-0.5811391,51.2372003],"type":"Point"},"id":"railways:2331","properties":{"name":"Guildford"},"type":"Feature"},{"geometry":{"coordinates":[-0.1663814,51.3685771],"type":"Point"},"id":"railways:2332","properties":{"name":"Carshalton"},"type":"Feature"},{"geometry":{"coordinates":[-0.2412882,51.3452926],"type":"Point"},"id":"railways:2333","properties":{"name":"Ewell East"},"type":"Feature"},{"geometry":{"coordinates":[-0.320874,51.1811282],"type":"Point"},"id":"railways:2334","properties":{"name":"Holmwood"},"type":"Feature"},{"geometry":{"coordinates":[-0.3361686,51.1515691],"type":"Point"},"id":"railways:2335","properties":{"name":"Ockley"},"type":"Feature"},{"geometry":{"coordinates":[-0.3296073,51.0930387],"type":"Point"},"id":"railways:2336","properties":{"name":"Warnham"},"type":"Feature"},{"geometry":{"coordinates":[-0.318921,51.0659838],"type":"Point"},"id":"railways:2337","properties":{"name":"Horsham"},"type":"Feature"},{"geometry":{"coordinates":[-0.5462656,50.8480121],"type":"Point"},"id":"railways:2338","properties":{"name":"Arundel"},"type":"Feature"},{"geometry":{"coordinates":[-0.5419326,50.8966534],"type":"Point"},"id":"railways:2339","properties":{"name":"Amberley"},"type":"Feature"},{"geometry":{"coordinates":[-0.5164713,50.9575905],"type":"Point"},"id":"railways:2340","properties":{"name":"Pulborough"},"type":"Feature"},{"geometry":{"coordinates":[-0.3638616,51.0508094],"type":"Point"},"id":"railways:2341","properties":{"name":"Christ's Hospital"},"type":"Feature"},{"geometry":{"coordinates":[-0.578301,50.8293642],"type":"Point"},"id":"railways:2342","properties":{"name":"Ford"},"type":"Feature"},{"geometry":{"coordinates":[-0.6402044,50.8307449],"type":"Point"},"id":"railways:2343","properties":{"name":"Barnham"},"type":"Feature"},{"geometry":{"coordinates":[-0.1610653,51.1174709],"type":"Point"},"id":"railways:2344","properties":{"name":"Three Bridges"},"type":"Feature"},{"geometry":{"coordinates":[-0.1865249,51.1120247],"type":"Point"},"id":"railways:2345","properties":{"name":"Crawley"},"type":"Feature"},{"geometry":{"coordinates":[-0.0542215,51.427742],"type":"Point"},"id":"railways:2346","properties":{"name":"Sydenham"},"type":"Feature"},{"geometry":{"coordinates":[-0.0530903,51.4392419],"type":"Point"},"id":"railways:2347","properties":{"name":"Forest Hill"},"type":"Feature"},{"geometry":{"coordinates":[-0.0450199,51.4504605],"type":"Point"},"id":"railways:2348","properties":{"name":"Honor Oak Park"},"type":"Feature"},{"geometry":{"coordinates":[-0.0404289,51.4752983],"type":"Point"},"id":"railways:2349","properties":{"name":"New Cross Gate"},"type":"Feature"},{"geometry":{"coordinates":[-0.0326237,51.4763706],"type":"Point"},"id":"railways:2350","properties":{"name":"New Cross"},"type":"Feature"},{"geometry":{"coordinates":[-0.0221846,51.4690905],"type":"Point"},"id":"railways:2351","properties":{"name":"St Johns"},"type":"Feature"},{"geometry":{"coordinates":[0.0186204,51.4842403],"type":"Point"},"id":"railways:2352","properties":{"name":"Westcombe Park"},"type":"Feature"},{"geometry":{"coordinates":[0.0548824,51.4910924],"type":"Point"},"id":"railways:2353","properties":{"name":"Woolwich Dockyard"},"type":"Feature"},{"geometry":{"coordinates":[0.0703782,51.4896184],"type":"Point"},"id":"railways:2354","properties":{"name":"Woolwich Arsenal"},"type":"Feature"},{"geometry":{"coordinates":[0.0840176,51.4897681],"type":"Point"},"id":"railways:2355","properties":{"name":"Plumstead"},"type":"Feature"},{"geometry":{"coordinates":[0.1204062,51.4910781],"type":"Point"},"id":"railways:2356","properties":{"name":"Abbey Wood"},"type":"Feature"},{"geometry":{"coordinates":[0.1903098,51.4676731],"type":"Point"},"id":"railways:2357","properties":{"name":"Slade Green"},"type":"Feature"},{"geometry":{"coordinates":[0.2191164,51.4474203],"type":"Point"},"id":"railways:2358","properties":{"name":"Dartford"},"type":"Feature"},{"geometry":{"coordinates":[-1.462612,52.9165243],"type":"Point"},"id":"railways:2359","properties":{"name":"Derby"},"type":"Feature"},{"geometry":{"coordinates":[0.0220245,51.4307645],"type":"Point"},"id":"railways:2360","properties":{"name":"Grove Park"},"type":"Feature"},{"geometry":{"coordinates":[-0.0006473,51.4515872],"type":"Point"},"id":"railways:2361","properties":{"name":"Hither Green"},"type":"Feature"},{"geometry":{"coordinates":[0.0446574,51.4167981],"type":"Point"},"id":"railways:2362","properties":{"name":"Elmstead Woods"},"type":"Feature"},{"geometry":{"coordinates":[0.0578673,51.4051626],"type":"Point"},"id":"railways:2363","properties":{"name":"Chislehurst"},"type":"Feature"},{"geometry":{"coordinates":[0.0745614,51.388626],"type":"Point"},"id":"railways:2364","properties":{"name":"Petts Wood"},"type":"Feature"},{"geometry":{"coordinates":[0.1083284,51.3566115],"type":"Point"},"id":"railways:2365","properties":{"name":"Chelsfield"},"type":"Feature"},{"geometry":{"coordinates":[0.171318,51.296617],"type":"Point"},"id":"railways:2366","properties":{"name":"Dunton Green"},"type":"Feature"},{"geometry":{"coordinates":[0.0966299,50.9687382],"type":"Point"},"id":"railways:2367","properties":{"name":"Uckfield"},"type":"Feature"},{"geometry":{"coordinates":[0.2009551,51.0892394],"type":"Point"},"id":"railways:2368","properties":{"name":"Eridge"},"type":"Feature"},{"geometry":{"coordinates":[0.0042319,51.2442817],"type":"Point"},"id":"railways:2369","properties":{"name":"Hurst Green"},"type":"Feature"},{"geometry":{"coordinates":[0.067215,51.2001369],"type":"Point"},"id":"railways:2370","properties":{"name":"Edenbridge Town"},"type":"Feature"},{"geometry":{"coordinates":[0.0948105,51.1813846],"type":"Point"},"id":"railways:2371","properties":{"name":"Hever"},"type":"Feature"},{"geometry":{"coordinates":[0.1098981,51.1556295],"type":"Point"},"id":"railways:2372","properties":{"name":"Cowden"},"type":"Feature"},{"geometry":{"coordinates":[0.1880389,51.0462372],"type":"Point"},"id":"railways:2373","properties":{"name":"Crowborough"},"type":"Feature"},{"geometry":{"coordinates":[0.1313783,50.9901183],"type":"Point"},"id":"railways:2374","properties":{"name":"Buxted"},"type":"Feature"},{"geometry":{"coordinates":[-0.0045745,51.2578327],"type":"Point"},"id":"railways:2375","properties":{"name":"Oxted"},"type":"Feature"},{"geometry":{"coordinates":[-0.0746988,51.3971695],"type":"Point"},"id":"railways:2376","properties":{"name":"Norwood Junction"},"type":"Feature"},{"geometry":{"coordinates":[-0.0042265,51.1558675],"type":"Point"},"id":"railways:2377","properties":{"name":"Dormans"},"type":"Feature"},{"geometry":{"coordinates":[-0.0178578,51.1264031],"type":"Point"},"id":"railways:2378","properties":{"name":"East Grinstead"},"type":"Feature"},{"geometry":{"coordinates":[-0.0933556,51.3629173],"type":"Point"},"id":"railways:2379","properties":{"name":"South Croydon"},"type":"Feature"},{"geometry":{"coordinates":[-0.0934589,51.348394],"type":"Point"},"id":"railways:2380","properties":{"name":"Sanderstead"},"type":"Feature"},{"geometry":{"coordinates":[-0.0997037,51.3329352],"type":"Point"},"id":"railways:2381","properties":{"name":"Riddlesdown"},"type":"Feature"},{"geometry":{"coordinates":[-0.0191917,51.4560257],"type":"Point"},"id":"railways:2382","properties":{"name":"Ladywell"},"type":"Feature"},{"geometry":{"coordinates":[-0.0249226,51.4445909],"type":"Point"},"id":"railways:2383","properties":{"name":"Catford Bridge"},"type":"Feature"},{"geometry":{"coordinates":[-0.0332998,51.4247446],"type":"Point"},"id":"railways:2384","properties":{"name":"Lower Sydenham"},"type":"Feature"},{"geometry":{"coordinates":[-0.0352069,51.4169395],"type":"Point"},"id":"railways:2385","properties":{"name":"New Beckenham"},"type":"Feature"},{"geometry":{"coordinates":[-0.0408182,51.4083449],"type":"Point"},"id":"railways:2386","properties":{"name":"Clock House"},"type":"Feature"},{"geometry":{"coordinates":[-0.0147334,51.3815143],"type":"Point"},"id":"railways:2387","properties":{"name":"West Wickham"},"type":"Feature"},{"geometry":{"coordinates":[-0.0263691,51.3901801],"type":"Point"},"id":"railways:2388","properties":{"name":"Eden Park"},"type":"Feature"},{"geometry":{"coordinates":[-0.0497025,51.398012],"type":"Point"},"id":"railways:2389","properties":{"name":"Elmers End"},"type":"Feature"},{"geometry":{"coordinates":[-2.6710867,51.6399688],"type":"Point"},"id":"railways:2390","properties":{"name":"Chepstow"},"type":"Feature"},{"geometry":{"coordinates":[0.2601274,51.8902434],"type":"Point"},"id":"railways:2391","properties":{"name":"Main Terminal Building (Departures)"},"type":"Feature"},{"geometry":{"coordinates":[0.2541483,51.8892206],"type":"Point"},"id":"railways:2392","properties":{"name":"Gates 1-19"},"type":"Feature"},{"geometry":{"coordinates":[0.2569959,51.8911228],"type":"Point"},"id":"railways:2393","properties":{"name":"Gates 20-39"},"type":"Feature"},{"geometry":{"coordinates":[-1.8720376,52.5044196],"type":"Point"},"id":"railways:2394","properties":{"name":"Aston"},"type":"Feature"},{"geometry":{"coordinates":[-1.594606,53.1606459],"type":"Point"},"id":"railways:2395","properties":{"name":"Darley Dale"},"type":"Feature"},{"geometry":{"coordinates":[-0.7599088,51.2462832],"type":"Point"},"id":"railways:2396","properties":{"name":"Aldershot"},"type":"Feature"},{"geometry":{"coordinates":[-0.7214571,51.2725337],"type":"Point"},"id":"railways:2397","properties":{"name":"Ash Vale"},"type":"Feature"},{"geometry":{"coordinates":[-0.7438865,51.3363364],"type":"Point"},"id":"railways:2398","properties":{"name":"Camberley"},"type":"Feature"},{"geometry":{"coordinates":[-0.6885039,51.3643336],"type":"Point"},"id":"railways:2399","properties":{"name":"Bagshot"},"type":"Feature"},{"geometry":{"coordinates":[-1.4780978,54.9978108],"type":"Point"},"id":"railways:2400","properties":{"name":"Percy Main"},"type":"Feature"},{"geometry":{"coordinates":[-2.6128853,53.4531451],"type":"Point"},"id":"railways:2401","properties":{"name":"Newton-le-Willows"},"type":"Feature"},{"geometry":{"coordinates":[-2.6376153,53.4512184],"type":"Point"},"id":"railways:2402","properties":{"name":"Earlestown"},"type":"Feature"},{"geometry":{"coordinates":[-2.7393871,53.3385599],"type":"Point"},"id":"railways:2403","properties":{"name":"Runcorn"},"type":"Feature"},{"geometry":{"coordinates":[-2.4326364,53.0889629],"type":"Point"},"id":"railways:2404","properties":{"name":"Crewe"},"type":"Feature"},{"geometry":{"coordinates":[-1.1087807,50.7967035],"type":"Point"},"id":"railways:2405","properties":{"name":"Portsmouth Harbour"},"type":"Feature"},{"geometry":{"coordinates":[-0.6368939,51.163179],"type":"Point"},"id":"railways:2406","properties":{"name":"Milford"},"type":"Feature"},{"geometry":{"coordinates":[-0.6459792,51.1331013],"type":"Point"},"id":"railways:2407","properties":{"name":"Witley"},"type":"Feature"},{"geometry":{"coordinates":[-0.7194871,51.0887757],"type":"Point"},"id":"railways:2408","properties":{"name":"Haslemere"},"type":"Feature"},{"geometry":{"coordinates":[-0.8001257,51.0712216],"type":"Point"},"id":"railways:2409","properties":{"name":"Liphook"},"type":"Feature"},{"geometry":{"coordinates":[-0.8926226,51.0439274],"type":"Point"},"id":"railways:2410","properties":{"name":"Liss"},"type":"Feature"},{"geometry":{"coordinates":[-0.5824209,51.2878849],"type":"Point"},"id":"railways:2411","properties":{"name":"Worplesdon"},"type":"Feature"},{"geometry":{"coordinates":[-0.9417209,51.0065237],"type":"Point"},"id":"railways:2412","properties":{"name":"Petersfield"},"type":"Feature"},{"geometry":{"coordinates":[-0.957274,50.8924696],"type":"Point"},"id":"railways:2413","properties":{"name":"Rowlands Castle"},"type":"Feature"},{"geometry":{"coordinates":[-0.9962717,50.8539846],"type":"Point"},"id":"railways:2414","properties":{"name":"Bedhampton"},"type":"Feature"},{"geometry":{"coordinates":[-0.9815624,50.8544413],"type":"Point"},"id":"railways:2415","properties":{"name":"Havant"},"type":"Feature"},{"geometry":{"coordinates":[-1.0906787,50.7982014],"type":"Point"},"id":"railways:2416","properties":{"name":"Portsmouth and Southsea"},"type":"Feature"},{"geometry":{"coordinates":[-2.0787884,51.061005],"type":"Point"},"id":"railways:2417","properties":{"name":"Tisbury"},"type":"Feature"},{"geometry":{"coordinates":[-1.4927767,51.211559],"type":"Point"},"id":"railways:2418","properties":{"name":"Andover"},"type":"Feature"},{"geometry":{"coordinates":[-2.4172852,51.001594],"type":"Point"},"id":"railways:2419","properties":{"name":"Templecombe"},"type":"Feature"},{"geometry":{"coordinates":[-1.8064141,51.0705706],"type":"Point"},"id":"railways:2420","properties":{"name":"Salisbury"},"type":"Feature"},{"geometry":{"coordinates":[-2.2720765,51.0340876],"type":"Point"},"id":"railways:2421","properties":{"name":"Gillingham"},"type":"Feature"},{"geometry":{"coordinates":[-1.3715945,53.7922376],"type":"Point"},"id":"railways:2422","properties":{"name":"East Garforth"},"type":"Feature"},{"geometry":{"coordinates":[-1.0634228,53.7829146],"type":"Point"},"id":"railways:2423","properties":{"name":"Selby"},"type":"Feature"},{"geometry":{"coordinates":[-0.9236723,53.7728263],"type":"Point"},"id":"railways:2424","properties":{"name":"Wressle"},"type":"Feature"},{"geometry":{"coordinates":[-0.8606411,53.7647567],"type":"Point"},"id":"railways:2425","properties":{"name":"Howden"},"type":"Feature"},{"geometry":{"coordinates":[-0.6730092,53.7403673],"type":"Point"},"id":"railways:2426","properties":{"name":"Broomfleet"},"type":"Feature"},{"geometry":{"coordinates":[-0.5077294,53.7170509],"type":"Point"},"id":"railways:2427","properties":{"name":"Ferriby"},"type":"Feature"},{"geometry":{"coordinates":[-0.4421011,53.7173688],"type":"Point"},"id":"railways:2428","properties":{"name":"Hessle"},"type":"Feature"},{"geometry":{"coordinates":[-1.450353,53.8050605],"type":"Point"},"id":"railways:2429","properties":{"name":"Cross Gates"},"type":"Feature"},{"geometry":{"coordinates":[-0.7870775,53.755235],"type":"Point"},"id":"railways:2430","properties":{"name":"Eastrington"},"type":"Feature"},{"geometry":{"coordinates":[-0.3475977,53.7438351],"type":"Point"},"id":"railways:2431","properties":{"name":"Hull Paragon Interchange"},"type":"Feature"},{"geometry":{"coordinates":[-2.0642227,53.4841386],"type":"Point"},"id":"railways:2432","properties":{"name":"Stalybridge"},"type":"Feature"},{"geometry":{"coordinates":[-1.8806027,53.6241585],"type":"Point"},"id":"railways:2433","properties":{"name":"Slaithwaite"},"type":"Feature"},{"geometry":{"coordinates":[-1.7847509,53.64849],"type":"Point"},"id":"railways:2434","properties":{"name":"Huddersfield"},"type":"Feature"},{"geometry":{"coordinates":[-1.6332735,53.692016],"type":"Point"},"id":"railways:2435","properties":{"name":"Dewsbury"},"type":"Feature"},{"geometry":{"coordinates":[-1.6230114,53.7102081],"type":"Point"},"id":"railways:2436","properties":{"name":"Batley"},"type":"Feature"},{"geometry":{"coordinates":[-3.5435703,50.7292155],"type":"Point"},"id":"railways:2437","properties":{"name":"Exeter St Davids"},"type":"Feature"},{"geometry":{"coordinates":[-3.5322829,50.7269097],"type":"Point"},"id":"railways:2438","properties":{"name":"Exeter Central"},"type":"Feature"},{"geometry":{"coordinates":[-3.4700805,50.7377879],"type":"Point"},"id":"railways:2439","properties":{"name":"Pinhoe"},"type":"Feature"},{"geometry":{"coordinates":[-3.4209803,50.7500196],"type":"Point"},"id":"railways:2440","properties":{"name":"Cranbrook"},"type":"Feature"},{"geometry":{"coordinates":[-3.3542794,50.7679282],"type":"Point"},"id":"railways:2441","properties":{"name":"Whimple"},"type":"Feature"},{"geometry":{"coordinates":[-3.2854607,50.78662],"type":"Point"},"id":"railways:2442","properties":{"name":"Feniton"},"type":"Feature"},{"geometry":{"coordinates":[-3.1869232,50.7967287],"type":"Point"},"id":"railways:2443","properties":{"name":"Honiton"},"type":"Feature"},{"geometry":{"coordinates":[-3.0049453,50.7790074],"type":"Point"},"id":"railways:2444","properties":{"name":"Axminster"},"type":"Feature"},{"geometry":{"coordinates":[-2.5129696,50.943979],"type":"Point"},"id":"railways:2445","properties":{"name":"Sherborne"},"type":"Feature"},{"geometry":{"coordinates":[-2.6122447,50.9248143],"type":"Point"},"id":"railways:2446","properties":{"name":"Yeovil Junction"},"type":"Feature"},{"geometry":{"coordinates":[-2.7784902,50.8736126],"type":"Point"},"id":"railways:2447","properties":{"name":"Crewkerne"},"type":"Feature"},{"geometry":{"coordinates":[-0.6332427,51.3921459],"type":"Point"},"id":"railways:2448","properties":{"name":"Sunningdale"},"type":"Feature"},{"geometry":{"coordinates":[-0.8918298,51.4367674],"type":"Point"},"id":"railways:2449","properties":{"name":"Winnersh Triangle"},"type":"Feature"},{"geometry":{"coordinates":[-0.8779199,51.4307527],"type":"Point"},"id":"railways:2450","properties":{"name":"Winnersh"},"type":"Feature"},{"geometry":{"coordinates":[-0.5465778,51.4294065],"type":"Point"},"id":"railways:2451","properties":{"name":"Egham"},"type":"Feature"},{"geometry":{"coordinates":[-0.5029086,51.432328],"type":"Point"},"id":"railways:2452","properties":{"name":"Staines"},"type":"Feature"},{"geometry":{"coordinates":[-0.3288402,51.4505786],"type":"Point"},"id":"railways:2453","properties":{"name":"Twickenham"},"type":"Feature"},{"geometry":{"coordinates":[-0.5793863,51.4828971],"type":"Point"},"id":"railways:2454","properties":{"name":"Datchet"},"type":"Feature"},{"geometry":{"coordinates":[-0.558857,51.4699493],"type":"Point"},"id":"railways:2455","properties":{"name":"Sunnymeads"},"type":"Feature"},{"geometry":{"coordinates":[-0.541994,51.4579278],"type":"Point"},"id":"railways:2456","properties":{"name":"Wraysbury"},"type":"Feature"},{"geometry":{"coordinates":[-0.3577822,51.4494981],"type":"Point"},"id":"railways:2457","properties":{"name":"Whitton"},"type":"Feature"},{"geometry":{"coordinates":[-0.2526332,51.4720123],"type":"Point"},"id":"railways:2458","properties":{"name":"Barnes Bridge"},"type":"Feature"},{"geometry":{"coordinates":[-0.2681753,51.4811465],"type":"Point"},"id":"railways:2459","properties":{"name":"Chiswick"},"type":"Feature"},{"geometry":{"coordinates":[-0.287225,51.4895024],"type":"Point"},"id":"railways:2460","properties":{"name":"Kew Bridge"},"type":"Feature"},{"geometry":{"coordinates":[-0.3096825,51.4876569],"type":"Point"},"id":"railways:2461","properties":{"name":"Brentford"},"type":"Feature"},{"geometry":{"coordinates":[-0.32478,51.4818147],"type":"Point"},"id":"railways:2462","properties":{"name":"Syon Lane"},"type":"Feature"},{"geometry":{"coordinates":[-0.3368946,51.4748823],"type":"Point"},"id":"railways:2463","properties":{"name":"Isleworth"},"type":"Feature"},{"geometry":{"coordinates":[-0.3617294,51.4620974],"type":"Point"},"id":"railways:2464","properties":{"name":"Hounslow"},"type":"Feature"},{"geometry":{"coordinates":[-0.5094641,51.3871309],"type":"Point"},"id":"railways:2465","properties":{"name":"Chertsey"},"type":"Feature"},{"geometry":{"coordinates":[-0.4845082,51.3731128],"type":"Point"},"id":"railways:2466","properties":{"name":"Addlestone"},"type":"Feature"},{"geometry":{"coordinates":[-0.2840843,51.4123109],"type":"Point"},"id":"railways:2467","properties":{"name":"Norbiton"},"type":"Feature"},{"geometry":{"coordinates":[-0.3325731,51.4244662],"type":"Point"},"id":"railways:2468","properties":{"name":"Teddington"},"type":"Feature"},{"geometry":{"coordinates":[-4.7270443,51.7994674],"type":"Point"},"id":"railways:2469","properties":{"name":"Narberth"},"type":"Feature"},{"geometry":{"coordinates":[-3.4644482,50.5806101],"type":"Point"},"id":"railways:2470","properties":{"name":"Dawlish"},"type":"Feature"},{"geometry":{"coordinates":[-1.1923427,50.8534057],"type":"Point"},"id":"railways:2471","properties":{"name":"Fareham"},"type":"Feature"},{"geometry":{"coordinates":[-1.3878591,50.9222702],"type":"Point"},"id":"railways:2472","properties":{"name":"St Denys"},"type":"Feature"},{"geometry":{"coordinates":[-1.4336981,50.9114285],"type":"Point"},"id":"railways:2473","properties":{"name":"Millbrook"},"type":"Feature"},{"geometry":{"coordinates":[-1.5734094,50.816746],"type":"Point"},"id":"railways:2474","properties":{"name":"Brockenhurst"},"type":"Feature"},{"geometry":{"coordinates":[-0.1274304,50.9536081],"type":"Point"},"id":"railways:2475","properties":{"name":"Burgess Hill"},"type":"Feature"},{"geometry":{"coordinates":[-3.2045609,54.1891252],"type":"Point"},"id":"railways:2476","properties":{"name":"Askam"},"type":"Feature"},{"geometry":{"coordinates":[-3.2453885,54.2444234],"type":"Point"},"id":"railways:2477","properties":{"name":"Green Road"},"type":"Feature"},{"geometry":{"coordinates":[-3.2706093,54.2110036],"type":"Point"},"id":"railways:2478","properties":{"name":"Millom"},"type":"Feature"},{"geometry":{"coordinates":[-3.3938356,54.2911815],"type":"Point"},"id":"railways:2479","properties":{"name":"Bootle"},"type":"Feature"},{"geometry":{"coordinates":[-3.5104538,54.4166451],"type":"Point"},"id":"railways:2480","properties":{"name":"Sellafield"},"type":"Feature"},{"geometry":{"coordinates":[-3.4435811,54.3768581],"type":"Point"},"id":"railways:2481","properties":{"name":"Drigg"},"type":"Feature"},{"geometry":{"coordinates":[-3.5419705,54.4395084],"type":"Point"},"id":"railways:2482","properties":{"name":"Braystones"},"type":"Feature"},{"geometry":{"coordinates":[-3.8718304,57.5802452],"type":"Point"},"id":"railways:2483","properties":{"name":"Nairn"},"type":"Feature"},{"geometry":{"coordinates":[-2.9854823,52.2172391],"type":"Point"},"id":"railways:2484","properties":{"name":"Titley Junction"},"type":"Feature"},{"geometry":{"coordinates":[-1.7998262,52.6868262],"type":"Point"},"id":"railways:2485","properties":{"name":"Lichfield Trent Valley"},"type":"Feature"},{"geometry":{"coordinates":[-1.5724185,52.3428168],"type":"Point"},"id":"railways:2486","properties":{"name":"Kenilworth"},"type":"Feature"},{"geometry":{"coordinates":[0.7053472,51.5699453],"type":"Point"},"id":"railways:2487","properties":{"name":"Southend Airport"},"type":"Feature"},{"geometry":{"coordinates":[1.3171057,51.3291668],"type":"Point"},"id":"railways:2488","properties":{"name":"Minster"},"type":"Feature"},{"geometry":{"coordinates":[1.3382306,51.3812842],"type":"Point"},"id":"railways:2489","properties":{"name":"Westgate-on-Sea"},"type":"Feature"},{"geometry":{"coordinates":[-3.048373,53.8229372],"type":"Point"},"id":"railways:2490","properties":{"name":"Blackpool North"},"type":"Feature"},{"geometry":{"coordinates":[-0.1537197,51.3780278],"type":"Point"},"id":"railways:2491","properties":{"name":"Hackbridge"},"type":"Feature"},{"geometry":{"coordinates":[-0.2094954,51.497437],"type":"Point"},"id":"railways:2492","properties":{"name":"Kensington (Olympia)"},"type":"Feature"},{"geometry":{"coordinates":[-0.3990635,51.5569909],"type":"Point"},"id":"railways:2493","properties":{"name":"South Ruislip"},"type":"Feature"},{"geometry":{"coordinates":[0.7213426,51.5164752],"type":"Point"},"id":"railways:2494","properties":{"name":"Pier Head"},"type":"Feature"},{"geometry":{"coordinates":[-4.2584361,55.8583132],"type":"Point"},"id":"railways:2495","properties":{"name":"Glasgow Central"},"type":"Feature"},{"geometry":{"coordinates":[-4.2511172,55.8625587],"type":"Point"},"id":"railways:2496","properties":{"name":"Glasgow Queen Street"},"type":"Feature"},{"geometry":{"coordinates":[-0.9459845,53.3139936],"type":"Point"},"id":"railways:2497","properties":{"name":"Retford"},"type":"Feature"},{"geometry":{"coordinates":[-1.6122733,52.2860143],"type":"Point"},"id":"railways:2498","properties":{"name":"Warwick Parkway"},"type":"Feature"},{"geometry":{"coordinates":[-1.9529961,52.66269],"type":"Point"},"id":"railways:2499","properties":{"name":"Brownhills West"},"type":"Feature"},{"geometry":{"coordinates":[-1.932615,52.4142407],"type":"Point"},"id":"railways:2500","properties":{"name":"Kings Norton"},"type":"Feature"},{"geometry":{"coordinates":[-0.0709154,51.6045335],"type":"Point"},"id":"railways:2501","properties":{"name":"White Hart Lane"},"type":"Feature"},{"geometry":{"coordinates":[-0.0469695,51.673233],"type":"Point"},"id":"railways:2502","properties":{"name":"Turkey Street"},"type":"Feature"},{"geometry":{"coordinates":[-0.0350092,51.6922334],"type":"Point"},"id":"railways:2503","properties":{"name":"Theobalds Grove"},"type":"Feature"},{"geometry":{"coordinates":[-0.0762789,51.5748827],"type":"Point"},"id":"railways:2504","properties":{"name":"Stamford Hill"},"type":"Feature"},{"geometry":{"coordinates":[-0.0725478,51.5650387],"type":"Point"},"id":"railways:2505","properties":{"name":"Stoke Newington"},"type":"Feature"},{"geometry":{"coordinates":[-0.0700054,51.5937114],"type":"Point"},"id":"railways:2506","properties":{"name":"Bruce Grove"},"type":"Feature"},{"geometry":{"coordinates":[-0.068617,51.559112],"type":"Point"},"id":"railways:2507","properties":{"name":"Rectory Road"},"type":"Feature"},{"geometry":{"coordinates":[-0.053865,51.6019083],"type":"Point"},"id":"railways:2508","properties":{"name":"Northumberland Park"},"type":"Feature"},{"geometry":{"coordinates":[-0.0568648,51.5616517],"type":"Point"},"id":"railways:2509","properties":{"name":"Clapton"},"type":"Feature"},{"geometry":{"coordinates":[-0.0307915,51.6555713],"type":"Point"},"id":"railways:2510","properties":{"name":"Brimsdown"},"type":"Feature"},{"geometry":{"coordinates":[-0.0285689,51.6706112],"type":"Point"},"id":"railways:2511","properties":{"name":"Enfield Lock"},"type":"Feature"},{"geometry":{"coordinates":[-0.0264754,51.6847637],"type":"Point"},"id":"railways:2512","properties":{"name":"Waltham Cross"},"type":"Feature"},{"geometry":{"coordinates":[-0.0106258,51.7468257],"type":"Point"},"id":"railways:2513","properties":{"name":"Broxbourne"},"type":"Feature"},{"geometry":{"coordinates":[0.0365138,51.7754392],"type":"Point"},"id":"railways:2514","properties":{"name":"Roydon"},"type":"Feature"},{"geometry":{"coordinates":[0.0950574,51.781293],"type":"Point"},"id":"railways:2515","properties":{"name":"Harlow Town"},"type":"Feature"},{"geometry":{"coordinates":[0.1323175,51.7904819],"type":"Point"},"id":"railways:2516","properties":{"name":"Harlow Mill"},"type":"Feature"},{"geometry":{"coordinates":[0.16054,51.8146205],"type":"Point"},"id":"railways:2517","properties":{"name":"Sawbridgeworth"},"type":"Feature"},{"geometry":{"coordinates":[0.199248,51.9012646],"type":"Point"},"id":"railways:2518","properties":{"name":"Stansted Mountfitchet"},"type":"Feature"},{"geometry":{"coordinates":[0.2277995,51.9206948],"type":"Point"},"id":"railways:2519","properties":{"name":"Elsenham"},"type":"Feature"},{"geometry":{"coordinates":[0.215334,51.9798629],"type":"Point"},"id":"railways:2520","properties":{"name":"Newport"},"type":"Feature"},{"geometry":{"coordinates":[0.2071507,52.0044551],"type":"Point"},"id":"railways:2521","properties":{"name":"Audley End"},"type":"Feature"},{"geometry":{"coordinates":[0.1657359,52.1035739],"type":"Point"},"id":"railways:2522","properties":{"name":"Whittlesford Parkway"},"type":"Feature"},{"geometry":{"coordinates":[0.1398447,52.1494347],"type":"Point"},"id":"railways:2523","properties":{"name":"Shelford"},"type":"Feature"},{"geometry":{"coordinates":[0.2621537,51.8892596],"type":"Point"},"id":"railways:2524","properties":{"name":"Stansted Airport"},"type":"Feature"},{"geometry":{"coordinates":[-0.0717505,51.7993962],"type":"Point"},"id":"railways:2525","properties":{"name":"Hertford East"},"type":"Feature"},{"geometry":{"coordinates":[-0.0287596,51.8079808],"type":"Point"},"id":"railways:2526","properties":{"name":"Ware"},"type":"Feature"},{"geometry":{"coordinates":[0.0009329,51.7881973],"type":"Point"},"id":"railways:2527","properties":{"name":"St Margarets"},"type":"Feature"},{"geometry":{"coordinates":[0.0055221,51.7693606],"type":"Point"},"id":"railways:2528","properties":{"name":"Rye House"},"type":"Feature"},{"geometry":{"coordinates":[-0.0162072,51.4685232],"type":"Point"},"id":"railways:2529","properties":{"name":"Elverson Road"},"type":"Feature"},{"geometry":{"coordinates":[-0.0223933,51.4741638],"type":"Point"},"id":"railways:2530","properties":{"name":"Deptford Bridge"},"type":"Feature"},{"geometry":{"coordinates":[-0.0144418,51.4959022],"type":"Point"},"id":"railways:2531","properties":{"name":"Crossharbour"},"type":"Feature"},{"geometry":{"coordinates":[-0.0162525,51.5000357],"type":"Point"},"id":"railways:2532","properties":{"name":"South Quay"},"type":"Feature"},{"geometry":{"coordinates":[0.0623526,51.502006],"type":"Point"},"id":"railways:2533","properties":{"name":"King George V"},"type":"Feature"},{"geometry":{"coordinates":[0.0175953,51.5091026],"type":"Point"},"id":"railways:2534","properties":{"name":"Royal Victoria"},"type":"Feature"},{"geometry":{"coordinates":[0.0259614,51.5096341],"type":"Point"},"id":"railways:2535","properties":{"name":"Custom House"},"type":"Feature"},{"geometry":{"coordinates":[0.0331521,51.5094778],"type":"Point"},"id":"railways:2536","properties":{"name":"Prince Regent"},"type":"Feature"},{"geometry":{"coordinates":[0.0458839,51.5083952],"type":"Point"},"id":"railways:2537","properties":{"name":"Royal Albert"},"type":"Feature"},{"geometry":{"coordinates":[0.0717937,51.5089622],"type":"Point"},"id":"railways:2538","properties":{"name":"Gallions Reach"},"type":"Feature"},{"geometry":{"coordinates":[0.061373,51.5143713],"type":"Point"},"id":"railways:2539","properties":{"name":"Beckton"},"type":"Feature"},{"geometry":{"coordinates":[-0.0071843,51.5079378],"type":"Point"},"id":"railways:2540","properties":{"name":"Blackwall"},"type":"Feature"},{"geometry":{"coordinates":[-0.0021873,51.5093835],"type":"Point"},"id":"railways:2541","properties":{"name":"East India"},"type":"Feature"},{"geometry":{"coordinates":[0.048542,51.5035322],"type":"Point"},"id":"railways:2542","properties":{"name":"London City Airport"},"type":"Feature"},{"geometry":{"coordinates":[0.0223323,51.5028811],"type":"Point"},"id":"railways:2543","properties":{"name":"West Silvertown"},"type":"Feature"},{"geometry":{"coordinates":[0.0332232,51.5022501],"type":"Point"},"id":"railways:2544","properties":{"name":"Pontoon Dock"},"type":"Feature"},{"geometry":{"coordinates":[-0.2597818,51.5235769],"type":"Point"},"id":"railways:2545","properties":{"name":"North Acton"},"type":"Feature"},{"geometry":{"coordinates":[-2.523221,53.5558849],"type":"Point"},"id":"railways:2546","properties":{"name":"Westhoughton"},"type":"Feature"},{"geometry":{"coordinates":[-0.223247,51.4921603],"type":"Point"},"id":"railways:2547","properties":{"name":"Hammersmith (District and Piccadilly lines)"},"type":"Feature"},{"geometry":{"coordinates":[-0.1577774,51.392945],"type":"Point"},"id":"railways:2548","properties":{"name":"Mitcham Junction"},"type":"Feature"},{"geometry":{"coordinates":[-2.5397317,53.5779831],"type":"Point"},"id":"railways:2549","properties":{"name":"Horwich Parkway"},"type":"Feature"},{"geometry":{"coordinates":[-0.0766986,51.5098481],"type":"Point"},"id":"railways:2550","properties":{"name":"Tower Hill"},"type":"Feature"},{"geometry":{"coordinates":[-1.7666786,54.6763965],"type":"Point"},"id":"railways:2551","properties":{"name":"Witton-le-Wear"},"type":"Feature"},{"geometry":{"coordinates":[-2.4015572,53.5562667],"type":"Point"},"id":"railways:2552","properties":{"name":"Moses Gate"},"type":"Feature"},{"geometry":{"coordinates":[-2.3885326,53.5504599],"type":"Point"},"id":"railways:2553","properties":{"name":"Farnworth"},"type":"Feature"},{"geometry":{"coordinates":[-0.0957274,51.7579011],"type":"Point"},"id":"railways:2554","properties":{"name":"Bayford"},"type":"Feature"},{"geometry":{"coordinates":[-0.1097981,51.7091464],"type":"Point"},"id":"railways:2555","properties":{"name":"Cuffley"},"type":"Feature"},{"geometry":{"coordinates":[-0.1072562,51.6847476],"type":"Point"},"id":"railways:2556","properties":{"name":"Crews Hill"},"type":"Feature"},{"geometry":{"coordinates":[-0.0942203,51.6629506],"type":"Point"},"id":"railways:2557","properties":{"name":"Gordon Hill"},"type":"Feature"},{"geometry":{"coordinates":[-0.0969391,51.6433292],"type":"Point"},"id":"railways:2558","properties":{"name":"Grange Park"},"type":"Feature"},{"geometry":{"coordinates":[-0.1101687,51.6186609],"type":"Point"},"id":"railways:2559","properties":{"name":"Palmers Green"},"type":"Feature"},{"geometry":{"coordinates":[-0.1116832,51.5863215],"type":"Point"},"id":"railways:2560","properties":{"name":"Hornsey"},"type":"Feature"},{"geometry":{"coordinates":[-0.0922384,51.7986797],"type":"Point"},"id":"railways:2561","properties":{"name":"Hertford North"},"type":"Feature"},{"geometry":{"coordinates":[-0.1204848,51.6071861],"type":"Point"},"id":"railways:2562","properties":{"name":"Bowes Park"},"type":"Feature"},{"geometry":{"coordinates":[-0.2499296,51.5954091],"type":"Point"},"id":"railways:2563","properties":{"name":"Colindale"},"type":"Feature"},{"geometry":{"coordinates":[-0.194027,51.5723003],"type":"Point"},"id":"railways:2564","properties":{"name":"Golders Green"},"type":"Feature"},{"geometry":{"coordinates":[-0.4213375,51.5714026],"type":"Point"},"id":"railways:2565","properties":{"name":"Ruislip"},"type":"Feature"},{"geometry":{"coordinates":[-0.3714658,51.5752109],"type":"Point"},"id":"railways:2566","properties":{"name":"Rayners Lane"},"type":"Feature"},{"geometry":{"coordinates":[-0.250749,51.5543358],"type":"Point"},"id":"railways:2567","properties":{"name":"Neasden"},"type":"Feature"},{"geometry":{"coordinates":[-1.9372088,52.1172969],"type":"Point"},"id":"railways:2568","properties":{"name":"The Valley Railway Adventure"},"type":"Feature"},{"geometry":{"coordinates":[-0.4239942,51.4665357],"type":"Point"},"id":"railways:2569","properties":{"name":"Hatton Cross"},"type":"Feature"},{"geometry":{"coordinates":[-0.3518348,51.4815507],"type":"Point"},"id":"railways:2570","properties":{"name":"Osterley"},"type":"Feature"},{"geometry":{"coordinates":[-0.2458881,51.4949692],"type":"Point"},"id":"railways:2571","properties":{"name":"Stamford Brook"},"type":"Feature"},{"geometry":{"coordinates":[-0.2546948,51.4951314],"type":"Point"},"id":"railways:2572","properties":{"name":"Turnham Green"},"type":"Feature"},{"geometry":{"coordinates":[-0.2678739,51.4945622],"type":"Point"},"id":"railways:2573","properties":{"name":"Chiswick Park"},"type":"Feature"},{"geometry":{"coordinates":[-2.0893199,53.4140086],"type":"Point"},"id":"railways:2574","properties":{"name":"Romiley"},"type":"Feature"},{"geometry":{"coordinates":[-2.1104918,53.4230377],"type":"Point"},"id":"railways:2575","properties":{"name":"Bredbury"},"type":"Feature"},{"geometry":{"coordinates":[-2.1952305,53.4718438],"type":"Point"},"id":"railways:2576","properties":{"name":"Ashburys"},"type":"Feature"},{"geometry":{"coordinates":[-2.1800733,53.4614732],"type":"Point"},"id":"railways:2577","properties":{"name":"Belle Vue"},"type":"Feature"},{"geometry":{"coordinates":[-1.6260289,53.3055623],"type":"Point"},"id":"railways:2578","properties":{"name":"Grindleford"},"type":"Feature"},{"geometry":{"coordinates":[-1.6894024,53.3391287],"type":"Point"},"id":"railways:2579","properties":{"name":"Bamford"},"type":"Feature"},{"geometry":{"coordinates":[-1.8172462,53.3648176],"type":"Point"},"id":"railways:2580","properties":{"name":"Edale"},"type":"Feature"},{"geometry":{"coordinates":[-2.0055693,53.3648638],"type":"Point"},"id":"railways:2581","properties":{"name":"New Mills Central"},"type":"Feature"},{"geometry":{"coordinates":[-2.0333062,53.374569],"type":"Point"},"id":"railways:2582","properties":{"name":"Strines"},"type":"Feature"},{"geometry":{"coordinates":[-2.0572003,53.4006474],"type":"Point"},"id":"railways:2583","properties":{"name":"Marple"},"type":"Feature"},{"geometry":{"coordinates":[-2.7322101,53.2318152],"type":"Point"},"id":"railways:2584","properties":{"name":"Mouldsworth"},"type":"Feature"},{"geometry":{"coordinates":[-2.6665302,53.2288345],"type":"Point"},"id":"railways:2585","properties":{"name":"Delamere"},"type":"Feature"},{"geometry":{"coordinates":[-2.5995386,53.2399223],"type":"Point"},"id":"railways:2586","properties":{"name":"Cuddington"},"type":"Feature"},{"geometry":{"coordinates":[-2.5344589,53.2514201],"type":"Point"},"id":"railways:2587","properties":{"name":"Greenbank"},"type":"Feature"},{"geometry":{"coordinates":[-2.4968484,53.2613648],"type":"Point"},"id":"railways:2588","properties":{"name":"Northwich"},"type":"Feature"},{"geometry":{"coordinates":[-2.4196724,53.2748823],"type":"Point"},"id":"railways:2589","properties":{"name":"Plumley"},"type":"Feature"},{"geometry":{"coordinates":[-2.3721765,53.3015965],"type":"Point"},"id":"railways:2590","properties":{"name":"Knutsford"},"type":"Feature"},{"geometry":{"coordinates":[-2.3470824,53.3876561],"type":"Point"},"id":"railways:2591","properties":{"name":"Altrincham"},"type":"Feature"},{"geometry":{"coordinates":[-2.3474975,53.3785218],"type":"Point"},"id":"railways:2592","properties":{"name":"Hale"},"type":"Feature"},{"geometry":{"coordinates":[-0.193903,51.4916123],"type":"Point"},"id":"railways:2593","properties":{"name":"Earl's Court"},"type":"Feature"},{"geometry":{"coordinates":[0.1265241,51.5403111],"type":"Point"},"id":"railways:2594","properties":{"name":"Becontree"},"type":"Feature"},{"geometry":{"coordinates":[-0.4117997,51.5733973],"type":"Point"},"id":"railways:2595","properties":{"name":"Ruislip Manor"},"type":"Feature"},{"geometry":{"coordinates":[-0.3695247,51.5484582],"type":"Point"},"id":"railways:2596","properties":{"name":"Northolt"},"type":"Feature"},{"geometry":{"coordinates":[-0.3225887,51.5364952],"type":"Point"},"id":"railways:2597","properties":{"name":"Perivale"},"type":"Feature"},{"geometry":{"coordinates":[0.1033213,51.6717759],"type":"Point"},"id":"railways:2598","properties":{"name":"Theydon Bois"},"type":"Feature"},{"geometry":{"coordinates":[0.0553234,51.6412266],"type":"Point"},"id":"railways:2599","properties":{"name":"Loughton"},"type":"Feature"},{"geometry":{"coordinates":[0.0340219,51.6068074],"type":"Point"},"id":"railways:2600","properties":{"name":"Woodford"},"type":"Feature"},{"geometry":{"coordinates":[-0.2936453,51.5303098],"type":"Point"},"id":"railways:2601","properties":{"name":"Hanger Lane"},"type":"Feature"},{"geometry":{"coordinates":[0.2347689,51.5582655],"type":"Point"},"id":"railways:2602","properties":{"name":"Upminster Bridge"},"type":"Feature"},{"geometry":{"coordinates":[0.2181092,51.5538747],"type":"Point"},"id":"railways:2603","properties":{"name":"Hornchurch"},"type":"Feature"},{"geometry":{"coordinates":[0.1649496,51.544018],"type":"Point"},"id":"railways:2604","properties":{"name":"Dagenham East"},"type":"Feature"},{"geometry":{"coordinates":[0.1456377,51.5415534],"type":"Point"},"id":"railways:2605","properties":{"name":"Dagenham Heathway"},"type":"Feature"},{"geometry":{"coordinates":[-0.3026271,51.6188526],"type":"Point"},"id":"railways:2606","properties":{"name":"Stanmore"},"type":"Feature"},{"geometry":{"coordinates":[-0.2947453,51.6080065],"type":"Point"},"id":"railways:2607","properties":{"name":"Canons Park"},"type":"Feature"},{"geometry":{"coordinates":[0.1974303,51.549579],"type":"Point"},"id":"railways:2608","properties":{"name":"Elm Park"},"type":"Feature"},{"geometry":{"coordinates":[-0.0051322,51.5568183],"type":"Point"},"id":"railways:2609","properties":{"name":"Leyton"},"type":"Feature"},{"geometry":{"coordinates":[-0.2112429,51.4586138],"type":"Point"},"id":"railways:2610","properties":{"name":"East Putney"},"type":"Feature"},{"geometry":{"coordinates":[-1.9302115,53.6032403],"type":"Point"},"id":"railways:2611","properties":{"name":"Marsden"},"type":"Feature"},{"geometry":{"coordinates":[-2.1677485,53.4689321],"type":"Point"},"id":"railways:2612","properties":{"name":"Gorton"},"type":"Feature"},{"geometry":{"coordinates":[-2.1449235,53.4713232],"type":"Point"},"id":"railways:2613","properties":{"name":"Fairfield"},"type":"Feature"},{"geometry":{"coordinates":[-2.0142364,53.5387491],"type":"Point"},"id":"railways:2614","properties":{"name":"Greenfield"},"type":"Feature"},{"geometry":{"coordinates":[-0.1143345,51.5109659],"type":"Point"},"id":"railways:2615","properties":{"name":"Temple"},"type":"Feature"},{"geometry":{"coordinates":[-0.0199941,51.582893],"type":"Point"},"id":"railways:2616","properties":{"name":"Walthamstow Central"},"type":"Feature"},{"geometry":{"coordinates":[-0.065494,51.4125768],"type":"Point"},"id":"railways:2617","properties":{"name":"Anerley"},"type":"Feature"},{"geometry":{"coordinates":[-2.0041243,52.8486248],"type":"Point"},"id":"railways:2618","properties":{"name":"Chartley Halt"},"type":"Feature"},{"geometry":{"coordinates":[-2.0104669,52.8478506],"type":"Point"},"id":"railways:2619","properties":{"name":"Amerton Station"},"type":"Feature"},{"geometry":{"coordinates":[-0.3000963,51.5408036],"type":"Point"},"id":"railways:2620","properties":{"name":"Alperton"},"type":"Feature"},{"geometry":{"coordinates":[-0.1242695,51.5130942],"type":"Point"},"id":"railways:2621","properties":{"name":"Covent Garden"},"type":"Feature"},{"geometry":{"coordinates":[-0.1742097,51.5353523],"type":"Point"},"id":"railways:2622","properties":{"name":"St. John's Wood"},"type":"Feature"},{"geometry":{"coordinates":[0.0526042,51.5394005],"type":"Point"},"id":"railways:2623","properties":{"name":"East Ham"},"type":"Feature"},{"geometry":{"coordinates":[-0.0123189,51.5246287],"type":"Point"},"id":"railways:2624","properties":{"name":"Bromley-by-Bow"},"type":"Feature"},{"geometry":{"coordinates":[-0.0186272,51.5035036],"type":"Point"},"id":"railways:2625","properties":{"name":"Canary Wharf"},"type":"Feature"},{"geometry":{"coordinates":[-0.2244449,51.5306063],"type":"Point"},"id":"railways:2626","properties":{"name":"Kensal Green"},"type":"Feature"},{"geometry":{"coordinates":[-0.257833,51.5363567],"type":"Point"},"id":"railways:2627","properties":{"name":"Harlesden"},"type":"Feature"},{"geometry":{"coordinates":[-0.1899646,51.5468194],"type":"Point"},"id":"railways:2628","properties":{"name":"West Hampstead"},"type":"Feature"},{"geometry":{"coordinates":[-0.0643453,51.4977004],"type":"Point"},"id":"railways:2629","properties":{"name":"Bermondsey"},"type":"Feature"},{"geometry":{"coordinates":[-0.1429437,51.5066244],"type":"Point"},"id":"railways:2630","properties":{"name":"Green Park"},"type":"Feature"},{"geometry":{"coordinates":[-2.1792895,53.4259927],"type":"Point"},"id":"railways:2631","properties":{"name":"Heaton Chapel"},"type":"Feature"},{"geometry":{"coordinates":[-2.1924594,53.1577982],"type":"Point"},"id":"railways:2632","properties":{"name":"Congleton"},"type":"Feature"},{"geometry":{"coordinates":[-2.1453161,53.2931107],"type":"Point"},"id":"railways:2633","properties":{"name":"Prestbury"},"type":"Feature"},{"geometry":{"coordinates":[-2.1336443,53.3197238],"type":"Point"},"id":"railways:2634","properties":{"name":"Adlington (Cheshire)"},"type":"Feature"},{"geometry":{"coordinates":[-0.4775114,51.546655],"type":"Point"},"id":"railways:2635","properties":{"name":"Uxbridge"},"type":"Feature"},{"geometry":{"coordinates":[-0.4504637,51.5536028],"type":"Point"},"id":"railways:2636","properties":{"name":"Hillingdon"},"type":"Feature"},{"geometry":{"coordinates":[-0.2265662,51.5017564],"type":"Point"},"id":"railways:2637","properties":{"name":"Goldhawk Road"},"type":"Feature"},{"geometry":{"coordinates":[-0.2183251,51.5043576],"type":"Point"},"id":"railways:2638","properties":{"name":"Shepherd's Bush"},"type":"Feature"},{"geometry":{"coordinates":[-0.2177873,51.5134749],"type":"Point"},"id":"railways:2639","properties":{"name":"Latimer Road"},"type":"Feature"},{"geometry":{"coordinates":[-0.1943721,51.5350704],"type":"Point"},"id":"railways:2640","properties":{"name":"Kilburn Park"},"type":"Feature"},{"geometry":{"coordinates":[-0.1874439,51.5190222],"type":"Point"},"id":"railways:2641","properties":{"name":"Royal Oak"},"type":"Feature"},{"geometry":{"coordinates":[-0.1883854,51.5122764],"type":"Point"},"id":"railways:2642","properties":{"name":"Bayswater"},"type":"Feature"},{"geometry":{"coordinates":[-0.1921096,51.5002995],"type":"Point"},"id":"railways:2643","properties":{"name":"High Street Kensington"},"type":"Feature"},{"geometry":{"coordinates":[-0.1837696,51.4945266],"type":"Point"},"id":"railways:2644","properties":{"name":"Gloucester Road"},"type":"Feature"},{"geometry":{"coordinates":[-0.1582531,51.513435],"type":"Point"},"id":"railways:2645","properties":{"name":"Marble Arch"},"type":"Feature"},{"geometry":{"coordinates":[-0.1437048,51.5238146],"type":"Point"},"id":"railways:2646","properties":{"name":"Great Portland Street"},"type":"Feature"},{"geometry":{"coordinates":[-0.1385303,51.5247178],"type":"Point"},"id":"railways:2647","properties":{"name":"Warren Street"},"type":"Feature"},{"geometry":{"coordinates":[-0.1343573,51.5205978],"type":"Point"},"id":"railways:2648","properties":{"name":"Goodge Street"},"type":"Feature"},{"geometry":{"coordinates":[-0.1036544,51.5463679],"type":"Point"},"id":"railways:2649","properties":{"name":"Highbury & Islington"},"type":"Feature"},{"geometry":{"coordinates":[-2.9466548,53.4024926],"type":"Point"},"id":"railways:2650","properties":{"name":"Edge Hill"},"type":"Feature"},{"geometry":{"coordinates":[-2.914829,53.3785566],"type":"Point"},"id":"railways:2651","properties":{"name":"Mossley Hill"},"type":"Feature"},{"geometry":{"coordinates":[-2.9071937,53.3693253],"type":"Point"},"id":"railways:2652","properties":{"name":"West Allerton"},"type":"Feature"},{"geometry":{"coordinates":[-2.830106,53.364495],"type":"Point"},"id":"railways:2653","properties":{"name":"Halewood"},"type":"Feature"},{"geometry":{"coordinates":[-2.7752696,53.3725786],"type":"Point"},"id":"railways:2654","properties":{"name":"Hough Green"},"type":"Feature"},{"geometry":{"coordinates":[-2.6369293,53.3937436],"type":"Point"},"id":"railways:2655","properties":{"name":"Warrington West"},"type":"Feature"},{"geometry":{"coordinates":[-2.6505871,53.3923448],"type":"Point"},"id":"railways:2656","properties":{"name":"Sankey for Penketh"},"type":"Feature"},{"geometry":{"coordinates":[-2.3116958,53.4547767],"type":"Point"},"id":"railways:2657","properties":{"name":"Trafford Park"},"type":"Feature"},{"geometry":{"coordinates":[-2.3272609,53.4523337],"type":"Point"},"id":"railways:2658","properties":{"name":"Humphrey Park"},"type":"Feature"},{"geometry":{"coordinates":[-2.3839554,53.4437085],"type":"Point"},"id":"railways:2659","properties":{"name":"Flixton"},"type":"Feature"},{"geometry":{"coordinates":[-2.3678327,53.4461647],"type":"Point"},"id":"railways:2660","properties":{"name":"Chassen Road"},"type":"Feature"},{"geometry":{"coordinates":[-2.3536565,53.4483208],"type":"Point"},"id":"railways:2661","properties":{"name":"Urmston"},"type":"Feature"},{"geometry":{"coordinates":[-2.4328454,53.4342044],"type":"Point"},"id":"railways:2662","properties":{"name":"Irlam"},"type":"Feature"},{"geometry":{"coordinates":[-2.5251395,53.4127822],"type":"Point"},"id":"railways:2663","properties":{"name":"Birchwood"},"type":"Feature"},{"geometry":{"coordinates":[-2.5569297,53.4056193],"type":"Point"},"id":"railways:2664","properties":{"name":"Padgate"},"type":"Feature"},{"geometry":{"coordinates":[-2.5924167,53.3919402],"type":"Point"},"id":"railways:2665","properties":{"name":"Warrington Central"},"type":"Feature"},{"geometry":{"coordinates":[-0.6430066,52.9065217],"type":"Point"},"id":"railways:2666","properties":{"name":"Grantham"},"type":"Feature"},{"geometry":{"coordinates":[-1.0793598,52.9614057],"type":"Point"},"id":"railways:2667","properties":{"name":"Netherfield"},"type":"Feature"},{"geometry":{"coordinates":[0.2664989,52.3906885],"type":"Point"},"id":"railways:2668","properties":{"name":"Ely"},"type":"Feature"},{"geometry":{"coordinates":[-1.1454909,52.7494311],"type":"Point"},"id":"railways:2669","properties":{"name":"Barrow-upon-Soar"},"type":"Feature"},{"geometry":{"coordinates":[-1.0825247,52.6940888],"type":"Point"},"id":"railways:2670","properties":{"name":"Syston"},"type":"Feature"},{"geometry":{"coordinates":[-0.9001231,53.0651443],"type":"Point"},"id":"railways:2671","properties":{"name":"Rolleston"},"type":"Feature"},{"geometry":{"coordinates":[-0.8131753,53.0802549],"type":"Point"},"id":"railways:2672","properties":{"name":"Newark Castle"},"type":"Feature"},{"geometry":{"coordinates":[-0.9118374,53.0606002],"type":"Point"},"id":"railways:2673","properties":{"name":"Fiskerton"},"type":"Feature"},{"geometry":{"coordinates":[-0.9435609,53.0414796],"type":"Point"},"id":"railways:2674","properties":{"name":"Bleasby"},"type":"Feature"},{"geometry":{"coordinates":[-0.9622591,53.0289716],"type":"Point"},"id":"railways:2675","properties":{"name":"Thurgarton"},"type":"Feature"},{"geometry":{"coordinates":[-0.9982248,53.0064332],"type":"Point"},"id":"railways:2676","properties":{"name":"Lowdham"},"type":"Feature"},{"geometry":{"coordinates":[-1.0787671,52.9650524],"type":"Point"},"id":"railways:2677","properties":{"name":"Carlton"},"type":"Feature"},{"geometry":{"coordinates":[-1.0412134,52.9832944],"type":"Point"},"id":"railways:2678","properties":{"name":"Burton Joyce"},"type":"Feature"},{"geometry":{"coordinates":[-1.2311523,52.9064132],"type":"Point"},"id":"railways:2679","properties":{"name":"Attenborough"},"type":"Feature"},{"geometry":{"coordinates":[-1.4858584,52.9882284],"type":"Point"},"id":"railways:2680","properties":{"name":"Duffield"},"type":"Feature"},{"geometry":{"coordinates":[-1.4825631,53.0242729],"type":"Point"},"id":"railways:2681","properties":{"name":"Belper"},"type":"Feature"},{"geometry":{"coordinates":[-1.5042939,53.0834695],"type":"Point"},"id":"railways:2682","properties":{"name":"Whatstandwell"},"type":"Feature"},{"geometry":{"coordinates":[-1.5490661,53.1129115],"type":"Point"},"id":"railways:2683","properties":{"name":"Cromford"},"type":"Feature"},{"geometry":{"coordinates":[-1.5585511,53.1381136],"type":"Point"},"id":"railways:2684","properties":{"name":"Matlock"},"type":"Feature"},{"geometry":{"coordinates":[-1.5568716,53.1225529],"type":"Point"},"id":"railways:2685","properties":{"name":"Matlock Bath"},"type":"Feature"},{"geometry":{"coordinates":[-2.1929575,53.4449044],"type":"Point"},"id":"railways:2686","properties":{"name":"Levenshulme"},"type":"Feature"},{"geometry":{"coordinates":[-2.2136737,53.346446],"type":"Point"},"id":"railways:2687","properties":{"name":"Handforth"},"type":"Feature"},{"geometry":{"coordinates":[-2.2804386,53.2704221],"type":"Point"},"id":"railways:2688","properties":{"name":"Chelford"},"type":"Feature"},{"geometry":{"coordinates":[-2.3511004,53.1992752],"type":"Point"},"id":"railways:2689","properties":{"name":"Holmes Chapel"},"type":"Feature"},{"geometry":{"coordinates":[-2.3937143,53.1502448],"type":"Point"},"id":"railways:2690","properties":{"name":"Sandbach"},"type":"Feature"},{"geometry":{"coordinates":[-0.1057696,51.5531063],"type":"Point"},"id":"railways:2691","properties":{"name":"Drayton Park"},"type":"Feature"},{"geometry":{"coordinates":[0.2615497,51.8911955],"type":"Point"},"id":"railways:2692","properties":{"name":"Main Terminal Building (Arrivals)"},"type":"Feature"},{"geometry":{"coordinates":[-0.222223,51.5493524],"type":"Point"},"id":"railways:2693","properties":{"name":"Willesden Green"},"type":"Feature"},{"geometry":{"coordinates":[-0.2053385,51.5469889],"type":"Point"},"id":"railways:2694","properties":{"name":"Kilburn"},"type":"Feature"},{"geometry":{"coordinates":[-0.280413,51.5183524],"type":"Point"},"id":"railways:2695","properties":{"name":"West Acton"},"type":"Feature"},{"geometry":{"coordinates":[-0.3004127,51.4632072],"type":"Point"},"id":"railways:2696","properties":{"name":"Richmond"},"type":"Feature"},{"geometry":{"coordinates":[-0.2755244,51.4913757],"type":"Point"},"id":"railways:2697","properties":{"name":"Gunnersbury"},"type":"Feature"},{"geometry":{"coordinates":[-0.2762285,51.5441099],"type":"Point"},"id":"railways:2698","properties":{"name":"Stonebridge Park"},"type":"Feature"},{"geometry":{"coordinates":[-0.2435041,51.5321956],"type":"Point"},"id":"railways:2699","properties":{"name":"Willesden Junction"},"type":"Feature"},{"geometry":{"coordinates":[-2.1521585,53.390734],"type":"Point"},"id":"railways:2700","properties":{"name":"Davenport"},"type":"Feature"},{"geometry":{"coordinates":[-2.1412433,53.3861409],"type":"Point"},"id":"railways:2701","properties":{"name":"Woodsmoor"},"type":"Feature"},{"geometry":{"coordinates":[-2.1221506,53.3774667],"type":"Point"},"id":"railways:2702","properties":{"name":"Hazel Grove"},"type":"Feature"},{"geometry":{"coordinates":[-2.0426188,53.3582435],"type":"Point"},"id":"railways:2703","properties":{"name":"Disley"},"type":"Feature"},{"geometry":{"coordinates":[-2.0082028,53.3594641],"type":"Point"},"id":"railways:2704","properties":{"name":"New Mills Newtown"},"type":"Feature"},{"geometry":{"coordinates":[-1.9888665,53.348808],"type":"Point"},"id":"railways:2705","properties":{"name":"Furness Vale"},"type":"Feature"},{"geometry":{"coordinates":[-1.9183726,53.3120572],"type":"Point"},"id":"railways:2706","properties":{"name":"Chapel-en-le-Frith"},"type":"Feature"},{"geometry":{"coordinates":[-1.8897118,53.3001375],"type":"Point"},"id":"railways:2707","properties":{"name":"Dove Holes"},"type":"Feature"},{"geometry":{"coordinates":[-0.2390026,51.5519333],"type":"Point"},"id":"railways:2708","properties":{"name":"Dollis Hill"},"type":"Feature"},{"geometry":{"coordinates":[-0.2014098,51.5209265],"type":"Point"},"id":"railways:2709","properties":{"name":"Westbourne Park"},"type":"Feature"},{"geometry":{"coordinates":[-0.2698979,51.4997225],"type":"Point"},"id":"railways:2710","properties":{"name":"South Acton"},"type":"Feature"},{"geometry":{"coordinates":[-0.284962,51.4771341],"type":"Point"},"id":"railways:2711","properties":{"name":"Kew Gardens"},"type":"Feature"},{"geometry":{"coordinates":[-2.686555,53.6985644],"type":"Point"},"id":"railways:2712","properties":{"name":"Leyland"},"type":"Feature"},{"geometry":{"coordinates":[-3.2193738,55.9451838],"type":"Point"},"id":"railways:2713","properties":{"name":"Haymarket"},"type":"Feature"},{"geometry":{"coordinates":[-2.7588031,54.6619974],"type":"Point"},"id":"railways:2714","properties":{"name":"Penrith (North Lakes)"},"type":"Feature"},{"geometry":{"coordinates":[-3.3537892,55.1224062],"type":"Point"},"id":"railways:2715","properties":{"name":"Lockerbie"},"type":"Feature"},{"geometry":{"coordinates":[0.0793235,51.5402677],"type":"Point"},"id":"railways:2716","properties":{"name":"Barking"},"type":"Feature"},{"geometry":{"coordinates":[-0.2111019,51.5172639],"type":"Point"},"id":"railways:2717","properties":{"name":"Ladbroke Grove"},"type":"Feature"},{"geometry":{"coordinates":[0.099626,51.538266],"type":"Point"},"id":"railways:2718","properties":{"name":"Upney"},"type":"Feature"},{"geometry":{"coordinates":[-4.2949612,55.8523711],"type":"Point"},"id":"railways:2719","properties":{"name":"Cessnock"},"type":"Feature"},{"geometry":{"coordinates":[-0.2054958,51.533873],"type":"Point"},"id":"railways:2720","properties":{"name":"Queen's Park"},"type":"Feature"},{"geometry":{"coordinates":[-0.0599442,51.588123],"type":"Point"},"id":"railways:2721","properties":{"name":"Tottenham Hale"},"type":"Feature"},{"geometry":{"coordinates":[-0.2054639,51.507192],"type":"Point"},"id":"railways:2722","properties":{"name":"Holland Park"},"type":"Feature"},{"geometry":{"coordinates":[-0.1355703,51.5256866],"type":"Point"},"id":"railways:2723","properties":{"name":"Euston Square"},"type":"Feature"},{"geometry":{"coordinates":[-0.1395276,51.5419498],"type":"Point"},"id":"railways:2724","properties":{"name":"Camden Road"},"type":"Feature"},{"geometry":{"coordinates":[-0.0500855,51.610003],"type":"Point"},"id":"railways:2725","properties":{"name":"Meridian Water"},"type":"Feature"},{"geometry":{"coordinates":[-0.0544564,51.4879512],"type":"Point"},"id":"railways:2726","properties":{"name":"South Bermondsey"},"type":"Feature"},{"geometry":{"coordinates":[-1.2699542,51.7534512],"type":"Point"},"id":"railways:2727","properties":{"name":"Oxford"},"type":"Feature"},{"geometry":{"coordinates":[0.0286373,51.575646],"type":"Point"},"id":"railways:2728","properties":{"name":"Wanstead"},"type":"Feature"},{"geometry":{"coordinates":[-0.1872329,51.5104729],"type":"Point"},"id":"railways:2729","properties":{"name":"Queensway"},"type":"Feature"},{"geometry":{"coordinates":[-0.0107517,51.4817267],"type":"Point"},"id":"railways:2730","properties":{"name":"Cutty Sark for Maritime Greenwich"},"type":"Feature"},{"geometry":{"coordinates":[0.6394272,51.8059244],"type":"Point"},"id":"railways:2731","properties":{"name":"Witham"},"type":"Feature"},{"geometry":{"coordinates":[0.7945675,51.531446],"type":"Point"},"id":"railways:2732","properties":{"name":"Shoeburyness"},"type":"Feature"},{"geometry":{"coordinates":[0.0059223,51.5460532],"type":"Point"},"id":"railways:2733","properties":{"name":"Maryland"},"type":"Feature"},{"geometry":{"coordinates":[-0.1920126,51.5473011],"type":"Point"},"id":"railways:2734","properties":{"name":"West Hampstead"},"type":"Feature"},{"geometry":{"coordinates":[-0.0739505,51.5106288],"type":"Point"},"id":"railways:2735","properties":{"name":"Tower Gateway"},"type":"Feature"},{"geometry":{"coordinates":[-0.0139562,51.4656437],"type":"Point"},"id":"railways:2736","properties":{"name":"Lewisham"},"type":"Feature"},{"geometry":{"coordinates":[-0.192322,51.5484242],"type":"Point"},"id":"railways:2737","properties":{"name":"West Hampstead Thameslink"},"type":"Feature"},{"geometry":{"coordinates":[-0.0886537,51.3922136],"type":"Point"},"id":"railways:2738","properties":{"name":"Selhurst"},"type":"Feature"},{"geometry":{"coordinates":[-0.4877251,51.4722216],"type":"Point"},"id":"railways:2739","properties":{"name":"Heathrow Terminal 5"},"type":"Feature"},{"geometry":{"coordinates":[-0.0016791,51.587041],"type":"Point"},"id":"railways:2740","properties":{"name":"Wood Street"},"type":"Feature"},{"geometry":{"coordinates":[-0.3569524,51.6025533],"type":"Point"},"id":"railways:2741","properties":{"name":"Headstone Lane"},"type":"Feature"},{"geometry":{"coordinates":[-0.3687836,51.6095781],"type":"Point"},"id":"railways:2742","properties":{"name":"Hatch End"},"type":"Feature"},{"geometry":{"coordinates":[-2.5151778,53.539359],"type":"Point"},"id":"railways:2743","properties":{"name":"Daisy Hill"},"type":"Feature"},{"geometry":{"coordinates":[-2.3527491,53.5163626],"type":"Point"},"id":"railways:2744","properties":{"name":"Moorside"},"type":"Feature"},{"geometry":{"coordinates":[-2.395748,53.5197861],"type":"Point"},"id":"railways:2745","properties":{"name":"Walkden"},"type":"Feature"},{"geometry":{"coordinates":[-2.4778339,53.5290757],"type":"Point"},"id":"railways:2746","properties":{"name":"Atherton"},"type":"Feature"},{"geometry":{"coordinates":[-0.0376125,51.4642287],"type":"Point"},"id":"railways:2747","properties":{"name":"Brockley"},"type":"Feature"},{"geometry":{"coordinates":[0.0450354,51.5521996],"type":"Point"},"id":"railways:2748","properties":{"name":"Manor Park"},"type":"Feature"},{"geometry":{"coordinates":[0.0232808,51.549251],"type":"Point"},"id":"railways:2749","properties":{"name":"Forest Gate"},"type":"Feature"},{"geometry":{"coordinates":[-1.2425171,51.6112197],"type":"Point"},"id":"railways:2750","properties":{"name":"Didcot Parkway"},"type":"Feature"},{"geometry":{"coordinates":[-0.9723182,51.4592197],"type":"Point"},"id":"railways:2751","properties":{"name":"Reading"},"type":"Feature"},{"geometry":{"coordinates":[-3.000425,51.5887675],"type":"Point"},"id":"railways:2752","properties":{"name":"Newport"},"type":"Feature"},{"geometry":{"coordinates":[-3.1797057,51.4755495],"type":"Point"},"id":"railways:2753","properties":{"name":"Cardiff Central"},"type":"Feature"},{"geometry":{"coordinates":[-2.542979,51.5138815],"type":"Point"},"id":"railways:2754","properties":{"name":"Bristol Parkway"},"type":"Feature"},{"geometry":{"coordinates":[-2.3567189,51.3776019],"type":"Point"},"id":"railways:2755","properties":{"name":"Bath Spa"},"type":"Feature"},{"geometry":{"coordinates":[-1.074364,51.4333628],"type":"Point"},"id":"railways:2756","properties":{"name":"Theale"},"type":"Feature"},{"geometry":{"coordinates":[-1.5114295,51.4147137],"type":"Point"},"id":"railways:2757","properties":{"name":"Hungerford"},"type":"Feature"},{"geometry":{"coordinates":[-1.5988642,51.379545],"type":"Point"},"id":"railways:2758","properties":{"name":"Bedwyn"},"type":"Feature"},{"geometry":{"coordinates":[-5.4439212,50.1705718],"type":"Point"},"id":"railways:2759","properties":{"name":"St Erth"},"type":"Feature"},{"geometry":{"coordinates":[-5.2977246,50.2102433],"type":"Point"},"id":"railways:2760","properties":{"name":"Camborne"},"type":"Feature"},{"geometry":{"coordinates":[-5.2258998,50.2331289],"type":"Point"},"id":"railways:2761","properties":{"name":"Redruth"},"type":"Feature"},{"geometry":{"coordinates":[-4.7893307,50.3395984],"type":"Point"},"id":"railways:2762","properties":{"name":"St Austell"},"type":"Feature"},{"geometry":{"coordinates":[-4.7046126,50.3557151],"type":"Point"},"id":"railways:2763","properties":{"name":"Par"},"type":"Feature"},{"geometry":{"coordinates":[-4.6660608,50.4071311],"type":"Point"},"id":"railways:2764","properties":{"name":"Lostwithiel"},"type":"Feature"},{"geometry":{"coordinates":[-4.6627595,50.4460054],"type":"Point"},"id":"railways:2765","properties":{"name":"Bodmin Parkway"},"type":"Feature"},{"geometry":{"coordinates":[-4.4695293,50.4468194],"type":"Point"},"id":"railways:2766","properties":{"name":"Liskeard"},"type":"Feature"},{"geometry":{"coordinates":[-3.6887478,50.4359143],"type":"Point"},"id":"railways:2767","properties":{"name":"Totnes"},"type":"Feature"},{"geometry":{"coordinates":[-3.5992265,50.5301513],"type":"Point"},"id":"railways:2768","properties":{"name":"Newton Abbot"},"type":"Feature"},{"geometry":{"coordinates":[-3.3597427,50.9170751],"type":"Point"},"id":"railways:2769","properties":{"name":"Tiverton Parkway"},"type":"Feature"},{"geometry":{"coordinates":[-2.3100294,51.2272327],"type":"Point"},"id":"railways:2770","properties":{"name":"Frome"},"type":"Feature"},{"geometry":{"coordinates":[-1.7706911,51.3422347],"type":"Point"},"id":"railways:2771","properties":{"name":"Pewsey"},"type":"Feature"},{"geometry":{"coordinates":[-2.1997296,51.2663283],"type":"Point"},"id":"railways:2772","properties":{"name":"Westbury"},"type":"Feature"},{"geometry":{"coordinates":[-0.9907169,51.4546483],"type":"Point"},"id":"railways:2773","properties":{"name":"Reading West"},"type":"Feature"},{"geometry":{"coordinates":[-1.2427417,51.3938591],"type":"Point"},"id":"railways:2774","properties":{"name":"Thatcham"},"type":"Feature"},{"geometry":{"coordinates":[-1.4457051,51.4026132],"type":"Point"},"id":"railways:2775","properties":{"name":"Kintbury"},"type":"Feature"},{"geometry":{"coordinates":[-2.3567991,52.0798427],"type":"Point"},"id":"railways:2776","properties":{"name":"Colwall"},"type":"Feature"},{"geometry":{"coordinates":[-2.4256108,52.0452528],"type":"Point"},"id":"railways:2777","properties":{"name":"Ledbury"},"type":"Feature"},{"geometry":{"coordinates":[-2.0723991,52.1307399],"type":"Point"},"id":"railways:2778","properties":{"name":"Pershore"},"type":"Feature"},{"geometry":{"coordinates":[-1.4897686,51.8723271],"type":"Point"},"id":"railways:2779","properties":{"name":"Charlbury"},"type":"Feature"},{"geometry":{"coordinates":[-2.3181313,52.1093038],"type":"Point"},"id":"railways:2780","properties":{"name":"Great Malvern"},"type":"Feature"},{"geometry":{"coordinates":[-2.2093282,52.1950309],"type":"Point"},"id":"railways:2781","properties":{"name":"Worcester Shrub Hill"},"type":"Feature"},{"geometry":{"coordinates":[-1.7002657,51.9921819],"type":"Point"},"id":"railways:2782","properties":{"name":"Moreton-in-Marsh"},"type":"Feature"},{"geometry":{"coordinates":[-1.9472858,52.0984969],"type":"Point"},"id":"railways:2783","properties":{"name":"Evesham"},"type":"Feature"},{"geometry":{"coordinates":[-1.8336821,52.1016406],"type":"Point"},"id":"railways:2784","properties":{"name":"Honeybourne"},"type":"Feature"},{"geometry":{"coordinates":[-1.628532,51.9024116],"type":"Point"},"id":"railways:2785","properties":{"name":"Kingham"},"type":"Feature"},{"geometry":{"coordinates":[-1.3726319,51.8247081],"type":"Point"},"id":"railways:2786","properties":{"name":"Hanborough"},"type":"Feature"},{"geometry":{"coordinates":[-0.2695495,51.3343527],"type":"Point"},"id":"railways:2787","properties":{"name":"Epsom"},"type":"Feature"},{"geometry":{"coordinates":[-1.3277563,52.0605712],"type":"Point"},"id":"railways:2788","properties":{"name":"Banbury"},"type":"Feature"},{"geometry":{"coordinates":[-1.5358026,52.28461],"type":"Point"},"id":"railways:2789","properties":{"name":"Leamington Spa"},"type":"Feature"},{"geometry":{"coordinates":[-1.3200089,51.0672545],"type":"Point"},"id":"railways:2790","properties":{"name":"Winchester"},"type":"Feature"},{"geometry":{"coordinates":[-1.3629471,50.9506997],"type":"Point"},"id":"railways:2791","properties":{"name":"Southampton Airport Parkway"},"type":"Feature"},{"geometry":{"coordinates":[-1.8641943,50.7272094],"type":"Point"},"id":"railways:2792","properties":{"name":"Bournemouth"},"type":"Feature"},{"geometry":{"coordinates":[-2.120242,52.5879884],"type":"Point"},"id":"railways:2793","properties":{"name":"Wolverhampton"},"type":"Feature"},{"geometry":{"coordinates":[-1.7077717,52.5165155],"type":"Point"},"id":"railways:2794","properties":{"name":"Coleshill Parkway"},"type":"Feature"},{"geometry":{"coordinates":[-0.7343447,52.6722903],"type":"Point"},"id":"railways:2795","properties":{"name":"Oakham"},"type":"Feature"},{"geometry":{"coordinates":[-1.5641036,52.8533792],"type":"Point"},"id":"railways:2796","properties":{"name":"Willington"},"type":"Feature"},{"geometry":{"coordinates":[-1.9362273,52.4515924],"type":"Point"},"id":"railways:2797","properties":{"name":"University"},"type":"Feature"},{"geometry":{"coordinates":[-2.2382438,51.8655109],"type":"Point"},"id":"railways:2798","properties":{"name":"Gloucester"},"type":"Feature"},{"geometry":{"coordinates":[-1.6424988,52.8058728],"type":"Point"},"id":"railways:2799","properties":{"name":"Burton-on-Trent"},"type":"Feature"},{"geometry":{"coordinates":[-0.4543118,51.4719282],"type":"Point"},"id":"railways:2800","properties":{"name":"Heathrow Terminals 2 & 3"},"type":"Feature"},{"geometry":{"coordinates":[-0.2421857,51.308624],"type":"Point"},"id":"railways:2801","properties":{"name":"Tattenham Corner"},"type":"Feature"},{"geometry":{"coordinates":[-0.257131,51.3501115],"type":"Point"},"id":"railways:2802","properties":{"name":"Ewell West"},"type":"Feature"},{"geometry":{"coordinates":[-1.2345092,54.5791464],"type":"Point"},"id":"railways:2803","properties":{"name":"Middlesbrough"},"type":"Feature"},{"geometry":{"coordinates":[-1.207832,54.6868261],"type":"Point"},"id":"railways:2804","properties":{"name":"Hartlepool"},"type":"Feature"},{"geometry":{"coordinates":[-2.2720385,53.365183],"type":"Point"},"id":"railways:2805","properties":{"name":"Manchester Airport"},"type":"Feature"},{"geometry":{"coordinates":[-0.3855109,51.6279135],"type":"Point"},"id":"railways:2806","properties":{"name":"Carpenders Park"},"type":"Feature"},{"geometry":{"coordinates":[-0.6773449,51.9161989],"type":"Point"},"id":"railways:2807","properties":{"name":"Leighton Buzzard"},"type":"Feature"},{"geometry":{"coordinates":[-1.9651246,52.4082951],"type":"Point"},"id":"railways:2808","properties":{"name":"Northfield"},"type":"Feature"},{"geometry":{"coordinates":[-1.5135474,52.400739],"type":"Point"},"id":"railways:2809","properties":{"name":"Coventry"},"type":"Feature"},{"geometry":{"coordinates":[-1.3848946,50.9834549],"type":"Point"},"id":"railways:2810","properties":{"name":"Chandler's Ford"},"type":"Feature"},{"geometry":{"coordinates":[0.3213747,51.4435253],"type":"Point"},"id":"railways:2811","properties":{"name":"Ebbsfleet International"},"type":"Feature"},{"geometry":{"coordinates":[-2.7071573,53.7552898],"type":"Point"},"id":"railways:2812","properties":{"name":"Preston"},"type":"Feature"},{"geometry":{"coordinates":[0.5514468,51.3868466],"type":"Point"},"id":"railways:2813","properties":{"name":"Gillingham"},"type":"Feature"},{"geometry":{"coordinates":[-2.553519,53.241569],"type":"Point"},"id":"railways:2814","properties":{"name":"Hartford"},"type":"Feature"},{"geometry":{"coordinates":[0.0021679,51.4059051],"type":"Point"},"id":"railways:2815","properties":{"name":"Shortlands"},"type":"Feature"},{"geometry":{"coordinates":[-4.0786681,52.4114736],"type":"Point"},"id":"railways:2816","properties":{"name":"Vale of Rheidol"},"type":"Feature"},{"geometry":{"coordinates":[0.4033747,51.2045463],"type":"Point"},"id":"railways:2817","properties":{"name":"Beltring"},"type":"Feature"},{"geometry":{"coordinates":[0.4121616,51.2266654],"type":"Point"},"id":"railways:2818","properties":{"name":"Yalding"},"type":"Feature"},{"geometry":{"coordinates":[0.4222989,51.2496596],"type":"Point"},"id":"railways:2819","properties":{"name":"Wateringbury"},"type":"Feature"},{"geometry":{"coordinates":[0.4844783,51.2552513],"type":"Point"},"id":"railways:2820","properties":{"name":"East Farleigh"},"type":"Feature"},{"geometry":{"coordinates":[0.5157564,51.2703088],"type":"Point"},"id":"railways:2821","properties":{"name":"Maidstone West"},"type":"Feature"},{"geometry":{"coordinates":[0.5141731,51.2770433],"type":"Point"},"id":"railways:2822","properties":{"name":"Maidstone Barracks"},"type":"Feature"},{"geometry":{"coordinates":[0.4657666,51.3015328],"type":"Point"},"id":"railways:2823","properties":{"name":"Aylesford"},"type":"Feature"},{"geometry":{"coordinates":[0.4551387,51.3128389],"type":"Point"},"id":"railways:2824","properties":{"name":"New Hythe"},"type":"Feature"},{"geometry":{"coordinates":[0.4484399,51.3302228],"type":"Point"},"id":"railways:2825","properties":{"name":"Snodland"},"type":"Feature"},{"geometry":{"coordinates":[0.4451218,51.3523741],"type":"Point"},"id":"railways:2826","properties":{"name":"Halling"},"type":"Feature"},{"geometry":{"coordinates":[0.461982,51.373911],"type":"Point"},"id":"railways:2827","properties":{"name":"Cuxton"},"type":"Feature"},{"geometry":{"coordinates":[0.5002689,51.3965972],"type":"Point"},"id":"railways:2828","properties":{"name":"Strood"},"type":"Feature"},{"geometry":{"coordinates":[1.3048692,51.1259357],"type":"Point"},"id":"railways:2829","properties":{"name":"Dover Priory"},"type":"Feature"},{"geometry":{"coordinates":[1.1222644,51.300986],"type":"Point"},"id":"railways:2830","properties":{"name":"Sturry"},"type":"Feature"},{"geometry":{"coordinates":[1.0179051,51.2571747],"type":"Point"},"id":"railways:2831","properties":{"name":"Chartham"},"type":"Feature"},{"geometry":{"coordinates":[0.9760562,51.2444245],"type":"Point"},"id":"railways:2832","properties":{"name":"Chilham"},"type":"Feature"},{"geometry":{"coordinates":[1.0382037,51.0949221],"type":"Point"},"id":"railways:2833","properties":{"name":"Westenhanger"},"type":"Feature"},{"geometry":{"coordinates":[1.0660027,51.0904998],"type":"Point"},"id":"railways:2834","properties":{"name":"Sandling"},"type":"Feature"},{"geometry":{"coordinates":[1.1683853,51.0828121],"type":"Point"},"id":"railways:2835","properties":{"name":"Folkestone Central"},"type":"Feature"},{"geometry":{"coordinates":[1.1537821,51.0847184],"type":"Point"},"id":"railways:2836","properties":{"name":"Folkestone West"},"type":"Feature"},{"geometry":{"coordinates":[0.3894941,51.1823581],"type":"Point"},"id":"railways:2837","properties":{"name":"Paddock Wood"},"type":"Feature"},{"geometry":{"coordinates":[0.7465822,51.1564849],"type":"Point"},"id":"railways:2838","properties":{"name":"Pluckley"},"type":"Feature"},{"geometry":{"coordinates":[0.6273669,51.1656292],"type":"Point"},"id":"railways:2839","properties":{"name":"Headcorn"},"type":"Feature"},{"geometry":{"coordinates":[0.5504987,51.1715258],"type":"Point"},"id":"railways:2840","properties":{"name":"Staplehurst"},"type":"Feature"},{"geometry":{"coordinates":[0.4929884,51.1754411],"type":"Point"},"id":"railways:2841","properties":{"name":"Marden"},"type":"Feature"},{"geometry":{"coordinates":[0.2699969,51.1915091],"type":"Point"},"id":"railways:2842","properties":{"name":"Tonbridge"},"type":"Feature"},{"geometry":{"coordinates":[0.1678721,51.3930961],"type":"Point"},"id":"railways:2843","properties":{"name":"Swanley"},"type":"Feature"},{"geometry":{"coordinates":[1.1987288,51.2413424],"type":"Point"},"id":"railways:2844","properties":{"name":"Adisham"},"type":"Feature"},{"geometry":{"coordinates":[1.1372301,51.2614031],"type":"Point"},"id":"railways:2845","properties":{"name":"Bekesbourne"},"type":"Feature"},{"geometry":{"coordinates":[1.07582,51.274185],"type":"Point"},"id":"railways:2846","properties":{"name":"Canterbury East"},"type":"Feature"},{"geometry":{"coordinates":[0.3781687,51.383247],"type":"Point"},"id":"railways:2847","properties":{"name":"Sole Street"},"type":"Feature"},{"geometry":{"coordinates":[0.3566218,51.3864534],"type":"Point"},"id":"railways:2848","properties":{"name":"Meopham"},"type":"Feature"},{"geometry":{"coordinates":[0.300103,51.3962097],"type":"Point"},"id":"railways:2849","properties":{"name":"Longfield"},"type":"Feature"},{"geometry":{"coordinates":[-0.0908906,51.4402849],"type":"Point"},"id":"railways:2850","properties":{"name":"West Dulwich"},"type":"Feature"},{"geometry":{"coordinates":[-0.0801504,51.4326101],"type":"Point"},"id":"railways:2851","properties":{"name":"Sydenham Hill"},"type":"Feature"},{"geometry":{"coordinates":[-0.0541364,51.4193151],"type":"Point"},"id":"railways:2852","properties":{"name":"Penge East"},"type":"Feature"},{"geometry":{"coordinates":[-0.045213,51.4122745],"type":"Point"},"id":"railways:2853","properties":{"name":"Kent House"},"type":"Feature"},{"geometry":{"coordinates":[-0.0259866,51.4110623],"type":"Point"},"id":"railways:2854","properties":{"name":"Beckenham Junction"},"type":"Feature"},{"geometry":{"coordinates":[0.0443369,51.4000641],"type":"Point"},"id":"railways:2855","properties":{"name":"Bickley"},"type":"Feature"},{"geometry":{"coordinates":[0.0182769,51.4000405],"type":"Point"},"id":"railways:2856","properties":{"name":"Bromley South"},"type":"Feature"},{"geometry":{"coordinates":[0.9411453,51.2772848],"type":"Point"},"id":"railways:2857","properties":{"name":"Selling"},"type":"Feature"},{"geometry":{"coordinates":[0.8070514,51.3336038],"type":"Point"},"id":"railways:2858","properties":{"name":"Teynham"},"type":"Feature"},{"geometry":{"coordinates":[0.6667851,51.3535668],"type":"Point"},"id":"railways:2859","properties":{"name":"Newington"},"type":"Feature"},{"geometry":{"coordinates":[0.6110362,51.3666656],"type":"Point"},"id":"railways:2860","properties":{"name":"Rainham"},"type":"Feature"},{"geometry":{"coordinates":[0.5212081,51.3803092],"type":"Point"},"id":"railways:2861","properties":{"name":"Chatham"},"type":"Feature"},{"geometry":{"coordinates":[0.5072941,51.3892066],"type":"Point"},"id":"railways:2862","properties":{"name":"Rochester"},"type":"Feature"},{"geometry":{"coordinates":[1.3479881,51.1706421],"type":"Point"},"id":"railways:2863","properties":{"name":"Martin Mill"},"type":"Feature"},{"geometry":{"coordinates":[1.3986457,51.2231068],"type":"Point"},"id":"railways:2864","properties":{"name":"Deal"},"type":"Feature"},{"geometry":{"coordinates":[1.3422299,51.2699732],"type":"Point"},"id":"railways:2865","properties":{"name":"Sandwich"},"type":"Feature"},{"geometry":{"coordinates":[0.3668306,51.4413627],"type":"Point"},"id":"railways:2866","properties":{"name":"Gravesend"},"type":"Feature"},{"geometry":{"coordinates":[0.577672,51.2759153],"type":"Point"},"id":"railways:2867","properties":{"name":"Bearsted"},"type":"Feature"},{"geometry":{"coordinates":[0.6278176,51.2653803],"type":"Point"},"id":"railways:2868","properties":{"name":"Hollingbourne"},"type":"Feature"},{"geometry":{"coordinates":[0.6726551,51.2449353],"type":"Point"},"id":"railways:2869","properties":{"name":"Harrietsham"},"type":"Feature"},{"geometry":{"coordinates":[0.7072408,51.2344619],"type":"Point"},"id":"railways:2870","properties":{"name":"Lenham"},"type":"Feature"},{"geometry":{"coordinates":[0.7898686,51.2082021],"type":"Point"},"id":"railways:2871","properties":{"name":"Charing"},"type":"Feature"},{"geometry":{"coordinates":[0.1887766,51.3321241],"type":"Point"},"id":"railways:2872","properties":{"name":"Shoreham"},"type":"Feature"},{"geometry":{"coordinates":[0.2474224,51.2972539],"type":"Point"},"id":"railways:2873","properties":{"name":"Kemsing"},"type":"Feature"},{"geometry":{"coordinates":[0.3061936,51.2931422],"type":"Point"},"id":"railways:2874","properties":{"name":"Borough Green & Wrotham"},"type":"Feature"},{"geometry":{"coordinates":[0.4403595,51.2856713],"type":"Point"},"id":"railways:2875","properties":{"name":"East Malling"},"type":"Feature"},{"geometry":{"coordinates":[0.4792926,51.2848536],"type":"Point"},"id":"railways:2876","properties":{"name":"Barming"},"type":"Feature"},{"geometry":{"coordinates":[0.5199007,51.2776262],"type":"Point"},"id":"railways:2877","properties":{"name":"Maidstone East"},"type":"Feature"},{"geometry":{"coordinates":[0.235341,51.4016801],"type":"Point"},"id":"railways:2878","properties":{"name":"Farningham Road"},"type":"Feature"},{"geometry":{"coordinates":[-0.0523755,51.4668348],"type":"Point"},"id":"railways:2879","properties":{"name":"Nunhead"},"type":"Feature"},{"geometry":{"coordinates":[-0.0366299,51.4552149],"type":"Point"},"id":"railways:2880","properties":{"name":"Crofton Park"},"type":"Feature"},{"geometry":{"coordinates":[-0.0195194,51.4328307],"type":"Point"},"id":"railways:2881","properties":{"name":"Bellingham"},"type":"Feature"},{"geometry":{"coordinates":[-0.0159101,51.4245222],"type":"Point"},"id":"railways:2882","properties":{"name":"Beckenham Hill"},"type":"Feature"},{"geometry":{"coordinates":[-2.7081221,52.0611986],"type":"Point"},"id":"railways:2883","properties":{"name":"Hereford"},"type":"Feature"},{"geometry":{"coordinates":[-0.0076295,51.4143132],"type":"Point"},"id":"railways:2884","properties":{"name":"Ravensbourne"},"type":"Feature"},{"geometry":{"coordinates":[-0.1021612,51.4662551],"type":"Point"},"id":"railways:2885","properties":{"name":"Loughborough Junction"},"type":"Feature"},{"geometry":{"coordinates":[-2.368703,54.4549076],"type":"Point"},"id":"railways:2886","properties":{"name":"Kirkby Stephen"},"type":"Feature"},{"geometry":{"coordinates":[-4.4381346,50.6381388],"type":"Point"},"id":"railways:2887","properties":{"name":"Mansion House Station"},"type":"Feature"},{"geometry":{"coordinates":[-5.040696,50.3615947],"type":"Point"},"id":"railways:2888","properties":{"name":"East Wheal Rose"},"type":"Feature"},{"geometry":{"coordinates":[-1.7253182,52.450776],"type":"Point"},"id":"railways:2889","properties":{"name":"Birmingham International"},"type":"Feature"},{"geometry":{"coordinates":[0.624439,52.4538785],"type":"Point"},"id":"railways:2890","properties":{"name":"Brandon"},"type":"Feature"},{"geometry":{"coordinates":[0.7452832,52.4191556],"type":"Point"},"id":"railways:2891","properties":{"name":"Thetford"},"type":"Feature"},{"geometry":{"coordinates":[0.9699936,52.4712952],"type":"Point"},"id":"railways:2892","properties":{"name":"Eccles Road"},"type":"Feature"},{"geometry":{"coordinates":[1.0222067,52.5144296],"type":"Point"},"id":"railways:2893","properties":{"name":"Attleborough"},"type":"Feature"},{"geometry":{"coordinates":[1.1181355,52.5653515],"type":"Point"},"id":"railways:2894","properties":{"name":"Wymondham"},"type":"Feature"},{"geometry":{"coordinates":[-0.1296473,51.563474],"type":"Point"},"id":"railways:2895","properties":{"name":"Upper Holloway"},"type":"Feature"},{"geometry":{"coordinates":[-0.1168739,51.571431],"type":"Point"},"id":"railways:2896","properties":{"name":"Crouch Hill"},"type":"Feature"},{"geometry":{"coordinates":[0.4237157,51.5675954],"type":"Point"},"id":"railways:2897","properties":{"name":"Laindon"},"type":"Feature"},{"geometry":{"coordinates":[0.5616239,51.5441005],"type":"Point"},"id":"railways:2898","properties":{"name":"Benfleet"},"type":"Feature"},{"geometry":{"coordinates":[0.73149,51.5389057],"type":"Point"},"id":"railways:2899","properties":{"name":"Southend East"},"type":"Feature"},{"geometry":{"coordinates":[0.7619363,51.5376596],"type":"Point"},"id":"railways:2900","properties":{"name":"Thorpe Bay"},"type":"Feature"},{"geometry":{"coordinates":[0.7116503,51.5373587],"type":"Point"},"id":"railways:2901","properties":{"name":"Southend Central"},"type":"Feature"},{"geometry":{"coordinates":[0.6698419,51.5386117],"type":"Point"},"id":"railways:2902","properties":{"name":"Chalkwell"},"type":"Feature"},{"geometry":{"coordinates":[0.6394573,51.5412111],"type":"Point"},"id":"railways:2903","properties":{"name":"Leigh-on-Sea"},"type":"Feature"},{"geometry":{"coordinates":[0.5079761,51.5602396],"type":"Point"},"id":"railways:2904","properties":{"name":"Pitsea"},"type":"Feature"},{"geometry":{"coordinates":[0.321892,51.4763744],"type":"Point"},"id":"railways:2905","properties":{"name":"Grays"},"type":"Feature"},{"geometry":{"coordinates":[0.4229093,51.5141935],"type":"Point"},"id":"railways:2906","properties":{"name":"Stanford-le-Hope"},"type":"Feature"},{"geometry":{"coordinates":[0.4127329,51.4844914],"type":"Point"},"id":"railways:2907","properties":{"name":"East Tilbury"},"type":"Feature"},{"geometry":{"coordinates":[0.1454324,51.5261927],"type":"Point"},"id":"railways:2908","properties":{"name":"Dagenham Dock"},"type":"Feature"},{"geometry":{"coordinates":[0.1906219,51.5167202],"type":"Point"},"id":"railways:2909","properties":{"name":"Rainham"},"type":"Feature"},{"geometry":{"coordinates":[0.2874684,51.4855963],"type":"Point"},"id":"railways:2910","properties":{"name":"Chafford Hundred Lakeside"},"type":"Feature"},{"geometry":{"coordinates":[0.2902394,51.5214457],"type":"Point"},"id":"railways:2911","properties":{"name":"Ockendon"},"type":"Feature"},{"geometry":{"coordinates":[-0.0908639,51.6526384],"type":"Point"},"id":"railways:2912","properties":{"name":"Enfield Chase"},"type":"Feature"},{"geometry":{"coordinates":[-1.6437205,55.1783232],"type":"Point"},"id":"railways:2913","properties":{"name":"Pegswood"},"type":"Feature"},{"geometry":{"coordinates":[1.4252755,51.3458538],"type":"Point"},"id":"railways:2914","properties":{"name":"Dumpton Park"},"type":"Feature"},{"geometry":{"coordinates":[1.4334122,51.360737],"type":"Point"},"id":"railways:2915","properties":{"name":"Broadstairs"},"type":"Feature"},{"geometry":{"coordinates":[1.3009038,51.3775024],"type":"Point"},"id":"railways:2916","properties":{"name":"Birchington-on-Sea"},"type":"Feature"},{"geometry":{"coordinates":[1.1183071,51.3644375],"type":"Point"},"id":"railways:2917","properties":{"name":"Herne Bay"},"type":"Feature"},{"geometry":{"coordinates":[1.2095904,51.2274229],"type":"Point"},"id":"railways:2918","properties":{"name":"Aylesham"},"type":"Feature"},{"geometry":{"coordinates":[1.213737,51.2151504],"type":"Point"},"id":"railways:2919","properties":{"name":"Snowdown"},"type":"Feature"},{"geometry":{"coordinates":[1.2297861,51.1880383],"type":"Point"},"id":"railways:2920","properties":{"name":"Shepherdswell"},"type":"Feature"},{"geometry":{"coordinates":[1.2719132,51.1493094],"type":"Point"},"id":"railways:2921","properties":{"name":"Kearsney"},"type":"Feature"},{"geometry":{"coordinates":[0.8165763,51.0332869],"type":"Point"},"id":"railways:2922","properties":{"name":"Appledore"},"type":"Feature"},{"geometry":{"coordinates":[0.7025193,50.9339128],"type":"Point"},"id":"railways:2923","properties":{"name":"Winchelsea"},"type":"Feature"},{"geometry":{"coordinates":[0.6132177,50.9009617],"type":"Point"},"id":"railways:2924","properties":{"name":"Three Oaks"},"type":"Feature"},{"geometry":{"coordinates":[0.5916327,50.8668638],"type":"Point"},"id":"railways:2925","properties":{"name":"Ore"},"type":"Feature"},{"geometry":{"coordinates":[0.5605979,50.8557579],"type":"Point"},"id":"railways:2926","properties":{"name":"St Leonards Warrior Square"},"type":"Feature"},{"geometry":{"coordinates":[0.4757302,50.840942],"type":"Point"},"id":"railways:2927","properties":{"name":"Bexhill"},"type":"Feature"},{"geometry":{"coordinates":[0.4571842,50.8392876],"type":"Point"},"id":"railways:2928","properties":{"name":"Collington"},"type":"Feature"},{"geometry":{"coordinates":[0.4267026,50.8333713],"type":"Point"},"id":"railways:2929","properties":{"name":"Cooden Beach"},"type":"Feature"},{"geometry":{"coordinates":[0.3895764,50.8260497],"type":"Point"},"id":"railways:2930","properties":{"name":"Normans Bay"},"type":"Feature"},{"geometry":{"coordinates":[0.3431985,50.8176698],"type":"Point"},"id":"railways:2931","properties":{"name":"Pevensey Bay"},"type":"Feature"},{"geometry":{"coordinates":[0.3253781,50.8157704],"type":"Point"},"id":"railways:2932","properties":{"name":"Pevensey and Westham"},"type":"Feature"},{"geometry":{"coordinates":[0.0306729,50.83111],"type":"Point"},"id":"railways:2933","properties":{"name":"Southease"},"type":"Feature"},{"geometry":{"coordinates":[0.0826201,50.7799859],"type":"Point"},"id":"railways:2934","properties":{"name":"Bishopstone"},"type":"Feature"},{"geometry":{"coordinates":[0.0551622,50.7898002],"type":"Point"},"id":"railways:2935","properties":{"name":"Newhaven Harbour"},"type":"Feature"},{"geometry":{"coordinates":[0.0551243,50.7949162],"type":"Point"},"id":"railways:2936","properties":{"name":"Newhaven Town"},"type":"Feature"},{"geometry":{"coordinates":[-0.1362631,50.83681],"type":"Point"},"id":"railways:2937","properties":{"name":"London Road (Brighton)"},"type":"Feature"},{"geometry":{"coordinates":[-0.1190654,50.8465383],"type":"Point"},"id":"railways:2938","properties":{"name":"Moulsecoomb"},"type":"Feature"},{"geometry":{"coordinates":[-0.0872899,50.8619409],"type":"Point"},"id":"railways:2939","properties":{"name":"Falmer"},"type":"Feature"},{"geometry":{"coordinates":[0.0703481,50.8591176],"type":"Point"},"id":"railways:2940","properties":{"name":"Glynde"},"type":"Feature"},{"geometry":{"coordinates":[0.1657244,50.8404862],"type":"Point"},"id":"railways:2941","properties":{"name":"Berwick"},"type":"Feature"},{"geometry":{"coordinates":[0.2467483,50.8211277],"type":"Point"},"id":"railways:2942","properties":{"name":"Polegate"},"type":"Feature"},{"geometry":{"coordinates":[0.2815355,50.7696435],"type":"Point"},"id":"railways:2943","properties":{"name":"Eastbourne"},"type":"Feature"},{"geometry":{"coordinates":[0.2796796,50.7959254],"type":"Point"},"id":"railways:2944","properties":{"name":"Hampden Park"},"type":"Feature"},{"geometry":{"coordinates":[-0.0598099,50.9284626],"type":"Point"},"id":"railways:2945","properties":{"name":"Plumpton"},"type":"Feature"},{"geometry":{"coordinates":[-0.0093086,50.9037132],"type":"Point"},"id":"railways:2946","properties":{"name":"Cooksbridge"},"type":"Feature"},{"geometry":{"coordinates":[-0.1207209,50.9643606],"type":"Point"},"id":"railways:2947","properties":{"name":"Wivelsfield"},"type":"Feature"},{"geometry":{"coordinates":[-0.1053994,51.0049043],"type":"Point"},"id":"railways:2948","properties":{"name":"Haywards Heath"},"type":"Feature"},{"geometry":{"coordinates":[-5.4493089,56.872438],"type":"Point"},"id":"railways:2949","properties":{"name":"Glenfinnan"},"type":"Feature"},{"geometry":{"coordinates":[-4.6184447,56.3903333],"type":"Point"},"id":"railways:2950","properties":{"name":"Crianlarich"},"type":"Feature"},{"geometry":{"coordinates":[-5.2398162,56.4308516],"type":"Point"},"id":"railways:2951","properties":{"name":"Taynuilt"},"type":"Feature"},{"geometry":{"coordinates":[-5.4745782,56.4122069],"type":"Point"},"id":"railways:2952","properties":{"name":"Oban"},"type":"Feature"},{"geometry":{"coordinates":[-4.7039393,56.4348066],"type":"Point"},"id":"railways:2953","properties":{"name":"Upper Tyndrum"},"type":"Feature"},{"geometry":{"coordinates":[-4.6907677,56.760277],"type":"Point"},"id":"railways:2954","properties":{"name":"Corrour"},"type":"Feature"},{"geometry":{"coordinates":[-4.7643193,56.5163947],"type":"Point"},"id":"railways:2955","properties":{"name":"Bridge of Orchy"},"type":"Feature"},{"geometry":{"coordinates":[-0.3961244,51.872845],"type":"Point"},"id":"railways:2956","properties":{"name":"Luton Airport Parkway"},"type":"Feature"},{"geometry":{"coordinates":[-0.3276687,51.7504966],"type":"Point"},"id":"railways:2957","properties":{"name":"St Albans City"},"type":"Feature"},{"geometry":{"coordinates":[-0.192134,51.8237723],"type":"Point"},"id":"railways:2958","properties":{"name":"Welwyn North"},"type":"Feature"},{"geometry":{"coordinates":[-4.7216053,56.3018438],"type":"Point"},"id":"railways:2959","properties":{"name":"Ardlui"},"type":"Feature"},{"geometry":{"coordinates":[-4.8253592,56.0802337],"type":"Point"},"id":"railways:2960","properties":{"name":"Garelochhead"},"type":"Feature"},{"geometry":{"coordinates":[-4.7231172,56.2033029],"type":"Point"},"id":"railways:2961","properties":{"name":"Arrochar and Tarbet"},"type":"Feature"},{"geometry":{"coordinates":[-0.151577,51.5554865],"type":"Point"},"id":"railways:2962","properties":{"name":"Gospel Oak"},"type":"Feature"},{"geometry":{"coordinates":[0.0447283,51.549168],"type":"Point"},"id":"railways:2963","properties":{"name":"Woodgrange Park"},"type":"Feature"},{"geometry":{"coordinates":[-0.1466357,51.5236277],"type":"Point"},"id":"railways:2964","properties":{"name":"Regent's Park"},"type":"Feature"},{"geometry":{"coordinates":[-0.1857447,51.5298672],"type":"Point"},"id":"railways:2965","properties":{"name":"Maida Vale"},"type":"Feature"},{"geometry":{"coordinates":[-1.9299278,52.7696788],"type":"Point"},"id":"railways:2966","properties":{"name":"Rugeley Trent Valley"},"type":"Feature"},{"geometry":{"coordinates":[-1.4641837,52.5267605],"type":"Point"},"id":"railways:2967","properties":{"name":"Nuneaton"},"type":"Feature"},{"geometry":{"coordinates":[-0.0087494,51.5447954],"type":"Point"},"id":"railways:2968","properties":{"name":"Stratford International"},"type":"Feature"},{"geometry":{"coordinates":[-1.441378,54.3324731],"type":"Point"},"id":"railways:2969","properties":{"name":"Northallerton"},"type":"Feature"},{"geometry":{"coordinates":[-0.1097795,51.597416],"type":"Point"},"id":"railways:2970","properties":{"name":"Wood Green"},"type":"Feature"},{"geometry":{"coordinates":[-0.0963971,51.5703208],"type":"Point"},"id":"railways:2971","properties":{"name":"Manor House"},"type":"Feature"},{"geometry":{"coordinates":[-1.898694,52.4776459],"type":"Point"},"id":"railways:2972","properties":{"name":"Birmingham New Street"},"type":"Feature"},{"geometry":{"coordinates":[-3.8497055,56.7652712],"type":"Point"},"id":"railways:2973","properties":{"name":"Blair Atholl"},"type":"Feature"},{"geometry":{"coordinates":[-3.5775146,56.5565771],"type":"Point"},"id":"railways:2974","properties":{"name":"Dunkeld and Birnam"},"type":"Feature"},{"geometry":{"coordinates":[-4.2462331,56.9351529],"type":"Point"},"id":"railways:2975","properties":{"name":"Dalwhinnie"},"type":"Feature"},{"geometry":{"coordinates":[-3.73564,56.7023642],"type":"Point"},"id":"railways:2976","properties":{"name":"Pitlochry"},"type":"Feature"},{"geometry":{"coordinates":[-3.8288803,57.188278],"type":"Point"},"id":"railways:2977","properties":{"name":"Aviemore"},"type":"Feature"},{"geometry":{"coordinates":[-0.1693507,51.3571959],"type":"Point"},"id":"railways:2978","properties":{"name":"Carshalton Beeches"},"type":"Feature"},{"geometry":{"coordinates":[-0.1505899,51.3602348],"type":"Point"},"id":"railways:2979","properties":{"name":"Wallington"},"type":"Feature"},{"geometry":{"coordinates":[-0.0987108,51.3470347],"type":"Point"},"id":"railways:2980","properties":{"name":"Purley Oaks"},"type":"Feature"},{"geometry":{"coordinates":[0.2112588,51.1939929],"type":"Point"},"id":"railways:2981","properties":{"name":"Leigh"},"type":"Feature"},{"geometry":{"coordinates":[0.0598637,51.2083661],"type":"Point"},"id":"railways:2982","properties":{"name":"Edenbridge"},"type":"Feature"},{"geometry":{"coordinates":[-0.0514363,51.2181855],"type":"Point"},"id":"railways:2983","properties":{"name":"Godstone"},"type":"Feature"},{"geometry":{"coordinates":[-0.1322636,51.2267445],"type":"Point"},"id":"railways:2984","properties":{"name":"Nutfield"},"type":"Feature"},{"geometry":{"coordinates":[-0.1987852,51.3438964],"type":"Point"},"id":"railways:2985","properties":{"name":"Belmont"},"type":"Feature"},{"geometry":{"coordinates":[-0.1359263,51.4185662],"type":"Point"},"id":"railways:2986","properties":{"name":"Streatham Common"},"type":"Feature"},{"geometry":{"coordinates":[-0.1218018,51.4113697],"type":"Point"},"id":"railways:2987","properties":{"name":"Norbury"},"type":"Feature"},{"geometry":{"coordinates":[-0.1005158,51.3989438],"type":"Point"},"id":"railways:2988","properties":{"name":"Thornton Heath"},"type":"Feature"},{"geometry":{"coordinates":[0.0143728,51.449689],"type":"Point"},"id":"railways:2989","properties":{"name":"Lee"},"type":"Feature"},{"geometry":{"coordinates":[0.0499618,51.4402515],"type":"Point"},"id":"railways:2990","properties":{"name":"Mottingham"},"type":"Feature"},{"geometry":{"coordinates":[0.0709469,51.4380136],"type":"Point"},"id":"railways:2991","properties":{"name":"New Eltham"},"type":"Feature"},{"geometry":{"coordinates":[0.1034297,51.4340208],"type":"Point"},"id":"railways:2992","properties":{"name":"Sidcup"},"type":"Feature"},{"geometry":{"coordinates":[0.1783894,51.448177],"type":"Point"},"id":"railways:2993","properties":{"name":"Crayford"},"type":"Feature"},{"geometry":{"coordinates":[0.1259653,51.4353837],"type":"Point"},"id":"railways:2994","properties":{"name":"Albany Park"},"type":"Feature"},{"geometry":{"coordinates":[0.3239669,51.4459453],"type":"Point"},"id":"railways:2995","properties":{"name":"Northfleet"},"type":"Feature"},{"geometry":{"coordinates":[0.311584,51.4489829],"type":"Point"},"id":"railways:2996","properties":{"name":"Swanscombe"},"type":"Feature"},{"geometry":{"coordinates":[0.2798724,51.4504764],"type":"Point"},"id":"railways:2997","properties":{"name":"Greenhithe"},"type":"Feature"},{"geometry":{"coordinates":[0.2634425,51.4514164],"type":"Point"},"id":"railways:2998","properties":{"name":"Stone Crossing"},"type":"Feature"},{"geometry":{"coordinates":[-4.2719629,53.1375302],"type":"Point"},"id":"railways:2999","properties":{"name":"Caernarfon"},"type":"Feature"},{"geometry":{"coordinates":[-0.0932926,51.5011444],"type":"Point"},"id":"railways:3000","properties":{"name":"Borough"},"type":"Feature"},{"geometry":{"coordinates":[-1.0097159,53.9629636],"type":"Point"},"id":"railways:3001","properties":{"name":"Murton Park"},"type":"Feature"},{"geometry":{"coordinates":[-0.3515572,51.8148177],"type":"Point"},"id":"railways:3002","properties":{"name":"Harpenden"},"type":"Feature"},{"geometry":{"coordinates":[-0.059592,51.5238872],"type":"Point"},"id":"railways:3003","properties":{"name":"Bethnal Green"},"type":"Feature"},{"geometry":{"coordinates":[-0.0786732,51.6517212],"type":"Point"},"id":"railways:3004","properties":{"name":"Enfield Town"},"type":"Feature"},{"geometry":{"coordinates":[0.4186871,51.2920962],"type":"Point"},"id":"railways:3005","properties":{"name":"West Malling"},"type":"Feature"},{"geometry":{"coordinates":[-0.1835754,51.5501046],"type":"Point"},"id":"railways:3006","properties":{"name":"Finchley Road & Frognal"},"type":"Feature"},{"geometry":{"coordinates":[0.0913188,52.5600848],"type":"Point"},"id":"railways:3007","properties":{"name":"March"},"type":"Feature"},{"geometry":{"coordinates":[-5.5320276,50.1224396],"type":"Point"},"id":"railways:3008","properties":{"name":"Penzance"},"type":"Feature"},{"geometry":{"coordinates":[-3.9403729,51.6256789],"type":"Point"},"id":"railways:3009","properties":{"name":"Swansea"},"type":"Feature"},{"geometry":{"coordinates":[-3.3773565,51.7444793],"type":"Point"},"id":"railways:3010","properties":{"name":"Merthyr Tydfil"},"type":"Feature"},{"geometry":{"coordinates":[-4.0630236,51.0736094],"type":"Point"},"id":"railways:3011","properties":{"name":"Barnstaple"},"type":"Feature"},{"geometry":{"coordinates":[-3.3418374,51.5992956],"type":"Point"},"id":"railways:3012","properties":{"name":"Pontypridd"},"type":"Feature"},{"geometry":{"coordinates":[0.2057283,51.581785],"type":"Point"},"id":"railways:3013","properties":{"name":"Gidea Park"},"type":"Feature"},{"geometry":{"coordinates":[0.2202375,51.5686007],"type":"Point"},"id":"railways:3014","properties":{"name":"Emerson Park"},"type":"Feature"},{"geometry":{"coordinates":[0.2369945,51.4810858],"type":"Point"},"id":"railways:3015","properties":{"name":"Purfleet"},"type":"Feature"},{"geometry":{"coordinates":[-0.0135365,51.5338301],"type":"Point"},"id":"railways:3016","properties":{"name":"Pudding Mill Lane"},"type":"Feature"},{"geometry":{"coordinates":[-3.9927793,51.8730081],"type":"Point"},"id":"railways:3017","properties":{"name":"Ffairfach"},"type":"Feature"},{"geometry":{"coordinates":[-4.0037378,51.8209328],"type":"Point"},"id":"railways:3018","properties":{"name":"Llandybie"},"type":"Feature"},{"geometry":{"coordinates":[-3.9868387,51.8851723],"type":"Point"},"id":"railways:3019","properties":{"name":"Llandeilo"},"type":"Feature"},{"geometry":{"coordinates":[-3.8721201,51.9626513],"type":"Point"},"id":"railways:3020","properties":{"name":"Llanwrda"},"type":"Feature"},{"geometry":{"coordinates":[-3.996828,51.7955509],"type":"Point"},"id":"railways:3021","properties":{"name":"Ammanford"},"type":"Feature"},{"geometry":{"coordinates":[-3.997538,51.7786637],"type":"Point"},"id":"railways:3022","properties":{"name":"Pantyffynnon"},"type":"Feature"},{"geometry":{"coordinates":[-4.045435,51.7170446],"type":"Point"},"id":"railways:3023","properties":{"name":"Pontarddulais"},"type":"Feature"},{"geometry":{"coordinates":[-4.0987158,51.6722799],"type":"Point"},"id":"railways:3024","properties":{"name":"Bynea"},"type":"Feature"},{"geometry":{"coordinates":[-3.5551178,52.1142069],"type":"Point"},"id":"railways:3025","properties":{"name":"Llangammarch"},"type":"Feature"},{"geometry":{"coordinates":[-3.4567317,52.1504164],"type":"Point"},"id":"railways:3026","properties":{"name":"Cilmeri"},"type":"Feature"},{"geometry":{"coordinates":[-3.3794358,52.242258],"type":"Point"},"id":"railways:3027","properties":{"name":"Llandrindod"},"type":"Feature"},{"geometry":{"coordinates":[-3.2633324,52.2949972],"type":"Point"},"id":"railways:3028","properties":{"name":"Dolau"},"type":"Feature"},{"geometry":{"coordinates":[-4.0356664,51.6489264],"type":"Point"},"id":"railways:3029","properties":{"name":"Gowerton"},"type":"Feature"},{"geometry":{"coordinates":[-2.8844821,52.4231523],"type":"Point"},"id":"railways:3030","properties":{"name":"Broome"},"type":"Feature"},{"geometry":{"coordinates":[-3.8931979,51.9402678],"type":"Point"},"id":"railways:3031","properties":{"name":"Llangadog"},"type":"Feature"},{"geometry":{"coordinates":[-3.5301867,52.1333876],"type":"Point"},"id":"railways:3032","properties":{"name":"Garth"},"type":"Feature"},{"geometry":{"coordinates":[-3.4271436,52.1691098],"type":"Point"},"id":"railways:3033","properties":{"name":"Builth Road"},"type":"Feature"},{"geometry":{"coordinates":[-3.3215797,52.2743417],"type":"Point"},"id":"railways:3034","properties":{"name":"Pen-y-bont"},"type":"Feature"},{"geometry":{"coordinates":[-3.1615439,52.3501452],"type":"Point"},"id":"railways:3035","properties":{"name":"Llangynllo"},"type":"Feature"},{"geometry":{"coordinates":[-2.9120277,52.391361],"type":"Point"},"id":"railways:3036","properties":{"name":"Hopton Heath"},"type":"Feature"},{"geometry":{"coordinates":[-3.8029237,51.9953596],"type":"Point"},"id":"railways:3037","properties":{"name":"Llandovery"},"type":"Feature"},{"geometry":{"coordinates":[-3.2131872,52.3363191],"type":"Point"},"id":"railways:3038","properties":{"name":"Llanbister Road"},"type":"Feature"},{"geometry":{"coordinates":[-2.947694,52.3572768],"type":"Point"},"id":"railways:3039","properties":{"name":"Bucknell"},"type":"Feature"},{"geometry":{"coordinates":[-2.8376284,52.4424204],"type":"Point"},"id":"railways:3040","properties":{"name":"Craven Arms"},"type":"Feature"},{"geometry":{"coordinates":[-3.685776,52.0820713],"type":"Point"},"id":"railways:3041","properties":{"name":"Sugar Loaf"},"type":"Feature"},{"geometry":{"coordinates":[-4.07874,51.6913467],"type":"Point"},"id":"railways:3042","properties":{"name":"Llangennech"},"type":"Feature"},{"geometry":{"coordinates":[-0.054752,51.5272449],"type":"Point"},"id":"railways:3043","properties":{"name":"Bethnal Green"},"type":"Feature"},{"geometry":{"coordinates":[-2.9775854,53.4076085],"type":"Point"},"id":"railways:3044","properties":{"name":"Liverpool Lime Street"},"type":"Feature"},{"geometry":{"coordinates":[-3.4383963,56.3914751],"type":"Point"},"id":"railways:3045","properties":{"name":"Perth"},"type":"Feature"},{"geometry":{"coordinates":[0.3831294,52.6728741],"type":"Point"},"id":"railways:3046","properties":{"name":"Watlington"},"type":"Feature"},{"geometry":{"coordinates":[0.4040202,52.7537968],"type":"Point"},"id":"railways:3047","properties":{"name":"King's Lynn"},"type":"Feature"},{"geometry":{"coordinates":[-0.1653912,51.5552396],"type":"Point"},"id":"railways:3048","properties":{"name":"Hampstead Heath"},"type":"Feature"},{"geometry":{"coordinates":[-0.0760535,51.5481908],"type":"Point"},"id":"railways:3049","properties":{"name":"Dalston Kingsland"},"type":"Feature"},{"geometry":{"coordinates":[-0.0694125,51.4700059],"type":"Point"},"id":"railways:3050","properties":{"name":"Peckham Rye"},"type":"Feature"},{"geometry":{"coordinates":[-0.2179221,51.5057781],"type":"Point"},"id":"railways:3051","properties":{"name":"Shepherd's Bush"},"type":"Feature"},{"geometry":{"coordinates":[-0.0744674,51.5232534],"type":"Point"},"id":"railways:3052","properties":{"name":"Shoreditch High Street"},"type":"Feature"},{"geometry":{"coordinates":[-0.1913533,51.5377475],"type":"Point"},"id":"railways:3053","properties":{"name":"Kilburn High Road"},"type":"Feature"},{"geometry":{"coordinates":[-0.097888,51.5772398],"type":"Point"},"id":"railways:3054","properties":{"name":"Harringay Green Lanes"},"type":"Feature"},{"geometry":{"coordinates":[-0.1467554,51.5469937],"type":"Point"},"id":"railways:3055","properties":{"name":"Kentish Town West"},"type":"Feature"},{"geometry":{"coordinates":[-0.0669005,51.6152781],"type":"Point"},"id":"railways:3056","properties":{"name":"Silver Street"},"type":"Feature"},{"geometry":{"coordinates":[-0.1148864,51.5435462],"type":"Point"},"id":"railways:3057","properties":{"name":"Caledonian Road & Barnsbury"},"type":"Feature"},{"geometry":{"coordinates":[-0.0070762,51.5694492],"type":"Point"},"id":"railways:3058","properties":{"name":"Leyton Midland Road"},"type":"Feature"},{"geometry":{"coordinates":[0.009471,51.6325345],"type":"Point"},"id":"railways:3059","properties":{"name":"Chingford"},"type":"Feature"},{"geometry":{"coordinates":[-0.0001301,51.6088927],"type":"Point"},"id":"railways:3060","properties":{"name":"Highams Park"},"type":"Feature"},{"geometry":{"coordinates":[-0.0574215,51.5319544],"type":"Point"},"id":"railways:3061","properties":{"name":"Cambridge Heath"},"type":"Feature"},{"geometry":{"coordinates":[-0.0568749,51.5470605],"type":"Point"},"id":"railways:3062","properties":{"name":"Hackney Central"},"type":"Feature"},{"geometry":{"coordinates":[-1.0369716,52.9487898],"type":"Point"},"id":"railways:3063","properties":{"name":"Radcliffe"},"type":"Feature"},{"geometry":{"coordinates":[-4.1743912,55.886885],"type":"Point"},"id":"railways:3064","properties":{"name":"Robroyston"},"type":"Feature"},{"geometry":{"coordinates":[-0.591276,51.512103],"type":"Point"},"id":"railways:3065","properties":{"name":"Slough"},"type":"Feature"},{"geometry":{"coordinates":[-1.5104273,53.7152957],"type":"Point"},"id":"railways:3066","properties":{"name":"Outwood"},"type":"Feature"},{"geometry":{"coordinates":[0.3006105,51.6135231],"type":"Point"},"id":"railways:3067","properties":{"name":"Brentwood"},"type":"Feature"},{"geometry":{"coordinates":[-0.0215033,51.5029301],"type":"Point"},"id":"railways:3068","properties":{"name":"Heron Quays"},"type":"Feature"},{"geometry":{"coordinates":[0.2341995,51.5932171],"type":"Point"},"id":"railways:3069","properties":{"name":"Harold Wood"},"type":"Feature"},{"geometry":{"coordinates":[0.0695827,51.4901052],"type":"Point"},"id":"railways:3070","properties":{"name":"Woolwich Arsenal DLR"},"type":"Feature"},{"geometry":{"coordinates":[-0.026644,51.5094025],"type":"Point"},"id":"railways:3071","properties":{"name":"Westferry"},"type":"Feature"},{"geometry":{"coordinates":[-0.0105052,51.4880683],"type":"Point"},"id":"railways:3072","properties":{"name":"Island Gardens"},"type":"Feature"},{"geometry":{"coordinates":[-0.177317,51.5170952],"type":"Point"},"id":"railways:3073","properties":{"name":"London Paddington"},"type":"Feature"},{"geometry":{"coordinates":[-2.7363694,52.8090881],"type":"Point"},"id":"railways:3074","properties":{"name":"Yorton"},"type":"Feature"},{"geometry":{"coordinates":[-0.7363,51.9954534],"type":"Point"},"id":"railways:3075","properties":{"name":"Bletchley"},"type":"Feature"},{"geometry":{"coordinates":[-0.1236888,51.5074975],"type":"Point"},"id":"railways:3076","properties":{"name":"Charing Cross"},"type":"Feature"},{"geometry":{"coordinates":[-0.207144,51.9018356],"type":"Point"},"id":"railways:3077","properties":{"name":"Stevenage"},"type":"Feature"},{"geometry":{"coordinates":[-1.1799202,50.6338793],"type":"Point"},"id":"railways:3078","properties":{"name":"Shanklin"},"type":"Feature"},{"geometry":{"coordinates":[-2.8892004,53.3576179],"type":"Point"},"id":"railways:3079","properties":{"name":"Liverpool South Parkway"},"type":"Feature"},{"geometry":{"coordinates":[-1.1622454,50.6571102],"type":"Point"},"id":"railways:3080","properties":{"name":"Sandown"},"type":"Feature"},{"geometry":{"coordinates":[-2.1158799,51.4623678],"type":"Point"},"id":"railways:3081","properties":{"name":"Chippenham"},"type":"Feature"},{"geometry":{"coordinates":[-2.1226262,52.8035815],"type":"Point"},"id":"railways:3082","properties":{"name":"Stafford"},"type":"Feature"},{"geometry":{"coordinates":[-0.193118,51.6975545],"type":"Point"},"id":"railways:3083","properties":{"name":"Potters Bar"},"type":"Feature"},{"geometry":{"coordinates":[0.7114814,51.5429361],"type":"Point"},"id":"railways:3084","properties":{"name":"Southend Victoria"},"type":"Feature"},{"geometry":{"coordinates":[0.6915156,51.5374449],"type":"Point"},"id":"railways:3085","properties":{"name":"Westcliff"},"type":"Feature"},{"geometry":{"coordinates":[-4.2738113,55.8101131],"type":"Point"},"id":"railways:3086","properties":{"name":"Muirend"},"type":"Feature"},{"geometry":{"coordinates":[-2.9922097,53.4050028],"type":"Point"},"id":"railways:3087","properties":{"name":"Liverpool James Street"},"type":"Feature"},{"geometry":{"coordinates":[-1.1985012,53.142079],"type":"Point"},"id":"railways:3088","properties":{"name":"Mansfield"},"type":"Feature"},{"geometry":{"coordinates":[-1.3698401,53.1010582],"type":"Point"},"id":"railways:3089","properties":{"name":"Alfreton"},"type":"Feature"},{"geometry":{"coordinates":[-0.1009414,51.6340675],"type":"Point"},"id":"railways:3090","properties":{"name":"Winchmore Hill"},"type":"Feature"},{"geometry":{"coordinates":[0.127994,51.5679857],"type":"Point"},"id":"railways:3091","properties":{"name":"Chadwell Heath"},"type":"Feature"},{"geometry":{"coordinates":[-0.3206893,51.5135365],"type":"Point"},"id":"railways:3092","properties":{"name":"West Ealing"},"type":"Feature"},{"geometry":{"coordinates":[-0.4191564,51.5029246],"type":"Point"},"id":"railways:3093","properties":{"name":"Hayes and Harlington"},"type":"Feature"},{"geometry":{"coordinates":[-0.3775015,51.5060205],"type":"Point"},"id":"railways:3094","properties":{"name":"Southall"},"type":"Feature"},{"geometry":{"coordinates":[-0.3381509,51.5118253],"type":"Point"},"id":"railways:3095","properties":{"name":"Hanwell"},"type":"Feature"},{"geometry":{"coordinates":[0.1119305,51.565803],"type":"Point"},"id":"railways:3096","properties":{"name":"Goodmayes"},"type":"Feature"},{"geometry":{"coordinates":[-0.2679825,51.5169789],"type":"Point"},"id":"railways:3097","properties":{"name":"Acton Main Line"},"type":"Feature"},{"geometry":{"coordinates":[-0.2025961,51.5450493],"type":"Point"},"id":"railways:3098","properties":{"name":"Brondesbury"},"type":"Feature"},{"geometry":{"coordinates":[0.0043357,51.5205083],"type":"Point"},"id":"railways:3099","properties":{"name":"Star Lane"},"type":"Feature"},{"geometry":{"coordinates":[-0.0554867,51.5117593],"type":"Point"},"id":"railways:3100","properties":{"name":"Shadwell"},"type":"Feature"},{"geometry":{"coordinates":[-0.2200978,51.5344634],"type":"Point"},"id":"railways:3101","properties":{"name":"Kensal Rise"},"type":"Feature"},{"geometry":{"coordinates":[-0.060686,51.5486455],"type":"Point"},"id":"railways:3102","properties":{"name":"Hackney Downs"},"type":"Feature"},{"geometry":{"coordinates":[-0.043121,51.5470789],"type":"Point"},"id":"railways:3103","properties":{"name":"Homerton"},"type":"Feature"},{"geometry":{"coordinates":[-0.0930239,51.5485632],"type":"Point"},"id":"railways:3104","properties":{"name":"Canonbury"},"type":"Feature"},{"geometry":{"coordinates":[-0.0526302,51.6480314],"type":"Point"},"id":"railways:3105","properties":{"name":"Southbury"},"type":"Feature"},{"geometry":{"coordinates":[-0.2103359,51.5405138],"type":"Point"},"id":"railways:3106","properties":{"name":"Brondesbury Park"},"type":"Feature"},{"geometry":{"coordinates":[-0.0717169,51.5804433],"type":"Point"},"id":"railways:3107","properties":{"name":"South Tottenham"},"type":"Feature"},{"geometry":{"coordinates":[-0.0322047,51.5811716],"type":"Point"},"id":"railways:3108","properties":{"name":"St James Street"},"type":"Feature"},{"geometry":{"coordinates":[-0.0241542,51.5434383],"type":"Point"},"id":"railways:3109","properties":{"name":"Hackney Wick"},"type":"Feature"},{"geometry":{"coordinates":[-0.0693944,51.641707],"type":"Point"},"id":"railways:3110","properties":{"name":"Bush Hill Park"},"type":"Feature"},{"geometry":{"coordinates":[-0.0577737,51.5410518],"type":"Point"},"id":"railways:3111","properties":{"name":"London Fields"},"type":"Feature"},{"geometry":{"coordinates":[-0.1788007,51.5414337],"type":"Point"},"id":"railways:3112","properties":{"name":"South Hampstead"},"type":"Feature"},{"geometry":{"coordinates":[-0.0172729,51.5222078],"type":"Point"},"id":"railways:3113","properties":{"name":"Devons Road"},"type":"Feature"},{"geometry":{"coordinates":[-0.0172859,51.5077131],"type":"Point"},"id":"railways:3114","properties":{"name":"Poplar"},"type":"Feature"},{"geometry":{"coordinates":[-0.0141164,51.5152051],"type":"Point"},"id":"railways:3115","properties":{"name":"Langdon Park"},"type":"Feature"},{"geometry":{"coordinates":[-5.8220885,56.9689555],"type":"Point"},"id":"railways:3116","properties":{"name":"Morar"},"type":"Feature"},{"geometry":{"coordinates":[-4.4054997,55.9074847],"type":"Point"},"id":"railways:3117","properties":{"name":"Singer"},"type":"Feature"},{"geometry":{"coordinates":[-5.8302296,57.0055416],"type":"Point"},"id":"railways:3118","properties":{"name":"Mallaig"},"type":"Feature"},{"geometry":{"coordinates":[-4.2695777,55.8646397],"type":"Point"},"id":"railways:3119","properties":{"name":"Charing Cross"},"type":"Feature"},{"geometry":{"coordinates":[-4.2248178,55.8483262],"type":"Point"},"id":"railways:3120","properties":{"name":"Bridgeton"},"type":"Feature"},{"geometry":{"coordinates":[-2.0976346,57.1426487],"type":"Point"},"id":"railways:3121","properties":{"name":"Aberdeen"},"type":"Feature"},{"geometry":{"coordinates":[-4.3854827,55.904597],"type":"Point"},"id":"railways:3122","properties":{"name":"Drumry"},"type":"Feature"},{"geometry":{"coordinates":[-1.5466911,54.5206617],"type":"Point"},"id":"railways:3123","properties":{"name":"Darlington"},"type":"Feature"},{"geometry":{"coordinates":[-1.4141302,53.4171124],"type":"Point"},"id":"railways:3124","properties":{"name":"Meadowhall Interchange"},"type":"Feature"},{"geometry":{"coordinates":[-2.8809051,53.5695845],"type":"Point"},"id":"railways:3125","properties":{"name":"Ormskirk"},"type":"Feature"},{"geometry":{"coordinates":[-3.1904199,55.9519018],"type":"Point"},"id":"railways:3126","properties":{"name":"Edinburgh Waverley"},"type":"Feature"},{"geometry":{"coordinates":[-2.9892356,53.4085494],"type":"Point"},"id":"railways:3127","properties":{"name":"Moorfields"},"type":"Feature"},{"geometry":{"coordinates":[-0.9091337,52.4802412],"type":"Point"},"id":"railways:3128","properties":{"name":"Market Harborough"},"type":"Feature"},{"geometry":{"coordinates":[-0.9177114,51.4410298],"type":"Point"},"id":"railways:3129","properties":{"name":"Earley"},"type":"Feature"},{"geometry":{"coordinates":[-2.244923,53.0864206],"type":"Point"},"id":"railways:3130","properties":{"name":"Kidsgrove"},"type":"Feature"},{"geometry":{"coordinates":[-1.6865886,52.6374678],"type":"Point"},"id":"railways:3131","properties":{"name":"Tamworth"},"type":"Feature"},{"geometry":{"coordinates":[-0.8440858,51.7180454],"type":"Point"},"id":"railways:3132","properties":{"name":"Princes Risborough"},"type":"Feature"},{"geometry":{"coordinates":[-0.8143149,51.8134286],"type":"Point"},"id":"railways:3133","properties":{"name":"Aylesbury"},"type":"Feature"},{"geometry":{"coordinates":[-2.134793,53.3505513],"type":"Point"},"id":"railways:3134","properties":{"name":"Poynton"},"type":"Feature"},{"geometry":{"coordinates":[-4.6312147,53.3073739],"type":"Point"},"id":"railways:3135","properties":{"name":"Holyhead"},"type":"Feature"},{"geometry":{"coordinates":[-2.1810781,53.0079887],"type":"Point"},"id":"railways:3136","properties":{"name":"Stoke-on-Trent"},"type":"Feature"},{"geometry":{"coordinates":[-3.0090126,51.8174352],"type":"Point"},"id":"railways:3137","properties":{"name":"Abergavenny"},"type":"Feature"},{"geometry":{"coordinates":[-2.1219368,53.2593665],"type":"Point"},"id":"railways:3138","properties":{"name":"Macclesfield"},"type":"Feature"},{"geometry":{"coordinates":[-2.1769016,51.2069721],"type":"Point"},"id":"railways:3139","properties":{"name":"Warminster"},"type":"Feature"},{"geometry":{"coordinates":[-2.1001222,51.8969882],"type":"Point"},"id":"railways:3140","properties":{"name":"Cheltenham Spa"},"type":"Feature"},{"geometry":{"coordinates":[-2.7304447,52.2258095],"type":"Point"},"id":"railways:3141","properties":{"name":"Leominster"},"type":"Feature"},{"geometry":{"coordinates":[-0.8047602,52.065978],"type":"Point"},"id":"railways:3142","properties":{"name":"Wolverton"},"type":"Feature"},{"geometry":{"coordinates":[-2.9982505,53.3484812],"type":"Point"},"id":"railways:3143","properties":{"name":"Port Sunlight"},"type":"Feature"},{"geometry":{"coordinates":[-1.4197283,53.2382236],"type":"Point"},"id":"railways:3144","properties":{"name":"Chesterfield"},"type":"Feature"},{"geometry":{"coordinates":[-2.4599923,53.4282913],"type":"Point"},"id":"railways:3145","properties":{"name":"Glazebrook"},"type":"Feature"},{"geometry":{"coordinates":[-0.899422,51.5338451],"type":"Point"},"id":"railways:3146","properties":{"name":"Henley-on-Thames"},"type":"Feature"},{"geometry":{"coordinates":[-2.9996254,53.0463361],"type":"Point"},"id":"railways:3147","properties":{"name":"Wrexham Central"},"type":"Feature"},{"geometry":{"coordinates":[-1.9847378,53.3302649],"type":"Point"},"id":"railways:3148","properties":{"name":"Whaley Bridge"},"type":"Feature"},{"geometry":{"coordinates":[-2.9795092,53.4042207],"type":"Point"},"id":"railways:3149","properties":{"name":"Liverpool Central"},"type":"Feature"},{"geometry":{"coordinates":[-2.9920015,53.4295369],"type":"Point"},"id":"railways:3150","properties":{"name":"Sandhills"},"type":"Feature"},{"geometry":{"coordinates":[-0.6883829,52.4888488],"type":"Point"},"id":"railways:3151","properties":{"name":"Corby"},"type":"Feature"},{"geometry":{"coordinates":[-2.9033054,54.3794896],"type":"Point"},"id":"railways:3152","properties":{"name":"Windermere"},"type":"Feature"},{"geometry":{"coordinates":[-0.1867064,52.9697297],"type":"Point"},"id":"railways:3153","properties":{"name":"Swineshead"},"type":"Feature"},{"geometry":{"coordinates":[-0.0300969,53.562825],"type":"Point"},"id":"railways:3154","properties":{"name":"Cleethorpes"},"type":"Feature"},{"geometry":{"coordinates":[-1.1399149,53.5219538],"type":"Point"},"id":"railways:3155","properties":{"name":"Doncaster"},"type":"Feature"},{"geometry":{"coordinates":[-0.0868507,53.5634567],"type":"Point"},"id":"railways:3156","properties":{"name":"Grimsby Town"},"type":"Feature"},{"geometry":{"coordinates":[-3.558903,54.6449643],"type":"Point"},"id":"railways:3157","properties":{"name":"Workington"},"type":"Feature"},{"geometry":{"coordinates":[-0.1571731,52.7887647],"type":"Point"},"id":"railways:3158","properties":{"name":"Spalding"},"type":"Feature"},{"geometry":{"coordinates":[-0.3368448,53.3840114],"type":"Point"},"id":"railways:3159","properties":{"name":"Market Rasen"},"type":"Feature"},{"geometry":{"coordinates":[-0.6645836,53.267314],"type":"Point"},"id":"railways:3160","properties":{"name":"Saxilby"},"type":"Feature"},{"geometry":{"coordinates":[-2.275711,53.4862309],"type":"Point"},"id":"railways:3161","properties":{"name":"Salford Crescent"},"type":"Feature"},{"geometry":{"coordinates":[-1.548621,53.794414],"type":"Point"},"id":"railways:3162","properties":{"name":"Leeds"},"type":"Feature"},{"geometry":{"coordinates":[-0.6515681,53.5861008],"type":"Point"},"id":"railways:3163","properties":{"name":"Scunthorpe"},"type":"Feature"},{"geometry":{"coordinates":[-1.5055805,53.6822118],"type":"Point"},"id":"railways:3164","properties":{"name":"Wakefield Westgate"},"type":"Feature"},{"geometry":{"coordinates":[1.3076876,52.626307],"type":"Point"},"id":"railways:3165","properties":{"name":"Norwich"},"type":"Feature"},{"geometry":{"coordinates":[-0.7445773,51.6293727],"type":"Point"},"id":"railways:3166","properties":{"name":"High Wycombe"},"type":"Feature"},{"geometry":{"coordinates":[-0.7470853,51.311784],"type":"Point"},"id":"railways:3167","properties":{"name":"Frimley"},"type":"Feature"},{"geometry":{"coordinates":[-0.2153478,51.4609339],"type":"Point"},"id":"railways:3168","properties":{"name":"Putney"},"type":"Feature"},{"geometry":{"coordinates":[-0.0961859,51.5407328],"type":"Point"},"id":"railways:3169","properties":{"name":"Essex Road"},"type":"Feature"},{"geometry":{"coordinates":[0.7310208,50.952632],"type":"Point"},"id":"railways:3170","properties":{"name":"Rye"},"type":"Feature"},{"geometry":{"coordinates":[-0.6767778,51.4062463],"type":"Point"},"id":"railways:3171","properties":{"name":"Ascot"},"type":"Feature"},{"geometry":{"coordinates":[-0.6053949,51.4866279],"type":"Point"},"id":"railways:3172","properties":{"name":"Windsor and Eton Riverside"},"type":"Feature"},{"geometry":{"coordinates":[0.8545851,51.0681986],"type":"Point"},"id":"railways:3173","properties":{"name":"Ham Street"},"type":"Feature"},{"geometry":{"coordinates":[0.3842646,51.6670001],"type":"Point"},"id":"railways:3174","properties":{"name":"Ingatestone"},"type":"Feature"},{"geometry":{"coordinates":[-0.2129746,51.5587554],"type":"Point"},"id":"railways:3175","properties":{"name":"Cricklewood"},"type":"Feature"},{"geometry":{"coordinates":[-0.4911208,51.7422715],"type":"Point"},"id":"railways:3176","properties":{"name":"Hemel Hempstead"},"type":"Feature"},{"geometry":{"coordinates":[1.3719521,51.3851637],"type":"Point"},"id":"railways:3177","properties":{"name":"Margate"},"type":"Feature"},{"geometry":{"coordinates":[-0.7307328,51.2753951],"type":"Point"},"id":"railways:3178","properties":{"name":"North Camp"},"type":"Feature"},{"geometry":{"coordinates":[-0.1082027,51.5042171],"type":"Point"},"id":"railways:3179","properties":{"name":"Waterloo East"},"type":"Feature"},{"geometry":{"coordinates":[-0.1230224,51.5323954],"type":"Point"},"id":"railways:3180","properties":{"name":"London King's Cross"},"type":"Feature"},{"geometry":{"coordinates":[0.0095073,51.3765959],"type":"Point"},"id":"railways:3181","properties":{"name":"Hayes"},"type":"Feature"},{"geometry":{"coordinates":[0.00375,51.4826479],"type":"Point"},"id":"railways:3182","properties":{"name":"Maze Hill"},"type":"Feature"},{"geometry":{"coordinates":[0.1329448,51.4635649],"type":"Point"},"id":"railways:3183","properties":{"name":"Bexleyheath"},"type":"Feature"},{"geometry":{"coordinates":[0.1533667,51.4922273],"type":"Point"},"id":"railways:3184","properties":{"name":"Belvedere"},"type":"Feature"},{"geometry":{"coordinates":[-0.137974,51.315543],"type":"Point"},"id":"railways:3185","properties":{"name":"Coulsdon South"},"type":"Feature"},{"geometry":{"coordinates":[-0.4683126,51.436496],"type":"Point"},"id":"railways:3186","properties":{"name":"Ashford"},"type":"Feature"},{"geometry":{"coordinates":[0.0793044,51.4592305],"type":"Point"},"id":"railways:3187","properties":{"name":"Falconwood"},"type":"Feature"},{"geometry":{"coordinates":[-0.7664026,51.571086],"type":"Point"},"id":"railways:3188","properties":{"name":"Marlow"},"type":"Feature"},{"geometry":{"coordinates":[0.030809,51.4867602],"type":"Point"},"id":"railways:3189","properties":{"name":"Charlton"},"type":"Feature"},{"geometry":{"coordinates":[-0.7748261,52.0342006],"type":"Point"},"id":"railways:3190","properties":{"name":"Milton Keynes Central"},"type":"Feature"},{"geometry":{"coordinates":[-0.1032417,51.5104871],"type":"Point"},"id":"railways:3191","properties":{"name":"London Blackfriars"},"type":"Feature"},{"geometry":{"coordinates":[-2.6988623,51.4997221],"type":"Point"},"id":"railways:3192","properties":{"name":"Avonmouth"},"type":"Feature"},{"geometry":{"coordinates":[-2.6496514,51.4795006],"type":"Point"},"id":"railways:3193","properties":{"name":"Sea Mills"},"type":"Feature"},{"geometry":{"coordinates":[-0.0347864,51.6428468],"type":"Point"},"id":"railways:3194","properties":{"name":"Ponders End"},"type":"Feature"},{"geometry":{"coordinates":[-0.0371218,51.5667512],"type":"Point"},"id":"railways:3195","properties":{"name":"Lea Bridge"},"type":"Feature"},{"geometry":{"coordinates":[-2.5804029,51.4490991],"type":"Point"},"id":"railways:3196","properties":{"name":"Bristol Temple Meads"},"type":"Feature"},{"geometry":{"coordinates":[-1.5782541,54.8545355],"type":"Point"},"id":"railways:3197","properties":{"name":"Chester-le-Street"},"type":"Feature"},{"geometry":{"coordinates":[-1.5815122,54.7797488],"type":"Point"},"id":"railways:3198","properties":{"name":"Durham"},"type":"Feature"},{"geometry":{"coordinates":[-2.7401448,54.3322466],"type":"Point"},"id":"railways:3199","properties":{"name":"Kendal"},"type":"Feature"},{"geometry":{"coordinates":[-2.807799,54.0488361],"type":"Point"},"id":"railways:3200","properties":{"name":"Lancaster"},"type":"Feature"},{"geometry":{"coordinates":[-3.02895,53.7531813],"type":"Point"},"id":"railways:3201","properties":{"name":"St Annes-on-the-Sea"},"type":"Feature"},{"geometry":{"coordinates":[-0.2798815,51.652819],"type":"Point"},"id":"railways:3202","properties":{"name":"Elstree & Borehamwood"},"type":"Feature"},{"geometry":{"coordinates":[-1.2395678,53.3367636],"type":"Point"},"id":"railways:3203","properties":{"name":"Kiveton Park"},"type":"Feature"},{"geometry":{"coordinates":[-0.3018196,51.4129328],"type":"Point"},"id":"railways:3204","properties":{"name":"Kingston"},"type":"Feature"},{"geometry":{"coordinates":[-1.469603,50.9195374],"type":"Point"},"id":"railways:3205","properties":{"name":"Redbridge"},"type":"Feature"},{"geometry":{"coordinates":[-1.1094383,52.7311264],"type":"Point"},"id":"railways:3206","properties":{"name":"Sileby"},"type":"Feature"},{"geometry":{"coordinates":[-2.4426484,50.7109324],"type":"Point"},"id":"railways:3207","properties":{"name":"Dorchester West"},"type":"Feature"},{"geometry":{"coordinates":[-1.3016958,54.5591886],"type":"Point"},"id":"railways:3208","properties":{"name":"Thornaby"},"type":"Feature"},{"geometry":{"coordinates":[-2.4943089,53.1904159],"type":"Point"},"id":"railways:3209","properties":{"name":"Winsford"},"type":"Feature"},{"geometry":{"coordinates":[-0.2137196,51.3294324],"type":"Point"},"id":"railways:3210","properties":{"name":"Banstead"},"type":"Feature"},{"geometry":{"coordinates":[-2.4374501,50.7091366],"type":"Point"},"id":"railways:3211","properties":{"name":"Dorchester South"},"type":"Feature"},{"geometry":{"coordinates":[-2.7217774,54.3050597],"type":"Point"},"id":"railways:3212","properties":{"name":"Oxenholme Lake District"},"type":"Feature"},{"geometry":{"coordinates":[-1.6417904,52.3960838],"type":"Point"},"id":"railways:3213","properties":{"name":"Berkswell"},"type":"Feature"},{"geometry":{"coordinates":[-0.2847664,51.5542489],"type":"Point"},"id":"railways:3214","properties":{"name":"Wembley Stadium"},"type":"Feature"},{"geometry":{"coordinates":[-0.3160599,51.5543352],"type":"Point"},"id":"railways:3215","properties":{"name":"Sudbury & Harrow Road"},"type":"Feature"},{"geometry":{"coordinates":[-1.2950397,52.9790983],"type":"Point"},"id":"railways:3216","properties":{"name":"Ilkeston"},"type":"Feature"},{"geometry":{"coordinates":[-1.9807611,52.3970107],"type":"Point"},"id":"railways:3217","properties":{"name":"Longbridge"},"type":"Feature"},{"geometry":{"coordinates":[-2.8280672,54.202601],"type":"Point"},"id":"railways:3218","properties":{"name":"Arnside"},"type":"Feature"},{"geometry":{"coordinates":[-1.364194,50.8964487],"type":"Point"},"id":"railways:3219","properties":{"name":"Sholing"},"type":"Feature"},{"geometry":{"coordinates":[-3.8854619,51.6615072],"type":"Point"},"id":"railways:3220","properties":{"name":"Llansamlet"},"type":"Feature"},{"geometry":{"coordinates":[1.4052264,51.3410764],"type":"Point"},"id":"railways:3221","properties":{"name":"Ramsgate"},"type":"Feature"},{"geometry":{"coordinates":[-1.3766466,50.8990424],"type":"Point"},"id":"railways:3222","properties":{"name":"Woolston"},"type":"Feature"},{"geometry":{"coordinates":[-1.3764672,50.9411238],"type":"Point"},"id":"railways:3223","properties":{"name":"Swaythling"},"type":"Feature"},{"geometry":{"coordinates":[-1.3769392,50.9181488],"type":"Point"},"id":"railways:3224","properties":{"name":"Bitterne"},"type":"Feature"},{"geometry":{"coordinates":[-3.7724229,55.6735029],"type":"Point"},"id":"railways:3225","properties":{"name":"Lanark"},"type":"Feature"},{"geometry":{"coordinates":[-1.1953957,52.9993437],"type":"Point"},"id":"railways:3226","properties":{"name":"Bulwell"},"type":"Feature"},{"geometry":{"coordinates":[-2.2269493,54.0104821],"type":"Point"},"id":"railways:3227","properties":{"name":"Hellifield"},"type":"Feature"},{"geometry":{"coordinates":[-0.2966751,51.5523278],"type":"Point"},"id":"railways:3228","properties":{"name":"Wembley Central"},"type":"Feature"},{"geometry":{"coordinates":[-2.7053474,56.5006776],"type":"Point"},"id":"railways:3229","properties":{"name":"Carnoustie"},"type":"Feature"},{"geometry":{"coordinates":[-3.1670184,56.1120419],"type":"Point"},"id":"railways:3230","properties":{"name":"Kirkcaldy"},"type":"Feature"},{"geometry":{"coordinates":[-3.9411518,58.2585833],"type":"Point"},"id":"railways:3231","properties":{"name":"Kinbrace"},"type":"Feature"},{"geometry":{"coordinates":[-5.6371138,57.3369369],"type":"Point"},"id":"railways:3232","properties":{"name":"Duncraig"},"type":"Feature"},{"geometry":{"coordinates":[-5.455396,57.3944792],"type":"Point"},"id":"railways:3233","properties":{"name":"Attadale"},"type":"Feature"},{"geometry":{"coordinates":[-4.3995831,57.9248518],"type":"Point"},"id":"railways:3234","properties":{"name":"Invershin"},"type":"Feature"},{"geometry":{"coordinates":[-3.8690934,58.1707751],"type":"Point"},"id":"railways:3235","properties":{"name":"Kildonan"},"type":"Feature"},{"geometry":{"coordinates":[-4.8089907,57.6218024],"type":"Point"},"id":"railways:3236","properties":{"name":"Lochluichart"},"type":"Feature"},{"geometry":{"coordinates":[-4.404528,57.9195944],"type":"Point"},"id":"railways:3237","properties":{"name":"Culrain"},"type":"Feature"},{"geometry":{"coordinates":[-3.55207,58.4828499],"type":"Point"},"id":"railways:3238","properties":{"name":"Scotscalder"},"type":"Feature"},{"geometry":{"coordinates":[-5.3333224,57.482028],"type":"Point"},"id":"railways:3239","properties":{"name":"Achnashellach"},"type":"Feature"},{"geometry":{"coordinates":[-4.158287,57.9886311],"type":"Point"},"id":"railways:3240","properties":{"name":"Rogart"},"type":"Feature"},{"geometry":{"coordinates":[-4.9138447,57.6096032],"type":"Point"},"id":"railways:3241","properties":{"name":"Achanalt"},"type":"Feature"},{"geometry":{"coordinates":[-5.6916167,57.3198325],"type":"Point"},"id":"railways:3242","properties":{"name":"Duirinish"},"type":"Feature"},{"geometry":{"coordinates":[-4.7134443,56.4336045],"type":"Point"},"id":"railways:3243","properties":{"name":"Tyndrum Lower"},"type":"Feature"},{"geometry":{"coordinates":[-5.1221182,56.8427664],"type":"Point"},"id":"railways:3244","properties":{"name":"Corpach"},"type":"Feature"},{"geometry":{"coordinates":[-5.3832916,56.4524716],"type":"Point"},"id":"railways:3245","properties":{"name":"Connel Ferry"},"type":"Feature"},{"geometry":{"coordinates":[-4.5773243,55.9852719],"type":"Point"},"id":"railways:3246","properties":{"name":"Alexandria"},"type":"Feature"},{"geometry":{"coordinates":[-2.4722165,56.7128296],"type":"Point"},"id":"railways:3247","properties":{"name":"Montrose"},"type":"Feature"},{"geometry":{"coordinates":[-5.0416851,56.4018224],"type":"Point"},"id":"railways:3248","properties":{"name":"Loch Awe"},"type":"Feature"},{"geometry":{"coordinates":[-5.8396337,56.9129624],"type":"Point"},"id":"railways:3249","properties":{"name":"Arisaig"},"type":"Feature"},{"geometry":{"coordinates":[-5.1127256,56.3940171],"type":"Point"},"id":"railways:3250","properties":{"name":"Falls of Cruachan"},"type":"Feature"},{"geometry":{"coordinates":[-4.5863543,55.9703118],"type":"Point"},"id":"railways:3251","properties":{"name":"Renton"},"type":"Feature"},{"geometry":{"coordinates":[-4.5832835,56.0023629],"type":"Point"},"id":"railways:3252","properties":{"name":"Balloch"},"type":"Feature"},{"geometry":{"coordinates":[-4.2233317,55.8777405],"type":"Point"},"id":"railways:3253","properties":{"name":"Barnhill"},"type":"Feature"},{"geometry":{"coordinates":[-4.8371115,56.8883373],"type":"Point"},"id":"railways:3254","properties":{"name":"Roy Bridge"},"type":"Feature"},{"geometry":{"coordinates":[-0.1099212,52.0306258],"type":"Point"},"id":"railways:3255","properties":{"name":"Ashwell & Morden"},"type":"Feature"},{"geometry":{"coordinates":[-1.1983615,54.544225],"type":"Point"},"id":"railways:3256","properties":{"name":"Marton"},"type":"Feature"},{"geometry":{"coordinates":[-4.1791751,55.8548998],"type":"Point"},"id":"railways:3257","properties":{"name":"Carntyne"},"type":"Feature"},{"geometry":{"coordinates":[-4.129839,55.855046],"type":"Point"},"id":"railways:3258","properties":{"name":"Garrowhill"},"type":"Feature"},{"geometry":{"coordinates":[-3.8297927,56.0221353],"type":"Point"},"id":"railways:3259","properties":{"name":"Larbert"},"type":"Feature"},{"geometry":{"coordinates":[-2.9754522,55.9527764],"type":"Point"},"id":"railways:3260","properties":{"name":"Prestonpans"},"type":"Feature"},{"geometry":{"coordinates":[-2.9896795,53.8482922],"type":"Point"},"id":"railways:3261","properties":{"name":"Poulton-le-Fylde"},"type":"Feature"},{"geometry":{"coordinates":[-3.9483149,55.8676763],"type":"Point"},"id":"railways:3262","properties":{"name":"Drumgelloch"},"type":"Feature"},{"geometry":{"coordinates":[-4.1595853,55.8536445],"type":"Point"},"id":"railways:3263","properties":{"name":"Shettleston"},"type":"Feature"},{"geometry":{"coordinates":[-0.7977286,54.1318572],"type":"Point"},"id":"railways:3264","properties":{"name":"Malton"},"type":"Feature"},{"geometry":{"coordinates":[0.0569774,52.1193575],"type":"Point"},"id":"railways:3265","properties":{"name":"Foxton"},"type":"Feature"},{"geometry":{"coordinates":[-4.0793828,55.8856215],"type":"Point"},"id":"railways:3266","properties":{"name":"Gartcosh"},"type":"Feature"},{"geometry":{"coordinates":[-3.5436081,55.9015081],"type":"Point"},"id":"railways:3267","properties":{"name":"Livingston North"},"type":"Feature"},{"geometry":{"coordinates":[1.2866273,51.9441577],"type":"Point"},"id":"railways:3268","properties":{"name":"Harwich Town"},"type":"Feature"},{"geometry":{"coordinates":[-4.0049999,55.864404],"type":"Point"},"id":"railways:3269","properties":{"name":"Coatdyke"},"type":"Feature"},{"geometry":{"coordinates":[0.8136583,51.6336033],"type":"Point"},"id":"railways:3270","properties":{"name":"Burnham-on-Crouch"},"type":"Feature"},{"geometry":{"coordinates":[-4.1404382,55.8901268],"type":"Point"},"id":"railways:3271","properties":{"name":"Stepps"},"type":"Feature"},{"geometry":{"coordinates":[-1.5817112,52.28662],"type":"Point"},"id":"railways:3272","properties":{"name":"Warwick"},"type":"Feature"},{"geometry":{"coordinates":[0.8353716,51.6606424],"type":"Point"},"id":"railways:3273","properties":{"name":"Southminster"},"type":"Feature"},{"geometry":{"coordinates":[0.0316482,52.114457],"type":"Point"},"id":"railways:3274","properties":{"name":"Shepreth"},"type":"Feature"},{"geometry":{"coordinates":[-3.5019033,55.9190379],"type":"Point"},"id":"railways:3275","properties":{"name":"Uphall"},"type":"Feature"},{"geometry":{"coordinates":[-3.0724862,55.933457],"type":"Point"},"id":"railways:3276","properties":{"name":"Musselburgh"},"type":"Feature"},{"geometry":{"coordinates":[-4.31008,55.8934819],"type":"Point"},"id":"railways:3277","properties":{"name":"Kelvindale"},"type":"Feature"},{"geometry":{"coordinates":[0.5656286,51.6249307],"type":"Point"},"id":"railways:3278","properties":{"name":"Battlesbridge"},"type":"Feature"},{"geometry":{"coordinates":[-3.9572856,56.1567462],"type":"Point"},"id":"railways:3279","properties":{"name":"Bridge of Allan"},"type":"Feature"},{"geometry":{"coordinates":[-4.1189471,57.0591332],"type":"Point"},"id":"railways:3280","properties":{"name":"Newtonmore"},"type":"Feature"},{"geometry":{"coordinates":[-1.5972825,52.3951906],"type":"Point"},"id":"railways:3281","properties":{"name":"Tile Hill"},"type":"Feature"},{"geometry":{"coordinates":[-5.7639221,56.9000736],"type":"Point"},"id":"railways:3282","properties":{"name":"Beasdale"},"type":"Feature"},{"geometry":{"coordinates":[0.7517966,51.6477849],"type":"Point"},"id":"railways:3283","properties":{"name":"Althorne"},"type":"Feature"},{"geometry":{"coordinates":[-2.6589846,53.6729554],"type":"Point"},"id":"railways:3284","properties":{"name":"Buckshaw Parkway"},"type":"Feature"},{"geometry":{"coordinates":[-1.1803117,54.5333293],"type":"Point"},"id":"railways:3285","properties":{"name":"Gypsy Lane"},"type":"Feature"},{"geometry":{"coordinates":[-3.6362736,55.8971052],"type":"Point"},"id":"railways:3286","properties":{"name":"Bathgate"},"type":"Feature"},{"geometry":{"coordinates":[-3.8183922,56.0062328],"type":"Point"},"id":"railways:3287","properties":{"name":"Camelon"},"type":"Feature"},{"geometry":{"coordinates":[-2.7309712,56.0566405],"type":"Point"},"id":"railways:3288","properties":{"name":"North Berwick"},"type":"Feature"},{"geometry":{"coordinates":[-2.2207771,52.1953125],"type":"Point"},"id":"railways:3289","properties":{"name":"Worcester Foregate Street"},"type":"Feature"},{"geometry":{"coordinates":[-2.2210855,52.3344413],"type":"Point"},"id":"railways:3290","properties":{"name":"Hartlebury"},"type":"Feature"},{"geometry":{"coordinates":[-3.6929618,55.8865302],"type":"Point"},"id":"railways:3291","properties":{"name":"Armadale"},"type":"Feature"},{"geometry":{"coordinates":[-3.8887176,55.8880483],"type":"Point"},"id":"railways:3292","properties":{"name":"Caldercruix"},"type":"Feature"},{"geometry":{"coordinates":[-2.8079516,53.6343744],"type":"Point"},"id":"railways:3293","properties":{"name":"Rufford"},"type":"Feature"},{"geometry":{"coordinates":[-0.2809477,52.1249106],"type":"Point"},"id":"railways:3294","properties":{"name":"Sandy"},"type":"Feature"},{"geometry":{"coordinates":[-2.5892737,56.5593376],"type":"Point"},"id":"railways:3295","properties":{"name":"Arbroath"},"type":"Feature"},{"geometry":{"coordinates":[-1.6831484,55.1623623],"type":"Point"},"id":"railways:3296","properties":{"name":"Morpeth"},"type":"Feature"},{"geometry":{"coordinates":[-3.7854737,56.0023684],"type":"Point"},"id":"railways:3297","properties":{"name":"Falkirk Grahamston"},"type":"Feature"},{"geometry":{"coordinates":[-2.225283,56.9668616],"type":"Point"},"id":"railways:3298","properties":{"name":"Stonehaven"},"type":"Feature"},{"geometry":{"coordinates":[-3.3954171,56.0352386],"type":"Point"},"id":"railways:3299","properties":{"name":"Inverkeithing"},"type":"Feature"},{"geometry":{"coordinates":[-4.3094365,55.8699211],"type":"Point"},"id":"railways:3300","properties":{"name":"Partick (Rail)"},"type":"Feature"},{"geometry":{"coordinates":[-2.7201226,56.4979456],"type":"Point"},"id":"railways:3301","properties":{"name":"Golf Street"},"type":"Feature"},{"geometry":{"coordinates":[-1.7491251,53.790494],"type":"Point"},"id":"railways:3302","properties":{"name":"Bradford Interchange"},"type":"Feature"},{"geometry":{"coordinates":[0.6060545,51.6494076],"type":"Point"},"id":"railways:3303","properties":{"name":"South Woodham Ferrers"},"type":"Feature"},{"geometry":{"coordinates":[-2.1600339,52.1561771],"type":"Point"},"id":"railways:3304","properties":{"name":"Worcestershire Parkway"},"type":"Feature"},{"geometry":{"coordinates":[-2.2658011,53.0364237],"type":"Point"},"id":"railways:3305","properties":{"name":"Apedale Road"},"type":"Feature"},{"geometry":{"coordinates":[-0.0311433,53.4451119],"type":"Point"},"id":"railways:3306","properties":{"name":"Ludborough"},"type":"Feature"},{"geometry":{"coordinates":[-1.9804372,52.5021195],"type":"Point"},"id":"railways:3307","properties":{"name":"Smethwick Galton Bridge"},"type":"Feature"},{"geometry":{"coordinates":[-1.4163018,53.5174468],"type":"Point"},"id":"railways:3308","properties":{"name":"Wombwell"},"type":"Feature"},{"geometry":{"coordinates":[-1.9355913,52.4418625],"type":"Point"},"id":"railways:3309","properties":{"name":"Selly Oak"},"type":"Feature"},{"geometry":{"coordinates":[-1.9266683,52.4273889],"type":"Point"},"id":"railways:3310","properties":{"name":"Bournville"},"type":"Feature"},{"geometry":{"coordinates":[-1.9130708,52.4710941],"type":"Point"},"id":"railways:3311","properties":{"name":"Five Ways"},"type":"Feature"},{"geometry":{"coordinates":[-1.8593194,52.4636809],"type":"Point"},"id":"railways:3312","properties":{"name":"Small Heath"},"type":"Feature"},{"geometry":{"coordinates":[-1.8385604,52.4539238],"type":"Point"},"id":"railways:3313","properties":{"name":"Tyseley"},"type":"Feature"},{"geometry":{"coordinates":[-1.8192198,52.449547],"type":"Point"},"id":"railways:3314","properties":{"name":"Acocks Green"},"type":"Feature"},{"geometry":{"coordinates":[-1.9288687,52.5309945],"type":"Point"},"id":"railways:3315","properties":{"name":"Hamstead"},"type":"Feature"},{"geometry":{"coordinates":[-4.2484588,55.8888403],"type":"Point"},"id":"railways:3316","properties":{"name":"Ashfield"},"type":"Feature"},{"geometry":{"coordinates":[-4.2583527,55.890141],"type":"Point"},"id":"railways:3317","properties":{"name":"Possilpark and Parkhouse"},"type":"Feature"},{"geometry":{"coordinates":[-4.2598625,55.8680751],"type":"Point"},"id":"railways:3318","properties":{"name":"Cowcaddens"},"type":"Feature"},{"geometry":{"coordinates":[-3.04882,53.7984415],"type":"Point"},"id":"railways:3319","properties":{"name":"Blackpool South"},"type":"Feature"},{"geometry":{"coordinates":[-1.8712807,52.4884888],"type":"Point"},"id":"railways:3320","properties":{"name":"Duddeston"},"type":"Feature"},{"geometry":{"coordinates":[-1.442273,55.0397265],"type":"Point"},"id":"railways:3321","properties":{"name":"Whitley Bay"},"type":"Feature"},{"geometry":{"coordinates":[-1.4288662,55.0170464],"type":"Point"},"id":"railways:3322","properties":{"name":"Tynemouth"},"type":"Feature"},{"geometry":{"coordinates":[-1.4320475,54.9866761],"type":"Point"},"id":"railways:3323","properties":{"name":"Chichester"},"type":"Feature"},{"geometry":{"coordinates":[-1.4363669,55.034999],"type":"Point"},"id":"railways:3324","properties":{"name":"Cullercoats"},"type":"Feature"},{"geometry":{"coordinates":[-1.4584698,55.042298],"type":"Point"},"id":"railways:3325","properties":{"name":"Monkseaton"},"type":"Feature"},{"geometry":{"coordinates":[-1.4759796,55.0405469],"type":"Point"},"id":"railways:3326","properties":{"name":"West Monkseaton"},"type":"Feature"},{"geometry":{"coordinates":[-1.4489628,55.0081382],"type":"Point"},"id":"railways:3327","properties":{"name":"North Shields"},"type":"Feature"},{"geometry":{"coordinates":[-1.4329872,54.9973681],"type":"Point"},"id":"railways:3328","properties":{"name":"South Shields"},"type":"Feature"},{"geometry":{"coordinates":[-1.4416187,54.9761432],"type":"Point"},"id":"railways:3329","properties":{"name":"Tyne Dock"},"type":"Feature"},{"geometry":{"coordinates":[-1.4554849,54.971707],"type":"Point"},"id":"railways:3330","properties":{"name":"Simonside"},"type":"Feature"},{"geometry":{"coordinates":[-0.4857886,51.4798719],"type":"Point"},"id":"railways:3331","properties":{"name":"Station B"},"type":"Feature"},{"geometry":{"coordinates":[-0.4882479,51.4797899],"type":"Point"},"id":"railways:3332","properties":{"name":"Station A"},"type":"Feature"},{"geometry":{"coordinates":[-4.0827684,52.4243334],"type":"Point"},"id":"railways:3333","properties":{"name":"Aberystwyth Cliff Railway Upper Station"},"type":"Feature"},{"geometry":{"coordinates":[-4.0839049,52.4223809],"type":"Point"},"id":"railways:3334","properties":{"name":"Aberystwyth Cliff Railway Lower Station"},"type":"Feature"},{"geometry":{"coordinates":[-4.3949566,52.040521],"type":"Point"},"id":"railways:3335","properties":{"name":"Henllan"},"type":"Feature"},{"geometry":{"coordinates":[-4.1180163,53.1045444],"type":"Point"},"id":"railways:3336","properties":{"name":"Hebron"},"type":"Feature"},{"geometry":{"coordinates":[-3.5723937,50.34888],"type":"Point"},"id":"railways:3337","properties":{"name":"Kingswear"},"type":"Feature"},{"geometry":{"coordinates":[-3.8610189,55.6940364],"type":"Point"},"id":"railways:3338","properties":{"name":"Clyde Valley Station"},"type":"Feature"},{"geometry":{"coordinates":[-2.754002,53.7587057],"type":"Point"},"id":"railways:3339","properties":{"name":"Preston Riverside"},"type":"Feature"},{"geometry":{"coordinates":[-0.9707674,54.5861853],"type":"Point"},"id":"railways:3340","properties":{"name":"Pier"},"type":"Feature"},{"geometry":{"coordinates":[-4.0803839,53.0841378],"type":"Point"},"id":"railways:3341","properties":{"name":"Clogwyn"},"type":"Feature"},{"geometry":{"coordinates":[-4.0960793,53.0955784],"type":"Point"},"id":"railways:3342","properties":{"name":"Halfway"},"type":"Feature"},{"geometry":{"coordinates":[-1.401268,53.0633087],"type":"Point"},"id":"railways:3343","properties":{"name":"Butterley"},"type":"Feature"},{"geometry":{"coordinates":[-3.6645247,50.5579041],"type":"Point"},"id":"railways:3344","properties":{"name":"Riverside Station"},"type":"Feature"},{"geometry":{"coordinates":[-0.0168191,53.550671],"type":"Point"},"id":"railways:3345","properties":{"name":"Kingsway Station"},"type":"Feature"},{"geometry":{"coordinates":[-0.0095815,53.5436891],"type":"Point"},"id":"railways:3346","properties":{"name":"Lakeside Central"},"type":"Feature"},{"geometry":{"coordinates":[-1.6096489,53.1745377],"type":"Point"},"id":"railways:3347","properties":{"name":"Rowsley South"},"type":"Feature"},{"geometry":{"coordinates":[-2.2658653,53.0329455],"type":"Point"},"id":"railways:3348","properties":{"name":"Silverdale"},"type":"Feature"},{"geometry":{"coordinates":[1.1235411,52.3736162],"type":"Point"},"id":"railways:3349","properties":{"name":"Diss"},"type":"Feature"},{"geometry":{"coordinates":[-1.8208401,52.3247544],"type":"Point"},"id":"railways:3350","properties":{"name":"Danzey"},"type":"Feature"},{"geometry":{"coordinates":[-1.3114857,53.5188149],"type":"Point"},"id":"railways:3351","properties":{"name":"Bolton-upon-Dearne"},"type":"Feature"},{"geometry":{"coordinates":[-1.3128969,53.5338284],"type":"Point"},"id":"railways:3352","properties":{"name":"Goldthorpe"},"type":"Feature"},{"geometry":{"coordinates":[-1.3083856,53.5455375],"type":"Point"},"id":"railways:3353","properties":{"name":"Thurnscoe"},"type":"Feature"},{"geometry":{"coordinates":[-1.3048115,53.5948943],"type":"Point"},"id":"railways:3354","properties":{"name":"Moorthorpe"},"type":"Feature"},{"geometry":{"coordinates":[-1.4235073,53.7004001],"type":"Point"},"id":"railways:3355","properties":{"name":"Normanton"},"type":"Feature"},{"geometry":{"coordinates":[-1.0279398,53.6931673],"type":"Point"},"id":"railways:3356","properties":{"name":"Snaith"},"type":"Feature"},{"geometry":{"coordinates":[-1.1588897,53.6991292],"type":"Point"},"id":"railways:3357","properties":{"name":"Whitley Bridge"},"type":"Feature"},{"geometry":{"coordinates":[-1.2592535,53.7064452],"type":"Point"},"id":"railways:3358","properties":{"name":"Knottingley"},"type":"Feature"},{"geometry":{"coordinates":[-1.3420479,53.7090568],"type":"Point"},"id":"railways:3359","properties":{"name":"Glasshoughton"},"type":"Feature"},{"geometry":{"coordinates":[-1.3041376,53.6988004],"type":"Point"},"id":"railways:3360","properties":{"name":"Pontefract Monkhill"},"type":"Feature"},{"geometry":{"coordinates":[-1.3551009,53.7240751],"type":"Point"},"id":"railways:3361","properties":{"name":"Castleford"},"type":"Feature"},{"geometry":{"coordinates":[-0.874258,53.7049682],"type":"Point"},"id":"railways:3362","properties":{"name":"Goole"},"type":"Feature"},{"geometry":{"coordinates":[-0.9724456,53.6161857],"type":"Point"},"id":"railways:3363","properties":{"name":"Thorne North"},"type":"Feature"},{"geometry":{"coordinates":[-1.3071992,54.7637874],"type":"Point"},"id":"railways:3364","properties":{"name":"Horden"},"type":"Feature"},{"geometry":{"coordinates":[-4.0303603,52.4399137],"type":"Point"},"id":"railways:3365","properties":{"name":"Bow Street"},"type":"Feature"},{"geometry":{"coordinates":[0.1922072,50.9958916],"type":"Point"},"id":"railways:3366","properties":{"name":"Hadlow Down"},"type":"Feature"},{"geometry":{"coordinates":[0.7243279,51.5693654],"type":"Point"},"id":"railways:3367","properties":{"name":"Sutton Hall Railway Station"},"type":"Feature"},{"geometry":{"coordinates":[-1.0356438,51.3720595],"type":"Point"},"id":"railways:3368","properties":{"name":"Mortimer"},"type":"Feature"},{"geometry":{"coordinates":[-1.0608367,51.3299792],"type":"Point"},"id":"railways:3369","properties":{"name":"Bramley"},"type":"Feature"},{"geometry":{"coordinates":[-3.5485017,55.8852617],"type":"Point"},"id":"railways:3370","properties":{"name":"Livingston Mill"},"type":"Feature"},{"geometry":{"coordinates":[-3.5553551,55.8847771],"type":"Point"},"id":"railways:3371","properties":{"name":"Almondhaugh Halt"},"type":"Feature"},{"geometry":{"coordinates":[-0.5229435,50.8043811],"type":"Point"},"id":"railways:3372","properties":{"name":"Mewsbrook Park"},"type":"Feature"},{"geometry":{"coordinates":[-0.5311222,50.8029979],"type":"Point"},"id":"railways:3373","properties":{"name":"Norfolk Gardens"},"type":"Feature"},{"geometry":{"coordinates":[-1.6866887,55.4025681],"type":"Point"},"id":"railways:3374","properties":{"name":"Lionheart"},"type":"Feature"},{"geometry":{"coordinates":[-4.4069336,52.0415956],"type":"Point"},"id":"railways:3375","properties":{"name":"Pontprenshitw"},"type":"Feature"},{"geometry":{"coordinates":[-2.4455866,50.6258855],"type":"Point"},"id":"railways:3376","properties":{"name":"Weymouth Bay Miniature Railway"},"type":"Feature"},{"geometry":{"coordinates":[-3.6660642,50.5555299],"type":"Point"},"id":"railways:3377","properties":{"name":"Trago Central"},"type":"Feature"},{"geometry":{"coordinates":[-3.1007729,50.6976224],"type":"Point"},"id":"railways:3378","properties":{"name":"Much Natter"},"type":"Feature"},{"geometry":{"coordinates":[-2.6047757,53.5689612],"type":"Point"},"id":"railways:3379","properties":{"name":"Hall Drive"},"type":"Feature"},{"geometry":{"coordinates":[-0.7084561,52.0106337],"type":"Point"},"id":"railways:3380","properties":{"name":"Caldecotte Miniature Railway"},"type":"Feature"},{"geometry":{"coordinates":[-0.7720564,51.1838357],"type":"Point"},"id":"railways:3381","properties":{"name":"Mills Wood"},"type":"Feature"},{"geometry":{"coordinates":[1.0040989,51.036039],"type":"Point"},"id":"railways:3382","properties":{"name":"Burmarsh Road"},"type":"Feature"},{"geometry":{"coordinates":[-4.5540413,55.9423477],"type":"Point"},"id":"railways:3383","properties":{"name":"Dumbarton East"},"type":"Feature"},{"geometry":{"coordinates":[-0.9069697,52.2373719],"type":"Point"},"id":"railways:3384","properties":{"name":"Northampton"},"type":"Feature"},{"geometry":{"coordinates":[-3.0320721,53.1848468],"type":"Point"},"id":"railways:3385","properties":{"name":"Hawarden"},"type":"Feature"},{"geometry":{"coordinates":[-1.3640883,50.9553976],"type":"Point"},"id":"railways:3386","properties":{"name":"Station"},"type":"Feature"},{"geometry":{"coordinates":[-2.0223507,52.6860971],"type":"Point"},"id":"railways:3387","properties":{"name":"Cannock"},"type":"Feature"},{"geometry":{"coordinates":[-2.6111685,51.7825235],"type":"Point"},"id":"railways:3388","properties":{"name":"Perrygrove"},"type":"Feature"},{"geometry":{"coordinates":[-2.6102566,51.7824969],"type":"Point"},"id":"railways:3389","properties":{"name":"Oakiron"},"type":"Feature"},{"geometry":{"coordinates":[-1.8222392,54.308109],"type":"Point"},"id":"railways:3390","properties":{"name":"Leyburn"},"type":"Feature"},{"geometry":{"coordinates":[-1.843698,52.4544518],"type":"Point"},"id":"railways:3391","properties":{"name":"Shakespeare Line Warwick Road"},"type":"Feature"},{"geometry":{"coordinates":[-1.9292816,51.985948],"type":"Point"},"id":"railways:3392","properties":{"name":"California Crossing"},"type":"Feature"},{"geometry":{"coordinates":[-1.8839327,52.512194],"type":"Point"},"id":"railways:3393","properties":{"name":"Witton"},"type":"Feature"},{"geometry":{"coordinates":[-1.8614034,52.3665989],"type":"Point"},"id":"railways:3394","properties":{"name":"Earlswood"},"type":"Feature"},{"geometry":{"coordinates":[-1.8446544,52.3590972],"type":"Point"},"id":"railways:3395","properties":{"name":"The Lakes"},"type":"Feature"},{"geometry":{"coordinates":[-4.055475,57.5333636],"type":"Point"},"id":"railways:3396","properties":{"name":"Inverness Airport"},"type":"Feature"},{"geometry":{"coordinates":[-3.774543,50.2804339],"type":"Point"},"id":"railways:3397","properties":{"name":"Kingsbridge Park Side"},"type":"Feature"},{"geometry":{"coordinates":[-3.7755376,50.2822457],"type":"Point"},"id":"railways:3398","properties":{"name":"Kingsbridge Ria End"},"type":"Feature"},{"geometry":{"coordinates":[1.3986272,52.1510336],"type":"Point"},"id":"railways:3399","properties":{"name":"Wickham Market"},"type":"Feature"},{"geometry":{"coordinates":[-0.1206625,51.5982024],"type":"Point"},"id":"railways:3400","properties":{"name":"Alexandra Palace"},"type":"Feature"},{"geometry":{"coordinates":[-0.1428091,51.613804],"type":"Point"},"id":"railways:3401","properties":{"name":"New Southgate"},"type":"Feature"},{"geometry":{"coordinates":[-0.1662251,51.6376675],"type":"Point"},"id":"railways:3402","properties":{"name":"Oakleigh Park"},"type":"Feature"},{"geometry":{"coordinates":[-0.1726236,51.6482779],"type":"Point"},"id":"railways:3403","properties":{"name":"New Barnet"},"type":"Feature"},{"geometry":{"coordinates":[0.021475,51.4139567],"type":"Point"},"id":"railways:3404","properties":{"name":"Sundridge Park"},"type":"Feature"},{"geometry":{"coordinates":[-0.1034911,51.4316272],"type":"Point"},"id":"railways:3405","properties":{"name":"West Norwood"},"type":"Feature"},{"geometry":{"coordinates":[-0.0840424,51.4245334],"type":"Point"},"id":"railways:3406","properties":{"name":"Gipsy Hill"},"type":"Feature"},{"geometry":{"coordinates":[-0.0565394,51.4034563],"type":"Point"},"id":"railways:3407","properties":{"name":"Birkbeck"},"type":"Feature"},{"geometry":{"coordinates":[-0.0807982,51.4610374],"type":"Point"},"id":"railways:3408","properties":{"name":"East Dulwich"},"type":"Feature"},{"geometry":{"coordinates":[-0.3364379,51.5332032],"type":"Point"},"id":"railways:3409","properties":{"name":"South Greenford"},"type":"Feature"},{"geometry":{"coordinates":[-0.3315024,51.5228669],"type":"Point"},"id":"railways:3410","properties":{"name":"Castle Bar Park"},"type":"Feature"},{"geometry":{"coordinates":[-0.3301943,51.5163854],"type":"Point"},"id":"railways:3411","properties":{"name":"Drayton Green"},"type":"Feature"},{"geometry":{"coordinates":[-0.6105638,51.4832744],"type":"Point"},"id":"railways:3412","properties":{"name":"Windsor and Eton Central"},"type":"Feature"},{"geometry":{"coordinates":[0.1914099,50.9952313],"type":"Point"},"id":"railways:3413","properties":{"name":"Tinkers Lane"},"type":"Feature"},{"geometry":{"coordinates":[-1.8446597,52.6043776],"type":"Point"},"id":"railways:3414","properties":{"name":"Blake Street"},"type":"Feature"},{"geometry":{"coordinates":[-0.2807018,51.5042491],"type":"Point"},"id":"railways:3415","properties":{"name":"Depot Approach"},"type":"Feature"},{"geometry":{"coordinates":[-0.2817182,51.5054114],"type":"Point"},"id":"railways:3416","properties":{"name":"Ealing End"},"type":"Feature"},{"geometry":{"coordinates":[-3.9036851,51.1967627],"type":"Point"},"id":"railways:3417","properties":{"name":"Killington Lane"},"type":"Feature"},{"geometry":{"coordinates":[-3.8874256,51.2017482],"type":"Point"},"id":"railways:3418","properties":{"name":"Woody Bay"},"type":"Feature"},{"geometry":{"coordinates":[-3.0015161,53.0505698],"type":"Point"},"id":"railways:3419","properties":{"name":"Wrexham General"},"type":"Feature"},{"geometry":{"coordinates":[0.8752323,51.143379],"type":"Point"},"id":"railways:3420","properties":{"name":"Ashford International"},"type":"Feature"},{"geometry":{"coordinates":[0.8924554,51.9005793],"type":"Point"},"id":"railways:3421","properties":{"name":"Colchester"},"type":"Feature"},{"geometry":{"coordinates":[-1.5986832,55.0877627],"type":"Point"},"id":"railways:3422","properties":{"name":"Cramlington"},"type":"Feature"},{"geometry":{"coordinates":[1.3178856,52.0902961],"type":"Point"},"id":"railways:3423","properties":{"name":"Woodbridge"},"type":"Feature"},{"geometry":{"coordinates":[-2.8151829,53.4369651],"type":"Point"},"id":"railways:3424","properties":{"name":"Knowsley Safari Park Train Station"},"type":"Feature"},{"geometry":{"coordinates":[-0.3951825,51.8726445],"type":"Point"},"id":"railways:3425","properties":{"name":"Luton DART Parkway"},"type":"Feature"},{"geometry":{"coordinates":[-0.3737972,51.8785942],"type":"Point"},"id":"railways:3426","properties":{"name":"Central Terminal"},"type":"Feature"},{"geometry":{"coordinates":[-0.8068088,54.2111863],"type":"Point"},"id":"railways:3427","properties":{"name":"Kumali"},"type":"Feature"},{"geometry":{"coordinates":[-0.8036184,54.2087968],"type":"Point"},"id":"railways:3428","properties":{"name":"Zoo"},"type":"Feature"},{"geometry":{"coordinates":[-0.8078347,54.2094998],"type":"Point"},"id":"railways:3429","properties":{"name":"Plaza"},"type":"Feature"},{"geometry":{"coordinates":[-2.0561814,52.4707939],"type":"Point"},"id":"railways:3430","properties":{"name":"Old Hill"},"type":"Feature"},{"geometry":{"coordinates":[-2.0858098,52.5453191],"type":"Point"},"id":"railways:3431","properties":{"name":"Coseley"},"type":"Feature"},{"geometry":{"coordinates":[-1.8362585,52.444262],"type":"Point"},"id":"railways:3432","properties":{"name":"Spring Road"},"type":"Feature"},{"geometry":{"coordinates":[0.7609321,51.9250992],"type":"Point"},"id":"railways:3433","properties":{"name":"Thompson Green station (MR2)"},"type":"Feature"},{"geometry":{"coordinates":[-2.4938302,53.5335276],"type":"Point"},"id":"railways:3434","properties":{"name":"Hag Fold"},"type":"Feature"},{"geometry":{"coordinates":[-0.9228506,51.8625389],"type":"Point"},"id":"railways:3435","properties":{"name":"Golding Spring Central"},"type":"Feature"},{"geometry":{"coordinates":[-4.3952567,52.0400325],"type":"Point"},"id":"railways:3436","properties":{"name":"Henllan High Level"},"type":"Feature"},{"geometry":{"coordinates":[-1.8554151,52.4830636],"type":"Point"},"id":"railways:3437","properties":{"name":"Adderley Park"},"type":"Feature"},{"geometry":{"coordinates":[-3.521486,50.7043896],"type":"Point"},"id":"railways:3438","properties":{"name":"Marsh Barton"},"type":"Feature"},{"geometry":{"coordinates":[-2.0369415,52.9984067],"type":"Point"},"id":"railways:3439","properties":{"name":"Foxfield Colliery"},"type":"Feature"},{"geometry":{"coordinates":[-1.7845997,52.2658372],"type":"Point"},"id":"railways:3440","properties":{"name":"Wootton Wawen"},"type":"Feature"},{"geometry":{"coordinates":[-1.8455704,52.4369843],"type":"Point"},"id":"railways:3441","properties":{"name":"Hall Green"},"type":"Feature"},{"geometry":{"coordinates":[-1.804385,52.4384167],"type":"Point"},"id":"railways:3442","properties":{"name":"Olton"},"type":"Feature"},{"geometry":{"coordinates":[-1.8919518,52.4789357],"type":"Point"},"id":"railways:3443","properties":{"name":"Birmingham Moor Street"},"type":"Feature"},{"geometry":{"coordinates":[-1.7550948,52.4668809],"type":"Point"},"id":"railways:3444","properties":{"name":"Marston Green"},"type":"Feature"},{"geometry":{"coordinates":[-0.4140848,51.8825271],"type":"Point"},"id":"railways:3445","properties":{"name":"Luton"},"type":"Feature"},{"geometry":{"coordinates":[-3.0428622,52.8415842],"type":"Point"},"id":"railways:3446","properties":{"name":"Weston Wharf"},"type":"Feature"},{"geometry":{"coordinates":[-1.8280314,52.5795454],"type":"Point"},"id":"railways:3447","properties":{"name":"Four Oaks"},"type":"Feature"},{"geometry":{"coordinates":[-4.2824637,55.8972879],"type":"Point"},"id":"railways:3448","properties":{"name":"Gilshochill"},"type":"Feature"},{"geometry":{"coordinates":[-5.4285637,57.4227498],"type":"Point"},"id":"railways:3449","properties":{"name":"Strathcarron"},"type":"Feature"},{"geometry":{"coordinates":[-3.1943835,54.1150592],"type":"Point"},"id":"railways:3450","properties":{"name":"Roose"},"type":"Feature"},{"geometry":{"coordinates":[-2.9753812,53.6460698],"type":"Point"},"id":"railways:3451","properties":{"name":"Meols Cop"},"type":"Feature"},{"geometry":{"coordinates":[-1.8451962,52.4035742],"type":"Point"},"id":"railways:3452","properties":{"name":"Shirley"},"type":"Feature"},{"geometry":{"coordinates":[-3.0412227,51.5813041],"type":"Point"},"id":"railways:3453","properties":{"name":"Pye Corner"},"type":"Feature"},{"geometry":{"coordinates":[1.2299591,51.1891733],"type":"Point"},"id":"railways:3454","properties":{"name":"Shepherdswell (EKMR)"},"type":"Feature"},{"geometry":{"coordinates":[-1.9243093,54.7260089],"type":"Point"},"id":"railways:3455","properties":{"name":"Kingfisher Halt"},"type":"Feature"},{"geometry":{"coordinates":[-2.6127976,51.7850193],"type":"Point"},"id":"railways:3456","properties":{"name":"Rookwood"},"type":"Feature"},{"geometry":{"coordinates":[-0.1048466,51.4399271],"type":"Point"},"id":"railways:3457","properties":{"name":"Tulse Hill"},"type":"Feature"},{"geometry":{"coordinates":[-2.7482498,55.2938104],"type":"Point"},"id":"railways:3458","properties":{"name":"Whitrope Siding"},"type":"Feature"},{"geometry":{"coordinates":[-2.8837132,53.4915834],"type":"Point"},"id":"railways:3459","properties":{"name":"Headbolt Lane"},"type":"Feature"},{"geometry":{"coordinates":[-1.0013637,51.4265936],"type":"Point"},"id":"railways:3460","properties":{"name":"Reading Green Park"},"type":"Feature"},{"geometry":{"coordinates":[-0.2052959,50.8357461],"type":"Point"},"id":"railways:3461","properties":{"name":"Portslade"},"type":"Feature"},{"geometry":{"coordinates":[-1.5432862,52.7388088],"type":"Point"},"id":"railways:3462","properties":{"name":"Waterside Station"},"type":"Feature"},{"geometry":{"coordinates":[-1.6603872,55.396437],"type":"Point"},"id":"railways:3463","properties":{"name":"Greenrigg Halt"},"type":"Feature"},{"geometry":{"coordinates":[-3.1950487,52.979942],"type":"Point"},"id":"railways:3464","properties":{"name":"Berwyn"},"type":"Feature"},{"geometry":{"coordinates":[-3.2301065,52.9727965],"type":"Point"},"id":"railways:3465","properties":{"name":"Deeside Halt"},"type":"Feature"},{"geometry":{"coordinates":[-3.2674053,52.9766183],"type":"Point"},"id":"railways:3466","properties":{"name":"Glyndyfrdwy"},"type":"Feature"},{"geometry":{"coordinates":[-3.314922,52.981703],"type":"Point"},"id":"railways:3467","properties":{"name":"Carrog"},"type":"Feature"},{"geometry":{"coordinates":[-0.7504915,54.2379744],"type":"Point"},"id":"railways:3468","properties":{"name":"Cedarbarn"},"type":"Feature"},{"geometry":{"coordinates":[-0.2265437,51.5688188],"type":"Point"},"id":"railways:3469","properties":{"name":"Brent Cross West"},"type":"Feature"},{"geometry":{"coordinates":[-0.6224048,53.5866845],"type":"Point"},"id":"railways:3470","properties":{"name":"Appleby"},"type":"Feature"},{"geometry":{"coordinates":[-2.4435015,53.4945115],"type":"Point"},"id":"railways:3471","properties":{"name":"Whitehead Lane"},"type":"Feature"},{"geometry":{"coordinates":[-2.4458362,53.4954145],"type":"Point"},"id":"railways:3472","properties":{"name":"Trencherbone Platform"},"type":"Feature"},{"geometry":{"coordinates":[-2.8673149,51.3618222],"type":"Point"},"id":"railways:3473","properties":{"name":"Puxton Park"},"type":"Feature"},{"geometry":{"coordinates":[-0.0176241,51.5061102],"type":"Point"},"id":"railways:3474","properties":{"name":"Canary Wharf"},"type":"Feature"},{"geometry":{"coordinates":[-0.1296937,51.4801837],"type":"Point"},"id":"railways:3475","properties":{"name":"Nine Elms"},"type":"Feature"},{"geometry":{"coordinates":[-0.1429709,51.4796154],"type":"Point"},"id":"railways:3476","properties":{"name":"Battersea Power Station"},"type":"Feature"},{"geometry":{"coordinates":[-1.7557915,52.2225644],"type":"Point"},"id":"railways:3477","properties":{"name":"Wilmcote"},"type":"Feature"},{"geometry":{"coordinates":[0.1160126,51.5195582],"type":"Point"},"id":"railways:3478","properties":{"name":"Barking Riverside"},"type":"Feature"},{"geometry":{"coordinates":[-1.9679677,52.3468326],"type":"Point"},"id":"railways:3479","properties":{"name":"Alvechurch"},"type":"Feature"},{"geometry":{"coordinates":[-3.0439443,54.6085896],"type":"Point"},"id":"railways:3480","properties":{"name":"Threlkeld Quarry"},"type":"Feature"},{"geometry":{"coordinates":[-3.0440881,54.6110501],"type":"Point"},"id":"railways:3481","properties":{"name":"Threlkeld Quarry Station"},"type":"Feature"},{"geometry":{"coordinates":[-3.3318813,54.7589539],"type":"Point"},"id":"railways:3482","properties":{"name":"Aspatria"},"type":"Feature"},{"geometry":{"coordinates":[-3.5821304,54.5416692],"type":"Point"},"id":"railways:3483","properties":{"name":"Corkickle"},"type":"Feature"},{"geometry":{"coordinates":[-3.5807799,54.5704232],"type":"Point"},"id":"railways:3484","properties":{"name":"Parton"},"type":"Feature"},{"geometry":{"coordinates":[-3.7484924,52.0514771],"type":"Point"},"id":"railways:3485","properties":{"name":"Cynghordy"},"type":"Feature"},{"geometry":{"coordinates":[-2.6875586,51.4881079],"type":"Point"},"id":"railways:3486","properties":{"name":"Portway Park and Ride"},"type":"Feature"},{"geometry":{"coordinates":[-3.1258367,51.6207575],"type":"Point"},"id":"railways:3487","properties":{"name":"Crosskeys"},"type":"Feature"},{"geometry":{"coordinates":[-1.8545598,52.421023],"type":"Point"},"id":"railways:3488","properties":{"name":"Yardley Wood"},"type":"Feature"},{"geometry":{"coordinates":[-2.1926024,55.849914],"type":"Point"},"id":"railways:3489","properties":{"name":"Reston"},"type":"Feature"},{"geometry":{"coordinates":[-2.9784405,53.0738888],"type":"Point"},"id":"railways:3490","properties":{"name":"Gresford (WDSME)"},"type":"Feature"},{"geometry":{"coordinates":[-0.5415762,51.8461109],"type":"Point"},"id":"railways:3491","properties":{"name":"Whipsnade Central"},"type":"Feature"},{"geometry":{"coordinates":[0.0272279,51.5098025],"type":"Point"},"id":"railways:3492","properties":{"name":"Custom House"},"type":"Feature"},{"geometry":{"coordinates":[-0.1470905,51.5135348],"type":"Point"},"id":"railways:3493","properties":{"name":"Bond Street"},"type":"Feature"},{"geometry":{"coordinates":[-0.1325199,51.5153354],"type":"Point"},"id":"railways:3494","properties":{"name":"Tottenham Court Road"},"type":"Feature"},{"geometry":{"coordinates":[-2.6127432,53.539096],"type":"Point"},"id":"railways:3495","properties":{"name":"Ince"},"type":"Feature"},{"geometry":{"coordinates":[-2.574565,53.5424521],"type":"Point"},"id":"railways:3496","properties":{"name":"Hindley"},"type":"Feature"},{"geometry":{"coordinates":[-2.3573446,53.4848233],"type":"Point"},"id":"railways:3497","properties":{"name":"Patricroft"},"type":"Feature"},{"geometry":{"coordinates":[-2.2366797,53.3694132],"type":"Point"},"id":"railways:3498","properties":{"name":"Heald Green"},"type":"Feature"},{"geometry":{"coordinates":[-2.208947,53.4336613],"type":"Point"},"id":"railways:3499","properties":{"name":"Mauldeth Road"},"type":"Feature"},{"geometry":{"coordinates":[-0.040372,53.4675548],"type":"Point"},"id":"railways:3500","properties":{"name":"North Thoresby"},"type":"Feature"},{"geometry":{"coordinates":[-0.013182,51.6995763],"type":"Point"},"id":"railways:3501","properties":{"name":"Powdermill Cut"},"type":"Feature"},{"geometry":{"coordinates":[-0.0121029,51.6941835],"type":"Point"},"id":"railways:3502","properties":{"name":"Royal Gunpowder Mills Railway"},"type":"Feature"},{"geometry":{"coordinates":[-5.2468577,50.2397196],"type":"Point"},"id":"railways:3503","properties":{"name":"Moseley Junction (High Level)"},"type":"Feature"},{"geometry":{"coordinates":[-5.2470171,50.2397034],"type":"Point"},"id":"railways:3504","properties":{"name":"Moseley Junction (Low Level)"},"type":"Feature"},{"geometry":{"coordinates":[-5.246274,50.2402266],"type":"Point"},"id":"railways:3505","properties":{"name":"Paul's Loop"},"type":"Feature"},{"geometry":{"coordinates":[-2.4024297,50.9949551],"type":"Point"},"id":"railways:3506","properties":{"name":"Common Lane"},"type":"Feature"},{"geometry":{"coordinates":[-2.4036374,50.9936437],"type":"Point"},"id":"railways:3507","properties":{"name":"Pinesway Junction"},"type":"Feature"},{"geometry":{"coordinates":[-3.5033404,53.3137652],"type":"Point"},"id":"railways:3508","properties":{"name":"Central Station"},"type":"Feature"},{"geometry":{"coordinates":[0.171652,51.4056227],"type":"Point"},"id":"railways:3509","properties":{"name":"Swanley New Barn Miniature Railway"},"type":"Feature"},{"geometry":{"coordinates":[-3.0140763,53.3943237],"type":"Point"},"id":"railways:3510","properties":{"name":"Hamilton Square"},"type":"Feature"},{"geometry":{"coordinates":[-3.0230881,53.3935254],"type":"Point"},"id":"railways:3511","properties":{"name":"Conway Park"},"type":"Feature"},{"geometry":{"coordinates":[-3.0398169,53.3975951],"type":"Point"},"id":"railways:3512","properties":{"name":"Birkenhead Park"},"type":"Feature"},{"geometry":{"coordinates":[-3.0579268,53.404707],"type":"Point"},"id":"railways:3513","properties":{"name":"Birkenhead North"},"type":"Feature"},{"geometry":{"coordinates":[-3.078782,53.4093577],"type":"Point"},"id":"railways:3514","properties":{"name":"Bidston"},"type":"Feature"},{"geometry":{"coordinates":[-3.1539246,53.3994382],"type":"Point"},"id":"railways:3515","properties":{"name":"Meols"},"type":"Feature"},{"geometry":{"coordinates":[-3.1700493,53.3949574],"type":"Point"},"id":"railways:3516","properties":{"name":"Manor Road"},"type":"Feature"},{"geometry":{"coordinates":[-3.1788231,53.3899025],"type":"Point"},"id":"railways:3517","properties":{"name":"Hoylake"},"type":"Feature"},{"geometry":{"coordinates":[-3.1837893,53.3734193],"type":"Point"},"id":"railways:3518","properties":{"name":"West Kirby"},"type":"Feature"},{"geometry":{"coordinates":[-3.0691606,53.4229804],"type":"Point"},"id":"railways:3519","properties":{"name":"Wallasey Village"},"type":"Feature"},{"geometry":{"coordinates":[-3.0697346,53.4284435],"type":"Point"},"id":"railways:3520","properties":{"name":"Wallasey Grove Road"},"type":"Feature"},{"geometry":{"coordinates":[-3.0108212,53.3728002],"type":"Point"},"id":"railways:3521","properties":{"name":"Rock Ferry"},"type":"Feature"},{"geometry":{"coordinates":[-3.0030663,53.3576614],"type":"Point"},"id":"railways:3522","properties":{"name":"Bebington"},"type":"Feature"},{"geometry":{"coordinates":[-2.9940923,53.3400511],"type":"Point"},"id":"railways:3523","properties":{"name":"Spital"},"type":"Feature"},{"geometry":{"coordinates":[-2.9868878,53.3218579],"type":"Point"},"id":"railways:3524","properties":{"name":"Bromborough"},"type":"Feature"},{"geometry":{"coordinates":[-2.981272,53.3075725],"type":"Point"},"id":"railways:3525","properties":{"name":"Eastham Rake"},"type":"Feature"},{"geometry":{"coordinates":[-2.9773177,53.2969936],"type":"Point"},"id":"railways:3526","properties":{"name":"Hooton"},"type":"Feature"},{"geometry":{"coordinates":[-2.9431269,53.2853509],"type":"Point"},"id":"railways:3527","properties":{"name":"Little Sutton"},"type":"Feature"},{"geometry":{"coordinates":[-2.9249263,53.2840873],"type":"Point"},"id":"railways:3528","properties":{"name":"Overpool"},"type":"Feature"},{"geometry":{"coordinates":[-2.9426005,53.260233],"type":"Point"},"id":"railways:3529","properties":{"name":"Capenhurst"},"type":"Feature"},{"geometry":{"coordinates":[-2.8913945,53.2082623],"type":"Point"},"id":"railways:3530","properties":{"name":"Bache"},"type":"Feature"},{"geometry":{"coordinates":[-1.4624777,52.4000212],"type":"Point"},"id":"railways:3531","properties":{"name":"Copsewood Miniature Railway"},"type":"Feature"},{"geometry":{"coordinates":[-3.3619494,54.3806285],"type":"Point"},"id":"railways:3532","properties":{"name":"Murthwaite Halt"},"type":"Feature"},{"geometry":{"coordinates":[-3.4657229,55.9165363],"type":"Point"},"id":"railways:3533","properties":{"name":"Drumshoreland"},"type":"Feature"},{"geometry":{"coordinates":[-3.4689062,55.9169306],"type":"Point"},"id":"railways:3534","properties":{"name":"Laird's Halt"},"type":"Feature"},{"geometry":{"coordinates":[-3.4689167,55.9164981],"type":"Point"},"id":"railways:3535","properties":{"name":"Memorial Halt"},"type":"Feature"},{"geometry":{"coordinates":[-2.7351338,52.0491983],"type":"Point"},"id":"railways:3536","properties":{"name":"Broomy Hill"},"type":"Feature"},{"geometry":{"coordinates":[-3.1702926,51.4820022],"type":"Point"},"id":"railways:3537","properties":{"name":"Cardiff Queen Street"},"type":"Feature"},{"geometry":{"coordinates":[-4.3971091,55.8039857],"type":"Point"},"id":"railways:3538","properties":{"name":"Barrhead"},"type":"Feature"},{"geometry":{"coordinates":[-4.1679698,55.8141497],"type":"Point"},"id":"railways:3539","properties":{"name":"Kirkhill"},"type":"Feature"},{"geometry":{"coordinates":[-1.3838589,53.0639519],"type":"Point"},"id":"railways:3540","properties":{"name":"Swanwick Junction"},"type":"Feature"},{"geometry":{"coordinates":[-2.7299776,53.4526608],"type":"Point"},"id":"railways:3541","properties":{"name":"St Helens Central"},"type":"Feature"},{"geometry":{"coordinates":[-1.5063236,52.3739177],"type":"Point"},"id":"railways:3542","properties":{"name":"Grotto Halt"},"type":"Feature"},{"geometry":{"coordinates":[-1.6457952,52.65534],"type":"Point"},"id":"railways:3543","properties":{"name":"Statfold Junction"},"type":"Feature"},{"geometry":{"coordinates":[-1.6422322,52.6515328],"type":"Point"},"id":"railways:3544","properties":{"name":"Oak Tree Halt"},"type":"Feature"},{"geometry":{"coordinates":[-1.6362501,52.6528103],"type":"Point"},"id":"railways:3545","properties":{"name":"Cogan Halt"},"type":"Feature"},{"geometry":{"coordinates":[-1.645068,52.6497777],"type":"Point"},"id":"railways:3546","properties":{"name":"Mallard Halt"},"type":"Feature"},{"geometry":{"coordinates":[-6.33812,54.4672236],"type":"Point"},"id":"railways:3547","properties":{"name":"Lurgan"},"type":"Feature"},{"geometry":{"coordinates":[-5.9326473,54.5883819],"type":"Point"},"id":"railways:3548","properties":{"name":"Botanic"},"type":"Feature"},{"geometry":{"coordinates":[-5.710925,54.7560183],"type":"Point"},"id":"railways:3549","properties":{"name":"Whitehead Excursion"},"type":"Feature"},{"geometry":{"coordinates":[-3.3711545,52.9818258],"type":"Point"},"id":"railways:3550","properties":{"name":"Corwen"},"type":"Feature"},{"geometry":{"coordinates":[-4.6514551,55.5616026],"type":"Point"},"id":"railways:3551","properties":{"name":"Barassie"},"type":"Feature"},{"geometry":{"coordinates":[-4.6258275,55.4582668],"type":"Point"},"id":"railways:3552","properties":{"name":"Ayr"},"type":"Feature"},{"geometry":{"coordinates":[-1.1487445,52.885603],"type":"Point"},"id":"railways:3553","properties":{"name":"Little Ruddington"},"type":"Feature"},{"geometry":{"coordinates":[-1.8509193,50.8508845],"type":"Point"},"id":"railways:3554","properties":{"name":"Lakeside"},"type":"Feature"},{"geometry":{"coordinates":[-1.8536555,50.8536434],"type":"Point"},"id":"railways:3555","properties":{"name":"Kingsmere"},"type":"Feature"},{"geometry":{"coordinates":[1.744004,52.5071639],"type":"Point"},"id":"railways:3556","properties":{"name":"Pleasurewood Hills"},"type":"Feature"},{"geometry":{"coordinates":[-3.0022502,56.19246],"type":"Point"},"id":"railways:3557","properties":{"name":"Leven"},"type":"Feature"},{"geometry":{"coordinates":[-1.5054448,52.374288],"type":"Point"},"id":"railways:3558","properties":{"name":"Midgeway"},"type":"Feature"},{"geometry":{"coordinates":[-2.0551823,52.5819449],"type":"Point"},"id":"railways:3559","properties":{"name":"Willenhall"},"type":"Feature"},{"geometry":{"coordinates":[-2.0204169,52.5757578],"type":"Point"},"id":"railways:3560","properties":{"name":"Darlaston"},"type":"Feature"},{"geometry":{"coordinates":[-3.988765,52.6265065],"type":"Point"},"id":"railways:3561","properties":{"name":"Quarry Siding Halt"},"type":"Feature"},{"geometry":{"coordinates":[-1.1110145,51.4983202],"type":"Point"},"id":"railways:3562","properties":{"name":"Howard's Halt"},"type":"Feature"},{"geometry":{"coordinates":[-2.6628247,55.9871488],"type":"Point"},"id":"railways:3563","properties":{"name":"East Linton"},"type":"Feature"},{"geometry":{"coordinates":[1.1501325,52.932799],"type":"Point"},"id":"railways:3564","properties":{"name":"Weybourne"},"type":"Feature"},{"geometry":{"coordinates":[-1.4958574,55.0154743],"type":"Point"},"id":"railways:3565","properties":{"name":"Middle Engine Lane"},"type":"Feature"},{"geometry":{"coordinates":[-2.5766511,51.4781307],"type":"Point"},"id":"railways:3566","properties":{"name":"Ashley Down"},"type":"Feature"},{"geometry":{"coordinates":[-0.8616583,53.6205255],"type":"Point"},"id":"railways:3567","properties":{"name":"Turf Moor Halt"},"type":"Feature"},{"geometry":{"coordinates":[-1.8856422,52.98951],"type":"Point"},"id":"railways:3568","properties":{"name":"Runaway Mine Train"},"type":"Feature"},{"geometry":{"coordinates":[0.5194956,51.757694],"type":"Point"},"id":"railways:3569","properties":{"name":"Beaulieu Park"},"type":"Feature"},{"geometry":{"coordinates":[1.6837499,52.4508709],"type":"Point"},"id":"railways:3570","properties":{"name":"Mutford Thorpe"},"type":"Feature"},{"geometry":{"coordinates":[-5.9400107,54.5949816],"type":"Point"},"id":"railways:3571","properties":{"name":"Belfast Grand Central"},"type":"Feature"},{"geometry":{"coordinates":[-0.1780083,51.5163695],"type":"Point"},"id":"railways:3572","properties":{"name":"Paddington"},"type":"Feature"},{"geometry":{"coordinates":[-0.4066931,51.4257192],"type":"Point"},"id":"railways:3573","properties":{"name":"Hanworth Halt"},"type":"Feature"},{"geometry":{"coordinates":[-0.1276185,51.5322106],"type":"Point"},"id":"railways:3574","properties":{"name":"St Pancras International"},"type":"Feature"},{"geometry":{"coordinates":[-3.1342108,51.7000382],"type":"Point"},"id":"railways:3575","properties":{"name":"Llanhilleth"},"type":"Feature"},{"geometry":{"coordinates":[-0.0864414,51.5176474],"type":"Point"},"id":"railways:3576","properties":{"name":"Liverpool Street"},"type":"Feature"},{"geometry":{"coordinates":[1.6865812,52.4528926],"type":"Point"},"id":"railways:3577","properties":{"name":"Chapel Road"},"type":"Feature"},{"geometry":{"coordinates":[-1.5239825,55.1027544],"type":"Point"},"id":"railways:3578","properties":{"name":"Newsham"},"type":"Feature"},{"geometry":{"coordinates":[-1.5725975,55.1821205],"type":"Point"},"id":"railways:3579","properties":{"name":"Ashington"},"type":"Feature"},{"geometry":{"coordinates":[-1.557111,55.1250993],"type":"Point"},"id":"railways:3580","properties":{"name":"Blyth Bebside"},"type":"Feature"},{"geometry":{"coordinates":[-1.5206008,55.0329143],"type":"Point"},"id":"railways:3581","properties":{"name":"Northumberland Park"},"type":"Feature"},{"geometry":{"coordinates":[0.1326537,51.5060687],"type":"Point"},"id":"railways:3582","properties":{"name":"Eddie's Rest"},"type":"Feature"},{"geometry":{"coordinates":[-1.145723,52.8845973],"type":"Point"},"id":"railways:3583","properties":{"name":"Park Gate"},"type":"Feature"},{"geometry":{"coordinates":[-0.9289896,51.8644264],"type":"Point"},"id":"railways:3584","properties":{"name":"Quainton Road"},"type":"Feature"},{"geometry":{"coordinates":[-3.5093683,50.8587758],"type":"Point"},"id":"railways:3585","properties":{"name":"Riverside Halt"},"type":"Feature"},{"geometry":{"coordinates":[-3.5101897,50.8576905],"type":"Point"},"id":"railways:3586","properties":{"name":"Weighside"},"type":"Feature"},{"geometry":{"coordinates":[-3.4620479,56.1108658],"type":"Point"},"id":"railways:3587","properties":{"name":"Eddie's Rest"},"type":"Feature"},{"geometry":{"coordinates":[0.0848302,51.5425092],"type":"Point"},"id":"railways:3588","properties":{"name":"Barking Park"},"type":"Feature"},{"geometry":{"coordinates":[-1.109996,53.9447119],"type":"Point"},"id":"railways:3589","properties":{"name":"Erskine Halt"},"type":"Feature"},{"geometry":{"coordinates":[-2.0291474,53.0935165],"type":"Point"},"id":"railways:3590","properties":{"name":"Leek (Churnet Valley)"},"type":"Feature"},{"geometry":{"coordinates":[-3.2746922,54.3954645],"type":"Point"},"id":"railways:3591","properties":{"name":"Dalegarth"},"type":"Feature"},{"geometry":{"coordinates":[-1.7432949,51.5424461],"type":"Point"},"id":"railways:3592","properties":{"name":"Lakeside"},"type":"Feature"},{"geometry":{"coordinates":[-1.7429472,51.5442704],"type":"Point"},"id":"railways:3593","properties":{"name":"Richard Jefferies Halt"},"type":"Feature"},{"geometry":{"coordinates":[-1.109996,53.9447119],"type":"Point"},"id":"railways:3594","properties":{"name":"Erskine Halt"},"type":"Feature"},{"geometry":{"coordinates":[-2.602197,53.2283002],"type":"Point"},"id":"railways:3595","properties":{"name":"Woodside Station"},"type":"Feature"}],"type":"FeatureCollection"}
