{"feature_count":500,"features":[{"geometry":{"coordinates":[-1.0850616,53.5802575],"type":"Point"},"id":"GG2050-REPD-12453","properties":{"capacity_mw":1450.0,"gg_project_id":"GG2050-REPD-12453","name":"Thorpe Marsh Power Station - Battery Energy Storage","operator":"West Burton Energy","repd_ref":"12453","repd_technology":"Battery","status":"Revised","technology":"bess"},"type":"Feature"},{"geometry":{"coordinates":[-1.0850616,53.5802575],"type":"Point"},"id":"GG2050-REPD-19801","properties":{"capacity_mw":1450.0,"gg_project_id":"GG2050-REPD-19801","name":"Thorpe Marsh Power Station - Battery Energy Storage","operator":"West Burton Energy","repd_ref":"19801","repd_technology":"Battery","status":"Awaiting Construction","technology":"bess"},"type":"Feature"},{"geometry":{"coordinates":[-1.0850616,53.5802575],"type":"Point"},"id":"GG2050-REPD-13644","properties":{"capacity_mw":1400.0,"gg_project_id":"GG2050-REPD-13644","name":"Thorpe Marsh Power Station, Marsh Lane - Battery Energy Storage","operator":"West Burton Energy / Banks Group","repd_ref":"13644","repd_technology":"Battery","status":"Awaiting Construction","technology":"bess"},"type":"Feature"},{"geometry":{"coordinates":[-1.2169744,52.8337958],"type":"Point"},"id":"GG2050-REPD-12464","properties":{"capacity_mw":1200.0,"gg_project_id":"GG2050-REPD-12464","name":"West Leake Lane, Ratcliffe - Battery Storage","operator":"Sandbrook Capital BES Limited","repd_ref":"12464","repd_technology":"Battery","status":"Awaiting Construction","technology":"bess"},"type":"Feature"},{"geometry":{"coordinates":[-1.6761851,52.7628058],"type":"Point"},"id":"GG2050-REPD-14018","properties":{"capacity_mw":1025.0,"gg_project_id":"GG2050-REPD-14018","name":"Fairfields Energy Storage System","operator":"Novus Renewable Services","repd_ref":"14018","repd_technology":"Battery","status":"Awaiting Construction","technology":"bess"},"type":"Feature"},{"geometry":{"coordinates":[-1.131339,53.5670835],"type":"Point"},"id":"GG2050-REPD-14061","properties":{"capacity_mw":1025.0,"gg_project_id":"GG2050-REPD-14061","name":"The Balk, Almholme - Energy Storage System","operator":"Innova Renewables","repd_ref":"14061","repd_technology":"Battery","status":"Awaiting Construction","technology":"bess"},"type":"Feature"},{"geometry":{"coordinates":[-0.5682322,52.8461479],"type":"Point"},"id":"GG2050-REPD-18652","properties":{"capacity_mw":1000.0,"gg_project_id":"GG2050-REPD-18652","name":"Canners Lane Energy Park, High Dike - Battery Energy Storage","operator":"NatPower UK","repd_ref":"18652","repd_technology":"Battery","status":"Application Submitted","technology":"bess"},"type":"Feature"},{"geometry":{"coordinates":[-3.8208397,55.6089146],"type":"Point"},"id":"GG2050-REPD-12206","properties":{"capacity_mw":1000.0,"gg_project_id":"GG2050-REPD-12206","name":"Coalburn II Energy Storage Facility - Battery Storage Facility","operator":"Alcemi Storage Development Limited","repd_ref":"12206","repd_technology":"Battery","status":"Under Construction","technology":"bess"},"type":"Feature"},{"geometry":{"coordinates":[-1.6823714,52.7598559],"type":"Point"},"id":"GG2050-REPD-17978","properties":{"capacity_mw":1000.0,"gg_project_id":"GG2050-REPD-17978","name":"Drakelow - Battery Energy Storage System","operator":"Tagenergy Development UK Limited","repd_ref":"17978","repd_technology":"Battery","status":"Application Submitted","technology":"bess"},"type":"Feature"},{"geometry":{"coordinates":[-1.4051682,54.7538218],"type":"Point"},"id":"GG2050-REPD-19676","properties":{"capacity_mw":1000.0,"gg_project_id":"GG2050-REPD-19676","name":"Hawthorn Pit Green Energy Park - Battery Energy Storage System","operator":"NatPower UK","repd_ref":"19676","repd_technology":"Battery","status":"Application Submitted","technology":"bess"},"type":"Feature"},{"geometry":{"coordinates":[-0.5447893,53.1315014],"type":"Point"},"id":"GG2050-REPD-18790","properties":{"capacity_mw":1000.0,"gg_project_id":"GG2050-REPD-18790","name":"Hill Rise, Coleby - Battery Energy Storage","operator":"Navenby Energy Limited","repd_ref":"18790","repd_technology":"Battery","status":"Application Submitted","technology":"bess"},"type":"Feature"},{"geometry":{"coordinates":[-1.3446855,54.4362349],"type":"Point"},"id":"GG2050-REPD-18123","properties":{"capacity_mw":1000.0,"gg_project_id":"GG2050-REPD-18123","name":"Mowbray Battery Energy Storage Station","operator":"Mowbray Energy Park Limited","repd_ref":"18123","repd_technology":"Battery","status":"Application Submitted","technology":"bess"},"type":"Feature"},{"geometry":{"coordinates":[0.8782225,51.3997932],"type":"Point"},"id":"GG2050-REPD-18601","properties":{"capacity_mw":1000.0,"gg_project_id":"GG2050-REPD-18601","name":"Old Rides Farm, Leysdown Road - Battery Energy Storage System","operator":"Nat Power","repd_ref":"18601","repd_technology":"Battery","status":"Application Submitted","technology":"bess"},"type":"Feature"},{"geometry":{"coordinates":[-3.1267373,51.4844985],"type":"Point"},"id":"GG2050-REPD-16190","properties":{"capacity_mw":1000.0,"gg_project_id":"GG2050-REPD-16190","name":"Rover Way, Splott - Energy Park & Data Centre","operator":"Latos Cardiff Limited","repd_ref":"16190","repd_technology":"Battery","status":"Awaiting Construction","technology":"bess"},"type":"Feature"},{"geometry":{"coordinates":[-1.1575698,52.4351692],"type":"Point"},"id":"GG2050-REPD-19534","properties":{"capacity_mw":1000.0,"gg_project_id":"GG2050-REPD-19534","name":"Swinford Energy Park - Energy Park Facility & Battery Storage","operator":"NatPower UK","repd_ref":"19534","repd_technology":"Battery","status":"Application Submitted","technology":"bess"},"type":"Feature"},{"geometry":{"coordinates":[-1.1083241,54.609263],"type":"Point"},"id":"GG2050-REPD-16443","properties":{"capacity_mw":1000.0,"gg_project_id":"GG2050-REPD-16443","name":"Teesworks Battery Storage Project","operator":"Teesworks Ltd, NatPower UK","repd_ref":"16443","repd_technology":"Battery","status":"Application Withdrawn","technology":"bess"},"type":"Feature"},{"geometry":{"coordinates":[-1.1143975,54.5840987],"type":"Point"},"id":"GG2050-REPD-19634","properties":{"capacity_mw":1000.0,"gg_project_id":"GG2050-REPD-19634","name":"Tesside GigaPark - Battery Energy Storage System","operator":"NatPower UK (NP SPV 27 Limited)","repd_ref":"19634","repd_technology":"Battery","status":"Application Submitted","technology":"bess"},"type":"Feature"},{"geometry":{"coordinates":[-2.878072,54.0518555],"type":"Point"},"id":"GG2050-REPD-14386","properties":{"capacity_mw":940.0,"gg_project_id":"GG2050-REPD-14386","name":"Fanny House Farm, Bay Gateway - Battery Storage","operator":"Innova Renewables","repd_ref":"14386","repd_technology":"Battery","status":"Awaiting Construction","technology":"bess"},"type":"Feature"},{"geometry":{"coordinates":[-3.1563642,56.6107003],"type":"Point"},"id":"GG2050-REPD-11858","properties":{"capacity_mw":900.0,"gg_project_id":"GG2050-REPD-11858","name":"Haughend Farm - Alyth Battery Energy Storage System","operator":"EcoDev Group Limited","repd_ref":"11858","repd_technology":"Battery","status":"Awaiting Construction","technology":"bess"},"type":"Feature"},{"geometry":{"coordinates":[-0.3036254,53.6221784],"type":"Point"},"id":"GG2050-REPD-18069","properties":{"capacity_mw":800.0,"gg_project_id":"GG2050-REPD-18069","name":"Sweetbriar Farm - Battery Energy Storage System","operator":"Lightrock Power Limited","repd_ref":"18069","repd_technology":"Battery","status":"Application Submitted","technology":"bess"},"type":"Feature"},{"geometry":{"coordinates":[0.9190426,52.6324567],"type":"Point"},"id":"GG2050-REPD-17792","properties":{"capacity_mw":800.0,"gg_project_id":"GG2050-REPD-17792","name":"The Park Farm, Birds Corner - Battery Energy Storage","operator":"Regener8 Power Limited","repd_ref":"17792","repd_technology":"Battery","status":"Application Submitted","technology":"bess"},"type":"Feature"},{"geometry":{"coordinates":[-4.4676516,55.8041569],"type":"Point"},"id":"GG2050-REPD-15528","properties":{"capacity_mw":750.0,"gg_project_id":"GG2050-REPD-15528","name":"Neilston Greener Grid Park - Phase 2","operator":"Statkraft UK LTD","repd_ref":"15528","repd_technology":"Battery","status":"Awaiting Construction","technology":"bess"},"type":"Feature"},{"geometry":{"coordinates":[-4.6941267,55.9062118],"type":"Point"},"id":"GG2050-REPD-15425","properties":{"capacity_mw":700.0,"gg_project_id":"GG2050-REPD-15425","name":"Auchentiber Road - Battery Energy Storage System","operator":"Apatura GPC 700 Limited","repd_ref":"15425","repd_technology":"Battery","status":"Awaiting Construction","technology":"bess"},"type":"Feature"},{"geometry":{"coordinates":[-2.4035393,53.4334326],"type":"Point"},"id":"GG2050-REPD-13362","properties":{"capacity_mw":680.0,"gg_project_id":"GG2050-REPD-13362","name":"Carrington Power Station, Manchester Road - Battery Storage","operator":"Statera Energy","repd_ref":"13362","repd_technology":"Battery","status":"Under Construction","technology":"bess"},"type":"Feature"},{"geometry":{"coordinates":[-2.4477459,55.9572722],"type":"Point"},"id":"GG2050-REPD-15169","properties":{"capacity_mw":650.0,"gg_project_id":"GG2050-REPD-15169","name":"Braxbess Battery Storage","operator":"Braxbess Limited","repd_ref":"15169","repd_technology":"Battery","status":"Awaiting Construction","technology":"bess"},"type":"Feature"},{"geometry":{"coordinates":[-0.4092339,52.9989987],"type":"Point"},"id":"GG2050-REPD-13600","properties":{"capacity_mw":600.0,"gg_project_id":"GG2050-REPD-13600","name":"Beacon Fen Energy Park","operator":"Low Carbon Limited","repd_ref":"13600","repd_technology":"Battery","status":"Application Submitted","technology":"bess"},"type":"Feature"},{"geometry":{"coordinates":[-2.3762246,53.4202637],"type":"Point"},"id":"GG2050-REPD-17495","properties":{"capacity_mw":600.0,"gg_project_id":"GG2050-REPD-17495","name":"Daines Battery Energy Storage System","operator":"SSE Daines BESS Limited","repd_ref":"17495","repd_technology":"Battery","status":"Awaiting Construction","technology":"bess"},"type":"Feature"},{"geometry":{"coordinates":[-0.7678469,52.29058],"type":"Point"},"id":"GG2050-REPD-15794","properties":{"capacity_mw":600.0,"gg_project_id":"GG2050-REPD-15794","name":"Green Hill Solar Farm & Battery Storage","operator":"Island Green Power","repd_ref":"15794","repd_technology":"Battery","status":"Application Submitted","technology":"bess"},"type":"Feature"},{"geometry":{"coordinates":[0.1345338,50.9422256],"type":"Point"},"id":"GG2050-REPD-18138","properties":{"capacity_mw":600.0,"gg_project_id":"GG2050-REPD-18138","name":"Stable Green, Sand Hill Lane - Battery Energy Storage System","operator":"Lightrock Power","repd_ref":"18138","repd_technology":"Battery","status":"Awaiting Construction","technology":"bess"},"type":"Feature"},{"geometry":{"coordinates":[-4.3851543,55.9358832],"type":"Point"},"id":"GG2050-REPD-15797","properties":{"capacity_mw":560.0,"gg_project_id":"GG2050-REPD-15797","name":"Whitehall Battery Storage","operator":"Apatura","repd_ref":"15797","repd_technology":"Battery","status":"Awaiting Construction","technology":"bess"},"type":"Feature"},{"geometry":{"coordinates":[-1.162431,53.7189407],"type":"Point"},"id":"GG2050-REPD-17000","properties":{"capacity_mw":550.0,"gg_project_id":"GG2050-REPD-17000","name":"Eggborough Battery Energy Storage System","operator":"SSE Renewables Ireland Limited","repd_ref":"17000","repd_technology":"Battery","status":"Awaiting Construction","technology":"bess"},"type":"Feature"},{"geometry":{"coordinates":[-0.1353145,52.8038689],"type":"Point"},"id":"GG2050-REPD-10173","properties":{"capacity_mw":550.0,"gg_project_id":"GG2050-REPD-10173","name":"Spalding Energy Park - Battery Storage","operator":"Intergen Limited","repd_ref":"10173","repd_technology":"Battery","status":"Awaiting Construction","technology":"bess"},"type":"Feature"},{"geometry":{"coordinates":[-2.6978396,53.0167199],"type":"Point"},"id":"GG2050-REPD-10729","properties":{"capacity_mw":522.0,"gg_project_id":"GG2050-REPD-10729","name":"Chads Farm - Photovoltaic Arrays & Battery Storage","operator":"Renewable Connections Developments Limited","repd_ref":"10729","repd_technology":"Battery","status":"Application Submitted","technology":"bess"},"type":"Feature"},{"geometry":{"coordinates":[1.1135319,52.3267087],"type":"Point"},"id":"GG2050-REPD-18291","properties":{"capacity_mw":520.0,"gg_project_id":"GG2050-REPD-18291","name":"Red House Farm, Old Norwich Road - Battery Energy Storage System","operator":"The Surrey Research Park","repd_ref":"18291","repd_technology":"Battery","status":"Application Submitted","technology":"bess"},"type":"Feature"},{"geometry":{"coordinates":[-3.8409094,55.5882864],"type":"Point"},"id":"GG2050-REPD-18157","properties":{"capacity_mw":502.5,"gg_project_id":"GG2050-REPD-18157","name":"High Netherfauld House Farm 1, Tower Road - Battery Energy Storage System","operator":"ESB (Harker) Limited","repd_ref":"18157","repd_technology":"Battery","status":"Application Submitted","technology":"bess"},"type":"Feature"},{"geometry":{"coordinates":[-2.2756221,57.501368],"type":"Point"},"id":"GG2050-REPD-17552","properties":{"capacity_mw":500.0,"gg_project_id":"GG2050-REPD-17552","name":"Abbotshaugh Battery Storage","operator":"Island Green Power (IGP Solar 25 Limited)","repd_ref":"17552","repd_technology":"Battery","status":"Application Submitted","technology":"bess"},"type":"Feature"},{"geometry":{"coordinates":[-4.5945148,55.4430887],"type":"Point"},"id":"GG2050-REPD-15530","properties":{"capacity_mw":500.0,"gg_project_id":"GG2050-REPD-15530","name":"Braston New Energy","operator":"New Energy Partnership","repd_ref":"15530","repd_technology":"Battery","status":"Awaiting Construction","technology":"bess"},"type":"Feature"},{"geometry":{"coordinates":[-0.8859011,52.4612243],"type":"Point"},"id":"GG2050-REPD-19671","properties":{"capacity_mw":500.0,"gg_project_id":"GG2050-REPD-19671","name":"Braybrooke Battery Energy Storage System","operator":"Aura Power Developments Limited","repd_ref":"19671","repd_technology":"Battery","status":"Application Submitted","technology":"bess"},"type":"Feature"},{"geometry":{"coordinates":[-3.8486231,55.6105927],"type":"Point"},"id":"GG2050-REPD-11034","properties":{"capacity_mw":500.0,"gg_project_id":"GG2050-REPD-11034","name":"Coalburn Energy - Battery Storage","operator":"Alcemi Storage Development Limited","repd_ref":"11034","repd_technology":"Battery","status":"Under Construction","technology":"bess"},"type":"Feature"},{"geometry":{"coordinates":[-1.2307143,51.6633565],"type":"Point"},"id":"GG2050-REPD-12968","properties":{"capacity_mw":500.0,"gg_project_id":"GG2050-REPD-12968","name":"Culham Science Centre, Clifton Hampden - Battery Storage Facility","operator":"Statera Energy","repd_ref":"12968","repd_technology":"Battery","status":"Awaiting Construction","technology":"bess"},"type":"Feature"},{"geometry":{"coordinates":[-3.7828616,56.1312638],"type":"Point"},"id":"GG2050-REPD-9248","properties":{"capacity_mw":500.0,"gg_project_id":"GG2050-REPD-9248","name":"Devilla Energy Storage Facility","operator":"Alcemi Storage Development Limited","repd_ref":"9248","repd_technology":"Battery","status":"Under Construction","technology":"bess"},"type":"Feature"},{"geometry":{"coordinates":[-0.9020514,51.9199847],"type":"Point"},"id":"GG2050-REPD-15501","properties":{"capacity_mw":500.0,"gg_project_id":"GG2050-REPD-15501","name":"East Claydon Battery Energy Storage","operator":"Statera Energy","repd_ref":"15501","repd_technology":"Battery","status":"Awaiting Construction","technology":"bess"},"type":"Feature"},{"geometry":{"coordinates":[-0.9224468,51.9311424],"type":"Point"},"id":"GG2050-REPD-18957","properties":{"capacity_mw":500.0,"gg_project_id":"GG2050-REPD-18957","name":"East Claydon Substation, East Claydon Road - Energy Storage","operator":"Statkraft UK Limited","repd_ref":"18957","repd_technology":"Battery","status":"Application Submitted","technology":"bess"},"type":"Feature"},{"geometry":{"coordinates":[-2.3263351,55.6721372],"type":"Point"},"id":"GG2050-REPD-14058","properties":{"capacity_mw":500.0,"gg_project_id":"GG2050-REPD-14058","name":"Eccles II Substation - Battery Energy Storage System","operator":"Matrix Renewables","repd_ref":"14058","repd_technology":"Battery","status":"Under Construction","technology":"bess"},"type":"Feature"},{"geometry":{"coordinates":[-0.8596639,52.4552924],"type":"Point"},"id":"GG2050-REPD-17405","properties":{"capacity_mw":500.0,"gg_project_id":"GG2050-REPD-17405","name":"Eckland Lodge Farm, Braybrooke - Battery Energy Storage System","operator":"Regener8 Power Limited","repd_ref":"17405","repd_technology":"Battery","status":"Application Submitted","technology":"bess"},"type":"Feature"},{"geometry":{"coordinates":[-1.1298125,53.7134322],"type":"Point"},"id":"GG2050-REPD-12483","properties":{"capacity_mw":500.0,"gg_project_id":"GG2050-REPD-12483","name":"Eggborough Power Station, Selby Road - Battery Storage","operator":"Eggborough Power Limited","repd_ref":"12483","repd_technology":"Battery","status":"Awaiting Construction","technology":"bess"},"type":"Feature"},{"geometry":{"coordinates":[-1.8476353,57.4748189],"type":"Point"},"id":"GG2050-REPD-19212","properties":{"capacity_mw":500.0,"gg_project_id":"GG2050-REPD-19212","name":"Greystone, Blackhills - Battery Energy Storage System","operator":"Peterhead Flexpower","repd_ref":"19212","repd_technology":"Battery","status":"Application Submitted","technology":"bess"},"type":"Feature"},{"geometry":{"coordinates":[-1.8729494,53.7586591],"type":"Point"},"id":"GG2050-REPD-17964","properties":{"capacity_mw":500.0,"gg_project_id":"GG2050-REPD-17964","name":"Holmfield Battery Storage","operator":"Masdar Arlington Energy","repd_ref":"17964","repd_technology":"Battery","status":"Awaiting Construction","technology":"bess"},"type":"Feature"},{"geometry":{"coordinates":[-4.4380177,55.5721272],"type":"Point"},"id":"GG2050-REPD-15176","properties":{"capacity_mw":500.0,"gg_project_id":"GG2050-REPD-15176","name":"Kilmarnock Battery Energy Storage System","operator":"Matrix Renewables","repd_ref":"15176","repd_technology":"Battery","status":"Awaiting Construction","technology":"bess"},"type":"Feature"},{"geometry":{"coordinates":[-2.1992967,51.5610098],"type":"Point"},"id":"GG2050-REPD-16064","properties":{"capacity_mw":500.0,"gg_project_id":"GG2050-REPD-16064","name":"Lime Down - Battery Storage","operator":"Island Green Power","repd_ref":"16064","repd_technology":"Battery","status":"Application Submitted","technology":"bess"},"type":"Feature"},{"geometry":{"coordinates":[-0.66502,51.6645662],"type":"Point"},"id":"GG2050-REPD-19561","properties":{"capacity_mw":500.0,"gg_project_id":"GG2050-REPD-19561","name":"Mop End Farm, Mop End Lane - Battery Energy Storage","operator":"Sandbrook Capital Bes Limited","repd_ref":"19561","repd_technology":"Battery","status":"Application Submitted","technology":"bess"},"type":"Feature"},{"geometry":{"coordinates":[-1.2696653,52.5875503],"type":"Point"},"id":"GG2050-REPD-11988","properties":{"capacity_mw":500.0,"gg_project_id":"GG2050-REPD-11988","name":"Normanton Energy Reserve - Battery Storage","operator":"Exagen SPVO2 Limited","repd_ref":"11988","repd_technology":"Battery","status":"Awaiting Construction","technology":"bess"},"type":"Feature"},{"geometry":{"coordinates":[-3.5237161,55.6239304],"type":"Point"},"id":"GG2050-REPD-16473","properties":{"capacity_mw":500.0,"gg_project_id":"GG2050-REPD-16473","name":"Redshaw Battery Energy Storage","operator":"BayWa r.e. UK Limited","repd_ref":"16473","repd_technology":"Battery","status":"Awaiting Construction","technology":"bess"},"type":"Feature"},{"geometry":{"coordinates":[-2.4013909,57.3726228],"type":"Point"},"id":"GG2050-REPD-18504","properties":{"capacity_mw":500.0,"gg_project_id":"GG2050-REPD-18504","name":"Rothienorman, Middleton of Blackhills - BESS","operator":"Blackford Renewables Limited","repd_ref":"18504","repd_technology":"Battery","status":"Application Submitted","technology":"bess"},"type":"Feature"},{"geometry":{"coordinates":[-0.5048512,51.9312463],"type":"Point"},"id":"GG2050-REPD-18777","properties":{"capacity_mw":500.0,"gg_project_id":"GG2050-REPD-18777","name":"Sundon, Chalton - Battery Energy Storage System","operator":"Statera Energy","repd_ref":"18777","repd_technology":"Battery","status":"Awaiting Construction","technology":"bess"},"type":"Feature"},{"geometry":{"coordinates":[-3.7444815,58.5601519],"type":"Point"},"id":"GG2050-REPD-17143","properties":{"capacity_mw":500.0,"gg_project_id":"GG2050-REPD-17143","name":"Titan Battery Storage","operator":"Green Switch Capital Limited","repd_ref":"17143","repd_technology":"Battery","status":"Application Submitted","technology":"bess"},"type":"Feature"},{"geometry":{"coordinates":[-0.8000124,53.2980526],"type":"Point"},"id":"GG2050-REPD-16723","properties":{"capacity_mw":500.0,"gg_project_id":"GG2050-REPD-16723","name":"Torksey Ferry Road, Rampton - Battery Energy Storage","operator":"Tribus Clean Energy Limited","repd_ref":"16723","repd_technology":"Battery","status":"Awaiting Construction","technology":"bess"},"type":"Feature"},{"geometry":{"coordinates":[-3.1193707,53.2179999],"type":"Point"},"id":"GG2050-REPD-19130","properties":{"capacity_mw":500.0,"gg_project_id":"GG2050-REPD-19130","name":"Tyn Y Coed - Battery Energy Storage System","operator":"NatPower UK","repd_ref":"19130","repd_technology":"Battery","status":"Application Submitted","technology":"bess"},"type":"Feature"},{"geometry":{"coordinates":[-0.8194028,53.3653505],"type":"Point"},"id":"GG2050-REPD-11928","properties":{"capacity_mw":500.0,"gg_project_id":"GG2050-REPD-11928","name":"West Burton Power Station, North Road - Battery Storage","operator":"Fidra Energy / Drax","repd_ref":"11928","repd_technology":"Battery","status":"Awaiting Construction","technology":"bess"},"type":"Feature"},{"geometry":{"coordinates":[-0.9901022,53.2817181],"type":"Point"},"id":"GG2050-REPD-18343","properties":{"capacity_mw":480.0,"gg_project_id":"GG2050-REPD-18343","name":"Elkesley Southbound, Elkesley - Battery Energy Storage System","operator":"Mespil Solar Energy","repd_ref":"18343","repd_technology":"Battery","status":"Application Submitted","technology":"bess"},"type":"Feature"},{"geometry":{"coordinates":[0.6072071,51.5871077],"type":"Point"},"id":"GG2050-REPD-16887","properties":{"capacity_mw":480.0,"gg_project_id":"GG2050-REPD-16887","name":"Fairlawns Farm, Chelmsford Road - Battery Energy Storage","operator":"Gresham House Devco Pipeline","repd_ref":"16887","repd_technology":"Battery","status":"Awaiting Construction","technology":"bess"},"type":"Feature"},{"geometry":{"coordinates":[-3.054538,55.0285295],"type":"Point"},"id":"GG2050-REPD-15427","properties":{"capacity_mw":456.0,"gg_project_id":"GG2050-REPD-15427","name":"Gretna Green Battery Storage","operator":"Gresham House Devco Pipeline","repd_ref":"15427","repd_technology":"Battery","status":"Awaiting Construction","technology":"bess"},"type":"Feature"},{"geometry":{"coordinates":[-2.1832707,51.4104913],"type":"Point"},"id":"GG2050-REPD-18670","properties":{"capacity_mw":450.0,"gg_project_id":"GG2050-REPD-18670","name":"Brockleaze, Neston Park Estate - Battery Energy Storage","operator":"Grenergy Renewables UK Limited","repd_ref":"18670","repd_technology":"Battery","status":"Application Submitted","technology":"bess"},"type":"Feature"},{"geometry":{"coordinates":[0.4950585,51.5100995],"type":"Point"},"id":"GG2050-REPD-10309","properties":{"capacity_mw":450.0,"gg_project_id":"GG2050-REPD-10309","name":"Gateway Energy Centre - Battery Energy Storage","operator":"Intergen Limited","repd_ref":"10309","repd_technology":"Battery","status":"Awaiting Construction","technology":"bess"},"type":"Feature"},{"geometry":{"coordinates":[-3.2752107,51.4040544],"type":"Point"},"id":"GG2050-REPD-19157","properties":{"capacity_mw":440.0,"gg_project_id":"GG2050-REPD-19157","name":"Castle Road, Burton - Battery Energy Storage System","operator":"Rewe 7 Limited","repd_ref":"19157","repd_technology":"Battery","status":"Application Submitted","technology":"bess"},"type":"Feature"},{"geometry":{"coordinates":[-0.2000789,52.9282106],"type":"Point"},"id":"GG2050-REPD-16628","properties":{"capacity_mw":400.0,"gg_project_id":"GG2050-REPD-16628","name":"Bicker Fen Bess, Vicarage Drove - Battery Storage","operator":"FRV TH Powertek Limited","repd_ref":"16628","repd_technology":"Battery","status":"Awaiting Construction","technology":"bess"},"type":"Feature"},{"geometry":{"coordinates":[-2.9682356,54.9535077],"type":"Point"},"id":"GG2050-REPD-15005","properties":{"capacity_mw":400.0,"gg_project_id":"GG2050-REPD-15005","name":"Blackdyke Farm, Blackford - Battery Storage","operator":"Innova Renewables","repd_ref":"15005","repd_technology":"Battery","status":"Awaiting Construction","technology":"bess"},"type":"Feature"},{"geometry":{"coordinates":[-3.0377787,53.0301142],"type":"Point"},"id":"GG2050-REPD-16114","properties":{"capacity_mw":400.0,"gg_project_id":"GG2050-REPD-16114","name":"Bronwylfa Road, Rhostyllen - Energy Storage System","operator":"Innova Renewables","repd_ref":"16114","repd_technology":"Battery","status":"Application Submitted","technology":"bess"},"type":"Feature"},{"geometry":{"coordinates":[1.0673622,52.0778868],"type":"Point"},"id":"GG2050-REPD-17754","properties":{"capacity_mw":400.0,"gg_project_id":"GG2050-REPD-17754","name":"Bullen Lane, Bramford - Battery Energy Storage","operator":"Clearstone Energy Limited","repd_ref":"17754","repd_technology":"Battery","status":"Awaiting Construction","technology":"bess"},"type":"Feature"},{"geometry":{"coordinates":[-2.0774885,53.0431128],"type":"Point"},"id":"GG2050-REPD-12179","properties":{"capacity_mw":400.0,"gg_project_id":"GG2050-REPD-12179","name":"Cellarhead Substation, Rownall Road - Battery Energy Facility","operator":"C&S Energy Limited","repd_ref":"12179","repd_technology":"Battery","status":"Awaiting Construction","technology":"bess"},"type":"Feature"},{"geometry":{"coordinates":[-2.0806097,53.0372049],"type":"Point"},"id":"GG2050-REPD-16111","properties":{"capacity_mw":400.0,"gg_project_id":"GG2050-REPD-16111","name":"Cellarhead Substation, Rownall Road - Battery Storage Facility","operator":"S & C Energy Limited","repd_ref":"16111","repd_technology":"Battery","status":"Application Submitted","technology":"bess"},"type":"Feature"},{"geometry":{"coordinates":[-2.4903457,50.6285571],"type":"Point"},"id":"GG2050-REPD-12651","properties":{"capacity_mw":400.0,"gg_project_id":"GG2050-REPD-12651","name":"East Chickerell Court Farm - Battery Energy Storage System","operator":"Statera Energy","repd_ref":"12651","repd_technology":"Battery","status":"Awaiting Construction","technology":"bess"},"type":"Feature"},{"geometry":{"coordinates":[-4.4683112,55.8770542],"type":"Point"},"id":"GG2050-REPD-19578","properties":{"capacity_mw":400.0,"gg_project_id":"GG2050-REPD-19578","name":"East Fulwood Energy Storage","operator":"Lightsourcebp","repd_ref":"19578","repd_technology":"Battery","status":"Application Submitted","technology":"bess"},"type":"Feature"},{"geometry":{"coordinates":[-2.3231275,55.6687672],"type":"Point"},"id":"GG2050-REPD-11867","properties":{"capacity_mw":400.0,"gg_project_id":"GG2050-REPD-11867","name":"Eccles Battery Energy Storage System","operator":"Zenobe Energy Limited","repd_ref":"11867","repd_technology":"Battery","status":"Under Construction","technology":"bess"},"type":"Feature"},{"geometry":{"coordinates":[-0.342571,51.6603147],"type":"Point"},"id":"GG2050-REPD-14638","properties":{"capacity_mw":400.0,"gg_project_id":"GG2050-REPD-14638","name":"Elstree Substation, Hilfield Lane - Battery Energy Storage","operator":"Chiltern Renewables Hockliffe Limited","repd_ref":"14638","repd_technology":"Battery","status":"Application Withdrawn","technology":"bess"},"type":"Feature"},{"geometry":{"coordinates":[-1.9139273,57.5119253],"type":"Point"},"id":"GG2050-REPD-18195","properties":{"capacity_mw":400.0,"gg_project_id":"GG2050-REPD-18195","name":"Flushing, Longside - Battery Energy Storage System","operator":"Harmony Energy Storage","repd_ref":"18195","repd_technology":"Battery","status":"Application Submitted","technology":"bess"},"type":"Feature"},{"geometry":{"coordinates":[0.1056969,51.9383538],"type":"Point"},"id":"GG2050-REPD-16769","properties":{"capacity_mw":400.0,"gg_project_id":"GG2050-REPD-16769","name":"Ginns Road, Stocking Pelham - Battery Energy Storage","operator":"FRV TH Powertek Limited","repd_ref":"16769","repd_technology":"Battery","status":"Awaiting Construction","technology":"bess"},"type":"Feature"},{"geometry":{"coordinates":[-3.8804595,56.0515719],"type":"Point"},"id":"GG2050-REPD-14988","properties":{"capacity_mw":400.0,"gg_project_id":"GG2050-REPD-14988","name":"Glenside Farm - Battery Storage","operator":"Apatura","repd_ref":"14988","repd_technology":"Battery","status":"Awaiting Construction","technology":"bess"},"type":"Feature"},{"geometry":{"coordinates":[-0.3568837,51.0090162],"type":"Point"},"id":"GG2050-REPD-17245","properties":{"capacity_mw":400.0,"gg_project_id":"GG2050-REPD-17245","name":"Great Oak Energy Hub","operator":"Clearstone Energy Limited","repd_ref":"17245","repd_technology":"Battery","status":"Awaiting Construction","technology":"bess"},"type":"Feature"},{"geometry":{"coordinates":[-0.5213512,53.110626],"type":"Point"},"id":"GG2050-REPD-13977","properties":{"capacity_mw":400.0,"gg_project_id":"GG2050-REPD-13977","name":"Green Man Road, Navenby - Battery Storage","operator":"Windel Energy / Canadian Solar","repd_ref":"13977","repd_technology":"Battery","status":"Application Submitted","technology":"bess"},"type":"Feature"},{"geometry":{"coordinates":[1.2562358,52.5731178],"type":"Point"},"id":"GG2050-REPD-17940","properties":{"capacity_mw":400.0,"gg_project_id":"GG2050-REPD-17940","name":"Hall Farm, Hickling Lane - Battery Energy Storage","operator":"Innova Renewables Developments Limited","repd_ref":"17940","repd_technology":"Battery","status":"Application Submitted","technology":"bess"},"type":"Feature"},{"geometry":{"coordinates":[-1.7153173,52.5358705],"type":"Point"},"id":"GG2050-REPD-9427","properties":{"capacity_mw":400.0,"gg_project_id":"GG2050-REPD-9427","name":"Hams Hall - Battery Energy Storage System","operator":"Welbar Energy Storage Limited / Penso Power (BW ESS)","repd_ref":"9427","repd_technology":"Battery","status":"Under Construction","technology":"bess"},"type":"Feature"},{"geometry":{"coordinates":[-4.8781946,55.7183961],"type":"Point"},"id":"GG2050-REPD-10535","properties":{"capacity_mw":400.0,"gg_project_id":"GG2050-REPD-10535","name":"Hunterston Grid Services Complex - Energy Storage Facility","operator":"Amp Energy","repd_ref":"10535","repd_technology":"Battery","status":"Awaiting Construction","technology":"bess"},"type":"Feature"},{"geometry":{"coordinates":[-3.3512261,50.9423546],"type":"Point"},"id":"GG2050-REPD-14935","properties":{"capacity_mw":400.0,"gg_project_id":"GG2050-REPD-14935","name":"Junction 27, Westleigh - Battery Storage","operator":"Clearstone Energy","repd_ref":"14935","repd_technology":"Battery","status":"Awaiting Construction","technology":"bess"},"type":"Feature"},{"geometry":{"coordinates":[-3.7230509,56.0729484],"type":"Point"},"id":"GG2050-REPD-10536","properties":{"capacity_mw":400.0,"gg_project_id":"GG2050-REPD-10536","name":"Kincardine Grid Services Complex - Energy Storage Facility","operator":"Amp Energy","repd_ref":"10536","repd_technology":"Battery","status":"Awaiting Construction","technology":"bess"},"type":"Feature"},{"geometry":{"coordinates":[-4.0386896,55.4044002],"type":"Point"},"id":"GG2050-REPD-15529","properties":{"capacity_mw":400.0,"gg_project_id":"GG2050-REPD-15529","name":"Lagrae Battery Energy Storage System","operator":"Buccleuch Estates Limited","repd_ref":"15529","repd_technology":"Battery","status":"Application Submitted","technology":"bess"},"type":"Feature"},{"geometry":{"coordinates":[-3.9583069,51.6922369],"type":"Point"},"id":"GG2050-REPD-17035","properties":{"capacity_mw":400.0,"gg_project_id":"GG2050-REPD-17035","name":"Lletty Scilp Farm, Swansea North - Energy Storage System","operator":"Innova Renewables","repd_ref":"17035","repd_technology":"Battery","status":"Awaiting Construction","technology":"bess"},"type":"Feature"},{"geometry":{"coordinates":[-2.9569621,54.9456438],"type":"Point"},"id":"GG2050-REPD-15956","properties":{"capacity_mw":400.0,"gg_project_id":"GG2050-REPD-15956","name":"Low Harker Farm, Low Harker - Battery Storage Facility","operator":"Zenobe Energy Limited","repd_ref":"15956","repd_technology":"Battery","status":"Awaiting Construction","technology":"bess"},"type":"Feature"},{"geometry":{"coordinates":[1.1838383,52.4719509],"type":"Point"},"id":"GG2050-REPD-18554","properties":{"capacity_mw":400.0,"gg_project_id":"GG2050-REPD-18554","name":"Market Lane And Carr Lane, Great Moulton - Battery Energy Storage System","operator":"Field Long Stratton Limited","repd_ref":"18554","repd_technology":"Battery","status":"Application Submitted","technology":"bess"},"type":"Feature"},{"geometry":{"coordinates":[0.4148237,50.886065],"type":"Point"},"id":"GG2050-REPD-16245","properties":{"capacity_mw":400.0,"gg_project_id":"GG2050-REPD-16245","name":"Moor Hall Farm, Moor Hall Drive - Battery Energy Storage Facility","operator":"Balance Power Projects Limited","repd_ref":"16245","repd_technology":"Battery","status":"Awaiting Construction","technology":"bess"},"type":"Feature"},{"geometry":{"coordinates":[1.2745045,52.5961949],"type":"Point"},"id":"GG2050-REPD-19491","properties":{"capacity_mw":400.0,"gg_project_id":"GG2050-REPD-19491","name":"Mulbarton Road, Keswick - Battery Energy Storage System","operator":"Greenfield Energy Developments Limited","repd_ref":"19491","repd_technology":"Battery","status":"Application Submitted","technology":"bess"},"type":"Feature"},{"geometry":{"coordinates":[-1.8975188,57.494514],"type":"Point"},"id":"GG2050-REPD-19029","properties":{"capacity_mw":400.0,"gg_project_id":"GG2050-REPD-19029","name":"Netherton, Langside Road - Battery Energy Storage System","operator":"Field Energy","repd_ref":"19029","repd_technology":"Battery","status":"Application Submitted","technology":"bess"},"type":"Feature"},{"geometry":{"coordinates":[-0.8241167,53.2223779],"type":"Point"},"id":"GG2050-REPD-18638","properties":{"capacity_mw":400.0,"gg_project_id":"GG2050-REPD-18638","name":"Polly Taylors Road, High Marnham - Battery Energy Storage System","operator":"Field Energy","repd_ref":"18638","repd_technology":"Battery","status":"Application Submitted","technology":"bess"},"type":"Feature"},{"geometry":{"coordinates":[-1.5006391,52.8634374],"type":"Point"},"id":"GG2050-REPD-16675","properties":{"capacity_mw":400.0,"gg_project_id":"GG2050-REPD-16675","name":"Stenson Lane - Battery Energy Storage System","operator":"Innova Renewables","repd_ref":"16675","repd_technology":"Battery","status":"Awaiting Construction","technology":"bess"},"type":"Feature"},{"geometry":{"coordinates":[-0.9366274,53.6207382],"type":"Point"},"id":"GG2050-REPD-19574","properties":{"capacity_mw":400.0,"gg_project_id":"GG2050-REPD-19574","name":"The Tween Bridge Solar Farm","operator":"RWE","repd_ref":"19574","repd_technology":"Battery","status":"Application Submitted","technology":"bess"},"type":"Feature"},{"geometry":{"coordinates":[-0.8162972,53.9119804],"type":"Point"},"id":"GG2050-REPD-19288","properties":{"capacity_mw":400.0,"gg_project_id":"GG2050-REPD-19288","name":"Thornton Battery Storage","operator":"Greenfield Energy Developments Limited","repd_ref":"19288","repd_technology":"Battery","status":"Awaiting Construction","technology":"bess"},"type":"Feature"},{"geometry":{"coordinates":[-1.9532091,52.2544716],"type":"Point"},"id":"GG2050-REPD-19649","properties":{"capacity_mw":400.0,"gg_project_id":"GG2050-REPD-19649","name":"Wheaten Hill Farm - BESS","operator":"Boom Power Limited","repd_ref":"19649","repd_technology":"Battery","status":"Application Submitted","technology":"bess"},"type":"Feature"},{"geometry":{"coordinates":[0.2622819,52.3994799],"type":"Point"},"id":"GG2050-REPD-16410","properties":{"capacity_mw":400.0,"gg_project_id":"GG2050-REPD-16410","name":"Wicken Bridleway, Church Road - Battery Energy Storage","operator":"Green Switch Capital Limited","repd_ref":"16410","repd_technology":"Battery","status":"Awaiting Construction","technology":"bess"},"type":"Feature"},{"geometry":{"coordinates":[-0.2217313,53.6063636],"type":"Point"},"id":"GG2050-REPD-17459","properties":{"capacity_mw":375.0,"gg_project_id":"GG2050-REPD-17459","name":"Stallingboroughe, Stallingborough Road - BESS","operator":"Island Green Power","repd_ref":"17459","repd_technology":"Battery","status":"Awaiting Construction","technology":"bess"},"type":"Feature"},{"geometry":{"coordinates":[0.3925996,51.5669674],"type":"Point"},"id":"GG2050-REPD-12458","properties":{"capacity_mw":368.0,"gg_project_id":"GG2050-REPD-12458","name":"Lower Dunton Road - Battery Energy Storage System","operator":"LJ Construction UK Limited","repd_ref":"12458","repd_technology":"Battery","status":"Application Submitted","technology":"bess"},"type":"Feature"},{"geometry":{"coordinates":[-2.9639783,54.9420026],"type":"Point"},"id":"GG2050-REPD-17649","properties":{"capacity_mw":360.0,"gg_project_id":"GG2050-REPD-17649","name":"Harker Moss - Battery Energy Storage System","operator":"ESB (Harker) Limited","repd_ref":"17649","repd_technology":"Battery","status":"Awaiting Construction","technology":"bess"},"type":"Feature"},{"geometry":{"coordinates":[-0.8627641,53.0813132],"type":"Point"},"id":"GG2050-REPD-11321","properties":{"capacity_mw":360.0,"gg_project_id":"GG2050-REPD-11321","name":"Staythorpe Road - Battery energy storage","operator":"Ecap Renewables (Elements Green)","repd_ref":"11321","repd_technology":"Battery","status":"Under Construction","technology":"bess"},"type":"Feature"},{"geometry":{"coordinates":[-0.0732343,51.9471377],"type":"Point"},"id":"GG2050-REPD-17726","properties":{"capacity_mw":354.0,"gg_project_id":"GG2050-REPD-17726","name":"Beane Solar Farm - Solar Panels","operator":"Renewable Energy Systems RES ltd (Beaufort)","repd_ref":"17726","repd_technology":"Battery","status":"Application Submitted","technology":"bess"},"type":"Feature"},{"geometry":{"coordinates":[-0.5757546,51.9079114],"type":"Point"},"id":"GG2050-REPD-17542","properties":{"capacity_mw":350.0,"gg_project_id":"GG2050-REPD-17542","name":"Bury Farm, Dickens Lane - Battery Energy Storage System","operator":"Regener8 Power Limited","repd_ref":"17542","repd_technology":"Battery","status":"Application Refused","technology":"bess"},"type":"Feature"},{"geometry":{"coordinates":[-4.4475254,55.5551295],"type":"Point"},"id":"GG2050-REPD-12820","properties":{"capacity_mw":350.0,"gg_project_id":"GG2050-REPD-12820","name":"Camsiscan Farm, Craigie - Battery Energy Storage System","operator":"Noriker Power Limited","repd_ref":"12820","repd_technology":"Battery","status":"Awaiting Construction","technology":"bess"},"type":"Feature"},{"geometry":{"coordinates":[-5.0035112,51.6662617],"type":"Point"},"id":"GG2050-REPD-15277","properties":{"capacity_mw":350.0,"gg_project_id":"GG2050-REPD-15277","name":"Goldborough Road, Hundleton - Battery Energy Storage","operator":"Pembroke Green Limited (Enso Energy and Cero Generation)","repd_ref":"15277","repd_technology":"Battery","status":"Awaiting Construction","technology":"bess"},"type":"Feature"},{"geometry":{"coordinates":[-4.9949301,51.6817529],"type":"Point"},"id":"GG2050-REPD-14913","properties":{"capacity_mw":350.0,"gg_project_id":"GG2050-REPD-14913","name":"Pembroke Power Station, Pwllcrochan - Battery Storage","operator":"RWE Generation UK Plc","repd_ref":"14913","repd_technology":"Battery","status":"Awaiting Construction","technology":"bess"},"type":"Feature"},{"geometry":{"coordinates":[-2.0774885,53.0431128],"type":"Point"},"id":"GG2050-REPD-10013","properties":{"capacity_mw":349.0,"gg_project_id":"GG2050-REPD-10013","name":"Cellarhead - Battery Site","operator":"C&S Energy Limited","repd_ref":"10013","repd_technology":"Battery","status":"Revised","technology":"bess"},"type":"Feature"},{"geometry":{"coordinates":[-2.9527699,57.5427521],"type":"Point"},"id":"GG2050-REPD-14283","properties":{"capacity_mw":349.0,"gg_project_id":"GG2050-REPD-14283","name":"Gibson Farm, Blackhillock - Battery Energy Storage System","operator":"Noriker Power Limited","repd_ref":"14283","repd_technology":"Battery","status":"Awaiting Construction","technology":"bess"},"type":"Feature"},{"geometry":{"coordinates":[-4.5969673,53.2947707],"type":"Point"},"id":"GG2050-REPD-15472","properties":{"capacity_mw":349.0,"gg_project_id":"GG2050-REPD-15472","name":"Penrhos Works - Battery Energy Storage System","operator":"Anglesey Land Holdings Limited","repd_ref":"15472","repd_technology":"Battery","status":"Awaiting Construction","technology":"bess"},"type":"Feature"},{"geometry":{"coordinates":[-3.7349973,56.0795835],"type":"Point"},"id":"GG2050-REPD-15527","properties":{"capacity_mw":342.0,"gg_project_id":"GG2050-REPD-15527","name":"Kincardine Battery Storage","operator":"Gresham House Devco Pipeline Limited","repd_ref":"15527","repd_technology":"Battery","status":"Awaiting Construction","technology":"bess"},"type":"Feature"},{"geometry":{"coordinates":[-3.7736292,55.5055925],"type":"Point"},"id":"GG2050-REPD-15980","properties":{"capacity_mw":342.0,"gg_project_id":"GG2050-REPD-15980","name":"Red Moss - Battery Storage","operator":"Green Switch Capital Limited","repd_ref":"15980","repd_technology":"Battery","status":"Awaiting Construction","technology":"bess"},"type":"Feature"},{"geometry":{"coordinates":[-2.9682356,54.9535077],"type":"Point"},"id":"GG2050-REPD-12710","properties":{"capacity_mw":340.0,"gg_project_id":"GG2050-REPD-12710","name":"Blackdyke Farm, Blackford - Battery Storage","operator":"Novus Renewable Services Limited / Story Construction","repd_ref":"12710","repd_technology":"Battery","status":"Application Refused","technology":"bess"},"type":"Feature"},{"geometry":{"coordinates":[-2.3777455,55.6828887],"type":"Point"},"id":"GG2050-REPD-14542","properties":{"capacity_mw":340.0,"gg_project_id":"GG2050-REPD-14542","name":"Pittlesheugh Farm Bess, Springwells Farmhouse - Battery Energy Storage","operator":"The Energy Workshop","repd_ref":"14542","repd_technology":"Battery","status":"Application Submitted","technology":"bess"},"type":"Feature"},{"geometry":{"coordinates":[-2.8270695,53.5651904],"type":"Point"},"id":"GG2050-REPD-14673","properties":{"capacity_mw":320.0,"gg_project_id":"GG2050-REPD-14673","name":"Avondale Nurseries, Spa Lane - Battery Energy Storage","operator":"Sandbrook Capital Bes Limited","repd_ref":"14673","repd_technology":"Battery","status":"Awaiting Construction","technology":"bess"},"type":"Feature"},{"geometry":{"coordinates":[-1.0720123,52.9930004],"type":"Point"},"id":"GG2050-REPD-16085","properties":{"capacity_mw":320.0,"gg_project_id":"GG2050-REPD-16085","name":"Burton Wood Farm, Spring Lane - Battery Energy Storage","operator":"Grenergy Renewables","repd_ref":"16085","repd_technology":"Battery","status":"Awaiting Construction","technology":"bess"},"type":"Feature"},{"geometry":{"coordinates":[-1.2676472,53.7536144],"type":"Point"},"id":"GG2050-REPD-15164","properties":{"capacity_mw":320.0,"gg_project_id":"GG2050-REPD-15164","name":"Monk Fryston Battery Storage","operator":"SSE Renewables","repd_ref":"15164","repd_technology":"Battery","status":"Under Construction","technology":"bess"},"type":"Feature"},{"geometry":{"coordinates":[-0.0069296,52.2414889],"type":"Point"},"id":"GG2050-REPD-11719","properties":{"capacity_mw":312.0,"gg_project_id":"GG2050-REPD-11719","name":"Stargoose Farm - Battery Storage","operator":"Solarcentury Limited / Statkraft Uk Limited","repd_ref":"11719","repd_technology":"Battery","status":"Awaiting Construction","technology":"bess"},"type":"Feature"},{"geometry":{"coordinates":[-1.2430298,51.6322813],"type":"Point"},"id":"GG2050-REPD-17837","properties":{"capacity_mw":300.0,"gg_project_id":"GG2050-REPD-17837","name":"Appleford - Battery Energy Storage","operator":"TBC 001 Limited","repd_ref":"17837","repd_technology":"Battery","status":"Awaiting Construction","technology":"bess"},"type":"Feature"},{"geometry":{"coordinates":[-2.9475268,57.5183937],"type":"Point"},"id":"GG2050-REPD-9723","properties":{"capacity_mw":300.0,"gg_project_id":"GG2050-REPD-9723","name":"Blackhillock Electricity Substation - Battery Energy Storage System","operator":"Zenobe Energy Limited","repd_ref":"9723","repd_technology":"Battery","status":"Under Construction","technology":"bess"},"type":"Feature"},{"geometry":{"coordinates":[-4.4412198,53.3998042],"type":"Point"},"id":"GG2050-REPD-13217","properties":{"capacity_mw":300.0,"gg_project_id":"GG2050-REPD-13217","name":"Carrog Ganol, Rhosgoch - Battery Energy Storage System","operator":"Boom Developments Limited","repd_ref":"13217","repd_technology":"Battery","status":"Awaiting Construction","technology":"bess"},"type":"Feature"},{"geometry":{"coordinates":[0.3115113,51.4207824],"type":"Point"},"id":"GG2050-REPD-17543","properties":{"capacity_mw":300.0,"gg_project_id":"GG2050-REPD-17543","name":"Dartford BESS - Battery Energy Storage System","operator":"Clearstone Energy","repd_ref":"17543","repd_technology":"Battery","status":"Application Withdrawn","technology":"bess"},"type":"Feature"},{"geometry":{"coordinates":[1.0053418,51.1361642],"type":"Point"},"id":"GG2050-REPD-19136","properties":{"capacity_mw":300.0,"gg_project_id":"GG2050-REPD-19136","name":"Forty Acre Wood, The Street - Battery Energy Storage System","operator":"Greenfield Energy Developments Limited","repd_ref":"19136","repd_technology":"Battery","status":"Application Refused","technology":"bess"},"type":"Feature"},{"geometry":{"coordinates":[0.3195012,51.4234754],"type":"Point"},"id":"GG2050-REPD-11186","properties":{"capacity_mw":300.0,"gg_project_id":"GG2050-REPD-11186","name":"Foxhounds Lane, Southfleet - Battery Storage","operator":"EcoDev Group Limited","repd_ref":"11186","repd_technology":"Battery","status":"Application Refused","technology":"bess"},"type":"Feature"},{"geometry":{"coordinates":[1.2472543,52.5754242],"type":"Point"},"id":"GG2050-REPD-9754","properties":{"capacity_mw":300.0,"gg_project_id":"GG2050-REPD-9754","name":"Hornsea Project Three - Battery Storage","operator":"Orsted Power (UK) Limited","repd_ref":"9754","repd_technology":"Battery","status":"Under Construction","technology":"bess"},"type":"Feature"},{"geometry":{"coordinates":[-4.4674596,55.5781711],"type":"Point"},"id":"GG2050-REPD-9696","properties":{"capacity_mw":300.0,"gg_project_id":"GG2050-REPD-9696","name":"Kilmarnock South Substation - Battery storage","operator":"Zenobe Energy","repd_ref":"9696","repd_technology":"Battery","status":"Operational","technology":"bess"},"type":"Feature"},{"geometry":{"coordinates":[-2.3419736,57.2182122],"type":"Point"},"id":"GG2050-REPD-10467","properties":{"capacity_mw":300.0,"gg_project_id":"GG2050-REPD-10467","name":"Kintore Battery Energy Storage Project","operator":"Alcemi Storage Development Limited","repd_ref":"10467","repd_technology":"Battery","status":"Awaiting Construction","technology":"bess"},"type":"Feature"},{"geometry":{"coordinates":[-2.0673892,53.0229923],"type":"Point"},"id":"GG2050-REPD-19553","properties":{"capacity_mw":300.0,"gg_project_id":"GG2050-REPD-19553","name":"Leek Road, Werrington - Battery Energy Storage","operator":"Masdar Arlington Energy","repd_ref":"19553","repd_technology":"Battery","status":"Application Submitted","technology":"bess"},"type":"Feature"},{"geometry":{"coordinates":[-3.2634832,56.1041713],"type":"Point"},"id":"GG2050-REPD-15426","properties":{"capacity_mw":300.0,"gg_project_id":"GG2050-REPD-15426","name":"Mossmorran Battery Storage","operator":"Gresham House Devco Pipeline","repd_ref":"15426","repd_technology":"Battery","status":"Awaiting Construction","technology":"bess"},"type":"Feature"},{"geometry":{"coordinates":[-3.94311,55.8253764],"type":"Point"},"id":"GG2050-REPD-14763","properties":{"capacity_mw":300.0,"gg_project_id":"GG2050-REPD-14763","name":"Newarthill Energy Park","operator":"Geocore Limited","repd_ref":"14763","repd_technology":"Battery","status":"Awaiting Construction","technology":"bess"},"type":"Feature"},{"geometry":{"coordinates":[-3.2311674,58.6362453],"type":"Point"},"id":"GG2050-REPD-14987","properties":{"capacity_mw":300.0,"gg_project_id":"GG2050-REPD-14987","name":"Philips Mains, Mey - Battery Energy Storage","operator":"Ampeak Energy","repd_ref":"14987","repd_technology":"Battery","status":"Awaiting Construction","technology":"bess"},"type":"Feature"},{"geometry":{"coordinates":[-2.9309465,52.8364009],"type":"Point"},"id":"GG2050-REPD-18028","properties":{"capacity_mw":300.0,"gg_project_id":"GG2050-REPD-18028","name":"Rednal Airfield, West Felton - Battery Energy Storage","operator":"Private Developer","repd_ref":"18028","repd_technology":"Battery","status":"Awaiting Construction","technology":"bess"},"type":"Feature"},{"geometry":{"coordinates":[-0.8423051,53.8765501],"type":"Point"},"id":"GG2050-REPD-19251","properties":{"capacity_mw":300.0,"gg_project_id":"GG2050-REPD-19251","name":"Ryedale Farm, Seaton Common Lane - Battery Energy Storage","operator":"RPC Elmya Carnation Foxdale Limited","repd_ref":"19251","repd_technology":"Battery","status":"Awaiting Construction","technology":"bess"},"type":"Feature"},{"geometry":{"coordinates":[-3.4266878,58.465179],"type":"Point"},"id":"GG2050-REPD-16381","properties":{"capacity_mw":300.0,"gg_project_id":"GG2050-REPD-16381","name":"Spittal Mains, Spittal - Battery Energy Storage System","operator":"Field Spittal Limited","repd_ref":"16381","repd_technology":"Battery","status":"Application Submitted","technology":"bess"},"type":"Feature"},{"geometry":{"coordinates":[-0.8627641,53.0813132],"type":"Point"},"id":"GG2050-REPD-12893","properties":{"capacity_mw":300.0,"gg_project_id":"GG2050-REPD-12893","name":"Staythorpe Road, Averham - Battery Storage","operator":"SSE Battery Storage Limited","repd_ref":"12893","repd_technology":"Battery","status":"Application Submitted","technology":"bess"},"type":"Feature"},{"geometry":{"coordinates":[-3.3987772,50.7641467],"type":"Point"},"id":"GG2050-REPD-13980","properties":{"capacity_mw":290.0,"gg_project_id":"GG2050-REPD-13980","name":"Saundercroft Farm - Battery Energy Storage System","operator":"Exeter Storage Limited (Statera Energy)","repd_ref":"13980","repd_technology":"Battery","status":"Awaiting Construction","technology":"bess"},"type":"Feature"},{"geometry":{"coordinates":[-0.2286621,50.9768087],"type":"Point"},"id":"GG2050-REPD-10843","properties":{"capacity_mw":264.0,"gg_project_id":"GG2050-REPD-10843","name":"Bolney Substation - Battery Storage","operator":"One Planet Developments Limited","repd_ref":"10843","repd_technology":"Battery","status":"Awaiting Construction","technology":"bess"},"type":"Feature"},{"geometry":{"coordinates":[-0.8938687,52.4663158],"type":"Point"},"id":"GG2050-REPD-18956","properties":{"capacity_mw":252.0,"gg_project_id":"GG2050-REPD-18956","name":"Braybrooke Village North, Harborough Road - Battery Energy Storage System","operator":"Elmya Energy Limited","repd_ref":"18956","repd_technology":"Battery","status":"Application Submitted","technology":"bess"},"type":"Feature"},{"geometry":{"coordinates":[-3.9530716,51.6973328],"type":"Point"},"id":"GG2050-REPD-12661","properties":{"capacity_mw":250.0,"gg_project_id":"GG2050-REPD-12661","name":"Abergelli Farm, Felindre - Battery Storage","operator":"EDF Energy Renewables","repd_ref":"12661","repd_technology":"Battery","status":"Application Submitted","technology":"bess"},"type":"Feature"},{"geometry":{"coordinates":[-1.228684,51.6577596],"type":"Point"},"id":"GG2050-REPD-6903","properties":{"capacity_mw":250.0,"gg_project_id":"GG2050-REPD-6903","name":"Culham Science Centre","operator":"CESL UK Atomic Energy Authority","repd_ref":"6903","repd_technology":"Battery","status":"Abandoned","technology":"bess"},"type":"Feature"},{"geometry":{"coordinates":[0.172175,52.7286142],"type":"Point"},"id":"GG2050-REPD-7614","properties":{"capacity_mw":250.0,"gg_project_id":"GG2050-REPD-7614","name":"Lapwing Fen 2 - Battery Storage Plant","operator":"Tribus Clean Energy","repd_ref":"7614","repd_technology":"Battery","status":"Under Construction","technology":"bess"},"type":"Feature"},{"geometry":{"coordinates":[0.0042978,51.3383005],"type":"Point"},"id":"GG2050-REPD-15195","properties":{"capacity_mw":250.0,"gg_project_id":"GG2050-REPD-15195","name":"Layhams Road - Battery Storage Facility","operator":"Penso Power (BW ESS)","repd_ref":"15195","repd_technology":"Battery","status":"Awaiting Construction","technology":"bess"},"type":"Feature"},{"geometry":{"coordinates":[-2.6613733,53.3731729],"type":"Point"},"id":"GG2050-REPD-18975","properties":{"capacity_mw":250.0,"gg_project_id":"GG2050-REPD-18975","name":"Station Road, Fiddlers Ferry - Battery Energy Storage","operator":"Net Zero One Limited","repd_ref":"18975","repd_technology":"Battery","status":"Application Refused","technology":"bess"},"type":"Feature"},{"geometry":{"coordinates":[-0.5010683,51.9439392],"type":"Point"},"id":"GG2050-REPD-15573","properties":{"capacity_mw":250.0,"gg_project_id":"GG2050-REPD-15573","name":"Toddington Services, Hipsey Spinney - Battery Storage","operator":"Kona Energy Limited","repd_ref":"15573","repd_technology":"Battery","status":"Revised","technology":"bess"},"type":"Feature"},{"geometry":{"coordinates":[-0.5010683,51.9439392],"type":"Point"},"id":"GG2050-REPD-15883","properties":{"capacity_mw":250.0,"gg_project_id":"GG2050-REPD-15883","name":"Toddington Services, Hipsey Spinney - Battery Storage","operator":"Kona Energy Limited","repd_ref":"15883","repd_technology":"Battery","status":"Awaiting Construction","technology":"bess"},"type":"Feature"},{"geometry":{"coordinates":[-1.0266215,53.9588547],"type":"Point"},"id":"GG2050-REPD-10583","properties":{"capacity_mw":249.9,"gg_project_id":"GG2050-REPD-10583","name":"East York Energy Hub","operator":"York Energy Park Limited","repd_ref":"10583","repd_technology":"Battery","status":"Awaiting Construction","technology":"bess"},"type":"Feature"},{"geometry":{"coordinates":[-3.4117704,51.3935862],"type":"Point"},"id":"GG2050-REPD-20451","properties":{"capacity_mw":249.0,"gg_project_id":"GG2050-REPD-20451","name":"Aberthaw Battery Energy Storage System","operator":"Aberthaw Energy Limited","repd_ref":"20451","repd_technology":"Battery","status":"Application Submitted","technology":"bess"},"type":"Feature"},{"geometry":{"coordinates":[0.7145917,51.4480125],"type":"Point"},"id":"GG2050-REPD-18348","properties":{"capacity_mw":249.0,"gg_project_id":"GG2050-REPD-18348","name":"Power Station Road, Isle Of Grain - Battery Energy Storage","operator":"Ecostor Grain West Limited","repd_ref":"18348","repd_technology":"Battery","status":"Awaiting Construction","technology":"bess"},"type":"Feature"},{"geometry":{"coordinates":[1.3468226,51.3120304],"type":"Point"},"id":"GG2050-REPD-11201","properties":{"capacity_mw":249.0,"gg_project_id":"GG2050-REPD-11201","name":"Richborough Energy Park - Phase 3 (Sheaf)","operator":"Pacific Green","repd_ref":"11201","repd_technology":"Battery","status":"Under Construction","technology":"bess"},"type":"Feature"},{"geometry":{"coordinates":[0.7492474,51.3616725],"type":"Point"},"id":"GG2050-REPD-15779","properties":{"capacity_mw":249.0,"gg_project_id":"GG2050-REPD-15779","name":"Ridham Avenue, Swale Way - Kemsley Battery Energy Storage","operator":"Ouse Energy Limited","repd_ref":"15779","repd_technology":"Battery","status":"Awaiting Construction","technology":"bess"},"type":"Feature"},{"geometry":{"coordinates":[-2.6141396,56.7615353],"type":"Point"},"id":"GG2050-REPD-14042","properties":{"capacity_mw":249.0,"gg_project_id":"GG2050-REPD-14042","name":"Stracathro - Battery Energy Storage System","operator":"Opdenergy UK 8 Limited","repd_ref":"14042","repd_technology":"Battery","status":"Awaiting Construction","technology":"bess"},"type":"Feature"},{"geometry":{"coordinates":[-1.1273642,54.564538],"type":"Point"},"id":"GG2050-REPD-19565","properties":{"capacity_mw":244.0,"gg_project_id":"GG2050-REPD-19565","name":"Old Hall Farm, Lackenby - BESS","operator":"Lackenby Energy Limited","repd_ref":"19565","repd_technology":"Battery","status":"Application Submitted","technology":"bess"},"type":"Feature"},{"geometry":{"coordinates":[-2.9619769,55.9675025],"type":"Point"},"id":"GG2050-REPD-14539","properties":{"capacity_mw":240.0,"gg_project_id":"GG2050-REPD-14539","name":"Cockenzie Battery Storage System - Site A","operator":"Gresham House","repd_ref":"14539","repd_technology":"Battery","status":"Awaiting Construction","technology":"bess"},"type":"Feature"},{"geometry":{"coordinates":[0.4415567,50.8915437],"type":"Point"},"id":"GG2050-REPD-17826","properties":{"capacity_mw":240.0,"gg_project_id":"GG2050-REPD-17826","name":"Eastlands Farm, Catsfield - Catsfield Battery Energy Storage Facility","operator":"Masdar Arlington Energy","repd_ref":"17826","repd_technology":"Battery","status":"Awaiting Construction","technology":"bess"},"type":"Feature"},{"geometry":{"coordinates":[-1.6370721,53.96676],"type":"Point"},"id":"GG2050-REPD-19467","properties":{"capacity_mw":240.0,"gg_project_id":"GG2050-REPD-19467","name":"Kellingley Farm, Stocking Lane - Battery Energy Storage","operator":"Newton Energi Limited","repd_ref":"19467","repd_technology":"Battery","status":"Application Submitted","technology":"bess"},"type":"Feature"},{"geometry":{"coordinates":[-2.9588827,53.2442097],"type":"Point"},"id":"GG2050-REPD-18182","properties":{"capacity_mw":240.0,"gg_project_id":"GG2050-REPD-18182","name":"Mollington - Battery Energy Storage","operator":"Qair Renewables UK Limited","repd_ref":"18182","repd_technology":"Battery","status":"Awaiting Construction","technology":"bess"},"type":"Feature"},{"geometry":{"coordinates":[-1.1295427,53.7000735],"type":"Point"},"id":"GG2050-REPD-11680","properties":{"capacity_mw":240.0,"gg_project_id":"GG2050-REPD-11680","name":"Springfield Farm, Hensall - Battery Energy Storage Facility","operator":"Newton Energi Limited","repd_ref":"11680","repd_technology":"Battery","status":"Awaiting Construction","technology":"bess"},"type":"Feature"},{"geometry":{"coordinates":[-1.1286534,53.7005973],"type":"Point"},"id":"GG2050-REPD-16644","properties":{"capacity_mw":240.0,"gg_project_id":"GG2050-REPD-16644","name":"Springfield Farm, Weeland Road - Battery Energy Storage Facility","operator":"Newton Energi Limited","repd_ref":"16644","repd_technology":"Battery","status":"Awaiting Construction","technology":"bess"},"type":"Feature"},{"geometry":{"coordinates":[-0.2123863,53.7562581],"type":"Point"},"id":"GG2050-REPD-17842","properties":{"capacity_mw":240.0,"gg_project_id":"GG2050-REPD-17842","name":"Staithes Road, Saltend -Battery Energy Storage System","operator":"SFEL One Limited","repd_ref":"17842","repd_technology":"Battery","status":"Awaiting Construction","technology":"bess"},"type":"Feature"},{"geometry":{"coordinates":[-2.949183,51.5485268],"type":"Point"},"id":"GG2050-REPD-10936","properties":{"capacity_mw":230.0,"gg_project_id":"GG2050-REPD-10936","name":"Uskmouth Power Station - Battery Storage","operator":"Simec Atlantic Energy Uskmouth Power Station","repd_ref":"10936","repd_technology":"Battery","status":"Under Construction","technology":"bess"},"type":"Feature"},{"geometry":{"coordinates":[-3.0360802,55.9131876],"type":"Point"},"id":"GG2050-REPD-13627","properties":{"capacity_mw":228.0,"gg_project_id":"GG2050-REPD-13627","name":"Smeaton Battery Energy Storage System","operator":"Kona Energy","repd_ref":"13627","repd_technology":"Battery","status":"Awaiting Construction","technology":"bess"},"type":"Feature"},{"geometry":{"coordinates":[1.2143578,52.5384239],"type":"Point"},"id":"GG2050-REPD-18621","properties":{"capacity_mw":228.0,"gg_project_id":"GG2050-REPD-18621","name":"Wymondham Road, Bracon Ash - Battery Energy Storage System","operator":"Green Switch Capital","repd_ref":"18621","repd_technology":"Battery","status":"Application Submitted","technology":"bess"},"type":"Feature"},{"geometry":{"coordinates":[1.1296121,51.3315696],"type":"Point"},"id":"GG2050-REPD-18025","properties":{"capacity_mw":227.5,"gg_project_id":"GG2050-REPD-18025","name":"Woodlands Farm, Calcott Hill - Battery Energy Storage","operator":"Sky UK Development Limited","repd_ref":"18025","repd_technology":"Battery","status":"Awaiting Construction","technology":"bess"},"type":"Feature"},{"geometry":{"coordinates":[-3.8708722,55.5580137],"type":"Point"},"id":"GG2050-REPD-12286","properties":{"capacity_mw":225.0,"gg_project_id":"GG2050-REPD-12286","name":"Hagshaw Energy Cluster – Western Expansion","operator":"3R Energy Solutions Limited","repd_ref":"12286","repd_technology":"Battery","status":"Application Submitted","technology":"bess"},"type":"Feature"},{"geometry":{"coordinates":[0.1545629,51.4398707],"type":"Point"},"id":"GG2050-REPD-18107","properties":{"capacity_mw":212.0,"gg_project_id":"GG2050-REPD-18107","name":"Manor Farm, Dartford Road - Energy Storage System","operator":"Net Zero Thirty Three Limited","repd_ref":"18107","repd_technology":"Battery","status":"Application Submitted","technology":"bess"},"type":"Feature"},{"geometry":{"coordinates":[-1.9086466,52.7530808],"type":"Point"},"id":"GG2050-REPD-18447","properties":{"capacity_mw":200.0,"gg_project_id":"GG2050-REPD-18447","name":"Armitage Road, Armitage - Battery Energy Storage","operator":"Galileo Empower","repd_ref":"18447","repd_technology":"Battery","status":"Application Refused","technology":"bess"},"type":"Feature"},{"geometry":{"coordinates":[-1.9807356,52.2536252],"type":"Point"},"id":"GG2050-REPD-13707","properties":{"capacity_mw":200.0,"gg_project_id":"GG2050-REPD-13707","name":"Astwood Lane, Feckenham - Battery Storage","operator":"Immersa Limited","repd_ref":"13707","repd_technology":"Battery","status":"Application Withdrawn","technology":"bess"},"type":"Feature"},{"geometry":{"coordinates":[-1.6761849,52.7628327],"type":"Point"},"id":"GG2050-REPD-17982","properties":{"capacity_mw":200.0,"gg_project_id":"GG2050-REPD-17982","name":"Barn Farm - Batter Energy Storage Facility","operator":"Harmony Energy Storage","repd_ref":"17982","repd_technology":"Battery","status":"Awaiting Construction","technology":"bess"},"type":"Feature"},{"geometry":{"coordinates":[-2.858281,54.0432083],"type":"Point"},"id":"GG2050-REPD-17028","properties":{"capacity_mw":200.0,"gg_project_id":"GG2050-REPD-17028","name":"Bay Gateway - Battery Storage Facility","operator":"Energi Generation","repd_ref":"17028","repd_technology":"Battery","status":"Awaiting Construction","technology":"bess"},"type":"Feature"},{"geometry":{"coordinates":[-0.2416821,50.96964],"type":"Point"},"id":"GG2050-REPD-13880","properties":{"capacity_mw":200.0,"gg_project_id":"GG2050-REPD-13880","name":"Bolney - Battery Storage","operator":"Elements Green","repd_ref":"13880","repd_technology":"Battery","status":"Awaiting Construction","technology":"bess"},"type":"Feature"},{"geometry":{"coordinates":[-3.9639406,51.6743109],"type":"Point"},"id":"GG2050-REPD-16050","properties":{"capacity_mw":200.0,"gg_project_id":"GG2050-REPD-16050","name":"Bryntywod, Llangyfelach - Battery Energy Storage System","operator":"FRV TH Powertek Limited","repd_ref":"16050","repd_technology":"Battery","status":"Awaiting Construction","technology":"bess"},"type":"Feature"},{"geometry":{"coordinates":[-2.9790622,54.9229022],"type":"Point"},"id":"GG2050-REPD-14939","properties":{"capacity_mw":200.0,"gg_project_id":"GG2050-REPD-14939","name":"Cargo Road, Cargo - Battery Storage","operator":"Immersa Limited","repd_ref":"14939","repd_technology":"Battery","status":"Abandoned","technology":"bess"},"type":"Feature"},{"geometry":{"coordinates":[-3.8894706,55.59267],"type":"Point"},"id":"GG2050-REPD-9684","properties":{"capacity_mw":200.0,"gg_project_id":"GG2050-REPD-9684","name":"Carlisle Road - Battery Energy Storage System","operator":"Zenobe Energy","repd_ref":"9684","repd_technology":"Battery","status":"Awaiting Construction","technology":"bess"},"type":"Feature"},{"geometry":{"coordinates":[-1.3920673,54.7965333],"type":"Point"},"id":"GG2050-REPD-18249","properties":{"capacity_mw":200.0,"gg_project_id":"GG2050-REPD-18249","name":"Carrs Farm, South Hetton - Battery Energy Storage System","operator":"Stephenson Halliday","repd_ref":"18249","repd_technology":"Battery","status":"Application Submitted","technology":"bess"},"type":"Feature"},{"geometry":{"coordinates":[-3.548306,51.7442887],"type":"Point"},"id":"GG2050-REPD-17655","properties":{"capacity_mw":200.0,"gg_project_id":"GG2050-REPD-17655","name":"Cefn Farm, Mount Road - Battery Energy Storage System","operator":"Tec Marina","repd_ref":"17655","repd_technology":"Battery","status":"Application Submitted","technology":"bess"},"type":"Feature"},{"geometry":{"coordinates":[0.2943451,51.5517715],"type":"Point"},"id":"GG2050-REPD-15607","properties":{"capacity_mw":200.0,"gg_project_id":"GG2050-REPD-15607","name":"Clay Tye Farm - Energy Storage Facility","operator":"London & Essex Energy Limited","repd_ref":"15607","repd_technology":"Battery","status":"Application Submitted","technology":"bess"},"type":"Feature"},{"geometry":{"coordinates":[-1.174453,53.7109436],"type":"Point"},"id":"GG2050-REPD-15375","properties":{"capacity_mw":200.0,"gg_project_id":"GG2050-REPD-15375","name":"Corner Of Weeland Road, Lunn Lane - Battery Storage Facility","operator":"Newton Energi Limited","repd_ref":"15375","repd_technology":"Battery","status":"Awaiting Construction","technology":"bess"},"type":"Feature"},{"geometry":{"coordinates":[-5.5706214,57.940809],"type":"Point"},"id":"GG2050-REPD-14677","properties":{"capacity_mw":200.0,"gg_project_id":"GG2050-REPD-14677","name":"Corriemoillie Substation Garve - Battery Energy Storage","operator":"Isenau Energy Storage Five Limited","repd_ref":"14677","repd_technology":"Battery","status":"Application Submitted","technology":"bess"},"type":"Feature"},{"geometry":{"coordinates":[-1.1801998,51.7024781],"type":"Point"},"id":"GG2050-REPD-17503","properties":{"capacity_mw":200.0,"gg_project_id":"GG2050-REPD-17503","name":"Cowley Substation, Blackberry Lane - Battery Storage Energy System","operator":"Penso Power (BW ESS)","repd_ref":"17503","repd_technology":"Battery","status":"Awaiting Construction","technology":"bess"},"type":"Feature"},{"geometry":{"coordinates":[-1.168111,54.6096255],"type":"Point"},"id":"GG2050-REPD-17005","properties":{"capacity_mw":200.0,"gg_project_id":"GG2050-REPD-17005","name":"Cowpen Bewley, Seal Sands Link Road - Battery Energy Storage","operator":"Harmony Energy Limited","repd_ref":"17005","repd_technology":"Battery","status":"Application Submitted","technology":"bess"},"type":"Feature"},{"geometry":{"coordinates":[-0.9952542,53.7322621],"type":"Point"},"id":"GG2050-REPD-7017","properties":{"capacity_mw":200.0,"gg_project_id":"GG2050-REPD-7017","name":"Drax Re-Power","operator":"Drax Group","repd_ref":"7017","repd_technology":"Battery","status":"Awaiting Construction","technology":"bess"},"type":"Feature"},{"geometry":{"coordinates":[-0.2298547,52.0742581],"type":"Point"},"id":"GG2050-REPD-17651","properties":{"capacity_mw":200.0,"gg_project_id":"GG2050-REPD-17651","name":"Dunton Lane - Battery Energy Storage System","operator":"Harmony BW Limited","repd_ref":"17651","repd_technology":"Battery","status":"Awaiting Construction","technology":"bess"},"type":"Feature"},{"geometry":{"coordinates":[-2.5097087,51.5639737],"type":"Point"},"id":"GG2050-REPD-13643","properties":{"capacity_mw":200.0,"gg_project_id":"GG2050-REPD-13643","name":"Earthcott Green Farm, Earthcott Green - Battery Energy Storage","operator":"Immersa Limited","repd_ref":"13643","repd_technology":"Battery","status":"Awaiting Construction","technology":"bess"},"type":"Feature"},{"geometry":{"coordinates":[-1.4392772,50.8971865],"type":"Point"},"id":"GG2050-REPD-19403","properties":{"capacity_mw":200.0,"gg_project_id":"GG2050-REPD-19403","name":"East Road, Marchwood - Battery Energy Storage","operator":"BW ESS Development UK Limited","repd_ref":"19403","repd_technology":"Battery","status":"Awaiting Construction","technology":"bess"},"type":"Feature"},{"geometry":{"coordinates":[-2.6629016,54.2952878],"type":"Point"},"id":"GG2050-REPD-17376","properties":{"capacity_mw":200.0,"gg_project_id":"GG2050-REPD-17376","name":"Eskrigg End Road, Old Hutton - Battery Energy Storage System","operator":"Harmony MS Limited","repd_ref":"17376","repd_technology":"Battery","status":"Awaiting Construction","technology":"bess"},"type":"Feature"},{"geometry":{"coordinates":[-2.8859527,54.0360149],"type":"Point"},"id":"GG2050-REPD-9545","properties":{"capacity_mw":200.0,"gg_project_id":"GG2050-REPD-9545","name":"Heysham Energy Storage Project","operator":"Kona Energy Limited","repd_ref":"9545","repd_technology":"Battery","status":"Awaiting Construction","technology":"bess"},"type":"Feature"},{"geometry":{"coordinates":[-0.2291547,53.7474457],"type":"Point"},"id":"GG2050-REPD-17424","properties":{"capacity_mw":200.0,"gg_project_id":"GG2050-REPD-17424","name":"Kingston International Business Park - Battery Energy Storage System","operator":"Story Contracting Limited","repd_ref":"17424","repd_technology":"Battery","status":"Awaiting Construction","technology":"bess"},"type":"Feature"},{"geometry":{"coordinates":[-4.2452343,57.434806],"type":"Point"},"id":"GG2050-REPD-16201","properties":{"capacity_mw":200.0,"gg_project_id":"GG2050-REPD-16201","name":"Knocknagael, Essich - Battery Energy Storage System","operator":"Field Energy","repd_ref":"16201","repd_technology":"Battery","status":"Awaiting Construction","technology":"bess"},"type":"Feature"},{"geometry":{"coordinates":[-1.6250671,52.3861239],"type":"Point"},"id":"GG2050-REPD-11656","properties":{"capacity_mw":200.0,"gg_project_id":"GG2050-REPD-11656","name":"Little Beanit Farm, Balsall Common - Battery Storage","operator":"Penso Power (BW ESS)","repd_ref":"11656","repd_technology":"Battery","status":"Under Construction","technology":"bess"},"type":"Feature"},{"geometry":{"coordinates":[-1.5015861,54.0323167],"type":"Point"},"id":"GG2050-REPD-18049","properties":{"capacity_mw":200.0,"gg_project_id":"GG2050-REPD-18049","name":"Low Moor Lane, Scotton - Battery Energy Storage System","operator":"Harmony Energy Limited","repd_ref":"18049","repd_technology":"Battery","status":"Application Submitted","technology":"bess"},"type":"Feature"},{"geometry":{"coordinates":[-3.3194723,51.6267811],"type":"Point"},"id":"GG2050-REPD-19201","properties":{"capacity_mw":200.0,"gg_project_id":"GG2050-REPD-19201","name":"National Road, Cilfynydd - Battery Energy Storage System","operator":"Rewe 2 Limited","repd_ref":"19201","repd_technology":"Battery","status":"Application Submitted","technology":"bess"},"type":"Feature"},{"geometry":{"coordinates":[0.1338014,51.4207808],"type":"Point"},"id":"GG2050-REPD-18751","properties":{"capacity_mw":200.0,"gg_project_id":"GG2050-REPD-18751","name":"North Cray Road - Battery Energy Storage System","operator":"Firstway Energy","repd_ref":"18751","repd_technology":"Battery","status":"Application Refused","technology":"bess"},"type":"Feature"},{"geometry":{"coordinates":[-3.9168375,55.8345779],"type":"Point"},"id":"GG2050-REPD-17014","properties":{"capacity_mw":200.0,"gg_project_id":"GG2050-REPD-17014","name":"North Lanrigg Energy Storage","operator":"North Lanrigg Battery Storage Limited","repd_ref":"17014","repd_technology":"Battery","status":"Awaiting Construction","technology":"bess"},"type":"Feature"},{"geometry":{"coordinates":[-3.6575317,55.8867549],"type":"Point"},"id":"GG2050-REPD-13404","properties":{"capacity_mw":200.0,"gg_project_id":"GG2050-REPD-13404","name":"Pond Industrial Park, Whitburn Road - Pond Battery Storage","operator":"Banks Renewables","repd_ref":"13404","repd_technology":"Battery","status":"Awaiting Construction","technology":"bess"},"type":"Feature"},{"geometry":{"coordinates":[-3.3029139,51.5722417],"type":"Point"},"id":"GG2050-REPD-20012","properties":{"capacity_mw":200.0,"gg_project_id":"GG2050-REPD-20012","name":"Pound Farm Lane - Battery Storage","operator":"Pulse Clean Energy","repd_ref":"20012","repd_technology":"Battery","status":"Application Submitted","technology":"bess"},"type":"Feature"},{"geometry":{"coordinates":[-1.2809436,53.7476458],"type":"Point"},"id":"GG2050-REPD-17502","properties":{"capacity_mw":200.0,"gg_project_id":"GG2050-REPD-17502","name":"Rawfield Lane - Battery Energy Storage System","operator":"Harmony Energy Limited","repd_ref":"17502","repd_technology":"Battery","status":"Awaiting Construction","technology":"bess"},"type":"Feature"},{"geometry":{"coordinates":[-2.9647019,53.2624017],"type":"Point"},"id":"GG2050-REPD-17037","properties":{"capacity_mw":200.0,"gg_project_id":"GG2050-REPD-17037","name":"Rectory Lane - Energy Storage System","operator":"Net Zero Eighteen Limited","repd_ref":"17037","repd_technology":"Battery","status":"Awaiting Construction","technology":"bess"},"type":"Feature"},{"geometry":{"coordinates":[-3.0528684,55.8951013],"type":"Point"},"id":"GG2050-REPD-15173","properties":{"capacity_mw":200.0,"gg_project_id":"GG2050-REPD-15173","name":"Salters Battery Energy Storage System","operator":"Buccleuch Group","repd_ref":"15173","repd_technology":"Battery","status":"Awaiting Construction","technology":"bess"},"type":"Feature"},{"geometry":{"coordinates":[-3.3315678,55.2733719],"type":"Point"},"id":"GG2050-REPD-20966","properties":{"capacity_mw":200.0,"gg_project_id":"GG2050-REPD-20966","name":"Scoop Hill Wind Farm","operator":"Community Wind Power Limited","repd_ref":"20966","repd_technology":"Battery","status":"Application Refused","technology":"bess"},"type":"Feature"},{"geometry":{"coordinates":[-0.8075836,53.9068247],"type":"Point"},"id":"GG2050-REPD-10586","properties":{"capacity_mw":200.0,"gg_project_id":"GG2050-REPD-10586","name":"Soay Solar Farm and Greener Grid Park","operator":"Statkraft Uk Limited","repd_ref":"10586","repd_technology":"Battery","status":"Under Construction","technology":"bess"},"type":"Feature"},{"geometry":{"coordinates":[-1.5385443,54.7084714],"type":"Point"},"id":"GG2050-REPD-13576","properties":{"capacity_mw":200.0,"gg_project_id":"GG2050-REPD-13576","name":"Spennymoor Greener Grid Park","operator":"Statkraft UK Limited","repd_ref":"13576","repd_technology":"Battery","status":"Awaiting Construction","technology":"bess"},"type":"Feature"},{"geometry":{"coordinates":[-1.2082465,53.7089515],"type":"Point"},"id":"GG2050-REPD-15082","properties":{"capacity_mw":200.0,"gg_project_id":"GG2050-REPD-15082","name":"Stocking Lane - Battery Energy Facility","operator":"Nel Tiger","repd_ref":"15082","repd_technology":"Battery","status":"Application Submitted","technology":"bess"},"type":"Feature"},{"geometry":{"coordinates":[-0.4388425,51.4088732],"type":"Point"},"id":"GG2050-REPD-15814","properties":{"capacity_mw":200.0,"gg_project_id":"GG2050-REPD-15814","name":"Sunbury Battery Energy Storage System - Battery Energy Storage System","operator":"EcoDev Group Limited","repd_ref":"15814","repd_technology":"Battery","status":"Revised","technology":"bess"},"type":"Feature"},{"geometry":{"coordinates":[-0.4388425,51.4088732],"type":"Point"},"id":"GG2050-REPD-17161","properties":{"capacity_mw":200.0,"gg_project_id":"GG2050-REPD-17161","name":"Sunbury Battery Energy Storage System - Battery Energy Storage System","operator":"EcoDev Group Limited","repd_ref":"17161","repd_technology":"Battery","status":"Awaiting Construction","technology":"bess"},"type":"Feature"},{"geometry":{"coordinates":[-1.4141216,52.4470476],"type":"Point"},"id":"GG2050-REPD-16212","properties":{"capacity_mw":200.0,"gg_project_id":"GG2050-REPD-16212","name":"T Main Road, Ansty - Battery Energy Storage System","operator":"FRV Tyler Hill BESS 1 Ltd","repd_ref":"16212","repd_technology":"Battery","status":"Awaiting Construction","technology":"bess"},"type":"Feature"},{"geometry":{"coordinates":[-0.8170966,53.8971574],"type":"Point"},"id":"GG2050-REPD-18852","properties":{"capacity_mw":200.0,"gg_project_id":"GG2050-REPD-18852","name":"Tara Melbourne Road, Thornton - Battery Energy Storage Facility","operator":"Rewe 9 Limited","repd_ref":"18852","repd_technology":"Battery","status":"Awaiting Construction","technology":"bess"},"type":"Feature"},{"geometry":{"coordinates":[-2.9681498,54.9655235],"type":"Point"},"id":"GG2050-REPD-15599","properties":{"capacity_mw":200.0,"gg_project_id":"GG2050-REPD-15599","name":"Todhills and Westlinton - Harker Battery Energy Storage Facility","operator":"Windel Energy","repd_ref":"15599","repd_technology":"Battery","status":"Awaiting Construction","technology":"bess"},"type":"Feature"},{"geometry":{"coordinates":[0.1886425,52.6664597],"type":"Point"},"id":"GG2050-REPD-15647","properties":{"capacity_mw":200.0,"gg_project_id":"GG2050-REPD-15647","name":"Walsoken, Burrettgate Road - Battery Storage Facility","operator":"Walsoken Limited","repd_ref":"15647","repd_technology":"Battery","status":"Awaiting Construction","technology":"bess"},"type":"Feature"},{"geometry":{"coordinates":[-2.4429922,51.5052067],"type":"Point"},"id":"GG2050-REPD-13607","properties":{"capacity_mw":200.0,"gg_project_id":"GG2050-REPD-13607","name":"Westerleigh Hill, Westerleigh - Battery Energy Storage Facility","operator":"Immersa Limited","repd_ref":"13607","repd_technology":"Battery","status":"Awaiting Construction","technology":"bess"},"type":"Feature"},{"geometry":{"coordinates":[-4.2368841,55.8636303],"type":"Point"},"id":"GG2050-REPD-10466","properties":{"capacity_mw":200.0,"gg_project_id":"GG2050-REPD-10466","name":"Whitehill Energy Storage","operator":"Intelligent Land Investments Group","repd_ref":"10466","repd_technology":"Battery","status":"Awaiting Construction","technology":"bess"},"type":"Feature"},{"geometry":{"coordinates":[-4.3721306,55.9295019],"type":"Point"},"id":"GG2050-REPD-10596","properties":{"capacity_mw":200.0,"gg_project_id":"GG2050-REPD-10596","name":"Windyhill Battery Storage Facility","operator":"Energy GridPower Ltd / Revera Energy","repd_ref":"10596","repd_technology":"Battery","status":"Under Construction","technology":"bess"},"type":"Feature"},{"geometry":{"coordinates":[-2.3638935,57.2178901],"type":"Point"},"id":"GG2050-REPD-17325","properties":{"capacity_mw":200.0,"gg_project_id":"GG2050-REPD-17325","name":"Womblehill Farm, Kintore - Battery Energy Storage System","operator":"RE Projects Development (REPD) / Field","repd_ref":"17325","repd_technology":"Battery","status":"Application Submitted","technology":"bess"},"type":"Feature"},{"geometry":{"coordinates":[-1.2129115,54.6853884],"type":"Point"},"id":"GG2050-REPD-11406","properties":{"capacity_mw":200.0,"gg_project_id":"GG2050-REPD-11406","name":"Worset Lane - Battery Energy Storage System","operator":"Clearstone Energy","repd_ref":"11406","repd_technology":"Battery","status":"Awaiting Construction","technology":"bess"},"type":"Feature"},{"geometry":{"coordinates":[1.1268084,52.3365834],"type":"Point"},"id":"GG2050-REPD-17833","properties":{"capacity_mw":200.0,"gg_project_id":"GG2050-REPD-17833","name":"Yaxley, Eye Airfield Industrial Estate - Battery Storage System","operator":"Field Yaxley Limited","repd_ref":"17833","repd_technology":"Battery","status":"Awaiting Construction","technology":"bess"},"type":"Feature"},{"geometry":{"coordinates":[-1.1096613,53.5668343],"type":"Point"},"id":"GG2050-REPD-14932","properties":{"capacity_mw":180.0,"gg_project_id":"GG2050-REPD-14932","name":"Fordtead Lane, Thorpe Marsh - Battery Energy Facility","operator":"Newton Energi Limited","repd_ref":"14932","repd_technology":"Battery","status":"Awaiting Construction","technology":"bess"},"type":"Feature"},{"geometry":{"coordinates":[-1.8084997,57.5389906],"type":"Point"},"id":"GG2050-REPD-18567","properties":{"capacity_mw":180.0,"gg_project_id":"GG2050-REPD-18567","name":"Salamander Offshore Wind Farm - Battery Storage and Onshore Connection","operator":"Orsted / Simply Blue Group","repd_ref":"18567","repd_technology":"Battery","status":"Awaiting Construction","technology":"bess"},"type":"Feature"},{"geometry":{"coordinates":[-0.2288264,52.0810673],"type":"Point"},"id":"GG2050-REPD-17482","properties":{"capacity_mw":177.0,"gg_project_id":"GG2050-REPD-17482","name":"Dunton Lane - Battery Energy Storage System","operator":"Central Bedfordshire Council","repd_ref":"17482","repd_technology":"Battery","status":"Awaiting Construction","technology":"bess"},"type":"Feature"},{"geometry":{"coordinates":[-0.3390303,51.6559215],"type":"Point"},"id":"GG2050-REPD-17387","properties":{"capacity_mw":170.0,"gg_project_id":"GG2050-REPD-17387","name":"Hilfield Lane, Aldenham - Battery Energy Storage","operator":"Penso Power (BW ESS)","repd_ref":"17387","repd_technology":"Battery","status":"Awaiting Construction","technology":"bess"},"type":"Feature"},{"geometry":{"coordinates":[-2.847856,53.4826548],"type":"Point"},"id":"GG2050-REPD-15191","properties":{"capacity_mw":165.0,"gg_project_id":"GG2050-REPD-15191","name":"Perimeter Road, Kirkby - Battery Energy Storage","operator":"Unknown","repd_ref":"15191","repd_technology":"Battery","status":"Application Submitted","technology":"bess"},"type":"Feature"},{"geometry":{"coordinates":[-3.4802638,58.4701948],"type":"Point"},"id":"GG2050-REPD-18500","properties":{"capacity_mw":162.0,"gg_project_id":"GG2050-REPD-18500","name":"Achies - Battery Energy Storage System","operator":"Sun4net Limited","repd_ref":"18500","repd_technology":"Battery","status":"Application Submitted","technology":"bess"},"type":"Feature"},{"geometry":{"coordinates":[-4.9152857,57.1008835],"type":"Point"},"id":"GG2050-REPD-15423","properties":{"capacity_mw":160.0,"gg_project_id":"GG2050-REPD-15423","name":"Beinneun II Windfarm","operator":"Beinneun 2 Ltd","repd_ref":"15423","repd_technology":"Battery","status":"Application Submitted","technology":"bess"},"type":"Feature"},{"geometry":{"coordinates":[-6.1151675,54.5273256],"type":"Point"},"id":"GG2050-REPD-16478","properties":{"capacity_mw":150.0,"gg_project_id":"GG2050-REPD-16478","name":"Battery Storage System Development in Lisburn","operator":"Lisburn Energy Limited","repd_ref":"16478","repd_technology":"Battery","status":"Awaiting Construction","technology":"bess"},"type":"Feature"},{"geometry":{"coordinates":[-0.9784304,50.8530666],"type":"Point"},"id":"GG2050-REPD-18986","properties":{"capacity_mw":150.0,"gg_project_id":"GG2050-REPD-18986","name":"Bedhampton Pumping Station, Meyrick Road - Battery Energy Storage","operator":"E101 Hub 4 Limited","repd_ref":"18986","repd_technology":"Battery","status":"Application Submitted","technology":"bess"},"type":"Feature"},{"geometry":{"coordinates":[-4.5587982,55.4531625],"type":"Point"},"id":"GG2050-REPD-14545","properties":{"capacity_mw":150.0,"gg_project_id":"GG2050-REPD-14545","name":"Belston Battery Storage","operator":"KX Alpha Ltd","repd_ref":"14545","repd_technology":"Battery","status":"Awaiting Construction","technology":"bess"},"type":"Feature"},{"geometry":{"coordinates":[-2.3083863,55.6662534],"type":"Point"},"id":"GG2050-REPD-16787","properties":{"capacity_mw":150.0,"gg_project_id":"GG2050-REPD-16787","name":"Bishops Dal - Battery Energy Storage System","operator":"Renewable Energy Systems RES Limited (Beaufort)","repd_ref":"16787","repd_technology":"Battery","status":"Application Submitted","technology":"bess"},"type":"Feature"},{"geometry":{"coordinates":[-2.4986402,50.6441515],"type":"Point"},"id":"GG2050-REPD-14034","properties":{"capacity_mw":150.0,"gg_project_id":"GG2050-REPD-14034","name":"Buckland Battery Storage","operator":"REWE 5 Limited (Recurrent Energy and Windel Energy)","repd_ref":"14034","repd_technology":"Battery","status":"Application Refused","technology":"bess"},"type":"Feature"},{"geometry":{"coordinates":[-6.17963,54.7947422],"type":"Point"},"id":"GG2050-REPD-20558","properties":{"capacity_mw":150.0,"gg_project_id":"GG2050-REPD-20558","name":"Carncome, Lislunnan Road - Battery Energy Storage","operator":"Valor Power Limited","repd_ref":"20558","repd_technology":"Battery","status":"Awaiting Construction","technology":"bess"},"type":"Feature"},{"geometry":{"coordinates":[-2.7149383,53.3136815],"type":"Point"},"id":"GG2050-REPD-9763","properties":{"capacity_mw":150.0,"gg_project_id":"GG2050-REPD-9763","name":"Cholmondeley Road - Battery Storage","operator":"P3P Partners LLP","repd_ref":"9763","repd_technology":"Battery","status":"Awaiting Construction","technology":"bess"},"type":"Feature"},{"geometry":{"coordinates":[0.913885,51.338767],"type":"Point"},"id":"GG2050-REPD-7856","properties":{"capacity_mw":150.0,"gg_project_id":"GG2050-REPD-7856","name":"Cleve Hill Solar Project","operator":"Quinbrook Infrastructure Partners","repd_ref":"7856","repd_technology":"Battery","status":"Operational","technology":"bess"},"type":"Feature"},{"geometry":{"coordinates":[-4.2085439,55.8362366],"type":"Point"},"id":"GG2050-REPD-16197","properties":{"capacity_mw":150.0,"gg_project_id":"GG2050-REPD-16197","name":"Downiebrae Road, Rutherglen - Battery Energy Storage System","operator":"Battery Box Limited","repd_ref":"16197","repd_technology":"Battery","status":"Awaiting Construction","technology":"bess"},"type":"Feature"},{"geometry":{"coordinates":[-2.68793,53.3730228],"type":"Point"},"id":"GG2050-REPD-9404","properties":{"capacity_mw":150.0,"gg_project_id":"GG2050-REPD-9404","name":"Fiddlers Ferry Power Station - Battery storage","operator":"SSE Enterprise (SSE PLC)","repd_ref":"9404","repd_technology":"Battery","status":"Under Construction","technology":"bess"},"type":"Feature"},{"geometry":{"coordinates":[-1.2760167,53.7210918],"type":"Point"},"id":"GG2050-REPD-10022","properties":{"capacity_mw":150.0,"gg_project_id":"GG2050-REPD-10022","name":"Kirkhaw Lane - Battery Storage Energy","operator":"SSE Enterprise Contracting","repd_ref":"10022","repd_technology":"Battery","status":"Operational","technology":"bess"},"type":"Feature"},{"geometry":{"coordinates":[-4.4857568,55.8012843],"type":"Point"},"id":"GG2050-REPD-14538","properties":{"capacity_mw":150.0,"gg_project_id":"GG2050-REPD-14538","name":"Neilston - Battery Storage","operator":"Apatura (GPC 1119 Ltd)","repd_ref":"14538","repd_technology":"Battery","status":"Awaiting Construction","technology":"bess"},"type":"Feature"},{"geometry":{"coordinates":[-2.1711489,51.3755772],"type":"Point"},"id":"GG2050-REPD-11612","properties":{"capacity_mw":150.0,"gg_project_id":"GG2050-REPD-11612","name":"Norrington Gate Farm, Broughton Gifford - Battery Energy Storage Facility","operator":"ADV 003 Limited","repd_ref":"11612","repd_technology":"Battery","status":"Awaiting Construction","technology":"bess"},"type":"Feature"},{"geometry":{"coordinates":[-2.0433721,53.4944646],"type":"Point"},"id":"GG2050-REPD-10808","properties":{"capacity_mw":150.0,"gg_project_id":"GG2050-REPD-10808","name":"Printworks Road - Stalybridge Battery Storage","operator":"Zenobe Energy","repd_ref":"10808","repd_technology":"Battery","status":"Awaiting Construction","technology":"bess"},"type":"Feature"},{"geometry":{"coordinates":[0.5374818,51.6009304],"type":"Point"},"id":"GG2050-REPD-18649","properties":{"capacity_mw":150.0,"gg_project_id":"GG2050-REPD-18649","name":"Rayleigh Spur Roundabout, Benfleet - Battery Energy Storage System","operator":"Renewable Energy Systems RES ltd (Beaufort)","repd_ref":"18649","repd_technology":"Battery","status":"Application Submitted","technology":"bess"},"type":"Feature"},{"geometry":{"coordinates":[-3.3096109,55.9008057],"type":"Point"},"id":"GG2050-REPD-16656","properties":{"capacity_mw":150.0,"gg_project_id":"GG2050-REPD-16656","name":"Riccarton Mains Road - Battery Energy Storage","operator":"Miller Developments","repd_ref":"16656","repd_technology":"Battery","status":"Application Submitted","technology":"bess"},"type":"Feature"},{"geometry":{"coordinates":[-2.9413485,50.7778289],"type":"Point"},"id":"GG2050-REPD-15850","properties":{"capacity_mw":150.0,"gg_project_id":"GG2050-REPD-15850","name":"Stammery Hill - Battery Energy Storage System","operator":"Clearstone Energy","repd_ref":"15850","repd_technology":"Battery","status":"Application Refused","technology":"bess"},"type":"Feature"},{"geometry":{"coordinates":[-0.8194028,53.3653505],"type":"Point"},"id":"GG2050-REPD-15253","properties":{"capacity_mw":150.0,"gg_project_id":"GG2050-REPD-15253","name":"Steeple Renewables Project","operator":"Renewable Energy Systems RES Limited (Beaufort)","repd_ref":"15253","repd_technology":"Battery","status":"Application Submitted","technology":"bess"},"type":"Feature"},{"geometry":{"coordinates":[0.3838149,51.4577261],"type":"Point"},"id":"GG2050-REPD-7696","properties":{"capacity_mw":150.0,"gg_project_id":"GG2050-REPD-7696","name":"Thurrock Flexible Generation Plant","operator":"Thurrock Power","repd_ref":"7696","repd_technology":"Battery","status":"Operational","technology":"bess"},"type":"Feature"},{"geometry":{"coordinates":[-1.1295565,54.5727051],"type":"Point"},"id":"GG2050-REPD-14729","properties":{"capacity_mw":150.0,"gg_project_id":"GG2050-REPD-14729","name":"Wilton International, Greystones Road - Phase 1","operator":"Sembcorp Utilities (UK) Limited","repd_ref":"14729","repd_technology":"Battery","status":"Awaiting Construction","technology":"bess"},"type":"Feature"},{"geometry":{"coordinates":[-1.4830081,51.767525],"type":"Point"},"id":"GG2050-REPD-18593","properties":{"capacity_mw":150.0,"gg_project_id":"GG2050-REPD-18593","name":"Witney Bypass, Stanton Harcourt Road - Battery Storage","operator":"Voltwise Power Holdings Limited","repd_ref":"18593","repd_technology":"Battery","status":"Application Submitted","technology":"bess"},"type":"Feature"},{"geometry":{"coordinates":[-7.2515464,55.0342336],"type":"Point"},"id":"GG2050-REPD-15151","properties":{"capacity_mw":140.0,"gg_project_id":"GG2050-REPD-15151","name":"Coolkeeragh - Battery Storage","operator":"Coolkeeragh BES Ltd","repd_ref":"15151","repd_technology":"Battery","status":"Awaiting Construction","technology":"bess"},"type":"Feature"},{"geometry":{"coordinates":[-7.2515464,55.0342336],"type":"Point"},"id":"GG2050-REPD-17882","properties":{"capacity_mw":140.0,"gg_project_id":"GG2050-REPD-17882","name":"Maydown Road - Battery Energy Storage System","operator":"Electric Land","repd_ref":"17882","repd_technology":"Battery","status":"Application Submitted","technology":"bess"},"type":"Feature"},{"geometry":{"coordinates":[-2.6398454,55.8739508],"type":"Point"},"id":"GG2050-REPD-15383","properties":{"capacity_mw":136.0,"gg_project_id":"GG2050-REPD-15383","name":"Newlands Hill Wind Energy Hub","operator":"Belltown Power Limited","repd_ref":"15383","repd_technology":"Battery","status":"Application Submitted","technology":"bess"},"type":"Feature"},{"geometry":{"coordinates":[-0.339722,53.7671865],"type":"Point"},"id":"GG2050-REPD-14225","properties":{"capacity_mw":130.0,"gg_project_id":"GG2050-REPD-14225","name":"Clough Road - Battery Energy System","operator":"GAM Capital Limited","repd_ref":"14225","repd_technology":"Battery","status":"Awaiting Construction","technology":"bess"},"type":"Feature"},{"geometry":{"coordinates":[0.4287023,50.8743365],"type":"Point"},"id":"GG2050-REPD-19142","properties":{"capacity_mw":130.0,"gg_project_id":"GG2050-REPD-19142","name":"Pashley Farm, Ninfield Road - Battery Energy Storage System","operator":"Elgin Energy Esco Limited","repd_ref":"19142","repd_technology":"Battery","status":"Application Submitted","technology":"bess"},"type":"Feature"},{"geometry":{"coordinates":[-1.2520903,52.9273607],"type":"Point"},"id":"GG2050-REPD-12698","properties":{"capacity_mw":130.0,"gg_project_id":"GG2050-REPD-12698","name":"Southfields Farm, Common Lane - Battery Storage","operator":"Toton Battery Storage Limited","repd_ref":"12698","repd_technology":"Battery","status":"Awaiting Construction","technology":"bess"},"type":"Feature"},{"geometry":{"coordinates":[1.2781528,52.5659472],"type":"Point"},"id":"GG2050-REPD-10390","properties":{"capacity_mw":130.0,"gg_project_id":"GG2050-REPD-10390","name":"Stoke Lane - Battery Energy Storage","operator":"FPC Electric Land Limited","repd_ref":"10390","repd_technology":"Battery","status":"Awaiting Construction","technology":"bess"},"type":"Feature"},{"geometry":{"coordinates":[-0.693977,51.6113996],"type":"Point"},"id":"GG2050-REPD-15544","properties":{"capacity_mw":126.0,"gg_project_id":"GG2050-REPD-15544","name":"Derehams Farm, Derehams Lane - Battery Storage","operator":"Newton Energi Limited","repd_ref":"15544","repd_technology":"Battery","status":"Application Submitted","technology":"bess"},"type":"Feature"},{"geometry":{"coordinates":[-3.3950478,50.7708194],"type":"Point"},"id":"GG2050-REPD-17747","properties":{"capacity_mw":125.0,"gg_project_id":"GG2050-REPD-17747","name":"Exeter Substation, Broadclyst - Battery Energy Storage","operator":"Island Green Power","repd_ref":"17747","repd_technology":"Battery","status":"Awaiting Construction","technology":"bess"},"type":"Feature"},{"geometry":{"coordinates":[-0.2041506,53.5789706],"type":"Point"},"id":"GG2050-REPD-17509","properties":{"capacity_mw":125.0,"gg_project_id":"GG2050-REPD-17509","name":"Stallingborough Road - Battery Storage","operator":"Island Green Power","repd_ref":"17509","repd_technology":"Battery","status":"Application Submitted","technology":"bess"},"type":"Feature"},{"geometry":{"coordinates":[-1.0626693,50.8540162],"type":"Point"},"id":"GG2050-REPD-19510","properties":{"capacity_mw":120.0,"gg_project_id":"GG2050-REPD-19510","name":"Fort Widley, Portsdown Hill Road - Battery Energy Storage System","operator":"Voltwise Power Holdings Limited","repd_ref":"19510","repd_technology":"Battery","status":"Application Submitted","technology":"bess"},"type":"Feature"},{"geometry":{"coordinates":[-0.8221186,53.3829421],"type":"Point"},"id":"GG2050-REPD-9816","properties":{"capacity_mw":120.0,"gg_project_id":"GG2050-REPD-9816","name":"Gainsborough Road, Saundby - Battery Storage Facility","operator":"Enso Energy / Cero Generation","repd_ref":"9816","repd_technology":"Battery","status":"Under Construction","technology":"bess"},"type":"Feature"},{"geometry":{"coordinates":[-6.4110121,57.3541845],"type":"Point"},"id":"GG2050-REPD-14534","properties":{"capacity_mw":120.0,"gg_project_id":"GG2050-REPD-14534","name":"Glen Ullinish II - Wind Farm","operator":"Muirhall Energy Limited","repd_ref":"14534","repd_technology":"Battery","status":"Application Submitted","technology":"bess"},"type":"Feature"},{"geometry":{"coordinates":[1.203154,52.4917186],"type":"Point"},"id":"GG2050-REPD-16537","properties":{"capacity_mw":120.0,"gg_project_id":"GG2050-REPD-16537","name":"Hill Farm, Wacton Road - Battery Energy Storage System","operator":"Green Switch Capital Limited","repd_ref":"16537","repd_technology":"Battery","status":"Awaiting Construction","technology":"bess"},"type":"Feature"},{"geometry":{"coordinates":[0.7447959,51.3667506],"type":"Point"},"id":"GG2050-REPD-13489","properties":{"capacity_mw":120.0,"gg_project_id":"GG2050-REPD-13489","name":"Kemsley Energy Park Battery Storage","operator":"FPC Electric Land limited","repd_ref":"13489","repd_technology":"Battery","status":"Awaiting Construction","technology":"bess"},"type":"Feature"},{"geometry":{"coordinates":[-2.9222721,50.7879453],"type":"Point"},"id":"GG2050-REPD-12360","properties":{"capacity_mw":120.0,"gg_project_id":"GG2050-REPD-12360","name":"Pound Road, Hawkchurch - Battery Energy Storage","operator":"Enso Green Holdings B Limited","repd_ref":"12360","repd_technology":"Battery","status":"Application Refused","technology":"bess"},"type":"Feature"},{"geometry":{"coordinates":[-2.9204819,50.7943084],"type":"Point"},"id":"GG2050-REPD-14016","properties":{"capacity_mw":120.0,"gg_project_id":"GG2050-REPD-14016","name":"Pound Road, Hawkchurch - Battery Energy Storage System","operator":"Enso Energy Limited","repd_ref":"14016","repd_technology":"Battery","status":"Application Refused","technology":"bess"},"type":"Feature"},{"geometry":{"coordinates":[-2.9602466,51.5451998],"type":"Point"},"id":"GG2050-REPD-15263","properties":{"capacity_mw":120.0,"gg_project_id":"GG2050-REPD-15263","name":"Uskmouth Power Station, West Nash Road - Battery Storage Facility","operator":"AW1 Energy Storage Limited","repd_ref":"15263","repd_technology":"Battery","status":"Under Construction","technology":"bess"},"type":"Feature"},{"geometry":{"coordinates":[-1.0916319,51.3354156],"type":"Point"},"id":"GG2050-REPD-14169","properties":{"capacity_mw":115.0,"gg_project_id":"GG2050-REPD-14169","name":"Frog Lane, Little London - Battery Energy Storage","operator":"British Solar Renewables","repd_ref":"14169","repd_technology":"Battery","status":"Application Refused","technology":"bess"},"type":"Feature"},{"geometry":{"coordinates":[1.275689,52.5734801],"type":"Point"},"id":"GG2050-REPD-13560","properties":{"capacity_mw":114.0,"gg_project_id":"GG2050-REPD-13560","name":"Hickling Lane, Swainsthorpe -Battery Storage","operator":"EDF Energy Renewables","repd_ref":"13560","repd_technology":"Battery","status":"Awaiting Construction","technology":"bess"},"type":"Feature"},{"geometry":{"coordinates":[-3.5131303,53.2693317],"type":"Point"},"id":"GG2050-REPD-17949","properties":{"capacity_mw":110.0,"gg_project_id":"GG2050-REPD-17949","name":"Bodelwyddan, Abergele Road - Solar Farm & Battery Storage","operator":"Stantec","repd_ref":"17949","repd_technology":"Battery","status":"Application Submitted","technology":"bess"},"type":"Feature"},{"geometry":{"coordinates":[-5.6056332,55.4239005],"type":"Point"},"id":"GG2050-REPD-13570","properties":{"capacity_mw":108.6,"gg_project_id":"GG2050-REPD-13570","name":"Cnoc Buidhe Windfarm","operator":"Belltown Power Limited","repd_ref":"13570","repd_technology":"Battery","status":"Application Submitted","technology":"bess"},"type":"Feature"},{"geometry":{"coordinates":[-3.8262536,55.5334065],"type":"Point"},"id":"GG2050-REPD-14532","properties":{"capacity_mw":106.0,"gg_project_id":"GG2050-REPD-14532","name":"Bodinglee Wind Farm","operator":"Banks Group","repd_ref":"14532","repd_technology":"Battery","status":"Application Submitted","technology":"bess"},"type":"Feature"},{"geometry":{"coordinates":[-2.0076091,57.4160205],"type":"Point"},"id":"GG2050-REPD-13001","properties":{"capacity_mw":105.0,"gg_project_id":"GG2050-REPD-13001","name":"Kinmuck Battery Energy Storage","operator":"Kinmuck Energy Storage Limited / Island Green Power","repd_ref":"13001","repd_technology":"Battery","status":"Awaiting Construction","technology":"bess"},"type":"Feature"},{"geometry":{"coordinates":[-4.4873812,58.1001646],"type":"Point"},"id":"GG2050-REPD-12029","properties":{"capacity_mw":105.0,"gg_project_id":"GG2050-REPD-12029","name":"Shinness Wind Farm","operator":"Shinness Wind Farm Limited","repd_ref":"12029","repd_technology":"Battery","status":"Application Submitted","technology":"bess"},"type":"Feature"},{"geometry":{"coordinates":[0.260204,51.4400123],"type":"Point"},"id":"GG2050-REPD-18279","properties":{"capacity_mw":104.0,"gg_project_id":"GG2050-REPD-18279","name":"Bean Lane - Battery Energy Storage Facility","operator":"Anglo Es Bean Lane Limited","repd_ref":"18279","repd_technology":"Battery","status":"Application Withdrawn","technology":"bess"},"type":"Feature"},{"geometry":{"coordinates":[-2.9619769,55.9675025],"type":"Point"},"id":"GG2050-REPD-17556","properties":{"capacity_mw":102.0,"gg_project_id":"GG2050-REPD-17556","name":"Cockenzie Battery Storage System - Site B","operator":"Gresham House","repd_ref":"17556","repd_technology":"Battery","status":"Awaiting Construction","technology":"bess"},"type":"Feature"},{"geometry":{"coordinates":[0.1045072,51.5169406],"type":"Point"},"id":"GG2050-REPD-16419","properties":{"capacity_mw":100.0,"gg_project_id":"GG2050-REPD-16419","name":"Atcost Road - Battery Storage Facility","operator":"O&G Group Limited","repd_ref":"16419","repd_technology":"Battery","status":"Application Submitted","technology":"bess"},"type":"Feature"},{"geometry":{"coordinates":[-2.9795602,56.5282773],"type":"Point"},"id":"GG2050-REPD-13835","properties":{"capacity_mw":100.0,"gg_project_id":"GG2050-REPD-13835","name":"Balnuith Farm, Tealing - Battery Storage","operator":"Apatura","repd_ref":"13835","repd_technology":"Battery","status":"Awaiting Construction","technology":"bess"},"type":"Feature"},{"geometry":{"coordinates":[-2.6918662,52.7079997],"type":"Point"},"id":"GG2050-REPD-18366","properties":{"capacity_mw":100.0,"gg_project_id":"GG2050-REPD-18366","name":"Battery Shrewsbury Substation, Uffington - Battery Energy Storage","operator":"Lower 48 Energy BESS Limited","repd_ref":"18366","repd_technology":"Battery","status":"Application Submitted","technology":"bess"},"type":"Feature"},{"geometry":{"coordinates":[0.5737701,51.6386585],"type":"Point"},"id":"GG2050-REPD-9801","properties":{"capacity_mw":100.0,"gg_project_id":"GG2050-REPD-9801","name":"Battlesbridge Bypass, Rettendon - Battery Storage","operator":"Pelagic Energy","repd_ref":"9801","repd_technology":"Battery","status":"Application Refused","technology":"bess"},"type":"Feature"},{"geometry":{"coordinates":[-0.203541,52.9398157],"type":"Point"},"id":"GG2050-REPD-17344","properties":{"capacity_mw":100.0,"gg_project_id":"GG2050-REPD-17344","name":"Bicker Drove - Battery Energy Storage System","operator":"Net Zero Twenty Two Limited","repd_ref":"17344","repd_technology":"Battery","status":"Awaiting Construction","technology":"bess"},"type":"Feature"},{"geometry":{"coordinates":[-0.8730555,51.2466438],"type":"Point"},"id":"GG2050-REPD-16685","properties":{"capacity_mw":100.0,"gg_project_id":"GG2050-REPD-16685","name":"Bowenhurst Farm, Mill Lane - Battery Energy Storage","operator":"Bowenhurst BESS Limited","repd_ref":"16685","repd_technology":"Battery","status":"Application Refused","technology":"bess"},"type":"Feature"},{"geometry":{"coordinates":[-1.8608256,53.810686],"type":"Point"},"id":"GG2050-REPD-12909","properties":{"capacity_mw":100.0,"gg_project_id":"GG2050-REPD-12909","name":"Bradford West, Harrop Lane, Wilsden - Battery Storage","operator":"24 Power Limited","repd_ref":"12909","repd_technology":"Battery","status":"Awaiting Construction","technology":"bess"},"type":"Feature"},{"geometry":{"coordinates":[-4.4038403,55.9190813],"type":"Point"},"id":"GG2050-REPD-11853","properties":{"capacity_mw":100.0,"gg_project_id":"GG2050-REPD-11853","name":"Braidfield Road, Hardgate - Battery Storage Facility","operator":"Intelligent Land Investments Group Plc","repd_ref":"11853","repd_technology":"Battery","status":"Application Submitted","technology":"bess"},"type":"Feature"},{"geometry":{"coordinates":[-2.5190332,52.6379534],"type":"Point"},"id":"GG2050-REPD-18395","properties":{"capacity_mw":100.0,"gg_project_id":"GG2050-REPD-18395","name":"Buildwas - Battery Energy Storage","operator":"Greenfield Energy Developments Limited","repd_ref":"18395","repd_technology":"Battery","status":"Awaiting Construction","technology":"bess"},"type":"Feature"},{"geometry":{"coordinates":[1.0945487,52.0773645],"type":"Point"},"id":"GG2050-REPD-10311","properties":{"capacity_mw":100.0,"gg_project_id":"GG2050-REPD-10311","name":"Bullen Lane - Battery Storage","operator":"Cambridge Power Limited / Pivot Power","repd_ref":"10311","repd_technology":"Battery","status":"Under Construction","technology":"bess"},"type":"Feature"},{"geometry":{"coordinates":[-1.6104871,52.374947],"type":"Point"},"id":"GG2050-REPD-17274","properties":{"capacity_mw":100.0,"gg_project_id":"GG2050-REPD-17274","name":"Burton Green Farm - Battery Energy Storage","operator":"Conrad Energy (Developments) Limited","repd_ref":"17274","repd_technology":"Battery","status":"Awaiting Construction","technology":"bess"},"type":"Feature"},{"geometry":{"coordinates":[-2.9376075,53.2574312],"type":"Point"},"id":"GG2050-REPD-12503","properties":{"capacity_mw":100.0,"gg_project_id":"GG2050-REPD-12503","name":"Capenhurst Lane, Capenhurst - Battery Storage","operator":"Aura Power BESS Limited","repd_ref":"12503","repd_technology":"Battery","status":"Awaiting Construction","technology":"bess"},"type":"Feature"},{"geometry":{"coordinates":[-1.4714692,54.9788716],"type":"Point"},"id":"GG2050-REPD-18066","properties":{"capacity_mw":100.0,"gg_project_id":"GG2050-REPD-18066","name":"Church Bank - Battery Storage System","operator":"AMG Energy","repd_ref":"18066","repd_technology":"Battery","status":"Application Submitted","technology":"bess"},"type":"Feature"},{"geometry":{"coordinates":[-4.0027535,57.3423326],"type":"Point"},"id":"GG2050-REPD-15964","properties":{"capacity_mw":100.0,"gg_project_id":"GG2050-REPD-15964","name":"Clune Wind Farm - Battery Energy Storage","operator":"Renewable Energy Systems","repd_ref":"15964","repd_technology":"Battery","status":"Application Submitted","technology":"bess"},"type":"Feature"},{"geometry":{"coordinates":[-0.3771177,52.242196],"type":"Point"},"id":"GG2050-REPD-12076","properties":{"capacity_mw":100.0,"gg_project_id":"GG2050-REPD-12076","name":"Cobholden Battery Storage","operator":"AGR Renewables","repd_ref":"12076","repd_technology":"Battery","status":"Awaiting Construction","technology":"bess"},"type":"Feature"},{"geometry":{"coordinates":[-3.5781144,55.337835],"type":"Point"},"id":"GG2050-REPD-9127","properties":{"capacity_mw":100.0,"gg_project_id":"GG2050-REPD-9127","name":"Daer Wind Farm","operator":"E.ON Climate & Renewables UK Developments","repd_ref":"9127","repd_technology":"Battery","status":"Application Submitted","technology":"bess"},"type":"Feature"},{"geometry":{"coordinates":[-1.6033769,52.8525879],"type":"Point"},"id":"GG2050-REPD-16378","properties":{"capacity_mw":100.0,"gg_project_id":"GG2050-REPD-16378","name":"Derby Road, Egginton - Battery Storage Facility","operator":"First Way Solar Limited","repd_ref":"16378","repd_technology":"Battery","status":"Awaiting Construction","technology":"bess"},"type":"Feature"},{"geometry":{"coordinates":[-6.7703554,54.5039092],"type":"Point"},"id":"GG2050-REPD-16444","properties":{"capacity_mw":100.0,"gg_project_id":"GG2050-REPD-16444","name":"Derrymeen Battery Energy Storage System","operator":"SSE Renewables","repd_ref":"16444","repd_technology":"Battery","status":"Under Construction","technology":"bess"},"type":"Feature"},{"geometry":{"coordinates":[-4.4607043,57.4690619],"type":"Point"},"id":"GG2050-REPD-16724","properties":{"capacity_mw":100.0,"gg_project_id":"GG2050-REPD-16724","name":"Dunballoch Farm, Dunballoch - Battery Energy Storage","operator":"Field Energy","repd_ref":"16724","repd_technology":"Battery","status":"Application Submitted","technology":"bess"},"type":"Feature"},{"geometry":{"coordinates":[-0.297822,52.2459705],"type":"Point"},"id":"GG2050-REPD-15348","properties":{"capacity_mw":100.0,"gg_project_id":"GG2050-REPD-15348","name":"East Park Energy","operator":"Brockwell Energy","repd_ref":"15348","repd_technology":"Battery","status":"Application Submitted","technology":"bess"},"type":"Feature"},{"geometry":{"coordinates":[-2.0480409,52.4896346],"type":"Point"},"id":"GG2050-REPD-13917","properties":{"capacity_mw":100.0,"gg_project_id":"GG2050-REPD-13917","name":"Edwin Richards Quarry, Portway Road - Battery Storage","operator":"Downing Energy Development Company Limited","repd_ref":"13917","repd_technology":"Battery","status":"Awaiting Construction","technology":"bess"},"type":"Feature"},{"geometry":{"coordinates":[-6.4792902,54.9712837],"type":"Point"},"id":"GG2050-REPD-18463","properties":{"capacity_mw":100.0,"gg_project_id":"GG2050-REPD-18463","name":"Energy Storage System Installation in Rasharkin","operator":"Renewable Energy Systems (RES)","repd_ref":"18463","repd_technology":"Battery","status":"Application Submitted","technology":"bess"},"type":"Feature"},{"geometry":{"coordinates":[-4.6708296,55.6695109],"type":"Point"},"id":"GG2050-REPD-13770","properties":{"capacity_mw":100.0,"gg_project_id":"GG2050-REPD-13770","name":"Flemyland Battery Storage","operator":"Flemyland Battery Storage Limited","repd_ref":"13770","repd_technology":"Battery","status":"Awaiting Construction","technology":"bess"},"type":"Feature"},{"geometry":{"coordinates":[-3.299969,56.1643718],"type":"Point"},"id":"GG2050-REPD-17018","properties":{"capacity_mw":100.0,"gg_project_id":"GG2050-REPD-17018","name":"Former Fife Power Station - Battery Energy Storage System","operator":"Fife Power 1 Ltd","repd_ref":"17018","repd_technology":"Battery","status":"Application Submitted","technology":"bess"},"type":"Feature"},{"geometry":{"coordinates":[-2.7367121,53.3011712],"type":"Point"},"id":"GG2050-REPD-14097","properties":{"capacity_mw":100.0,"gg_project_id":"GG2050-REPD-14097","name":"Frodsham Solar Project & Battery Storage","operator":"Cubico Renewables","repd_ref":"14097","repd_technology":"Battery","status":"Application Submitted","technology":"bess"},"type":"Feature"},{"geometry":{"coordinates":[-4.159135,51.008352],"type":"Point"},"id":"GG2050-REPD-18361","properties":{"capacity_mw":100.0,"gg_project_id":"GG2050-REPD-18361","name":"Gammaton Barton Farm, Alverdiscott - Battery Energy Storage","operator":"Torridge District Council","repd_ref":"18361","repd_technology":"Battery","status":"Awaiting Construction","technology":"bess"},"type":"Feature"},{"geometry":{"coordinates":[-1.2025302,52.8727596],"type":"Point"},"id":"GG2050-REPD-10986","properties":{"capacity_mw":100.0,"gg_project_id":"GG2050-REPD-10986","name":"Gotham - Battery Energy storage","operator":"Net Zero Energy Development Limited","repd_ref":"10986","repd_technology":"Battery","status":"Revised","technology":"bess"},"type":"Feature"},{"geometry":{"coordinates":[-1.2025302,52.8727596],"type":"Point"},"id":"GG2050-REPD-16458","properties":{"capacity_mw":100.0,"gg_project_id":"GG2050-REPD-16458","name":"Gotham - Battery Energy storage","operator":"Net Zero Energy Development Limited","repd_ref":"16458","repd_technology":"Battery","status":"Application Submitted","technology":"bess"},"type":"Feature"},{"geometry":{"coordinates":[-0.9848422,53.7258825],"type":"Point"},"id":"GG2050-REPD-9635","properties":{"capacity_mw":100.0,"gg_project_id":"GG2050-REPD-9635","name":"Hales Lane - Battery Storage Facility","operator":"Aura Power","repd_ref":"9635","repd_technology":"Battery","status":"Awaiting Construction","technology":"bess"},"type":"Feature"},{"geometry":{"coordinates":[-3.2402005,56.5384377],"type":"Point"},"id":"GG2050-REPD-14990","properties":{"capacity_mw":100.0,"gg_project_id":"GG2050-REPD-14990","name":"Hallyburton - Battery Storage","operator":"Balance Power Projects Limited","repd_ref":"14990","repd_technology":"Battery","status":"Awaiting Construction","technology":"bess"},"type":"Feature"},{"geometry":{"coordinates":[-3.560109,55.2640144],"type":"Point"},"id":"GG2050-REPD-7395","properties":{"capacity_mw":100.0,"gg_project_id":"GG2050-REPD-7395","name":"Harestanes Windfarm","operator":"ScottishPower Renewables","repd_ref":"7395","repd_technology":"Battery","status":"Under Construction","technology":"bess"},"type":"Feature"},{"geometry":{"coordinates":[-1.9027541,52.7444731],"type":"Point"},"id":"GG2050-REPD-14925","properties":{"capacity_mw":100.0,"gg_project_id":"GG2050-REPD-14925","name":"Hawkesyard Estate, Rugeley Road - Battery Energy Storage","operator":"GSC Hawkesyard Limited","repd_ref":"14925","repd_technology":"Battery","status":"Application Submitted","technology":"bess"},"type":"Feature"},{"geometry":{"coordinates":[-4.8211776,55.6545039],"type":"Point"},"id":"GG2050-REPD-16174","properties":{"capacity_mw":100.0,"gg_project_id":"GG2050-REPD-16174","name":"High Boydstone Farm - Battery Energy Storage Facility","operator":"New Energy Partnership","repd_ref":"16174","repd_technology":"Battery","status":"Awaiting Construction","technology":"bess"},"type":"Feature"},{"geometry":{"coordinates":[-2.4959471,57.1144194],"type":"Point"},"id":"GG2050-REPD-12026","properties":{"capacity_mw":100.0,"gg_project_id":"GG2050-REPD-12026","name":"Hill of Fare - Hill of Fare Wind Farm & Battery Storage","operator":"RES Limited","repd_ref":"12026","repd_technology":"Battery","status":"Application Submitted","technology":"bess"},"type":"Feature"},{"geometry":{"coordinates":[-2.8522316,54.0386405],"type":"Point"},"id":"GG2050-REPD-11948","properties":{"capacity_mw":100.0,"gg_project_id":"GG2050-REPD-11948","name":"Hillside Farm, Lancaster Road - Battery Storage","operator":"Hamilton March","repd_ref":"11948","repd_technology":"Battery","status":"Revised","technology":"bess"},"type":"Feature"},{"geometry":{"coordinates":[-2.8522316,54.0386405],"type":"Point"},"id":"GG2050-REPD-12964","properties":{"capacity_mw":100.0,"gg_project_id":"GG2050-REPD-12964","name":"Hillside Farm, Lancaster Road - Battery Storage","operator":"Hamilton March","repd_ref":"12964","repd_technology":"Battery","status":"Awaiting Construction","technology":"bess"},"type":"Feature"},{"geometry":{"coordinates":[-2.466985,51.6983022],"type":"Point"},"id":"GG2050-REPD-10142","properties":{"capacity_mw":100.0,"gg_project_id":"GG2050-REPD-10142","name":"Hook Street - Energy Storage Compound","operator":"Immersa","repd_ref":"10142","repd_technology":"Battery","status":"Application Refused","technology":"bess"},"type":"Feature"},{"geometry":{"coordinates":[-4.8555737,55.2349238],"type":"Point"},"id":"GG2050-REPD-9007","properties":{"capacity_mw":100.0,"gg_project_id":"GG2050-REPD-9007","name":"Kilgallioch - Battery energy storage","operator":"Scottish Power Renewables","repd_ref":"9007","repd_technology":"Battery","status":"Awaiting Construction","technology":"bess"},"type":"Feature"},{"geometry":{"coordinates":[-4.6818713,55.6626003],"type":"Point"},"id":"GG2050-REPD-15783","properties":{"capacity_mw":100.0,"gg_project_id":"GG2050-REPD-15783","name":"Kilwinning Battery Storage","operator":"Apatura","repd_ref":"15783","repd_technology":"Battery","status":"Awaiting Construction","technology":"bess"},"type":"Feature"},{"geometry":{"coordinates":[-1.2755595,53.7177094],"type":"Point"},"id":"GG2050-REPD-16047","properties":{"capacity_mw":100.0,"gg_project_id":"GG2050-REPD-16047","name":"Kirkhaw Lane - Battery Storage","operator":"Walker & Son (Hauliers) Limited / Vox Energy Limited","repd_ref":"16047","repd_technology":"Battery","status":"Abandoned","technology":"bess"},"type":"Feature"},{"geometry":{"coordinates":[-1.2758616,53.7212976],"type":"Point"},"id":"GG2050-REPD-9115","properties":{"capacity_mw":100.0,"gg_project_id":"GG2050-REPD-9115","name":"Kirkhaw Lane - Battery Storage Energy","operator":"SSE Enterprise","repd_ref":"9115","repd_technology":"Battery","status":"Revised","technology":"bess"},"type":"Feature"},{"geometry":{"coordinates":[-1.8642056,53.8174219],"type":"Point"},"id":"GG2050-REPD-17416","properties":{"capacity_mw":100.0,"gg_project_id":"GG2050-REPD-17416","name":"Lane Side - Energy Storage","operator":"Net Zero Twenty Three Limited","repd_ref":"17416","repd_technology":"Battery","status":"Awaiting Construction","technology":"bess"},"type":"Feature"},{"geometry":{"coordinates":[-3.4583605,55.9256059],"type":"Point"},"id":"GG2050-REPD-13368","properties":{"capacity_mw":100.0,"gg_project_id":"GG2050-REPD-13368","name":"Learielaw Farm, Learielaw - Battery Energy Storage","operator":"Intelligent Land Investments Group","repd_ref":"13368","repd_technology":"Battery","status":"Awaiting Construction","technology":"bess"},"type":"Feature"},{"geometry":{"coordinates":[-0.2243535,50.9732449],"type":"Point"},"id":"GG2050-REPD-12443","properties":{"capacity_mw":100.0,"gg_project_id":"GG2050-REPD-12443","name":"Libra Energy Stability Project - Battery Energy Storage","operator":"Lightrock Power","repd_ref":"12443","repd_technology":"Battery","status":"Awaiting Construction","technology":"bess"},"type":"Feature"},{"geometry":{"coordinates":[-1.9738192,52.6581736],"type":"Point"},"id":"GG2050-REPD-19451","properties":{"capacity_mw":100.0,"gg_project_id":"GG2050-REPD-19451","name":"Lime Lane, Pelsall - Battery Energy Storage System","operator":"Elgin Energy Esco Limited","repd_ref":"19451","repd_technology":"Battery","status":"Application Refused","technology":"bess"},"type":"Feature"},{"geometry":{"coordinates":[-1.8980048,52.6656302],"type":"Point"},"id":"GG2050-REPD-14418","properties":{"capacity_mw":100.0,"gg_project_id":"GG2050-REPD-14418","name":"Lions Den, Hammerwich - Battery Storage Facility","operator":"Elgin Energy Services Limited","repd_ref":"14418","repd_technology":"Battery","status":"Awaiting Construction","technology":"bess"},"type":"Feature"},{"geometry":{"coordinates":[-1.1711868,51.7118559],"type":"Point"},"id":"GG2050-REPD-17752","properties":{"capacity_mw":100.0,"gg_project_id":"GG2050-REPD-17752","name":"Lower road, Garsington - Energy Storage System","operator":"Net Zero Twenty One Ltd","repd_ref":"17752","repd_technology":"Battery","status":"Application Refused","technology":"bess"},"type":"Feature"},{"geometry":{"coordinates":[-2.9617373,53.771899],"type":"Point"},"id":"GG2050-REPD-18474","properties":{"capacity_mw":100.0,"gg_project_id":"GG2050-REPD-18474","name":"Lowland Farm, Peel Road - Battery Energy Storage Facility","operator":"Max Design Consultancy","repd_ref":"18474","repd_technology":"Battery","status":"Application Submitted","technology":"bess"},"type":"Feature"},{"geometry":{"coordinates":[-1.0668931,51.3314356],"type":"Point"},"id":"GG2050-REPD-8434","properties":{"capacity_mw":100.0,"gg_project_id":"GG2050-REPD-8434","name":"Minchens Lane Battery Storage Facility","operator":"Penso Power (BW ESS)","repd_ref":"8434","repd_technology":"Battery","status":"Operational","technology":"bess"},"type":"Feature"},{"geometry":{"coordinates":[-1.2656984,53.406179],"type":"Point"},"id":"GG2050-REPD-15746","properties":{"capacity_mw":100.0,"gg_project_id":"GG2050-REPD-15746","name":"Moat Lane, Wickersley - Battery Storage Facility","operator":"Newton Energi Limited","repd_ref":"15746","repd_technology":"Battery","status":"Awaiting Construction","technology":"bess"},"type":"Feature"},{"geometry":{"coordinates":[-1.268596,53.4065023],"type":"Point"},"id":"GG2050-REPD-16065","properties":{"capacity_mw":100.0,"gg_project_id":"GG2050-REPD-16065","name":"Moat Lane, Wickersley - Battery Storage Facility","operator":"Harmony Energy Storage","repd_ref":"16065","repd_technology":"Battery","status":"Awaiting Construction","technology":"bess"},"type":"Feature"},{"geometry":{"coordinates":[-1.659909,54.9570604],"type":"Point"},"id":"GG2050-REPD-19439","properties":{"capacity_mw":100.0,"gg_project_id":"GG2050-REPD-19439","name":"Morris Marble Works, Cross Lane - Battery Energy Storage","operator":"Bluefield Renewable Developments Limited","repd_ref":"19439","repd_technology":"Battery","status":"Application Withdrawn","technology":"bess"},"type":"Feature"},{"geometry":{"coordinates":[-7.3232014,54.998183],"type":"Point"},"id":"GG2050-REPD-18508","properties":{"capacity_mw":100.0,"gg_project_id":"GG2050-REPD-18508","name":"Mullaghmeash Road & Feeny - Battery Energy Storage","operator":"Private Developer","repd_ref":"18508","repd_technology":"Battery","status":"Application Submitted","technology":"bess"},"type":"Feature"},{"geometry":{"coordinates":[-0.9712201,53.8944691],"type":"Point"},"id":"GG2050-REPD-14759","properties":{"capacity_mw":100.0,"gg_project_id":"GG2050-REPD-14759","name":"Murton Way - Battery Energy Storage","operator":"First Way Solar Limited","repd_ref":"14759","repd_technology":"Battery","status":"Revised","technology":"bess"},"type":"Feature"},{"geometry":{"coordinates":[-0.9712201,53.8944691],"type":"Point"},"id":"GG2050-REPD-18767","properties":{"capacity_mw":100.0,"gg_project_id":"GG2050-REPD-18767","name":"Murton Way - Battery Energy Storage","operator":"First Way Solar Limited","repd_ref":"18767","repd_technology":"Battery","status":"Awaiting Construction","technology":"bess"},"type":"Feature"},{"geometry":{"coordinates":[-2.9534098,53.2568744],"type":"Point"},"id":"GG2050-REPD-12725","properties":{"capacity_mw":100.0,"gg_project_id":"GG2050-REPD-12725","name":"National Grid Electricity Substation, Capenhurst Lane - Battery Storage","operator":"Zenobe Energy Limited","repd_ref":"12725","repd_technology":"Battery","status":"Operational","technology":"bess"},"type":"Feature"},{"geometry":{"coordinates":[-3.4131245,50.7678228],"type":"Point"},"id":"GG2050-REPD-17484","properties":{"capacity_mw":100.0,"gg_project_id":"GG2050-REPD-17484","name":"National Grid Substation - Battery Energy Storage System","operator":"Penso Power (BW ESS)","repd_ref":"17484","repd_technology":"Battery","status":"Awaiting Construction","technology":"bess"},"type":"Feature"},{"geometry":{"coordinates":[-2.0931761,52.647388],"type":"Point"},"id":"GG2050-REPD-15297","properties":{"capacity_mw":100.0,"gg_project_id":"GG2050-REPD-15297","name":"New Road, Featherstone - Battery Storage","operator":"Chiltern Renewables Hockliffe Limited","repd_ref":"15297","repd_technology":"Battery","status":"Application Withdrawn","technology":"bess"},"type":"Feature"},{"geometry":{"coordinates":[-1.7406184,54.9752496],"type":"Point"},"id":"GG2050-REPD-12729","properties":{"capacity_mw":100.0,"gg_project_id":"GG2050-REPD-12729","name":"Newburn Bridge Road - Battery Storage Facility","operator":"The Renewables Infrastructure Group Limited","repd_ref":"12729","repd_technology":"Battery","status":"Awaiting Construction","technology":"bess"},"type":"Feature"},{"geometry":{"coordinates":[0.220937,52.7196904],"type":"Point"},"id":"GG2050-REPD-9762","properties":{"capacity_mw":100.0,"gg_project_id":"GG2050-REPD-9762","name":"North Walpole, St Peter - Battery Energy Storage","operator":"Roc Noir Limited","repd_ref":"9762","repd_technology":"Battery","status":"Awaiting Construction","technology":"bess"},"type":"Feature"},{"geometry":{"coordinates":[-2.1841374,52.5638472],"type":"Point"},"id":"GG2050-REPD-17884","properties":{"capacity_mw":100.0,"gg_project_id":"GG2050-REPD-17884","name":"Orchard Farm, Langley Road - Battery Energy Storage System","operator":"RE Projects Development Limited","repd_ref":"17884","repd_technology":"Battery","status":"Application Refused","technology":"bess"},"type":"Feature"},{"geometry":{"coordinates":[-1.8663165,53.8079689],"type":"Point"},"id":"GG2050-REPD-19412","properties":{"capacity_mw":100.0,"gg_project_id":"GG2050-REPD-19412","name":"Peat Dykes Farm, Harrop Lane - Battery Energy Storage System","operator":"Brockwell Storage & Solar Limited","repd_ref":"19412","repd_technology":"Battery","status":"Awaiting Construction","technology":"bess"},"type":"Feature"},{"geometry":{"coordinates":[-2.6623997,52.700338],"type":"Point"},"id":"GG2050-REPD-18958","properties":{"capacity_mw":100.0,"gg_project_id":"GG2050-REPD-18958","name":"Pelham Road, Upton Magna - Battery Energy Storage System","operator":"Elgin Energy Esco Limited","repd_ref":"18958","repd_technology":"Battery","status":"Application Submitted","technology":"bess"},"type":"Feature"},{"geometry":{"coordinates":[-0.8909775,51.2371753],"type":"Point"},"id":"GG2050-REPD-10163","properties":{"capacity_mw":100.0,"gg_project_id":"GG2050-REPD-10163","name":"Penn Croft Farm, Crondall - Battery Energy Storage Facility","operator":"Fleet BESS Limited & SSE Energy Solutions Limited","repd_ref":"10163","repd_technology":"Battery","status":"Awaiting Construction","technology":"bess"},"type":"Feature"},{"geometry":{"coordinates":[-2.2084216,52.5736058],"type":"Point"},"id":"GG2050-REPD-14062","properties":{"capacity_mw":100.0,"gg_project_id":"GG2050-REPD-14062","name":"Pool Hall Farm, Lower Penn - Battery Storage","operator":"Elgin Energy Esco Limited","repd_ref":"14062","repd_technology":"Battery","status":"Awaiting Construction","technology":"bess"},"type":"Feature"},{"geometry":{"coordinates":[-5.7817904,54.8168866],"type":"Point"},"id":"GG2050-REPD-20022","properties":{"capacity_mw":100.0,"gg_project_id":"GG2050-REPD-20022","name":"Power Generation Development in Islandmagee","operator":"Heron Storage Limited","repd_ref":"20022","repd_technology":"Battery","status":"Application Submitted","technology":"bess"},"type":"Feature"},{"geometry":{"coordinates":[-3.7499962,51.5833302],"type":"Point"},"id":"GG2050-REPD-18120","properties":{"capacity_mw":100.0,"gg_project_id":"GG2050-REPD-18120","name":"Rhydypandy Road, Morriston - Battery Energy Storage System","operator":"Statkraft UK","repd_ref":"18120","repd_technology":"Battery","status":"Awaiting Construction","technology":"bess"},"type":"Feature"},{"geometry":{"coordinates":[-3.9097295,55.6643512],"type":"Point"},"id":"GG2050-REPD-14194","properties":{"capacity_mw":100.0,"gg_project_id":"GG2050-REPD-14194","name":"Rogerhill Solar and Battery Energy Storage System","operator":"Green Switch Capital Limited","repd_ref":"14194","repd_technology":"Battery","status":"Application Submitted","technology":"bess"},"type":"Feature"},{"geometry":{"coordinates":[-2.2128034,51.013484],"type":"Point"},"id":"GG2050-REPD-10626","properties":{"capacity_mw":100.0,"gg_project_id":"GG2050-REPD-10626","name":"Shaftesbury Energy Park - Battery Storage System","operator":"TagEnergy","repd_ref":"10626","repd_technology":"Battery","status":"Awaiting Construction","technology":"bess"},"type":"Feature"},{"geometry":{"coordinates":[-2.3275426,53.7845949],"type":"Point"},"id":"GG2050-REPD-18480","properties":{"capacity_mw":100.0,"gg_project_id":"GG2050-REPD-18480","name":"Shuttleworth House, Higher Shuttleworth - Battery Energy Storage System","operator":"Renewable Connections Developments Limited","repd_ref":"18480","repd_technology":"Battery","status":"Application Refused","technology":"bess"},"type":"Feature"},{"geometry":{"coordinates":[-7.3796558,54.5366474],"type":"Point"},"id":"GG2050-REPD-18111","properties":{"capacity_mw":100.0,"gg_project_id":"GG2050-REPD-18111","name":"Skreen Road - Battery Energy Storage System","operator":"Renewable Energy Systems Ltd","repd_ref":"18111","repd_technology":"Battery","status":"Application Submitted","technology":"bess"},"type":"Feature"},{"geometry":{"coordinates":[-4.8949641,50.3909041],"type":"Point"},"id":"GG2050-REPD-10058","properties":{"capacity_mw":100.0,"gg_project_id":"GG2050-REPD-10058","name":"St Dennis - Battery Energy Storage","operator":"Renewable Connections Ltd / Pivot Power","repd_ref":"10058","repd_technology":"Battery","status":"Revised","technology":"bess"},"type":"Feature"},{"geometry":{"coordinates":[-2.8338937,51.3352462],"type":"Point"},"id":"GG2050-REPD-19207","properties":{"capacity_mw":100.0,"gg_project_id":"GG2050-REPD-19207","name":"Station Road & Nye Road, Sandford - Battery Energy Storage System","operator":"Aura Power Developments Limited","repd_ref":"19207","repd_technology":"Battery","status":"Application Submitted","technology":"bess"},"type":"Feature"},{"geometry":{"coordinates":[-2.9392264,55.3429613],"type":"Point"},"id":"GG2050-REPD-11442","properties":{"capacity_mw":100.0,"gg_project_id":"GG2050-REPD-11442","name":"Teviot Wind Farm","operator":"Muirhall Energy Limited","repd_ref":"11442","repd_technology":"Battery","status":"Application Submitted","technology":"bess"},"type":"Feature"},{"geometry":{"coordinates":[0.3330552,51.4365342],"type":"Point"},"id":"GG2050-REPD-18128","properties":{"capacity_mw":100.0,"gg_project_id":"GG2050-REPD-18128","name":"Thames Way, Northfleet - Battery Energy Storage","operator":"Speedgreen Limited","repd_ref":"18128","repd_technology":"Battery","status":"Application Submitted","technology":"bess"},"type":"Feature"},{"geometry":{"coordinates":[-2.2530533,53.817249],"type":"Point"},"id":"GG2050-REPD-12767","properties":{"capacity_mw":100.0,"gg_project_id":"GG2050-REPD-12767","name":"The Old Vicarage, Reedley - Battery Storage","operator":"European Energy A/S","repd_ref":"12767","repd_technology":"Battery","status":"Awaiting Construction","technology":"bess"},"type":"Feature"},{"geometry":{"coordinates":[-0.6417044,54.1813385],"type":"Point"},"id":"GG2050-REPD-9691","properties":{"capacity_mw":100.0,"gg_project_id":"GG2050-REPD-9691","name":"Third Energy UK Gas Limited - Battery Energy Storage","operator":"Third Energy","repd_ref":"9691","repd_technology":"Battery","status":"Awaiting Construction","technology":"bess"},"type":"Feature"},{"geometry":{"coordinates":[0.4295032,51.4622648],"type":"Point"},"id":"GG2050-REPD-7048","properties":{"capacity_mw":100.0,"gg_project_id":"GG2050-REPD-7048","name":"Tilbury Energy Centre","operator":"RWE Generation","repd_ref":"7048","repd_technology":"Battery","status":"Abandoned","technology":"bess"},"type":"Feature"},{"geometry":{"coordinates":[-4.1666123,53.1859341],"type":"Point"},"id":"GG2050-REPD-18370","properties":{"capacity_mw":100.0,"gg_project_id":"GG2050-REPD-18370","name":"Tyddyn Forgan, Llanddeiniolen - Energy Storage System","operator":"Firstway Energy / Net Zero Twenty Six Limited","repd_ref":"18370","repd_technology":"Battery","status":"Awaiting Construction","technology":"bess"},"type":"Feature"},{"geometry":{"coordinates":[0.2107077,52.7229657],"type":"Point"},"id":"GG2050-REPD-13639","properties":{"capacity_mw":100.0,"gg_project_id":"GG2050-REPD-13639","name":"Walpole Bank - Battery Energy Storage Facility","operator":"Field Devco Limited","repd_ref":"13639","repd_technology":"Battery","status":"Application Submitted","technology":"bess"},"type":"Feature"},{"geometry":{"coordinates":[0.2046314,52.7252188],"type":"Point"},"id":"GG2050-REPD-10876","properties":{"capacity_mw":100.0,"gg_project_id":"GG2050-REPD-10876","name":"Walpole St Andrew - Battery storage","operator":"Alfred Energy Limited","repd_ref":"10876","repd_technology":"Battery","status":"Awaiting Construction","technology":"bess"},"type":"Feature"},{"geometry":{"coordinates":[0.2091189,52.7252251],"type":"Point"},"id":"GG2050-REPD-12683","properties":{"capacity_mw":100.0,"gg_project_id":"GG2050-REPD-12683","name":"Walpole Sub Station, Walpole Bank - Battery Storage","operator":"Henry Energy Limited","repd_ref":"12683","repd_technology":"Battery","status":"Awaiting Construction","technology":"bess"},"type":"Feature"},{"geometry":{"coordinates":[0.2056118,52.7249847],"type":"Point"},"id":"GG2050-REPD-13045","properties":{"capacity_mw":100.0,"gg_project_id":"GG2050-REPD-13045","name":"Walpole Sub Station, Walpole Bank - Battery Storage","operator":"Henry Energy Limited","repd_ref":"13045","repd_technology":"Battery","status":"Awaiting Construction","technology":"bess"},"type":"Feature"},{"geometry":{"coordinates":[-2.2027498,53.849027],"type":"Point"},"id":"GG2050-REPD-14625","properties":{"capacity_mw":100.0,"gg_project_id":"GG2050-REPD-14625","name":"Walshaw House, Regent Street - Battery Energy Storage","operator":"R B Business Park Limited","repd_ref":"14625","repd_technology":"Battery","status":"Awaiting Construction","technology":"bess"},"type":"Feature"},{"geometry":{"coordinates":[-2.1542068,53.3454867],"type":"Point"},"id":"GG2050-REPD-15902","properties":{"capacity_mw":100.0,"gg_project_id":"GG2050-REPD-15902","name":"Woodford Road - Battery Energy Storage System","operator":"Pegasus Group","repd_ref":"15902","repd_technology":"Battery","status":"Awaiting Construction","technology":"bess"},"type":"Feature"},{"geometry":{"coordinates":[0.5638333,51.5936845],"type":"Point"},"id":"GG2050-REPD-7088","properties":{"capacity_mw":99.98,"gg_project_id":"GG2050-REPD-7088","name":"Dollymans Storage","operator":"Statera Energy / Dollymans Storage","repd_ref":"7088","repd_technology":"Battery","status":"Operational","technology":"bess"},"type":"Feature"},{"geometry":{"coordinates":[-1.5006391,52.8634374],"type":"Point"},"id":"GG2050-REPD-18142","properties":{"capacity_mw":99.9,"gg_project_id":"GG2050-REPD-18142","name":"Arleston Solar & Battery Energy Storage System","operator":"Noventum Power Limited","repd_ref":"18142","repd_technology":"Battery","status":"Application Submitted","technology":"bess"},"type":"Feature"},{"geometry":{"coordinates":[-2.858281,54.0432083],"type":"Point"},"id":"GG2050-REPD-9199","properties":{"capacity_mw":99.9,"gg_project_id":"GG2050-REPD-9199","name":"Bay Gateway - Battery Storage Facility","operator":"Energi Generation","repd_ref":"9199","repd_technology":"Battery","status":"Revised","technology":"bess"},"type":"Feature"},{"geometry":{"coordinates":[-0.3177225,51.6839792],"type":"Point"},"id":"GG2050-REPD-19441","properties":{"capacity_mw":99.9,"gg_project_id":"GG2050-REPD-19441","name":"Butterfly Lane, Elstree BESS - Battery Energy Storage System","operator":"Greenfield Energy Developments Limited","repd_ref":"19441","repd_technology":"Battery","status":"Appeal Lodged","technology":"bess"},"type":"Feature"},{"geometry":{"coordinates":[0.4415851,50.8915431],"type":"Point"},"id":"GG2050-REPD-19474","properties":{"capacity_mw":99.9,"gg_project_id":"GG2050-REPD-19474","name":"Catsfield Christmas Tree Farm, The Stream - Battery Energy Storage System","operator":"Elgin Energy Esco Limited","repd_ref":"19474","repd_technology":"Battery","status":"Application Submitted","technology":"bess"},"type":"Feature"},{"geometry":{"coordinates":[-0.8619681,51.248299],"type":"Point"},"id":"GG2050-REPD-16472","properties":{"capacity_mw":99.9,"gg_project_id":"GG2050-REPD-16472","name":"Crondall Road, Crondall - Fleet Bramley Battery Energy Storage","operator":"Cragside Energy Limited","repd_ref":"16472","repd_technology":"Battery","status":"Awaiting Construction","technology":"bess"},"type":"Feature"},{"geometry":{"coordinates":[0.2322264,51.4325537],"type":"Point"},"id":"GG2050-REPD-18483","properties":{"capacity_mw":99.9,"gg_project_id":"GG2050-REPD-18483","name":"Darenth Road - Battery Energy Storage System","operator":"Net Zero Marine Services Limited","repd_ref":"18483","repd_technology":"Battery","status":"Awaiting Construction","technology":"bess"},"type":"Feature"},{"geometry":{"coordinates":[-2.2224104,52.5591696],"type":"Point"},"id":"GG2050-REPD-19116","properties":{"capacity_mw":99.9,"gg_project_id":"GG2050-REPD-19116","name":"Ebstree Road, Trysull, Seisdon - Battery Energy Storage","operator":"NZED Projectco 3 limited","repd_ref":"19116","repd_technology":"Battery","status":"Awaiting Construction","technology":"bess"},"type":"Feature"},{"geometry":{"coordinates":[-2.282192,53.4196422],"type":"Point"},"id":"GG2050-REPD-12694","properties":{"capacity_mw":99.9,"gg_project_id":"GG2050-REPD-12694","name":"Freshfields, Fairy Lane - Battery Storage","operator":"STOR Power Utilities Limited","repd_ref":"12694","repd_technology":"Battery","status":"Under Construction","technology":"bess"},"type":"Feature"},{"geometry":{"coordinates":[-0.7473008,52.2527823],"type":"Point"},"id":"GG2050-REPD-19050","properties":{"capacity_mw":99.9,"gg_project_id":"GG2050-REPD-19050","name":"Grendon Road, Earls Barton - Battery Energy Storage System","operator":"Greenfield Energy Developments Limited","repd_ref":"19050","repd_technology":"Battery","status":"Awaiting Construction","technology":"bess"},"type":"Feature"},{"geometry":{"coordinates":[-1.3282833,53.1462731],"type":"Point"},"id":"GG2050-REPD-17844","properties":{"capacity_mw":99.9,"gg_project_id":"GG2050-REPD-17844","name":"Hurst Farm, Mansfield Road - Battery Energy Storage System","operator":"Lightsource BP","repd_ref":"17844","repd_technology":"Battery","status":"Awaiting Construction","technology":"bess"},"type":"Feature"},{"geometry":{"coordinates":[-0.9895888,53.7327269],"type":"Point"},"id":"GG2050-REPD-8268","properties":{"capacity_mw":99.9,"gg_project_id":"GG2050-REPD-8268","name":"Lakeside Energy Storage Facility","operator":"Tag Energy UK","repd_ref":"8268","repd_technology":"Battery","status":"Awaiting Construction","technology":"bess"},"type":"Feature"},{"geometry":{"coordinates":[-4.2412829,50.440972],"type":"Point"},"id":"GG2050-REPD-13852","properties":{"capacity_mw":99.9,"gg_project_id":"GG2050-REPD-13852","name":"Landulph Substation, Landulph - Battery Storage","operator":"NZED Projectco 2 Limited","repd_ref":"13852","repd_technology":"Battery","status":"Application Withdrawn","technology":"bess"},"type":"Feature"},{"geometry":{"coordinates":[-2.2886787,51.8702005],"type":"Point"},"id":"GG2050-REPD-13145","properties":{"capacity_mw":99.9,"gg_project_id":"GG2050-REPD-13145","name":"Linton Court Farm, Highnam - Battery storage","operator":"STOR 136 Limited","repd_ref":"13145","repd_technology":"Battery","status":"Awaiting Construction","technology":"bess"},"type":"Feature"},{"geometry":{"coordinates":[-2.4807799,51.5690861],"type":"Point"},"id":"GG2050-REPD-14076","properties":{"capacity_mw":99.9,"gg_project_id":"GG2050-REPD-14076","name":"Lower Larks Farm - Battery storage","operator":"IPP Cero Generation","repd_ref":"14076","repd_technology":"Battery","status":"Awaiting Construction","technology":"bess"},"type":"Feature"},{"geometry":{"coordinates":[-1.4688327,53.6699605],"type":"Point"},"id":"GG2050-REPD-11519","properties":{"capacity_mw":99.9,"gg_project_id":"GG2050-REPD-11519","name":"Neil Fox Way - Battery Storage","operator":"Harmony Energy Limited","repd_ref":"11519","repd_technology":"Battery","status":"Application Submitted","technology":"bess"},"type":"Feature"},{"geometry":{"coordinates":[-1.4688327,53.6699605],"type":"Point"},"id":"GG2050-REPD-19469","properties":{"capacity_mw":99.9,"gg_project_id":"GG2050-REPD-19469","name":"Neil Fox Way - Battery Storage","operator":"Harmony Energy Limited","repd_ref":"19469","repd_technology":"Battery","status":"Application Submitted","technology":"bess"},"type":"Feature"},{"geometry":{"coordinates":[-2.0922842,53.0429763],"type":"Point"},"id":"GG2050-REPD-10233","properties":{"capacity_mw":99.9,"gg_project_id":"GG2050-REPD-10233","name":"Newfields Farm - Battery Energy Storage","operator":"REPD Limited","repd_ref":"10233","repd_technology":"Battery","status":"Revised","technology":"bess"},"type":"Feature"},{"geometry":{"coordinates":[-2.0758857,53.0476443],"type":"Point"},"id":"GG2050-REPD-14342","properties":{"capacity_mw":99.9,"gg_project_id":"GG2050-REPD-14342","name":"Newfields Farm, Rownall Road - Battery Energy Storage","operator":"Newfields Bess Limited","repd_ref":"14342","repd_technology":"Battery","status":"Revised","technology":"bess"},"type":"Feature"},{"geometry":{"coordinates":[-2.0758857,53.0476443],"type":"Point"},"id":"GG2050-REPD-18095","properties":{"capacity_mw":99.9,"gg_project_id":"GG2050-REPD-18095","name":"Newfields Farm, Rownall Road - Battery Energy Storage","operator":"REPD Limited","repd_ref":"18095","repd_technology":"Battery","status":"Awaiting Construction","technology":"bess"},"type":"Feature"},{"geometry":{"coordinates":[-1.8660932,53.8065666],"type":"Point"},"id":"GG2050-REPD-18266","properties":{"capacity_mw":99.9,"gg_project_id":"GG2050-REPD-18266","name":"Old Allen Road, Wilsden - Battery Energy Storage System","operator":"Renewable Connections Developments Limited","repd_ref":"18266","repd_technology":"Battery","status":"Application Submitted","technology":"bess"},"type":"Feature"},{"geometry":{"coordinates":[-2.3298492,53.7980886],"type":"Point"},"id":"GG2050-REPD-13387","properties":{"capacity_mw":99.9,"gg_project_id":"GG2050-REPD-13387","name":"Padiham - Battery Energy Storage","operator":"Energi Generation Limited","repd_ref":"13387","repd_technology":"Battery","status":"Application Refused","technology":"bess"},"type":"Feature"},{"geometry":{"coordinates":[-4.1666123,53.1859341],"type":"Point"},"id":"GG2050-REPD-18711","properties":{"capacity_mw":99.9,"gg_project_id":"GG2050-REPD-18711","name":"Seion, Pentir - Battery Energy Storage System","operator":"Brockwell Storage & Solar Limited","repd_ref":"18711","repd_technology":"Battery","status":"Application Refused","technology":"bess"},"type":"Feature"},{"geometry":{"coordinates":[-1.556153,54.7048077],"type":"Point"},"id":"GG2050-REPD-10489","properties":{"capacity_mw":99.9,"gg_project_id":"GG2050-REPD-10489","name":"South Thinford Lane, Thinford - Energy Storage","operator":"Renewable Energy Systems Limited","repd_ref":"10489","repd_technology":"Battery","status":"Awaiting Construction","technology":"bess"},"type":"Feature"},{"geometry":{"coordinates":[-1.4717774,50.9492154],"type":"Point"},"id":"GG2050-REPD-16191","properties":{"capacity_mw":99.9,"gg_project_id":"GG2050-REPD-16191","name":"Upton Lane, Nursling - Battery Energy Storage","operator":"Masdar Arlington Energy","repd_ref":"16191","repd_technology":"Battery","status":"Awaiting Construction","technology":"bess"},"type":"Feature"},{"geometry":{"coordinates":[-1.2169744,52.8337958],"type":"Point"},"id":"GG2050-REPD-17002","properties":{"capacity_mw":99.9,"gg_project_id":"GG2050-REPD-17002","name":"West Leake Lane, Ratcliffe - Battery Storage","operator":"Renewable Energy Systems RES ltd (Beaufort)","repd_ref":"17002","repd_technology":"Battery","status":"Awaiting Construction","technology":"bess"},"type":"Feature"},{"geometry":{"coordinates":[-2.0362725,52.434647],"type":"Point"},"id":"GG2050-REPD-14064","properties":{"capacity_mw":99.8,"gg_project_id":"GG2050-REPD-14064","name":"Illeybrook Farm - Battery Energy Storage","operator":"Net Zero Eleven Limited","repd_ref":"14064","repd_technology":"Battery","status":"Awaiting Construction","technology":"bess"},"type":"Feature"},{"geometry":{"coordinates":[-4.1528474,51.0129469],"type":"Point"},"id":"GG2050-REPD-20307","properties":{"capacity_mw":99.4,"gg_project_id":"GG2050-REPD-20307","name":"West Webbery Farm, The Water - Battery Energy Storage","operator":"Enray SPV 241491 Limited","repd_ref":"20307","repd_technology":"Battery","status":"Application Submitted","technology":"bess"},"type":"Feature"},{"geometry":{"coordinates":[-2.0969479,53.0408692],"type":"Point"},"id":"GG2050-REPD-16521","properties":{"capacity_mw":99.0,"gg_project_id":"GG2050-REPD-16521","name":"Adj New House Farm, Luzlow Lane - Battery Energy Storage","operator":"YLEM (BESS) South Limited","repd_ref":"16521","repd_technology":"Battery","status":"Application Refused","technology":"bess"},"type":"Feature"},{"geometry":{"coordinates":[-1.343237,50.8962813],"type":"Point"},"id":"GG2050-REPD-13573","properties":{"capacity_mw":99.0,"gg_project_id":"GG2050-REPD-13573","name":"Butts Field, Mill Lane - Battery Storage","operator":"Ecotricity Generation Limited","repd_ref":"13573","repd_technology":"Battery","status":"Awaiting Construction","technology":"bess"},"type":"Feature"},{"geometry":{"coordinates":[-0.8875716,51.9192824],"type":"Point"},"id":"GG2050-REPD-18024","properties":{"capacity_mw":99.0,"gg_project_id":"GG2050-REPD-18024","name":"Hogshaw Road, Granborough - Battery Energy Storage System","operator":"Root Power (South) Limited","repd_ref":"18024","repd_technology":"Battery","status":"Application Withdrawn","technology":"bess"},"type":"Feature"},{"geometry":{"coordinates":[-3.7320288,50.4618839],"type":"Point"},"id":"GG2050-REPD-17261","properties":{"capacity_mw":99.0,"gg_project_id":"GG2050-REPD-17261","name":"Hood Barton, Staverton - Battery Energy Storage System","operator":"Energy Planning","repd_ref":"17261","repd_technology":"Battery","status":"Application Submitted","technology":"bess"},"type":"Feature"},{"geometry":{"coordinates":[-2.4861213,51.5680211],"type":"Point"},"id":"GG2050-REPD-14722","properties":{"capacity_mw":99.0,"gg_project_id":"GG2050-REPD-14722","name":"Iron Acton Substation, Latteridge Lane - Battery Energy Storage System","operator":"Balance Power Projects Limited","repd_ref":"14722","repd_technology":"Battery","status":"Awaiting Construction","technology":"bess"},"type":"Feature"},{"geometry":{"coordinates":[-0.2615889,52.9477455],"type":"Point"},"id":"GG2050-REPD-17585","properties":{"capacity_mw":99.0,"gg_project_id":"GG2050-REPD-17585","name":"Little Hale Drove, Little Hale Fen - Battery Storage","operator":"Root-Power (South) Limited","repd_ref":"17585","repd_technology":"Battery","status":"Awaiting Construction","technology":"bess"},"type":"Feature"},{"geometry":{"coordinates":[-1.2845872,52.8482911],"type":"Point"},"id":"GG2050-REPD-17573","properties":{"capacity_mw":99.0,"gg_project_id":"GG2050-REPD-17573","name":"Remembrance Way - Battery Energy Storage System","operator":"Root Power South Limited","repd_ref":"17573","repd_technology":"Battery","status":"Awaiting Construction","technology":"bess"},"type":"Feature"},{"geometry":{"coordinates":[-0.5057319,53.5410031],"type":"Point"},"id":"GG2050-REPD-9848","properties":{"capacity_mw":99.0,"gg_project_id":"GG2050-REPD-9848","name":"Scawby Brook, Brigg - Battery Storage","operator":"Centrica Plc","repd_ref":"9848","repd_technology":"Battery","status":"Awaiting Construction","technology":"bess"},"type":"Feature"},{"geometry":{"coordinates":[-1.4911889,53.7779426],"type":"Point"},"id":"GG2050-REPD-8914","properties":{"capacity_mw":99.0,"gg_project_id":"GG2050-REPD-8914","name":"Skelton Grange Battery Storage Facility","operator":"Catalyst Capital LLP","repd_ref":"8914","repd_technology":"Battery","status":"Awaiting Construction","technology":"bess"},"type":"Feature"},{"geometry":{"coordinates":[-1.0190782,53.7136107],"type":"Point"},"id":"GG2050-REPD-17577","properties":{"capacity_mw":99.0,"gg_project_id":"GG2050-REPD-17577","name":"Station Road, Carlton - Battery Energy Storage System","operator":"Root Power (North) Limited","repd_ref":"17577","repd_technology":"Battery","status":"Awaiting Construction","technology":"bess"},"type":"Feature"},{"geometry":{"coordinates":[-0.1325542,51.964396],"type":"Point"},"id":"GG2050-REPD-19668","properties":{"capacity_mw":99.0,"gg_project_id":"GG2050-REPD-19668","name":"Westfield Conservation Park - Battery Energy Storage System","operator":"Lightrock Power Limited","repd_ref":"19668","repd_technology":"Battery","status":"Application Submitted","technology":"bess"},"type":"Feature"},{"geometry":{"coordinates":[-0.321034,51.3091812],"type":"Point"},"id":"GG2050-REPD-12919","properties":{"capacity_mw":98.0,"gg_project_id":"GG2050-REPD-12919","name":"Barnett Wood Lane - Battery Storage","operator":"Bluestone Energy","repd_ref":"12919","repd_technology":"Battery","status":"Awaiting Construction","technology":"bess"},"type":"Feature"},{"geometry":{"coordinates":[-1.4609298,52.4550555],"type":"Point"},"id":"GG2050-REPD-19945","properties":{"capacity_mw":98.0,"gg_project_id":"GG2050-REPD-19945","name":"Coventry National Grid Substation, Hawkesbury Hall - Battery Storage","operator":"Bluestone Energy","repd_ref":"19945","repd_technology":"Battery","status":"Application Submitted","technology":"bess"},"type":"Feature"},{"geometry":{"coordinates":[-1.7027128,52.5466993],"type":"Point"},"id":"GG2050-REPD-19010","properties":{"capacity_mw":98.0,"gg_project_id":"GG2050-REPD-19010","name":"Hams Hall, Hams Lane - Battery Energy Storage System","operator":"Eon UK Plc","repd_ref":"19010","repd_technology":"Battery","status":"Awaiting Construction","technology":"bess"},"type":"Feature"},{"geometry":{"coordinates":[-1.7361486,52.4102566],"type":"Point"},"id":"GG2050-REPD-16425","properties":{"capacity_mw":98.0,"gg_project_id":"GG2050-REPD-16425","name":"Henwood Lane, Catherine De Barnes - Battery Storage Facility","operator":"ARL016","repd_ref":"16425","repd_technology":"Battery","status":"Awaiting Construction","technology":"bess"},"type":"Feature"},{"geometry":{"coordinates":[-0.6412304,53.5971918],"type":"Point"},"id":"GG2050-REPD-9608","properties":{"capacity_mw":95.0,"gg_project_id":"GG2050-REPD-9608","name":"Winterton Road - Battery Energy Storage","operator":"Newton Energi Limited","repd_ref":"9608","repd_technology":"Battery","status":"Awaiting Construction","technology":"bess"},"type":"Feature"},{"geometry":{"coordinates":[-3.1455011,51.4987846],"type":"Point"},"id":"GG2050-REPD-15610","properties":{"capacity_mw":93.0,"gg_project_id":"GG2050-REPD-15610","name":"Ipswich Road, Cardiff - Battery Storage","operator":"Green Frog Power 214 Limited","repd_ref":"15610","repd_technology":"Battery","status":"Awaiting Construction","technology":"bess"},"type":"Feature"},{"geometry":{"coordinates":[-1.6262243,52.7685562],"type":"Point"},"id":"GG2050-REPD-16318","properties":{"capacity_mw":90.0,"gg_project_id":"GG2050-REPD-16318","name":"Caldwell Road - Battery Storage","operator":"Aludra Bess Limited / Renewable Energy Systems RES ltd (Beaufort)","repd_ref":"16318","repd_technology":"Battery","status":"Awaiting Construction","technology":"bess"},"type":"Feature"},{"geometry":{"coordinates":[-1.6262243,52.7685562],"type":"Point"},"id":"GG2050-REPD-9507","properties":{"capacity_mw":90.0,"gg_project_id":"GG2050-REPD-9507","name":"Caldwell Road - Battery Storage","operator":"Infrared Capital Partners Limited","repd_ref":"9507","repd_technology":"Battery","status":"Revised","technology":"bess"},"type":"Feature"},{"geometry":{"coordinates":[0.1144138,51.9414977],"type":"Point"},"id":"GG2050-REPD-18668","properties":{"capacity_mw":90.0,"gg_project_id":"GG2050-REPD-18668","name":"Dellows, Ginns Road - Battery Storage","operator":"Grenergy Renewables UK Limited","repd_ref":"18668","repd_technology":"Battery","status":"Application Submitted","technology":"bess"},"type":"Feature"},{"geometry":{"coordinates":[-2.2903602,53.4237483],"type":"Point"},"id":"GG2050-REPD-13459","properties":{"capacity_mw":90.0,"gg_project_id":"GG2050-REPD-13459","name":"Golf Road - Battery Energy Storage","operator":"Cragside Energy Limited","repd_ref":"13459","repd_technology":"Battery","status":"Awaiting Construction","technology":"bess"},"type":"Feature"},{"geometry":{"coordinates":[0.327381,52.2726957],"type":"Point"},"id":"GG2050-REPD-17433","properties":{"capacity_mw":90.0,"gg_project_id":"GG2050-REPD-17433","name":"Land Southwest of Hightown Drove, Burwell - Battery Energy Storage System","operator":"Grenergy Renewables UK Limited","repd_ref":"17433","repd_technology":"Battery","status":"Application Refused","technology":"bess"},"type":"Feature"},{"geometry":{"coordinates":[-0.5944854,53.5969396],"type":"Point"},"id":"GG2050-REPD-7175","properties":{"capacity_mw":90.0,"gg_project_id":"GG2050-REPD-7175","name":"Little Crow Solar Park","operator":"INRG Solar","repd_ref":"7175","repd_technology":"Battery","status":"Awaiting Construction","technology":"bess"},"type":"Feature"},{"geometry":{"coordinates":[-1.7345468,54.9815089],"type":"Point"},"id":"GG2050-REPD-16588","properties":{"capacity_mw":90.0,"gg_project_id":"GG2050-REPD-16588","name":"Newburn BESS - Battery Energy Storage System","operator":"Fig Power","repd_ref":"16588","repd_technology":"Battery","status":"Application Submitted","technology":"bess"},"type":"Feature"},{"geometry":{"coordinates":[-2.8630236,54.072349],"type":"Point"},"id":"GG2050-REPD-16579","properties":{"capacity_mw":90.0,"gg_project_id":"GG2050-REPD-16579","name":"North Side Bay Gateway, Heysham - Battery Energy Storage","operator":"Cragside Energy Limited","repd_ref":"16579","repd_technology":"Battery","status":"Awaiting Construction","technology":"bess"},"type":"Feature"},{"geometry":{"coordinates":[-3.7603215,55.384388],"type":"Point"},"id":"GG2050-REPD-14533","properties":{"capacity_mw":90.0,"gg_project_id":"GG2050-REPD-14533","name":"Rivox Wind Farm - Wind farm","operator":"Belltown Power Limited","repd_ref":"14533","repd_technology":"Battery","status":"Application Submitted","technology":"bess"},"type":"Feature"},{"geometry":{"coordinates":[-2.9668003,51.1279893],"type":"Point"},"id":"GG2050-REPD-15716","properties":{"capacity_mw":90.0,"gg_project_id":"GG2050-REPD-15716","name":"Summerway Drove, East Bower - Battery Storage","operator":"Renewable Connections Developments Limited","repd_ref":"15716","repd_technology":"Battery","status":"Awaiting Construction","technology":"bess"},"type":"Feature"},{"geometry":{"coordinates":[-1.3941721,54.8013966],"type":"Point"},"id":"GG2050-REPD-17574","properties":{"capacity_mw":90.0,"gg_project_id":"GG2050-REPD-17574","name":"Woodlands, Windermere Road - Battery Energy Storage","operator":"Build Studios","repd_ref":"17574","repd_technology":"Battery","status":"Application Submitted","technology":"bess"},"type":"Feature"},{"geometry":{"coordinates":[-7.4911153,54.5782911],"type":"Point"},"id":"GG2050-REPD-17824","properties":{"capacity_mw":87.8,"gg_project_id":"GG2050-REPD-17824","name":"Battery Energy Storage System Development in Drumquin","operator":"Lightsource Renewable Energy Ireland Limited","repd_ref":"17824","repd_technology":"Battery","status":"Application Submitted","technology":"bess"},"type":"Feature"},{"geometry":{"coordinates":[-1.2691294,53.4025865],"type":"Point"},"id":"GG2050-REPD-12789","properties":{"capacity_mw":85.0,"gg_project_id":"GG2050-REPD-12789","name":"Green Lane, Thurcroft - Battery Energy Storage Facility","operator":"Newton Energi Limited","repd_ref":"12789","repd_technology":"Battery","status":"Awaiting Construction","technology":"bess"},"type":"Feature"},{"geometry":{"coordinates":[-1.1184042,52.8465985],"type":"Point"},"id":"GG2050-REPD-16013","properties":{"capacity_mw":85.0,"gg_project_id":"GG2050-REPD-16013","name":"Old Wood Energy Park - Battery Energy Storage","operator":"Exagen","repd_ref":"16013","repd_technology":"Battery","status":"Awaiting Construction","technology":"bess"},"type":"Feature"},{"geometry":{"coordinates":[-2.3030863,53.6679308],"type":"Point"},"id":"GG2050-REPD-17965","properties":{"capacity_mw":85.0,"gg_project_id":"GG2050-REPD-17965","name":"Rochdale Road, Edenfield - Battery Storage","operator":"Cubico Limited","repd_ref":"17965","repd_technology":"Battery","status":"Application Refused","technology":"bess"},"type":"Feature"},{"geometry":{"coordinates":[-7.7407202,54.6481183],"type":"Point"},"id":"GG2050-REPD-17420","properties":{"capacity_mw":82.0,"gg_project_id":"GG2050-REPD-17420","name":"BESS Facility Development in Killeter","operator":"Green Frog Power (Gort BESS) Limited","repd_ref":"17420","repd_technology":"Battery","status":"Application Withdrawn","technology":"bess"},"type":"Feature"},{"geometry":{"coordinates":[-2.4856109,55.907649],"type":"Point"},"id":"GG2050-REPD-7015","properties":{"capacity_mw":80.0,"gg_project_id":"GG2050-REPD-7015","name":"Aikengall II Community Wind Farm Battery","operator":"Community Wind Power","repd_ref":"7015","repd_technology":"Battery","status":"Operational","technology":"bess"},"type":"Feature"},{"geometry":{"coordinates":[-1.0575208,53.7731707],"type":"Point"},"id":"GG2050-REPD-12734","properties":{"capacity_mw":80.0,"gg_project_id":"GG2050-REPD-12734","name":"Barlow Road, Barlow Road - Battery Storage","operator":"Vox Energy Limited","repd_ref":"12734","repd_technology":"Battery","status":"Revised","technology":"bess"},"type":"Feature"},{"geometry":{"coordinates":[-1.0575208,53.7731707],"type":"Point"},"id":"GG2050-REPD-14715","properties":{"capacity_mw":80.0,"gg_project_id":"GG2050-REPD-14715","name":"Barlow Road, Barlow Road - Battery Storage","operator":"Vox Energy Limited","repd_ref":"14715","repd_technology":"Battery","status":"Application Withdrawn","technology":"bess"},"type":"Feature"},{"geometry":{"coordinates":[-2.3593738,55.8919993],"type":"Point"},"id":"GG2050-REPD-17780","properties":{"capacity_mw":80.0,"gg_project_id":"GG2050-REPD-17780","name":"Bowshiel Farm - Battery Energy Storage","operator":"Voltalia UK","repd_ref":"17780","repd_technology":"Battery","status":"Application Submitted","technology":"bess"},"type":"Feature"},{"geometry":{"coordinates":[-0.1721509,53.6106238],"type":"Point"},"id":"GG2050-REPD-17763","properties":{"capacity_mw":80.0,"gg_project_id":"GG2050-REPD-17763","name":"Europa Way - Battery Storage Facility","operator":"Newton Energi Limited","repd_ref":"17763","repd_technology":"Battery","status":"Awaiting Construction","technology":"bess"},"type":"Feature"},{"geometry":{"coordinates":[-1.7571753,53.8033398],"type":"Point"},"id":"GG2050-REPD-15911","properties":{"capacity_mw":80.0,"gg_project_id":"GG2050-REPD-15911","name":"Midland Road - Battery Energy Storage","operator":"Unknown","repd_ref":"15911","repd_technology":"Battery","status":"Awaiting Construction","technology":"bess"},"type":"Feature"},{"geometry":{"coordinates":[-0.1781025,53.6100223],"type":"Point"},"id":"GG2050-REPD-10429","properties":{"capacity_mw":80.0,"gg_project_id":"GG2050-REPD-10429","name":"Netherlands Way - Battery Energy Facility","operator":"Volta Energy Group","repd_ref":"10429","repd_technology":"Battery","status":"Awaiting Construction","technology":"bess"},"type":"Feature"},{"geometry":{"coordinates":[-2.9479502,50.773234],"type":"Point"},"id":"GG2050-REPD-15075","properties":{"capacity_mw":80.0,"gg_project_id":"GG2050-REPD-15075","name":"Newlands Farm, Crewkerne Road - Battery Energy Storage","operator":"Sky UK Development Limited","repd_ref":"15075","repd_technology":"Battery","status":"Application Refused","technology":"bess"},"type":"Feature"},{"geometry":{"coordinates":[-0.806456,53.4059335],"type":"Point"},"id":"GG2050-REPD-14956","properties":{"capacity_mw":80.0,"gg_project_id":"GG2050-REPD-14956","name":"Old Trent Road, Beckingham - Battery Storage Facility","operator":"Recell Energy","repd_ref":"14956","repd_technology":"Battery","status":"Application Withdrawn","technology":"bess"},"type":"Feature"},{"geometry":{"coordinates":[-2.5521358,55.9930846],"type":"Point"},"id":"GG2050-REPD-19017","properties":{"capacity_mw":80.0,"gg_project_id":"GG2050-REPD-19017","name":"Springfield - Solar Farm & Battery Energy Storage","operator":"Voltalia UK Limited","repd_ref":"19017","repd_technology":"Battery","status":"Application Submitted","technology":"bess"},"type":"Feature"},{"geometry":{"coordinates":[-2.8831995,56.5091084],"type":"Point"},"id":"GG2050-REPD-11097","properties":{"capacity_mw":80.0,"gg_project_id":"GG2050-REPD-11097","name":"Tealing Battery Energy Storage Farm","operator":"Sirius EcoDev Limited","repd_ref":"11097","repd_technology":"Battery","status":"Awaiting Construction","technology":"bess"},"type":"Feature"},{"geometry":{"coordinates":[-0.180157,53.6065387],"type":"Point"},"id":"GG2050-REPD-8455","properties":{"capacity_mw":80.0,"gg_project_id":"GG2050-REPD-8455","name":"Trondheim Way Battery energy storage","operator":"Vox Burns Limited","repd_ref":"8455","repd_technology":"Battery","status":"Under Construction","technology":"bess"},"type":"Feature"},{"geometry":{"coordinates":[-4.2412829,50.440972],"type":"Point"},"id":"GG2050-REPD-13687","properties":{"capacity_mw":80.0,"gg_project_id":"GG2050-REPD-13687","name":"West Kingsmill, Landulph - Battery Storage","operator":"Boultbee Brooks Real Estate Hereford Limited","repd_ref":"13687","repd_technology":"Battery","status":"Awaiting Construction","technology":"bess"},"type":"Feature"},{"geometry":{"coordinates":[-0.8685656,52.0181928],"type":"Point"},"id":"GG2050-REPD-7001","properties":{"capacity_mw":79.9,"gg_project_id":"GG2050-REPD-7001","name":"Stony Energy Storage Facility","operator":"Gore Street Energy Storage Fund","repd_ref":"7001","repd_technology":"Battery","status":"Operational","technology":"bess"},"type":"Feature"},{"geometry":{"coordinates":[-6.1620005,54.8004131],"type":"Point"},"id":"GG2050-REPD-16744","properties":{"capacity_mw":79.0,"gg_project_id":"GG2050-REPD-16744","name":"Battery Energy Storage System Development in Ballymena","operator":"Green Frog Power","repd_ref":"16744","repd_technology":"Battery","status":"Awaiting Construction","technology":"bess"},"type":"Feature"},{"geometry":{"coordinates":[-2.1206974,53.4255687],"type":"Point"},"id":"GG2050-REPD-16667","properties":{"capacity_mw":75.0,"gg_project_id":"GG2050-REPD-16667","name":"Ashton Road, Bredbury - Battery Energy Storage","operator":"Cragside Energy Limited","repd_ref":"16667","repd_technology":"Battery","status":"Awaiting Construction","technology":"bess"},"type":"Feature"},{"geometry":{"coordinates":[-1.2639164,54.5994253],"type":"Point"},"id":"GG2050-REPD-13850","properties":{"capacity_mw":75.0,"gg_project_id":"GG2050-REPD-13850","name":"Belasis Avenue - Battery Storage","operator":"Story Construction Limited","repd_ref":"13850","repd_technology":"Battery","status":"Awaiting Construction","technology":"bess"},"type":"Feature"},{"geometry":{"coordinates":[-1.6193033,52.3660934],"type":"Point"},"id":"GG2050-REPD-13695","properties":{"capacity_mw":75.0,"gg_project_id":"GG2050-REPD-13695","name":"Holly Lane Energy Park - Solar Farm & Battery Storage","operator":"Exagen","repd_ref":"13695","repd_technology":"Battery","status":"Awaiting Construction","technology":"bess"},"type":"Feature"},{"geometry":{"coordinates":[-7.1839691,54.9171032],"type":"Point"},"id":"GG2050-REPD-19970","properties":{"capacity_mw":75.0,"gg_project_id":"GG2050-REPD-19970","name":"Power Generation in Development in Claudy","operator":"Ballyarton Energy Limited","repd_ref":"19970","repd_technology":"Battery","status":"Application Submitted","technology":"bess"},"type":"Feature"},{"geometry":{"coordinates":[-5.7778359,54.8475501],"type":"Point"},"id":"GG2050-REPD-14117","properties":{"capacity_mw":75.0,"gg_project_id":"GG2050-REPD-14117","name":"Quarterland Road, Islandmagee - Battery Storage","operator":"Solo Renewables Ltd","repd_ref":"14117","repd_technology":"Battery","status":"Awaiting Construction","technology":"bess"},"type":"Feature"},{"geometry":{"coordinates":[-7.1183457,54.4870605],"type":"Point"},"id":"GG2050-REPD-16899","properties":{"capacity_mw":73.0,"gg_project_id":"GG2050-REPD-16899","name":"Classic Marble Showers, Omagh Road - Battery Energy Storage","operator":"Green Frog Power (Gort BESS) Limited","repd_ref":"16899","repd_technology":"Battery","status":"Awaiting Construction","technology":"bess"},"type":"Feature"},{"geometry":{"coordinates":[-1.5856003,54.9002431],"type":"Point"},"id":"GG2050-REPD-16187","properties":{"capacity_mw":71.0,"gg_project_id":"GG2050-REPD-16187","name":"Mary Avenue, Birtley - Battery Energy Storage","operator":"Fig Power","repd_ref":"16187","repd_technology":"Battery","status":"Application Refused","technology":"bess"},"type":"Feature"},{"geometry":{"coordinates":[-2.1536285,57.179176],"type":"Point"},"id":"GG2050-REPD-14537","properties":{"capacity_mw":70.047,"gg_project_id":"GG2050-REPD-14537","name":"Persley BESS - Battery Storage","operator":"Anesco","repd_ref":"14537","repd_technology":"Battery","status":"Awaiting Construction","technology":"bess"},"type":"Feature"},{"geometry":{"coordinates":[-1.6199944,52.4036655],"type":"Point"},"id":"GG2050-REPD-18680","properties":{"capacity_mw":70.0,"gg_project_id":"GG2050-REPD-18680","name":"Benton Green Lane - Battery Energy Storage System","operator":"Tamara Ettenfield","repd_ref":"18680","repd_technology":"Battery","status":"Application Submitted","technology":"bess"},"type":"Feature"},{"geometry":{"coordinates":[-0.6868263,50.8621918],"type":"Point"},"id":"GG2050-REPD-17294","properties":{"capacity_mw":70.0,"gg_project_id":"GG2050-REPD-17294","name":"Boxgrove Common, Tinwood Lane - Battery Energy Storage System","operator":"Net Zero Fifteen Limited","repd_ref":"17294","repd_technology":"Battery","status":"Awaiting Construction","technology":"bess"},"type":"Feature"},{"geometry":{"coordinates":[-2.3438149,53.796036],"type":"Point"},"id":"GG2050-REPD-16835","properties":{"capacity_mw":70.0,"gg_project_id":"GG2050-REPD-16835","name":"Calder Works, Burnley Road - Battery Energy Storage System","operator":"Sirius EcoDev Limited","repd_ref":"16835","repd_technology":"Battery","status":"Application Withdrawn","technology":"bess"},"type":"Feature"},{"geometry":{"coordinates":[-1.5524328,55.1558641],"type":"Point"},"id":"GG2050-REPD-18250","properties":{"capacity_mw":70.0,"gg_project_id":"GG2050-REPD-18250","name":"High Brockland Farm, Brock Lane - Battery Energy Storage System","operator":"Bluefield Renewable Developments Limited","repd_ref":"18250","repd_technology":"Battery","status":"Awaiting Construction","technology":"bess"},"type":"Feature"},{"geometry":{"coordinates":[-2.0437784,52.4390316],"type":"Point"},"id":"GG2050-REPD-17338","properties":{"capacity_mw":70.0,"gg_project_id":"GG2050-REPD-17338","name":"Illey Lane - Battery Energy Storage","operator":"Grenergy Renewables UK Limited","repd_ref":"17338","repd_technology":"Battery","status":"Awaiting Construction","technology":"bess"},"type":"Feature"},{"geometry":{"coordinates":[-3.7690484,58.5601931],"type":"Point"},"id":"GG2050-REPD-18731","properties":{"capacity_mw":70.0,"gg_project_id":"GG2050-REPD-18731","name":"Limekiln, Borlum House - Battery Energy Storage System","operator":"Boralex","repd_ref":"18731","repd_technology":"Battery","status":"Application Submitted","technology":"bess"},"type":"Feature"},{"geometry":{"coordinates":[-2.1064625,52.6530043],"type":"Point"},"id":"GG2050-REPD-15735","properties":{"capacity_mw":70.0,"gg_project_id":"GG2050-REPD-15735","name":"Oaklands Farm, New Road - Battery Energy Storage","operator":"Conrad Energy (Developments) II Limited","repd_ref":"15735","repd_technology":"Battery","status":"Awaiting Construction","technology":"bess"},"type":"Feature"},{"geometry":{"coordinates":[-2.2903602,53.4237483],"type":"Point"},"id":"GG2050-REPD-13731","properties":{"capacity_mw":70.0,"gg_project_id":"GG2050-REPD-13731","name":"Sale Golf Club, Golf Road - Battery Storage","operator":"247 Power Limited","repd_ref":"13731","repd_technology":"Battery","status":"Awaiting Construction","technology":"bess"},"type":"Feature"},{"geometry":{"coordinates":[-2.6824845,53.5107875],"type":"Point"},"id":"GG2050-REPD-15930","properties":{"capacity_mw":70.0,"gg_project_id":"GG2050-REPD-15930","name":"Sandyforth Farm, Ashton Road - Battery Energy Storage","operator":"UKGEA","repd_ref":"15930","repd_technology":"Battery","status":"Awaiting Construction","technology":"bess"},"type":"Feature"},{"geometry":{"coordinates":[-2.6606409,51.5282617],"type":"Point"},"id":"GG2050-REPD-15027","properties":{"capacity_mw":70.0,"gg_project_id":"GG2050-REPD-15027","name":"Severn Road, Hallen - Battery Storage Facility","operator":"EL Avonmouth Limited","repd_ref":"15027","repd_technology":"Battery","status":"Awaiting Construction","technology":"bess"},"type":"Feature"},{"geometry":{"coordinates":[-1.1688777,60.1691636],"type":"Point"},"id":"GG2050-REPD-12856","properties":{"capacity_mw":70.0,"gg_project_id":"GG2050-REPD-12856","name":"Shetland Battery Energy Storage System","operator":"Zenobe Energy","repd_ref":"12856","repd_technology":"Battery","status":"Under Construction","technology":"bess"},"type":"Feature"},{"geometry":{"coordinates":[-1.9862392,52.9407327],"type":"Point"},"id":"GG2050-REPD-17803","properties":{"capacity_mw":70.0,"gg_project_id":"GG2050-REPD-17803","name":"Tean Leys Farm, Tean Leys - Battery Storage","operator":"Tean Leys Energy Storage Limited","repd_ref":"17803","repd_technology":"Battery","status":"Application Submitted","technology":"bess"},"type":"Feature"},{"geometry":{"coordinates":[-2.7208621,53.5365931],"type":"Point"},"id":"GG2050-REPD-9819","properties":{"capacity_mw":70.0,"gg_project_id":"GG2050-REPD-9819","name":"Tontine Road - Battery Energy Storage System","operator":"Coriolis Energy","repd_ref":"9819","repd_technology":"Battery","status":"Application Submitted","technology":"bess"},"type":"Feature"},{"geometry":{"coordinates":[-2.2141965,53.8045708],"type":"Point"},"id":"GG2050-REPD-9340","properties":{"capacity_mw":70.0,"gg_project_id":"GG2050-REPD-9340","name":"Widow Hill, Balderstone Lane - Battery Energy Storage System","operator":"P3P Partners LLP","repd_ref":"9340","repd_technology":"Battery","status":"Under Construction","technology":"bess"},"type":"Feature"},{"geometry":{"coordinates":[-4.4876182,55.852955],"type":"Point"},"id":"GG2050-REPD-11868","properties":{"capacity_mw":69.0,"gg_project_id":"GG2050-REPD-11868","name":"Middleton Road - Linwood Battery Energy Storage System","operator":"Bluestone Energy Limited","repd_ref":"11868","repd_technology":"Battery","status":"Abandoned","technology":"bess"},"type":"Feature"},{"geometry":{"coordinates":[-0.5014926,52.1792481],"type":"Point"},"id":"GG2050-REPD-9651","properties":{"capacity_mw":69.0,"gg_project_id":"GG2050-REPD-9651","name":"Thurleigh Road - Battery Energy Storage","operator":"Pathfinder Clean Energy UK Dev Limited","repd_ref":"9651","repd_technology":"Battery","status":"Awaiting Construction","technology":"bess"},"type":"Feature"},{"geometry":{"coordinates":[-1.0947313,52.4221995],"type":"Point"},"id":"GG2050-REPD-19219","properties":{"capacity_mw":67.0,"gg_project_id":"GG2050-REPD-19219","name":"Welford Solar Farm - Solar Farm & Battery Storage","operator":"Welford Solar Farm Limited","repd_ref":"19219","repd_technology":"Battery","status":"Awaiting Construction","technology":"bess"},"type":"Feature"},{"geometry":{"coordinates":[-1.7317825,51.6052549],"type":"Point"},"id":"GG2050-REPD-18424","properties":{"capacity_mw":66.0,"gg_project_id":"GG2050-REPD-18424","name":"Queenslaine Farm, Highworth Road - Battery Energy Storage System","operator":"Elgin Energy","repd_ref":"18424","repd_technology":"Battery","status":"Awaiting Construction","technology":"bess"},"type":"Feature"},{"geometry":{"coordinates":[-1.8170001,53.6983218],"type":"Point"},"id":"GG2050-REPD-16909","properties":{"capacity_mw":65.0,"gg_project_id":"GG2050-REPD-16909","name":"Ashday Hall Farm, Ashday Lane - Battery Energy Storage","operator":"Sandbrook Capital Bes Limited","repd_ref":"16909","repd_technology":"Battery","status":"Awaiting Construction","technology":"bess"},"type":"Feature"},{"geometry":{"coordinates":[-4.4236811,57.5971449],"type":"Point"},"id":"GG2050-REPD-17100","properties":{"capacity_mw":65.0,"gg_project_id":"GG2050-REPD-17100","name":"Ceislein Wind Farm","operator":"RWE Renewables UK Limited","repd_ref":"17100","repd_technology":"Battery","status":"Application Submitted","technology":"bess"},"type":"Feature"},{"geometry":{"coordinates":[-2.990629,55.9445698],"type":"Point"},"id":"GG2050-REPD-13618","properties":{"capacity_mw":63.0,"gg_project_id":"GG2050-REPD-13618","name":"Dolphingstone Farm - Battery Energy Storage System","operator":"RNA Energy Limited","repd_ref":"13618","repd_technology":"Battery","status":"Awaiting Construction","technology":"bess"},"type":"Feature"},{"geometry":{"coordinates":[-3.0453765,51.5314969],"type":"Point"},"id":"GG2050-REPD-7192","properties":{"capacity_mw":62.5,"gg_project_id":"GG2050-REPD-7192","name":"Wentlooge Renewable Energy Hub","operator":"Wentlooge Farmers' Solar Scheme","repd_ref":"7192","repd_technology":"Battery","status":"Revised","technology":"bess"},"type":"Feature"},{"geometry":{"coordinates":[-1.484028,50.9433261],"type":"Point"},"id":"GG2050-REPD-19012","properties":{"capacity_mw":62.0,"gg_project_id":"GG2050-REPD-19012","name":"Station Road, Crescent Industrial Estate - Battery Storage Facility","operator":"PJS One Limited","repd_ref":"19012","repd_technology":"Battery","status":"Awaiting Construction","technology":"bess"},"type":"Feature"},{"geometry":{"coordinates":[-4.3693041,55.8081323],"type":"Point"},"id":"GG2050-REPD-12024","properties":{"capacity_mw":60.8,"gg_project_id":"GG2050-REPD-12024","name":"Saturland Farm, Salterland Road - Battery Energy Storage System","operator":"Resources Unlimited LLP","repd_ref":"12024","repd_technology":"Battery","status":"Awaiting Construction","technology":"bess"},"type":"Feature"},{"geometry":{"coordinates":[-4.5015703,55.5983324],"type":"Point"},"id":"GG2050-REPD-11581","properties":{"capacity_mw":60.4,"gg_project_id":"GG2050-REPD-11581","name":"Holmquarry Road - Battery Storage","operator":"Big Battery (Holmquarry Road) Limited","repd_ref":"11581","repd_technology":"Battery","status":"Awaiting Construction","technology":"bess"},"type":"Feature"},{"geometry":{"coordinates":[-3.3753694,50.6636115],"type":"Point"},"id":"GG2050-REPD-12815","properties":{"capacity_mw":60.0,"gg_project_id":"GG2050-REPD-12815","name":"Blackhill Quarry, Woodbury - Battery Energy Storage Facility","operator":"Clinton Devon Estates","repd_ref":"12815","repd_technology":"Battery","status":"Awaiting Construction","technology":"bess"},"type":"Feature"},{"geometry":{"coordinates":[-1.3617013,52.423393],"type":"Point"},"id":"GG2050-REPD-16585","properties":{"capacity_mw":60.0,"gg_project_id":"GG2050-REPD-16585","name":"Bungalow Farm, Smeaton Lane - Battery Energy Storage","operator":"Integrum Renewable Energy Limited","repd_ref":"16585","repd_technology":"Battery","status":"Application Submitted","technology":"bess"},"type":"Feature"},{"geometry":{"coordinates":[-1.361642,52.4234286],"type":"Point"},"id":"GG2050-REPD-18124","properties":{"capacity_mw":60.0,"gg_project_id":"GG2050-REPD-18124","name":"Bungalow Farm, Smeaton Lane - Battery Energy Storage System","operator":"Integrum Renewable Energy Limited","repd_ref":"18124","repd_technology":"Battery","status":"Application Submitted","technology":"bess"},"type":"Feature"},{"geometry":{"coordinates":[-2.2004503,52.550264],"type":"Point"},"id":"GG2050-REPD-17623","properties":{"capacity_mw":60.0,"gg_project_id":"GG2050-REPD-17623","name":"Canalside - Battery Storage System","operator":"Greenfield Energy Developments Limited / Renewable Power Capital","repd_ref":"17623","repd_technology":"Battery","status":"Awaiting Construction","technology":"bess"},"type":"Feature"},{"geometry":{"coordinates":[-2.4925959,50.6314793],"type":"Point"},"id":"GG2050-REPD-12967","properties":{"capacity_mw":60.0,"gg_project_id":"GG2050-REPD-12967","name":"Coldharbour, Chickerell - Battery Storage Facility","operator":"23 Energy","repd_ref":"12967","repd_technology":"Battery","status":"Application Refused","technology":"bess"},"type":"Feature"},{"geometry":{"coordinates":[-2.1925069,55.0217775],"type":"Point"},"id":"GG2050-REPD-18692","properties":{"capacity_mw":60.0,"gg_project_id":"GG2050-REPD-18692","name":"Fourstones -Battery Energy Storage","operator":"Mespil Solar Energy","repd_ref":"18692","repd_technology":"Battery","status":"Application Submitted","technology":"bess"},"type":"Feature"},{"geometry":{"coordinates":[-1.1295565,54.5727051],"type":"Point"},"id":"GG2050-REPD-10081","properties":{"capacity_mw":60.0,"gg_project_id":"GG2050-REPD-10081","name":"Greystones Road, Grangetown - Battery Energy Storage System","operator":"Sembcorp Utilities UK Limited","repd_ref":"10081","repd_technology":"Battery","status":"Awaiting Construction","technology":"bess"},"type":"Feature"},{"geometry":{"coordinates":[-4.4810107,55.5708955],"type":"Point"},"id":"GG2050-REPD-13323","properties":{"capacity_mw":60.0,"gg_project_id":"GG2050-REPD-13323","name":"Inchbean Farm, Treeswoodhead Road - Battery Energy Storage System","operator":"RNA Energy Limited","repd_ref":"13323","repd_technology":"Battery","status":"Awaiting Construction","technology":"bess"},"type":"Feature"},{"geometry":{"coordinates":[-2.4242091,53.7473777],"type":"Point"},"id":"GG2050-REPD-16758","properties":{"capacity_mw":60.0,"gg_project_id":"GG2050-REPD-16758","name":"Knuzden Moss Farm, Oswaldtwistle - Battery Energy Storage System","operator":"Root Power (North) Limited","repd_ref":"16758","repd_technology":"Battery","status":"Awaiting Construction","technology":"bess"},"type":"Feature"},{"geometry":{"coordinates":[-2.3461498,55.7769306],"type":"Point"},"id":"GG2050-REPD-11865","properties":{"capacity_mw":60.0,"gg_project_id":"GG2050-REPD-11865","name":"Lees Hill Energy Park","operator":"Fred Olsen Renewables Limited","repd_ref":"11865","repd_technology":"Battery","status":"Application Submitted","technology":"bess"},"type":"Feature"},{"geometry":{"coordinates":[-1.4346936,50.9762708],"type":"Point"},"id":"GG2050-REPD-12691","properties":{"capacity_mw":60.0,"gg_project_id":"GG2050-REPD-12691","name":"Misslebrook Farm, Botley Road - Battery Storage","operator":"Boom Developments Limited","repd_ref":"12691","repd_technology":"Battery","status":"Awaiting Construction","technology":"bess"},"type":"Feature"},{"geometry":{"coordinates":[-0.533044,51.5742594],"type":"Point"},"id":"GG2050-REPD-18701","properties":{"capacity_mw":60.0,"gg_project_id":"GG2050-REPD-18701","name":"Pinstone Farm, Oxford Road - Battery Energy Storage System","operator":"Voltwise Power Holdings Limited","repd_ref":"18701","repd_technology":"Battery","status":"Application Submitted","technology":"bess"},"type":"Feature"},{"geometry":{"coordinates":[-1.5889893,53.8059557],"type":"Point"},"id":"GG2050-REPD-12224","properties":{"capacity_mw":60.0,"gg_project_id":"GG2050-REPD-12224","name":"Redcote Lane, Armley - Battery Storage Facility","operator":"Cambridge Power Limited","repd_ref":"12224","repd_technology":"Battery","status":"Awaiting Construction","technology":"bess"},"type":"Feature"},{"geometry":{"coordinates":[-3.2070435,56.206152],"type":"Point"},"id":"GG2050-REPD-16676","properties":{"capacity_mw":60.0,"gg_project_id":"GG2050-REPD-16676","name":"Roaring Hill, Whinnyknowe - Battery Energy Storage System","operator":"ELM Power Limited","repd_ref":"16676","repd_technology":"Battery","status":"Application Submitted","technology":"bess"},"type":"Feature"},{"geometry":{"coordinates":[-2.2899797,51.2528751],"type":"Point"},"id":"GG2050-REPD-18878","properties":{"capacity_mw":60.0,"gg_project_id":"GG2050-REPD-18878","name":"St Georges Cross Farm, Berkley Lane - Battery Energy Storage","operator":"Integrum SPV 23101 Limited","repd_ref":"18878","repd_technology":"Battery","status":"Application Refused","technology":"bess"},"type":"Feature"},{"geometry":{"coordinates":[-2.540059,52.3264888],"type":"Point"},"id":"GG2050-REPD-17849","properties":{"capacity_mw":60.0,"gg_project_id":"GG2050-REPD-17849","name":"The Waddings, Knighton-On-Teme - Battery Energy Storage System","operator":"Integrum SPV 22298 Limited","repd_ref":"17849","repd_technology":"Battery","status":"Application Submitted","technology":"bess"},"type":"Feature"},{"geometry":{"coordinates":[-1.4673726,54.9389364],"type":"Point"},"id":"GG2050-REPD-14408","properties":{"capacity_mw":60.0,"gg_project_id":"GG2050-REPD-14408","name":"West Boldon Substation - Battery Energy Storage","operator":"Whirlwind Energy Storage Limited","repd_ref":"14408","repd_technology":"Battery","status":"Awaiting Construction","technology":"bess"},"type":"Feature"},{"geometry":{"coordinates":[-1.0870497,51.3391836],"type":"Point"},"id":"GG2050-REPD-11090","properties":{"capacity_mw":57.0,"gg_project_id":"GG2050-REPD-11090","name":"Ash Lane, Little London - Battery Storage","operator":"Bramley BESS Limited","repd_ref":"11090","repd_technology":"Battery","status":"Awaiting Construction","technology":"bess"},"type":"Feature"},{"geometry":{"coordinates":[-1.6216573,52.3913993],"type":"Point"},"id":"GG2050-REPD-13297","properties":{"capacity_mw":57.0,"gg_project_id":"GG2050-REPD-13297","name":"Beechwood Farm, Hodgetts Lane - Battery Storage","operator":"Enso Energy Limited","repd_ref":"13297","repd_technology":"Battery","status":"Awaiting Construction","technology":"bess"},"type":"Feature"},{"geometry":{"coordinates":[-1.6216573,52.3913993],"type":"Point"},"id":"GG2050-REPD-16855","properties":{"capacity_mw":57.0,"gg_project_id":"GG2050-REPD-16855","name":"Beechwood Farm, Hodgetts Lane - Battery Storage","operator":"Enso Energy Limited","repd_ref":"16855","repd_technology":"Battery","status":"Application Submitted","technology":"bess"},"type":"Feature"},{"geometry":{"coordinates":[0.573744,51.8756385],"type":"Point"},"id":"GG2050-REPD-11995","properties":{"capacity_mw":57.0,"gg_project_id":"GG2050-REPD-11995","name":"Braintree Road, Cressing - Battery Storage","operator":"Pivot Power (EDF Renewables)","repd_ref":"11995","repd_technology":"Battery","status":"Under Construction","technology":"bess"},"type":"Feature"},{"geometry":{"coordinates":[1.0650469,52.0728566],"type":"Point"},"id":"GG2050-REPD-7479","properties":{"capacity_mw":57.0,"gg_project_id":"GG2050-REPD-7479","name":"Bramford Substation","operator":"Pivot Power / EDF Renewables","repd_ref":"7479","repd_technology":"Battery","status":"Operational","technology":"bess"},"type":"Feature"},{"geometry":{"coordinates":[-2.9503116,53.2679018],"type":"Point"},"id":"GG2050-REPD-9377","properties":{"capacity_mw":57.0,"gg_project_id":"GG2050-REPD-9377","name":"Capenhurst Lane, Capenhurst - Battery storage","operator":"HD888CAP Limited","repd_ref":"9377","repd_technology":"Battery","status":"Under Construction","technology":"bess"},"type":"Feature"},{"geometry":{"coordinates":[-0.8661067,51.2612071],"type":"Point"},"id":"GG2050-REPD-13728","properties":{"capacity_mw":57.0,"gg_project_id":"GG2050-REPD-13728","name":"Coxmoor Wood, Crondall Road - Battery Storage","operator":"Fleet Green Limited","repd_ref":"13728","repd_technology":"Battery","status":"Awaiting Construction","technology":"bess"},"type":"Feature"},{"geometry":{"coordinates":[-2.8348997,53.4697843],"type":"Point"},"id":"GG2050-REPD-16131","properties":{"capacity_mw":57.0,"gg_project_id":"GG2050-REPD-16131","name":"Cut Lane - Battery Energy Storage System","operator":"Pivoted Power Llp","repd_ref":"16131","repd_technology":"Battery","status":"Application Submitted","technology":"bess"},"type":"Feature"},{"geometry":{"coordinates":[-2.0334863,52.5419878],"type":"Point"},"id":"GG2050-REPD-9183","properties":{"capacity_mw":57.0,"gg_project_id":"GG2050-REPD-9183","name":"Golds Hill - Battery Storage","operator":"Constantine Energy Storage ltd","repd_ref":"9183","repd_technology":"Battery","status":"Operational","technology":"bess"},"type":"Feature"},{"geometry":{"coordinates":[-1.3702065,54.793016],"type":"Point"},"id":"GG2050-REPD-18988","properties":{"capacity_mw":57.0,"gg_project_id":"GG2050-REPD-18988","name":"Hallfield Farm, Easington - Battery Storage","operator":"Eden Renewables","repd_ref":"18988","repd_technology":"Battery","status":"Application Submitted","technology":"bess"},"type":"Feature"},{"geometry":{"coordinates":[-1.6565281,52.361047],"type":"Point"},"id":"GG2050-REPD-12391","properties":{"capacity_mw":57.0,"gg_project_id":"GG2050-REPD-12391","name":"Honiley Road - Solar Farm & Battery Storage","operator":"Enso Green Holdings Limited","repd_ref":"12391","repd_technology":"Battery","status":"Awaiting Construction","technology":"bess"},"type":"Feature"},{"geometry":{"coordinates":[-0.2453245,50.9829687],"type":"Point"},"id":"GG2050-REPD-14922","properties":{"capacity_mw":57.0,"gg_project_id":"GG2050-REPD-14922","name":"Kent Street, Cowfold - Battery Energy Storage System","operator":"Enso Energy / Bolney Green Energy Hub","repd_ref":"14922","repd_technology":"Battery","status":"Application Refused","technology":"bess"},"type":"Feature"},{"geometry":{"coordinates":[-1.2650707,53.7543806],"type":"Point"},"id":"GG2050-REPD-19593","properties":{"capacity_mw":57.0,"gg_project_id":"GG2050-REPD-19593","name":"Monk Fryston Battery Storage","operator":"Pelagic Energy / Constantine","repd_ref":"19593","repd_technology":"Battery","status":"Under Construction","technology":"bess"},"type":"Feature"},{"geometry":{"coordinates":[-1.2159041,52.5993342],"type":"Point"},"id":"GG2050-REPD-8037","properties":{"capacity_mw":57.0,"gg_project_id":"GG2050-REPD-8037","name":"National Grid Enderby Substation","operator":"Gore Street","repd_ref":"8037","repd_technology":"Battery","status":"Operational","technology":"bess"},"type":"Feature"},{"geometry":{"coordinates":[-2.7384888,53.419678],"type":"Point"},"id":"GG2050-REPD-8439","properties":{"capacity_mw":57.0,"gg_project_id":"GG2050-REPD-8439","name":"National Grids Rainhill Substation Battery storage facility","operator":"Sizing John Limited","repd_ref":"8439","repd_technology":"Battery","status":"Revised","technology":"bess"},"type":"Feature"},{"geometry":{"coordinates":[-2.9461067,53.2648879],"type":"Point"},"id":"GG2050-REPD-8283","properties":{"capacity_mw":57.0,"gg_project_id":"GG2050-REPD-8283","name":"Native River","operator":"Varco Energy","repd_ref":"8283","repd_technology":"Battery","status":"Operational","technology":"bess"},"type":"Feature"},{"geometry":{"coordinates":[-4.1586487,53.1853235],"type":"Point"},"id":"GG2050-REPD-15748","properties":{"capacity_mw":57.0,"gg_project_id":"GG2050-REPD-15748","name":"Pentir Substation, Pentir - Battery Energy Storage","operator":"Lightsource BP","repd_ref":"15748","repd_technology":"Battery","status":"Awaiting Construction","technology":"bess"},"type":"Feature"},{"geometry":{"coordinates":[-2.7562971,53.7466134],"type":"Point"},"id":"GG2050-REPD-11217","properties":{"capacity_mw":57.0,"gg_project_id":"GG2050-REPD-11217","name":"Penwortham - Battery storage","operator":"Shaw-Energi Limited","repd_ref":"11217","repd_technology":"Battery","status":"Awaiting Construction","technology":"bess"},"type":"Feature"},{"geometry":{"coordinates":[-3.0393649,53.039027],"type":"Point"},"id":"GG2050-REPD-18491","properties":{"capacity_mw":57.0,"gg_project_id":"GG2050-REPD-18491","name":"Plas Power Estate Solar Farm","operator":"Lightsource BP","repd_ref":"18491","repd_technology":"Battery","status":"Application Submitted","technology":"bess"},"type":"Feature"},{"geometry":{"coordinates":[-3.3987772,50.7641467],"type":"Point"},"id":"GG2050-REPD-18044","properties":{"capacity_mw":57.0,"gg_project_id":"GG2050-REPD-18044","name":"Saundercroft Road, Broadclyst - Battery Energy Storage System","operator":"Pivoted Power Llp","repd_ref":"18044","repd_technology":"Battery","status":"Awaiting Construction","technology":"bess"},"type":"Feature"}],"partition":1,"release":"9.1","schema":"globalgrid2050.v9.atlas-projects.v9.1","technology":"bess","type":"FeatureCollection"}
