{"feature_count":500,"features":[{"geometry":{"coordinates":[-3.0368822,53.5719237],"type":"Point"},"id":"GG2050-REPD-15491","properties":{"capacity_mw":9.0,"gg_project_id":"GG2050-REPD-15491","name":"North Moss Lane - Solar Photovoltaic Farm","operator":"Taiyo Power & Storage Limited","repd_ref":"15491","repd_technology":"Solar Photovoltaics","status":"Revised","technology":"solar"},"type":"Feature"},{"geometry":{"coordinates":[-3.0368822,53.5719237],"type":"Point"},"id":"GG2050-REPD-18292","properties":{"capacity_mw":9.0,"gg_project_id":"GG2050-REPD-18292","name":"North Moss Lane - Solar Photovoltaic Farm","operator":"Taiyo Power & Storage Limited","repd_ref":"18292","repd_technology":"Solar Photovoltaics","status":"Awaiting Construction","technology":"solar"},"type":"Feature"},{"geometry":{"coordinates":[-1.2590693,52.8618348],"type":"Point"},"id":"GG2050-REPD-14507","properties":{"capacity_mw":9.0,"gg_project_id":"GG2050-REPD-14507","name":"Ratcliffe On Soar Power Station - Solar Farm","operator":"Rushcliffe Borough Council","repd_ref":"14507","repd_technology":"Solar Photovoltaics","status":"Awaiting Construction","technology":"solar"},"type":"Feature"},{"geometry":{"coordinates":[-0.6927116,52.1367284],"type":"Point"},"id":"GG2050-REPD-2144","properties":{"capacity_mw":9.0,"gg_project_id":"GG2050-REPD-2144","name":"Rectory Farm/Emberton","operator":"Low Carbon","repd_ref":"2144","repd_technology":"Solar Photovoltaics","status":"Operational","technology":"solar"},"type":"Feature"},{"geometry":{"coordinates":[-2.0340979,52.1535588],"type":"Point"},"id":"GG2050-REPD-2022","properties":{"capacity_mw":9.0,"gg_project_id":"GG2050-REPD-2022","name":"Rotherdale Farm - extension","operator":"Vale Green Energy","repd_ref":"2022","repd_technology":"Solar Photovoltaics","status":"Operational","technology":"solar"},"type":"Feature"},{"geometry":{"coordinates":[-2.4360653,51.118306],"type":"Point"},"id":"GG2050-REPD-1130","properties":{"capacity_mw":9.0,"gg_project_id":"GG2050-REPD-1130","name":"Sheephouse Farm solar park","operator":"Esconrg Ltd","repd_ref":"1130","repd_technology":"Solar Photovoltaics","status":"Application Refused","technology":"solar"},"type":"Feature"},{"geometry":{"coordinates":[-2.5556774,50.8211941],"type":"Point"},"id":"GG2050-REPD-5096","properties":{"capacity_mw":9.0,"gg_project_id":"GG2050-REPD-5096","name":"Southern Counties Shooting Ground Phase 1","operator":"British Solar Renewables / NextEenrgy Solar Fund (NESF)","repd_ref":"5096","repd_technology":"Solar Photovoltaics","status":"Operational","technology":"solar"},"type":"Feature"},{"geometry":{"coordinates":[-4.8984377,51.6970817],"type":"Point"},"id":"GG2050-REPD-15617","properties":{"capacity_mw":9.0,"gg_project_id":"GG2050-REPD-15617","name":"West Farm, Cosheston - Solar Farm","operator":"One Planet Developments Limited","repd_ref":"15617","repd_technology":"Solar Photovoltaics","status":"Under Construction","technology":"solar"},"type":"Feature"},{"geometry":{"coordinates":[1.3063555,52.6051213],"type":"Point"},"id":"GG2050-REPD-6360","properties":{"capacity_mw":9.0,"gg_project_id":"GG2050-REPD-6360","name":"White Horse Lane (Trowse) - Phase 2","operator":"Wirsol","repd_ref":"6360","repd_technology":"Solar Photovoltaics","status":"Awaiting Construction","technology":"solar"},"type":"Feature"},{"geometry":{"coordinates":[1.0899642,52.6980316],"type":"Point"},"id":"GG2050-REPD-1163","properties":{"capacity_mw":9.0,"gg_project_id":"GG2050-REPD-1163","name":"Woodforde Farm","operator":"Esconrg","repd_ref":"1163","repd_technology":"Solar Photovoltaics","status":"Operational","technology":"solar"},"type":"Feature"},{"geometry":{"coordinates":[-3.553525,51.7444177],"type":"Point"},"id":"GG2050-REPD-11509","properties":{"capacity_mw":8.94,"gg_project_id":"GG2050-REPD-11509","name":"Bryngolwg Farm, Hirwaun - Solar farm","operator":"Enviromena Asset Management UK Limited","repd_ref":"11509","repd_technology":"Solar Photovoltaics","status":"Operational","technology":"solar"},"type":"Feature"},{"geometry":{"coordinates":[-2.9445359,52.6894803],"type":"Point"},"id":"GG2050-REPD-1348","properties":{"capacity_mw":8.9,"gg_project_id":"GG2050-REPD-1348","name":"Hayford Farm","operator":"WS Systems Ltd","repd_ref":"1348","repd_technology":"Solar Photovoltaics","status":"Operational","technology":"solar"},"type":"Feature"},{"geometry":{"coordinates":[-0.9735158,51.8754937],"type":"Point"},"id":"GG2050-REPD-2195","properties":{"capacity_mw":8.9,"gg_project_id":"GG2050-REPD-2195","name":"Knapps Hook Farm","operator":"Archiception","repd_ref":"2195","repd_technology":"Solar Photovoltaics","status":"Application Withdrawn","technology":"solar"},"type":"Feature"},{"geometry":{"coordinates":[-3.1260262,51.4942165],"type":"Point"},"id":"GG2050-REPD-6660","properties":{"capacity_mw":8.9,"gg_project_id":"GG2050-REPD-6660","name":"Lamby Way Solar Farm","operator":"Cardiff Council","repd_ref":"6660","repd_technology":"Solar Photovoltaics","status":"Operational","technology":"solar"},"type":"Feature"},{"geometry":{"coordinates":[-2.0980262,52.3113932],"type":"Point"},"id":"GG2050-REPD-4759","properties":{"capacity_mw":8.9,"gg_project_id":"GG2050-REPD-4759","name":"Land at Rectory Farm","operator":"Green Switch Solutions","repd_ref":"4759","repd_technology":"Solar Photovoltaics","status":"Application Withdrawn","technology":"solar"},"type":"Feature"},{"geometry":{"coordinates":[-1.3310693,51.9661533],"type":"Point"},"id":"GG2050-REPD-7760","properties":{"capacity_mw":8.9,"gg_project_id":"GG2050-REPD-7760","name":"Land North of Hill Farm","operator":"Greenheath Farming","repd_ref":"7760","repd_technology":"Solar Photovoltaics","status":"Awaiting Construction","technology":"solar"},"type":"Feature"},{"geometry":{"coordinates":[0.2356812,50.8449623],"type":"Point"},"id":"GG2050-REPD-2043","properties":{"capacity_mw":8.9,"gg_project_id":"GG2050-REPD-2043","name":"Natewood Farm","operator":"Haymaker Energy","repd_ref":"2043","repd_technology":"Solar Photovoltaics","status":"Operational","technology":"solar"},"type":"Feature"},{"geometry":{"coordinates":[-2.0986065,52.3150967],"type":"Point"},"id":"GG2050-REPD-5895","properties":{"capacity_mw":8.9,"gg_project_id":"GG2050-REPD-5895","name":"Rectory Farm","operator":"Green Switch Developments","repd_ref":"5895","repd_technology":"Solar Photovoltaics","status":"Appeal Refused","technology":"solar"},"type":"Feature"},{"geometry":{"coordinates":[-5.1326344,50.1808234],"type":"Point"},"id":"GG2050-REPD-4721","properties":{"capacity_mw":8.9,"gg_project_id":"GG2050-REPD-4721","name":"Roskrow Farm","operator":"Roskrow Solar","repd_ref":"4721","repd_technology":"Solar Photovoltaics","status":"Operational","technology":"solar"},"type":"Feature"},{"geometry":{"coordinates":[-5.0153989,51.9518824],"type":"Point"},"id":"GG2050-REPD-7187","properties":{"capacity_mw":8.9,"gg_project_id":"GG2050-REPD-7187","name":"Trecoed Farm","operator":"Transition Bro Gwaun","repd_ref":"7187","repd_technology":"Solar Photovoltaics","status":"Planning Permission Expired","technology":"solar"},"type":"Feature"},{"geometry":{"coordinates":[-2.9948317,51.1429691],"type":"Point"},"id":"GG2050-REPD-10135","properties":{"capacity_mw":8.887,"gg_project_id":"GG2050-REPD-10135","name":"Saltlands Avenue - Solar Parks","operator":"Somerset County Council","repd_ref":"10135","repd_technology":"Solar Photovoltaics","status":"Application Submitted","technology":"solar"},"type":"Feature"},{"geometry":{"coordinates":[-4.5649349,55.9599797],"type":"Point"},"id":"GG2050-REPD-12009","properties":{"capacity_mw":8.8,"gg_project_id":"GG2050-REPD-12009","name":"Aggreko, Stirling Road - Solar Panels","operator":"Aggreko","repd_ref":"12009","repd_technology":"Solar Photovoltaics","status":"Application Submitted","technology":"solar"},"type":"Feature"},{"geometry":{"coordinates":[-0.9192078,52.2409319],"type":"Point"},"id":"GG2050-REPD-11330","properties":{"capacity_mw":8.8,"gg_project_id":"GG2050-REPD-11330","name":"Cinch Stadium, Franklin’s Gardens - Solar","operator":"Solivus","repd_ref":"11330","repd_technology":"Solar Photovoltaics","status":"Operational","technology":"solar"},"type":"Feature"},{"geometry":{"coordinates":[-0.6979941,51.66633],"type":"Point"},"id":"GG2050-REPD-16342","properties":{"capacity_mw":8.8,"gg_project_id":"GG2050-REPD-16342","name":"Holmer Green Senior School - Solar Panels","operator":"eEnergy","repd_ref":"16342","repd_technology":"Solar Photovoltaics","status":"Revised","technology":"solar"},"type":"Feature"},{"geometry":{"coordinates":[-2.1109649,52.4814562],"type":"Point"},"id":"GG2050-REPD-18746","properties":{"capacity_mw":8.8,"gg_project_id":"GG2050-REPD-18746","name":"Merry Hill Shopping Centre - Solar Panels","operator":"Unknown","repd_ref":"18746","repd_technology":"Solar Photovoltaics","status":"Awaiting Construction","technology":"solar"},"type":"Feature"},{"geometry":{"coordinates":[0.2596001,51.6963768],"type":"Point"},"id":"GG2050-REPD-8428","properties":{"capacity_mw":8.8,"gg_project_id":"GG2050-REPD-8428","name":"Ongar Landfill Ground mounted solar photovoltaic","operator":"Infinis","repd_ref":"8428","repd_technology":"Solar Photovoltaics","status":"Application Withdrawn","technology":"solar"},"type":"Feature"},{"geometry":{"coordinates":[-2.2396014,51.8647184],"type":"Point"},"id":"GG2050-REPD-13384","properties":{"capacity_mw":8.8,"gg_project_id":"GG2050-REPD-13384","name":"Registry Twyver House, Bruton Way - Solar Panels","operator":"Unknown","repd_ref":"13384","repd_technology":"Solar Photovoltaics","status":"Application Withdrawn","technology":"solar"},"type":"Feature"},{"geometry":{"coordinates":[-2.5556773,50.8211852],"type":"Point"},"id":"GG2050-REPD-2339","properties":{"capacity_mw":8.8,"gg_project_id":"GG2050-REPD-2339","name":"Southern Counties Shooting Ground","operator":"British Solar Renewables","repd_ref":"2339","repd_technology":"Solar Photovoltaics","status":"Revised","technology":"solar"},"type":"Feature"},{"geometry":{"coordinates":[-0.0548484,51.696358],"type":"Point"},"id":"GG2050-REPD-18739","properties":{"capacity_mw":8.8,"gg_project_id":"GG2050-REPD-18739","name":"St Marys C Of E Va High School, Lieutenant Ellis Way - Solar Panels","operator":"eEnergy","repd_ref":"18739","repd_technology":"Solar Photovoltaics","status":"Awaiting Construction","technology":"solar"},"type":"Feature"},{"geometry":{"coordinates":[-2.2266708,52.3152977],"type":"Point"},"id":"GG2050-REPD-6550","properties":{"capacity_mw":8.75,"gg_project_id":"GG2050-REPD-6550","name":"Norchard Farm","operator":"Norchard Solar Farm Limited","repd_ref":"6550","repd_technology":"Solar Photovoltaics","status":"Awaiting Construction","technology":"solar"},"type":"Feature"},{"geometry":{"coordinates":[-4.0369935,50.3497413],"type":"Point"},"id":"GG2050-REPD-1958","properties":{"capacity_mw":8.7,"gg_project_id":"GG2050-REPD-1958","name":"Balls Wood Solar Farm","operator":"Due South Energy & SunE Project6 Ltd","repd_ref":"1958","repd_technology":"Solar Photovoltaics","status":"Operational","technology":"solar"},"type":"Feature"},{"geometry":{"coordinates":[-1.9362251,51.5885409],"type":"Point"},"id":"GG2050-REPD-1974","properties":{"capacity_mw":8.7,"gg_project_id":"GG2050-REPD-1974","name":"Braydon Manor Farm","operator":"Public Power Solutions","repd_ref":"1974","repd_technology":"Solar Photovoltaics","status":"Operational","technology":"solar"},"type":"Feature"},{"geometry":{"coordinates":[-2.757253,51.067308],"type":"Point"},"id":"GG2050-REPD-1836","properties":{"capacity_mw":8.7,"gg_project_id":"GG2050-REPD-1836","name":"Somerton Door Farm","operator":"Lightsource Renewable Energy","repd_ref":"1836","repd_technology":"Solar Photovoltaics","status":"Operational","technology":"solar"},"type":"Feature"},{"geometry":{"coordinates":[-3.7094241,50.7280881],"type":"Point"},"id":"GG2050-REPD-1168","properties":{"capacity_mw":8.6,"gg_project_id":"GG2050-REPD-1168","name":"Goldcross Hill","operator":"Inazin Power Ltd","repd_ref":"1168","repd_technology":"Solar Photovoltaics","status":"Revised","technology":"solar"},"type":"Feature"},{"geometry":{"coordinates":[-2.7686525,51.0679529],"type":"Point"},"id":"GG2050-REPD-1172","properties":{"capacity_mw":8.6,"gg_project_id":"GG2050-REPD-1172","name":"Little Park Farm","operator":"Solar Power Generation Ltd","repd_ref":"1172","repd_technology":"Solar Photovoltaics","status":"Application Withdrawn","technology":"solar"},"type":"Feature"},{"geometry":{"coordinates":[1.5873633,52.4392709],"type":"Point"},"id":"GG2050-REPD-1889","properties":{"capacity_mw":8.6,"gg_project_id":"GG2050-REPD-1889","name":"Playters Solar Farm","operator":"Anesco","repd_ref":"1889","repd_technology":"Solar Photovoltaics","status":"Operational","technology":"solar"},"type":"Feature"},{"geometry":{"coordinates":[0.2348297,53.1480006],"type":"Point"},"id":"GG2050-REPD-1622","properties":{"capacity_mw":8.6,"gg_project_id":"GG2050-REPD-1622","name":"THE HOLLIES SOLAR PARK - SKEGNESS","operator":"Private Developer","repd_ref":"1622","repd_technology":"Solar Photovoltaics","status":"Operational","technology":"solar"},"type":"Feature"},{"geometry":{"coordinates":[-2.6401448,52.3569243],"type":"Point"},"id":"GG2050-REPD-2094","properties":{"capacity_mw":8.6,"gg_project_id":"GG2050-REPD-2094","name":"Whitton solar farm","operator":"EBS Energy LLP","repd_ref":"2094","repd_technology":"Solar Photovoltaics","status":"Revised","technology":"solar"},"type":"Feature"},{"geometry":{"coordinates":[-2.6408634,52.3568665],"type":"Point"},"id":"GG2050-REPD-5127","properties":{"capacity_mw":8.6,"gg_project_id":"GG2050-REPD-5127","name":"Whitton Solar Farm","operator":"EBS Energy LLP","repd_ref":"5127","repd_technology":"Solar Photovoltaics","status":"Appeal Refused","technology":"solar"},"type":"Feature"},{"geometry":{"coordinates":[-1.6106735,52.415583],"type":"Point"},"id":"GG2050-REPD-5843","properties":{"capacity_mw":8.5,"gg_project_id":"GG2050-REPD-5843","name":"Broad Lane","operator":"Earthworm Energy","repd_ref":"5843","repd_technology":"Solar Photovoltaics","status":"Appeal Refused","technology":"solar"},"type":"Feature"},{"geometry":{"coordinates":[-2.8786503,51.6011466],"type":"Point"},"id":"GG2050-REPD-2142","properties":{"capacity_mw":8.5,"gg_project_id":"GG2050-REPD-2142","name":"Court Farm","operator":"Private Developer","repd_ref":"2142","repd_technology":"Solar Photovoltaics","status":"Revised","technology":"solar"},"type":"Feature"},{"geometry":{"coordinates":[-2.8786503,51.6011466],"type":"Point"},"id":"GG2050-REPD-5084","properties":{"capacity_mw":8.5,"gg_project_id":"GG2050-REPD-5084","name":"Court Farm","operator":"BE Renewables","repd_ref":"5084","repd_technology":"Solar Photovoltaics","status":"Operational","technology":"solar"},"type":"Feature"},{"geometry":{"coordinates":[-4.2898225,50.4740344],"type":"Point"},"id":"GG2050-REPD-1194","properties":{"capacity_mw":8.5,"gg_project_id":"GG2050-REPD-1194","name":"Dunstan Lodge solar farm","operator":"Bond Holdings Ltd","repd_ref":"1194","repd_technology":"Solar Photovoltaics","status":"Application Refused","technology":"solar"},"type":"Feature"},{"geometry":{"coordinates":[-6.2622067,54.4024642],"type":"Point"},"id":"GG2050-REPD-5952","properties":{"capacity_mw":8.5,"gg_project_id":"GG2050-REPD-5952","name":"Laurelhill","operator":"BNRG Northern Power","repd_ref":"5952","repd_technology":"Solar Photovoltaics","status":"Operational","technology":"solar"},"type":"Feature"},{"geometry":{"coordinates":[-1.9335646,53.0085206],"type":"Point"},"id":"GG2050-REPD-2038","properties":{"capacity_mw":8.5,"gg_project_id":"GG2050-REPD-2038","name":"Moneystone Quarry","operator":"SBC Renewables","repd_ref":"2038","repd_technology":"Solar Photovoltaics","status":"Revised","technology":"solar"},"type":"Feature"},{"geometry":{"coordinates":[-5.1691105,50.1987335],"type":"Point"},"id":"GG2050-REPD-2009","properties":{"capacity_mw":8.5,"gg_project_id":"GG2050-REPD-2009","name":"Pencoose Farm","operator":"First Solar Project Ltd","repd_ref":"2009","repd_technology":"Solar Photovoltaics","status":"Operational","technology":"solar"},"type":"Feature"},{"geometry":{"coordinates":[-3.1582213,51.632727],"type":"Point"},"id":"GG2050-REPD-2206","properties":{"capacity_mw":8.5,"gg_project_id":"GG2050-REPD-2206","name":"Penrhiwarwydd Farm","operator":"MTS Hill Farm Solar Ltd","repd_ref":"2206","repd_technology":"Solar Photovoltaics","status":"Operational","technology":"solar"},"type":"Feature"},{"geometry":{"coordinates":[-0.1774295,51.863185],"type":"Point"},"id":"GG2050-REPD-2245","properties":{"capacity_mw":8.5,"gg_project_id":"GG2050-REPD-2245","name":"Swangleys Farm","operator":"Solstice Renewables","repd_ref":"2245","repd_technology":"Solar Photovoltaics","status":"Application Withdrawn","technology":"solar"},"type":"Feature"},{"geometry":{"coordinates":[-0.6938038,52.2815848],"type":"Point"},"id":"GG2050-REPD-2380","properties":{"capacity_mw":8.5,"gg_project_id":"GG2050-REPD-2380","name":"Wellingborough Solar Farm","operator":"Lark Energy","repd_ref":"2380","repd_technology":"Solar Photovoltaics","status":"Operational","technology":"solar"},"type":"Feature"},{"geometry":{"coordinates":[-0.662004,52.3644118],"type":"Point"},"id":"GG2050-REPD-5024","properties":{"capacity_mw":8.4,"gg_project_id":"GG2050-REPD-5024","name":"Burton Wold Solar Farm","operator":"First Renewable Developments","repd_ref":"5024","repd_technology":"Solar Photovoltaics","status":"Planning Permission Expired","technology":"solar"},"type":"Feature"},{"geometry":{"coordinates":[-2.0603608,52.9970085],"type":"Point"},"id":"GG2050-REPD-5015","properties":{"capacity_mw":8.4,"gg_project_id":"GG2050-REPD-5015","name":"Land at Heywood Grange","operator":"Sovereign Partners","repd_ref":"5015","repd_technology":"Solar Photovoltaics","status":"Operational","technology":"solar"},"type":"Feature"},{"geometry":{"coordinates":[-4.1190454,51.7027642],"type":"Point"},"id":"GG2050-REPD-16838","properties":{"capacity_mw":8.355,"gg_project_id":"GG2050-REPD-16838","name":"Glyngwernen Farm, Uchaf Fawr - Solar Farm","operator":"Bartypower Limited","repd_ref":"16838","repd_technology":"Solar Photovoltaics","status":"Awaiting Construction","technology":"solar"},"type":"Feature"},{"geometry":{"coordinates":[-3.3279899,51.1510983],"type":"Point"},"id":"GG2050-REPD-2292","properties":{"capacity_mw":8.3,"gg_project_id":"GG2050-REPD-2292","name":"Aller Farm","operator":"TGC Renewables","repd_ref":"2292","repd_technology":"Solar Photovoltaics","status":"Revised","technology":"solar"},"type":"Feature"},{"geometry":{"coordinates":[-2.8610923,51.3450034],"type":"Point"},"id":"GG2050-REPD-1518","properties":{"capacity_mw":8.3,"gg_project_id":"GG2050-REPD-1518","name":"Bowerhouse Farm","operator":"KWTN Solar","repd_ref":"1518","repd_technology":"Solar Photovoltaics","status":"Operational","technology":"solar"},"type":"Feature"},{"geometry":{"coordinates":[-2.2282059,50.837753],"type":"Point"},"id":"GG2050-REPD-1874","properties":{"capacity_mw":8.3,"gg_project_id":"GG2050-REPD-1874","name":"Canada Farm","operator":"British Solar Renewables","repd_ref":"1874","repd_technology":"Solar Photovoltaics","status":"Operational","technology":"solar"},"type":"Feature"},{"geometry":{"coordinates":[-3.9081609,51.1312433],"type":"Point"},"id":"GG2050-REPD-1943","properties":{"capacity_mw":8.3,"gg_project_id":"GG2050-REPD-1943","name":"Capeland Farm","operator":"juwi Renewable Energies","repd_ref":"1943","repd_technology":"Solar Photovoltaics","status":"Operational","technology":"solar"},"type":"Feature"},{"geometry":{"coordinates":[-4.875908,50.351312],"type":"Point"},"id":"GG2050-REPD-1824","properties":{"capacity_mw":8.3,"gg_project_id":"GG2050-REPD-1824","name":"Carloggas Farm Solar Park","operator":"Good Energy Generation","repd_ref":"1824","repd_technology":"Solar Photovoltaics","status":"Operational","technology":"solar"},"type":"Feature"},{"geometry":{"coordinates":[-2.4622056,53.0172583],"type":"Point"},"id":"GG2050-REPD-4834","properties":{"capacity_mw":8.3,"gg_project_id":"GG2050-REPD-4834","name":"Hatherton Lodge","operator":"Green Switch Solutions - Liquidated","repd_ref":"4834","repd_technology":"Solar Photovoltaics","status":"Planning Permission Expired","technology":"solar"},"type":"Feature"},{"geometry":{"coordinates":[-1.3041578,53.2873521],"type":"Point"},"id":"GG2050-REPD-5818","properties":{"capacity_mw":8.3,"gg_project_id":"GG2050-REPD-5818","name":"Land South East of Low Common Farm","operator":"TW Solar","repd_ref":"5818","repd_technology":"Solar Photovoltaics","status":"Application Refused","technology":"solar"},"type":"Feature"},{"geometry":{"coordinates":[0.1748124,50.856006],"type":"Point"},"id":"GG2050-REPD-1963","properties":{"capacity_mw":8.2,"gg_project_id":"GG2050-REPD-1963","name":"Berwick solar farm","operator":"Susenco/Low Carbon","repd_ref":"1963","repd_technology":"Solar Photovoltaics","status":"Operational","technology":"solar"},"type":"Feature"},{"geometry":{"coordinates":[-3.2126172,51.0516896],"type":"Point"},"id":"GG2050-REPD-1349","properties":{"capacity_mw":8.2,"gg_project_id":"GG2050-REPD-1349","name":"Halse Farm","operator":"AEE Renewables","repd_ref":"1349","repd_technology":"Solar Photovoltaics","status":"Operational","technology":"solar"},"type":"Feature"},{"geometry":{"coordinates":[-2.9420075,52.6868034],"type":"Point"},"id":"GG2050-REPD-1995","properties":{"capacity_mw":8.2,"gg_project_id":"GG2050-REPD-1995","name":"Hayford Farm - extension","operator":"Green Power","repd_ref":"1995","repd_technology":"Solar Photovoltaics","status":"Operational","technology":"solar"},"type":"Feature"},{"geometry":{"coordinates":[-2.3689144,52.7067032],"type":"Point"},"id":"GG2050-REPD-5169","properties":{"capacity_mw":8.2,"gg_project_id":"GG2050-REPD-5169","name":"Sheriffhales Solar Farm","operator":"Lightsource Renewable Energy","repd_ref":"5169","repd_technology":"Solar Photovoltaics","status":"Operational","technology":"solar"},"type":"Feature"},{"geometry":{"coordinates":[0.4989383,52.3163352],"type":"Point"},"id":"GG2050-REPD-1961","properties":{"capacity_mw":8.1,"gg_project_id":"GG2050-REPD-1961","name":"Bay Farm","operator":"NextEnergy Solar Fund (NESF)","repd_ref":"1961","repd_technology":"Solar Photovoltaics","status":"Operational","technology":"solar"},"type":"Feature"},{"geometry":{"coordinates":[-2.8377679,51.6642691],"type":"Point"},"id":"GG2050-REPD-2106","properties":{"capacity_mw":8.1,"gg_project_id":"GG2050-REPD-2106","name":"Buckwell Farm Solar Park","operator":"Private Developer","repd_ref":"2106","repd_technology":"Solar Photovoltaics","status":"Abandoned","technology":"solar"},"type":"Feature"},{"geometry":{"coordinates":[0.2376861,50.9313363],"type":"Point"},"id":"GG2050-REPD-2169","properties":{"capacity_mw":8.1,"gg_project_id":"GG2050-REPD-2169","name":"Horam","operator":"Vogt Solar","repd_ref":"2169","repd_technology":"Solar Photovoltaics","status":"Operational","technology":"solar"},"type":"Feature"},{"geometry":{"coordinates":[-2.945945,51.734237],"type":"Point"},"id":"GG2050-REPD-5006","properties":{"capacity_mw":8.1,"gg_project_id":"GG2050-REPD-5006","name":"Land at Lower House Farm","operator":"3C Energy","repd_ref":"5006","repd_technology":"Solar Photovoltaics","status":"Operational","technology":"solar"},"type":"Feature"},{"geometry":{"coordinates":[1.3661523,51.3435255],"type":"Point"},"id":"GG2050-REPD-2029","properties":{"capacity_mw":8.1,"gg_project_id":"GG2050-REPD-2029","name":"Land near Manston","operator":"Solar Planning","repd_ref":"2029","repd_technology":"Solar Photovoltaics","status":"Application Refused","technology":"solar"},"type":"Feature"},{"geometry":{"coordinates":[-0.1056622,52.9258706],"type":"Point"},"id":"GG2050-REPD-2208","properties":{"capacity_mw":8.1,"gg_project_id":"GG2050-REPD-2208","name":"Nowhere Farm","operator":"Estover Energy","repd_ref":"2208","repd_technology":"Solar Photovoltaics","status":"Operational","technology":"solar"},"type":"Feature"},{"geometry":{"coordinates":[-2.472445,51.597344],"type":"Point"},"id":"GG2050-REPD-2077","properties":{"capacity_mw":8.1,"gg_project_id":"GG2050-REPD-2077","name":"Tower Hill Farm","operator":"NextEnergy Solar Fund (NESF)","repd_ref":"2077","repd_technology":"Solar Photovoltaics","status":"Operational","technology":"solar"},"type":"Feature"},{"geometry":{"coordinates":[0.0188478,53.4074717],"type":"Point"},"id":"GG2050-REPD-2309","properties":{"capacity_mw":8.1,"gg_project_id":"GG2050-REPD-2309","name":"Yarburgh Grove Farm","operator":"Foresight","repd_ref":"2309","repd_technology":"Solar Photovoltaics","status":"Operational","technology":"solar"},"type":"Feature"},{"geometry":{"coordinates":[-2.1469689,57.1557922],"type":"Point"},"id":"GG2050-REPD-12801","properties":{"capacity_mw":8.0,"gg_project_id":"GG2050-REPD-12801","name":"Aberdeen Hydrogen Hub Facility","operator":"Aberdeenshire Council / BP UK","repd_ref":"12801","repd_technology":"Solar Photovoltaics","status":"Abandoned","technology":"solar"},"type":"Feature"},{"geometry":{"coordinates":[-0.1770473,52.5864627],"type":"Point"},"id":"GG2050-REPD-1869","properties":{"capacity_mw":8.0,"gg_project_id":"GG2050-REPD-1869","name":"America Farm","operator":"Peterborough City Council","repd_ref":"1869","repd_technology":"Solar Photovoltaics","status":"Application Withdrawn","technology":"solar"},"type":"Feature"},{"geometry":{"coordinates":[-1.3464454,53.2479232],"type":"Point"},"id":"GG2050-REPD-2107","properties":{"capacity_mw":8.0,"gg_project_id":"GG2050-REPD-2107","name":"Arkwright Solar Farm","operator":"Conergy","repd_ref":"2107","repd_technology":"Solar Photovoltaics","status":"Operational","technology":"solar"},"type":"Feature"},{"geometry":{"coordinates":[-1.8986732,51.6054902],"type":"Point"},"id":"GG2050-REPD-2344","properties":{"capacity_mw":8.0,"gg_project_id":"GG2050-REPD-2344","name":"Bentham Farm","operator":"Hive Energy","repd_ref":"2344","repd_technology":"Solar Photovoltaics","status":"Operational","technology":"solar"},"type":"Feature"},{"geometry":{"coordinates":[-1.584036,55.0217414],"type":"Point"},"id":"GG2050-REPD-20778","properties":{"capacity_mw":8.0,"gg_project_id":"GG2050-REPD-20778","name":"Benton Lane, Quorum Business Park - Solar Panels","operator":"Shelborn Asset Management","repd_ref":"20778","repd_technology":"Solar Photovoltaics","status":"Application Submitted","technology":"solar"},"type":"Feature"},{"geometry":{"coordinates":[-0.3889509,52.3113563],"type":"Point"},"id":"GG2050-REPD-12195","properties":{"capacity_mw":8.0,"gg_project_id":"GG2050-REPD-12195","name":"Bicton Industrial Park, Stow Road - Solar Farm","operator":"Bluefield Renewable Developments Limited","repd_ref":"12195","repd_technology":"Solar Photovoltaics","status":"Awaiting Construction","technology":"solar"},"type":"Feature"},{"geometry":{"coordinates":[-4.4445323,51.9899212],"type":"Point"},"id":"GG2050-REPD-2350","properties":{"capacity_mw":8.0,"gg_project_id":"GG2050-REPD-2350","name":"Blaen Bowi Solar park","operator":"Novus Solar Developments","repd_ref":"2350","repd_technology":"Solar Photovoltaics","status":"Abandoned","technology":"solar"},"type":"Feature"},{"geometry":{"coordinates":[-1.1318467,51.8539126],"type":"Point"},"id":"GG2050-REPD-2307","properties":{"capacity_mw":8.0,"gg_project_id":"GG2050-REPD-2307","name":"Brooks Farm Solar Park","operator":"Green Energy UK Direct Ltd","repd_ref":"2307","repd_technology":"Solar Photovoltaics","status":"Operational","technology":"solar"},"type":"Feature"},{"geometry":{"coordinates":[-2.2443241,51.8250766],"type":"Point"},"id":"GG2050-REPD-13057","properties":{"capacity_mw":8.0,"gg_project_id":"GG2050-REPD-13057","name":"Brookthorpe Solar Farm","operator":"PS Renewables","repd_ref":"13057","repd_technology":"Solar Photovoltaics","status":"Awaiting Construction","technology":"solar"},"type":"Feature"},{"geometry":{"coordinates":[0.5297989,51.6658388],"type":"Point"},"id":"GG2050-REPD-8925","properties":{"capacity_mw":8.0,"gg_project_id":"GG2050-REPD-8925","name":"Canon Barns Road Solar Park","operator":"Bluestone Energy","repd_ref":"8925","repd_technology":"Solar Photovoltaics","status":"Awaiting Construction","technology":"solar"},"type":"Feature"},{"geometry":{"coordinates":[-0.9207851,53.367101],"type":"Point"},"id":"GG2050-REPD-2297","properties":{"capacity_mw":8.0,"gg_project_id":"GG2050-REPD-2297","name":"Chainbridge Road","operator":"Temporis Capital","repd_ref":"2297","repd_technology":"Solar Photovoltaics","status":"Application Withdrawn","technology":"solar"},"type":"Feature"},{"geometry":{"coordinates":[-4.9484123,51.642314],"type":"Point"},"id":"GG2050-REPD-2326","properties":{"capacity_mw":8.0,"gg_project_id":"GG2050-REPD-2326","name":"Chapel Hill","operator":"Wessex Solar Energy","repd_ref":"2326","repd_technology":"Solar Photovoltaics","status":"Operational","technology":"solar"},"type":"Feature"},{"geometry":{"coordinates":[-1.9757643,51.635679],"type":"Point"},"id":"GG2050-REPD-12217","properties":{"capacity_mw":8.0,"gg_project_id":"GG2050-REPD-12217","name":"Cooles Farm, Minety - Solar Park/Battery Storage","operator":"Ecotricity Generation Limited","repd_ref":"12217","repd_technology":"Solar Photovoltaics","status":"Application Submitted","technology":"solar"},"type":"Feature"},{"geometry":{"coordinates":[-3.3934476,50.6581896],"type":"Point"},"id":"GG2050-REPD-2173","properties":{"capacity_mw":8.0,"gg_project_id":"GG2050-REPD-2173","name":"Coombe Farm","operator":"Renewable Energy Systems Ltd (RES)","repd_ref":"2173","repd_technology":"Solar Photovoltaics","status":"Operational","technology":"solar"},"type":"Feature"},{"geometry":{"coordinates":[-3.7664422,50.3860152],"type":"Point"},"id":"GG2050-REPD-2331","properties":{"capacity_mw":8.0,"gg_project_id":"GG2050-REPD-2331","name":"Coombeshead Solar Farm","operator":"Foresight","repd_ref":"2331","repd_technology":"Solar Photovoltaics","status":"Operational","technology":"solar"},"type":"Feature"},{"geometry":{"coordinates":[-0.3991157,53.0275953],"type":"Point"},"id":"GG2050-REPD-2204","properties":{"capacity_mw":8.0,"gg_project_id":"GG2050-REPD-2204","name":"Deepdale Farm","operator":"Deepdale Farm Solar Ltd","repd_ref":"2204","repd_technology":"Solar Photovoltaics","status":"Operational","technology":"solar"},"type":"Feature"},{"geometry":{"coordinates":[-1.338042,54.8197778],"type":"Point"},"id":"GG2050-REPD-16237","properties":{"capacity_mw":8.0,"gg_project_id":"GG2050-REPD-16237","name":"Fox Cover Solar Farm - Ground Mounted Photovoltaic Panels","operator":"Enviromena Project Management UK Limited","repd_ref":"16237","repd_technology":"Solar Photovoltaics","status":"Awaiting Construction","technology":"solar"},"type":"Feature"},{"geometry":{"coordinates":[1.2846264,52.0467358],"type":"Point"},"id":"GG2050-REPD-1480","properties":{"capacity_mw":8.0,"gg_project_id":"GG2050-REPD-1480","name":"Foxburrow Farm","operator":"UK Sustainable Energy","repd_ref":"1480","repd_technology":"Solar Photovoltaics","status":"Operational","technology":"solar"},"type":"Feature"},{"geometry":{"coordinates":[0.0346045,51.2162461],"type":"Point"},"id":"GG2050-REPD-11904","properties":{"capacity_mw":8.0,"gg_project_id":"GG2050-REPD-11904","name":"Gaywood Solar Farm - Solar Farm","operator":"KYBO Solar Limited","repd_ref":"11904","repd_technology":"Solar Photovoltaics","status":"Revised","technology":"solar"},"type":"Feature"},{"geometry":{"coordinates":[-5.1967098,50.2886738],"type":"Point"},"id":"GG2050-REPD-2382","properties":{"capacity_mw":8.0,"gg_project_id":"GG2050-REPD-2382","name":"Gover Farm Solar Park","operator":"Green Energy UK Direct Ltd","repd_ref":"2382","repd_technology":"Solar Photovoltaics","status":"Operational","technology":"solar"},"type":"Feature"},{"geometry":{"coordinates":[-3.4124521,50.8927444],"type":"Point"},"id":"GG2050-REPD-2318","properties":{"capacity_mw":8.0,"gg_project_id":"GG2050-REPD-2318","name":"Great Curham Farm","operator":"British Solar Renewables","repd_ref":"2318","repd_technology":"Solar Photovoltaics","status":"Application Refused","technology":"solar"},"type":"Feature"},{"geometry":{"coordinates":[-1.8639585,50.778385],"type":"Point"},"id":"GG2050-REPD-4727","properties":{"capacity_mw":8.0,"gg_project_id":"GG2050-REPD-4727","name":"Hale Farm","operator":"Hale Solar Limited","repd_ref":"4727","repd_technology":"Solar Photovoltaics","status":"Operational","technology":"solar"},"type":"Feature"},{"geometry":{"coordinates":[-1.187805,53.2601082],"type":"Point"},"id":"GG2050-REPD-2192","properties":{"capacity_mw":8.0,"gg_project_id":"GG2050-REPD-2192","name":"Hunciecroft Farm","operator":"Solar century / Magnetar Solar","repd_ref":"2192","repd_technology":"Solar Photovoltaics","status":"Operational","technology":"solar"},"type":"Feature"},{"geometry":{"coordinates":[0.5759253,52.3425304],"type":"Point"},"id":"GG2050-REPD-1822","properties":{"capacity_mw":8.0,"gg_project_id":"GG2050-REPD-1822","name":"Icklingham Solar Farm","operator":"Elveden Farms Ltd","repd_ref":"1822","repd_technology":"Solar Photovoltaics","status":"Planning Permission Expired","technology":"solar"},"type":"Feature"},{"geometry":{"coordinates":[-2.7913019,51.3593433],"type":"Point"},"id":"GG2050-REPD-1886","properties":{"capacity_mw":8.0,"gg_project_id":"GG2050-REPD-1886","name":"Iwood Lane Solar Farm","operator":"Wessex Solar Energy","repd_ref":"1886","repd_technology":"Solar Photovoltaics","status":"Operational","technology":"solar"},"type":"Feature"},{"geometry":{"coordinates":[0.9909051,52.4329327],"type":"Point"},"id":"GG2050-REPD-5231","properties":{"capacity_mw":8.0,"gg_project_id":"GG2050-REPD-5231","name":"Kenninghall Solar / Hazeldick Solar","operator":"Norfolk Renewables","repd_ref":"5231","repd_technology":"Solar Photovoltaics","status":"Operational","technology":"solar"},"type":"Feature"},{"geometry":{"coordinates":[-4.4079998,50.7730492],"type":"Point"},"id":"GG2050-REPD-1738","properties":{"capacity_mw":8.0,"gg_project_id":"GG2050-REPD-1738","name":"Land At Woodlands Farm","operator":"Kronos Solar","repd_ref":"1738","repd_technology":"Solar Photovoltaics","status":"Application Refused","technology":"solar"},"type":"Feature"},{"geometry":{"coordinates":[-4.5235808,52.1083869],"type":"Point"},"id":"GG2050-REPD-1827","properties":{"capacity_mw":8.0,"gg_project_id":"GG2050-REPD-1827","name":"Llwyn Du Solar Farm","operator":"Next Energy Solar Fund","repd_ref":"1827","repd_technology":"Solar Photovoltaics","status":"Operational","technology":"solar"},"type":"Feature"},{"geometry":{"coordinates":[-2.1446552,52.0726499],"type":"Point"},"id":"GG2050-REPD-7423","properties":{"capacity_mw":8.0,"gg_project_id":"GG2050-REPD-7423","name":"Lower Strensham, Bourne Road (Extension)","operator":"NextEnergy Capital LLP","repd_ref":"7423","repd_technology":"Solar Photovoltaics","status":"Operational","technology":"solar"},"type":"Feature"},{"geometry":{"coordinates":[-0.1072496,53.5721906],"type":"Point"},"id":"GG2050-REPD-9029","properties":{"capacity_mw":8.0,"gg_project_id":"GG2050-REPD-9029","name":"Macaulay Lane Solar Farm","operator":"SEC Power 3 Limited","repd_ref":"9029","repd_technology":"Solar Photovoltaics","status":"Application Withdrawn","technology":"solar"},"type":"Feature"},{"geometry":{"coordinates":[-2.5796051,51.545819],"type":"Point"},"id":"GG2050-REPD-1269","properties":{"capacity_mw":8.0,"gg_project_id":"GG2050-REPD-1269","name":"Oakham Farm","operator":"Anesco/Parklands Solar","repd_ref":"1269","repd_technology":"Solar Photovoltaics","status":"Operational","technology":"solar"},"type":"Feature"},{"geometry":{"coordinates":[0.8695221,51.3928834],"type":"Point"},"id":"GG2050-REPD-1727","properties":{"capacity_mw":8.0,"gg_project_id":"GG2050-REPD-1727","name":"Old Rides solar Farm","operator":"Sunsave 9 (Old Rides) Ltd/ Vogt solar","repd_ref":"1727","repd_technology":"Solar Photovoltaics","status":"Operational","technology":"solar"},"type":"Feature"},{"geometry":{"coordinates":[-1.6308376,51.7990111],"type":"Point"},"id":"GG2050-REPD-10605","properties":{"capacity_mw":8.0,"gg_project_id":"GG2050-REPD-10605","name":"Shilton Road - Solar Park","operator":"Ecotricity Generation Limited","repd_ref":"10605","repd_technology":"Solar Photovoltaics","status":"Awaiting Construction","technology":"solar"},"type":"Feature"},{"geometry":{"coordinates":[-2.9248618,50.7854608],"type":"Point"},"id":"GG2050-REPD-2064","properties":{"capacity_mw":8.0,"gg_project_id":"GG2050-REPD-2064","name":"Stonebarrow Farm","operator":"British Solar Renewables (formerly known as Solar Power Generation)","repd_ref":"2064","repd_technology":"Solar Photovoltaics","status":"Operational","technology":"solar"},"type":"Feature"},{"geometry":{"coordinates":[-3.3263541,51.4191329],"type":"Point"},"id":"GG2050-REPD-6457","properties":{"capacity_mw":8.0,"gg_project_id":"GG2050-REPD-6457","name":"Sutton Mawr Solar Farm (extension)","operator":"Lightsource Renewable Energy (Rashmika SPV 1)","repd_ref":"6457","repd_technology":"Solar Photovoltaics","status":"Abandoned","technology":"solar"},"type":"Feature"},{"geometry":{"coordinates":[-2.8762821,51.3720463],"type":"Point"},"id":"GG2050-REPD-4856","properties":{"capacity_mw":8.0,"gg_project_id":"GG2050-REPD-4856","name":"The Grange","operator":"Elgin Energy EsCo","repd_ref":"4856","repd_technology":"Solar Photovoltaics","status":"Operational","technology":"solar"},"type":"Feature"},{"geometry":{"coordinates":[-0.9293804,53.3467642],"type":"Point"},"id":"GG2050-REPD-2356","properties":{"capacity_mw":8.0,"gg_project_id":"GG2050-REPD-2356","name":"Tiln Farm solar park","operator":"Pfalz Solar","repd_ref":"2356","repd_technology":"Solar Photovoltaics","status":"Operational","technology":"solar"},"type":"Feature"},{"geometry":{"coordinates":[-2.7241006,50.9987447],"type":"Point"},"id":"GG2050-REPD-1455","properties":{"capacity_mw":8.0,"gg_project_id":"GG2050-REPD-1455","name":"Tintinhull Forts Solar Park","operator":"Lumicity","repd_ref":"1455","repd_technology":"Solar Photovoltaics","status":"Revised","technology":"solar"},"type":"Feature"},{"geometry":{"coordinates":[-2.6003755,53.6746555],"type":"Point"},"id":"GG2050-REPD-1242","properties":{"capacity_mw":8.0,"gg_project_id":"GG2050-REPD-1242","name":"Tithe Barn Lane","operator":"Cassidy & Ashton Group","repd_ref":"1242","repd_technology":"Solar Photovoltaics","status":"Application Refused","technology":"solar"},"type":"Feature"},{"geometry":{"coordinates":[0.7757865,52.7449709],"type":"Point"},"id":"GG2050-REPD-1714","properties":{"capacity_mw":7.9,"gg_project_id":"GG2050-REPD-1714","name":"Claypit Moor Solar Farm (Lexham)","operator":"Lightsource Renewable Energy","repd_ref":"1714","repd_technology":"Solar Photovoltaics","status":"Operational","technology":"solar"},"type":"Feature"},{"geometry":{"coordinates":[-1.9749672,51.1610471],"type":"Point"},"id":"GG2050-REPD-1680","properties":{"capacity_mw":7.8,"gg_project_id":"GG2050-REPD-1680","name":"Deptford Farm solar park","operator":"Brilliant Harvest Installations","repd_ref":"1680","repd_technology":"Solar Photovoltaics","status":"Application Refused","technology":"solar"},"type":"Feature"},{"geometry":{"coordinates":[-2.9596896,51.3086466],"type":"Point"},"id":"GG2050-REPD-1396","properties":{"capacity_mw":7.8,"gg_project_id":"GG2050-REPD-1396","name":"South Hill Farm solar park","operator":"Energi","repd_ref":"1396","repd_technology":"Solar Photovoltaics","status":"Application Refused","technology":"solar"},"type":"Feature"},{"geometry":{"coordinates":[-3.947571,51.7006614],"type":"Point"},"id":"GG2050-REPD-1953","properties":{"capacity_mw":7.7,"gg_project_id":"GG2050-REPD-1953","name":"Abergelli Glas Solar Farm","operator":"Foresight","repd_ref":"1953","repd_technology":"Solar Photovoltaics","status":"Operational","technology":"solar"},"type":"Feature"},{"geometry":{"coordinates":[-2.9707956,54.9508811],"type":"Point"},"id":"GG2050-REPD-5715","properties":{"capacity_mw":7.7,"gg_project_id":"GG2050-REPD-5715","name":"Blackdyke Farm","operator":"New Energy for the World","repd_ref":"5715","repd_technology":"Solar Photovoltaics","status":"Abandoned","technology":"solar"},"type":"Feature"},{"geometry":{"coordinates":[0.273965,52.0426643],"type":"Point"},"id":"GG2050-REPD-4824","properties":{"capacity_mw":7.7,"gg_project_id":"GG2050-REPD-4824","name":"Butlers Farm","operator":"Push Energy","repd_ref":"4824","repd_technology":"Solar Photovoltaics","status":"Appeal Refused","technology":"solar"},"type":"Feature"},{"geometry":{"coordinates":[-5.0950523,50.3061897],"type":"Point"},"id":"GG2050-REPD-1754","properties":{"capacity_mw":7.7,"gg_project_id":"GG2050-REPD-1754","name":"Nanteague Farm","operator":"British Solar Renewables","repd_ref":"1754","repd_technology":"Solar Photovoltaics","status":"Operational","technology":"solar"},"type":"Feature"},{"geometry":{"coordinates":[-2.4064621,51.6435638],"type":"Point"},"id":"GG2050-REPD-2083","properties":{"capacity_mw":7.7,"gg_project_id":"GG2050-REPD-2083","name":"Upper Huntingford Farm","operator":"Foresight","repd_ref":"2083","repd_technology":"Solar Photovoltaics","status":"Operational","technology":"solar"},"type":"Feature"},{"geometry":{"coordinates":[-4.9011902,51.6987045],"type":"Point"},"id":"GG2050-REPD-1244","properties":{"capacity_mw":7.7,"gg_project_id":"GG2050-REPD-1244","name":"West Farm (Solar)","operator":"Vogt Solar","repd_ref":"1244","repd_technology":"Solar Photovoltaics","status":"Operational","technology":"solar"},"type":"Feature"},{"geometry":{"coordinates":[-4.239938,50.8143901],"type":"Point"},"id":"GG2050-REPD-13219","properties":{"capacity_mw":7.6,"gg_project_id":"GG2050-REPD-13219","name":"East Rightadown Farm, Brandis Corner - Solar Farm","operator":"Black Torrington Solar Limited","repd_ref":"13219","repd_technology":"Solar Photovoltaics","status":"Awaiting Construction","technology":"solar"},"type":"Feature"},{"geometry":{"coordinates":[-2.902204,50.9354563],"type":"Point"},"id":"GG2050-REPD-1606","properties":{"capacity_mw":7.6,"gg_project_id":"GG2050-REPD-1606","name":"Parsonage Barn (extension)","operator":"Private Developer","repd_ref":"1606","repd_technology":"Solar Photovoltaics","status":"Operational","technology":"solar"},"type":"Feature"},{"geometry":{"coordinates":[-0.3421824,50.9463428],"type":"Point"},"id":"GG2050-REPD-1536","properties":{"capacity_mw":7.6,"gg_project_id":"GG2050-REPD-1536","name":"Priors Byne Farm","operator":"Gamma Solar Limited","repd_ref":"1536","repd_technology":"Solar Photovoltaics","status":"Operational","technology":"solar"},"type":"Feature"},{"geometry":{"coordinates":[-2.0994298,51.5611641],"type":"Point"},"id":"GG2050-REPD-1394","properties":{"capacity_mw":7.6,"gg_project_id":"GG2050-REPD-1394","name":"Rodbourne Rail Farm - Solar Park","operator":"British Solar Renewables","repd_ref":"1394","repd_technology":"Solar Photovoltaics","status":"Operational","technology":"solar"},"type":"Feature"},{"geometry":{"coordinates":[-2.5020638,51.3529737],"type":"Point"},"id":"GG2050-REPD-1470","properties":{"capacity_mw":7.6,"gg_project_id":"GG2050-REPD-1470","name":"Wilmington Farm","operator":"TGC Renewables","repd_ref":"1470","repd_technology":"Solar Photovoltaics","status":"Application Refused","technology":"solar"},"type":"Feature"},{"geometry":{"coordinates":[-4.5384989,50.4310501],"type":"Point"},"id":"GG2050-REPD-1111","properties":{"capacity_mw":7.5,"gg_project_id":"GG2050-REPD-1111","name":"Bodrawl Farm Solar Park","operator":"Kinetic Energy Ltd","repd_ref":"1111","repd_technology":"Solar Photovoltaics","status":"Application Withdrawn","technology":"solar"},"type":"Feature"},{"geometry":{"coordinates":[-0.484363,52.1767455],"type":"Point"},"id":"GG2050-REPD-1947","properties":{"capacity_mw":7.5,"gg_project_id":"GG2050-REPD-1947","name":"Clapham solar farm","operator":"SBC Renewables","repd_ref":"1947","repd_technology":"Solar Photovoltaics","status":"Operational","technology":"solar"},"type":"Feature"},{"geometry":{"coordinates":[-5.0883019,51.9185662],"type":"Point"},"id":"GG2050-REPD-1597","properties":{"capacity_mw":7.5,"gg_project_id":"GG2050-REPD-1597","name":"Clawddcam-Mathry Solar Farm","operator":"Ms Power Projects Ltd","repd_ref":"1597","repd_technology":"Solar Photovoltaics","status":"Abandoned","technology":"solar"},"type":"Feature"},{"geometry":{"coordinates":[-3.1279882,50.9261101],"type":"Point"},"id":"GG2050-REPD-1603","properties":{"capacity_mw":7.5,"gg_project_id":"GG2050-REPD-1603","name":"Culmhead Solar Farm","operator":"Anesco","repd_ref":"1603","repd_technology":"Solar Photovoltaics","status":"Operational","technology":"solar"},"type":"Feature"},{"geometry":{"coordinates":[-0.7432513,50.8474171],"type":"Point"},"id":"GG2050-REPD-6244","properties":{"capacity_mw":7.5,"gg_project_id":"GG2050-REPD-6244","name":"Former Westhampnett Landfill","operator":"West Sussex County Council","repd_ref":"6244","repd_technology":"Solar Photovoltaics","status":"Operational","technology":"solar"},"type":"Feature"},{"geometry":{"coordinates":[-0.8905182,51.7257261],"type":"Point"},"id":"GG2050-REPD-2346","properties":{"capacity_mw":7.5,"gg_project_id":"GG2050-REPD-2346","name":"Forty Green Farm","operator":"Hive Energy","repd_ref":"2346","repd_technology":"Solar Photovoltaics","status":"Application Refused","technology":"solar"},"type":"Feature"},{"geometry":{"coordinates":[-1.5714524,53.7118879],"type":"Point"},"id":"GG2050-REPD-2287","properties":{"capacity_mw":7.5,"gg_project_id":"GG2050-REPD-2287","name":"Haigh Hall Solar Farm","operator":"Oakapple Renewable Energy Ltd","repd_ref":"2287","repd_technology":"Solar Photovoltaics","status":"Revised","technology":"solar"},"type":"Feature"},{"geometry":{"coordinates":[-1.4406675,53.2075745],"type":"Point"},"id":"GG2050-REPD-16745","properties":{"capacity_mw":7.5,"gg_project_id":"GG2050-REPD-16745","name":"Langer Lane Solar Farm","operator":"Ethical Power Development Limited","repd_ref":"16745","repd_technology":"Solar Photovoltaics","status":"Awaiting Construction","technology":"solar"},"type":"Feature"},{"geometry":{"coordinates":[-3.6211986,51.7658392],"type":"Point"},"id":"GG2050-REPD-2215","properties":{"capacity_mw":7.5,"gg_project_id":"GG2050-REPD-2215","name":"Maesgwyn solar farm","operator":"Walters Group","repd_ref":"2215","repd_technology":"Solar Photovoltaics","status":"Operational","technology":"solar"},"type":"Feature"},{"geometry":{"coordinates":[-3.4966787,51.7196548],"type":"Point"},"id":"GG2050-REPD-1936","properties":{"capacity_mw":7.5,"gg_project_id":"GG2050-REPD-1936","name":"Mynydd Bwllfa solar farm","operator":"Walters Group","repd_ref":"1936","repd_technology":"Solar Photovoltaics","status":"Planning Permission Expired","technology":"solar"},"type":"Feature"},{"geometry":{"coordinates":[-4.6742083,55.6132036],"type":"Point"},"id":"GG2050-REPD-13030","properties":{"capacity_mw":7.5,"gg_project_id":"GG2050-REPD-13030","name":"Nethermains - Solar Farm","operator":"North Ayrshire Council","repd_ref":"13030","repd_technology":"Solar Photovoltaics","status":"Under Construction","technology":"solar"},"type":"Feature"},{"geometry":{"coordinates":[-3.4297063,50.7028156],"type":"Point"},"id":"GG2050-REPD-2183","properties":{"capacity_mw":7.5,"gg_project_id":"GG2050-REPD-2183","name":"Orchard solar park","operator":"Solstice Renewables","repd_ref":"2183","repd_technology":"Solar Photovoltaics","status":"Revised","technology":"solar"},"type":"Feature"},{"geometry":{"coordinates":[-1.6947877,52.2768954],"type":"Point"},"id":"GG2050-REPD-2262","properties":{"capacity_mw":7.5,"gg_project_id":"GG2050-REPD-2262","name":"Park Farm (Claverdon)","operator":"BERTY 003","repd_ref":"2262","repd_technology":"Solar Photovoltaics","status":"Appeal Refused","technology":"solar"},"type":"Feature"},{"geometry":{"coordinates":[-3.3269706,51.4185684],"type":"Point"},"id":"GG2050-REPD-1823","properties":{"capacity_mw":7.5,"gg_project_id":"GG2050-REPD-1823","name":"Sutton Mawr Farm","operator":"Lightsource Renewable Energy","repd_ref":"1823","repd_technology":"Solar Photovoltaics","status":"Operational","technology":"solar"},"type":"Feature"},{"geometry":{"coordinates":[-1.3263331,51.8790759],"type":"Point"},"id":"GG2050-REPD-2341","properties":{"capacity_mw":7.5,"gg_project_id":"GG2050-REPD-2341","name":"Wootton Balk","operator":"Lightsource Renewable Energy","repd_ref":"2341","repd_technology":"Solar Photovoltaics","status":"Application Refused","technology":"solar"},"type":"Feature"},{"geometry":{"coordinates":[-3.388595,51.4536701],"type":"Point"},"id":"GG2050-REPD-1895","properties":{"capacity_mw":7.4,"gg_project_id":"GG2050-REPD-1895","name":"Garn Solar Farm","operator":"Equitix","repd_ref":"1895","repd_technology":"Solar Photovoltaics","status":"Operational","technology":"solar"},"type":"Feature"},{"geometry":{"coordinates":[1.3889818,52.5757121],"type":"Point"},"id":"GG2050-REPD-1909","properties":{"capacity_mw":7.3,"gg_project_id":"GG2050-REPD-1909","name":"Avenue Farm","operator":"Lightsource Renewable Energy","repd_ref":"1909","repd_technology":"Solar Photovoltaics","status":"Operational","technology":"solar"},"type":"Feature"},{"geometry":{"coordinates":[-3.9762994,50.3332323],"type":"Point"},"id":"GG2050-REPD-6591","properties":{"capacity_mw":7.3,"gg_project_id":"GG2050-REPD-6591","name":"Creacombe Solar Farm","operator":"Gnaton Farm","repd_ref":"6591","repd_technology":"Solar Photovoltaics","status":"Operational","technology":"solar"},"type":"Feature"},{"geometry":{"coordinates":[-1.1375232,50.7105919],"type":"Point"},"id":"GG2050-REPD-1762","properties":{"capacity_mw":7.3,"gg_project_id":"GG2050-REPD-1762","name":"East Fairlee","operator":"The Solar Building Company Ltd","repd_ref":"1762","repd_technology":"Solar Photovoltaics","status":"Operational","technology":"solar"},"type":"Feature"},{"geometry":{"coordinates":[-5.3661108,50.2109631],"type":"Point"},"id":"GG2050-REPD-1601","properties":{"capacity_mw":7.3,"gg_project_id":"GG2050-REPD-1601","name":"Hope Solar Farm","operator":"Hope Solar Park Ltd","repd_ref":"1601","repd_technology":"Solar Photovoltaics","status":"Operational","technology":"solar"},"type":"Feature"},{"geometry":{"coordinates":[1.0033831,52.3301471],"type":"Point"},"id":"GG2050-REPD-10164","properties":{"capacity_mw":7.3,"gg_project_id":"GG2050-REPD-10164","name":"Suggenhall Farm - Photovoltaic Solar Array & Battery Storage","operator":"RNA Energy Limited","repd_ref":"10164","repd_technology":"Solar Photovoltaics","status":"Awaiting Construction","technology":"solar"},"type":"Feature"},{"geometry":{"coordinates":[-4.1376651,51.1461216],"type":"Point"},"id":"GG2050-REPD-1828","properties":{"capacity_mw":7.3,"gg_project_id":"GG2050-REPD-1828","name":"West Hill Farm (solar)","operator":"Lumicity","repd_ref":"1828","repd_technology":"Solar Photovoltaics","status":"Operational","technology":"solar"},"type":"Feature"},{"geometry":{"coordinates":[-0.0579805,51.8258805],"type":"Point"},"id":"GG2050-REPD-13928","properties":{"capacity_mw":7.3,"gg_project_id":"GG2050-REPD-13928","name":"Westmill Quarry, Westmill Road - Solar Farm","operator":"Biffa Waste Services Limited","repd_ref":"13928","repd_technology":"Solar Photovoltaics","status":"Application Submitted","technology":"solar"},"type":"Feature"},{"geometry":{"coordinates":[-5.1413652,50.3038848],"type":"Point"},"id":"GG2050-REPD-1595","properties":{"capacity_mw":7.2,"gg_project_id":"GG2050-REPD-1595","name":"Four Burrows Solar farm","operator":"TRIG","repd_ref":"1595","repd_technology":"Solar Photovoltaics","status":"Operational","technology":"solar"},"type":"Feature"},{"geometry":{"coordinates":[-2.8660534,53.1695555],"type":"Point"},"id":"GG2050-REPD-6532","properties":{"capacity_mw":7.2,"gg_project_id":"GG2050-REPD-6532","name":"Huntington Water Treatment Works","operator":"United Utilities","repd_ref":"6532","repd_technology":"Solar Photovoltaics","status":"Operational","technology":"solar"},"type":"Feature"},{"geometry":{"coordinates":[-2.1129645,51.6264738],"type":"Point"},"id":"GG2050-REPD-1304","properties":{"capacity_mw":7.2,"gg_project_id":"GG2050-REPD-1304","name":"NEWNTON DAIRY FARM","operator":"Anesco","repd_ref":"1304","repd_technology":"Solar Photovoltaics","status":"Operational","technology":"solar"},"type":"Feature"},{"geometry":{"coordinates":[-1.7036521,50.7569197],"type":"Point"},"id":"GG2050-REPD-1273","properties":{"capacity_mw":7.2,"gg_project_id":"GG2050-REPD-1273","name":"Office Field","operator":"Anesco","repd_ref":"1273","repd_technology":"Solar Photovoltaics","status":"Operational","technology":"solar"},"type":"Feature"},{"geometry":{"coordinates":[-2.8546532,51.3315177],"type":"Point"},"id":"GG2050-REPD-1203","properties":{"capacity_mw":7.2,"gg_project_id":"GG2050-REPD-1203","name":"Towerbrook Farm (Banwell Solar Farm)","operator":"Aquila Capital","repd_ref":"1203","repd_technology":"Solar Photovoltaics","status":"Operational","technology":"solar"},"type":"Feature"},{"geometry":{"coordinates":[-2.9178835,52.9454482],"type":"Point"},"id":"GG2050-REPD-2079","properties":{"capacity_mw":7.2,"gg_project_id":"GG2050-REPD-2079","name":"Trench Farm","operator":"Lightsource Renewable Energy","repd_ref":"2079","repd_technology":"Solar Photovoltaics","status":"Operational","technology":"solar"},"type":"Feature"},{"geometry":{"coordinates":[-2.8246438,51.3501394],"type":"Point"},"id":"GG2050-REPD-1952","properties":{"capacity_mw":7.1,"gg_project_id":"GG2050-REPD-1952","name":"Congresbury Solar Farm","operator":"FIM Solar Distribution","repd_ref":"1952","repd_technology":"Solar Photovoltaics","status":"Operational","technology":"solar"},"type":"Feature"},{"geometry":{"coordinates":[-1.1772867,52.7383981],"type":"Point"},"id":"GG2050-REPD-5434","properties":{"capacity_mw":7.1,"gg_project_id":"GG2050-REPD-5434","name":"Land at Mill Farm","operator":"TGC Renewables","repd_ref":"5434","repd_technology":"Solar Photovoltaics","status":"Planning Permission Expired","technology":"solar"},"type":"Feature"},{"geometry":{"coordinates":[-1.5122801,51.163631],"type":"Point"},"id":"GG2050-REPD-4874","properties":{"capacity_mw":7.0,"gg_project_id":"GG2050-REPD-4874","name":"Abbots Ann","operator":"British Solar Renewables","repd_ref":"4874","repd_technology":"Solar Photovoltaics","status":"Operational","technology":"solar"},"type":"Feature"},{"geometry":{"coordinates":[1.6253506,52.4813482],"type":"Point"},"id":"GG2050-REPD-8365","properties":{"capacity_mw":7.0,"gg_project_id":"GG2050-REPD-8365","name":"Aldeby Landfill Site Solar Park","operator":"Infinis Solar Developments Limited","repd_ref":"8365","repd_technology":"Solar Photovoltaics","status":"Awaiting Construction","technology":"solar"},"type":"Feature"},{"geometry":{"coordinates":[-6.088289,54.5132451],"type":"Point"},"id":"GG2050-REPD-5331","properties":{"capacity_mw":7.0,"gg_project_id":"GG2050-REPD-5331","name":"Ballinderry Road Solar Phase 2 (Lisburn)","operator":"RAD Energy One/ Island Green Power","repd_ref":"5331","repd_technology":"Solar Photovoltaics","status":"Operational","technology":"solar"},"type":"Feature"},{"geometry":{"coordinates":[-1.9243026,50.8173235],"type":"Point"},"id":"GG2050-REPD-2114","properties":{"capacity_mw":7.0,"gg_project_id":"GG2050-REPD-2114","name":"Bedborough Farm","operator":"Solstice Renewables Ltd","repd_ref":"2114","repd_technology":"Solar Photovoltaics","status":"Operational","technology":"solar"},"type":"Feature"},{"geometry":{"coordinates":[-4.5353291,52.1056617],"type":"Point"},"id":"GG2050-REPD-1327","properties":{"capacity_mw":7.0,"gg_project_id":"GG2050-REPD-1327","name":"Blaenporth Solar Farm","operator":"Juwi Renewable Energies","repd_ref":"1327","repd_technology":"Solar Photovoltaics","status":"Planning Permission Expired","technology":"solar"},"type":"Feature"},{"geometry":{"coordinates":[-4.9291716,50.3315768],"type":"Point"},"id":"GG2050-REPD-1642","properties":{"capacity_mw":7.0,"gg_project_id":"GG2050-REPD-1642","name":"Carnemough Farm Solar Park","operator":"Elgin Energy EsCo","repd_ref":"1642","repd_technology":"Solar Photovoltaics","status":"Operational","technology":"solar"},"type":"Feature"},{"geometry":{"coordinates":[-2.6460924,51.5412546],"type":"Point"},"id":"GG2050-REPD-20361","properties":{"capacity_mw":7.0,"gg_project_id":"GG2050-REPD-20361","name":"Central Park - Solar Farm & Battery Storage","operator":"Severnside Distribution Lane Limited","repd_ref":"20361","repd_technology":"Solar Photovoltaics","status":"Application Submitted","technology":"solar"},"type":"Feature"},{"geometry":{"coordinates":[1.2134354,51.2235542],"type":"Point"},"id":"GG2050-REPD-1948","properties":{"capacity_mw":7.0,"gg_project_id":"GG2050-REPD-1948","name":"Chapmans Hill","operator":"BNRG Renewables","repd_ref":"1948","repd_technology":"Solar Photovoltaics","status":"Application Withdrawn","technology":"solar"},"type":"Feature"},{"geometry":{"coordinates":[-0.6394576,51.1859449],"type":"Point"},"id":"GG2050-REPD-1287","properties":{"capacity_mw":7.0,"gg_project_id":"GG2050-REPD-1287","name":"Eashing Farm","operator":"Solar Power South","repd_ref":"1287","repd_technology":"Solar Photovoltaics","status":"Revised","technology":"solar"},"type":"Feature"},{"geometry":{"coordinates":[-3.252753,50.7333153],"type":"Point"},"id":"GG2050-REPD-1457","properties":{"capacity_mw":7.0,"gg_project_id":"GG2050-REPD-1457","name":"East Hill Strips","operator":"Lumicity","repd_ref":"1457","repd_technology":"Solar Photovoltaics","status":"Revised","technology":"solar"},"type":"Feature"},{"geometry":{"coordinates":[-3.252753,50.7333153],"type":"Point"},"id":"GG2050-REPD-1782","properties":{"capacity_mw":7.0,"gg_project_id":"GG2050-REPD-1782","name":"East Hill Strips","operator":"Lumicity","repd_ref":"1782","repd_technology":"Solar Photovoltaics","status":"Application Refused","technology":"solar"},"type":"Feature"},{"geometry":{"coordinates":[-1.4658224,52.066531],"type":"Point"},"id":"GG2050-REPD-1899","properties":{"capacity_mw":7.0,"gg_project_id":"GG2050-REPD-1899","name":"Epwell Grounds Farm solar park","operator":"Private Developer","repd_ref":"1899","repd_technology":"Solar Photovoltaics","status":"Operational","technology":"solar"},"type":"Feature"},{"geometry":{"coordinates":[-5.1207177,50.2897243],"type":"Point"},"id":"GG2050-REPD-1897","properties":{"capacity_mw":7.0,"gg_project_id":"GG2050-REPD-1897","name":"Garvinack Farm Solar Park","operator":"Lumicity","repd_ref":"1897","repd_technology":"Solar Photovoltaics","status":"Operational","technology":"solar"},"type":"Feature"},{"geometry":{"coordinates":[-1.3487659,51.6330319],"type":"Point"},"id":"GG2050-REPD-1908","properties":{"capacity_mw":7.0,"gg_project_id":"GG2050-REPD-1908","name":"Goose Willow Farm - extension","operator":"Ikaros Solar Limited","repd_ref":"1908","repd_technology":"Solar Photovoltaics","status":"Operational","technology":"solar"},"type":"Feature"},{"geometry":{"coordinates":[1.1535395,51.9119021],"type":"Point"},"id":"GG2050-REPD-1417","properties":{"capacity_mw":7.0,"gg_project_id":"GG2050-REPD-1417","name":"Green Farm (Wix Manningtree)","operator":"Hive Energy","repd_ref":"1417","repd_technology":"Solar Photovoltaics","status":"Revised","technology":"solar"},"type":"Feature"},{"geometry":{"coordinates":[-1.2258113,53.1235828],"type":"Point"},"id":"GG2050-REPD-20136","properties":{"capacity_mw":7.0,"gg_project_id":"GG2050-REPD-20136","name":"Hamilton Road - Solar Farm","operator":"Hamilton Solar Limited","repd_ref":"20136","repd_technology":"Solar Photovoltaics","status":"Application Refused","technology":"solar"},"type":"Feature"},{"geometry":{"coordinates":[-1.2258113,53.1235828],"type":"Point"},"id":"GG2050-REPD-8378","properties":{"capacity_mw":7.0,"gg_project_id":"GG2050-REPD-8378","name":"Hamilton Road - Solar Farm","operator":"Hamilton Solar Limited","repd_ref":"8378","repd_technology":"Solar Photovoltaics","status":"Revised","technology":"solar"},"type":"Feature"},{"geometry":{"coordinates":[-1.461007,52.5547822],"type":"Point"},"id":"GG2050-REPD-12327","properties":{"capacity_mw":7.0,"gg_project_id":"GG2050-REPD-12327","name":"Horiba Mira, Mira Drive - Solar Array","operator":"Motor Industry Research Association","repd_ref":"12327","repd_technology":"Solar Photovoltaics","status":"Operational","technology":"solar"},"type":"Feature"},{"geometry":{"coordinates":[-2.1650579,51.5430802],"type":"Point"},"id":"GG2050-REPD-2384","properties":{"capacity_mw":7.0,"gg_project_id":"GG2050-REPD-2384","name":"Hullavington Solar Park","operator":"Wessex Solar Energy","repd_ref":"2384","repd_technology":"Solar Photovoltaics","status":"Operational","technology":"solar"},"type":"Feature"},{"geometry":{"coordinates":[0.8125418,51.0611649],"type":"Point"},"id":"GG2050-REPD-2138","properties":{"capacity_mw":7.0,"gg_project_id":"GG2050-REPD-2138","name":"Kenardington Place Farm","operator":"Kronos Solar","repd_ref":"2138","repd_technology":"Solar Photovoltaics","status":"Operational","technology":"solar"},"type":"Feature"},{"geometry":{"coordinates":[-1.2301238,51.6521314],"type":"Point"},"id":"GG2050-REPD-4749","properties":{"capacity_mw":7.0,"gg_project_id":"GG2050-REPD-4749","name":"Land adjacent to Culham Science Centre","operator":"Culham Renewables","repd_ref":"4749","repd_technology":"Solar Photovoltaics","status":"Abandoned","technology":"solar"},"type":"Feature"},{"geometry":{"coordinates":[-0.8641013,52.0166664],"type":"Point"},"id":"GG2050-REPD-1184","properties":{"capacity_mw":7.0,"gg_project_id":"GG2050-REPD-1184","name":"Land At Potash Farm","operator":"PS Renewables","repd_ref":"1184","repd_technology":"Solar Photovoltaics","status":"Operational","technology":"solar"},"type":"Feature"},{"geometry":{"coordinates":[-2.2952977,52.2430887],"type":"Point"},"id":"GG2050-REPD-5541","properties":{"capacity_mw":7.0,"gg_project_id":"GG2050-REPD-5541","name":"Land at Winshenford","operator":"Elgar Middleton","repd_ref":"5541","repd_technology":"Solar Photovoltaics","status":"Application Refused","technology":"solar"},"type":"Feature"},{"geometry":{"coordinates":[0.1202023,50.8684152],"type":"Point"},"id":"GG2050-REPD-1918","properties":{"capacity_mw":7.0,"gg_project_id":"GG2050-REPD-1918","name":"Laughton Level","operator":"Wessex Solar Energy","repd_ref":"1918","repd_technology":"Solar Photovoltaics","status":"Operational","technology":"solar"},"type":"Feature"},{"geometry":{"coordinates":[-1.3506554,52.3554206],"type":"Point"},"id":"GG2050-REPD-6484","properties":{"capacity_mw":7.0,"gg_project_id":"GG2050-REPD-6484","name":"Ling Hall","operator":"REG Solarpower/Veolia","repd_ref":"6484","repd_technology":"Solar Photovoltaics","status":"Operational","technology":"solar"},"type":"Feature"},{"geometry":{"coordinates":[-0.3054837,52.1270528],"type":"Point"},"id":"GG2050-REPD-9349","properties":{"capacity_mw":7.0,"gg_project_id":"GG2050-REPD-9349","name":"Moggerhanger Road, Sandy - Solar Farm","operator":"Kach Capital Estates Limited","repd_ref":"9349","repd_technology":"Solar Photovoltaics","status":"Application Submitted","technology":"solar"},"type":"Feature"},{"geometry":{"coordinates":[-1.3686793,53.9469284],"type":"Point"},"id":"GG2050-REPD-15520","properties":{"capacity_mw":7.0,"gg_project_id":"GG2050-REPD-15520","name":"Moto Wetherby Motorway Service Area, Deighton Gates Roundabout - Solar Farm","operator":"Moto Hospitality Limited","repd_ref":"15520","repd_technology":"Solar Photovoltaics","status":"Awaiting Construction","technology":"solar"},"type":"Feature"},{"geometry":{"coordinates":[-2.6796868,51.1481212],"type":"Point"},"id":"GG2050-REPD-2134","properties":{"capacity_mw":7.0,"gg_project_id":"GG2050-REPD-2134","name":"Norwood Park Farm","operator":"juwi Renewable Energies","repd_ref":"2134","repd_technology":"Solar Photovoltaics","status":"Appeal Refused","technology":"solar"},"type":"Feature"},{"geometry":{"coordinates":[0.4466912,51.6218972],"type":"Point"},"id":"GG2050-REPD-6170","properties":{"capacity_mw":7.0,"gg_project_id":"GG2050-REPD-6170","name":"Outwood Farm (Phase 2)","operator":"Wirsol","repd_ref":"6170","repd_technology":"Solar Photovoltaics","status":"Awaiting Construction","technology":"solar"},"type":"Feature"},{"geometry":{"coordinates":[-2.9236709,51.1780741],"type":"Point"},"id":"GG2050-REPD-2015","properties":{"capacity_mw":7.0,"gg_project_id":"GG2050-REPD-2015","name":"Pyde Drove","operator":"Wessex Solar Energy","repd_ref":"2015","repd_technology":"Solar Photovoltaics","status":"Operational","technology":"solar"},"type":"Feature"},{"geometry":{"coordinates":[-3.7613873,56.2558934],"type":"Point"},"id":"GG2050-REPD-9585","properties":{"capacity_mw":7.0,"gg_project_id":"GG2050-REPD-9585","name":"Rowan Gate - Solar Farm","operator":"Blackford Farms","repd_ref":"9585","repd_technology":"Solar Photovoltaics","status":"Awaiting Construction","technology":"solar"},"type":"Feature"},{"geometry":{"coordinates":[-1.6067133,51.4203794],"type":"Point"},"id":"GG2050-REPD-1091","properties":{"capacity_mw":7.0,"gg_project_id":"GG2050-REPD-1091","name":"RUDGE FARM SOLAR FARM","operator":"Orta Solar","repd_ref":"1091","repd_technology":"Solar Photovoltaics","status":"Operational","technology":"solar"},"type":"Feature"},{"geometry":{"coordinates":[-3.3985333,50.765004],"type":"Point"},"id":"GG2050-REPD-2055","properties":{"capacity_mw":7.0,"gg_project_id":"GG2050-REPD-2055","name":"SAUNDERCROFT SOLAR FARM","operator":"NextEnery Solar Fund (NESF)","repd_ref":"2055","repd_technology":"Solar Photovoltaics","status":"Operational","technology":"solar"},"type":"Feature"},{"geometry":{"coordinates":[-2.5864195,51.2587965],"type":"Point"},"id":"GG2050-REPD-1575","properties":{"capacity_mw":7.0,"gg_project_id":"GG2050-REPD-1575","name":"Shooters Bottom Solar Park","operator":"Anesco","repd_ref":"1575","repd_technology":"Solar Photovoltaics","status":"Operational","technology":"solar"},"type":"Feature"},{"geometry":{"coordinates":[-4.9277944,50.4229057],"type":"Point"},"id":"GG2050-REPD-1566","properties":{"capacity_mw":7.0,"gg_project_id":"GG2050-REPD-1566","name":"St Columb Major Solar Farm","operator":"Inazin Solar (previoulsy owned by Low Carbon Solar)","repd_ref":"1566","repd_technology":"Solar Photovoltaics","status":"Operational","technology":"solar"},"type":"Feature"},{"geometry":{"coordinates":[-2.1739248,50.7107543],"type":"Point"},"id":"GG2050-REPD-1060","properties":{"capacity_mw":7.0,"gg_project_id":"GG2050-REPD-1060","name":"Trigon Solar Farm","operator":"Trigon Solar Farm Ltd","repd_ref":"1060","repd_technology":"Solar Photovoltaics","status":"Operational","technology":"solar"},"type":"Feature"},{"geometry":{"coordinates":[-1.1619457,51.6573744],"type":"Point"},"id":"GG2050-REPD-5551","properties":{"capacity_mw":7.0,"gg_project_id":"GG2050-REPD-5551","name":"Wally Corner Landfill Site","operator":"SBC Renewables","repd_ref":"5551","repd_technology":"Solar Photovoltaics","status":"Operational","technology":"solar"},"type":"Feature"},{"geometry":{"coordinates":[-3.4049406,51.3949182],"type":"Point"},"id":"GG2050-REPD-2359","properties":{"capacity_mw":7.0,"gg_project_id":"GG2050-REPD-2359","name":"West Hall Solar Farm","operator":"INRG Solar","repd_ref":"2359","repd_technology":"Solar Photovoltaics","status":"Operational","technology":"solar"},"type":"Feature"},{"geometry":{"coordinates":[-1.5062465,51.162149],"type":"Point"},"id":"GG2050-REPD-1156","properties":{"capacity_mw":7.0,"gg_project_id":"GG2050-REPD-1156","name":"Westover Farm","operator":"SPGL (Solar Power Generation Limited)","repd_ref":"1156","repd_technology":"Solar Photovoltaics","status":"Revised","technology":"solar"},"type":"Feature"},{"geometry":{"coordinates":[-1.5062465,51.162149],"type":"Point"},"id":"GG2050-REPD-2090","properties":{"capacity_mw":7.0,"gg_project_id":"GG2050-REPD-2090","name":"Westover Farm","operator":"Private Developer","repd_ref":"2090","repd_technology":"Solar Photovoltaics","status":"Operational","technology":"solar"},"type":"Feature"},{"geometry":{"coordinates":[-3.3075337,51.4177978],"type":"Point"},"id":"GG2050-REPD-2338","properties":{"capacity_mw":7.0,"gg_project_id":"GG2050-REPD-2338","name":"Weycock Road","operator":"Elgin Energy EsCo","repd_ref":"2338","repd_technology":"Solar Photovoltaics","status":"Operational","technology":"solar"},"type":"Feature"},{"geometry":{"coordinates":[0.1906212,50.8422376],"type":"Point"},"id":"GG2050-REPD-1922","properties":{"capacity_mw":7.0,"gg_project_id":"GG2050-REPD-1922","name":"Wilbees Farm","operator":"Hive Energy","repd_ref":"1922","repd_technology":"Solar Photovoltaics","status":"Revised","technology":"solar"},"type":"Feature"},{"geometry":{"coordinates":[-1.485468,50.6871874],"type":"Point"},"id":"GG2050-REPD-1343","properties":{"capacity_mw":7.0,"gg_project_id":"GG2050-REPD-1343","name":"Wilmingham Lane Solar Farm","operator":"Low Carbon Solar","repd_ref":"1343","repd_technology":"Solar Photovoltaics","status":"Operational","technology":"solar"},"type":"Feature"},{"geometry":{"coordinates":[-2.0944316,52.5922169],"type":"Point"},"id":"GG2050-REPD-9527","properties":{"capacity_mw":6.9,"gg_project_id":"GG2050-REPD-9527","name":"Bowmans Harbour Solar Farm","operator":"Wolverhampton City Council","repd_ref":"9527","repd_technology":"Solar Photovoltaics","status":"Under Construction","technology":"solar"},"type":"Feature"},{"geometry":{"coordinates":[-3.7113169,50.7197594],"type":"Point"},"id":"GG2050-REPD-1071","properties":{"capacity_mw":6.9,"gg_project_id":"GG2050-REPD-1071","name":"Goldcross Hill","operator":"Fulford Solar Park Ltd","repd_ref":"1071","repd_technology":"Solar Photovoltaics","status":"Application Refused","technology":"solar"},"type":"Feature"},{"geometry":{"coordinates":[-2.3715154,51.9183839],"type":"Point"},"id":"GG2050-REPD-4939","properties":{"capacity_mw":6.9,"gg_project_id":"GG2050-REPD-4939","name":"Land At Rymes Farm (Phase 1)","operator":"TGC Renewables","repd_ref":"4939","repd_technology":"Solar Photovoltaics","status":"Operational","technology":"solar"},"type":"Feature"},{"geometry":{"coordinates":[0.807834,51.1681759],"type":"Point"},"id":"GG2050-REPD-1925","properties":{"capacity_mw":6.9,"gg_project_id":"GG2050-REPD-1925","name":"Oaklands Farm","operator":"Lightsource Renewable Energy","repd_ref":"1925","repd_technology":"Solar Photovoltaics","status":"Operational","technology":"solar"},"type":"Feature"},{"geometry":{"coordinates":[-4.0290808,51.7873799],"type":"Point"},"id":"GG2050-REPD-1781","properties":{"capacity_mw":6.9,"gg_project_id":"GG2050-REPD-1781","name":"Pen Y Cae solar farm","operator":"Rockfire Capital","repd_ref":"1781","repd_technology":"Solar Photovoltaics","status":"Operational","technology":"solar"},"type":"Feature"},{"geometry":{"coordinates":[-2.3163473,52.2106957],"type":"Point"},"id":"GG2050-REPD-5130","properties":{"capacity_mw":6.8,"gg_project_id":"GG2050-REPD-5130","name":"Allsetts Farm","operator":"Gamma Solar Limited","repd_ref":"5130","repd_technology":"Solar Photovoltaics","status":"Planning Permission Expired","technology":"solar"},"type":"Feature"},{"geometry":{"coordinates":[-2.9040604,51.2556946],"type":"Point"},"id":"GG2050-REPD-2375","properties":{"capacity_mw":6.8,"gg_project_id":"GG2050-REPD-2375","name":"Ashlawn Farm","operator":"Brilliant Harvest","repd_ref":"2375","repd_technology":"Solar Photovoltaics","status":"Operational","technology":"solar"},"type":"Feature"},{"geometry":{"coordinates":[-2.3184226,51.1948392],"type":"Point"},"id":"GG2050-REPD-2316","properties":{"capacity_mw":6.8,"gg_project_id":"GG2050-REPD-2316","name":"Court Farm (Frome)","operator":"Sunsave 24 (West Woodlands) Limited","repd_ref":"2316","repd_technology":"Solar Photovoltaics","status":"Appeal Refused","technology":"solar"},"type":"Feature"},{"geometry":{"coordinates":[-3.3596766,51.172568],"type":"Point"},"id":"GG2050-REPD-2342","properties":{"capacity_mw":6.8,"gg_project_id":"GG2050-REPD-2342","name":"Higher Bye Farm","operator":"Anesco","repd_ref":"2342","repd_technology":"Solar Photovoltaics","status":"Operational","technology":"solar"},"type":"Feature"},{"geometry":{"coordinates":[-2.0195916,51.1782677],"type":"Point"},"id":"GG2050-REPD-1748","properties":{"capacity_mw":6.8,"gg_project_id":"GG2050-REPD-1748","name":"Land at East Farm","operator":"Anesco","repd_ref":"1748","repd_technology":"Solar Photovoltaics","status":"Operational","technology":"solar"},"type":"Feature"},{"geometry":{"coordinates":[-2.2314051,51.2902588],"type":"Point"},"id":"GG2050-REPD-5324","properties":{"capacity_mw":6.8,"gg_project_id":"GG2050-REPD-5324","name":"Land at Poles Hole Farm","operator":"Sunsave 13 (Southwick)","repd_ref":"5324","repd_technology":"Solar Photovoltaics","status":"Operational","technology":"solar"},"type":"Feature"},{"geometry":{"coordinates":[-2.3737242,51.9199863],"type":"Point"},"id":"GG2050-REPD-4943","properties":{"capacity_mw":6.8,"gg_project_id":"GG2050-REPD-4943","name":"Land At Rymes Farm (Phase 2)/Grange Solar Farm","operator":"Solar Century (TGC Renewables)","repd_ref":"4943","repd_technology":"Solar Photovoltaics","status":"Operational","technology":"solar"},"type":"Feature"},{"geometry":{"coordinates":[-0.9772139,52.2060792],"type":"Point"},"id":"GG2050-REPD-5291","properties":{"capacity_mw":6.8,"gg_project_id":"GG2050-REPD-5291","name":"Land to the south of Hill Farm","operator":"TGC Renewables","repd_ref":"5291","repd_technology":"Solar Photovoltaics","status":"Revised","technology":"solar"},"type":"Feature"},{"geometry":{"coordinates":[-0.9772139,52.2060792],"type":"Point"},"id":"GG2050-REPD-5880","properties":{"capacity_mw":6.8,"gg_project_id":"GG2050-REPD-5880","name":"Land to the south of Hill Farm","operator":"TGC Renewables","repd_ref":"5880","repd_technology":"Solar Photovoltaics","status":"Operational","technology":"solar"},"type":"Feature"},{"geometry":{"coordinates":[-4.402452,50.7013089],"type":"Point"},"id":"GG2050-REPD-1728","properties":{"capacity_mw":6.8,"gg_project_id":"GG2050-REPD-1728","name":"Parabel North Beer Solar Farm","operator":"35 Degrees","repd_ref":"1728","repd_technology":"Solar Photovoltaics","status":"Operational","technology":"solar"},"type":"Feature"},{"geometry":{"coordinates":[-2.515366,51.334204],"type":"Point"},"id":"GG2050-REPD-1193","properties":{"capacity_mw":6.8,"gg_project_id":"GG2050-REPD-1193","name":"The Flats","operator":"Camborne Energy Investments (10) Ltd","repd_ref":"1193","repd_technology":"Solar Photovoltaics","status":"Revised","technology":"solar"},"type":"Feature"},{"geometry":{"coordinates":[-2.5161944,51.3338317],"type":"Point"},"id":"GG2050-REPD-2070","properties":{"capacity_mw":6.8,"gg_project_id":"GG2050-REPD-2070","name":"The Flatts","operator":"Camborne Energy Investments (10) Ltd","repd_ref":"2070","repd_technology":"Solar Photovoltaics","status":"Application Refused","technology":"solar"},"type":"Feature"},{"geometry":{"coordinates":[-2.6595078,53.4119517],"type":"Point"},"id":"GG2050-REPD-18815","properties":{"capacity_mw":6.8,"gg_project_id":"GG2050-REPD-18815","name":"The Hut Group, Skyline Drive - Solar Array","operator":"Olympus Power","repd_ref":"18815","repd_technology":"Solar Photovoltaics","status":"Awaiting Construction","technology":"solar"},"type":"Feature"},{"geometry":{"coordinates":[-0.077408,52.3556813],"type":"Point"},"id":"GG2050-REPD-1865","properties":{"capacity_mw":6.8,"gg_project_id":"GG2050-REPD-1865","name":"Wiggin Hill Solar Farm - Phase 1","operator":"Lightsource Renewable Energy","repd_ref":"1865","repd_technology":"Solar Photovoltaics","status":"Operational","technology":"solar"},"type":"Feature"},{"geometry":{"coordinates":[-2.5961908,50.8877728],"type":"Point"},"id":"GG2050-REPD-1898","properties":{"capacity_mw":6.7,"gg_project_id":"GG2050-REPD-1898","name":"Caswell Farm Solar Park","operator":"Juwi Renewable Energies","repd_ref":"1898","repd_technology":"Solar Photovoltaics","status":"Operational","technology":"solar"},"type":"Feature"},{"geometry":{"coordinates":[-4.4014445,50.7904442],"type":"Point"},"id":"GG2050-REPD-1094","properties":{"capacity_mw":6.7,"gg_project_id":"GG2050-REPD-1094","name":"CRINACOTT SOLAR FARM (Pyworthy)","operator":"Sunsave 4 Ltd/ Vogt Solar","repd_ref":"1094","repd_technology":"Solar Photovoltaics","status":"Operational","technology":"solar"},"type":"Feature"},{"geometry":{"coordinates":[-1.4915111,50.899269],"type":"Point"},"id":"GG2050-REPD-1933","properties":{"capacity_mw":6.7,"gg_project_id":"GG2050-REPD-1933","name":"Durley Farm","operator":"Hive Energy","repd_ref":"1933","repd_technology":"Solar Photovoltaics","status":"Application Withdrawn","technology":"solar"},"type":"Feature"},{"geometry":{"coordinates":[-2.0898137,51.9354437],"type":"Point"},"id":"GG2050-REPD-5090","properties":{"capacity_mw":6.7,"gg_project_id":"GG2050-REPD-5090","name":"Home Farm","operator":"Wirsol Energy","repd_ref":"5090","repd_technology":"Solar Photovoltaics","status":"Operational","technology":"solar"},"type":"Feature"},{"geometry":{"coordinates":[-4.0183994,51.7952792],"type":"Point"},"id":"GG2050-REPD-2355","properties":{"capacity_mw":6.7,"gg_project_id":"GG2050-REPD-2355","name":"Saron Road solar park","operator":"Anesco","repd_ref":"2355","repd_technology":"Solar Photovoltaics","status":"Operational","technology":"solar"},"type":"Feature"},{"geometry":{"coordinates":[-5.955595,54.6940069],"type":"Point"},"id":"GG2050-REPD-5463","properties":{"capacity_mw":6.7,"gg_project_id":"GG2050-REPD-5463","name":"Sealstown Road Solar Farm","operator":"Lightsource Renewable Energy","repd_ref":"5463","repd_technology":"Solar Photovoltaics","status":"Abandoned","technology":"solar"},"type":"Feature"},{"geometry":{"coordinates":[-2.9087785,56.6388546],"type":"Point"},"id":"GG2050-REPD-12845","properties":{"capacity_mw":6.68,"gg_project_id":"GG2050-REPD-12845","name":"Newfordpark House, Glamis Road - Solar Panels","operator":"Don & Low Limited","repd_ref":"12845","repd_technology":"Solar Photovoltaics","status":"Awaiting Construction","technology":"solar"},"type":"Feature"},{"geometry":{"coordinates":[0.3596465,51.1781424],"type":"Point"},"id":"GG2050-REPD-4936","properties":{"capacity_mw":6.6,"gg_project_id":"GG2050-REPD-4936","name":"Capel Grange Solar Park","operator":"West Coast Energy","repd_ref":"4936","repd_technology":"Solar Photovoltaics","status":"Operational","technology":"solar"},"type":"Feature"},{"geometry":{"coordinates":[0.7119262,51.2273905],"type":"Point"},"id":"GG2050-REPD-1816","properties":{"capacity_mw":6.6,"gg_project_id":"GG2050-REPD-1816","name":"East Lenham Solar Farm","operator":"Laurence Associates","repd_ref":"1816","repd_technology":"Solar Photovoltaics","status":"Operational","technology":"solar"},"type":"Feature"},{"geometry":{"coordinates":[-2.7240644,52.9608829],"type":"Point"},"id":"GG2050-REPD-1990","properties":{"capacity_mw":6.6,"gg_project_id":"GG2050-REPD-1990","name":"Hadley Solar Farm","operator":"Lightsource Renewable Energy","repd_ref":"1990","repd_technology":"Solar Photovoltaics","status":"Operational","technology":"solar"},"type":"Feature"},{"geometry":{"coordinates":[-1.6752044,51.1955335],"type":"Point"},"id":"GG2050-REPD-1385","properties":{"capacity_mw":6.6,"gg_project_id":"GG2050-REPD-1385","name":"Parkhouse Corner (Orta Solar)","operator":"Orta Solar","repd_ref":"1385","repd_technology":"Solar Photovoltaics","status":"Operational","technology":"solar"},"type":"Feature"},{"geometry":{"coordinates":[-0.4056108,53.6795832],"type":"Point"},"id":"GG2050-REPD-20992","properties":{"capacity_mw":6.6,"gg_project_id":"GG2050-REPD-20992","name":"Wren Kitchens & Bedrooms, Parrott Street - Solar Array","operator":"Wren Kitchens Limited","repd_ref":"20992","repd_technology":"Solar Photovoltaics","status":"Under Construction","technology":"solar"},"type":"Feature"},{"geometry":{"coordinates":[-2.8795906,56.6289032],"type":"Point"},"id":"GG2050-REPD-10962","properties":{"capacity_mw":6.5,"gg_project_id":"GG2050-REPD-10962","name":"Craignathro Farm - Solar Array","operator":"Craignathro Farms Limited","repd_ref":"10962","repd_technology":"Solar Photovoltaics","status":"Awaiting Construction","technology":"solar"},"type":"Feature"},{"geometry":{"coordinates":[-2.801477,52.4909557],"type":"Point"},"id":"GG2050-REPD-1997","properties":{"capacity_mw":6.5,"gg_project_id":"GG2050-REPD-1997","name":"Henley Solar Farm","operator":"Henley Solar Farm","repd_ref":"1997","repd_technology":"Solar Photovoltaics","status":"Application Refused","technology":"solar"},"type":"Feature"},{"geometry":{"coordinates":[-2.8034495,52.4860517],"type":"Point"},"id":"GG2050-REPD-5342","properties":{"capacity_mw":6.5,"gg_project_id":"GG2050-REPD-5342","name":"Henley Solar Farm","operator":"Greencoat/ Renesola","repd_ref":"5342","repd_technology":"Solar Photovoltaics","status":"Operational","technology":"solar"},"type":"Feature"},{"geometry":{"coordinates":[0.0947247,53.3199382],"type":"Point"},"id":"GG2050-REPD-2277","properties":{"capacity_mw":6.5,"gg_project_id":"GG2050-REPD-2277","name":"High Leas","operator":"European Energy Photovoltaics","repd_ref":"2277","repd_technology":"Solar Photovoltaics","status":"Operational","technology":"solar"},"type":"Feature"},{"geometry":{"coordinates":[-6.1671711,54.6088051],"type":"Point"},"id":"GG2050-REPD-1789","properties":{"capacity_mw":6.5,"gg_project_id":"GG2050-REPD-1789","name":"Knockcairn Road","operator":"Lightsource Renewable Energy","repd_ref":"1789","repd_technology":"Solar Photovoltaics","status":"Operational","technology":"solar"},"type":"Feature"},{"geometry":{"coordinates":[-4.3312914,50.9757761],"type":"Point"},"id":"GG2050-REPD-12972","properties":{"capacity_mw":6.5,"gg_project_id":"GG2050-REPD-12972","name":"Limebury Farm, Horns Cross - Solar Farm","operator":"Green Switch Capital Limited","repd_ref":"12972","repd_technology":"Solar Photovoltaics","status":"Under Construction","technology":"solar"},"type":"Feature"},{"geometry":{"coordinates":[-6.1899456,54.6077118],"type":"Point"},"id":"GG2050-REPD-2324","properties":{"capacity_mw":6.5,"gg_project_id":"GG2050-REPD-2324","name":"Moira Road","operator":"Lightsource Renewable Energy","repd_ref":"2324","repd_technology":"Solar Photovoltaics","status":"Operational","technology":"solar"},"type":"Feature"},{"geometry":{"coordinates":[-3.7497414,50.5046723],"type":"Point"},"id":"GG2050-REPD-1846","properties":{"capacity_mw":6.5,"gg_project_id":"GG2050-REPD-1846","name":"Parkview solar park","operator":"NextEnergy","repd_ref":"1846","repd_technology":"Solar Photovoltaics","status":"Operational","technology":"solar"},"type":"Feature"},{"geometry":{"coordinates":[-3.2096994,54.1745132],"type":"Point"},"id":"GG2050-REPD-2021","properties":{"capacity_mw":6.5,"gg_project_id":"GG2050-REPD-2021","name":"Roanhead Farm","operator":"Fengate Capital","repd_ref":"2021","repd_technology":"Solar Photovoltaics","status":"Operational","technology":"solar"},"type":"Feature"},{"geometry":{"coordinates":[-3.5337095,50.5921154],"type":"Point"},"id":"GG2050-REPD-2335","properties":{"capacity_mw":6.5,"gg_project_id":"GG2050-REPD-2335","name":"Sawmills Solar Farm","operator":"Foresight","repd_ref":"2335","repd_technology":"Solar Photovoltaics","status":"Operational","technology":"solar"},"type":"Feature"},{"geometry":{"coordinates":[-2.5255686,51.2799378],"type":"Point"},"id":"GG2050-REPD-1620","properties":{"capacity_mw":6.5,"gg_project_id":"GG2050-REPD-1620","name":"SOLAR PARK - WHITCHURCH FARM","operator":"Anesco","repd_ref":"1620","repd_technology":"Solar Photovoltaics","status":"Operational","technology":"solar"},"type":"Feature"},{"geometry":{"coordinates":[-6.2341485,54.6943473],"type":"Point"},"id":"GG2050-REPD-5450","properties":{"capacity_mw":6.5,"gg_project_id":"GG2050-REPD-5450","name":"South Antrim Solar Park - Phase 1","operator":"Hadstone Energy","repd_ref":"5450","repd_technology":"Solar Photovoltaics","status":"Operational","technology":"solar"},"type":"Feature"},{"geometry":{"coordinates":[-4.8498087,50.5679383],"type":"Point"},"id":"GG2050-REPD-1641","properties":{"capacity_mw":6.5,"gg_project_id":"GG2050-REPD-1641","name":"Treswarrow Solar Park","operator":"Private Developer","repd_ref":"1641","repd_technology":"Solar Photovoltaics","status":"Operational","technology":"solar"},"type":"Feature"},{"geometry":{"coordinates":[-4.7862469,50.3629415],"type":"Point"},"id":"GG2050-REPD-5202","properties":{"capacity_mw":6.5,"gg_project_id":"GG2050-REPD-5202","name":"West Carclaze Solar Farm","operator":"Canadian Solar","repd_ref":"5202","repd_technology":"Solar Photovoltaics","status":"Operational","technology":"solar"},"type":"Feature"},{"geometry":{"coordinates":[-4.3260362,50.507153],"type":"Point"},"id":"GG2050-REPD-1564","properties":{"capacity_mw":6.4,"gg_project_id":"GG2050-REPD-1564","name":"Callington Solar Farm","operator":"Inazin (Low Carbon Solar)","repd_ref":"1564","repd_technology":"Solar Photovoltaics","status":"Operational","technology":"solar"},"type":"Feature"},{"geometry":{"coordinates":[-4.6206083,52.0918173],"type":"Point"},"id":"GG2050-REPD-5233","properties":{"capacity_mw":6.4,"gg_project_id":"GG2050-REPD-5233","name":"Crugmore Farm","operator":"John Laing Environmental Assets Group","repd_ref":"5233","repd_technology":"Solar Photovoltaics","status":"Operational","technology":"solar"},"type":"Feature"},{"geometry":{"coordinates":[-1.3914822,51.008678],"type":"Point"},"id":"GG2050-REPD-2026","properties":{"capacity_mw":6.4,"gg_project_id":"GG2050-REPD-2026","name":"Field House Solar / Hursley Road","operator":"Foresight","repd_ref":"2026","repd_technology":"Solar Photovoltaics","status":"Operational","technology":"solar"},"type":"Feature"},{"geometry":{"coordinates":[-6.0160368,54.6754401],"type":"Point"},"id":"GG2050-REPD-5977","properties":{"capacity_mw":6.4,"gg_project_id":"GG2050-REPD-5977","name":"Gibson Farm","operator":"Lightsource Renewable Energy","repd_ref":"5977","repd_technology":"Solar Photovoltaics","status":"Operational","technology":"solar"},"type":"Feature"},{"geometry":{"coordinates":[-3.7610427,50.4202382],"type":"Point"},"id":"GG2050-REPD-1720","properties":{"capacity_mw":6.4,"gg_project_id":"GG2050-REPD-1720","name":"Hazard Farm","operator":"TGC Renewables","repd_ref":"1720","repd_technology":"Solar Photovoltaics","status":"Operational","technology":"solar"},"type":"Feature"},{"geometry":{"coordinates":[-4.1087948,51.0641589],"type":"Point"},"id":"GG2050-REPD-1591","properties":{"capacity_mw":6.4,"gg_project_id":"GG2050-REPD-1591","name":"Horsacott Farm Solar Park","operator":"Hazel Capital LLP","repd_ref":"1591","repd_technology":"Solar Photovoltaics","status":"Operational","technology":"solar"},"type":"Feature"},{"geometry":{"coordinates":[-2.9875542,54.8752845],"type":"Point"},"id":"GG2050-REPD-5330","properties":{"capacity_mw":6.4,"gg_project_id":"GG2050-REPD-5330","name":"Land between Orton Park Farm","operator":"INRG Solar","repd_ref":"5330","repd_technology":"Solar Photovoltaics","status":"Operational","technology":"solar"},"type":"Feature"},{"geometry":{"coordinates":[-2.9156068,53.0538969],"type":"Point"},"id":"GG2050-REPD-5270","properties":{"capacity_mw":6.4,"gg_project_id":"GG2050-REPD-5270","name":"Land north of Bryn Lane","operator":"TGC Renewables","repd_ref":"5270","repd_technology":"Solar Photovoltaics","status":"Planning Permission Expired","technology":"solar"},"type":"Feature"},{"geometry":{"coordinates":[-1.8403116,52.8959677],"type":"Point"},"id":"GG2050-REPD-5241","properties":{"capacity_mw":6.4,"gg_project_id":"GG2050-REPD-5241","name":"Solar farm at land at The Willows, Uttoxeter","operator":"TGC Renewables","repd_ref":"5241","repd_technology":"Solar Photovoltaics","status":"Operational","technology":"solar"},"type":"Feature"},{"geometry":{"coordinates":[-1.1839476,52.9271821],"type":"Point"},"id":"GG2050-REPD-11617","properties":{"capacity_mw":6.3,"gg_project_id":"GG2050-REPD-11617","name":"Boots Campus - Roof Top Solar Farm","operator":"Boots Company Plc","repd_ref":"11617","repd_technology":"Solar Photovoltaics","status":"Awaiting Construction","technology":"solar"},"type":"Feature"},{"geometry":{"coordinates":[-1.3079253,50.9493939],"type":"Point"},"id":"GG2050-REPD-1157","properties":{"capacity_mw":6.3,"gg_project_id":"GG2050-REPD-1157","name":"Chalcroft Solar Park","operator":"Chalcroft Solar Park","repd_ref":"1157","repd_technology":"Solar Photovoltaics","status":"Operational","technology":"solar"},"type":"Feature"},{"geometry":{"coordinates":[0.2176615,52.3151997],"type":"Point"},"id":"GG2050-REPD-1062","properties":{"capacity_mw":6.3,"gg_project_id":"GG2050-REPD-1062","name":"Chittering Solar Farm Extension","operator":"Abbey Properties Cambs","repd_ref":"1062","repd_technology":"Solar Photovoltaics","status":"Operational","technology":"solar"},"type":"Feature"},{"geometry":{"coordinates":[-5.1391835,50.2916645],"type":"Point"},"id":"GG2050-REPD-1655","properties":{"capacity_mw":6.3,"gg_project_id":"GG2050-REPD-1655","name":"Four Burrows Farm (Extension 2)","operator":"Renewable Energy Systems (RES)","repd_ref":"1655","repd_technology":"Solar Photovoltaics","status":"Operational","technology":"solar"},"type":"Feature"},{"geometry":{"coordinates":[-3.4124521,50.8927444],"type":"Point"},"id":"GG2050-REPD-1734","properties":{"capacity_mw":6.3,"gg_project_id":"GG2050-REPD-1734","name":"Great Curham Farm","operator":"Solar Power Generation Ltd","repd_ref":"1734","repd_technology":"Solar Photovoltaics","status":"Revised","technology":"solar"},"type":"Feature"},{"geometry":{"coordinates":[-0.3095648,51.3897153],"type":"Point"},"id":"GG2050-REPD-6063","properties":{"capacity_mw":6.3,"gg_project_id":"GG2050-REPD-6063","name":"London’s Queen Elizabeth II reservoir","operator":"Lightsource Renewable Energy","repd_ref":"6063","repd_technology":"Solar Photovoltaics","status":"Operational","technology":"solar"},"type":"Feature"},{"geometry":{"coordinates":[-2.2188949,51.40954],"type":"Point"},"id":"GG2050-REPD-1923","properties":{"capacity_mw":6.3,"gg_project_id":"GG2050-REPD-1923","name":"Manor Farm (Wiltshire)","operator":"RB & T Barton Ltd","repd_ref":"1923","repd_technology":"Solar Photovoltaics","status":"Operational","technology":"solar"},"type":"Feature"},{"geometry":{"coordinates":[-3.8093324,50.4247854],"type":"Point"},"id":"GG2050-REPD-1467","properties":{"capacity_mw":6.3,"gg_project_id":"GG2050-REPD-1467","name":"Marley Thatch Solar Farm","operator":"TGC Renewables","repd_ref":"1467","repd_technology":"Solar Photovoltaics","status":"Operational","technology":"solar"},"type":"Feature"},{"geometry":{"coordinates":[-2.8228343,54.0222627],"type":"Point"},"id":"GG2050-REPD-2263","properties":{"capacity_mw":6.2,"gg_project_id":"GG2050-REPD-2263","name":"Arna Wood Solar","operator":"BE Renewables (on behalf of Arna Wood)","repd_ref":"2263","repd_technology":"Solar Photovoltaics","status":"Operational","technology":"solar"},"type":"Feature"},{"geometry":{"coordinates":[-5.3839102,50.1568273],"type":"Point"},"id":"GG2050-REPD-1220","properties":{"capacity_mw":6.2,"gg_project_id":"GG2050-REPD-1220","name":"Bunkers Hill","operator":"Private Developer","repd_ref":"1220","repd_technology":"Solar Photovoltaics","status":"Revised","technology":"solar"},"type":"Feature"},{"geometry":{"coordinates":[-0.6325572,51.8718279],"type":"Point"},"id":"GG2050-REPD-2216","properties":{"capacity_mw":6.2,"gg_project_id":"GG2050-REPD-2216","name":"Church Farm","operator":"Lightsource Renewable Energy","repd_ref":"2216","repd_technology":"Solar Photovoltaics","status":"Operational","technology":"solar"},"type":"Feature"},{"geometry":{"coordinates":[-1.5301167,51.1097964],"type":"Point"},"id":"GG2050-REPD-12142","properties":{"capacity_mw":6.2,"gg_project_id":"GG2050-REPD-12142","name":"Gander Down Solar Farm, Stevens Drove - Solar Farm","operator":"PS Renewables Limited","repd_ref":"12142","repd_technology":"Solar Photovoltaics","status":"Awaiting Construction","technology":"solar"},"type":"Feature"},{"geometry":{"coordinates":[-4.9078456,51.6849052],"type":"Point"},"id":"GG2050-REPD-2325","properties":{"capacity_mw":6.2,"gg_project_id":"GG2050-REPD-2325","name":"Golden Hill","operator":"John Laing Environmental Assets Group","repd_ref":"2325","repd_technology":"Solar Photovoltaics","status":"Operational","technology":"solar"},"type":"Feature"},{"geometry":{"coordinates":[-2.1882098,51.019542],"type":"Point"},"id":"GG2050-REPD-5600","properties":{"capacity_mw":6.2,"gg_project_id":"GG2050-REPD-5600","name":"Land east of Littledown Business Park","operator":"Lightsource Renewable Energy","repd_ref":"5600","repd_technology":"Solar Photovoltaics","status":"Operational","technology":"solar"},"type":"Feature"},{"geometry":{"coordinates":[-1.3642025,52.7996968],"type":"Point"},"id":"GG2050-REPD-5119","properties":{"capacity_mw":6.2,"gg_project_id":"GG2050-REPD-5119","name":"Langley Priory, Walnut Yard (Phase 2)","operator":"Lark Energy","repd_ref":"5119","repd_technology":"Solar Photovoltaics","status":"Operational","technology":"solar"},"type":"Feature"},{"geometry":{"coordinates":[-4.5960036,50.3913003],"type":"Point"},"id":"GG2050-REPD-1230","properties":{"capacity_mw":6.2,"gg_project_id":"GG2050-REPD-1230","name":"Langunnett Solar Farm","operator":"Vogt Solar","repd_ref":"1230","repd_technology":"Solar Photovoltaics","status":"Operational","technology":"solar"},"type":"Feature"},{"geometry":{"coordinates":[-1.7764477,52.873814],"type":"Point"},"id":"GG2050-REPD-5288","properties":{"capacity_mw":6.2,"gg_project_id":"GG2050-REPD-5288","name":"Morton House (Marchington)","operator":"Foresight Group (TGC Renewables)","repd_ref":"5288","repd_technology":"Solar Photovoltaics","status":"Operational","technology":"solar"},"type":"Feature"},{"geometry":{"coordinates":[-2.8192119,51.1128586],"type":"Point"},"id":"GG2050-REPD-1764","properties":{"capacity_mw":6.2,"gg_project_id":"GG2050-REPD-1764","name":"Redlands Farm","operator":"juwi Renewable Energies","repd_ref":"1764","repd_technology":"Solar Photovoltaics","status":"Operational","technology":"solar"},"type":"Feature"},{"geometry":{"coordinates":[-0.4642313,51.4943473],"type":"Point"},"id":"GG2050-REPD-2313","properties":{"capacity_mw":6.2,"gg_project_id":"GG2050-REPD-2313","name":"Sipson Road","operator":"Costain Engineering & Construction","repd_ref":"2313","repd_technology":"Solar Photovoltaics","status":"Application Refused","technology":"solar"},"type":"Feature"},{"geometry":{"coordinates":[-6.1413838,54.6710696],"type":"Point"},"id":"GG2050-REPD-5614","properties":{"capacity_mw":6.2,"gg_project_id":"GG2050-REPD-5614","name":"South of Ballysculty","operator":"Lightsource Renewable Energy","repd_ref":"5614","repd_technology":"Solar Photovoltaics","status":"Appeal Refused","technology":"solar"},"type":"Feature"},{"geometry":{"coordinates":[1.3476394,51.3386055],"type":"Point"},"id":"GG2050-REPD-2073","properties":{"capacity_mw":6.2,"gg_project_id":"GG2050-REPD-2073","name":"Thorne Farm","operator":"Lightsource Renewable Energy","repd_ref":"2073","repd_technology":"Solar Photovoltaics","status":"Operational","technology":"solar"},"type":"Feature"},{"geometry":{"coordinates":[-2.7107959,51.4896552],"type":"Point"},"id":"GG2050-REPD-17616","properties":{"capacity_mw":6.168,"gg_project_id":"GG2050-REPD-17616","name":"Etex Building Performance, Redland Avenue - Solar Panels","operator":"PROMAT UK/Etex Building Performance Limited","repd_ref":"17616","repd_technology":"Solar Photovoltaics","status":"Awaiting Construction","technology":"solar"},"type":"Feature"},{"geometry":{"coordinates":[0.7537556,51.8069793],"type":"Point"},"id":"GG2050-REPD-13025","properties":{"capacity_mw":6.15,"gg_project_id":"GG2050-REPD-13025","name":"Wilkin And Sons, Factory Hill - Solar Farm","operator":"Wilkin & Sons Limited","repd_ref":"13025","repd_technology":"Solar Photovoltaics","status":"Operational","technology":"solar"},"type":"Feature"},{"geometry":{"coordinates":[-2.1899254,51.2746428],"type":"Point"},"id":"GG2050-REPD-1969","properties":{"capacity_mw":6.1,"gg_project_id":"GG2050-REPD-1969","name":"Blenches Mill","operator":"NextEnery Solar Fund (NESF)","repd_ref":"1969","repd_technology":"Solar Photovoltaics","status":"Operational","technology":"solar"},"type":"Feature"},{"geometry":{"coordinates":[-5.007446,51.8099387],"type":"Point"},"id":"GG2050-REPD-2376","properties":{"capacity_mw":6.1,"gg_project_id":"GG2050-REPD-2376","name":"Cuckoo Grove Farm","operator":"Foresight","repd_ref":"2376","repd_technology":"Solar Photovoltaics","status":"Operational","technology":"solar"},"type":"Feature"},{"geometry":{"coordinates":[-1.3576398,52.8504975],"type":"Point"},"id":"GG2050-REPD-4694","properties":{"capacity_mw":6.1,"gg_project_id":"GG2050-REPD-4694","name":"East Midlands Distribution Centre","operator":"Marks and Spencer plc","repd_ref":"4694","repd_technology":"Solar Photovoltaics","status":"Operational","technology":"solar"},"type":"Feature"},{"geometry":{"coordinates":[-1.0874508,52.8095067],"type":"Point"},"id":"GG2050-REPD-2237","properties":{"capacity_mw":6.1,"gg_project_id":"GG2050-REPD-2237","name":"GDL Wymeswold Solar Farm/land off the A6006","operator":"Green Switch Solutions","repd_ref":"2237","repd_technology":"Solar Photovoltaics","status":"Operational","technology":"solar"},"type":"Feature"},{"geometry":{"coordinates":[1.0934571,52.1086285],"type":"Point"},"id":"GG2050-REPD-11683","properties":{"capacity_mw":6.1,"gg_project_id":"GG2050-REPD-11683","name":"Masons Landfill, Bramford Road, Great Blakenham - Solar Farm","operator":"Valencia Waster Management Limited","repd_ref":"11683","repd_technology":"Solar Photovoltaics","status":"Awaiting Construction","technology":"solar"},"type":"Feature"},{"geometry":{"coordinates":[-2.1501203,57.0320463],"type":"Point"},"id":"GG2050-REPD-19257","properties":{"capacity_mw":6.1,"gg_project_id":"GG2050-REPD-19257","name":"Muchalls Jnct, Muchalls - Solar Photovoltaic Array","operator":"Decerna Limited","repd_ref":"19257","repd_technology":"Solar Photovoltaics","status":"Application Withdrawn","technology":"solar"},"type":"Feature"},{"geometry":{"coordinates":[-2.061393,50.7481876],"type":"Point"},"id":"GG2050-REPD-2016","properties":{"capacity_mw":6.1,"gg_project_id":"GG2050-REPD-2016","name":"Race farm","operator":"Equitix","repd_ref":"2016","repd_technology":"Solar Photovoltaics","status":"Operational","technology":"solar"},"type":"Feature"},{"geometry":{"coordinates":[0.5641233,52.5593941],"type":"Point"},"id":"GG2050-REPD-1673","properties":{"capacity_mw":6.1,"gg_project_id":"GG2050-REPD-1673","name":"Reaches Farm Solar Park","operator":"Lightsource Renewable Energy","repd_ref":"1673","repd_technology":"Solar Photovoltaics","status":"Operational","technology":"solar"},"type":"Feature"},{"geometry":{"coordinates":[-4.6895166,50.4189118],"type":"Point"},"id":"GG2050-REPD-1308","properties":{"capacity_mw":6.1,"gg_project_id":"GG2050-REPD-1308","name":"Rew Farm Solar Farm","operator":"Lightsource Renewable Energy","repd_ref":"1308","repd_technology":"Solar Photovoltaics","status":"Operational","technology":"solar"},"type":"Feature"},{"geometry":{"coordinates":[-4.7945059,51.747259],"type":"Point"},"id":"GG2050-REPD-2365","properties":{"capacity_mw":6.1,"gg_project_id":"GG2050-REPD-2365","name":"Yerbeston Gate Farm","operator":"Sunsave 23 Limited/ Vogt solar","repd_ref":"2365","repd_technology":"Solar Photovoltaics","status":"Operational","technology":"solar"},"type":"Feature"},{"geometry":{"coordinates":[-4.8664566,51.8991808],"type":"Point"},"id":"GG2050-REPD-1623","properties":{"capacity_mw":6.0,"gg_project_id":"GG2050-REPD-1623","name":"AMBLESTON SOLAR PANELS","operator":"Arqiva Ltd","repd_ref":"1623","repd_technology":"Solar Photovoltaics","status":"Operational","technology":"solar"},"type":"Feature"},{"geometry":{"coordinates":[-3.4335793,51.4107213],"type":"Point"},"id":"GG2050-REPD-14735","properties":{"capacity_mw":6.0,"gg_project_id":"GG2050-REPD-14735","name":"Aston Martin Lagonda, Llanmaes - Solar Pv Panels","operator":"Aston Martin Lagonda","repd_ref":"14735","repd_technology":"Solar Photovoltaics","status":"Awaiting Construction","technology":"solar"},"type":"Feature"},{"geometry":{"coordinates":[-5.5691562,54.5715733],"type":"Point"},"id":"GG2050-REPD-4724","properties":{"capacity_mw":6.0,"gg_project_id":"GG2050-REPD-4724","name":"Ballyboley Solar (Carrowdore)","operator":"Island Green Power","repd_ref":"4724","repd_technology":"Solar Photovoltaics","status":"Operational","technology":"solar"},"type":"Feature"},{"geometry":{"coordinates":[0.6118223,52.0500634],"type":"Point"},"id":"GG2050-REPD-1319","properties":{"capacity_mw":6.0,"gg_project_id":"GG2050-REPD-1319","name":"Big Deere Lodge","operator":"Sovereign Energy Partners LLP","repd_ref":"1319","repd_technology":"Solar Photovoltaics","status":"Application Refused","technology":"solar"},"type":"Feature"},{"geometry":{"coordinates":[-4.2827231,51.8303336],"type":"Point"},"id":"GG2050-REPD-2305","properties":{"capacity_mw":6.0,"gg_project_id":"GG2050-REPD-2305","name":"Bryn Cyrnau Isaf","operator":"Green Switch Developments","repd_ref":"2305","repd_technology":"Solar Photovoltaics","status":"Revised","technology":"solar"},"type":"Feature"},{"geometry":{"coordinates":[-3.4649898,50.9742113],"type":"Point"},"id":"GG2050-REPD-1742","properties":{"capacity_mw":6.0,"gg_project_id":"GG2050-REPD-1742","name":"Buckhayes Farm","operator":"Lumicity","repd_ref":"1742","repd_technology":"Solar Photovoltaics","status":"Application Refused","technology":"solar"},"type":"Feature"},{"geometry":{"coordinates":[-4.195674,50.8552365],"type":"Point"},"id":"GG2050-REPD-2289","properties":{"capacity_mw":6.0,"gg_project_id":"GG2050-REPD-2289","name":"Chalhanger Farm Solar Park","operator":"Lightsource Renewable Energy","repd_ref":"2289","repd_technology":"Solar Photovoltaics","status":"Appeal Refused","technology":"solar"},"type":"Feature"},{"geometry":{"coordinates":[-3.4185837,51.5671325],"type":"Point"},"id":"GG2050-REPD-13791","properties":{"capacity_mw":6.0,"gg_project_id":"GG2050-REPD-13791","name":"Coed Ely - Solar Farm","operator":"Rhondda Cynon Taff County Borough Council","repd_ref":"13791","repd_technology":"Solar Photovoltaics","status":"Under Construction","technology":"solar"},"type":"Feature"},{"geometry":{"coordinates":[-1.1342034,52.2942829],"type":"Point"},"id":"GG2050-REPD-17286","properties":{"capacity_mw":6.0,"gg_project_id":"GG2050-REPD-17286","name":"Crockwell Hill - Solar Farm","operator":"PS Renewables Limited","repd_ref":"17286","repd_technology":"Solar Photovoltaics","status":"Application Submitted","technology":"solar"},"type":"Feature"},{"geometry":{"coordinates":[-1.1342034,52.2942829],"type":"Point"},"id":"GG2050-REPD-17309","properties":{"capacity_mw":6.0,"gg_project_id":"GG2050-REPD-17309","name":"Crockwell Hill - Solar Farm","operator":"PS Renewables Limited","repd_ref":"17309","repd_technology":"Solar Photovoltaics","status":"Awaiting Construction","technology":"solar"},"type":"Feature"},{"geometry":{"coordinates":[-1.3689714,52.6637168],"type":"Point"},"id":"GG2050-REPD-5357","properties":{"capacity_mw":6.0,"gg_project_id":"GG2050-REPD-5357","name":"Crown Farm","operator":"Suncredit UK (Sunventures 7)","repd_ref":"5357","repd_technology":"Solar Photovoltaics","status":"Operational","technology":"solar"},"type":"Feature"},{"geometry":{"coordinates":[-0.6920433,50.8290933],"type":"Point"},"id":"GG2050-REPD-1987","properties":{"capacity_mw":6.0,"gg_project_id":"GG2050-REPD-1987","name":"Decoy Farm House Solar Modules","operator":"Ms Power Projects Ltd","repd_ref":"1987","repd_technology":"Solar Photovoltaics","status":"Operational","technology":"solar"},"type":"Feature"},{"geometry":{"coordinates":[0.4982793,51.8562493],"type":"Point"},"id":"GG2050-REPD-1658","properties":{"capacity_mw":6.0,"gg_project_id":"GG2050-REPD-1658","name":"Drapers Farm Solar Park","operator":"Lightsource Renewable Energy","repd_ref":"1658","repd_technology":"Solar Photovoltaics","status":"Operational","technology":"solar"},"type":"Feature"},{"geometry":{"coordinates":[-2.0354261,51.1573846],"type":"Point"},"id":"GG2050-REPD-6655","properties":{"capacity_mw":6.0,"gg_project_id":"GG2050-REPD-6655","name":"East Farm (Clay Pit Hill) - Extension II","operator":"J.M. Stratton and Co Ltd","repd_ref":"6655","repd_technology":"Solar Photovoltaics","status":"Application Withdrawn","technology":"solar"},"type":"Feature"},{"geometry":{"coordinates":[-2.5578143,51.5516343],"type":"Point"},"id":"GG2050-REPD-19780","properties":{"capacity_mw":6.0,"gg_project_id":"GG2050-REPD-19780","name":"Emergency Air Operation Base, Gloucester Road - Solar Array","operator":"Bristol Energy","repd_ref":"19780","repd_technology":"Solar Photovoltaics","status":"Application Submitted","technology":"solar"},"type":"Feature"},{"geometry":{"coordinates":[-3.9927658,51.6999931],"type":"Point"},"id":"GG2050-REPD-2334","properties":{"capacity_mw":6.0,"gg_project_id":"GG2050-REPD-2334","name":"Gelliwern Isaf Farm","operator":"Solar Park Developments","repd_ref":"2334","repd_technology":"Solar Photovoltaics","status":"Operational","technology":"solar"},"type":"Feature"},{"geometry":{"coordinates":[-5.1475065,55.5281062],"type":"Point"},"id":"GG2050-REPD-15923","properties":{"capacity_mw":6.0,"gg_project_id":"GG2050-REPD-15923","name":"Glenkiln Farm, Lamlash Brodick - Solar Farm","operator":"Arran Community Renewables","repd_ref":"15923","repd_technology":"Solar Photovoltaics","status":"Awaiting Construction","technology":"solar"},"type":"Feature"},{"geometry":{"coordinates":[-1.2600378,50.7130613],"type":"Point"},"id":"GG2050-REPD-1931","properties":{"capacity_mw":6.0,"gg_project_id":"GG2050-REPD-1931","name":"Grange Farm","operator":"INRG Solar","repd_ref":"1931","repd_technology":"Solar Photovoltaics","status":"Operational","technology":"solar"},"type":"Feature"},{"geometry":{"coordinates":[-2.3839525,51.1983381],"type":"Point"},"id":"GG2050-REPD-2004","properties":{"capacity_mw":6.0,"gg_project_id":"GG2050-REPD-2004","name":"Holwell Hill","operator":"Lightsource Renewable Energy","repd_ref":"2004","repd_technology":"Solar Photovoltaics","status":"Operational","technology":"solar"},"type":"Feature"},{"geometry":{"coordinates":[-2.0109645,51.1750947],"type":"Point"},"id":"GG2050-REPD-1915","properties":{"capacity_mw":6.0,"gg_project_id":"GG2050-REPD-1915","name":"Land at East Farm - extension","operator":"J.M. Stratton & Co.","repd_ref":"1915","repd_technology":"Solar Photovoltaics","status":"Operational","technology":"solar"},"type":"Feature"},{"geometry":{"coordinates":[-2.4514825,53.129412],"type":"Point"},"id":"GG2050-REPD-5939","properties":{"capacity_mw":6.0,"gg_project_id":"GG2050-REPD-5939","name":"Land at Moss Farm (North)","operator":"TGC Renewables/NESF","repd_ref":"5939","repd_technology":"Solar Photovoltaics","status":"Planning Permission Expired","technology":"solar"},"type":"Feature"},{"geometry":{"coordinates":[0.5199695,51.059163],"type":"Point"},"id":"GG2050-REPD-9633","properties":{"capacity_mw":6.0,"gg_project_id":"GG2050-REPD-9633","name":"Lower Ellenden Farm - Solar Farm & Battery Energy Storage","operator":"RNA Energy limited","repd_ref":"9633","repd_technology":"Solar Photovoltaics","status":"Revised","technology":"solar"},"type":"Feature"},{"geometry":{"coordinates":[0.5226497,51.0556964],"type":"Point"},"id":"GG2050-REPD-14863","properties":{"capacity_mw":6.0,"gg_project_id":"GG2050-REPD-14863","name":"Lower Ellenden Farm, Water Lane - Solar Panels","operator":"RNA Energy Limited","repd_ref":"14863","repd_technology":"Solar Photovoltaics","status":"Revised","technology":"solar"},"type":"Feature"},{"geometry":{"coordinates":[0.5439796,52.5432653],"type":"Point"},"id":"GG2050-REPD-1820","properties":{"capacity_mw":6.0,"gg_project_id":"GG2050-REPD-1820","name":"Meadow Farm solar park","operator":"Lightsource BP","repd_ref":"1820","repd_technology":"Solar Photovoltaics","status":"Operational","technology":"solar"},"type":"Feature"},{"geometry":{"coordinates":[-6.2387961,54.7415151],"type":"Point"},"id":"GG2050-REPD-5085","properties":{"capacity_mw":6.0,"gg_project_id":"GG2050-REPD-5085","name":"Millar Farm","operator":"Lightsource Renewable Energy","repd_ref":"5085","repd_technology":"Solar Photovoltaics","status":"Operational","technology":"solar"},"type":"Feature"},{"geometry":{"coordinates":[-5.1833011,50.1601031],"type":"Point"},"id":"GG2050-REPD-2126","properties":{"capacity_mw":6.0,"gg_project_id":"GG2050-REPD-2126","name":"Nancrossa Farm solar park","operator":"Second Solar Project","repd_ref":"2126","repd_technology":"Solar Photovoltaics","status":"Operational","technology":"solar"},"type":"Feature"},{"geometry":{"coordinates":[-1.505504,52.4774286],"type":"Point"},"id":"GG2050-REPD-16460","properties":{"capacity_mw":6.0,"gg_project_id":"GG2050-REPD-16460","name":"Newgate Coolliery - Solar Farm & Battery Storage","operator":"Sirius Environmental Limited","repd_ref":"16460","repd_technology":"Solar Photovoltaics","status":"Application Submitted","technology":"solar"},"type":"Feature"},{"geometry":{"coordinates":[-0.6946815,53.6201063],"type":"Point"},"id":"GG2050-REPD-5661","properties":{"capacity_mw":6.0,"gg_project_id":"GG2050-REPD-5661","name":"North Wharf Solar Farm","operator":"North Wharf Solar Farm","repd_ref":"5661","repd_technology":"Solar Photovoltaics","status":"Appeal Refused","technology":"solar"},"type":"Feature"},{"geometry":{"coordinates":[-0.950386,53.6840856],"type":"Point"},"id":"GG2050-REPD-17031","properties":{"capacity_mw":6.0,"gg_project_id":"GG2050-REPD-17031","name":"Rawcliffe Estate, Bridge Lane - Solar Farm","operator":"East Riding of Yorkshire Council (Goole Division)","repd_ref":"17031","repd_technology":"Solar Photovoltaics","status":"Awaiting Construction","technology":"solar"},"type":"Feature"},{"geometry":{"coordinates":[-2.7311981,51.6339788],"type":"Point"},"id":"GG2050-REPD-5053","properties":{"capacity_mw":6.0,"gg_project_id":"GG2050-REPD-5053","name":"Rhewl Farm","operator":"Renesola","repd_ref":"5053","repd_technology":"Solar Photovoltaics","status":"Operational","technology":"solar"},"type":"Feature"},{"geometry":{"coordinates":[-3.9394334,51.6964978],"type":"Point"},"id":"GG2050-REPD-2354","properties":{"capacity_mw":6.0,"gg_project_id":"GG2050-REPD-2354","name":"Rhyd-y-Pandy Solar Farm","operator":"Wessex Solar Energy","repd_ref":"2354","repd_technology":"Solar Photovoltaics","status":"Operational","technology":"solar"},"type":"Feature"},{"geometry":{"coordinates":[-1.9794776,51.4410068],"type":"Point"},"id":"GG2050-REPD-16057","properties":{"capacity_mw":6.0,"gg_project_id":"GG2050-REPD-16057","name":"Sands Farm Quarry, Low Lane - Solar Panels","operator":"Valencia Waster Management Limited","repd_ref":"16057","repd_technology":"Solar Photovoltaics","status":"Application Submitted","technology":"solar"},"type":"Feature"},{"geometry":{"coordinates":[-2.3114883,51.2169961],"type":"Point"},"id":"GG2050-REPD-10011","properties":{"capacity_mw":6.0,"gg_project_id":"GG2050-REPD-10011","name":"Selwood Solar Farm","operator":"Land Value Alliances & Landowners Consortium","repd_ref":"10011","repd_technology":"Solar Photovoltaics","status":"Application Withdrawn","technology":"solar"},"type":"Feature"},{"geometry":{"coordinates":[0.0884394,51.1999731],"type":"Point"},"id":"GG2050-REPD-2328","properties":{"capacity_mw":6.0,"gg_project_id":"GG2050-REPD-2328","name":"Skinners Farm","operator":"Green Energy UK Direct","repd_ref":"2328","repd_technology":"Solar Photovoltaics","status":"Revised","technology":"solar"},"type":"Feature"},{"geometry":{"coordinates":[0.0777329,51.2003076],"type":"Point"},"id":"GG2050-REPD-4700","properties":{"capacity_mw":6.0,"gg_project_id":"GG2050-REPD-4700","name":"Skinners Farm","operator":"Green Energy UK Direct","repd_ref":"4700","repd_technology":"Solar Photovoltaics","status":"Appeal Refused","technology":"solar"},"type":"Feature"},{"geometry":{"coordinates":[0.30277,51.2885554],"type":"Point"},"id":"GG2050-REPD-21067","properties":{"capacity_mw":6.0,"gg_project_id":"GG2050-REPD-21067","name":"Stangate West Landfill Site, Quarry Hill Road - Solar Park & Battery","operator":"Infinis Solar Development Limited","repd_ref":"21067","repd_technology":"Solar Photovoltaics","status":"Application Submitted","technology":"solar"},"type":"Feature"},{"geometry":{"coordinates":[-3.3846931,50.8806308],"type":"Point"},"id":"GG2050-REPD-2214","properties":{"capacity_mw":6.0,"gg_project_id":"GG2050-REPD-2214","name":"Stoneshill Farm","operator":"Green Energy UK Direct","repd_ref":"2214","repd_technology":"Solar Photovoltaics","status":"Revised","technology":"solar"},"type":"Feature"},{"geometry":{"coordinates":[-2.3617332,51.9350385],"type":"Point"},"id":"GG2050-REPD-12359","properties":{"capacity_mw":6.0,"gg_project_id":"GG2050-REPD-12359","name":"Stream Lane, Upleadon - Solar Photovoltaic Farm","operator":"Pathfinder Clean Energy UK Dev Limited","repd_ref":"12359","repd_technology":"Solar Photovoltaics","status":"Application Refused","technology":"solar"},"type":"Feature"},{"geometry":{"coordinates":[-2.0900454,57.5847069],"type":"Point"},"id":"GG2050-REPD-17030","properties":{"capacity_mw":6.0,"gg_project_id":"GG2050-REPD-17030","name":"Strichen Solar Project, Clayfords Farm - Solar Panels","operator":"Solar Farm Number 2","repd_ref":"17030","repd_technology":"Solar Photovoltaics","status":"Awaiting Construction","technology":"solar"},"type":"Feature"},{"geometry":{"coordinates":[-2.7241006,50.9987447],"type":"Point"},"id":"GG2050-REPD-1456","properties":{"capacity_mw":6.0,"gg_project_id":"GG2050-REPD-1456","name":"Tintinhull Forts Solar Park","operator":"Lumicity","repd_ref":"1456","repd_technology":"Solar Photovoltaics","status":"Application Refused","technology":"solar"},"type":"Feature"},{"geometry":{"coordinates":[-5.0152164,50.3068864],"type":"Point"},"id":"GG2050-REPD-1353","properties":{"capacity_mw":6.0,"gg_project_id":"GG2050-REPD-1353","name":"Tregassow Farm - Solar Modules","operator":"Private Developer","repd_ref":"1353","repd_technology":"Solar Photovoltaics","status":"Operational","technology":"solar"},"type":"Feature"},{"geometry":{"coordinates":[-4.7908253,50.3273725],"type":"Point"},"id":"GG2050-REPD-8303","properties":{"capacity_mw":6.0,"gg_project_id":"GG2050-REPD-8303","name":"Tregorrick Farm","operator":"E H Energy Limited","repd_ref":"8303","repd_technology":"Solar Photovoltaics","status":"Appeal Refused","technology":"solar"},"type":"Feature"},{"geometry":{"coordinates":[-3.3239755,51.4413253],"type":"Point"},"id":"GG2050-REPD-2093","properties":{"capacity_mw":6.0,"gg_project_id":"GG2050-REPD-2093","name":"Whitton Mawr","operator":"Cenin Renewables","repd_ref":"2093","repd_technology":"Solar Photovoltaics","status":"Operational","technology":"solar"},"type":"Feature"},{"geometry":{"coordinates":[-3.3120141,50.9565968],"type":"Point"},"id":"GG2050-REPD-4815","properties":{"capacity_mw":6.0,"gg_project_id":"GG2050-REPD-4815","name":"Wiseburrow Farm","operator":"Primrose Solar/Camborne Energy","repd_ref":"4815","repd_technology":"Solar Photovoltaics","status":"Revised","technology":"solar"},"type":"Feature"},{"geometry":{"coordinates":[-3.3120141,50.9565968],"type":"Point"},"id":"GG2050-REPD-5940","properties":{"capacity_mw":6.0,"gg_project_id":"GG2050-REPD-5940","name":"Wiseburrow Farm","operator":"Sum Farming UK","repd_ref":"5940","repd_technology":"Solar Photovoltaics","status":"Appeal Refused","technology":"solar"},"type":"Feature"},{"geometry":{"coordinates":[-2.7107959,51.4896552],"type":"Point"},"id":"GG2050-REPD-17613","properties":{"capacity_mw":5.903,"gg_project_id":"GG2050-REPD-17613","name":"Etex Building Performance, Redland Avenue - Solar PV panels","operator":"PROMAT UK/Etex Building Performance Limited","repd_ref":"17613","repd_technology":"Solar Photovoltaics","status":"Awaiting Construction","technology":"solar"},"type":"Feature"},{"geometry":{"coordinates":[-4.9283581,51.8236194],"type":"Point"},"id":"GG2050-REPD-4830","properties":{"capacity_mw":5.9,"gg_project_id":"GG2050-REPD-4830","name":"Crundale / Fenton Home Farm (extension)","operator":"Vogt Solar","repd_ref":"4830","repd_technology":"Solar Photovoltaics","status":"Operational","technology":"solar"},"type":"Feature"},{"geometry":{"coordinates":[-6.4929604,54.9637618],"type":"Point"},"id":"GG2050-REPD-4884","properties":{"capacity_mw":5.9,"gg_project_id":"GG2050-REPD-4884","name":"Finvoy Road","operator":"Lightsource Renewable Energy","repd_ref":"4884","repd_technology":"Solar Photovoltaics","status":"Operational","technology":"solar"},"type":"Feature"},{"geometry":{"coordinates":[-3.5723855,50.5626404],"type":"Point"},"id":"GG2050-REPD-6130","properties":{"capacity_mw":5.9,"gg_project_id":"GG2050-REPD-6130","name":"Higher Humber Farm","operator":"TGC Renewables","repd_ref":"6130","repd_technology":"Solar Photovoltaics","status":"Appeal Refused","technology":"solar"},"type":"Feature"},{"geometry":{"coordinates":[-4.2806762,51.8337725],"type":"Point"},"id":"GG2050-REPD-5271","properties":{"capacity_mw":5.9,"gg_project_id":"GG2050-REPD-5271","name":"Land South Of Bryn Cyrnau Isaf","operator":"Green Switch Solutions - Liquidated","repd_ref":"5271","repd_technology":"Solar Photovoltaics","status":"Operational","technology":"solar"},"type":"Feature"},{"geometry":{"coordinates":[-1.4876802,54.323561],"type":"Point"},"id":"GG2050-REPD-1927","properties":{"capacity_mw":5.9,"gg_project_id":"GG2050-REPD-1927","name":"North East of Ainderby Steeple","operator":"Renesola UK","repd_ref":"1927","repd_technology":"Solar Photovoltaics","status":"Operational","technology":"solar"},"type":"Feature"},{"geometry":{"coordinates":[-4.1529496,51.0969621],"type":"Point"},"id":"GG2050-REPD-13053","properties":{"capacity_mw":5.9,"gg_project_id":"GG2050-REPD-13053","name":"Perrigo, Exeter Road - Solar Panels","operator":"Wrafton Laboratories (Trading as Perrigo)","repd_ref":"13053","repd_technology":"Solar Photovoltaics","status":"Awaiting Construction","technology":"solar"},"type":"Feature"},{"geometry":{"coordinates":[-0.8835048,51.2884587],"type":"Point"},"id":"GG2050-REPD-2312","properties":{"capacity_mw":5.9,"gg_project_id":"GG2050-REPD-2312","name":"Taplins Farm solar park","operator":"PS Renewables","repd_ref":"2312","repd_technology":"Solar Photovoltaics","status":"Operational","technology":"solar"},"type":"Feature"},{"geometry":{"coordinates":[-0.9781597,51.1146757],"type":"Point"},"id":"GG2050-REPD-1361","properties":{"capacity_mw":5.8,"gg_project_id":"GG2050-REPD-1361","name":"Gaston Lane","operator":"Lightsource Renewable Energy","repd_ref":"1361","repd_technology":"Solar Photovoltaics","status":"Revised","technology":"solar"},"type":"Feature"},{"geometry":{"coordinates":[-2.1405908,52.633452],"type":"Point"},"id":"GG2050-REPD-1491","properties":{"capacity_mw":5.8,"gg_project_id":"GG2050-REPD-1491","name":"Jaguar Land Rover","operator":"Jaguar Land Rover","repd_ref":"1491","repd_technology":"Solar Photovoltaics","status":"Operational","technology":"solar"},"type":"Feature"},{"geometry":{"coordinates":[-1.7809705,52.8755393],"type":"Point"},"id":"GG2050-REPD-5424","properties":{"capacity_mw":5.8,"gg_project_id":"GG2050-REPD-5424","name":"Land of Green Lane","operator":"TGC Renewables","repd_ref":"5424","repd_technology":"Solar Photovoltaics","status":"Operational","technology":"solar"},"type":"Feature"},{"geometry":{"coordinates":[-1.1756109,52.7659851],"type":"Point"},"id":"GG2050-REPD-5819","properties":{"capacity_mw":5.8,"gg_project_id":"GG2050-REPD-5819","name":"Moor Lane","operator":"TGC Renewables","repd_ref":"5819","repd_technology":"Solar Photovoltaics","status":"Application Withdrawn","technology":"solar"},"type":"Feature"},{"geometry":{"coordinates":[-2.7983293,54.6678499],"type":"Point"},"id":"GG2050-REPD-6019","properties":{"capacity_mw":5.8,"gg_project_id":"GG2050-REPD-6019","name":"Moss Thorn Farm","operator":"TGC Renewables","repd_ref":"6019","repd_technology":"Solar Photovoltaics","status":"Operational","technology":"solar"},"type":"Feature"},{"geometry":{"coordinates":[-2.4398054,51.2727114],"type":"Point"},"id":"GG2050-REPD-1684","properties":{"capacity_mw":5.8,"gg_project_id":"GG2050-REPD-1684","name":"New Tyning Farm","operator":"INRG Solar","repd_ref":"1684","repd_technology":"Solar Photovoltaics","status":"Appeal Refused","technology":"solar"},"type":"Feature"},{"geometry":{"coordinates":[-1.2322973,50.9179422],"type":"Point"},"id":"GG2050-REPD-1418","properties":{"capacity_mw":5.8,"gg_project_id":"GG2050-REPD-1418","name":"Raglington Farm","operator":"NextEnery Solar Fund (NESF)","repd_ref":"1418","repd_technology":"Solar Photovoltaics","status":"Operational","technology":"solar"},"type":"Feature"},{"geometry":{"coordinates":[-1.5361212,55.0629857],"type":"Point"},"id":"GG2050-REPD-20272","properties":{"capacity_mw":5.8,"gg_project_id":"GG2050-REPD-20272","name":"Seghill Household Waste Recovery Centre - Solar Panels","operator":"Suez Recycling and Recovery UK Limited","repd_ref":"20272","repd_technology":"Solar Photovoltaics","status":"Application Submitted","technology":"solar"},"type":"Feature"},{"geometry":{"coordinates":[-1.5361212,55.0629857],"type":"Point"},"id":"GG2050-REPD-19295","properties":{"capacity_mw":5.8,"gg_project_id":"GG2050-REPD-19295","name":"Seghill Household Waste Recovery Centre -Solar Panels","operator":"Suez Recycling and Recovery UK Limited","repd_ref":"19295","repd_technology":"Solar Photovoltaics","status":"Application Submitted","technology":"solar"},"type":"Feature"},{"geometry":{"coordinates":[-2.7894617,51.0428335],"type":"Point"},"id":"GG2050-REPD-1469","properties":{"capacity_mw":5.8,"gg_project_id":"GG2050-REPD-1469","name":"Tengore Lane Solar Development","operator":"TGC Renewables","repd_ref":"1469","repd_technology":"Solar Photovoltaics","status":"Revised","technology":"solar"},"type":"Feature"},{"geometry":{"coordinates":[-4.7582125,50.406661],"type":"Point"},"id":"GG2050-REPD-1064","properties":{"capacity_mw":5.8,"gg_project_id":"GG2050-REPD-1064","name":"Tredinnick Fields","operator":"Kronos Solar","repd_ref":"1064","repd_technology":"Solar Photovoltaics","status":"Operational","technology":"solar"},"type":"Feature"},{"geometry":{"coordinates":[-4.4445323,51.9899212],"type":"Point"},"id":"GG2050-REPD-1941","properties":{"capacity_mw":5.7,"gg_project_id":"GG2050-REPD-1941","name":"Blaen Bowi","operator":"Novus Solar Developments","repd_ref":"1941","repd_technology":"Solar Photovoltaics","status":"Planning Permission Expired","technology":"solar"},"type":"Feature"},{"geometry":{"coordinates":[-3.557469,50.6873734],"type":"Point"},"id":"GG2050-REPD-1211","properties":{"capacity_mw":5.7,"gg_project_id":"GG2050-REPD-1211","name":"Bowhay Farm","operator":"Lightsource Renewable Energy","repd_ref":"1211","repd_technology":"Solar Photovoltaics","status":"Revised","technology":"solar"},"type":"Feature"},{"geometry":{"coordinates":[1.1561421,52.8323265],"type":"Point"},"id":"GG2050-REPD-1159","properties":{"capacity_mw":5.7,"gg_project_id":"GG2050-REPD-1159","name":"Church Farm Solar","operator":"Saxthorpe Solar Farm Limited","repd_ref":"1159","repd_technology":"Solar Photovoltaics","status":"Application Withdrawn","technology":"solar"},"type":"Feature"},{"geometry":{"coordinates":[-1.3006136,53.0916215],"type":"Point"},"id":"GG2050-REPD-6076","properties":{"capacity_mw":5.7,"gg_project_id":"GG2050-REPD-6076","name":"Former Langton Colliery Site","operator":"Van Elle","repd_ref":"6076","repd_technology":"Solar Photovoltaics","status":"Planning Permission Expired","technology":"solar"},"type":"Feature"},{"geometry":{"coordinates":[-1.0829624,52.9901997],"type":"Point"},"id":"GG2050-REPD-2377","properties":{"capacity_mw":5.7,"gg_project_id":"GG2050-REPD-2377","name":"Gedling Solar Farm","operator":"Foresight","repd_ref":"2377","repd_technology":"Solar Photovoltaics","status":"Operational","technology":"solar"},"type":"Feature"},{"geometry":{"coordinates":[-3.7080791,50.3633501],"type":"Point"},"id":"GG2050-REPD-1373","properties":{"capacity_mw":5.7,"gg_project_id":"GG2050-REPD-1373","name":"Halwell Airfield","operator":"Lightsource Renewable Energy","repd_ref":"1373","repd_technology":"Solar Photovoltaics","status":"Application Refused","technology":"solar"},"type":"Feature"},{"geometry":{"coordinates":[-2.9242342,53.0268888],"type":"Point"},"id":"GG2050-REPD-9342","properties":{"capacity_mw":5.7,"gg_project_id":"GG2050-REPD-9342","name":"Maelor Gasworks - Solar Farm & Battery Storage","operator":"Novus Renewable Services Limited","repd_ref":"9342","repd_technology":"Solar Photovoltaics","status":"Awaiting Construction","technology":"solar"},"type":"Feature"},{"geometry":{"coordinates":[-2.7209021,51.6106647],"type":"Point"},"id":"GG2050-REPD-6493","properties":{"capacity_mw":5.7,"gg_project_id":"GG2050-REPD-6493","name":"Oak Grove Farm","operator":"Monmouthshire County Council","repd_ref":"6493","repd_technology":"Solar Photovoltaics","status":"Operational","technology":"solar"},"type":"Feature"},{"geometry":{"coordinates":[-3.4409596,56.0284912],"type":"Point"},"id":"GG2050-REPD-13382","properties":{"capacity_mw":5.64,"gg_project_id":"GG2050-REPD-13382","name":"Babcock Marine Bldg, Wood Road - Solar Photovoltaic Array","operator":"Babcock Marine","repd_ref":"13382","repd_technology":"Solar Photovoltaics","status":"Awaiting Construction","technology":"solar"},"type":"Feature"},{"geometry":{"coordinates":[0.7886001,51.8369963],"type":"Point"},"id":"GG2050-REPD-2187","properties":{"capacity_mw":5.6,"gg_project_id":"GG2050-REPD-2187","name":"Birch Airfield","operator":"Push Energy/ NextEnergy Solar Fund (NESF)","repd_ref":"2187","repd_technology":"Solar Photovoltaics","status":"Operational","technology":"solar"},"type":"Feature"},{"geometry":{"coordinates":[-0.8901292,52.3315849],"type":"Point"},"id":"GG2050-REPD-19118","properties":{"capacity_mw":5.6,"gg_project_id":"GG2050-REPD-19118","name":"Brixworth Landfill, Scaldwell Road - Solar Array & Battery Storage","operator":"SUEZ Recycling and Recovery UK Limited","repd_ref":"19118","repd_technology":"Solar Photovoltaics","status":"Application Submitted","technology":"solar"},"type":"Feature"},{"geometry":{"coordinates":[-1.9221931,55.4720219],"type":"Point"},"id":"GG2050-REPD-11589","properties":{"capacity_mw":5.56,"gg_project_id":"GG2050-REPD-11589","name":"Wooperton Station, Wooperton - Solar Farm","operator":"A&J Scott","repd_ref":"11589","repd_technology":"Solar Photovoltaics","status":"Under Construction","technology":"solar"},"type":"Feature"},{"geometry":{"coordinates":[-4.1739737,51.1538609],"type":"Point"},"id":"GG2050-REPD-1864","properties":{"capacity_mw":5.5,"gg_project_id":"GG2050-REPD-1864","name":"Barton Close Farm","operator":"British Solar Renewables","repd_ref":"1864","repd_technology":"Solar Photovoltaics","status":"Operational","technology":"solar"},"type":"Feature"},{"geometry":{"coordinates":[-4.7786497,50.4114724],"type":"Point"},"id":"GG2050-REPD-1639","properties":{"capacity_mw":5.5,"gg_project_id":"GG2050-REPD-1639","name":"Bodwen Solar Park","operator":"Greencoat Capital","repd_ref":"1639","repd_technology":"Solar Photovoltaics","status":"Operational","technology":"solar"},"type":"Feature"},{"geometry":{"coordinates":[-0.4847097,52.1656818],"type":"Point"},"id":"GG2050-REPD-11699","properties":{"capacity_mw":5.5,"gg_project_id":"GG2050-REPD-11699","name":"Clapham Plateau - Solar Farm","operator":"Sirius Renewable Energy","repd_ref":"11699","repd_technology":"Solar Photovoltaics","status":"Awaiting Construction","technology":"solar"},"type":"Feature"},{"geometry":{"coordinates":[-0.4699636,52.1322238],"type":"Point"},"id":"GG2050-REPD-8013","properties":{"capacity_mw":5.5,"gg_project_id":"GG2050-REPD-8013","name":"Elstow Landfill Site","operator":"Bedford Borough Council","repd_ref":"8013","repd_technology":"Solar Photovoltaics","status":"Under Construction","technology":"solar"},"type":"Feature"},{"geometry":{"coordinates":[-4.2386346,51.7250324],"type":"Point"},"id":"GG2050-REPD-1161","properties":{"capacity_mw":5.5,"gg_project_id":"GG2050-REPD-1161","name":"Ffos Las Racecourse","operator":"Private Developer","repd_ref":"1161","repd_technology":"Solar Photovoltaics","status":"Operational","technology":"solar"},"type":"Feature"},{"geometry":{"coordinates":[-2.9619633,51.1943381],"type":"Point"},"id":"GG2050-REPD-5440","properties":{"capacity_mw":5.5,"gg_project_id":"GG2050-REPD-5440","name":"Huntspill Level Solar Park","operator":"Wessex Solar Energy","repd_ref":"5440","repd_technology":"Solar Photovoltaics","status":"Operational","technology":"solar"},"type":"Feature"},{"geometry":{"coordinates":[-0.8486475,51.2056443],"type":"Point"},"id":"GG2050-REPD-1233","properties":{"capacity_mw":5.5,"gg_project_id":"GG2050-REPD-1233","name":"Marsh House Solar Park","operator":"Constantine Land Ltd","repd_ref":"1233","repd_technology":"Solar Photovoltaics","status":"Operational","technology":"solar"},"type":"Feature"},{"geometry":{"coordinates":[-4.1224466,51.7586993],"type":"Point"},"id":"GG2050-REPD-4938","properties":{"capacity_mw":5.5,"gg_project_id":"GG2050-REPD-4938","name":"Pentre farm","operator":"Kinetica Solar","repd_ref":"4938","repd_technology":"Solar Photovoltaics","status":"Operational","technology":"solar"},"type":"Feature"},{"geometry":{"coordinates":[-3.4554822,50.7595676],"type":"Point"},"id":"GG2050-REPD-1427","properties":{"capacity_mw":5.5,"gg_project_id":"GG2050-REPD-1427","name":"Poltimore solar farm","operator":"INRG Solar","repd_ref":"1427","repd_technology":"Solar Photovoltaics","status":"Application Refused","technology":"solar"},"type":"Feature"},{"geometry":{"coordinates":[-2.3640254,54.4733196],"type":"Point"},"id":"GG2050-REPD-5732","properties":{"capacity_mw":5.5,"gg_project_id":"GG2050-REPD-5732","name":"Sandwath Farm","operator":"TGC Renewables","repd_ref":"5732","repd_technology":"Solar Photovoltaics","status":"Application Withdrawn","technology":"solar"},"type":"Feature"},{"geometry":{"coordinates":[-0.5151745,51.394794],"type":"Point"},"id":"GG2050-REPD-12204","properties":{"capacity_mw":5.5,"gg_project_id":"GG2050-REPD-12204","name":"Twynersh Meadows, Thorpe Road - Solar Park & Battery Storage","operator":"Runnymede Borough Council","repd_ref":"12204","repd_technology":"Solar Photovoltaics","status":"Application Submitted","technology":"solar"},"type":"Feature"},{"geometry":{"coordinates":[0.0793126,50.9689436],"type":"Point"},"id":"GG2050-REPD-7447","properties":{"capacity_mw":5.5,"gg_project_id":"GG2050-REPD-7447","name":"Uckfield Solar Electric Forecourt","operator":"Gridserve Sustainable Energy","repd_ref":"7447","repd_technology":"Solar Photovoltaics","status":"Awaiting Construction","technology":"solar"},"type":"Feature"},{"geometry":{"coordinates":[-3.4481876,51.0192412],"type":"Point"},"id":"GG2050-REPD-2189","properties":{"capacity_mw":5.5,"gg_project_id":"GG2050-REPD-2189","name":"West Holcombe","operator":"Wessex Solar Energy","repd_ref":"2189","repd_technology":"Solar Photovoltaics","status":"Application Withdrawn","technology":"solar"},"type":"Feature"},{"geometry":{"coordinates":[-3.4481876,51.0192412],"type":"Point"},"id":"GG2050-REPD-5255","properties":{"capacity_mw":5.5,"gg_project_id":"GG2050-REPD-5255","name":"West Holcombe","operator":"Wessex Solar Energy","repd_ref":"5255","repd_technology":"Solar Photovoltaics","status":"Under Construction","technology":"solar"},"type":"Feature"},{"geometry":{"coordinates":[-0.9781597,51.1146757],"type":"Point"},"id":"GG2050-REPD-1474","properties":{"capacity_mw":5.4,"gg_project_id":"GG2050-REPD-1474","name":"Barley Wood Farm Lane","operator":"Lightsource Renewable Energy","repd_ref":"1474","repd_technology":"Solar Photovoltaics","status":"Operational","technology":"solar"},"type":"Feature"},{"geometry":{"coordinates":[-2.5784149,51.2090568],"type":"Point"},"id":"GG2050-REPD-1522","properties":{"capacity_mw":5.4,"gg_project_id":"GG2050-REPD-1522","name":"Crapnell Farm Solar Farm","operator":"Lightsource Renewable Energy","repd_ref":"1522","repd_technology":"Solar Photovoltaics","status":"Operational","technology":"solar"},"type":"Feature"},{"geometry":{"coordinates":[-4.322867,50.6054255],"type":"Point"},"id":"GG2050-REPD-1539","properties":{"capacity_mw":5.4,"gg_project_id":"GG2050-REPD-1539","name":"Hexworthy Solar Park","operator":"Lightsource Renewable Energy","repd_ref":"1539","repd_technology":"Solar Photovoltaics","status":"Abandoned","technology":"solar"},"type":"Feature"},{"geometry":{"coordinates":[-1.6659796,51.1947253],"type":"Point"},"id":"GG2050-REPD-1573","properties":{"capacity_mw":5.4,"gg_project_id":"GG2050-REPD-1573","name":"Shipton Bellinger - Park House Corner Solar Farm","operator":"Low Carbon Solar","repd_ref":"1573","repd_technology":"Solar Photovoltaics","status":"Operational","technology":"solar"},"type":"Feature"},{"geometry":{"coordinates":[-2.5647284,51.0133284],"type":"Point"},"id":"GG2050-REPD-2067","properties":{"capacity_mw":5.4,"gg_project_id":"GG2050-REPD-2067","name":"Sutton Montis Road Solar Park / Sutton Bridge Solar Farm","operator":"PS Renewables","repd_ref":"2067","repd_technology":"Solar Photovoltaics","status":"Operational","technology":"solar"},"type":"Feature"},{"geometry":{"coordinates":[-1.1403949,51.0847053],"type":"Point"},"id":"GG2050-REPD-20875","properties":{"capacity_mw":5.4,"gg_project_id":"GG2050-REPD-20875","name":"Western Court, Bishops Sutton Road - Solar Farm","operator":"ILOS Energy UK Limited","repd_ref":"20875","repd_technology":"Solar Photovoltaics","status":"Application Submitted","technology":"solar"},"type":"Feature"},{"geometry":{"coordinates":[-2.9899065,53.0408962],"type":"Point"},"id":"GG2050-REPD-1612","properties":{"capacity_mw":5.4,"gg_project_id":"GG2050-REPD-1612","name":"Wrexham Social Housing PV","operator":"Wrexham Council","repd_ref":"1612","repd_technology":"Solar Photovoltaics","status":"Operational","technology":"solar"},"type":"Feature"},{"geometry":{"coordinates":[0.9029392,51.3187119],"type":"Point"},"id":"GG2050-REPD-5394","properties":{"capacity_mw":5.3,"gg_project_id":"GG2050-REPD-5394","name":"Abbey Fields Farm","operator":"FR Solar Kent PV","repd_ref":"5394","repd_technology":"Solar Photovoltaics","status":"Operational","technology":"solar"},"type":"Feature"},{"geometry":{"coordinates":[-4.7334913,50.4835318],"type":"Point"},"id":"GG2050-REPD-1971","properties":{"capacity_mw":5.3,"gg_project_id":"GG2050-REPD-1971","name":"Bodmin 2 Solar Farm","operator":"Solar Securities Group","repd_ref":"1971","repd_technology":"Solar Photovoltaics","status":"Operational","technology":"solar"},"type":"Feature"},{"geometry":{"coordinates":[-4.4415492,50.7807429],"type":"Point"},"id":"GG2050-REPD-1158","properties":{"capacity_mw":5.3,"gg_project_id":"GG2050-REPD-1158","name":"Bradford Solar Park","operator":"Wessex Solar Energy","repd_ref":"1158","repd_technology":"Solar Photovoltaics","status":"Operational","technology":"solar"},"type":"Feature"},{"geometry":{"coordinates":[-3.0873483,51.5419864],"type":"Point"},"id":"GG2050-REPD-2322","properties":{"capacity_mw":5.3,"gg_project_id":"GG2050-REPD-2322","name":"Coal Pit Lane","operator":"Phoenix Capital R-Energy Ltd","repd_ref":"2322","repd_technology":"Solar Photovoltaics","status":"Application Withdrawn","technology":"solar"},"type":"Feature"},{"geometry":{"coordinates":[-2.5159644,51.1905017],"type":"Point"},"id":"GG2050-REPD-1599","properties":{"capacity_mw":5.3,"gg_project_id":"GG2050-REPD-1599","name":"Hurlingpot Farm","operator":"AEE Renewables","repd_ref":"1599","repd_technology":"Solar Photovoltaics","status":"Appeal Refused","technology":"solar"},"type":"Feature"},{"geometry":{"coordinates":[-2.3504336,51.207723],"type":"Point"},"id":"GG2050-REPD-1209","properties":{"capacity_mw":5.3,"gg_project_id":"GG2050-REPD-1209","name":"Little Sharpshaw Farm solar park","operator":"AEE Renewables","repd_ref":"1209","repd_technology":"Solar Photovoltaics","status":"Application Refused","technology":"solar"},"type":"Feature"},{"geometry":{"coordinates":[-5.193514,50.1421092],"type":"Point"},"id":"GG2050-REPD-1088","properties":{"capacity_mw":5.3,"gg_project_id":"GG2050-REPD-1088","name":"LITTLE TREVEASE SOLAR PARK","operator":"Private Developer","repd_ref":"1088","repd_technology":"Solar Photovoltaics","status":"Operational","technology":"solar"},"type":"Feature"},{"geometry":{"coordinates":[-0.1111017,51.1617994],"type":"Point"},"id":"GG2050-REPD-5470","properties":{"capacity_mw":5.3,"gg_project_id":"GG2050-REPD-5470","name":"Redeham Hall Solar Farm","operator":"INRG Solar","repd_ref":"5470","repd_technology":"Solar Photovoltaics","status":"Appeal Refused","technology":"solar"},"type":"Feature"},{"geometry":{"coordinates":[-0.3831056,52.3183884],"type":"Point"},"id":"GG2050-REPD-1097","properties":{"capacity_mw":5.3,"gg_project_id":"GG2050-REPD-1097","name":"ROOKERY FARM SOLAR FARM","operator":"Prosolia UK Ltd","repd_ref":"1097","repd_technology":"Solar Photovoltaics","status":"Operational","technology":"solar"},"type":"Feature"},{"geometry":{"coordinates":[-1.4584948,50.8941208],"type":"Point"},"id":"GG2050-REPD-1086","properties":{"capacity_mw":5.3,"gg_project_id":"GG2050-REPD-1086","name":"Tavells Lane Solar Farm","operator":"Hive Energy","repd_ref":"1086","repd_technology":"Solar Photovoltaics","status":"Operational","technology":"solar"},"type":"Feature"},{"geometry":{"coordinates":[0.3943997,51.8849929],"type":"Point"},"id":"GG2050-REPD-4859","properties":{"capacity_mw":5.3,"gg_project_id":"GG2050-REPD-4859","name":"Tooleys Farm","operator":"Lightsource Renewable Energy","repd_ref":"4859","repd_technology":"Solar Photovoltaics","status":"Operational","technology":"solar"},"type":"Feature"},{"geometry":{"coordinates":[-2.6028788,53.3873164],"type":"Point"},"id":"GG2050-REPD-1892","properties":{"capacity_mw":5.3,"gg_project_id":"GG2050-REPD-1892","name":"Warrington Home Solar Scheme","operator":"Warrington Council","repd_ref":"1892","repd_technology":"Solar Photovoltaics","status":"Operational","technology":"solar"},"type":"Feature"},{"geometry":{"coordinates":[-5.020916,51.6685131],"type":"Point"},"id":"GG2050-REPD-5232","properties":{"capacity_mw":5.3,"gg_project_id":"GG2050-REPD-5232","name":"Wogaston Solar Farm","operator":"Elgin Energy EsCo","repd_ref":"5232","repd_technology":"Solar Photovoltaics","status":"Operational","technology":"solar"},"type":"Feature"},{"geometry":{"coordinates":[-1.5209939,50.9071541],"type":"Point"},"id":"GG2050-REPD-16345","properties":{"capacity_mw":5.26,"gg_project_id":"GG2050-REPD-16345","name":"Fletchwood Lane, Totton - Solar Park","operator":"Trant Engineering Limited","repd_ref":"16345","repd_technology":"Solar Photovoltaics","status":"Application Refused","technology":"solar"},"type":"Feature"},{"geometry":{"coordinates":[-1.4844341,52.1946397],"type":"Point"},"id":"GG2050-REPD-16633","properties":{"capacity_mw":5.2,"gg_project_id":"GG2050-REPD-16633","name":"Aston Martin Lagonda, Banbury Road - Solar panels","operator":"Aston Martin Head Office","repd_ref":"16633","repd_technology":"Solar Photovoltaics","status":"Revised","technology":"solar"},"type":"Feature"},{"geometry":{"coordinates":[-1.4844341,52.1946397],"type":"Point"},"id":"GG2050-REPD-16945","properties":{"capacity_mw":5.2,"gg_project_id":"GG2050-REPD-16945","name":"Aston Martin Lagonda, Banbury Road - Solar panels","operator":"Aston Martin Head Office","repd_ref":"16945","repd_technology":"Solar Photovoltaics","status":"Awaiting Construction","technology":"solar"},"type":"Feature"},{"geometry":{"coordinates":[-4.0386716,50.9217066],"type":"Point"},"id":"GG2050-REPD-1346","properties":{"capacity_mw":5.2,"gg_project_id":"GG2050-REPD-1346","name":"Beaford Brook Solar Park","operator":"Wessex Solar Energy","repd_ref":"1346","repd_technology":"Solar Photovoltaics","status":"Operational","technology":"solar"},"type":"Feature"},{"geometry":{"coordinates":[0.4052787,51.581358],"type":"Point"},"id":"GG2050-REPD-11486","properties":{"capacity_mw":5.2,"gg_project_id":"GG2050-REPD-11486","name":"Ford Research And Engineering Centre, Dunton - Solar Farm","operator":"Ford Motor Company Limited","repd_ref":"11486","repd_technology":"Solar Photovoltaics","status":"Operational","technology":"solar"},"type":"Feature"},{"geometry":{"coordinates":[1.0303722,52.6032108],"type":"Point"},"id":"GG2050-REPD-2300","properties":{"capacity_mw":5.2,"gg_project_id":"GG2050-REPD-2300","name":"Hardingham Solar Farm - extension","operator":"Solar Century/ Bluefield Solar","repd_ref":"2300","repd_technology":"Solar Photovoltaics","status":"Operational","technology":"solar"},"type":"Feature"},{"geometry":{"coordinates":[-3.7849442,50.4235613],"type":"Point"},"id":"GG2050-REPD-1176","properties":{"capacity_mw":5.2,"gg_project_id":"GG2050-REPD-1176","name":"Hatchlands Farm","operator":"Orta Solar","repd_ref":"1176","repd_technology":"Solar Photovoltaics","status":"Operational","technology":"solar"},"type":"Feature"},{"geometry":{"coordinates":[-1.4518609,51.2152207],"type":"Point"},"id":"GG2050-REPD-18078","properties":{"capacity_mw":5.2,"gg_project_id":"GG2050-REPD-18078","name":"South Way, Walworth Business Park - Solar Photovoltaics","operator":"Saber Renewable Energy Limited","repd_ref":"18078","repd_technology":"Solar Photovoltaics","status":"Application Withdrawn","technology":"solar"},"type":"Feature"},{"geometry":{"coordinates":[-2.4727661,53.1050498],"type":"Point"},"id":"GG2050-REPD-1730","properties":{"capacity_mw":5.1,"gg_project_id":"GG2050-REPD-1730","name":"Bentley Motors Ltd 1","operator":"Bentley Motor Cars Ltd","repd_ref":"1730","repd_technology":"Solar Photovoltaics","status":"Operational","technology":"solar"},"type":"Feature"},{"geometry":{"coordinates":[-3.6540029,51.6430997],"type":"Point"},"id":"GG2050-REPD-2235","properties":{"capacity_mw":5.1,"gg_project_id":"GG2050-REPD-2235","name":"Foel Fawr","operator":"Marcol Afan Energy","repd_ref":"2235","repd_technology":"Solar Photovoltaics","status":"Planning Permission Expired","technology":"solar"},"type":"Feature"},{"geometry":{"coordinates":[-1.1533273,52.0529411],"type":"Point"},"id":"GG2050-REPD-2362","properties":{"capacity_mw":5.1,"gg_project_id":"GG2050-REPD-2362","name":"Hall Farm","operator":"United Photovoltaics","repd_ref":"2362","repd_technology":"Solar Photovoltaics","status":"Operational","technology":"solar"},"type":"Feature"},{"geometry":{"coordinates":[-1.6690443,52.8661382],"type":"Point"},"id":"GG2050-REPD-8111","properties":{"capacity_mw":5.1,"gg_project_id":"GG2050-REPD-8111","name":"Hoon Hay Manor, Hatton - Solar Farm","operator":"Hoon Hay Solar Limited","repd_ref":"8111","repd_technology":"Solar Photovoltaics","status":"Awaiting Construction","technology":"solar"},"type":"Feature"},{"geometry":{"coordinates":[-3.4737269,51.0112688],"type":"Point"},"id":"GG2050-REPD-1871","properties":{"capacity_mw":5.1,"gg_project_id":"GG2050-REPD-1871","name":"Keens Farm","operator":"juwi Renewable Energies","repd_ref":"1871","repd_technology":"Solar Photovoltaics","status":"Appeal Refused","technology":"solar"},"type":"Feature"},{"geometry":{"coordinates":[-3.4340549,50.7014582],"type":"Point"},"id":"GG2050-REPD-4895","properties":{"capacity_mw":5.1,"gg_project_id":"GG2050-REPD-4895","name":"Orchard Park","operator":"Solstice Renewables","repd_ref":"4895","repd_technology":"Solar Photovoltaics","status":"Appeal Refused","technology":"solar"},"type":"Feature"},{"geometry":{"coordinates":[-0.5512464,52.0608618],"type":"Point"},"id":"GG2050-REPD-13146","properties":{"capacity_mw":5.1,"gg_project_id":"GG2050-REPD-13146","name":"Stone Lane Quarry, Woburn Road - Solar Array Area","operator":"Arnold White Estates Limited","repd_ref":"13146","repd_technology":"Solar Photovoltaics","status":"Application Submitted","technology":"solar"},"type":"Feature"},{"geometry":{"coordinates":[-5.6189755,54.3057034],"type":"Point"},"id":"GG2050-REPD-2371","properties":{"capacity_mw":5.1,"gg_project_id":"GG2050-REPD-2371","name":"Tullynaskeagh Solar Farm","operator":"BNRG Northern Power","repd_ref":"2371","repd_technology":"Solar Photovoltaics","status":"Abandoned","technology":"solar"},"type":"Feature"},{"geometry":{"coordinates":[-0.9265733,53.2227693],"type":"Point"},"id":"GG2050-REPD-1818","properties":{"capacity_mw":5.1,"gg_project_id":"GG2050-REPD-1818","name":"Westwood Farm Solar Park","operator":"Lightsource Renewable Energy","repd_ref":"1818","repd_technology":"Solar Photovoltaics","status":"Operational","technology":"solar"},"type":"Feature"},{"geometry":{"coordinates":[-3.3078924,57.7103271],"type":"Point"},"id":"GG2050-REPD-20096","properties":{"capacity_mw":5.04,"gg_project_id":"GG2050-REPD-20096","name":"RAF Lossiemouth - Solar Panels","operator":"Cogeo Planning & Environmental Services Limited","repd_ref":"20096","repd_technology":"Solar Photovoltaics","status":"Application Submitted","technology":"solar"},"type":"Feature"},{"geometry":{"coordinates":[0.1494044,52.0731303],"type":"Point"},"id":"GG2050-REPD-5877","properties":{"capacity_mw":5.0,"gg_project_id":"GG2050-REPD-5877","name":"Abbey Farm","operator":"Push Energy","repd_ref":"5877","repd_technology":"Solar Photovoltaics","status":"Application Withdrawn","technology":"solar"},"type":"Feature"},{"geometry":{"coordinates":[0.9501212,52.4745616],"type":"Point"},"id":"GG2050-REPD-1550","properties":{"capacity_mw":5.0,"gg_project_id":"GG2050-REPD-1550","name":"Airfield Farm PV","operator":"P V Farms 01","repd_ref":"1550","repd_technology":"Solar Photovoltaics","status":"Operational","technology":"solar"},"type":"Feature"},{"geometry":{"coordinates":[-2.8651799,51.0575754],"type":"Point"},"id":"GG2050-REPD-1646","properties":{"capacity_mw":5.0,"gg_project_id":"GG2050-REPD-1646","name":"Aller Court Farm Solar Park","operator":"NESF (formerly British Solar Renewables)","repd_ref":"1646","repd_technology":"Solar Photovoltaics","status":"Operational","technology":"solar"},"type":"Feature"},{"geometry":{"coordinates":[-2.5578612,50.8805076],"type":"Point"},"id":"GG2050-REPD-5662","properties":{"capacity_mw":5.0,"gg_project_id":"GG2050-REPD-5662","name":"Alton Mead Lane","operator":"Brilliant Harvest Installations","repd_ref":"5662","repd_technology":"Solar Photovoltaics","status":"Planning Permission Expired","technology":"solar"},"type":"Feature"},{"geometry":{"coordinates":[-1.5364159,51.2111889],"type":"Point"},"id":"GG2050-REPD-1570","properties":{"capacity_mw":5.0,"gg_project_id":"GG2050-REPD-1570","name":"Andover Solar Farm","operator":"The Clark Trustees","repd_ref":"1570","repd_technology":"Solar Photovoltaics","status":"Operational","technology":"solar"},"type":"Feature"},{"geometry":{"coordinates":[-3.6435386,50.5863091],"type":"Point"},"id":"GG2050-REPD-4962","properties":{"capacity_mw":5.0,"gg_project_id":"GG2050-REPD-4962","name":"Apple Tree Close","operator":"Sun Farming","repd_ref":"4962","repd_technology":"Solar Photovoltaics","status":"Awaiting Construction","technology":"solar"},"type":"Feature"},{"geometry":{"coordinates":[-3.1392294,51.7217949],"type":"Point"},"id":"GG2050-REPD-6084","properties":{"capacity_mw":5.0,"gg_project_id":"GG2050-REPD-6084","name":"Arail Farm Road","operator":"Active Renewables","repd_ref":"6084","repd_technology":"Solar Photovoltaics","status":"Application Withdrawn","technology":"solar"},"type":"Feature"},{"geometry":{"coordinates":[-3.4117069,55.1166758],"type":"Point"},"id":"GG2050-REPD-20606","properties":{"capacity_mw":5.0,"gg_project_id":"GG2050-REPD-20606","name":"Arla Lockerbie Creamery - Solar Farm","operator":"Scottish Southern Energy Renewables","repd_ref":"20606","repd_technology":"Solar Photovoltaics","status":"Application Submitted","technology":"solar"},"type":"Feature"},{"geometry":{"coordinates":[-1.4853245,52.7226761],"type":"Point"},"id":"GG2050-REPD-5273","properties":{"capacity_mw":5.0,"gg_project_id":"GG2050-REPD-5273","name":"Ashby Solar Farm (a)","operator":"Primrose Solar","repd_ref":"5273","repd_technology":"Solar Photovoltaics","status":"Operational","technology":"solar"},"type":"Feature"},{"geometry":{"coordinates":[-1.237622,53.143552],"type":"Point"},"id":"GG2050-REPD-5595","properties":{"capacity_mw":5.0,"gg_project_id":"GG2050-REPD-5595","name":"Ashland Solar Farm","operator":"Ashland Solar Farm Ltd","repd_ref":"5595","repd_technology":"Solar Photovoltaics","status":"Planning Permission Expired","technology":"solar"},"type":"Feature"},{"geometry":{"coordinates":[-1.1602167,53.6208165],"type":"Point"},"id":"GG2050-REPD-2213","properties":{"capacity_mw":5.0,"gg_project_id":"GG2050-REPD-2213","name":"Askern Colliery solar farm","operator":"Anesco","repd_ref":"2213","repd_technology":"Solar Photovoltaics","status":"Operational","technology":"solar"},"type":"Feature"},{"geometry":{"coordinates":[-2.3238517,52.467211],"type":"Point"},"id":"GG2050-REPD-5266","properties":{"capacity_mw":5.0,"gg_project_id":"GG2050-REPD-5266","name":"Astley Solar Farm","operator":"Rockfire Capital","repd_ref":"5266","repd_technology":"Solar Photovoltaics","status":"Operational","technology":"solar"},"type":"Feature"},{"geometry":{"coordinates":[-1.3870309,53.148073],"type":"Point"},"id":"GG2050-REPD-5287","properties":{"capacity_mw":5.0,"gg_project_id":"GG2050-REPD-5287","name":"Averhill Farm","operator":"Lightsource Renewable Energy","repd_ref":"5287","repd_technology":"Solar Photovoltaics","status":"Operational","technology":"solar"},"type":"Feature"},{"geometry":{"coordinates":[-2.9589912,50.8117139],"type":"Point"},"id":"GG2050-REPD-5131","properties":{"capacity_mw":5.0,"gg_project_id":"GG2050-REPD-5131","name":"Axe View Solar Farm","operator":"NESF (formerly INRG Solar)","repd_ref":"5131","repd_technology":"Solar Photovoltaics","status":"Operational","technology":"solar"},"type":"Feature"},{"geometry":{"coordinates":[-3.3458578,50.931931],"type":"Point"},"id":"GG2050-REPD-1569","properties":{"capacity_mw":5.0,"gg_project_id":"GG2050-REPD-1569","name":"Ayshford Court Farm","operator":"AEE Renewables","repd_ref":"1569","repd_technology":"Solar Photovoltaics","status":"Operational","technology":"solar"},"type":"Feature"},{"geometry":{"coordinates":[-3.0071738,53.6466845],"type":"Point"},"id":"GG2050-REPD-5228","properties":{"capacity_mw":5.0,"gg_project_id":"GG2050-REPD-5228","name":"Back Lane Solar Farm","operator":"BE Renewables","repd_ref":"5228","repd_technology":"Solar Photovoltaics","status":"Revised","technology":"solar"},"type":"Feature"},{"geometry":{"coordinates":[-2.9377368,53.5416683],"type":"Point"},"id":"GG2050-REPD-5936","properties":{"capacity_mw":5.0,"gg_project_id":"GG2050-REPD-5936","name":"Back Lane Solar Farm","operator":"BE Renewables","repd_ref":"5936","repd_technology":"Solar Photovoltaics","status":"Appeal Withdrawn","technology":"solar"},"type":"Feature"},{"geometry":{"coordinates":[-3.8294646,51.6094097],"type":"Point"},"id":"GG2050-REPD-2381","properties":{"capacity_mw":5.0,"gg_project_id":"GG2050-REPD-2381","name":"Baglan Bay Solar Farm - Phase 1","operator":"St. Modwen Developments","repd_ref":"2381","repd_technology":"Solar Photovoltaics","status":"Operational","technology":"solar"},"type":"Feature"},{"geometry":{"coordinates":[1.0407861,52.5978896],"type":"Point"},"id":"GG2050-REPD-1043","properties":{"capacity_mw":5.0,"gg_project_id":"GG2050-REPD-1043","name":"Baileys Meadow Solar Farm","operator":"Alectron Investments","repd_ref":"1043","repd_technology":"Solar Photovoltaics","status":"Application Refused","technology":"solar"},"type":"Feature"},{"geometry":{"coordinates":[-1.8334555,51.0483417],"type":"Point"},"id":"GG2050-REPD-4783","properties":{"capacity_mw":5.0,"gg_project_id":"GG2050-REPD-4783","name":"Bake Farm Solar Farm","operator":"British Solar Renewables","repd_ref":"4783","repd_technology":"Solar Photovoltaics","status":"Operational","technology":"solar"},"type":"Feature"},{"geometry":{"coordinates":[-3.7119892,56.1430227],"type":"Point"},"id":"GG2050-REPD-5795","properties":{"capacity_mw":5.0,"gg_project_id":"GG2050-REPD-5795","name":"Balhearty Solar","operator":"NESF (formerly Lark Energy)","repd_ref":"5795","repd_technology":"Solar Photovoltaics","status":"Operational","technology":"solar"},"type":"Feature"},{"geometry":{"coordinates":[-4.9193602,55.7691304],"type":"Point"},"id":"GG2050-REPD-5784","properties":{"capacity_mw":5.0,"gg_project_id":"GG2050-REPD-5784","name":"Ballochmartin","operator":"Ramboll Environ UK/Comsol Energy","repd_ref":"5784","repd_technology":"Solar Photovoltaics","status":"Revised","technology":"solar"},"type":"Feature"},{"geometry":{"coordinates":[-2.9765603,53.2031564],"type":"Point"},"id":"GG2050-REPD-5565","properties":{"capacity_mw":5.0,"gg_project_id":"GG2050-REPD-5565","name":"Banks Farm Solar Park (linked site)","operator":"SEP Solar","repd_ref":"5565","repd_technology":"Solar Photovoltaics","status":"Appeal Refused","technology":"solar"},"type":"Feature"},{"geometry":{"coordinates":[0.0446347,52.1737169],"type":"Point"},"id":"GG2050-REPD-10578","properties":{"capacity_mw":5.0,"gg_project_id":"GG2050-REPD-10578","name":"Barton Road, Barton - Solar Farm","operator":"Cambridge University Director Of Estates","repd_ref":"10578","repd_technology":"Solar Photovoltaics","status":"Awaiting Construction","technology":"solar"},"type":"Feature"},{"geometry":{"coordinates":[-1.4955211,54.1750955],"type":"Point"},"id":"GG2050-REPD-1838","properties":{"capacity_mw":5.0,"gg_project_id":"GG2050-REPD-1838","name":"Barugh Farm","operator":"HB & CH Barker Ltd","repd_ref":"1838","repd_technology":"Solar Photovoltaics","status":"Operational","technology":"solar"},"type":"Feature"},{"geometry":{"coordinates":[0.4234426,51.4720581],"type":"Point"},"id":"GG2050-REPD-5942","properties":{"capacity_mw":5.0,"gg_project_id":"GG2050-REPD-5942","name":"Barvills Solar Farm","operator":"BE Renewables/Barvills Solar Limited","repd_ref":"5942","repd_technology":"Solar Photovoltaics","status":"Operational","technology":"solar"},"type":"Feature"},{"geometry":{"coordinates":[-1.4184263,52.5614401],"type":"Point"},"id":"GG2050-REPD-5643","properties":{"capacity_mw":5.0,"gg_project_id":"GG2050-REPD-5643","name":"Basin Bridge Farm","operator":"Sun Farming UK","repd_ref":"5643","repd_technology":"Solar Photovoltaics","status":"Operational","technology":"solar"},"type":"Feature"},{"geometry":{"coordinates":[-0.9694342,53.3490135],"type":"Point"},"id":"GG2050-REPD-1911","properties":{"capacity_mw":5.0,"gg_project_id":"GG2050-REPD-1911","name":"Bellmoor Grassland","operator":"Fred Walter & Sons Ltd","repd_ref":"1911","repd_technology":"Solar Photovoltaics","status":"Abandoned","technology":"solar"},"type":"Feature"},{"geometry":{"coordinates":[-2.3760327,53.5330879],"type":"Point"},"id":"GG2050-REPD-5723","properties":{"capacity_mw":5.0,"gg_project_id":"GG2050-REPD-5723","name":"Bent Spur Solar Farm","operator":"Active Renewables","repd_ref":"5723","repd_technology":"Solar Photovoltaics","status":"Operational","technology":"solar"},"type":"Feature"},{"geometry":{"coordinates":[0.1108086,50.9335285],"type":"Point"},"id":"GG2050-REPD-2132","properties":{"capacity_mw":5.0,"gg_project_id":"GG2050-REPD-2132","name":"Bentley Estate","operator":"Lightsource Renewable Energy","repd_ref":"2132","repd_technology":"Solar Photovoltaics","status":"Operational","technology":"solar"},"type":"Feature"},{"geometry":{"coordinates":[-3.3321586,51.583432],"type":"Point"},"id":"GG2050-REPD-5560","properties":{"capacity_mw":5.0,"gg_project_id":"GG2050-REPD-5560","name":"Berthlwyd Farm","operator":"Greencoat Capital","repd_ref":"5560","repd_technology":"Solar Photovoltaics","status":"Operational","technology":"solar"},"type":"Feature"},{"geometry":{"coordinates":[-3.7313379,50.4391037],"type":"Point"},"id":"GG2050-REPD-1964","properties":{"capacity_mw":5.0,"gg_project_id":"GG2050-REPD-1964","name":"Bidwell Solar Farm","operator":"Wessex Solar Energy","repd_ref":"1964","repd_technology":"Solar Photovoltaics","status":"Operational","technology":"solar"},"type":"Feature"},{"geometry":{"coordinates":[-3.7339404,50.4386422],"type":"Point"},"id":"GG2050-REPD-1177","properties":{"capacity_mw":5.0,"gg_project_id":"GG2050-REPD-1177","name":"Bidwell Solar Park","operator":"Wessex Solar Energy","repd_ref":"1177","repd_technology":"Solar Photovoltaics","status":"Revised","technology":"solar"},"type":"Feature"},{"geometry":{"coordinates":[-3.2394736,51.4233212],"type":"Point"},"id":"GG2050-REPD-5289","properties":{"capacity_mw":5.0,"gg_project_id":"GG2050-REPD-5289","name":"Biglis Farm","operator":"Conergy West Sussex","repd_ref":"5289","repd_technology":"Solar Photovoltaics","status":"Operational","technology":"solar"},"type":"Feature"},{"geometry":{"coordinates":[-2.7595575,53.8457326],"type":"Point"},"id":"GG2050-REPD-5163","properties":{"capacity_mw":5.0,"gg_project_id":"GG2050-REPD-5163","name":"Bilsborrow Solar Farm","operator":"Greencoat Capital","repd_ref":"5163","repd_technology":"Solar Photovoltaics","status":"Operational","technology":"solar"},"type":"Feature"},{"geometry":{"coordinates":[-1.0420467,53.1271007],"type":"Point"},"id":"GG2050-REPD-5742","properties":{"capacity_mw":5.0,"gg_project_id":"GG2050-REPD-5742","name":"Bilsthorpe (Land off Forest Lane)","operator":"NESF (formerly Lark Energy)","repd_ref":"5742","repd_technology":"Solar Photovoltaics","status":"Operational","technology":"solar"},"type":"Feature"},{"geometry":{"coordinates":[-3.3392268,56.3048237],"type":"Point"},"id":"GG2050-REPD-9071","properties":{"capacity_mw":5.0,"gg_project_id":"GG2050-REPD-9071","name":"Binn Eco Park - Solar","operator":"Green Cat Renewables Developments","repd_ref":"9071","repd_technology":"Solar Photovoltaics","status":"Awaiting Construction","technology":"solar"},"type":"Feature"},{"geometry":{"coordinates":[-0.6060671,50.8338086],"type":"Point"},"id":"GG2050-REPD-6205","properties":{"capacity_mw":5.0,"gg_project_id":"GG2050-REPD-6205","name":"Binsted Farm","operator":"Lightsource BP","repd_ref":"6205","repd_technology":"Solar Photovoltaics","status":"Operational","technology":"solar"},"type":"Feature"},{"geometry":{"coordinates":[-1.6673118,52.087851],"type":"Point"},"id":"GG2050-REPD-1968","properties":{"capacity_mw":5.0,"gg_project_id":"GG2050-REPD-1968","name":"Blackwell Grange Solar Farm","operator":"Conergy","repd_ref":"1968","repd_technology":"Solar Photovoltaics","status":"Operational","technology":"solar"},"type":"Feature"},{"geometry":{"coordinates":[-1.3591871,51.8478446],"type":"Point"},"id":"GG2050-REPD-8069","properties":{"capacity_mw":5.0,"gg_project_id":"GG2050-REPD-8069","name":"Blenheim Net Zero Estate","operator":"Vanburgh Unit Trust","repd_ref":"8069","repd_technology":"Solar Photovoltaics","status":"Under Construction","technology":"solar"},"type":"Feature"},{"geometry":{"coordinates":[-3.6846419,51.018939],"type":"Point"},"id":"GG2050-REPD-2101","properties":{"capacity_mw":5.0,"gg_project_id":"GG2050-REPD-2101","name":"Bommertown Solar Farm","operator":"Steadfast Molland Solar Ltd","repd_ref":"2101","repd_technology":"Solar Photovoltaics","status":"Operational","technology":"solar"},"type":"Feature"},{"geometry":{"coordinates":[-0.049356,52.2092344],"type":"Point"},"id":"GG2050-REPD-1037","properties":{"capacity_mw":5.0,"gg_project_id":"GG2050-REPD-1037","name":"Bourn Solar Farm","operator":"Eclipse Planning Services","repd_ref":"1037","repd_technology":"Solar Photovoltaics","status":"Application Refused","technology":"solar"},"type":"Feature"},{"geometry":{"coordinates":[-2.3942544,50.7778509],"type":"Point"},"id":"GG2050-REPD-2361","properties":{"capacity_mw":5.0,"gg_project_id":"GG2050-REPD-2361","name":"Bourne Park (Solar)","operator":"Sovereign Energy Partners LLP","repd_ref":"2361","repd_technology":"Solar Photovoltaics","status":"Operational","technology":"solar"},"type":"Feature"},{"geometry":{"coordinates":[-1.5289809,54.7315125],"type":"Point"},"id":"GG2050-REPD-6104","properties":{"capacity_mw":5.0,"gg_project_id":"GG2050-REPD-6104","name":"Bowburn","operator":"Citrus Durham","repd_ref":"6104","repd_technology":"Solar Photovoltaics","status":"Planning Permission Expired","technology":"solar"},"type":"Feature"},{"geometry":{"coordinates":[-2.7448229,54.7051627],"type":"Point"},"id":"GG2050-REPD-5696","properties":{"capacity_mw":5.0,"gg_project_id":"GG2050-REPD-5696","name":"Bowscar","operator":"Psi Solar","repd_ref":"5696","repd_technology":"Solar Photovoltaics","status":"Planning Permission Expired","technology":"solar"},"type":"Feature"},{"geometry":{"coordinates":[-3.9248622,51.1252319],"type":"Point"},"id":"GG2050-REPD-1557","properties":{"capacity_mw":5.0,"gg_project_id":"GG2050-REPD-1557","name":"Bratton Fleming Solar Farm","operator":"Wessex Solar Energy","repd_ref":"1557","repd_technology":"Solar Photovoltaics","status":"Operational","technology":"solar"},"type":"Feature"},{"geometry":{"coordinates":[-1.5948335,52.7908282],"type":"Point"},"id":"GG2050-REPD-5549","properties":{"capacity_mw":5.0,"gg_project_id":"GG2050-REPD-5549","name":"Brizlincote Hall Solar Farm","operator":"Vortex (formerly SunEdison)","repd_ref":"5549","repd_technology":"Solar Photovoltaics","status":"Application Refused","technology":"solar"},"type":"Feature"},{"geometry":{"coordinates":[-1.8153074,51.7992743],"type":"Point"},"id":"GG2050-REPD-5822","properties":{"capacity_mw":5.0,"gg_project_id":"GG2050-REPD-5822","name":"Broadfield Farmhouse","operator":"British Solar Renewables","repd_ref":"5822","repd_technology":"Solar Photovoltaics","status":"Planning Permission Expired","technology":"solar"},"type":"Feature"},{"geometry":{"coordinates":[-3.3316793,50.9173183],"type":"Point"},"id":"GG2050-REPD-5851","properties":{"capacity_mw":5.0,"gg_project_id":"GG2050-REPD-5851","name":"Broadpath Landfill","operator":"Viridor","repd_ref":"5851","repd_technology":"Solar Photovoltaics","status":"Abandoned","technology":"solar"},"type":"Feature"},{"geometry":{"coordinates":[-2.7405886,52.1297046],"type":"Point"},"id":"GG2050-REPD-5731","properties":{"capacity_mw":5.0,"gg_project_id":"GG2050-REPD-5731","name":"Brookhouse Farm","operator":"Earthworm Energy","repd_ref":"5731","repd_technology":"Solar Photovoltaics","status":"Appeal Refused","technology":"solar"},"type":"Feature"},{"geometry":{"coordinates":[-0.0356655,51.7506943],"type":"Point"},"id":"GG2050-REPD-5647","properties":{"capacity_mw":5.0,"gg_project_id":"GG2050-REPD-5647","name":"Broxbournebury Solar Field","operator":"Mulbrick Clean Energy","repd_ref":"5647","repd_technology":"Solar Photovoltaics","status":"Planning Permission Expired","technology":"solar"},"type":"Feature"},{"geometry":{"coordinates":[-0.6603975,52.3699409],"type":"Point"},"id":"GG2050-REPD-5944","properties":{"capacity_mw":5.0,"gg_project_id":"GG2050-REPD-5944","name":"Bryant Field Solar Park","operator":"First Renewable Developments","repd_ref":"5944","repd_technology":"Solar Photovoltaics","status":"Planning Permission Expired","technology":"solar"},"type":"Feature"},{"geometry":{"coordinates":[-4.2699681,50.9107185],"type":"Point"},"id":"GG2050-REPD-5757","properties":{"capacity_mw":5.0,"gg_project_id":"GG2050-REPD-5757","name":"Bulkworthy Solar Park","operator":"Ecotricity","repd_ref":"5757","repd_technology":"Solar Photovoltaics","status":"Awaiting Construction","technology":"solar"},"type":"Feature"},{"geometry":{"coordinates":[-0.8963242,51.7483135],"type":"Point"},"id":"GG2050-REPD-2186","properties":{"capacity_mw":5.0,"gg_project_id":"GG2050-REPD-2186","name":"Bumpers Farm Phase 1","operator":"Solar Planning","repd_ref":"2186","repd_technology":"Solar Photovoltaics","status":"Operational","technology":"solar"},"type":"Feature"},{"geometry":{"coordinates":[0.3855311,51.8635096],"type":"Point"},"id":"GG2050-REPD-5733","properties":{"capacity_mw":5.0,"gg_project_id":"GG2050-REPD-5733","name":"Bumpstead Hill","operator":"Lightsource Renewable Energy","repd_ref":"5733","repd_technology":"Solar Photovoltaics","status":"Revised","technology":"solar"},"type":"Feature"},{"geometry":{"coordinates":[-5.3779634,50.1513329],"type":"Point"},"id":"GG2050-REPD-5937","properties":{"capacity_mw":5.0,"gg_project_id":"GG2050-REPD-5937","name":"Bunkers Hill","operator":"Mably Solar","repd_ref":"5937","repd_technology":"Solar Photovoltaics","status":"Application Refused","technology":"solar"},"type":"Feature"},{"geometry":{"coordinates":[1.3979179,52.7984308],"type":"Point"},"id":"GG2050-REPD-5453","properties":{"capacity_mw":5.0,"gg_project_id":"GG2050-REPD-5453","name":"Bunn's Hill Solar Park","operator":"Solar Century/ Bluefield Solar","repd_ref":"5453","repd_technology":"Solar Photovoltaics","status":"Operational","technology":"solar"},"type":"Feature"},{"geometry":{"coordinates":[-3.4207823,50.7612727],"type":"Point"},"id":"GG2050-REPD-1978","properties":{"capacity_mw":5.0,"gg_project_id":"GG2050-REPD-1978","name":"Burrowton Farm","operator":"NextEnery Solar Fund (NESF)","repd_ref":"1978","repd_technology":"Solar Photovoltaics","status":"Operational","technology":"solar"},"type":"Feature"},{"geometry":{"coordinates":[-0.1370078,52.4514222],"type":"Point"},"id":"GG2050-REPD-6180","properties":{"capacity_mw":5.0,"gg_project_id":"GG2050-REPD-6180","name":"Bury Green Farm Solar","operator":"Bury Green Farm Solar (Caledon Partners)","repd_ref":"6180","repd_technology":"Solar Photovoltaics","status":"Operational","technology":"solar"},"type":"Feature"},{"geometry":{"coordinates":[-2.8924084,50.9894688],"type":"Point"},"id":"GG2050-REPD-1077","properties":{"capacity_mw":5.0,"gg_project_id":"GG2050-REPD-1077","name":"BUSHFURLONG SOLAR FARM","operator":"ZW Bushfurlong Ltd","repd_ref":"1077","repd_technology":"Solar Photovoltaics","status":"Application Withdrawn","technology":"solar"},"type":"Feature"},{"geometry":{"coordinates":[-0.4686495,51.8564022],"type":"Point"},"id":"GG2050-REPD-4706","properties":{"capacity_mw":5.0,"gg_project_id":"GG2050-REPD-4706","name":"Caddington Solar Farm (Phase 2)","operator":"Emsrayne Limited","repd_ref":"4706","repd_technology":"Solar Photovoltaics","status":"Operational","technology":"solar"},"type":"Feature"},{"geometry":{"coordinates":[-0.2070756,52.2103696],"type":"Point"},"id":"GG2050-REPD-4825","properties":{"capacity_mw":5.0,"gg_project_id":"GG2050-REPD-4825","name":"Caldecote Manor Farm","operator":"Sustain Energy Solutions","repd_ref":"4825","repd_technology":"Solar Photovoltaics","status":"Operational","technology":"solar"},"type":"Feature"},{"geometry":{"coordinates":[-2.8465146,56.2830358],"type":"Point"},"id":"GG2050-REPD-5338","properties":{"capacity_mw":5.0,"gg_project_id":"GG2050-REPD-5338","name":"Cameron Reservoir","operator":"Green Power Consultants","repd_ref":"5338","repd_technology":"Solar Photovoltaics","status":"Abandoned","technology":"solar"},"type":"Feature"},{"geometry":{"coordinates":[-0.0549554,53.0099048],"type":"Point"},"id":"GG2050-REPD-4951","properties":{"capacity_mw":5.0,"gg_project_id":"GG2050-REPD-4951","name":"Canopus Farm","operator":"Countryside Renewables","repd_ref":"4951","repd_technology":"Solar Photovoltaics","status":"Operational","technology":"solar"},"type":"Feature"},{"geometry":{"coordinates":[0.0672891,52.1721441],"type":"Point"},"id":"GG2050-REPD-1034","properties":{"capacity_mw":5.0,"gg_project_id":"GG2050-REPD-1034","name":"Cantelupe Solar Farm","operator":"Innogy (previously - Belectric (previously Alectron Investments Ltd))","repd_ref":"1034","repd_technology":"Solar Photovoltaics","status":"Operational","technology":"solar"},"type":"Feature"},{"geometry":{"coordinates":[-0.3158115,53.8084547],"type":"Point"},"id":"GG2050-REPD-4804","properties":{"capacity_mw":5.0,"gg_project_id":"GG2050-REPD-4804","name":"Carlam Hill Education CIC","operator":"Greencoat (formerly Renesola)","repd_ref":"4804","repd_technology":"Solar Photovoltaics","status":"Operational","technology":"solar"},"type":"Feature"},{"geometry":{"coordinates":[1.398738,52.8047569],"type":"Point"},"id":"GG2050-REPD-1029","properties":{"capacity_mw":5.0,"gg_project_id":"GG2050-REPD-1029","name":"Carlton Farm Solar farm","operator":"Private Developer","repd_ref":"1029","repd_technology":"Solar Photovoltaics","status":"Operational","technology":"solar"},"type":"Feature"},{"geometry":{"coordinates":[-3.9108682,51.6318884],"type":"Point"},"id":"GG2050-REPD-5593","properties":{"capacity_mw":5.0,"gg_project_id":"GG2050-REPD-5593","name":"Carn Nicholas Farm","operator":"Suncredit UK","repd_ref":"5593","repd_technology":"Solar Photovoltaics","status":"Under Construction","technology":"solar"},"type":"Feature"},{"geometry":{"coordinates":[-3.9108682,51.6318884],"type":"Point"},"id":"GG2050-REPD-5941","properties":{"capacity_mw":5.0,"gg_project_id":"GG2050-REPD-5941","name":"Carn Nicholas Farm","operator":"Suncredit UK","repd_ref":"5941","repd_technology":"Solar Photovoltaics","status":"Application Withdrawn","technology":"solar"},"type":"Feature"},{"geometry":{"coordinates":[-2.8471247,56.6784962],"type":"Point"},"id":"GG2050-REPD-5631","properties":{"capacity_mw":5.0,"gg_project_id":"GG2050-REPD-5631","name":"Carsebank Farm","operator":"Carsebank Solar","repd_ref":"5631","repd_technology":"Solar Photovoltaics","status":"Abandoned","technology":"solar"},"type":"Feature"},{"geometry":{"coordinates":[-2.9629254,53.8058924],"type":"Point"},"id":"GG2050-REPD-5484","properties":{"capacity_mw":5.0,"gg_project_id":"GG2050-REPD-5484","name":"Cask Farm","operator":"Lightsource Renewable Energy","repd_ref":"5484","repd_technology":"Solar Photovoltaics","status":"Application Refused","technology":"solar"},"type":"Feature"},{"geometry":{"coordinates":[-4.0288745,51.6948606],"type":"Point"},"id":"GG2050-REPD-5675","properties":{"capacity_mw":5.0,"gg_project_id":"GG2050-REPD-5675","name":"Castell Ddu Solar Farm","operator":"Caledon Partners (Solar Power Parks)","repd_ref":"5675","repd_technology":"Solar Photovoltaics","status":"Planning Permission Expired","technology":"solar"},"type":"Feature"},{"geometry":{"coordinates":[-1.7438758,52.4289819],"type":"Point"},"id":"GG2050-REPD-19476","properties":{"capacity_mw":5.0,"gg_project_id":"GG2050-REPD-19476","name":"Castle Hills Solar Farm - BESS","operator":"Castle Hills Solar Farm Limited","repd_ref":"19476","repd_technology":"Solar Photovoltaics","status":"Application Submitted","technology":"solar"},"type":"Feature"},{"geometry":{"coordinates":[-4.7286379,55.6546024],"type":"Point"},"id":"GG2050-REPD-5375","properties":{"capacity_mw":5.0,"gg_project_id":"GG2050-REPD-5375","name":"Castlehill Solar Farm","operator":"SBC Renewables","repd_ref":"5375","repd_technology":"Solar Photovoltaics","status":"Abandoned","technology":"solar"},"type":"Feature"},{"geometry":{"coordinates":[0.4437353,50.8926853],"type":"Point"},"id":"GG2050-REPD-5056","properties":{"capacity_mw":5.0,"gg_project_id":"GG2050-REPD-5056","name":"Catsfield Solar Farm","operator":"Iota Solar (OPDE)","repd_ref":"5056","repd_technology":"Solar Photovoltaics","status":"Revised","technology":"solar"},"type":"Feature"},{"geometry":{"coordinates":[-5.1209002,50.286292],"type":"Point"},"id":"GG2050-REPD-1545","properties":{"capacity_mw":5.0,"gg_project_id":"GG2050-REPD-1545","name":"Causilgey Solar Farm","operator":"China Sunergy","repd_ref":"1545","repd_technology":"Solar Photovoltaics","status":"Operational","technology":"solar"},"type":"Feature"},{"geometry":{"coordinates":[-4.4055595,53.2465226],"type":"Point"},"id":"GG2050-REPD-5802","properties":{"capacity_mw":5.0,"gg_project_id":"GG2050-REPD-5802","name":"Cefn Cae For","operator":"Vortex (formerly SunEdison)","repd_ref":"5802","repd_technology":"Solar Photovoltaics","status":"Planning Permission Expired","technology":"solar"},"type":"Feature"},{"geometry":{"coordinates":[-3.1118726,53.1360601],"type":"Point"},"id":"GG2050-REPD-5900","properties":{"capacity_mw":5.0,"gg_project_id":"GG2050-REPD-5900","name":"Celyn Farm","operator":"Earthworm/ EW Capital","repd_ref":"5900","repd_technology":"Solar Photovoltaics","status":"Abandoned","technology":"solar"},"type":"Feature"},{"geometry":{"coordinates":[-2.2130038,53.5901971],"type":"Point"},"id":"GG2050-REPD-5284","properties":{"capacity_mw":5.0,"gg_project_id":"GG2050-REPD-5284","name":"Chamber House","operator":"Rochdale Metropolitan Borough Council","repd_ref":"5284","repd_technology":"Solar Photovoltaics","status":"Revised","technology":"solar"},"type":"Feature"},{"geometry":{"coordinates":[-1.8166842,51.6130066],"type":"Point"},"id":"GG2050-REPD-4769","properties":{"capacity_mw":5.0,"gg_project_id":"GG2050-REPD-4769","name":"Chapel Farm","operator":"Public Power Solutions/ Swindon Borough Council","repd_ref":"4769","repd_technology":"Solar Photovoltaics","status":"Operational","technology":"solar"},"type":"Feature"},{"geometry":{"coordinates":[-2.515655,51.3484367],"type":"Point"},"id":"GG2050-REPD-2298","properties":{"capacity_mw":5.0,"gg_project_id":"GG2050-REPD-2298","name":"Chelwood Solar Farm","operator":"Mongoose Energy Coop","repd_ref":"2298","repd_technology":"Solar Photovoltaics","status":"Operational","technology":"solar"},"type":"Feature"},{"geometry":{"coordinates":[-1.3425472,53.2372678],"type":"Point"},"id":"GG2050-REPD-2184","properties":{"capacity_mw":5.0,"gg_project_id":"GG2050-REPD-2184","name":"Cherry Tree Farm","operator":"Trina Solar","repd_ref":"2184","repd_technology":"Solar Photovoltaics","status":"Operational","technology":"solar"},"type":"Feature"},{"geometry":{"coordinates":[-4.4863165,50.9235146],"type":"Point"},"id":"GG2050-REPD-1024","properties":{"capacity_mw":5.0,"gg_project_id":"GG2050-REPD-1024","name":"Chester Energy (East Woolley Farm)","operator":"Chester Energy (Eastcott)","repd_ref":"1024","repd_technology":"Solar Photovoltaics","status":"Operational","technology":"solar"},"type":"Feature"},{"geometry":{"coordinates":[-2.6027304,50.9944974],"type":"Point"},"id":"GG2050-REPD-1344","properties":{"capacity_mw":5.0,"gg_project_id":"GG2050-REPD-1344","name":"Chilton Cantelo Solar Farm","operator":"NextEnery Solar Fund (NESF)","repd_ref":"1344","repd_technology":"Solar Photovoltaics","status":"Operational","technology":"solar"},"type":"Feature"},{"geometry":{"coordinates":[0.2210948,52.3181295],"type":"Point"},"id":"GG2050-REPD-1553","properties":{"capacity_mw":5.0,"gg_project_id":"GG2050-REPD-1553","name":"Chittering Solar Farm","operator":"Abbey Renewables","repd_ref":"1553","repd_technology":"Solar Photovoltaics","status":"Operational","technology":"solar"},"type":"Feature"},{"geometry":{"coordinates":[-1.4288814,50.9949196],"type":"Point"},"id":"GG2050-REPD-5475","properties":{"capacity_mw":5.0,"gg_project_id":"GG2050-REPD-5475","name":"Churchers Common Solar Park","operator":"British Solar Renewables","repd_ref":"5475","repd_technology":"Solar Photovoltaics","status":"Abandoned","technology":"solar"},"type":"Feature"},{"geometry":{"coordinates":[-2.7356232,54.1677374],"type":"Point"},"id":"GG2050-REPD-5846","properties":{"capacity_mw":5.0,"gg_project_id":"GG2050-REPD-5846","name":"Cinderbarrow Lane","operator":"Livos Energy","repd_ref":"5846","repd_technology":"Solar Photovoltaics","status":"Abandoned","technology":"solar"},"type":"Feature"}],"partition":4,"release":"9.1","schema":"globalgrid2050.v9.atlas-projects.v9.1","technology":"solar","type":"FeatureCollection"}
