{"feature_count":500,"features":[{"geometry":{"coordinates":[-4.0501574,51.7738223],"type":"Point"},"id":"GG2050-REPD-7469","properties":{"capacity_mw":40.0,"gg_project_id":"GG2050-REPD-7469","name":"Tycroes Solar Farm","operator":"Spring Dev 2","repd_ref":"7469","repd_technology":"Solar Photovoltaics","status":"Awaiting Construction","technology":"solar"},"type":"Feature"},{"geometry":{"coordinates":[-3.5206485,51.5441561],"type":"Point"},"id":"GG2050-REPD-10299","properties":{"capacity_mw":40.0,"gg_project_id":"GG2050-REPD-10299","name":"Ty’n y Waun - Solar Farm (Bridgend Energy Hub)","operator":"Cenin Renewables Limited","repd_ref":"10299","repd_technology":"Solar Photovoltaics","status":"Awaiting Construction","technology":"solar"},"type":"Feature"},{"geometry":{"coordinates":[0.6884009,51.3198788],"type":"Point"},"id":"GG2050-REPD-10695","properties":{"capacity_mw":40.0,"gg_project_id":"GG2050-REPD-10695","name":"Vigo Lane, Borden - Solar Farm","operator":"Industria Solar Vigo (Industria Brand Energy)","repd_ref":"10695","repd_technology":"Solar Photovoltaics","status":"Awaiting Construction","technology":"solar"},"type":"Feature"},{"geometry":{"coordinates":[0.1993186,52.722647],"type":"Point"},"id":"GG2050-REPD-9524","properties":{"capacity_mw":40.0,"gg_project_id":"GG2050-REPD-9524","name":"Walpole Bank","operator":"DIF Capital Partners / Green Investment Group","repd_ref":"9524","repd_technology":"Solar Photovoltaics","status":"Under Construction","technology":"solar"},"type":"Feature"},{"geometry":{"coordinates":[-4.3431634,55.7122394],"type":"Point"},"id":"GG2050-REPD-8341","properties":{"capacity_mw":40.0,"gg_project_id":"GG2050-REPD-8341","name":"Whitelees Hydrogen Production Facility, Solar Farm & Battery Storage","operator":"Scottish Power Renewables","repd_ref":"8341","repd_technology":"Solar Photovoltaics","status":"Awaiting Construction","technology":"solar"},"type":"Feature"},{"geometry":{"coordinates":[-0.8882688,52.0822167],"type":"Point"},"id":"GG2050-REPD-10009","properties":{"capacity_mw":40.0,"gg_project_id":"GG2050-REPD-10009","name":"Yardley Road Solar Farm","operator":"Solar 2 Limited","repd_ref":"10009","repd_technology":"Solar Photovoltaics","status":"Application Submitted","technology":"solar"},"type":"Feature"},{"geometry":{"coordinates":[-2.7714152,51.3510955],"type":"Point"},"id":"GG2050-REPD-14692","properties":{"capacity_mw":39.99,"gg_project_id":"GG2050-REPD-14692","name":"Kitland Solar Farm","operator":"Statkraft UK Limited","repd_ref":"14692","repd_technology":"Solar Photovoltaics","status":"Awaiting Construction","technology":"solar"},"type":"Feature"},{"geometry":{"coordinates":[-2.5406013,56.746891],"type":"Point"},"id":"GG2050-REPD-7674","properties":{"capacity_mw":39.9,"gg_project_id":"GG2050-REPD-7674","name":"East Ballochy","operator":"ScottishPower Renewables","repd_ref":"7674","repd_technology":"Solar Photovoltaics","status":"Awaiting Construction","technology":"solar"},"type":"Feature"},{"geometry":{"coordinates":[-3.3104431,51.599718],"type":"Point"},"id":"GG2050-REPD-15563","properties":{"capacity_mw":39.9,"gg_project_id":"GG2050-REPD-15563","name":"Glyntaff Solar Farm, Bryntail Road - Solar Array","operator":"Renantis Falck Renewables Limited","repd_ref":"15563","repd_technology":"Solar Photovoltaics","status":"Application Submitted","technology":"solar"},"type":"Feature"},{"geometry":{"coordinates":[-1.6632197,51.646807],"type":"Point"},"id":"GG2050-REPD-10757","properties":{"capacity_mw":39.6,"gg_project_id":"GG2050-REPD-10757","name":"Snowswick Lane, Coleshill - Solar Farm","operator":"Abei Energy Limited","repd_ref":"10757","repd_technology":"Solar Photovoltaics","status":"Application Submitted","technology":"solar"},"type":"Feature"},{"geometry":{"coordinates":[0.3097686,52.293121],"type":"Point"},"id":"GG2050-REPD-5411","properties":{"capacity_mw":39.5,"gg_project_id":"GG2050-REPD-5411","name":"Goosehall Solar Farm","operator":"Lightsource Renewable Energy","repd_ref":"5411","repd_technology":"Solar Photovoltaics","status":"Operational","technology":"solar"},"type":"Feature"},{"geometry":{"coordinates":[-6.2341485,54.6943473],"type":"Point"},"id":"GG2050-REPD-6829","properties":{"capacity_mw":39.5,"gg_project_id":"GG2050-REPD-6829","name":"South Antrim Solar Park - Phase 2","operator":"Hadstone Energy","repd_ref":"6829","repd_technology":"Solar Photovoltaics","status":"Awaiting Construction","technology":"solar"},"type":"Feature"},{"geometry":{"coordinates":[-0.6050663,52.4547399],"type":"Point"},"id":"GG2050-REPD-19128","properties":{"capacity_mw":39.33,"gg_project_id":"GG2050-REPD-19128","name":"The Grafton Solar Project - Solar Photovoltaic Panels","operator":"Stantec","repd_ref":"19128","repd_technology":"Solar Photovoltaics","status":"Application Submitted","technology":"solar"},"type":"Feature"},{"geometry":{"coordinates":[-1.6679016,54.3925386],"type":"Point"},"id":"GG2050-REPD-16548","properties":{"capacity_mw":39.3,"gg_project_id":"GG2050-REPD-16548","name":"Brompton Solar Farm - Solar Farm","operator":"Energyline Limited","repd_ref":"16548","repd_technology":"Solar Photovoltaics","status":"Awaiting Construction","technology":"solar"},"type":"Feature"},{"geometry":{"coordinates":[-3.4040007,56.3870038],"type":"Point"},"id":"GG2050-REPD-19595","properties":{"capacity_mw":39.0,"gg_project_id":"GG2050-REPD-19595","name":"Binn Farm Solar Farm","operator":"Trio Power Limited","repd_ref":"19595","repd_technology":"Solar Photovoltaics","status":"Application Submitted","technology":"solar"},"type":"Feature"},{"geometry":{"coordinates":[-3.2712624,56.1128701],"type":"Point"},"id":"GG2050-REPD-10433","properties":{"capacity_mw":39.0,"gg_project_id":"GG2050-REPD-10433","name":"Glenniston Farm, Auchtertool - Solar Farm","operator":"Locogen Consulting Limited","repd_ref":"10433","repd_technology":"Solar Photovoltaics","status":"Awaiting Construction","technology":"solar"},"type":"Feature"},{"geometry":{"coordinates":[-0.7051848,52.4466897],"type":"Point"},"id":"GG2050-REPD-15269","properties":{"capacity_mw":39.0,"gg_project_id":"GG2050-REPD-15269","name":"Oakley Bush Solar Farm - Solar PV Panels","operator":"Buccleuch Estates Limited","repd_ref":"15269","repd_technology":"Solar Photovoltaics","status":"Application Submitted","technology":"solar"},"type":"Feature"},{"geometry":{"coordinates":[-0.2897721,54.0719843],"type":"Point"},"id":"GG2050-REPD-12525","properties":{"capacity_mw":39.0,"gg_project_id":"GG2050-REPD-12525","name":"Old Chalk Pit, West Back Side - Three Oaks Renewable Park","operator":"Ridge Clean Energy Limited","repd_ref":"12525","repd_technology":"Solar Photovoltaics","status":"Awaiting Construction","technology":"solar"},"type":"Feature"},{"geometry":{"coordinates":[-0.3090729,53.6266153],"type":"Point"},"id":"GG2050-REPD-9832","properties":{"capacity_mw":39.0,"gg_project_id":"GG2050-REPD-9832","name":"Sweet Briar Farm - Solar Farm","operator":"Lightrock Power","repd_ref":"9832","repd_technology":"Solar Photovoltaics","status":"Awaiting Construction","technology":"solar"},"type":"Feature"},{"geometry":{"coordinates":[-0.5481278,52.9466469],"type":"Point"},"id":"GG2050-REPD-19213","properties":{"capacity_mw":38.78,"gg_project_id":"GG2050-REPD-19213","name":"Glebe Farm Solar Farm","operator":"Stark Energy Limited","repd_ref":"19213","repd_technology":"Solar Photovoltaics","status":"Application Refused","technology":"solar"},"type":"Feature"},{"geometry":{"coordinates":[-0.4722093,51.9707226],"type":"Point"},"id":"GG2050-REPD-19175","properties":{"capacity_mw":38.37,"gg_project_id":"GG2050-REPD-19175","name":"Greenfield Road - Samphill Solar Farm","operator":"Anesco Limited","repd_ref":"19175","repd_technology":"Solar Photovoltaics","status":"Application Refused","technology":"solar"},"type":"Feature"},{"geometry":{"coordinates":[0.2699328,52.1845318],"type":"Point"},"id":"GG2050-REPD-1835","properties":{"capacity_mw":38.1,"gg_project_id":"GG2050-REPD-1835","name":"Great Wilbraham Solar Farm","operator":"Inazin Energy Limited / Low Carbon","repd_ref":"1835","repd_technology":"Solar Photovoltaics","status":"Operational","technology":"solar"},"type":"Feature"},{"geometry":{"coordinates":[1.0722995,51.3140286],"type":"Point"},"id":"GG2050-REPD-17454","properties":{"capacity_mw":38.0,"gg_project_id":"GG2050-REPD-17454","name":"Britton Court Farm, Hackington Road - Solar Farm","operator":"Renewable Connections Developments Limited","repd_ref":"17454","repd_technology":"Solar Photovoltaics","status":"Awaiting Construction","technology":"solar"},"type":"Feature"},{"geometry":{"coordinates":[-1.4083915,53.05046],"type":"Point"},"id":"GG2050-REPD-15273","properties":{"capacity_mw":38.0,"gg_project_id":"GG2050-REPD-15273","name":"Derby Road - Solar Panels","operator":"Starlight Energy","repd_ref":"15273","repd_technology":"Solar Photovoltaics","status":"Application Submitted","technology":"solar"},"type":"Feature"},{"geometry":{"coordinates":[-0.647642,52.4215822],"type":"Point"},"id":"GG2050-REPD-7349","properties":{"capacity_mw":38.0,"gg_project_id":"GG2050-REPD-7349","name":"Grafton Underwood","operator":"ScottishPower Renewables UK","repd_ref":"7349","repd_technology":"Solar Photovoltaics","status":"Awaiting Construction","technology":"solar"},"type":"Feature"},{"geometry":{"coordinates":[0.3191416,51.5262382],"type":"Point"},"id":"GG2050-REPD-2053","properties":{"capacity_mw":38.0,"gg_project_id":"GG2050-REPD-2053","name":"Ockendon Landfill Solar Farm","operator":"NTR Plc","repd_ref":"2053","repd_technology":"Solar Photovoltaics","status":"Operational","technology":"solar"},"type":"Feature"},{"geometry":{"coordinates":[-0.5812622,53.5604316],"type":"Point"},"id":"GG2050-REPD-2241","properties":{"capacity_mw":38.0,"gg_project_id":"GG2050-REPD-2241","name":"Raventhorpe Farm","operator":"Fengate Capital","repd_ref":"2241","repd_technology":"Solar Photovoltaics","status":"Operational","technology":"solar"},"type":"Feature"},{"geometry":{"coordinates":[-3.2304993,55.0288184],"type":"Point"},"id":"GG2050-REPD-8488","properties":{"capacity_mw":37.9,"gg_project_id":"GG2050-REPD-8488","name":"Jockstown Farm Solar Farm","operator":"Green Energy International","repd_ref":"8488","repd_technology":"Solar Photovoltaics","status":"Awaiting Construction","technology":"solar"},"type":"Feature"},{"geometry":{"coordinates":[-0.2217313,53.6063636],"type":"Point"},"id":"GG2050-REPD-17458","properties":{"capacity_mw":37.4,"gg_project_id":"GG2050-REPD-17458","name":"Stallingboroughe, Stallingborough Road - Solar PV Energy","operator":"Island Green Power","repd_ref":"17458","repd_technology":"Solar Photovoltaics","status":"Awaiting Construction","technology":"solar"},"type":"Feature"},{"geometry":{"coordinates":[-1.6396017,51.7601069],"type":"Point"},"id":"GG2050-REPD-2027","properties":{"capacity_mw":37.0,"gg_project_id":"GG2050-REPD-2027","name":"Kencot Hill Solar Farm","operator":"Foresight Solar Fund Limited","repd_ref":"2027","repd_technology":"Solar Photovoltaics","status":"Operational","technology":"solar"},"type":"Feature"},{"geometry":{"coordinates":[-2.2793135,51.8870721],"type":"Point"},"id":"GG2050-REPD-11170","properties":{"capacity_mw":37.0,"gg_project_id":"GG2050-REPD-11170","name":"Maisemore - Solar Farm","operator":"Renewable Connections Developments Limited","repd_ref":"11170","repd_technology":"Solar Photovoltaics","status":"Awaiting Construction","technology":"solar"},"type":"Feature"},{"geometry":{"coordinates":[-0.8484808,52.0200393],"type":"Point"},"id":"GG2050-REPD-13331","properties":{"capacity_mw":37.0,"gg_project_id":"GG2050-REPD-13331","name":"Oaks Farm - Solar Farm","operator":"Novus Renewable Services Limited","repd_ref":"13331","repd_technology":"Solar Photovoltaics","status":"Awaiting Construction","technology":"solar"},"type":"Feature"},{"geometry":{"coordinates":[-2.6421055,54.5333008],"type":"Point"},"id":"GG2050-REPD-15328","properties":{"capacity_mw":37.0,"gg_project_id":"GG2050-REPD-15328","name":"Trainriggs Shap - Solar Farm & Battery Storage","operator":"Abei Energy Limited","repd_ref":"15328","repd_technology":"Solar Photovoltaics","status":"Application Refused","technology":"solar"},"type":"Feature"},{"geometry":{"coordinates":[0.5348049,51.6764957],"type":"Point"},"id":"GG2050-REPD-8910","properties":{"capacity_mw":36.7,"gg_project_id":"GG2050-REPD-8910","name":"Hill Farm Solar Park & Battery Storage (Hanningfield Green)","operator":"Gulermak Renewables Ltd","repd_ref":"8910","repd_technology":"Solar Photovoltaics","status":"Awaiting Construction","technology":"solar"},"type":"Feature"},{"geometry":{"coordinates":[-0.5695872,52.7076514],"type":"Point"},"id":"GG2050-REPD-5016","properties":{"capacity_mw":36.7,"gg_project_id":"GG2050-REPD-5016","name":"Woolfox Quarry","operator":"Renewable Energy Systems (RES)","repd_ref":"5016","repd_technology":"Solar Photovoltaics","status":"Planning Permission Expired","technology":"solar"},"type":"Feature"},{"geometry":{"coordinates":[-1.9125573,57.5894338],"type":"Point"},"id":"GG2050-REPD-6736","properties":{"capacity_mw":36.6,"gg_project_id":"GG2050-REPD-6736","name":"Bilbo Solar Farm","operator":"Green Energy International","repd_ref":"6736","repd_technology":"Solar Photovoltaics","status":"Under Construction","technology":"solar"},"type":"Feature"},{"geometry":{"coordinates":[-4.0431721,51.7536391],"type":"Point"},"id":"GG2050-REPD-9977","properties":{"capacity_mw":36.0,"gg_project_id":"GG2050-REPD-9977","name":"Brynrhyd Solar Farm","operator":"Capital Dynamics Limited","repd_ref":"9977","repd_technology":"Solar Photovoltaics","status":"Awaiting Construction","technology":"solar"},"type":"Feature"},{"geometry":{"coordinates":[-1.8563311,50.7958575],"type":"Point"},"id":"GG2050-REPD-2105","properties":{"capacity_mw":36.0,"gg_project_id":"GG2050-REPD-2105","name":"Chapel Lane Parley Solar Farm Phase 2","operator":"Eco Sustainable Solutions","repd_ref":"2105","repd_technology":"Solar Photovoltaics","status":"Operational","technology":"solar"},"type":"Feature"},{"geometry":{"coordinates":[-1.5042421,51.7644965],"type":"Point"},"id":"GG2050-REPD-9090","properties":{"capacity_mw":36.0,"gg_project_id":"GG2050-REPD-9090","name":"Ducklington Solar Farm","operator":"Novus Renewable Services / Innova Renewables","repd_ref":"9090","repd_technology":"Solar Photovoltaics","status":"Under Construction","technology":"solar"},"type":"Feature"},{"geometry":{"coordinates":[-4.015051,54.8231755],"type":"Point"},"id":"GG2050-REPD-16846","properties":{"capacity_mw":36.0,"gg_project_id":"GG2050-REPD-16846","name":"Little Drum Solar Farm - Solar Park & Battery Storage","operator":"Grupotec Solar UK 5 Limited","repd_ref":"16846","repd_technology":"Solar Photovoltaics","status":"Awaiting Construction","technology":"solar"},"type":"Feature"},{"geometry":{"coordinates":[0.4638124,52.051256],"type":"Point"},"id":"GG2050-REPD-15400","properties":{"capacity_mw":36.0,"gg_project_id":"GG2050-REPD-15400","name":"Surmer Hall, Church Walk - Solar Farm & Battery Storage","operator":"Boultbee Brooks (Renewables Rowley Hill) Limited","repd_ref":"15400","repd_technology":"Solar Photovoltaics","status":"Awaiting Construction","technology":"solar"},"type":"Feature"},{"geometry":{"coordinates":[-2.3085089,51.8751311],"type":"Point"},"id":"GG2050-REPD-20772","properties":{"capacity_mw":36.0,"gg_project_id":"GG2050-REPD-20772","name":"Two Mile Lane, Highnam - Solar Farm","operator":"O&G Solar SPV 52 Limited","repd_ref":"20772","repd_technology":"Solar Photovoltaics","status":"Application Submitted","technology":"solar"},"type":"Feature"},{"geometry":{"coordinates":[-0.8449326,51.9676581],"type":"Point"},"id":"GG2050-REPD-7605","properties":{"capacity_mw":36.0,"gg_project_id":"GG2050-REPD-7605","name":"Wood End, Mursley Road","operator":"Elgin Energy","repd_ref":"7605","repd_technology":"Solar Photovoltaics","status":"Awaiting Construction","technology":"solar"},"type":"Feature"},{"geometry":{"coordinates":[-2.4885517,51.680205],"type":"Point"},"id":"GG2050-REPD-11267","properties":{"capacity_mw":36.0,"gg_project_id":"GG2050-REPD-11267","name":"Woodlands Farm, Clapton - Ground Mounted Solar Park","operator":"Ecotricity Generation Limited","repd_ref":"11267","repd_technology":"Solar Photovoltaics","status":"Awaiting Construction","technology":"solar"},"type":"Feature"},{"geometry":{"coordinates":[-1.3388902,52.9371342],"type":"Point"},"id":"GG2050-REPD-18689","properties":{"capacity_mw":35.2,"gg_project_id":"GG2050-REPD-18689","name":"Boyah Grange Solar Farm, Potato Pit Lane - Solar Farm","operator":"ABEI Energy Group","repd_ref":"18689","repd_technology":"Solar Photovoltaics","status":"Application Submitted","technology":"solar"},"type":"Feature"},{"geometry":{"coordinates":[0.7931771,51.0588593],"type":"Point"},"id":"GG2050-REPD-17906","properties":{"capacity_mw":35.0,"gg_project_id":"GG2050-REPD-17906","name":"Appledore Road, Kenardington - Solar Farm","operator":"Quintas Cleantech","repd_ref":"17906","repd_technology":"Solar Photovoltaics","status":"Application Submitted","technology":"solar"},"type":"Feature"},{"geometry":{"coordinates":[-2.060386,52.6312368],"type":"Point"},"id":"GG2050-REPD-10677","properties":{"capacity_mw":35.0,"gg_project_id":"GG2050-REPD-10677","name":"Bognop Road, Essington - Solar Farm & Battery Energy Storage","operator":"Intelligent Alternatives Limited","repd_ref":"10677","repd_technology":"Solar Photovoltaics","status":"Application Submitted","technology":"solar"},"type":"Feature"},{"geometry":{"coordinates":[-2.5530769,57.5782908],"type":"Point"},"id":"GG2050-REPD-17759","properties":{"capacity_mw":35.0,"gg_project_id":"GG2050-REPD-17759","name":"Brownside Farm - Electricity Production Facility & Battery Storage","operator":"Aberdeenshire Council","repd_ref":"17759","repd_technology":"Solar Photovoltaics","status":"Awaiting Construction","technology":"solar"},"type":"Feature"},{"geometry":{"coordinates":[-2.5997585,50.907637],"type":"Point"},"id":"GG2050-REPD-7929","properties":{"capacity_mw":35.0,"gg_project_id":"GG2050-REPD-7929","name":"Clifton Farm","operator":"Voltalia UK","repd_ref":"7929","repd_technology":"Solar Photovoltaics","status":"Operational","technology":"solar"},"type":"Feature"},{"geometry":{"coordinates":[-3.3628621,51.3981129],"type":"Point"},"id":"GG2050-REPD-10810","properties":{"capacity_mw":35.0,"gg_project_id":"GG2050-REPD-10810","name":"East Aberthaw - Solar farm","operator":"Low Carbon UK Solar Investment Co Limited","repd_ref":"10810","repd_technology":"Solar Photovoltaics","status":"Awaiting Construction","technology":"solar"},"type":"Feature"},{"geometry":{"coordinates":[-0.146128,53.7517816],"type":"Point"},"id":"GG2050-REPD-16816","properties":{"capacity_mw":35.0,"gg_project_id":"GG2050-REPD-16816","name":"Elstronwick, Burstwick - Daisy Hill Solar Photovoltaic Farm","operator":"Enviromena Project Management UK Limited","repd_ref":"16816","repd_technology":"Solar Photovoltaics","status":"Awaiting Construction","technology":"solar"},"type":"Feature"},{"geometry":{"coordinates":[-3.2987473,50.7772557],"type":"Point"},"id":"GG2050-REPD-19716","properties":{"capacity_mw":35.0,"gg_project_id":"GG2050-REPD-19716","name":"Escot Park Estate, Talaton - Solar Farm","operator":"Elgin Energy Esco Limited","repd_ref":"19716","repd_technology":"Solar Photovoltaics","status":"Application Submitted","technology":"solar"},"type":"Feature"},{"geometry":{"coordinates":[-1.3744587,52.5910357],"type":"Point"},"id":"GG2050-REPD-7382","properties":{"capacity_mw":35.0,"gg_project_id":"GG2050-REPD-7382","name":"Hangmans Hall Farm","operator":"Elgin Energy","repd_ref":"7382","repd_technology":"Solar Photovoltaics","status":"Application Refused","technology":"solar"},"type":"Feature"},{"geometry":{"coordinates":[-2.5169241,50.8985193],"type":"Point"},"id":"GG2050-REPD-7817","properties":{"capacity_mw":35.0,"gg_project_id":"GG2050-REPD-7817","name":"Higher Stockbridge Farm","operator":"Voltalia UK","repd_ref":"7817","repd_technology":"Solar Photovoltaics","status":"Awaiting Construction","technology":"solar"},"type":"Feature"},{"geometry":{"coordinates":[-3.3722955,50.823456],"type":"Point"},"id":"GG2050-REPD-7451","properties":{"capacity_mw":35.0,"gg_project_id":"GG2050-REPD-7451","name":"Langford Solar Farm","operator":"JBM Solar Projects","repd_ref":"7451","repd_technology":"Solar Photovoltaics","status":"Operational","technology":"solar"},"type":"Feature"},{"geometry":{"coordinates":[-1.937125,52.0559639],"type":"Point"},"id":"GG2050-REPD-15060","properties":{"capacity_mw":35.0,"gg_project_id":"GG2050-REPD-15060","name":"Mount Farm, Mount Pleasant - Solar Farm","operator":"Mount Farm Solar Limited","repd_ref":"15060","repd_technology":"Solar Photovoltaics","status":"Awaiting Construction","technology":"solar"},"type":"Feature"},{"geometry":{"coordinates":[-1.6861446,51.5646448],"type":"Point"},"id":"GG2050-REPD-19159","properties":{"capacity_mw":35.0,"gg_project_id":"GG2050-REPD-19159","name":"Mount Pleasant Farm - Solar Farm","operator":"Belltown Power Limited","repd_ref":"19159","repd_technology":"Solar Photovoltaics","status":"Application Submitted","technology":"solar"},"type":"Feature"},{"geometry":{"coordinates":[-4.4879904,53.2643765],"type":"Point"},"id":"GG2050-REPD-7471","properties":{"capacity_mw":35.0,"gg_project_id":"GG2050-REPD-7471","name":"Parc Solar Traffwll","operator":"Low Carbon","repd_ref":"7471","repd_technology":"Solar Photovoltaics","status":"Awaiting Construction","technology":"solar"},"type":"Feature"},{"geometry":{"coordinates":[-1.8634456,50.7694188],"type":"Point"},"id":"GG2050-REPD-10041","properties":{"capacity_mw":35.0,"gg_project_id":"GG2050-REPD-10041","name":"Parley Court - Solar Farm","operator":"Enviromena Asset Management UK Limited","repd_ref":"10041","repd_technology":"Solar Photovoltaics","status":"Awaiting Construction","technology":"solar"},"type":"Feature"},{"geometry":{"coordinates":[-4.1016078,51.6812616],"type":"Point"},"id":"GG2050-REPD-18181","properties":{"capacity_mw":35.0,"gg_project_id":"GG2050-REPD-18181","name":"Pencoed Ganol Farm, Pendderi Road - Solar Panels","operator":"Windel Solar 11 Limited","repd_ref":"18181","repd_technology":"Solar Photovoltaics","status":"Application Submitted","technology":"solar"},"type":"Feature"},{"geometry":{"coordinates":[0.624242,51.8650527],"type":"Point"},"id":"GG2050-REPD-9282","properties":{"capacity_mw":35.0,"gg_project_id":"GG2050-REPD-9282","name":"Periwinkle Hall - Links Solar photovoltaic farm & Battery storage","operator":"Low Carbon Limited","repd_ref":"9282","repd_technology":"Solar Photovoltaics","status":"Operational","technology":"solar"},"type":"Feature"},{"geometry":{"coordinates":[-1.4865842,51.8048717],"type":"Point"},"id":"GG2050-REPD-13491","properties":{"capacity_mw":35.0,"gg_project_id":"GG2050-REPD-13491","name":"Quarry Solar Farm & Battery Storage Facility","operator":"RWE","repd_ref":"13491","repd_technology":"Solar Photovoltaics","status":"Revised","technology":"solar"},"type":"Feature"},{"geometry":{"coordinates":[-1.4865842,51.8048717],"type":"Point"},"id":"GG2050-REPD-16658","properties":{"capacity_mw":35.0,"gg_project_id":"GG2050-REPD-16658","name":"Quarry Solar Farm & Battery Storage Facility","operator":"RWE","repd_ref":"16658","repd_technology":"Solar Photovoltaics","status":"Awaiting Construction","technology":"solar"},"type":"Feature"},{"geometry":{"coordinates":[-0.7128647,53.3204804],"type":"Point"},"id":"GG2050-REPD-14270","properties":{"capacity_mw":35.0,"gg_project_id":"GG2050-REPD-14270","name":"Stow Park Farm, Stow Park - Solar Panels","operator":"Luminous Energy Group","repd_ref":"14270","repd_technology":"Solar Photovoltaics","status":"Application Submitted","technology":"solar"},"type":"Feature"},{"geometry":{"coordinates":[-1.1893568,52.3035657],"type":"Point"},"id":"GG2050-REPD-19652","properties":{"capacity_mw":35.0,"gg_project_id":"GG2050-REPD-19652","name":"The A361, Ashby St Ledgers - Solar Farm","operator":"Elgin Energy Esco Limited","repd_ref":"19652","repd_technology":"Solar Photovoltaics","status":"Application Submitted","technology":"solar"},"type":"Feature"},{"geometry":{"coordinates":[-0.2501916,52.2756108],"type":"Point"},"id":"GG2050-REPD-10156","properties":{"capacity_mw":35.0,"gg_project_id":"GG2050-REPD-10156","name":"Vicarage Lane, Diddington - Solar Arrays","operator":"Cell Energy Limited","repd_ref":"10156","repd_technology":"Solar Photovoltaics","status":"Application Submitted","technology":"solar"},"type":"Feature"},{"geometry":{"coordinates":[0.493048,52.0665399],"type":"Point"},"id":"GG2050-REPD-13120","properties":{"capacity_mw":35.0,"gg_project_id":"GG2050-REPD-13120","name":"Water Hall Farm, Waterhall Road - Solar Farm","operator":"Bluefield Renewable Developments Limited","repd_ref":"13120","repd_technology":"Solar Photovoltaics","status":"Awaiting Construction","technology":"solar"},"type":"Feature"},{"geometry":{"coordinates":[0.1187141,51.891639],"type":"Point"},"id":"GG2050-REPD-8485","properties":{"capacity_mw":35.0,"gg_project_id":"GG2050-REPD-8485","name":"Wickham Hall Estate Solar Photovoltaic Farm","operator":"Endurance Energy Wickham Hall Limited","repd_ref":"8485","repd_technology":"Solar Photovoltaics","status":"Awaiting Construction","technology":"solar"},"type":"Feature"},{"geometry":{"coordinates":[-1.4262209,52.2367882],"type":"Point"},"id":"GG2050-REPD-9173","properties":{"capacity_mw":34.8,"gg_project_id":"GG2050-REPD-9173","name":"Eastfields Farm, Deppers Bridge - Solar Farm","operator":"Vantage RE","repd_ref":"9173","repd_technology":"Solar Photovoltaics","status":"Under Construction","technology":"solar"},"type":"Feature"},{"geometry":{"coordinates":[-1.8177906,51.643318],"type":"Point"},"id":"GG2050-REPD-2085","properties":{"capacity_mw":34.8,"gg_project_id":"GG2050-REPD-2085","name":"Water Eaton Farm / Port Farm","operator":"Foresight/ Vogt solar","repd_ref":"2085","repd_technology":"Solar Photovoltaics","status":"Operational","technology":"solar"},"type":"Feature"},{"geometry":{"coordinates":[-1.2281012,54.1444602],"type":"Point"},"id":"GG2050-REPD-5482","properties":{"capacity_mw":34.7,"gg_project_id":"GG2050-REPD-5482","name":"York Solar Farm","operator":"Gridserve","repd_ref":"5482","repd_technology":"Solar Photovoltaics","status":"Operational","technology":"solar"},"type":"Feature"},{"geometry":{"coordinates":[-2.6285019,52.0657035],"type":"Point"},"id":"GG2050-REPD-9001","properties":{"capacity_mw":34.6,"gg_project_id":"GG2050-REPD-9001","name":"Westhide Solar Farm","operator":"Ersun Westhide SPV Limited","repd_ref":"9001","repd_technology":"Solar Photovoltaics","status":"Abandoned","technology":"solar"},"type":"Feature"},{"geometry":{"coordinates":[-3.0345119,51.0218836],"type":"Point"},"id":"GG2050-REPD-19222","properties":{"capacity_mw":34.0,"gg_project_id":"GG2050-REPD-19222","name":"Bull Street, Creech St Michael - Solar Farm","operator":"Spring Dev 11 Limited","repd_ref":"19222","repd_technology":"Solar Photovoltaics","status":"Application Submitted","technology":"solar"},"type":"Feature"},{"geometry":{"coordinates":[0.8644851,52.435606],"type":"Point"},"id":"GG2050-REPD-2301","properties":{"capacity_mw":34.0,"gg_project_id":"GG2050-REPD-2301","name":"Hall Farm and Field Barn Farm","operator":"Rethink Energy","repd_ref":"2301","repd_technology":"Solar Photovoltaics","status":"Application Refused","technology":"solar"},"type":"Feature"},{"geometry":{"coordinates":[-1.09637,53.3406574],"type":"Point"},"id":"GG2050-REPD-18905","properties":{"capacity_mw":34.0,"gg_project_id":"GG2050-REPD-18905","name":"Hundred Acre Lane, Carlton In Lindrick - Solar Panels","operator":"Elawan Energy","repd_ref":"18905","repd_technology":"Solar Photovoltaics","status":"Application Submitted","technology":"solar"},"type":"Feature"},{"geometry":{"coordinates":[1.0864805,51.9163164],"type":"Point"},"id":"GG2050-REPD-18409","properties":{"capacity_mw":34.0,"gg_project_id":"GG2050-REPD-18409","name":"Land North of Horsley Cross - Solar Farm & Battery Energy Storage","operator":"Mespil Solar Energy","repd_ref":"18409","repd_technology":"Solar Photovoltaics","status":"Application Submitted","technology":"solar"},"type":"Feature"},{"geometry":{"coordinates":[-1.1791202,52.7732552],"type":"Point"},"id":"GG2050-REPD-10177","properties":{"capacity_mw":34.0,"gg_project_id":"GG2050-REPD-10177","name":"Nottingham Road - Solar Farm","operator":"NextPower SPV 9 Limited","repd_ref":"10177","repd_technology":"Solar Photovoltaics","status":"Awaiting Construction","technology":"solar"},"type":"Feature"},{"geometry":{"coordinates":[-1.0990107,53.3065641],"type":"Point"},"id":"GG2050-REPD-11181","properties":{"capacity_mw":34.0,"gg_project_id":"GG2050-REPD-11181","name":"Rayton Farm Lane - Solar Farm","operator":"Harmony Energy Limited","repd_ref":"11181","repd_technology":"Solar Photovoltaics","status":"Awaiting Construction","technology":"solar"},"type":"Feature"},{"geometry":{"coordinates":[-2.9392264,55.3429613],"type":"Point"},"id":"GG2050-REPD-11441","properties":{"capacity_mw":34.0,"gg_project_id":"GG2050-REPD-11441","name":"Teviot Wind Farm","operator":"Muirhall Energy Limited","repd_ref":"11441","repd_technology":"Solar Photovoltaics","status":"Application Submitted","technology":"solar"},"type":"Feature"},{"geometry":{"coordinates":[-1.1115516,52.8033068],"type":"Point"},"id":"GG2050-REPD-1585","properties":{"capacity_mw":34.0,"gg_project_id":"GG2050-REPD-1585","name":"Wymeswold Airfield","operator":"Foresight Solar Fund","repd_ref":"1585","repd_technology":"Solar Photovoltaics","status":"Operational","technology":"solar"},"type":"Feature"},{"geometry":{"coordinates":[-0.8713709,51.3873454],"type":"Point"},"id":"GG2050-REPD-8491","properties":{"capacity_mw":33.0,"gg_project_id":"GG2050-REPD-8491","name":"Barkham Farms - Solar Farm","operator":"Wokingham Borough Council","repd_ref":"8491","repd_technology":"Solar Photovoltaics","status":"Awaiting Construction","technology":"solar"},"type":"Feature"},{"geometry":{"coordinates":[1.3176744,51.3313363],"type":"Point"},"id":"GG2050-REPD-9681","properties":{"capacity_mw":33.0,"gg_project_id":"GG2050-REPD-9681","name":"Minster Abbey, Bedlam Court Lane - Solar PV panels","operator":"The Benedictine Nuns of St Mildreds Priory","repd_ref":"9681","repd_technology":"Solar Photovoltaics","status":"Under Construction","technology":"solar"},"type":"Feature"},{"geometry":{"coordinates":[-1.0163932,53.4612589],"type":"Point"},"id":"GG2050-REPD-5460","properties":{"capacity_mw":33.0,"gg_project_id":"GG2050-REPD-5460","name":"Partridge Hill Solar Farm","operator":"Green Switch Solutions/Belvedere Energy Developments","repd_ref":"5460","repd_technology":"Solar Photovoltaics","status":"Awaiting Construction","technology":"solar"},"type":"Feature"},{"geometry":{"coordinates":[-1.5280871,54.593077],"type":"Point"},"id":"GG2050-REPD-12339","properties":{"capacity_mw":33.0,"gg_project_id":"GG2050-REPD-12339","name":"Whinfield Solar Farm","operator":"Alpha Real Capital LLP","repd_ref":"12339","repd_technology":"Solar Photovoltaics","status":"Awaiting Construction","technology":"solar"},"type":"Feature"},{"geometry":{"coordinates":[-1.1808841,53.9956065],"type":"Point"},"id":"GG2050-REPD-12159","properties":{"capacity_mw":32.6,"gg_project_id":"GG2050-REPD-12159","name":"Poppleton Solar Farm","operator":"Ampyr Solar Europe UK Holdings Limited","repd_ref":"12159","repd_technology":"Solar Photovoltaics","status":"Awaiting Construction","technology":"solar"},"type":"Feature"},{"geometry":{"coordinates":[-0.5214113,53.015172],"type":"Point"},"id":"GG2050-REPD-1528","properties":{"capacity_mw":32.5,"gg_project_id":"GG2050-REPD-1528","name":"Ermine Street Farm solar park","operator":"Octopus Investments","repd_ref":"1528","repd_technology":"Solar Photovoltaics","status":"Operational","technology":"solar"},"type":"Feature"},{"geometry":{"coordinates":[-1.4035779,51.7809774],"type":"Point"},"id":"GG2050-REPD-7384","properties":{"capacity_mw":32.0,"gg_project_id":"GG2050-REPD-7384","name":"Aurora Solar Farm","operator":"Low Carbon UK Solar Investment Company","repd_ref":"7384","repd_technology":"Solar Photovoltaics","status":"Under Construction","technology":"solar"},"type":"Feature"},{"geometry":{"coordinates":[-1.7599247,52.1949278],"type":"Point"},"id":"GG2050-REPD-13508","properties":{"capacity_mw":32.0,"gg_project_id":"GG2050-REPD-13508","name":"Drayton Manor Farm, Alcester Road - Solar Farm Phase 2","operator":"Drayton Stratford","repd_ref":"13508","repd_technology":"Solar Photovoltaics","status":"Awaiting Construction","technology":"solar"},"type":"Feature"},{"geometry":{"coordinates":[-0.4250777,54.2486307],"type":"Point"},"id":"GG2050-REPD-9542","properties":{"capacity_mw":32.0,"gg_project_id":"GG2050-REPD-9542","name":"Eastgate House Farm, Seamer - Solar Farm","operator":"Voltalia UK","repd_ref":"9542","repd_technology":"Solar Photovoltaics","status":"Under Construction","technology":"solar"},"type":"Feature"},{"geometry":{"coordinates":[-2.1676993,55.0176986],"type":"Point"},"id":"GG2050-REPD-18959","properties":{"capacity_mw":32.0,"gg_project_id":"GG2050-REPD-18959","name":"Fourstones Substation, Fourstones - Solar Farm & Battery Energy Storage","operator":"ER New Projects 2 Limited","repd_ref":"18959","repd_technology":"Solar Photovoltaics","status":"Application Submitted","technology":"solar"},"type":"Feature"},{"geometry":{"coordinates":[-4.1410942,51.0063279],"type":"Point"},"id":"GG2050-REPD-9785","properties":{"capacity_mw":32.0,"gg_project_id":"GG2050-REPD-9785","name":"Gammaton Moor Solar farm","operator":"Sonnedix","repd_ref":"9785","repd_technology":"Solar Photovoltaics","status":"Operational","technology":"solar"},"type":"Feature"},{"geometry":{"coordinates":[-2.1498229,52.0691821],"type":"Point"},"id":"GG2050-REPD-5480","properties":{"capacity_mw":32.0,"gg_project_id":"GG2050-REPD-5480","name":"Glebe Farm Solar Farm","operator":"NextEnergy Capital LLP","repd_ref":"5480","repd_technology":"Solar Photovoltaics","status":"Operational","technology":"solar"},"type":"Feature"},{"geometry":{"coordinates":[-2.3977286,51.8128434],"type":"Point"},"id":"GG2050-REPD-13213","properties":{"capacity_mw":32.0,"gg_project_id":"GG2050-REPD-13213","name":"Gravel Farm, Cleeve - Solar Farm","operator":"Relay Gravel Limited","repd_ref":"13213","repd_technology":"Solar Photovoltaics","status":"Application Withdrawn","technology":"solar"},"type":"Feature"},{"geometry":{"coordinates":[-2.9736325,51.7975257],"type":"Point"},"id":"GG2050-REPD-10035","properties":{"capacity_mw":32.0,"gg_project_id":"GG2050-REPD-10035","name":"Penpergwm Solar Farm (Great House Farm)","operator":"Renewable Connections Developments Limited / European Energy UK Ltd","repd_ref":"10035","repd_technology":"Solar Photovoltaics","status":"Under Construction","technology":"solar"},"type":"Feature"},{"geometry":{"coordinates":[-2.7509121,50.8657292],"type":"Point"},"id":"GG2050-REPD-9481","properties":{"capacity_mw":32.0,"gg_project_id":"GG2050-REPD-9481","name":"Pipplepen Farm Solar Park - Solar Farm","operator":"Elgin Energy ES Co Limited","repd_ref":"9481","repd_technology":"Solar Photovoltaics","status":"Awaiting Construction","technology":"solar"},"type":"Feature"},{"geometry":{"coordinates":[1.3569171,52.7550714],"type":"Point"},"id":"GG2050-REPD-1537","properties":{"capacity_mw":32.0,"gg_project_id":"GG2050-REPD-1537","name":"Scottow Moor - RAF Coltishall Solar Farm (Phase 1)","operator":"Greencoat Capital","repd_ref":"1537","repd_technology":"Solar Photovoltaics","status":"Operational","technology":"solar"},"type":"Feature"},{"geometry":{"coordinates":[-1.389769,54.6080513],"type":"Point"},"id":"GG2050-REPD-7546","properties":{"capacity_mw":32.0,"gg_project_id":"GG2050-REPD-7546","name":"Thorpe Bank Solar Farm","operator":"Lightsource BP","repd_ref":"7546","repd_technology":"Solar Photovoltaics","status":"Revised","technology":"solar"},"type":"Feature"},{"geometry":{"coordinates":[0.0489083,52.0782476],"type":"Point"},"id":"GG2050-REPD-2219","properties":{"capacity_mw":31.8,"gg_project_id":"GG2050-REPD-2219","name":"Black Peak Farm","operator":"Lightsource Renewable Energy","repd_ref":"2219","repd_technology":"Solar Photovoltaics","status":"Operational","technology":"solar"},"type":"Feature"},{"geometry":{"coordinates":[0.5171698,52.1314037],"type":"Point"},"id":"GG2050-REPD-1592","properties":{"capacity_mw":31.6,"gg_project_id":"GG2050-REPD-1592","name":"Broxted Solar Farm (Stradishall Airfield)","operator":"Lark Energy","repd_ref":"1592","repd_technology":"Solar Photovoltaics","status":"Operational","technology":"solar"},"type":"Feature"},{"geometry":{"coordinates":[0.011005,52.064864],"type":"Point"},"id":"GG2050-REPD-2249","properties":{"capacity_mw":31.6,"gg_project_id":"GG2050-REPD-2249","name":"Munceys Farm","operator":"Lightsource Renewable Energy","repd_ref":"2249","repd_technology":"Solar Photovoltaics","status":"Operational","technology":"solar"},"type":"Feature"},{"geometry":{"coordinates":[-1.420392,54.7649131],"type":"Point"},"id":"GG2050-REPD-16830","properties":{"capacity_mw":31.5,"gg_project_id":"GG2050-REPD-16830","name":"Harehill Farm, Haswell Plough - Solar Farm & Battery Energy Storage","operator":"Hare Hill Solar Limited","repd_ref":"16830","repd_technology":"Solar Photovoltaics","status":"Application Refused","technology":"solar"},"type":"Feature"},{"geometry":{"coordinates":[-4.9189035,51.8194837],"type":"Point"},"id":"GG2050-REPD-1765","properties":{"capacity_mw":31.3,"gg_project_id":"GG2050-REPD-1765","name":"Fenton Home Farm","operator":"Sunsave","repd_ref":"1765","repd_technology":"Solar Photovoltaics","status":"Operational","technology":"solar"},"type":"Feature"},{"geometry":{"coordinates":[-1.2990939,53.3648694],"type":"Point"},"id":"GG2050-REPD-15653","properties":{"capacity_mw":31.2,"gg_project_id":"GG2050-REPD-15653","name":"New South Farm, Piper Lane - Solar Farm","operator":"Abei Energy Group","repd_ref":"15653","repd_technology":"Solar Photovoltaics","status":"Application Submitted","technology":"solar"},"type":"Feature"},{"geometry":{"coordinates":[-1.3370952,53.2584965],"type":"Point"},"id":"GG2050-REPD-12300","properties":{"capacity_mw":31.0,"gg_project_id":"GG2050-REPD-12300","name":"Inkersall Road, Staveley - Solar Photovoltaic Farm And Battery Storage","operator":"Low Carbon","repd_ref":"12300","repd_technology":"Solar Photovoltaics","status":"Operational","technology":"solar"},"type":"Feature"},{"geometry":{"coordinates":[-2.2185772,51.2705644],"type":"Point"},"id":"GG2050-REPD-10514","properties":{"capacity_mw":31.0,"gg_project_id":"GG2050-REPD-10514","name":"Storridge Road - Solar Farm","operator":"NextPower SPV 15 Limited","repd_ref":"10514","repd_technology":"Solar Photovoltaics","status":"Awaiting Construction","technology":"solar"},"type":"Feature"},{"geometry":{"coordinates":[-2.874982,56.656544],"type":"Point"},"id":"GG2050-REPD-12213","properties":{"capacity_mw":31.0,"gg_project_id":"GG2050-REPD-12213","name":"Suttieside Farm, Suttieside Road - Solar Farm & Battery Storage","operator":"Relay Suttieside Limited","repd_ref":"12213","repd_technology":"Solar Photovoltaics","status":"Awaiting Construction","technology":"solar"},"type":"Feature"},{"geometry":{"coordinates":[-2.9710708,56.5198896],"type":"Point"},"id":"GG2050-REPD-2295","properties":{"capacity_mw":31.0,"gg_project_id":"GG2050-REPD-2295","name":"Tealing Airfield PV","operator":"Green Cat Renewables","repd_ref":"2295","repd_technology":"Solar Photovoltaics","status":"Planning Permission Expired","technology":"solar"},"type":"Feature"},{"geometry":{"coordinates":[-1.4930412,54.4339644],"type":"Point"},"id":"GG2050-REPD-14793","properties":{"capacity_mw":30.81,"gg_project_id":"GG2050-REPD-14793","name":"East Cowton Solar Farm","operator":"Green Nation Solar Energy","repd_ref":"14793","repd_technology":"Solar Photovoltaics","status":"Application Submitted","technology":"solar"},"type":"Feature"},{"geometry":{"coordinates":[-3.3416225,51.6023869],"type":"Point"},"id":"GG2050-REPD-18568","properties":{"capacity_mw":30.7,"gg_project_id":"GG2050-REPD-18568","name":"Llanwonno - Wind Farm","operator":"Cenin Renewables Limited","repd_ref":"18568","repd_technology":"Solar Photovoltaics","status":"Application Submitted","technology":"solar"},"type":"Feature"},{"geometry":{"coordinates":[-2.3747376,52.707476],"type":"Point"},"id":"GG2050-REPD-2197","properties":{"capacity_mw":30.5,"gg_project_id":"GG2050-REPD-2197","name":"Sheriffhales Solar Farm","operator":"Lightsource Renewable Energy","repd_ref":"2197","repd_technology":"Solar Photovoltaics","status":"Revised","technology":"solar"},"type":"Feature"},{"geometry":{"coordinates":[-0.7957067,54.1632118],"type":"Point"},"id":"GG2050-REPD-8347","properties":{"capacity_mw":30.4,"gg_project_id":"GG2050-REPD-8347","name":"Windmill Farm Solar Farm (Old Malton)","operator":"Harmony Energy","repd_ref":"8347","repd_technology":"Solar Photovoltaics","status":"Awaiting Construction","technology":"solar"},"type":"Feature"},{"geometry":{"coordinates":[-2.2648865,52.843937],"type":"Point"},"id":"GG2050-REPD-11978","properties":{"capacity_mw":30.25,"gg_project_id":"GG2050-REPD-11978","name":"Wincote Farm, Wincote Lane - Solar Farm","operator":"Green Switch Capital","repd_ref":"11978","repd_technology":"Solar Photovoltaics","status":"Application Submitted","technology":"solar"},"type":"Feature"},{"geometry":{"coordinates":[-4.893638,51.6683659],"type":"Point"},"id":"GG2050-REPD-15560","properties":{"capacity_mw":30.0,"gg_project_id":"GG2050-REPD-15560","name":"Alleston Solar Farm","operator":"Stantec UK Limited","repd_ref":"15560","repd_technology":"Solar Photovoltaics","status":"Awaiting Construction","technology":"solar"},"type":"Feature"},{"geometry":{"coordinates":[-1.6474038,52.639943],"type":"Point"},"id":"GG2050-REPD-13371","properties":{"capacity_mw":30.0,"gg_project_id":"GG2050-REPD-13371","name":"Amington Hall Farm - Solar Farm","operator":"Tamworth Solar Limited","repd_ref":"13371","repd_technology":"Solar Photovoltaics","status":"Awaiting Construction","technology":"solar"},"type":"Feature"},{"geometry":{"coordinates":[1.6890085,52.5388423],"type":"Point"},"id":"GG2050-REPD-19885","properties":{"capacity_mw":30.0,"gg_project_id":"GG2050-REPD-19885","name":"Ashby Dell, Border Lane - Solar Farm","operator":"Sky UK Development Limited","repd_ref":"19885","repd_technology":"Solar Photovoltaics","status":"Application Submitted","technology":"solar"},"type":"Feature"},{"geometry":{"coordinates":[1.0281154,52.4972487],"type":"Point"},"id":"GG2050-REPD-8010","properties":{"capacity_mw":30.0,"gg_project_id":"GG2050-REPD-8010","name":"Attleborough Road Solar Farm","operator":"Pace Carnival Energy","repd_ref":"8010","repd_technology":"Solar Photovoltaics","status":"Under Construction","technology":"solar"},"type":"Feature"},{"geometry":{"coordinates":[-1.2011432,52.8018309],"type":"Point"},"id":"GG2050-REPD-2229","properties":{"capacity_mw":30.0,"gg_project_id":"GG2050-REPD-2229","name":"Barn Farm (Stanford On Soar)","operator":"Northfield UK Solar","repd_ref":"2229","repd_technology":"Solar Photovoltaics","status":"Appeal Refused","technology":"solar"},"type":"Feature"},{"geometry":{"coordinates":[-1.4795294,50.6942473],"type":"Point"},"id":"GG2050-REPD-12894","properties":{"capacity_mw":30.0,"gg_project_id":"GG2050-REPD-12894","name":"Barnfield Solar Farm, Wilmingham Lane - Solar PV Panels","operator":"Low Carbon UK Solar","repd_ref":"12894","repd_technology":"Solar Photovoltaics","status":"Awaiting Construction","technology":"solar"},"type":"Feature"},{"geometry":{"coordinates":[-1.8398935,51.0429554],"type":"Point"},"id":"GG2050-REPD-13851","properties":{"capacity_mw":30.0,"gg_project_id":"GG2050-REPD-13851","name":"Beech Tree Solar Farm","operator":"Low Carbon UK Solar Investment Co Limited","repd_ref":"13851","repd_technology":"Solar Photovoltaics","status":"Awaiting Construction","technology":"solar"},"type":"Feature"},{"geometry":{"coordinates":[-2.7075313,52.6543638],"type":"Point"},"id":"GG2050-REPD-12266","properties":{"capacity_mw":30.0,"gg_project_id":"GG2050-REPD-12266","name":"Berrington Farm - Solar Array","operator":"Econergy International Limited","repd_ref":"12266","repd_technology":"Solar Photovoltaics","status":"Awaiting Construction","technology":"solar"},"type":"Feature"},{"geometry":{"coordinates":[-2.002513,52.1623114],"type":"Point"},"id":"GG2050-REPD-8228","properties":{"capacity_mw":30.0,"gg_project_id":"GG2050-REPD-8228","name":"Bishampton Solar Farm","operator":"Infinis","repd_ref":"8228","repd_technology":"Solar Photovoltaics","status":"Under Construction","technology":"solar"},"type":"Feature"},{"geometry":{"coordinates":[1.0664178,52.2080944],"type":"Point"},"id":"GG2050-REPD-13530","properties":{"capacity_mw":30.0,"gg_project_id":"GG2050-REPD-13530","name":"Blacksmiths Lane, Middlewood Green - Solar Farm","operator":"Low Carbon Limited","repd_ref":"13530","repd_technology":"Solar Photovoltaics","status":"Awaiting Construction","technology":"solar"},"type":"Feature"},{"geometry":{"coordinates":[-1.216151,54.1327979],"type":"Point"},"id":"GG2050-REPD-17595","properties":{"capacity_mw":30.0,"gg_project_id":"GG2050-REPD-17595","name":"Boscar Layby, Raskelf - Solar Panels","operator":"Sky UK Development Limited","repd_ref":"17595","repd_technology":"Solar Photovoltaics","status":"Application Submitted","technology":"solar"},"type":"Feature"},{"geometry":{"coordinates":[-2.7957322,51.3530999],"type":"Point"},"id":"GG2050-REPD-14329","properties":{"capacity_mw":30.0,"gg_project_id":"GG2050-REPD-14329","name":"Brinsea Green Farm, Brinsea Lane - Solar Photovoltaic","operator":"RWE Renewables UK","repd_ref":"14329","repd_technology":"Solar Photovoltaics","status":"Awaiting Construction","technology":"solar"},"type":"Feature"},{"geometry":{"coordinates":[-0.2070756,52.2103696],"type":"Point"},"id":"GG2050-REPD-2194","properties":{"capacity_mw":30.0,"gg_project_id":"GG2050-REPD-2194","name":"Caldecote Manor Farm","operator":"Caldecote Solar Park Ltd","repd_ref":"2194","repd_technology":"Solar Photovoltaics","status":"Revised","technology":"solar"},"type":"Feature"},{"geometry":{"coordinates":[-1.5412991,51.7739796],"type":"Point"},"id":"GG2050-REPD-16350","properties":{"capacity_mw":30.0,"gg_project_id":"GG2050-REPD-16350","name":"Caswell Lane, Brize Norton - Solar Farm & Battery Storage","operator":"Ampyr Solar Europe","repd_ref":"16350","repd_technology":"Solar Photovoltaics","status":"Application Submitted","technology":"solar"},"type":"Feature"},{"geometry":{"coordinates":[-1.4021524,51.6506601],"type":"Point"},"id":"GG2050-REPD-1833","properties":{"capacity_mw":30.0,"gg_project_id":"GG2050-REPD-1833","name":"Chadwicks Farms","operator":"Kronos Solar","repd_ref":"1833","repd_technology":"Solar Photovoltaics","status":"Revised","technology":"solar"},"type":"Feature"},{"geometry":{"coordinates":[-0.5231917,51.9348136],"type":"Point"},"id":"GG2050-REPD-8211","properties":{"capacity_mw":30.0,"gg_project_id":"GG2050-REPD-8211","name":"Chalgrave Manor Solar Farm","operator":"R Upchurch & Partners","repd_ref":"8211","repd_technology":"Solar Photovoltaics","status":"Revised","technology":"solar"},"type":"Feature"},{"geometry":{"coordinates":[1.0897558,52.6473068],"type":"Point"},"id":"GG2050-REPD-10944","properties":{"capacity_mw":30.0,"gg_project_id":"GG2050-REPD-10944","name":"Colton - Solar photovoltaic farm, Battery storage","operator":"Pathfinder Clean Energy UK Dev Limited","repd_ref":"10944","repd_technology":"Solar Photovoltaics","status":"Under Construction","technology":"solar"},"type":"Feature"},{"geometry":{"coordinates":[-0.7352826,53.0221873],"type":"Point"},"id":"GG2050-REPD-1752","properties":{"capacity_mw":30.0,"gg_project_id":"GG2050-REPD-1752","name":"Copley Farm","operator":"TGC Renewables","repd_ref":"1752","repd_technology":"Solar Photovoltaics","status":"Operational","technology":"solar"},"type":"Feature"},{"geometry":{"coordinates":[-5.32563,50.1908901],"type":"Point"},"id":"GG2050-REPD-8349","properties":{"capacity_mw":30.0,"gg_project_id":"GG2050-REPD-8349","name":"Copper Bottom Solar Farm Ground-Mounted Solar PV Array","operator":"Aura Power Storage Solutions","repd_ref":"8349","repd_technology":"Solar Photovoltaics","status":"Awaiting Construction","technology":"solar"},"type":"Feature"},{"geometry":{"coordinates":[-3.3603252,50.7329819],"type":"Point"},"id":"GG2050-REPD-11366","properties":{"capacity_mw":30.0,"gg_project_id":"GG2050-REPD-11366","name":"Ford Oaks Solar & Green Infrastructure Facility","operator":"Low Carbon Alliance / Taiyo Power & Storage","repd_ref":"11366","repd_technology":"Solar Photovoltaics","status":"Under Construction","technology":"solar"},"type":"Feature"},{"geometry":{"coordinates":[-2.3165375,50.6654273],"type":"Point"},"id":"GG2050-REPD-11197","properties":{"capacity_mw":30.0,"gg_project_id":"GG2050-REPD-11197","name":"Galton Manor Farm - Solar Farm","operator":"Spring Dev 05 Limited","repd_ref":"11197","repd_technology":"Solar Photovoltaics","status":"Awaiting Construction","technology":"solar"},"type":"Feature"},{"geometry":{"coordinates":[0.5975641,51.581305],"type":"Point"},"id":"GG2050-REPD-9802","properties":{"capacity_mw":30.0,"gg_project_id":"GG2050-REPD-9802","name":"Great Wheatley Road - Solar Farm","operator":"Aura Power Solar UK Limited","repd_ref":"9802","repd_technology":"Solar Photovoltaics","status":"Under Construction","technology":"solar"},"type":"Feature"},{"geometry":{"coordinates":[-0.6787727,52.9490969],"type":"Point"},"id":"GG2050-REPD-12470","properties":{"capacity_mw":30.0,"gg_project_id":"GG2050-REPD-12470","name":"Green Lane & Cliff Lane, Gonerby Moor - Solar Farm","operator":"Lightsource BP","repd_ref":"12470","repd_technology":"Solar Photovoltaics","status":"Revised","technology":"solar"},"type":"Feature"},{"geometry":{"coordinates":[-0.5144965,52.0702499],"type":"Point"},"id":"GG2050-REPD-9077","properties":{"capacity_mw":30.0,"gg_project_id":"GG2050-REPD-9077","name":"Green Lane, Stewartby - Solar PV Array","operator":"Infinis Solar Developments Limited","repd_ref":"9077","repd_technology":"Solar Photovoltaics","status":"Application Submitted","technology":"solar"},"type":"Feature"},{"geometry":{"coordinates":[0.8644851,52.435606],"type":"Point"},"id":"GG2050-REPD-1210","properties":{"capacity_mw":30.0,"gg_project_id":"GG2050-REPD-1210","name":"Hall Farm and Field Barn Farm","operator":"Rethink Energy Limited","repd_ref":"1210","repd_technology":"Solar Photovoltaics","status":"Revised","technology":"solar"},"type":"Feature"},{"geometry":{"coordinates":[1.3603401,51.3634008],"type":"Point"},"id":"GG2050-REPD-15013","properties":{"capacity_mw":30.0,"gg_project_id":"GG2050-REPD-15013","name":"Hengrove Farm, Shottendane Road - Solar Farm","operator":"Industria Solar Bedworth Limited","repd_ref":"15013","repd_technology":"Solar Photovoltaics","status":"Awaiting Construction","technology":"solar"},"type":"Feature"},{"geometry":{"coordinates":[1.127471,52.817483],"type":"Point"},"id":"GG2050-REPD-18268","properties":{"capacity_mw":30.0,"gg_project_id":"GG2050-REPD-18268","name":"Heydon Road, Heydon - Solar PV Panels","operator":"Grupotec","repd_ref":"18268","repd_technology":"Solar Photovoltaics","status":"Awaiting Construction","technology":"solar"},"type":"Feature"},{"geometry":{"coordinates":[-2.8791031,54.7471485],"type":"Point"},"id":"GG2050-REPD-14881","properties":{"capacity_mw":30.0,"gg_project_id":"GG2050-REPD-14881","name":"High Rigg Solar Farm - Solar Panels","operator":"Noventum Power Limited","repd_ref":"14881","repd_technology":"Solar Photovoltaics","status":"Application Refused","technology":"solar"},"type":"Feature"},{"geometry":{"coordinates":[-2.8271428,56.6254088],"type":"Point"},"id":"GG2050-REPD-11284","properties":{"capacity_mw":30.0,"gg_project_id":"GG2050-REPD-11284","name":"Hillend Of Lownie - Forfar Solar farm","operator":"Industria Resources Llp","repd_ref":"11284","repd_technology":"Solar Photovoltaics","status":"Application Refused","technology":"solar"},"type":"Feature"},{"geometry":{"coordinates":[-2.7983605,53.2612858],"type":"Point"},"id":"GG2050-REPD-19082","properties":{"capacity_mw":30.0,"gg_project_id":"GG2050-REPD-19082","name":"Hob Lane, Dunham On The Hill - Solar Farm","operator":"Belltown Power Limited","repd_ref":"19082","repd_technology":"Solar Photovoltaics","status":"Application Submitted","technology":"solar"},"type":"Feature"},{"geometry":{"coordinates":[-1.177272,51.2784997],"type":"Point"},"id":"GG2050-REPD-7962","properties":{"capacity_mw":30.0,"gg_project_id":"GG2050-REPD-7962","name":"Hook Lane, Malshanger","operator":"Nextpower SPV 18 Limited","repd_ref":"7962","repd_technology":"Solar Photovoltaics","status":"Awaiting Construction","technology":"solar"},"type":"Feature"},{"geometry":{"coordinates":[-2.2480349,51.2893166],"type":"Point"},"id":"GG2050-REPD-18977","properties":{"capacity_mw":30.0,"gg_project_id":"GG2050-REPD-18977","name":"Hoopers Pool, Southwick - Solar Panels","operator":"Hoopers Pool Solar Farm Limited","repd_ref":"18977","repd_technology":"Solar Photovoltaics","status":"Application Submitted","technology":"solar"},"type":"Feature"},{"geometry":{"coordinates":[-2.0661749,52.9505941],"type":"Point"},"id":"GG2050-REPD-14358","properties":{"capacity_mw":30.0,"gg_project_id":"GG2050-REPD-14358","name":"Leaford Solar Farm, Fulford Lane - Solar Farm","operator":"Renewable Energy Systems","repd_ref":"14358","repd_technology":"Solar Photovoltaics","status":"Application Submitted","technology":"solar"},"type":"Feature"},{"geometry":{"coordinates":[-1.4454274,52.4473692],"type":"Point"},"id":"GG2050-REPD-13503","properties":{"capacity_mw":30.0,"gg_project_id":"GG2050-REPD-13503","name":"Lentons Lane Solar Farm","operator":"Coventry City Council","repd_ref":"13503","repd_technology":"Solar Photovoltaics","status":"Application Refused","technology":"solar"},"type":"Feature"},{"geometry":{"coordinates":[-1.8513607,52.1157823],"type":"Point"},"id":"GG2050-REPD-9038","properties":{"capacity_mw":30.0,"gg_project_id":"GG2050-REPD-9038","name":"Littleton Solar Farm","operator":"Stark Energy / SSE Renewables","repd_ref":"9038","repd_technology":"Solar Photovoltaics","status":"Operational","technology":"solar"},"type":"Feature"},{"geometry":{"coordinates":[-3.2961962,51.5643583],"type":"Point"},"id":"GG2050-REPD-9981","properties":{"capacity_mw":30.0,"gg_project_id":"GG2050-REPD-9981","name":"Maes Mawr Solar","operator":"Elgin Energy EsCo Ltd","repd_ref":"9981","repd_technology":"Solar Photovoltaics","status":"Under Construction","technology":"solar"},"type":"Feature"},{"geometry":{"coordinates":[-1.45021,51.6245322],"type":"Point"},"id":"GG2050-REPD-12601","properties":{"capacity_mw":30.0,"gg_project_id":"GG2050-REPD-12601","name":"Manor Farm, Denchworth - Solar Photovoltaic Panels","operator":"Renewable Connections Limited","repd_ref":"12601","repd_technology":"Solar Photovoltaics","status":"Awaiting Construction","technology":"solar"},"type":"Feature"},{"geometry":{"coordinates":[-1.4261075,53.613964],"type":"Point"},"id":"GG2050-REPD-12659","properties":{"capacity_mw":30.0,"gg_project_id":"GG2050-REPD-12659","name":"Manor Farm, South Hiendley - Solar Photovoltaic Farm","operator":"Enzygo Limited","repd_ref":"12659","repd_technology":"Solar Photovoltaics","status":"Awaiting Construction","technology":"solar"},"type":"Feature"},{"geometry":{"coordinates":[-1.1112855,52.0505817],"type":"Point"},"id":"GG2050-REPD-14795","properties":{"capacity_mw":30.0,"gg_project_id":"GG2050-REPD-14795","name":"Manor Farm, Whitfield - Solar Panels","operator":"Elgin Energy Esco Ltd","repd_ref":"14795","repd_technology":"Solar Photovoltaics","status":"Application Submitted","technology":"solar"},"type":"Feature"},{"geometry":{"coordinates":[-0.7622761,53.8390246],"type":"Point"},"id":"GG2050-REPD-17893","properties":{"capacity_mw":30.0,"gg_project_id":"GG2050-REPD-17893","name":"Market Weighton Road, Barlby - Solar Farm & Battery Storage","operator":"Quintas Cleantech","repd_ref":"17893","repd_technology":"Solar Photovoltaics","status":"Application Submitted","technology":"solar"},"type":"Feature"},{"geometry":{"coordinates":[1.1278601,52.3741306],"type":"Point"},"id":"GG2050-REPD-13987","properties":{"capacity_mw":30.0,"gg_project_id":"GG2050-REPD-13987","name":"Marsh Lane Solar Farm, Lion Road - Solar Farm","operator":"Aura Power Storage Solutions","repd_ref":"13987","repd_technology":"Solar Photovoltaics","status":"Awaiting Construction","technology":"solar"},"type":"Feature"},{"geometry":{"coordinates":[-1.2630807,53.5870949],"type":"Point"},"id":"GG2050-REPD-16233","properties":{"capacity_mw":30.0,"gg_project_id":"GG2050-REPD-16233","name":"Moorhouse Grange, Moorhouse Lane - Solar Farm","operator":"Zetland Group","repd_ref":"16233","repd_technology":"Solar Photovoltaics","status":"Application Submitted","technology":"solar"},"type":"Feature"},{"geometry":{"coordinates":[-0.7383895,50.8043514],"type":"Point"},"id":"GG2050-REPD-17029","properties":{"capacity_mw":30.0,"gg_project_id":"GG2050-REPD-17029","name":"Mundham, Runcton Lane - Solar Farm","operator":"BNRG Renewables Limited","repd_ref":"17029","repd_technology":"Solar Photovoltaics","status":"Awaiting Construction","technology":"solar"},"type":"Feature"},{"geometry":{"coordinates":[-2.5026142,52.6854902],"type":"Point"},"id":"GG2050-REPD-9381","properties":{"capacity_mw":30.0,"gg_project_id":"GG2050-REPD-9381","name":"New Works Lane - Solar Farm","operator":"Greentech","repd_ref":"9381","repd_technology":"Solar Photovoltaics","status":"Application Submitted","technology":"solar"},"type":"Feature"},{"geometry":{"coordinates":[-2.4048447,50.8724702],"type":"Point"},"id":"GG2050-REPD-14508","properties":{"capacity_mw":30.0,"gg_project_id":"GG2050-REPD-14508","name":"North Dairy Farm Solar Farm","operator":"British Solar Renewables","repd_ref":"14508","repd_technology":"Solar Photovoltaics","status":"Awaiting Construction","technology":"solar"},"type":"Feature"},{"geometry":{"coordinates":[-3.0003329,51.0707495],"type":"Point"},"id":"GG2050-REPD-20544","properties":{"capacity_mw":30.0,"gg_project_id":"GG2050-REPD-20544","name":"North Newton Solar Farm","operator":"North Newton Solar Farm Limited","repd_ref":"20544","repd_technology":"Solar Photovoltaics","status":"Application Submitted","technology":"solar"},"type":"Feature"},{"geometry":{"coordinates":[-2.9891078,52.2283351],"type":"Point"},"id":"GG2050-REPD-13379","properties":{"capacity_mw":30.0,"gg_project_id":"GG2050-REPD-13379","name":"Oatcroft Fram, Titley - Solar PV Array","operator":"Green Switch Capital Limited","repd_ref":"13379","repd_technology":"Solar Photovoltaics","status":"Application Refused","technology":"solar"},"type":"Feature"},{"geometry":{"coordinates":[-1.5613554,52.499081],"type":"Point"},"id":"GG2050-REPD-10183","properties":{"capacity_mw":30.0,"gg_project_id":"GG2050-REPD-10183","name":"Park Lane, Astley - Solar PV Farm","operator":"Tor Energy Solar Limited","repd_ref":"10183","repd_technology":"Solar Photovoltaics","status":"Awaiting Construction","technology":"solar"},"type":"Feature"},{"geometry":{"coordinates":[-3.3407638,56.0715746],"type":"Point"},"id":"GG2050-REPD-11861","properties":{"capacity_mw":30.0,"gg_project_id":"GG2050-REPD-11861","name":"Parkend Crossgates - Solar Panels & Battery Storage","operator":"Greentech Projects Holding UK Limited","repd_ref":"11861","repd_technology":"Solar Photovoltaics","status":"Awaiting Construction","technology":"solar"},"type":"Feature"},{"geometry":{"coordinates":[0.2004253,51.8887453],"type":"Point"},"id":"GG2050-REPD-19353","properties":{"capacity_mw":30.0,"gg_project_id":"GG2050-REPD-19353","name":"Parsonage Farm - Solar PV Farm & Battery Storage","operator":"Trilogy Logistics REIT Limited","repd_ref":"19353","repd_technology":"Solar Photovoltaics","status":"Awaiting Construction","technology":"solar"},"type":"Feature"},{"geometry":{"coordinates":[0.1965066,52.7120714],"type":"Point"},"id":"GG2050-REPD-1783","properties":{"capacity_mw":30.0,"gg_project_id":"GG2050-REPD-1783","name":"Rose And Crown Farm","operator":"Elgin Energy EsCo","repd_ref":"1783","repd_technology":"Solar Photovoltaics","status":"Operational","technology":"solar"},"type":"Feature"},{"geometry":{"coordinates":[-2.5113343,52.6835471],"type":"Point"},"id":"GG2050-REPD-10089","properties":{"capacity_mw":30.0,"gg_project_id":"GG2050-REPD-10089","name":"Steeraway Farm - Solar Farm","operator":"Enviromena","repd_ref":"10089","repd_technology":"Solar Photovoltaics","status":"Under Construction","technology":"solar"},"type":"Feature"},{"geometry":{"coordinates":[-1.5710623,54.278761],"type":"Point"},"id":"GG2050-REPD-18911","properties":{"capacity_mw":30.0,"gg_project_id":"GG2050-REPD-18911","name":"Stell Solar Farm","operator":"Enviromena","repd_ref":"18911","repd_technology":"Solar Photovoltaics","status":"Application Submitted","technology":"solar"},"type":"Feature"},{"geometry":{"coordinates":[-2.7948113,55.4374034],"type":"Point"},"id":"GG2050-REPD-18030","properties":{"capacity_mw":30.0,"gg_project_id":"GG2050-REPD-18030","name":"Stirches Renewable Energy Park - Solar Panels & Battery Energy Storage","operator":"IB Vogt UK Limited","repd_ref":"18030","repd_technology":"Solar Photovoltaics","status":"Application Submitted","technology":"solar"},"type":"Feature"},{"geometry":{"coordinates":[-1.0369476,52.468385],"type":"Point"},"id":"GG2050-REPD-2311","properties":{"capacity_mw":30.0,"gg_project_id":"GG2050-REPD-2311","name":"Theddingworth solar farm","operator":"Abbey Renewables","repd_ref":"2311","repd_technology":"Solar Photovoltaics","status":"Application Withdrawn","technology":"solar"},"type":"Feature"},{"geometry":{"coordinates":[1.1882818,51.8503175],"type":"Point"},"id":"GG2050-REPD-8533","properties":{"capacity_mw":30.0,"gg_project_id":"GG2050-REPD-8533","name":"Thorpe Park Solar Farm","operator":"Low Carbon UK Solar Investment Co Limited","repd_ref":"8533","repd_technology":"Solar Photovoltaics","status":"Revised","technology":"solar"},"type":"Feature"},{"geometry":{"coordinates":[0.1673765,51.689401],"type":"Point"},"id":"GG2050-REPD-18681","properties":{"capacity_mw":30.0,"gg_project_id":"GG2050-REPD-18681","name":"Thrift Solar Farm and BESS","operator":"IB Vogt UK Limited","repd_ref":"18681","repd_technology":"Solar Photovoltaics","status":"Awaiting Construction","technology":"solar"},"type":"Feature"},{"geometry":{"coordinates":[-2.0823095,53.3797688],"type":"Point"},"id":"GG2050-REPD-19250","properties":{"capacity_mw":30.0,"gg_project_id":"GG2050-REPD-19250","name":"Torkington Road, Hazel Grove - Solar PV Panels","operator":"Conrad Energy (Developments) Limited","repd_ref":"19250","repd_technology":"Solar Photovoltaics","status":"Application Submitted","technology":"solar"},"type":"Feature"},{"geometry":{"coordinates":[-2.1214993,51.9592318],"type":"Point"},"id":"GG2050-REPD-2080","properties":{"capacity_mw":30.0,"gg_project_id":"GG2050-REPD-2080","name":"Troughton Farm","operator":"Hive Energy","repd_ref":"2080","repd_technology":"Solar Photovoltaics","status":"Operational","technology":"solar"},"type":"Feature"},{"geometry":{"coordinates":[-3.2460679,51.7500857],"type":"Point"},"id":"GG2050-REPD-6477","properties":{"capacity_mw":30.0,"gg_project_id":"GG2050-REPD-6477","name":"Wauntysswg Farm, near Tredagar","operator":"Elgin Energy","repd_ref":"6477","repd_technology":"Solar Photovoltaics","status":"Awaiting Construction","technology":"solar"},"type":"Feature"},{"geometry":{"coordinates":[-1.1683437,52.081477],"type":"Point"},"id":"GG2050-REPD-8056","properties":{"capacity_mw":30.0,"gg_project_id":"GG2050-REPD-8056","name":"Welsh Lane","operator":"Low Carbon","repd_ref":"8056","repd_technology":"Solar Photovoltaics","status":"Awaiting Construction","technology":"solar"},"type":"Feature"},{"geometry":{"coordinates":[-3.2882698,56.1785563],"type":"Point"},"id":"GG2050-REPD-20391","properties":{"capacity_mw":30.0,"gg_project_id":"GG2050-REPD-20391","name":"Westfield Solar Farm & Battery","operator":"Brockwell Energy Limited","repd_ref":"20391","repd_technology":"Solar Photovoltaics","status":"Awaiting Construction","technology":"solar"},"type":"Feature"},{"geometry":{"coordinates":[-4.9657898,51.7642116],"type":"Point"},"id":"GG2050-REPD-15561","properties":{"capacity_mw":30.0,"gg_project_id":"GG2050-REPD-15561","name":"White House Farm","operator":"Qair UK","repd_ref":"15561","repd_technology":"Solar Photovoltaics","status":"Application Submitted","technology":"solar"},"type":"Feature"},{"geometry":{"coordinates":[-1.9349696,50.8741623],"type":"Point"},"id":"GG2050-REPD-14287","properties":{"capacity_mw":30.0,"gg_project_id":"GG2050-REPD-14287","name":"Woodlands Manor Farm, Horton - Solar Farm","operator":"BayWa r.e. UKLimited / Grüne Energien Projekt UG","repd_ref":"14287","repd_technology":"Solar Photovoltaics","status":"Awaiting Construction","technology":"solar"},"type":"Feature"},{"geometry":{"coordinates":[-0.2410332,51.6938173],"type":"Point"},"id":"GG2050-REPD-19077","properties":{"capacity_mw":30.0,"gg_project_id":"GG2050-REPD-19077","name":"Wrotham Park - Solar Panels","operator":"Enviromena","repd_ref":"19077","repd_technology":"Solar Photovoltaics","status":"Application Submitted","technology":"solar"},"type":"Feature"},{"geometry":{"coordinates":[-3.4432027,55.9858187],"type":"Point"},"id":"GG2050-REPD-11382","properties":{"capacity_mw":29.9,"gg_project_id":"GG2050-REPD-11382","name":"Duddingston Solar Farm and Battery Storage","operator":"Aithrie Net Zero Solar Limited","repd_ref":"11382","repd_technology":"Solar Photovoltaics","status":"Awaiting Construction","technology":"solar"},"type":"Feature"},{"geometry":{"coordinates":[-3.4645956,56.0996041],"type":"Point"},"id":"GG2050-REPD-11263","properties":{"capacity_mw":29.9,"gg_project_id":"GG2050-REPD-11263","name":"Dunfermline North - Solar Photovoltaic Array/Battery storage","operator":"Dunfermline Solar Limited (AMPYR Solar Europe)","repd_ref":"11263","repd_technology":"Solar Photovoltaics","status":"Under Construction","technology":"solar"},"type":"Feature"},{"geometry":{"coordinates":[0.3485732,52.2501641],"type":"Point"},"id":"GG2050-REPD-1913","properties":{"capacity_mw":29.9,"gg_project_id":"GG2050-REPD-1913","name":"Exning","operator":"Vortex (formerly Sun Edison)","repd_ref":"1913","repd_technology":"Solar Photovoltaics","status":"Operational","technology":"solar"},"type":"Feature"},{"geometry":{"coordinates":[-4.1109457,51.7224508],"type":"Point"},"id":"GG2050-REPD-6795","properties":{"capacity_mw":29.9,"gg_project_id":"GG2050-REPD-6795","name":"Llangennech Solar","operator":"Voltalia UK","repd_ref":"6795","repd_technology":"Solar Photovoltaics","status":"Awaiting Construction","technology":"solar"},"type":"Feature"},{"geometry":{"coordinates":[-3.0580088,56.3231164],"type":"Point"},"id":"GG2050-REPD-16630","properties":{"capacity_mw":29.9,"gg_project_id":"GG2050-REPD-16630","name":"Over Rankeilour Farm - Solar Farm","operator":"Balance Power Projects Limited","repd_ref":"16630","repd_technology":"Solar Photovoltaics","status":"Application Submitted","technology":"solar"},"type":"Feature"},{"geometry":{"coordinates":[-6.5474274,54.2994869],"type":"Point"},"id":"GG2050-REPD-16337","properties":{"capacity_mw":29.9,"gg_project_id":"GG2050-REPD-16337","name":"Solar Farm Development in Magheralin","operator":"Renewable Energy Systems RES ltd (Beaufort)","repd_ref":"16337","repd_technology":"Solar Photovoltaics","status":"Awaiting Construction","technology":"solar"},"type":"Feature"},{"geometry":{"coordinates":[-3.5053153,55.9651451],"type":"Point"},"id":"GG2050-REPD-11425","properties":{"capacity_mw":29.9,"gg_project_id":"GG2050-REPD-11425","name":"Trinlaymire Farm - Solar farm, Battery storage","operator":"Trinlaymire Net Zero Solar Limited","repd_ref":"11425","repd_technology":"Solar Photovoltaics","status":"Awaiting Construction","technology":"solar"},"type":"Feature"},{"geometry":{"coordinates":[-1.5365131,53.615404],"type":"Point"},"id":"GG2050-REPD-14647","properties":{"capacity_mw":29.7,"gg_project_id":"GG2050-REPD-14647","name":"Haigh Lane, Woolley Edge Lane - Solar Farm","operator":"Boom Developments Limited","repd_ref":"14647","repd_technology":"Solar Photovoltaics","status":"Awaiting Construction","technology":"solar"},"type":"Feature"},{"geometry":{"coordinates":[0.3157875,52.3227488],"type":"Point"},"id":"GG2050-REPD-7482","properties":{"capacity_mw":29.4,"gg_project_id":"GG2050-REPD-7482","name":"North Angle Farm","operator":"Cambridgeshire County Council / Bouygues ES","repd_ref":"7482","repd_technology":"Solar Photovoltaics","status":"Under Construction","technology":"solar"},"type":"Feature"},{"geometry":{"coordinates":[-1.4002817,51.6050912],"type":"Point"},"id":"GG2050-REPD-1832","properties":{"capacity_mw":29.0,"gg_project_id":"GG2050-REPD-1832","name":"Elms Farm","operator":"Bluefield Solar","repd_ref":"1832","repd_technology":"Solar Photovoltaics","status":"Operational","technology":"solar"},"type":"Feature"},{"geometry":{"coordinates":[-4.4009089,50.7276489],"type":"Point"},"id":"GG2050-REPD-2123","properties":{"capacity_mw":29.0,"gg_project_id":"GG2050-REPD-2123","name":"Hornacott Solar Park","operator":"Lightsource Renewable Energy","repd_ref":"2123","repd_technology":"Solar Photovoltaics","status":"Revised","technology":"solar"},"type":"Feature"},{"geometry":{"coordinates":[-0.5749582,53.274415],"type":"Point"},"id":"GG2050-REPD-19099","properties":{"capacity_mw":29.0,"gg_project_id":"GG2050-REPD-19099","name":"South Carlton - Solar Panels","operator":"Enviromena","repd_ref":"19099","repd_technology":"Solar Photovoltaics","status":"Application Submitted","technology":"solar"},"type":"Feature"},{"geometry":{"coordinates":[0.7048416,52.3611316],"type":"Point"},"id":"GG2050-REPD-2087","properties":{"capacity_mw":29.0,"gg_project_id":"GG2050-REPD-2087","name":"West Farm (Barnham)","operator":"Elveden Farms Ltd","repd_ref":"2087","repd_technology":"Solar Photovoltaics","status":"Appeal Refused","technology":"solar"},"type":"Feature"},{"geometry":{"coordinates":[-1.568551,52.2117083],"type":"Point"},"id":"GG2050-REPD-9631","properties":{"capacity_mw":28.7,"gg_project_id":"GG2050-REPD-9631","name":"Newbold Pacey Solar Farm","operator":"Innova Renewables / ISGRenewables","repd_ref":"9631","repd_technology":"Solar Photovoltaics","status":"Operational","technology":"solar"},"type":"Feature"},{"geometry":{"coordinates":[1.2115633,52.5615502],"type":"Point"},"id":"GG2050-REPD-8148","properties":{"capacity_mw":28.5,"gg_project_id":"GG2050-REPD-8148","name":"Bracon Ash Solar","operator":"Luminous Energy Ltd","repd_ref":"8148","repd_technology":"Solar Photovoltaics","status":"Under Construction","technology":"solar"},"type":"Feature"},{"geometry":{"coordinates":[-2.3623682,51.7356704],"type":"Point"},"id":"GG2050-REPD-2238","properties":{"capacity_mw":28.5,"gg_project_id":"GG2050-REPD-2238","name":"Hillhouse Farm","operator":"Cambridge Solar Power/ Vogt Solar","repd_ref":"2238","repd_technology":"Solar Photovoltaics","status":"Operational","technology":"solar"},"type":"Feature"},{"geometry":{"coordinates":[-2.1786918,50.6868714],"type":"Point"},"id":"GG2050-REPD-5659","properties":{"capacity_mw":28.5,"gg_project_id":"GG2050-REPD-5659","name":"Stokeford Farm","operator":"Alaska (The Holme Estate)","repd_ref":"5659","repd_technology":"Solar Photovoltaics","status":"Operational","technology":"solar"},"type":"Feature"},{"geometry":{"coordinates":[-1.5524547,55.0430346],"type":"Point"},"id":"GG2050-REPD-10979","properties":{"capacity_mw":28.0,"gg_project_id":"GG2050-REPD-10979","name":"Backworth Lane, Backworth - Solar Farm","operator":"Northumberland Estates","repd_ref":"10979","repd_technology":"Solar Photovoltaics","status":"Awaiting Construction","technology":"solar"},"type":"Feature"},{"geometry":{"coordinates":[-4.3139009,55.7463997],"type":"Point"},"id":"GG2050-REPD-18664","properties":{"capacity_mw":28.0,"gg_project_id":"GG2050-REPD-18664","name":"Bonnyton, Kirkton Moor Road - Solar PV Panels","operator":"Advance Construction(Scotland) Limited","repd_ref":"18664","repd_technology":"Solar Photovoltaics","status":"Awaiting Construction","technology":"solar"},"type":"Feature"},{"geometry":{"coordinates":[0.318996,52.3189991],"type":"Point"},"id":"GG2050-REPD-7363","properties":{"capacity_mw":28.0,"gg_project_id":"GG2050-REPD-7363","name":"Bracks Farm","operator":"British Solar Renewables / BayWa r.e. UK Limited","repd_ref":"7363","repd_technology":"Solar Photovoltaics","status":"Operational","technology":"solar"},"type":"Feature"},{"geometry":{"coordinates":[0.5847421,52.4414882],"type":"Point"},"id":"GG2050-REPD-18536","properties":{"capacity_mw":28.0,"gg_project_id":"GG2050-REPD-18536","name":"Brandon Fields Estate, Brandon Fields - Solar Panels","operator":"OPDE Energy","repd_ref":"18536","repd_technology":"Solar Photovoltaics","status":"Application Submitted","technology":"solar"},"type":"Feature"},{"geometry":{"coordinates":[1.1794178,52.7923867],"type":"Point"},"id":"GG2050-REPD-10639","properties":{"capacity_mw":28.0,"gg_project_id":"GG2050-REPD-10639","name":"Docking Farm Solar","operator":"Metka EGN Projects Limited","repd_ref":"10639","repd_technology":"Solar Photovoltaics","status":"Awaiting Construction","technology":"solar"},"type":"Feature"},{"geometry":{"coordinates":[-0.068496,52.9606863],"type":"Point"},"id":"GG2050-REPD-2267","properties":{"capacity_mw":28.0,"gg_project_id":"GG2050-REPD-2267","name":"Friths Farm","operator":"Friths Solar Limited","repd_ref":"2267","repd_technology":"Solar Photovoltaics","status":"Planning Permission Expired","technology":"solar"},"type":"Feature"},{"geometry":{"coordinates":[1.1362017,52.7241287],"type":"Point"},"id":"GG2050-REPD-18705","properties":{"capacity_mw":28.0,"gg_project_id":"GG2050-REPD-18705","name":"Hall Road, Alderford - Solar Panels","operator":"OPDE UK Limted","repd_ref":"18705","repd_technology":"Solar Photovoltaics","status":"Application Refused","technology":"solar"},"type":"Feature"},{"geometry":{"coordinates":[-1.1801049,53.959164],"type":"Point"},"id":"GG2050-REPD-15267","properties":{"capacity_mw":28.0,"gg_project_id":"GG2050-REPD-15267","name":"Harewood Whin, Tinker Lane - Solar Farm","operator":"Yorwaste Limited","repd_ref":"15267","repd_technology":"Solar Photovoltaics","status":"Awaiting Construction","technology":"solar"},"type":"Feature"},{"geometry":{"coordinates":[-0.442085,52.7354435],"type":"Point"},"id":"GG2050-REPD-16683","properties":{"capacity_mw":28.0,"gg_project_id":"GG2050-REPD-16683","name":"Home Farm - Solar PV Farm","operator":"Renewable Energy Systems (RES)","repd_ref":"16683","repd_technology":"Solar Photovoltaics","status":"Awaiting Construction","technology":"solar"},"type":"Feature"},{"geometry":{"coordinates":[-1.1296106,51.2977218],"type":"Point"},"id":"GG2050-REPD-10046","properties":{"capacity_mw":28.0,"gg_project_id":"GG2050-REPD-10046","name":"Manor Farm, Sherborne - Solar Farm","operator":"Solar 2 Limited","repd_ref":"10046","repd_technology":"Solar Photovoltaics","status":"Application Submitted","technology":"solar"},"type":"Feature"},{"geometry":{"coordinates":[-2.7775041,54.0584259],"type":"Point"},"id":"GG2050-REPD-8497","properties":{"capacity_mw":28.0,"gg_project_id":"GG2050-REPD-8497","name":"Moorside Farm - Solar Farm","operator":"Opdenergy UK Limited","repd_ref":"8497","repd_technology":"Solar Photovoltaics","status":"Awaiting Construction","technology":"solar"},"type":"Feature"},{"geometry":{"coordinates":[-1.4414726,54.3501202],"type":"Point"},"id":"GG2050-REPD-5461","properties":{"capacity_mw":28.0,"gg_project_id":"GG2050-REPD-5461","name":"Northallerton","operator":"Big 60 Million","repd_ref":"5461","repd_technology":"Solar Photovoltaics","status":"Abandoned","technology":"solar"},"type":"Feature"},{"geometry":{"coordinates":[-1.1602096,51.1793937],"type":"Point"},"id":"GG2050-REPD-10045","properties":{"capacity_mw":28.0,"gg_project_id":"GG2050-REPD-10045","name":"Preston Farm, Preston Candover - Solar PV Array","operator":"BSR Energy","repd_ref":"10045","repd_technology":"Solar Photovoltaics","status":"Awaiting Construction","technology":"solar"},"type":"Feature"},{"geometry":{"coordinates":[-3.0597551,56.4892552],"type":"Point"},"id":"GG2050-REPD-11847","properties":{"capacity_mw":28.0,"gg_project_id":"GG2050-REPD-11847","name":"Pyotdykes Farm, Stoneygroves, Liff - Solar Farm","operator":"Sonnedix Weston Limited","repd_ref":"11847","repd_technology":"Solar Photovoltaics","status":"Awaiting Construction","technology":"solar"},"type":"Feature"},{"geometry":{"coordinates":[-0.7717022,52.6897883],"type":"Point"},"id":"GG2050-REPD-7617","properties":{"capacity_mw":28.0,"gg_project_id":"GG2050-REPD-7617","name":"Ranksborough Farm","operator":"Elgin Energy","repd_ref":"7617","repd_technology":"Solar Photovoltaics","status":"Awaiting Construction","technology":"solar"},"type":"Feature"},{"geometry":{"coordinates":[0.1815675,52.1353852],"type":"Point"},"id":"GG2050-REPD-1986","properties":{"capacity_mw":28.0,"gg_project_id":"GG2050-REPD-1986","name":"Sawston Solar Farm Land North of Dales Manor Business Park","operator":"Sawston Solar Farm","repd_ref":"1986","repd_technology":"Solar Photovoltaics","status":"Revised","technology":"solar"},"type":"Feature"},{"geometry":{"coordinates":[-0.9656945,51.3826766],"type":"Point"},"id":"GG2050-REPD-12325","properties":{"capacity_mw":28.0,"gg_project_id":"GG2050-REPD-12325","name":"Spencers Wood Solar Farm, Basingstoke Road - Solar Array","operator":"Greentech","repd_ref":"12325","repd_technology":"Solar Photovoltaics","status":"Awaiting Construction","technology":"solar"},"type":"Feature"},{"geometry":{"coordinates":[-0.8427447,52.2025807],"type":"Point"},"id":"GG2050-REPD-11728","properties":{"capacity_mw":27.8,"gg_project_id":"GG2050-REPD-11728","name":"Preston, Deanery - Solar Farm","operator":"Grange Farm Partnership","repd_ref":"11728","repd_technology":"Solar Photovoltaics","status":"Application Submitted","technology":"solar"},"type":"Feature"},{"geometry":{"coordinates":[-4.0177485,50.9498151],"type":"Point"},"id":"GG2050-REPD-15718","properties":{"capacity_mw":27.76,"gg_project_id":"GG2050-REPD-15718","name":"Deptford Farm, Ebberley Hill - Solar Farm","operator":"Elgin Energy ES Co Limited","repd_ref":"15718","repd_technology":"Solar Photovoltaics","status":"Awaiting Construction","technology":"solar"},"type":"Feature"},{"geometry":{"coordinates":[-2.0203324,52.9473298],"type":"Point"},"id":"GG2050-REPD-10977","properties":{"capacity_mw":27.7,"gg_project_id":"GG2050-REPD-10977","name":"Upper Newton Farm (Blythe House) - Solar Farm & Battery Storage","operator":"Innova Renewables","repd_ref":"10977","repd_technology":"Solar Photovoltaics","status":"Awaiting Construction","technology":"solar"},"type":"Feature"},{"geometry":{"coordinates":[-2.5622065,55.8938904],"type":"Point"},"id":"GG2050-REPD-13403","properties":{"capacity_mw":27.5,"gg_project_id":"GG2050-REPD-13403","name":"Crystal Rig Solar Farm","operator":"Fred Olsen Renewables","repd_ref":"13403","repd_technology":"Solar Photovoltaics","status":"Awaiting Construction","technology":"solar"},"type":"Feature"},{"geometry":{"coordinates":[-1.5491586,54.9239093],"type":"Point"},"id":"GG2050-REPD-11901","properties":{"capacity_mw":27.3,"gg_project_id":"GG2050-REPD-11901","name":"Usworth House Farm, Peareth Hall Road - Solar Farm","operator":"Boom Developments Limited","repd_ref":"11901","repd_technology":"Solar Photovoltaics","status":"Application Refused","technology":"solar"},"type":"Feature"},{"geometry":{"coordinates":[-2.6898702,53.3777486],"type":"Point"},"id":"GG2050-REPD-18218","properties":{"capacity_mw":27.15,"gg_project_id":"GG2050-REPD-18218","name":"Mowcroft Solar Farm","operator":"Renewable Connections Developments Limited","repd_ref":"18218","repd_technology":"Solar Photovoltaics","status":"Application Refused","technology":"solar"},"type":"Feature"},{"geometry":{"coordinates":[-0.1460845,53.5251174],"type":"Point"},"id":"GG2050-REPD-4880","properties":{"capacity_mw":27.1,"gg_project_id":"GG2050-REPD-4880","name":"Laceby Solar Farm","operator":"Conergy","repd_ref":"4880","repd_technology":"Solar Photovoltaics","status":"Operational","technology":"solar"},"type":"Feature"},{"geometry":{"coordinates":[-1.3045477,50.9630063],"type":"Point"},"id":"GG2050-REPD-14584","properties":{"capacity_mw":27.0,"gg_project_id":"GG2050-REPD-14584","name":"Allington Lane - Solar & Battery Farm","operator":"Eastleigh Borough Council","repd_ref":"14584","repd_technology":"Solar Photovoltaics","status":"Awaiting Construction","technology":"solar"},"type":"Feature"},{"geometry":{"coordinates":[-4.6316121,54.097783],"type":"Point"},"id":"GG2050-REPD-13929","properties":{"capacity_mw":27.0,"gg_project_id":"GG2050-REPD-13929","name":"Billown Solar Farm","operator":"Peel Cubico Renewables Limited","repd_ref":"13929","repd_technology":"Solar Photovoltaics","status":"Application Submitted","technology":"solar"},"type":"Feature"},{"geometry":{"coordinates":[1.3381815,51.1555545],"type":"Point"},"id":"GG2050-REPD-2156","properties":{"capacity_mw":27.0,"gg_project_id":"GG2050-REPD-2156","name":"Guston Court Farm","operator":"Guston A Solar Farm Ltd & Guston C Solar Farm Ltd","repd_ref":"2156","repd_technology":"Solar Photovoltaics","status":"Application Refused","technology":"solar"},"type":"Feature"},{"geometry":{"coordinates":[-1.2651466,52.421529],"type":"Point"},"id":"GG2050-REPD-7896","properties":{"capacity_mw":27.0,"gg_project_id":"GG2050-REPD-7896","name":"Harborough Fields Farm","operator":"Warwickshire Solar 1","repd_ref":"7896","repd_technology":"Solar Photovoltaics","status":"Planning Permission Expired","technology":"solar"},"type":"Feature"},{"geometry":{"coordinates":[-1.7003756,51.6624715],"type":"Point"},"id":"GG2050-REPD-2035","properties":{"capacity_mw":27.0,"gg_project_id":"GG2050-REPD-2035","name":"Lynt Farm","operator":"Meag","repd_ref":"2035","repd_technology":"Solar Photovoltaics","status":"Operational","technology":"solar"},"type":"Feature"},{"geometry":{"coordinates":[-0.606975,53.5181074],"type":"Point"},"id":"GG2050-REPD-5161","properties":{"capacity_mw":27.0,"gg_project_id":"GG2050-REPD-5161","name":"Manton Manor Solar Farm","operator":"Pegasus Group","repd_ref":"5161","repd_technology":"Solar Photovoltaics","status":"Appeal Refused","technology":"solar"},"type":"Feature"},{"geometry":{"coordinates":[-0.1009182,52.6401116],"type":"Point"},"id":"GG2050-REPD-1867","properties":{"capacity_mw":27.0,"gg_project_id":"GG2050-REPD-1867","name":"Morris Fen (PV)","operator":"Peterborough City Council","repd_ref":"1867","repd_technology":"Solar Photovoltaics","status":"Application Withdrawn","technology":"solar"},"type":"Feature"},{"geometry":{"coordinates":[-1.6972853,54.6727013],"type":"Point"},"id":"GG2050-REPD-19733","properties":{"capacity_mw":27.0,"gg_project_id":"GG2050-REPD-19733","name":"Toronto Green Energy Park, Addison Road - Solar Farm","operator":"Toronto Green Energy Park Limited","repd_ref":"19733","repd_technology":"Solar Photovoltaics","status":"Application Submitted","technology":"solar"},"type":"Feature"},{"geometry":{"coordinates":[-1.7026866,54.8523827],"type":"Point"},"id":"GG2050-REPD-17989","properties":{"capacity_mw":27.0,"gg_project_id":"GG2050-REPD-17989","name":"Wagtail Lane, Craghead - Solar Panels","operator":"Ampyr Energy UK Development Limited","repd_ref":"17989","repd_technology":"Solar Photovoltaics","status":"Application Refused","technology":"solar"},"type":"Feature"},{"geometry":{"coordinates":[-0.9997489,53.3124432],"type":"Point"},"id":"GG2050-REPD-2151","properties":{"capacity_mw":27.0,"gg_project_id":"GG2050-REPD-2151","name":"Walkers Wood Solar Park","operator":"Solar century / Magnetar Solar","repd_ref":"2151","repd_technology":"Solar Photovoltaics","status":"Operational","technology":"solar"},"type":"Feature"},{"geometry":{"coordinates":[-0.3921873,52.8913993],"type":"Point"},"id":"GG2050-REPD-12419","properties":{"capacity_mw":27.0,"gg_project_id":"GG2050-REPD-12419","name":"Washdyke Farm, Billingborough Road - Solar farm","operator":"GS Ignis Limited","repd_ref":"12419","repd_technology":"Solar Photovoltaics","status":"Awaiting Construction","technology":"solar"},"type":"Feature"},{"geometry":{"coordinates":[1.4850163,52.3531378],"type":"Point"},"id":"GG2050-REPD-9912","properties":{"capacity_mw":27.0,"gg_project_id":"GG2050-REPD-9912","name":"Wissett Solar Farm, Wissett - Solar Photovoltaic (PV) Farm (Apple Tree)","operator":"Pathfinder Clean Energy UK Dev Limited","repd_ref":"9912","repd_technology":"Solar Photovoltaics","status":"Awaiting Construction","technology":"solar"},"type":"Feature"},{"geometry":{"coordinates":[-0.2636874,52.135688],"type":"Point"},"id":"GG2050-REPD-16062","properties":{"capacity_mw":26.5,"gg_project_id":"GG2050-REPD-16062","name":"Lowfield Farm - Solar Farm","operator":"Renewable Connections Developments Limited","repd_ref":"16062","repd_technology":"Solar Photovoltaics","status":"Awaiting Construction","technology":"solar"},"type":"Feature"},{"geometry":{"coordinates":[-2.3717236,53.7228707],"type":"Point"},"id":"GG2050-REPD-19457","properties":{"capacity_mw":26.4,"gg_project_id":"GG2050-REPD-19457","name":"Ramsclough Farm, Haslingden Old Road - Solar Farm","operator":"Abei Energy Limited","repd_ref":"19457","repd_technology":"Solar Photovoltaics","status":"Application Submitted","technology":"solar"},"type":"Feature"},{"geometry":{"coordinates":[-1.7236754,52.1636877],"type":"Point"},"id":"GG2050-REPD-13020","properties":{"capacity_mw":26.0,"gg_project_id":"GG2050-REPD-13020","name":"Atherstone Hill Solar Farm","operator":"Elgin Energy Services","repd_ref":"13020","repd_technology":"Solar Photovoltaics","status":"Awaiting Construction","technology":"solar"},"type":"Feature"},{"geometry":{"coordinates":[0.0482233,52.2775456],"type":"Point"},"id":"GG2050-REPD-17858","properties":{"capacity_mw":26.0,"gg_project_id":"GG2050-REPD-17858","name":"Falcon Park, Wilsons Road - Solar Farm & Battery Energy Storage","operator":"Regener8 Power Limited","repd_ref":"17858","repd_technology":"Solar Photovoltaics","status":"Application Submitted","technology":"solar"},"type":"Feature"},{"geometry":{"coordinates":[1.2413721,51.8441703],"type":"Point"},"id":"GG2050-REPD-9765","properties":{"capacity_mw":26.0,"gg_project_id":"GG2050-REPD-9765","name":"Halstead Road Eco Hub - Solar Farm & Battery Storage","operator":"Naturalis Energy Developments Limited","repd_ref":"9765","repd_technology":"Solar Photovoltaics","status":"Application Refused","technology":"solar"},"type":"Feature"},{"geometry":{"coordinates":[0.7135316,52.3114183],"type":"Point"},"id":"GG2050-REPD-1376","properties":{"capacity_mw":26.0,"gg_project_id":"GG2050-REPD-1376","name":"Ingham solar farm","operator":"Gamma Solar Limited","repd_ref":"1376","repd_technology":"Solar Photovoltaics","status":"Revised","technology":"solar"},"type":"Feature"},{"geometry":{"coordinates":[-0.6707098,52.2788366],"type":"Point"},"id":"GG2050-REPD-11423","properties":{"capacity_mw":26.0,"gg_project_id":"GG2050-REPD-11423","name":"London Road, Irchester - Solar Farm","operator":"Atrato Onsite Energy","repd_ref":"11423","repd_technology":"Solar Photovoltaics","status":"Operational","technology":"solar"},"type":"Feature"},{"geometry":{"coordinates":[-1.2137043,52.433353],"type":"Point"},"id":"GG2050-REPD-13251","properties":{"capacity_mw":26.0,"gg_project_id":"GG2050-REPD-13251","name":"Northfield House Solar Farm","operator":"Lightsource BP","repd_ref":"13251","repd_technology":"Solar Photovoltaics","status":"Operational","technology":"solar"},"type":"Feature"},{"geometry":{"coordinates":[0.7712557,52.8618778],"type":"Point"},"id":"GG2050-REPD-1777","properties":{"capacity_mw":26.0,"gg_project_id":"GG2050-REPD-1777","name":"South Creake Solar Farm","operator":"Lightsource BP","repd_ref":"1777","repd_technology":"Solar Photovoltaics","status":"Operational","technology":"solar"},"type":"Feature"},{"geometry":{"coordinates":[-1.0958539,52.7104402],"type":"Point"},"id":"GG2050-REPD-8336","properties":{"capacity_mw":26.0,"gg_project_id":"GG2050-REPD-8336","name":"Syston Road - Solar Farm","operator":"Barber Farm Partnership","repd_ref":"8336","repd_technology":"Solar Photovoltaics","status":"Under Construction","technology":"solar"},"type":"Feature"},{"geometry":{"coordinates":[-1.017334,51.3869605],"type":"Point"},"id":"GG2050-REPD-10813","properties":{"capacity_mw":25.77,"gg_project_id":"GG2050-REPD-10813","name":"Bloomfield Hatch Farm - Solar Farm & Battery","operator":"Horizon Power & Energy Limited","repd_ref":"10813","repd_technology":"Solar Photovoltaics","status":"Awaiting Construction","technology":"solar"},"type":"Feature"},{"geometry":{"coordinates":[-6.1862786,54.5058031],"type":"Point"},"id":"GG2050-REPD-4954","properties":{"capacity_mw":25.7,"gg_project_id":"GG2050-REPD-4954","name":"Former Maghaberry Airfield","operator":"Lightsource Renewable Energy","repd_ref":"4954","repd_technology":"Solar Photovoltaics","status":"Operational","technology":"solar"},"type":"Feature"},{"geometry":{"coordinates":[-0.2398727,53.7729354],"type":"Point"},"id":"GG2050-REPD-5420","properties":{"capacity_mw":25.7,"gg_project_id":"GG2050-REPD-5420","name":"Hull Solar Farm","operator":"Gridserve","repd_ref":"5420","repd_technology":"Solar Photovoltaics","status":"Under Construction","technology":"solar"},"type":"Feature"},{"geometry":{"coordinates":[-1.4508055,52.4680536],"type":"Point"},"id":"GG2050-REPD-18318","properties":{"capacity_mw":25.65,"gg_project_id":"GG2050-REPD-18318","name":"Hollyhurst Farm, Mile Tree Lane - Solar Panels","operator":"Greenfield Energy Developments Limited","repd_ref":"18318","repd_technology":"Solar Photovoltaics","status":"Application Submitted","technology":"solar"},"type":"Feature"},{"geometry":{"coordinates":[0.4672355,51.6096411],"type":"Point"},"id":"GG2050-REPD-10778","properties":{"capacity_mw":25.6,"gg_project_id":"GG2050-REPD-10778","name":"Crays Hall Farm - Solar Arrays","operator":"Boom Power Limited","repd_ref":"10778","repd_technology":"Solar Photovoltaics","status":"Operational","technology":"solar"},"type":"Feature"},{"geometry":{"coordinates":[0.8438794,51.6372355],"type":"Point"},"id":"GG2050-REPD-8022","properties":{"capacity_mw":25.5,"gg_project_id":"GG2050-REPD-8022","name":"Marshes Farm","operator":"One Planet","repd_ref":"8022","repd_technology":"Solar Photovoltaics","status":"Awaiting Construction","technology":"solar"},"type":"Feature"},{"geometry":{"coordinates":[-0.975245,53.8393963],"type":"Point"},"id":"GG2050-REPD-4796","properties":{"capacity_mw":25.5,"gg_project_id":"GG2050-REPD-4796","name":"Redmoor Farm","operator":"TGC Renewables","repd_ref":"4796","repd_technology":"Solar Photovoltaics","status":"Revised","technology":"solar"},"type":"Feature"},{"geometry":{"coordinates":[-0.975245,53.8393963],"type":"Point"},"id":"GG2050-REPD-5929","properties":{"capacity_mw":25.5,"gg_project_id":"GG2050-REPD-5929","name":"Redmoor Farm","operator":"TGC Renewables","repd_ref":"5929","repd_technology":"Solar Photovoltaics","status":"Planning Permission Expired","technology":"solar"},"type":"Feature"},{"geometry":{"coordinates":[-1.4580959,54.7172063],"type":"Point"},"id":"GG2050-REPD-19724","properties":{"capacity_mw":25.3,"gg_project_id":"GG2050-REPD-19724","name":"Low Raisby Farm, Kelloe - Solar Panels","operator":"ABEI Energy Green II","repd_ref":"19724","repd_technology":"Solar Photovoltaics","status":"Application Submitted","technology":"solar"},"type":"Feature"},{"geometry":{"coordinates":[-6.1806623,54.5601368],"type":"Point"},"id":"GG2050-REPD-5443","properties":{"capacity_mw":25.2,"gg_project_id":"GG2050-REPD-5443","name":"Hillside Solar Farm","operator":"Lightsource Renewable Energy","repd_ref":"5443","repd_technology":"Solar Photovoltaics","status":"Operational","technology":"solar"},"type":"Feature"},{"geometry":{"coordinates":[-1.4012908,53.1128723],"type":"Point"},"id":"GG2050-REPD-7902","properties":{"capacity_mw":25.0,"gg_project_id":"GG2050-REPD-7902","name":"Alfreton Solar Farm","operator":"Kronos Solar","repd_ref":"7902","repd_technology":"Solar Photovoltaics","status":"Application Withdrawn","technology":"solar"},"type":"Feature"},{"geometry":{"coordinates":[-6.440426,54.9985286],"type":"Point"},"id":"GG2050-REPD-5955","properties":{"capacity_mw":25.0,"gg_project_id":"GG2050-REPD-5955","name":"Bann Road (Tullaghans Road)","operator":"Greencoat Capital","repd_ref":"5955","repd_technology":"Solar Photovoltaics","status":"Operational","technology":"solar"},"type":"Feature"},{"geometry":{"coordinates":[1.2832699,52.0342087],"type":"Point"},"id":"GG2050-REPD-9399","properties":{"capacity_mw":25.0,"gg_project_id":"GG2050-REPD-9399","name":"Bucklesham Solar Farm","operator":"Novus Renewable Services Limited","repd_ref":"9399","repd_technology":"Solar Photovoltaics","status":"Awaiting Construction","technology":"solar"},"type":"Feature"},{"geometry":{"coordinates":[-2.626465,52.7124358],"type":"Point"},"id":"GG2050-REPD-12005","properties":{"capacity_mw":25.0,"gg_project_id":"GG2050-REPD-12005","name":"Church Farm, Withington - Solar Farm","operator":"Elgin Energy","repd_ref":"12005","repd_technology":"Solar Photovoltaics","status":"Awaiting Construction","technology":"solar"},"type":"Feature"},{"geometry":{"coordinates":[-1.6206798,52.8215858],"type":"Point"},"id":"GG2050-REPD-15698","properties":{"capacity_mw":25.0,"gg_project_id":"GG2050-REPD-15698","name":"Claymills Sewage Treatment Works, Meadow Lane - Solar Panels","operator":"Wetmore Solar Limited","repd_ref":"15698","repd_technology":"Solar Photovoltaics","status":"Application Submitted","technology":"solar"},"type":"Feature"},{"geometry":{"coordinates":[-2.5847357,57.6431908],"type":"Point"},"id":"GG2050-REPD-12161","properties":{"capacity_mw":25.0,"gg_project_id":"GG2050-REPD-12161","name":"Denhead - Solar Array","operator":"Muirden Energy","repd_ref":"12161","repd_technology":"Solar Photovoltaics","status":"Awaiting Construction","technology":"solar"},"type":"Feature"},{"geometry":{"coordinates":[-1.7750835,52.2002619],"type":"Point"},"id":"GG2050-REPD-5020","properties":{"capacity_mw":25.0,"gg_project_id":"GG2050-REPD-5020","name":"Drayton Manor Farm","operator":"Anesco","repd_ref":"5020","repd_technology":"Solar Photovoltaics","status":"Operational","technology":"solar"},"type":"Feature"},{"geometry":{"coordinates":[-0.3145419,53.0144699],"type":"Point"},"id":"GG2050-REPD-2209","properties":{"capacity_mw":25.0,"gg_project_id":"GG2050-REPD-2209","name":"Ewerby Thorpe Farm","operator":"Estover Energy","repd_ref":"2209","repd_technology":"Solar Photovoltaics","status":"Abandoned","technology":"solar"},"type":"Feature"},{"geometry":{"coordinates":[-1.2248553,53.2472578],"type":"Point"},"id":"GG2050-REPD-13013","properties":{"capacity_mw":25.0,"gg_project_id":"GG2050-REPD-13013","name":"Frithwood Farm, Frithwood Lane - Solar Farm","operator":"Elgin Energy EsCo Limited","repd_ref":"13013","repd_technology":"Solar Photovoltaics","status":"Awaiting Construction","technology":"solar"},"type":"Feature"},{"geometry":{"coordinates":[1.362827,52.1851991],"type":"Point"},"id":"GG2050-REPD-1602","properties":{"capacity_mw":25.0,"gg_project_id":"GG2050-REPD-1602","name":"Hacheston Solar farm","operator":"Hive Energy","repd_ref":"1602","repd_technology":"Solar Photovoltaics","status":"Appeal Refused","technology":"solar"},"type":"Feature"},{"geometry":{"coordinates":[-2.6880906,52.7276643],"type":"Point"},"id":"GG2050-REPD-16128","properties":{"capacity_mw":25.0,"gg_project_id":"GG2050-REPD-16128","name":"Haughmond Quarry - Uffington Solar Farm","operator":"Opdenergy UK 10 Limited","repd_ref":"16128","repd_technology":"Solar Photovoltaics","status":"Application Refused","technology":"solar"},"type":"Feature"},{"geometry":{"coordinates":[-2.3267428,51.8075776],"type":"Point"},"id":"GG2050-REPD-6580","properties":{"capacity_mw":25.0,"gg_project_id":"GG2050-REPD-6580","name":"High Green Longney Estate - Solar Farm","operator":"Elgin Energy","repd_ref":"6580","repd_technology":"Solar Photovoltaics","status":"Planning Permission Expired","technology":"solar"},"type":"Feature"},{"geometry":{"coordinates":[-1.755441,52.4705672],"type":"Point"},"id":"GG2050-REPD-13694","properties":{"capacity_mw":25.0,"gg_project_id":"GG2050-REPD-13694","name":"Holly Lane Energy Park - Solar Farm & Battery Storage","operator":"Exagen","repd_ref":"13694","repd_technology":"Solar Photovoltaics","status":"Awaiting Construction","technology":"solar"},"type":"Feature"},{"geometry":{"coordinates":[-6.6712753,55.0795417],"type":"Point"},"id":"GG2050-REPD-5967","properties":{"capacity_mw":25.0,"gg_project_id":"GG2050-REPD-5967","name":"Kells Solar Farm","operator":"Elgin Energy EsCo","repd_ref":"5967","repd_technology":"Solar Photovoltaics","status":"Revised","technology":"solar"},"type":"Feature"},{"geometry":{"coordinates":[-4.7054339,55.9327675],"type":"Point"},"id":"GG2050-REPD-19963","properties":{"capacity_mw":25.0,"gg_project_id":"GG2050-REPD-19963","name":"Knockair, Dougliehill Road - Solar Farm","operator":"Renewco Power","repd_ref":"19963","repd_technology":"Solar Photovoltaics","status":"Application Submitted","technology":"solar"},"type":"Feature"},{"geometry":{"coordinates":[-2.9504617,51.1695146],"type":"Point"},"id":"GG2050-REPD-4993","properties":{"capacity_mw":25.0,"gg_project_id":"GG2050-REPD-4993","name":"Land to the South West of Horsey Lane","operator":"Solar Power South","repd_ref":"4993","repd_technology":"Solar Photovoltaics","status":"Appeal Refused","technology":"solar"},"type":"Feature"},{"geometry":{"coordinates":[-2.9687069,53.7734428],"type":"Point"},"id":"GG2050-REPD-9878","properties":{"capacity_mw":25.0,"gg_project_id":"GG2050-REPD-9878","name":"Lawns Solar Farm","operator":"Lightsource Limited","repd_ref":"9878","repd_technology":"Solar Photovoltaics","status":"Awaiting Construction","technology":"solar"},"type":"Feature"},{"geometry":{"coordinates":[-1.4540841,52.4445686],"type":"Point"},"id":"GG2050-REPD-19794","properties":{"capacity_mw":25.0,"gg_project_id":"GG2050-REPD-19794","name":"Lentons Lane - Solar Panels","operator":"Eon UK Plc","repd_ref":"19794","repd_technology":"Solar Photovoltaics","status":"Awaiting Construction","technology":"solar"},"type":"Feature"},{"geometry":{"coordinates":[-1.452773,52.4435197],"type":"Point"},"id":"GG2050-REPD-19723","properties":{"capacity_mw":25.0,"gg_project_id":"GG2050-REPD-19723","name":"Lentons Lane, Aldermans Green - Solar Panels","operator":"Eon UK Plc","repd_ref":"19723","repd_technology":"Solar Photovoltaics","status":"Application Refused","technology":"solar"},"type":"Feature"},{"geometry":{"coordinates":[-0.5273067,51.7520203],"type":"Point"},"id":"GG2050-REPD-11085","properties":{"capacity_mw":25.0,"gg_project_id":"GG2050-REPD-11085","name":"Little Heath Lane - Solar PV Array","operator":"Energi Generation","repd_ref":"11085","repd_technology":"Solar Photovoltaics","status":"Application Submitted","technology":"solar"},"type":"Feature"},{"geometry":{"coordinates":[0.6606265,51.7043792],"type":"Point"},"id":"GG2050-REPD-8023","properties":{"capacity_mw":25.0,"gg_project_id":"GG2050-REPD-8023","name":"Maldon Wycke Solar Farm","operator":"Low Carbon UK","repd_ref":"8023","repd_technology":"Solar Photovoltaics","status":"Operational","technology":"solar"},"type":"Feature"},{"geometry":{"coordinates":[-0.8825811,52.0212577],"type":"Point"},"id":"GG2050-REPD-11778","properties":{"capacity_mw":25.0,"gg_project_id":"GG2050-REPD-11778","name":"Manor Farm, Beachampton - Solar Farm","operator":"Anesco Limited","repd_ref":"11778","repd_technology":"Solar Photovoltaics","status":"Awaiting Construction","technology":"solar"},"type":"Feature"},{"geometry":{"coordinates":[0.1956198,51.6849286],"type":"Point"},"id":"GG2050-REPD-16550","properties":{"capacity_mw":25.0,"gg_project_id":"GG2050-REPD-16550","name":"Nickerlands Solar Farm - Solar Farm","operator":"AR Toot Hill Limited","repd_ref":"16550","repd_technology":"Solar Photovoltaics","status":"Awaiting Construction","technology":"solar"},"type":"Feature"},{"geometry":{"coordinates":[-3.7318057,51.765556],"type":"Point"},"id":"GG2050-REPD-9984","properties":{"capacity_mw":25.0,"gg_project_id":"GG2050-REPD-9984","name":"Pencaerlan Solar Farm","operator":"Greentech Projects Holding UK Limited","repd_ref":"9984","repd_technology":"Solar Photovoltaics","status":"Application Submitted","technology":"solar"},"type":"Feature"},{"geometry":{"coordinates":[0.6255214,51.6895569],"type":"Point"},"id":"GG2050-REPD-12990","properties":{"capacity_mw":25.0,"gg_project_id":"GG2050-REPD-12990","name":"Prentice’s Farm- Solar Farm","operator":"Anglo Renewables","repd_ref":"12990","repd_technology":"Solar Photovoltaics","status":"Revised","technology":"solar"},"type":"Feature"},{"geometry":{"coordinates":[-0.6023015,53.5574432],"type":"Point"},"id":"GG2050-REPD-5013","properties":{"capacity_mw":25.0,"gg_project_id":"GG2050-REPD-5013","name":"Raventhorpe Lodge (Sweeting Thorns)","operator":"Wirsol / Elgar Middleton","repd_ref":"5013","repd_technology":"Solar Photovoltaics","status":"Planning Permission Expired","technology":"solar"},"type":"Feature"},{"geometry":{"coordinates":[-1.3355813,51.6088162],"type":"Point"},"id":"GG2050-REPD-1321","properties":{"capacity_mw":25.0,"gg_project_id":"GG2050-REPD-1321","name":"Reading Road","operator":"Orta East Hendred Solar Ltd","repd_ref":"1321","repd_technology":"Solar Photovoltaics","status":"Revised","technology":"solar"},"type":"Feature"},{"geometry":{"coordinates":[-1.3355813,51.6088162],"type":"Point"},"id":"GG2050-REPD-1932","properties":{"capacity_mw":25.0,"gg_project_id":"GG2050-REPD-1932","name":"Reading Road","operator":"Orta East Hendred Solar Ltd","repd_ref":"1932","repd_technology":"Solar Photovoltaics","status":"Application Withdrawn","technology":"solar"},"type":"Feature"},{"geometry":{"coordinates":[0.0082517,52.0734084],"type":"Point"},"id":"GG2050-REPD-17887","properties":{"capacity_mw":25.0,"gg_project_id":"GG2050-REPD-17887","name":"River Mel Solar Farm & Battery Storage System","operator":"Quintas Cleantech","repd_ref":"17887","repd_technology":"Solar Photovoltaics","status":"Application Submitted","technology":"solar"},"type":"Feature"},{"geometry":{"coordinates":[-1.6400449,52.2479004],"type":"Point"},"id":"GG2050-REPD-13256","properties":{"capacity_mw":25.0,"gg_project_id":"GG2050-REPD-13256","name":"Sherbourne - Solar Farm","operator":"Namene Solar","repd_ref":"13256","repd_technology":"Solar Photovoltaics","status":"Awaiting Construction","technology":"solar"},"type":"Feature"},{"geometry":{"coordinates":[-1.6331187,52.2565458],"type":"Point"},"id":"GG2050-REPD-9914","properties":{"capacity_mw":25.0,"gg_project_id":"GG2050-REPD-9914","name":"Sherbourne - Solar Farm","operator":"Namene Solar","repd_ref":"9914","repd_technology":"Solar Photovoltaics","status":"Revised","technology":"solar"},"type":"Feature"},{"geometry":{"coordinates":[-1.9779789,51.6879813],"type":"Point"},"id":"GG2050-REPD-19220","properties":{"capacity_mw":25.0,"gg_project_id":"GG2050-REPD-19220","name":"Spratsgate Lane, Siddington - Solar Farm and Battery Energy Storage System","operator":"Aura Power Developments Limited","repd_ref":"19220","repd_technology":"Solar Photovoltaics","status":"Application Submitted","technology":"solar"},"type":"Feature"},{"geometry":{"coordinates":[0.5508824,51.7213744],"type":"Point"},"id":"GG2050-REPD-8406","properties":{"capacity_mw":25.0,"gg_project_id":"GG2050-REPD-8406","name":"St Cleres Hall Pit Solar Array","operator":"St Cleres Solar Farm Limited","repd_ref":"8406","repd_technology":"Solar Photovoltaics","status":"Awaiting Construction","technology":"solar"},"type":"Feature"},{"geometry":{"coordinates":[-0.2472739,51.9229272],"type":"Point"},"id":"GG2050-REPD-17445","properties":{"capacity_mw":25.0,"gg_project_id":"GG2050-REPD-17445","name":"St Ippolyts - Solar Farm & Battery Storage","operator":"Brockwell Storage & Solar Limited","repd_ref":"17445","repd_technology":"Solar Photovoltaics","status":"Awaiting Construction","technology":"solar"},"type":"Feature"},{"geometry":{"coordinates":[-0.2472739,51.9229272],"type":"Point"},"id":"GG2050-REPD-9694","properties":{"capacity_mw":25.0,"gg_project_id":"GG2050-REPD-9694","name":"St Ippolyts - Solar Farm & Battery Storage","operator":"RNA Energy Limited","repd_ref":"9694","repd_technology":"Solar Photovoltaics","status":"Revised","technology":"solar"},"type":"Feature"},{"geometry":{"coordinates":[-6.2096315,54.7476598],"type":"Point"},"id":"GG2050-REPD-6024","properties":{"capacity_mw":25.0,"gg_project_id":"GG2050-REPD-6024","name":"Steeple Road","operator":"Elgin Energy Esco","repd_ref":"6024","repd_technology":"Solar Photovoltaics","status":"Awaiting Construction","technology":"solar"},"type":"Feature"},{"geometry":{"coordinates":[-3.2585012,56.1638306],"type":"Point"},"id":"GG2050-REPD-9403","properties":{"capacity_mw":25.0,"gg_project_id":"GG2050-REPD-9403","name":"Strathruddie, Kinglassie - Solar farm","operator":"Renewable Connection Developments Limited","repd_ref":"9403","repd_technology":"Solar Photovoltaics","status":"Awaiting Construction","technology":"solar"},"type":"Feature"},{"geometry":{"coordinates":[-0.8330431,53.1727903],"type":"Point"},"id":"GG2050-REPD-4809","properties":{"capacity_mw":25.0,"gg_project_id":"GG2050-REPD-4809","name":"Stud Solar Farm","operator":"Martifer Solar (Voltalia)","repd_ref":"4809","repd_technology":"Solar Photovoltaics","status":"Planning Permission Expired","technology":"solar"},"type":"Feature"},{"geometry":{"coordinates":[-3.3477681,51.1747831],"type":"Point"},"id":"GG2050-REPD-10185","properties":{"capacity_mw":25.0,"gg_project_id":"GG2050-REPD-10185","name":"The Transmitting Station, Williton - Solar Farm (Wyndham Estate)","operator":"Elgin Energy ES Co Limited","repd_ref":"10185","repd_technology":"Solar Photovoltaics","status":"Awaiting Construction","technology":"solar"},"type":"Feature"},{"geometry":{"coordinates":[-3.1846933,51.0594039],"type":"Point"},"id":"GG2050-REPD-10272","properties":{"capacity_mw":25.0,"gg_project_id":"GG2050-REPD-10272","name":"The Village Of Halse - Solar Array","operator":"Novus Renewable Services Limited","repd_ref":"10272","repd_technology":"Solar Photovoltaics","status":"Awaiting Construction","technology":"solar"},"type":"Feature"},{"geometry":{"coordinates":[-1.3470628,51.1135759],"type":"Point"},"id":"GG2050-REPD-8011","properties":{"capacity_mw":25.0,"gg_project_id":"GG2050-REPD-8011","name":"Three Maids Hill Solar Farm","operator":"Environmenta Asset Management","repd_ref":"8011","repd_technology":"Solar Photovoltaics","status":"Operational","technology":"solar"},"type":"Feature"},{"geometry":{"coordinates":[-1.4527514,52.4583263],"type":"Point"},"id":"GG2050-REPD-12597","properties":{"capacity_mw":25.0,"gg_project_id":"GG2050-REPD-12597","name":"Tolldish Hall Farm, Parrotts Grove - Solar Photovoltaic Panels","operator":"Novus Renewable Services Limited","repd_ref":"12597","repd_technology":"Solar Photovoltaics","status":"Under Construction","technology":"solar"},"type":"Feature"},{"geometry":{"coordinates":[-0.9086604,51.93347],"type":"Point"},"id":"GG2050-REPD-7311","properties":{"capacity_mw":25.0,"gg_project_id":"GG2050-REPD-7311","name":"Tuckey Farm","operator":"Unknown","repd_ref":"7311","repd_technology":"Solar Photovoltaics","status":"Awaiting Construction","technology":"solar"},"type":"Feature"},{"geometry":{"coordinates":[-2.427918,52.745439],"type":"Point"},"id":"GG2050-REPD-10417","properties":{"capacity_mw":25.0,"gg_project_id":"GG2050-REPD-10417","name":"Twitch Hill, Cheswell Grange Farm - Solar Farm & Battery Storage","operator":"Ethical Power","repd_ref":"10417","repd_technology":"Solar Photovoltaics","status":"Under Construction","technology":"solar"},"type":"Feature"},{"geometry":{"coordinates":[-2.4355479,51.612844],"type":"Point"},"id":"GG2050-REPD-11500","properties":{"capacity_mw":25.0,"gg_project_id":"GG2050-REPD-11500","name":"Varley , Talbot End Farm, Cromhall - Solar Farm","operator":"RES Limited","repd_ref":"11500","repd_technology":"Solar Photovoltaics","status":"Awaiting Construction","technology":"solar"},"type":"Feature"},{"geometry":{"coordinates":[1.1656865,52.7700104],"type":"Point"},"id":"GG2050-REPD-18333","properties":{"capacity_mw":25.0,"gg_project_id":"GG2050-REPD-18333","name":"Warren Wood Energy Park - Solar Farm & Battery Energy Storage","operator":"Exagen Development Limited","repd_ref":"18333","repd_technology":"Solar Photovoltaics","status":"Application Refused","technology":"solar"},"type":"Feature"},{"geometry":{"coordinates":[-2.8730052,56.5300241],"type":"Point"},"id":"GG2050-REPD-11365","properties":{"capacity_mw":25.0,"gg_project_id":"GG2050-REPD-11365","name":"Wellbank - Solar Farm","operator":"Greentech","repd_ref":"11365","repd_technology":"Solar Photovoltaics","status":"Awaiting Construction","technology":"solar"},"type":"Feature"},{"geometry":{"coordinates":[-2.1834782,51.3474505],"type":"Point"},"id":"GG2050-REPD-9056","properties":{"capacity_mw":25.0,"gg_project_id":"GG2050-REPD-9056","name":"Whaddon Lane, Hilperton","operator":"British Solar Renewables","repd_ref":"9056","repd_technology":"Solar Photovoltaics","status":"Awaiting Construction","technology":"solar"},"type":"Feature"},{"geometry":{"coordinates":[-0.365506,52.9758852],"type":"Point"},"id":"GG2050-REPD-6530","properties":{"capacity_mw":25.0,"gg_project_id":"GG2050-REPD-6530","name":"White Cross Lane","operator":"Nextpower SPV 5 Limited","repd_ref":"6530","repd_technology":"Solar Photovoltaics","status":"Under Construction","technology":"solar"},"type":"Feature"},{"geometry":{"coordinates":[-2.1605784,52.0580375],"type":"Point"},"id":"GG2050-REPD-14304","properties":{"capacity_mw":24.995,"gg_project_id":"GG2050-REPD-14304","name":"Home Farm","operator":"Canadian Solar / Novergy","repd_ref":"14304","repd_technology":"Solar Photovoltaics","status":"Awaiting Construction","technology":"solar"},"type":"Feature"},{"geometry":{"coordinates":[-2.1610886,52.0498553],"type":"Point"},"id":"GG2050-REPD-7557","properties":{"capacity_mw":24.995,"gg_project_id":"GG2050-REPD-7557","name":"Home Farm","operator":"Canadian Solar / Novergy","repd_ref":"7557","repd_technology":"Solar Photovoltaics","status":"Awaiting Construction","technology":"solar"},"type":"Feature"},{"geometry":{"coordinates":[0.0786126,52.6870888],"type":"Point"},"id":"GG2050-REPD-16265","properties":{"capacity_mw":24.95,"gg_project_id":"GG2050-REPD-16265","name":"Tydd Solar Farm","operator":"Pathfinder Clean Energy UK Dev Limited","repd_ref":"16265","repd_technology":"Solar Photovoltaics","status":"Application Refused","technology":"solar"},"type":"Feature"},{"geometry":{"coordinates":[0.0780586,52.6875751],"type":"Point"},"id":"GG2050-REPD-16510","properties":{"capacity_mw":24.95,"gg_project_id":"GG2050-REPD-16510","name":"Tydd Solar Farm","operator":"Pathfinder Clean Energy UK Dev Limited","repd_ref":"16510","repd_technology":"Solar Photovoltaics","status":"Application Refused","technology":"solar"},"type":"Feature"},{"geometry":{"coordinates":[0.6060262,51.8640459],"type":"Point"},"id":"GG2050-REPD-11235","properties":{"capacity_mw":24.9,"gg_project_id":"GG2050-REPD-11235","name":"Cressing East - Solar Farm","operator":"EDF Energy Renewables","repd_ref":"11235","repd_technology":"Solar Photovoltaics","status":"Awaiting Construction","technology":"solar"},"type":"Feature"},{"geometry":{"coordinates":[-0.1981632,52.3787139],"type":"Point"},"id":"GG2050-REPD-1766","properties":{"capacity_mw":24.7,"gg_project_id":"GG2050-REPD-1766","name":"Abbots Ripton Solar Farm","operator":"Octopus Investment","repd_ref":"1766","repd_technology":"Solar Photovoltaics","status":"Operational","technology":"solar"},"type":"Feature"},{"geometry":{"coordinates":[-0.5230605,51.934821],"type":"Point"},"id":"GG2050-REPD-2254","properties":{"capacity_mw":24.6,"gg_project_id":"GG2050-REPD-2254","name":"Chalgrave Manor","operator":"R C Upchurch & Partners","repd_ref":"2254","repd_technology":"Solar Photovoltaics","status":"Abandoned","technology":"solar"},"type":"Feature"},{"geometry":{"coordinates":[0.5465099,51.6195488],"type":"Point"},"id":"GG2050-REPD-13677","properties":{"capacity_mw":24.6,"gg_project_id":"GG2050-REPD-13677","name":"Southlands Solar Farm & Battery Storage","operator":"Enso Green Holdings Limited / Cero Generation","repd_ref":"13677","repd_technology":"Solar Photovoltaics","status":"Awaiting Construction","technology":"solar"},"type":"Feature"},{"geometry":{"coordinates":[-2.4849895,51.3910088],"type":"Point"},"id":"GG2050-REPD-16791","properties":{"capacity_mw":24.5,"gg_project_id":"GG2050-REPD-16791","name":"Gypsy Lane, Burnett - Solar PV Arrays","operator":"Conrad Energy (Developments) Limited","repd_ref":"16791","repd_technology":"Solar Photovoltaics","status":"Application Refused","technology":"solar"},"type":"Feature"},{"geometry":{"coordinates":[-2.947003,51.3739058],"type":"Point"},"id":"GG2050-REPD-13293","properties":{"capacity_mw":24.5,"gg_project_id":"GG2050-REPD-13293","name":"Sandbay, Elmsley Lane, Kewstoke - Solar Farm","operator":"Solar Southwest","repd_ref":"13293","repd_technology":"Solar Photovoltaics","status":"Awaiting Construction","technology":"solar"},"type":"Feature"},{"geometry":{"coordinates":[-0.7338488,51.8105876],"type":"Point"},"id":"GG2050-REPD-2239","properties":{"capacity_mw":24.2,"gg_project_id":"GG2050-REPD-2239","name":"Gib Lane (Aston Clinton solar park)","operator":"CEE","repd_ref":"2239","repd_technology":"Solar Photovoltaics","status":"Operational","technology":"solar"},"type":"Feature"},{"geometry":{"coordinates":[-0.8154599,51.7828451],"type":"Point"},"id":"GG2050-REPD-9478","properties":{"capacity_mw":24.06,"gg_project_id":"GG2050-REPD-9478","name":"Moat Farm - Solar Farm","operator":"Anesco Limited","repd_ref":"9478","repd_technology":"Solar Photovoltaics","status":"Awaiting Construction","technology":"solar"},"type":"Feature"},{"geometry":{"coordinates":[-1.2774797,51.6401409],"type":"Point"},"id":"GG2050-REPD-9083","properties":{"capacity_mw":24.0,"gg_project_id":"GG2050-REPD-9083","name":"Appleford Sidings, Sutton Courtenay - Solar Photovoltaic Array","operator":"Infinis Solar Developments Limited","repd_ref":"9083","repd_technology":"Solar Photovoltaics","status":"Application Submitted","technology":"solar"},"type":"Feature"},{"geometry":{"coordinates":[0.0020191,52.079566],"type":"Point"},"id":"GG2050-REPD-2372","properties":{"capacity_mw":24.0,"gg_project_id":"GG2050-REPD-2372","name":"Bury Lane Fruit Farm","operator":"Vortex (formerly Sun Edison)","repd_ref":"2372","repd_technology":"Solar Photovoltaics","status":"Operational","technology":"solar"},"type":"Feature"},{"geometry":{"coordinates":[1.337011,51.1549942],"type":"Point"},"id":"GG2050-REPD-7911","properties":{"capacity_mw":24.0,"gg_project_id":"GG2050-REPD-7911","name":"Chalk Pit Solar Farm","operator":"Greentech Services","repd_ref":"7911","repd_technology":"Solar Photovoltaics","status":"Under Construction","technology":"solar"},"type":"Feature"},{"geometry":{"coordinates":[-2.4768635,51.5478013],"type":"Point"},"id":"GG2050-REPD-8486","properties":{"capacity_mw":24.0,"gg_project_id":"GG2050-REPD-8486","name":"Elm Farm solar farm and Battery storage","operator":"Enso Energy Limited","repd_ref":"8486","repd_technology":"Solar Photovoltaics","status":"Application Refused","technology":"solar"},"type":"Feature"},{"geometry":{"coordinates":[1.2207882,52.5442566],"type":"Point"},"id":"GG2050-REPD-14307","properties":{"capacity_mw":24.0,"gg_project_id":"GG2050-REPD-14307","name":"Flordon Road, Bracon Ash - Solar Panels & Battery Storage","operator":"Ralos Projects Limited","repd_ref":"14307","repd_technology":"Solar Photovoltaics","status":"Awaiting Construction","technology":"solar"},"type":"Feature"},{"geometry":{"coordinates":[-2.9778542,51.1614745],"type":"Point"},"id":"GG2050-REPD-10088","properties":{"capacity_mw":24.0,"gg_project_id":"GG2050-REPD-10088","name":"Horsey Levels - Solar Farm","operator":"Enviromena Asset Management UK Limited","repd_ref":"10088","repd_technology":"Solar Photovoltaics","status":"Operational","technology":"solar"},"type":"Feature"},{"geometry":{"coordinates":[-2.1480647,50.7919126],"type":"Point"},"id":"GG2050-REPD-1334","properties":{"capacity_mw":24.0,"gg_project_id":"GG2050-REPD-1334","name":"Mapperton Farm","operator":"Good Energy Generation","repd_ref":"1334","repd_technology":"Solar Photovoltaics","status":"Application Withdrawn","technology":"solar"},"type":"Feature"},{"geometry":{"coordinates":[0.6628093,52.0781578],"type":"Point"},"id":"GG2050-REPD-7666","properties":{"capacity_mw":24.0,"gg_project_id":"GG2050-REPD-7666","name":"Pentlow Hill","operator":"Nextpower SPV 11 Limited","repd_ref":"7666","repd_technology":"Solar Photovoltaics","status":"Operational","technology":"solar"},"type":"Feature"},{"geometry":{"coordinates":[-1.0571659,52.0707774],"type":"Point"},"id":"GG2050-REPD-17832","properties":{"capacity_mw":24.0,"gg_project_id":"GG2050-REPD-17832","name":"Primrose Hill Farm, Oxford Road - Solar Farm","operator":"Mespil Solar Energy","repd_ref":"17832","repd_technology":"Solar Photovoltaics","status":"Application Submitted","technology":"solar"},"type":"Feature"},{"geometry":{"coordinates":[-2.6426019,50.8087694],"type":"Point"},"id":"GG2050-REPD-1866","properties":{"capacity_mw":24.0,"gg_project_id":"GG2050-REPD-1866","name":"Rampisham Down Transmitting Station","operator":"Higher Hill Farm Partnership","repd_ref":"1866","repd_technology":"Solar Photovoltaics","status":"Application Withdrawn","technology":"solar"},"type":"Feature"},{"geometry":{"coordinates":[-0.550347,52.9314628],"type":"Point"},"id":"GG2050-REPD-13592","properties":{"capacity_mw":24.0,"gg_project_id":"GG2050-REPD-13592","name":"Side Barn, Church Lane - Solar Farm","operator":"PS Renewables Limited","repd_ref":"13592","repd_technology":"Solar Photovoltaics","status":"Awaiting Construction","technology":"solar"},"type":"Feature"},{"geometry":{"coordinates":[0.2181753,52.3289926],"type":"Point"},"id":"GG2050-REPD-2065","properties":{"capacity_mw":24.0,"gg_project_id":"GG2050-REPD-2065","name":"Stowbridge Farm","operator":"Magnetar Solar","repd_ref":"2065","repd_technology":"Solar Photovoltaics","status":"Operational","technology":"solar"},"type":"Feature"},{"geometry":{"coordinates":[-5.0407401,51.7490917],"type":"Point"},"id":"GG2050-REPD-2074","properties":{"capacity_mw":24.0,"gg_project_id":"GG2050-REPD-2074","name":"Tiers Cross Solar Farm","operator":"Good Energy Generation","repd_ref":"2074","repd_technology":"Solar Photovoltaics","status":"Operational","technology":"solar"},"type":"Feature"},{"geometry":{"coordinates":[-0.0597169,51.8121511],"type":"Point"},"id":"GG2050-REPD-16728","properties":{"capacity_mw":24.0,"gg_project_id":"GG2050-REPD-16728","name":"Ware Solar Park - Solar Farm & Battery Energy Storage","operator":"The Farm Energy Company","repd_ref":"16728","repd_technology":"Solar Photovoltaics","status":"Awaiting Construction","technology":"solar"},"type":"Feature"},{"geometry":{"coordinates":[-0.556166,54.1985987],"type":"Point"},"id":"GG2050-REPD-16155","properties":{"capacity_mw":23.5,"gg_project_id":"GG2050-REPD-16155","name":"Carr House Farm, East Heslerton - Solar Farm","operator":"Renewable Connections Developments Limited","repd_ref":"16155","repd_technology":"Solar Photovoltaics","status":"Awaiting Construction","technology":"solar"},"type":"Feature"},{"geometry":{"coordinates":[-1.3449936,52.5831901],"type":"Point"},"id":"GG2050-REPD-6644","properties":{"capacity_mw":23.5,"gg_project_id":"GG2050-REPD-6644","name":"Kirkby Road","operator":"Next Power SPV 7 / Intelligent Alternatives","repd_ref":"6644","repd_technology":"Solar Photovoltaics","status":"Awaiting Construction","technology":"solar"},"type":"Feature"},{"geometry":{"coordinates":[-1.6374605,54.356907],"type":"Point"},"id":"GG2050-REPD-19653","properties":{"capacity_mw":23.5,"gg_project_id":"GG2050-REPD-19653","name":"Tunstall & East Appleton Solar Farm - Solar Farm","operator":"Enviromena","repd_ref":"19653","repd_technology":"Solar Photovoltaics","status":"Application Submitted","technology":"solar"},"type":"Feature"},{"geometry":{"coordinates":[0.3635117,51.475728],"type":"Point"},"id":"GG2050-REPD-4886","properties":{"capacity_mw":23.2,"gg_project_id":"GG2050-REPD-4886","name":"The Place Solar Farm","operator":"Be Renewables","repd_ref":"4886","repd_technology":"Solar Photovoltaics","status":"Application Refused","technology":"solar"},"type":"Feature"},{"geometry":{"coordinates":[-1.6565281,52.361047],"type":"Point"},"id":"GG2050-REPD-12390","properties":{"capacity_mw":23.1,"gg_project_id":"GG2050-REPD-12390","name":"Honiley Road - Solar Farm & Battery Storage","operator":"Enso Green Holdings Limited","repd_ref":"12390","repd_technology":"Solar Photovoltaics","status":"Awaiting Construction","technology":"solar"},"type":"Feature"},{"geometry":{"coordinates":[-1.9216967,51.7108579],"type":"Point"},"id":"GG2050-REPD-5276","properties":{"capacity_mw":23.0,"gg_project_id":"GG2050-REPD-5276","name":"Cirencester Solar Farm","operator":"Warrington Borough Council / Statkraft","repd_ref":"5276","repd_technology":"Solar Photovoltaics","status":"Operational","technology":"solar"},"type":"Feature"},{"geometry":{"coordinates":[-0.6787727,52.9490969],"type":"Point"},"id":"GG2050-REPD-19165","properties":{"capacity_mw":23.0,"gg_project_id":"GG2050-REPD-19165","name":"Green Lane & Cliff Lane, Gonerby Moor - Solar Farm","operator":"Lightsource BP","repd_ref":"19165","repd_technology":"Solar Photovoltaics","status":"Awaiting Construction","technology":"solar"},"type":"Feature"},{"geometry":{"coordinates":[-1.8114565,50.8901699],"type":"Point"},"id":"GG2050-REPD-8094","properties":{"capacity_mw":23.0,"gg_project_id":"GG2050-REPD-8094","name":"Hamer Warren Solar Farm","operator":"Somerley Estate","repd_ref":"8094","repd_technology":"Solar Photovoltaics","status":"Under Construction","technology":"solar"},"type":"Feature"},{"geometry":{"coordinates":[-2.271461,52.6172223],"type":"Point"},"id":"GG2050-REPD-11799","properties":{"capacity_mw":23.0,"gg_project_id":"GG2050-REPD-11799","name":"Pepperhill Solar Farm - Solar Farm & Battery Storage","operator":"Low Carbon","repd_ref":"11799","repd_technology":"Solar Photovoltaics","status":"Operational","technology":"solar"},"type":"Feature"},{"geometry":{"coordinates":[-1.2624071,51.3446358],"type":"Point"},"id":"GG2050-REPD-15524","properties":{"capacity_mw":23.0,"gg_project_id":"GG2050-REPD-15524","name":"Strattons Farm, Newbury Road - Solar PV Farm","operator":"Anglo Renewables (AR Kingsclere Limited)","repd_ref":"15524","repd_technology":"Solar Photovoltaics","status":"Application Submitted","technology":"solar"},"type":"Feature"},{"geometry":{"coordinates":[-2.0205188,51.5214446],"type":"Point"},"id":"GG2050-REPD-14171","properties":{"capacity_mw":23.0,"gg_project_id":"GG2050-REPD-14171","name":"Swallett Energy Park","operator":"Exagen","repd_ref":"14171","repd_technology":"Solar Photovoltaics","status":"Awaiting Construction","technology":"solar"},"type":"Feature"},{"geometry":{"coordinates":[-2.7443116,53.8979141],"type":"Point"},"id":"GG2050-REPD-14397","properties":{"capacity_mw":23.0,"gg_project_id":"GG2050-REPD-14397","name":"Turners Lane, Barnacre - Solar Farm","operator":"Noventum Power Limited","repd_ref":"14397","repd_technology":"Solar Photovoltaics","status":"Awaiting Construction","technology":"solar"},"type":"Feature"},{"geometry":{"coordinates":[0.1918098,53.1475057],"type":"Point"},"id":"GG2050-REPD-1694","properties":{"capacity_mw":22.6,"gg_project_id":"GG2050-REPD-1694","name":"Bicker Fen (previously Manor Farm)","operator":"Innova Renewables Limited","repd_ref":"1694","repd_technology":"Solar Photovoltaics","status":"Operational","technology":"solar"},"type":"Feature"},{"geometry":{"coordinates":[-1.6097106,51.1996767],"type":"Point"},"id":"GG2050-REPD-10146","properties":{"capacity_mw":22.5,"gg_project_id":"GG2050-REPD-10146","name":"Cholderton Road, Quarley - Solar Farm","operator":"Novus Renewable Services Limited","repd_ref":"10146","repd_technology":"Solar Photovoltaics","status":"Revised","technology":"solar"},"type":"Feature"},{"geometry":{"coordinates":[-1.6097106,51.1996767],"type":"Point"},"id":"GG2050-REPD-16538","properties":{"capacity_mw":22.5,"gg_project_id":"GG2050-REPD-16538","name":"Cholderton Road, Quarley - Solar Farm","operator":"Innova Renewables","repd_ref":"16538","repd_technology":"Solar Photovoltaics","status":"Awaiting Construction","technology":"solar"},"type":"Feature"},{"geometry":{"coordinates":[-2.1219523,52.6735397],"type":"Point"},"id":"GG2050-REPD-13653","properties":{"capacity_mw":22.5,"gg_project_id":"GG2050-REPD-13653","name":"Four Ashes, Deepmore Lane - Solar Farm","operator":"Renewable Connections","repd_ref":"13653","repd_technology":"Solar Photovoltaics","status":"Awaiting Construction","technology":"solar"},"type":"Feature"},{"geometry":{"coordinates":[1.1170391,51.8319288],"type":"Point"},"id":"GG2050-REPD-9440","properties":{"capacity_mw":22.5,"gg_project_id":"GG2050-REPD-9440","name":"Hartley Wood Farm - Solar Farm","operator":"Bluefield Renewable Developments Limited/Anglo Renewables","repd_ref":"9440","repd_technology":"Solar Photovoltaics","status":"Awaiting Construction","technology":"solar"},"type":"Feature"},{"geometry":{"coordinates":[-1.0214829,52.7721949],"type":"Point"},"id":"GG2050-REPD-11153","properties":{"capacity_mw":22.5,"gg_project_id":"GG2050-REPD-11153","name":"Old Hall Solar farm","operator":"Renewable Connections","repd_ref":"11153","repd_technology":"Solar Photovoltaics","status":"Awaiting Construction","technology":"solar"},"type":"Feature"},{"geometry":{"coordinates":[0.6447448,51.8379285],"type":"Point"},"id":"GG2050-REPD-10530","properties":{"capacity_mw":22.5,"gg_project_id":"GG2050-REPD-10530","name":"Park Road - Solar Farm","operator":"Novus Renewable Services Limited","repd_ref":"10530","repd_technology":"Solar Photovoltaics","status":"Awaiting Construction","technology":"solar"},"type":"Feature"},{"geometry":{"coordinates":[-1.6101694,53.6389909],"type":"Point"},"id":"GG2050-REPD-12776","properties":{"capacity_mw":22.4,"gg_project_id":"GG2050-REPD-12776","name":"New Hall Farm, New Hall Lane - Solar Farm","operator":"Downing Energy Development Company Limited","repd_ref":"12776","repd_technology":"Solar Photovoltaics","status":"Awaiting Construction","technology":"solar"},"type":"Feature"},{"geometry":{"coordinates":[-4.8713322,51.6927743],"type":"Point"},"id":"GG2050-REPD-7703","properties":{"capacity_mw":22.0,"gg_project_id":"GG2050-REPD-7703","name":"Blackberry Lane","operator":"Wessex Solar Energy","repd_ref":"7703","repd_technology":"Solar Photovoltaics","status":"Revised","technology":"solar"},"type":"Feature"},{"geometry":{"coordinates":[-0.428657,53.2438637],"type":"Point"},"id":"GG2050-REPD-5118","properties":{"capacity_mw":22.0,"gg_project_id":"GG2050-REPD-5118","name":"Fiskerton Airfield (Phase 2)","operator":"Lark Energy","repd_ref":"5118","repd_technology":"Solar Photovoltaics","status":"Operational","technology":"solar"},"type":"Feature"},{"geometry":{"coordinates":[-0.9007053,51.9625904],"type":"Point"},"id":"GG2050-REPD-7958","properties":{"capacity_mw":22.0,"gg_project_id":"GG2050-REPD-7958","name":"Fox Covert Solar Farm","operator":"Low Carbon","repd_ref":"7958","repd_technology":"Solar Photovoltaics","status":"Operational","technology":"solar"},"type":"Feature"},{"geometry":{"coordinates":[-0.181693,52.5301965],"type":"Point"},"id":"GG2050-REPD-8477","properties":{"capacity_mw":22.0,"gg_project_id":"GG2050-REPD-8477","name":"Haddon Solar park","operator":"Wessex Solar Energy","repd_ref":"8477","repd_technology":"Solar Photovoltaics","status":"Application Refused","technology":"solar"},"type":"Feature"},{"geometry":{"coordinates":[-0.9467754,51.2871744],"type":"Point"},"id":"GG2050-REPD-18642","properties":{"capacity_mw":22.0,"gg_project_id":"GG2050-REPD-18642","name":"Holt Lane Solar Park","operator":"Wessex Solar Energy","repd_ref":"18642","repd_technology":"Solar Photovoltaics","status":"Application Submitted","technology":"solar"},"type":"Feature"},{"geometry":{"coordinates":[-2.4042993,52.6375557],"type":"Point"},"id":"GG2050-REPD-11202","properties":{"capacity_mw":22.0,"gg_project_id":"GG2050-REPD-11202","name":"Kemberton - Solar Farm","operator":"Vattenfall","repd_ref":"11202","repd_technology":"Solar Photovoltaics","status":"Awaiting Construction","technology":"solar"},"type":"Feature"},{"geometry":{"coordinates":[-3.9151963,50.7885632],"type":"Point"},"id":"GG2050-REPD-4720","properties":{"capacity_mw":22.0,"gg_project_id":"GG2050-REPD-4720","name":"Land Adjacent to Taw Valley Creamery","operator":"Kinetica Energy","repd_ref":"4720","repd_technology":"Solar Photovoltaics","status":"Application Refused","technology":"solar"},"type":"Feature"},{"geometry":{"coordinates":[-3.2626059,56.5124437],"type":"Point"},"id":"GG2050-REPD-15689","properties":{"capacity_mw":22.0,"gg_project_id":"GG2050-REPD-15689","name":"Mill Of Peattie Farm, Kinnochtry Coupar - Solar Farm","operator":"Greentech","repd_ref":"15689","repd_technology":"Solar Photovoltaics","status":"Application Refused","technology":"solar"},"type":"Feature"},{"geometry":{"coordinates":[-1.9102288,52.0719498],"type":"Point"},"id":"GG2050-REPD-2175","properties":{"capacity_mw":22.0,"gg_project_id":"GG2050-REPD-2175","name":"Mount Farm","operator":"INRG (Solar Park) 14","repd_ref":"2175","repd_technology":"Solar Photovoltaics","status":"Operational","technology":"solar"},"type":"Feature"},{"geometry":{"coordinates":[-2.4266734,51.5196536],"type":"Point"},"id":"GG2050-REPD-17083","properties":{"capacity_mw":22.0,"gg_project_id":"GG2050-REPD-17083","name":"Mousewell Farm, Besom Lane - Solar Farm","operator":"RWE Renewables UK Limited","repd_ref":"17083","repd_technology":"Solar Photovoltaics","status":"Application Submitted","technology":"solar"},"type":"Feature"},{"geometry":{"coordinates":[-0.5459662,51.7105038],"type":"Point"},"id":"GG2050-REPD-17107","properties":{"capacity_mw":22.0,"gg_project_id":"GG2050-REPD-17107","name":"Pudds Cross Farm, Pudds Cross - Solar Panels & Battery Energy Storage","operator":"BSR Energy","repd_ref":"17107","repd_technology":"Solar Photovoltaics","status":"Awaiting Construction","technology":"solar"},"type":"Feature"},{"geometry":{"coordinates":[0.7807834,51.3550637],"type":"Point"},"id":"GG2050-REPD-1924","properties":{"capacity_mw":22.0,"gg_project_id":"GG2050-REPD-1924","name":"Tonge Corner Farm","operator":"Martifer Solar (Voltalia)","repd_ref":"1924","repd_technology":"Solar Photovoltaics","status":"Operational","technology":"solar"},"type":"Feature"},{"geometry":{"coordinates":[-2.5399172,53.2582962],"type":"Point"},"id":"GG2050-REPD-14887","properties":{"capacity_mw":22.0,"gg_project_id":"GG2050-REPD-14887","name":"Wallerscote Limebeds - Solar Pv Park","operator":"Infinis Solar Developments Limited / Green Earth Developments","repd_ref":"14887","repd_technology":"Solar Photovoltaics","status":"Awaiting Construction","technology":"solar"},"type":"Feature"},{"geometry":{"coordinates":[-5.7686867,54.7442895],"type":"Point"},"id":"GG2050-REPD-5184","properties":{"capacity_mw":21.8,"gg_project_id":"GG2050-REPD-5184","name":"Land at Dobbs Estate","operator":"Lightsource Renewable Energy","repd_ref":"5184","repd_technology":"Solar Photovoltaics","status":"Abandoned","technology":"solar"},"type":"Feature"},{"geometry":{"coordinates":[-0.8087399,51.4598396],"type":"Point"},"id":"GG2050-REPD-12583","properties":{"capacity_mw":21.505,"gg_project_id":"GG2050-REPD-12583","name":"Billingbear Solar Farm","operator":"WT Energy Limited","repd_ref":"12583","repd_technology":"Solar Photovoltaics","status":"Awaiting Construction","technology":"solar"},"type":"Feature"},{"geometry":{"coordinates":[-1.3312378,52.6481912],"type":"Point"},"id":"GG2050-REPD-19187","properties":{"capacity_mw":21.5,"gg_project_id":"GG2050-REPD-19187","name":"Heath Road, Bagworth - Solar Farm","operator":"Renewable Connections Developments Limited","repd_ref":"19187","repd_technology":"Solar Photovoltaics","status":"Application Submitted","technology":"solar"},"type":"Feature"},{"geometry":{"coordinates":[-1.0596562,51.670456],"type":"Point"},"id":"GG2050-REPD-2333","properties":{"capacity_mw":21.3,"gg_project_id":"GG2050-REPD-2333","name":"Easington Farm (Chalgrove)","operator":"Chalgrove Solar","repd_ref":"2333","repd_technology":"Solar Photovoltaics","status":"Operational","technology":"solar"},"type":"Feature"},{"geometry":{"coordinates":[0.9368329,51.8141306],"type":"Point"},"id":"GG2050-REPD-1463","properties":{"capacity_mw":21.3,"gg_project_id":"GG2050-REPD-1463","name":"Langenhoe Solar Farm","operator":"NextEnergy Solar Fund","repd_ref":"1463","repd_technology":"Solar Photovoltaics","status":"Operational","technology":"solar"},"type":"Feature"},{"geometry":{"coordinates":[-1.5694489,52.8176266],"type":"Point"},"id":"GG2050-REPD-20067","properties":{"capacity_mw":21.09,"gg_project_id":"GG2050-REPD-20067","name":"Newton Solney - Solar Farm","operator":"Anesco Limited","repd_ref":"20067","repd_technology":"Solar Photovoltaics","status":"Application Refused","technology":"solar"},"type":"Feature"},{"geometry":{"coordinates":[-3.2307098,51.4648848],"type":"Point"},"id":"GG2050-REPD-8088","properties":{"capacity_mw":21.0,"gg_project_id":"GG2050-REPD-8088","name":"Brynwell Farm","operator":"Brynwell Farm Solar Limited","repd_ref":"8088","repd_technology":"Solar Photovoltaics","status":"Awaiting Construction","technology":"solar"},"type":"Feature"},{"geometry":{"coordinates":[-0.5366842,52.2976345],"type":"Point"},"id":"GG2050-REPD-5055","properties":{"capacity_mw":21.0,"gg_project_id":"GG2050-REPD-5055","name":"Chelveston Renewable Energy Park","operator":"Wykes Engineering","repd_ref":"5055","repd_technology":"Solar Photovoltaics","status":"Planning Permission Expired","technology":"solar"},"type":"Feature"},{"geometry":{"coordinates":[-3.5647465,50.50549],"type":"Point"},"id":"GG2050-REPD-9530","properties":{"capacity_mw":21.0,"gg_project_id":"GG2050-REPD-9530","name":"Court Barton Farm, Coffinswell - Solar Farm","operator":"Coubar Energy Limited (Windel)","repd_ref":"9530","repd_technology":"Solar Photovoltaics","status":"Awaiting Construction","technology":"solar"},"type":"Feature"},{"geometry":{"coordinates":[-2.5227461,51.5397113],"type":"Point"},"id":"GG2050-REPD-1914","properties":{"capacity_mw":21.0,"gg_project_id":"GG2050-REPD-1914","name":"Grange Farm (Avon)","operator":"Solar Power South","repd_ref":"1914","repd_technology":"Solar Photovoltaics","status":"Operational","technology":"solar"},"type":"Feature"},{"geometry":{"coordinates":[-2.063879,57.3126136],"type":"Point"},"id":"GG2050-REPD-11177","properties":{"capacity_mw":21.0,"gg_project_id":"GG2050-REPD-11177","name":"Kincraig - Solar Farm and battery storage system","operator":"Renewable Connections Developments Limited","repd_ref":"11177","repd_technology":"Solar Photovoltaics","status":"Under Construction","technology":"solar"},"type":"Feature"},{"geometry":{"coordinates":[-1.4161424,51.2364939],"type":"Point"},"id":"GG2050-REPD-10973","properties":{"capacity_mw":21.0,"gg_project_id":"GG2050-REPD-10973","name":"Lower Wyke Farm, St Mary Bourne - Solar Farm","operator":"British Solar Renewables","repd_ref":"10973","repd_technology":"Solar Photovoltaics","status":"Awaiting Construction","technology":"solar"},"type":"Feature"},{"geometry":{"coordinates":[1.382249,52.1391951],"type":"Point"},"id":"GG2050-REPD-9087","properties":{"capacity_mw":21.0,"gg_project_id":"GG2050-REPD-9087","name":"Park Farm - Solar Panels","operator":"British Solar Renewables","repd_ref":"9087","repd_technology":"Solar Photovoltaics","status":"Awaiting Construction","technology":"solar"},"type":"Feature"},{"geometry":{"coordinates":[0.6255214,51.6895569],"type":"Point"},"id":"GG2050-REPD-16390","properties":{"capacity_mw":21.0,"gg_project_id":"GG2050-REPD-16390","name":"Prentice’s Farm- Solar Farm","operator":"Anglo Renewables","repd_ref":"16390","repd_technology":"Solar Photovoltaics","status":"Awaiting Construction","technology":"solar"},"type":"Feature"},{"geometry":{"coordinates":[0.5527719,52.8815068],"type":"Point"},"id":"GG2050-REPD-11205","properties":{"capacity_mw":21.0,"gg_project_id":"GG2050-REPD-11205","name":"Sedgeford Hall Estate - Solar Panels & Battery Storage","operator":"Regener8 Power","repd_ref":"11205","repd_technology":"Solar Photovoltaics","status":"Awaiting Construction","technology":"solar"},"type":"Feature"},{"geometry":{"coordinates":[-2.2767613,52.2462263],"type":"Point"},"id":"GG2050-REPD-9133","properties":{"capacity_mw":21.0,"gg_project_id":"GG2050-REPD-9133","name":"Sinton Green Solar Farm","operator":"BRL Solar UK Limited","repd_ref":"9133","repd_technology":"Solar Photovoltaics","status":"Application Refused","technology":"solar"},"type":"Feature"},{"geometry":{"coordinates":[1.5018639,52.2487261],"type":"Point"},"id":"GG2050-REPD-9296","properties":{"capacity_mw":21.0,"gg_project_id":"GG2050-REPD-9296","name":"Town Farm - Solar panels","operator":"British Solar Renewables","repd_ref":"9296","repd_technology":"Solar Photovoltaics","status":"Awaiting Construction","technology":"solar"},"type":"Feature"},{"geometry":{"coordinates":[-0.9202038,52.0312109],"type":"Point"},"id":"GG2050-REPD-10435","properties":{"capacity_mw":21.0,"gg_project_id":"GG2050-REPD-10435","name":"Wicken Farm, Leckhampstead - Solar Farm","operator":"Opdenergy UK 2 Limited","repd_ref":"10435","repd_technology":"Solar Photovoltaics","status":"Awaiting Construction","technology":"solar"},"type":"Feature"},{"geometry":{"coordinates":[0.6110336,52.2887573],"type":"Point"},"id":"GG2050-REPD-1338","properties":{"capacity_mw":20.9,"gg_project_id":"GG2050-REPD-1338","name":"Lackford Estate Solar Park","operator":"Lackford Estate Solar Park Ltd","repd_ref":"1338","repd_technology":"Solar Photovoltaics","status":"Operational","technology":"solar"},"type":"Feature"},{"geometry":{"coordinates":[-1.715248,52.1280293],"type":"Point"},"id":"GG2050-REPD-5421","properties":{"capacity_mw":20.7,"gg_project_id":"GG2050-REPD-5421","name":"Land at Radbrook Pastures","operator":"TGC Renewables/NESF","repd_ref":"5421","repd_technology":"Solar Photovoltaics","status":"Planning Permission Expired","technology":"solar"},"type":"Feature"},{"geometry":{"coordinates":[-2.5763961,52.0918541],"type":"Point"},"id":"GG2050-REPD-16355","properties":{"capacity_mw":20.6,"gg_project_id":"GG2050-REPD-16355","name":"Frome Valley - Solar Farm","operator":"Anesco","repd_ref":"16355","repd_technology":"Solar Photovoltaics","status":"Awaiting Construction","technology":"solar"},"type":"Feature"},{"geometry":{"coordinates":[-0.7982229,52.4487684],"type":"Point"},"id":"GG2050-REPD-2188","properties":{"capacity_mw":20.5,"gg_project_id":"GG2050-REPD-2188","name":"Gaultney Solar Park","operator":"United Photovoltaics","repd_ref":"2188","repd_technology":"Solar Photovoltaics","status":"Operational","technology":"solar"},"type":"Feature"},{"geometry":{"coordinates":[-3.2971276,56.5320972],"type":"Point"},"id":"GG2050-REPD-11622","properties":{"capacity_mw":20.5,"gg_project_id":"GG2050-REPD-11622","name":"Mains Of Keithick Farm, Keithick - Battery Storage & Solar Farm","operator":"EcoDev Group Limited","repd_ref":"11622","repd_technology":"Solar Photovoltaics","status":"Awaiting Construction","technology":"solar"},"type":"Feature"},{"geometry":{"coordinates":[-1.1961179,50.8313248],"type":"Point"},"id":"GG2050-REPD-1362","properties":{"capacity_mw":20.5,"gg_project_id":"GG2050-REPD-1362","name":"Newlands Farm Solar","operator":"Sunsave 10 (FAREHAM) / Vogt Solar","repd_ref":"1362","repd_technology":"Solar Photovoltaics","status":"Operational","technology":"solar"},"type":"Feature"},{"geometry":{"coordinates":[-1.8829747,50.8652374],"type":"Point"},"id":"GG2050-REPD-2109","properties":{"capacity_mw":20.4,"gg_project_id":"GG2050-REPD-2109","name":"Verwood Solar Farm","operator":"Foresight","repd_ref":"2109","repd_technology":"Solar Photovoltaics","status":"Operational","technology":"solar"},"type":"Feature"},{"geometry":{"coordinates":[-0.5863509,51.9135149],"type":"Point"},"id":"GG2050-REPD-2257","properties":{"capacity_mw":20.3,"gg_project_id":"GG2050-REPD-2257","name":"Tilsworth","operator":"A Rosen Invest APS","repd_ref":"2257","repd_technology":"Solar Photovoltaics","status":"Application Withdrawn","technology":"solar"},"type":"Feature"},{"geometry":{"coordinates":[-0.6066315,53.2402875],"type":"Point"},"id":"GG2050-REPD-18918","properties":{"capacity_mw":20.2,"gg_project_id":"GG2050-REPD-18918","name":"Ferry Lane, Skellingthorpe - Solar Panels","operator":"PS Renewables Limited","repd_ref":"18918","repd_technology":"Solar Photovoltaics","status":"Awaiting Construction","technology":"solar"},"type":"Feature"},{"geometry":{"coordinates":[-0.6135746,53.5021385],"type":"Point"},"id":"GG2050-REPD-17395","properties":{"capacity_mw":20.2,"gg_project_id":"GG2050-REPD-17395","name":"Sand Lane Solar Farm","operator":"PS Renewables Limited","repd_ref":"17395","repd_technology":"Solar Photovoltaics","status":"Application Submitted","technology":"solar"},"type":"Feature"},{"geometry":{"coordinates":[-1.4034567,51.8429255],"type":"Point"},"id":"GG2050-REPD-13501","properties":{"capacity_mw":20.0,"gg_project_id":"GG2050-REPD-13501","name":"Akeman Solar Park & Battery Storage","operator":"British Solar Renewables","repd_ref":"13501","repd_technology":"Solar Photovoltaics","status":"Revised","technology":"solar"},"type":"Feature"},{"geometry":{"coordinates":[-1.4931238,51.8282768],"type":"Point"},"id":"GG2050-REPD-18339","properties":{"capacity_mw":20.0,"gg_project_id":"GG2050-REPD-18339","name":"Akeman Solar Park & Battery Storage","operator":"British Solar Renewables","repd_ref":"18339","repd_technology":"Solar Photovoltaics","status":"Application Refused","technology":"solar"},"type":"Feature"},{"geometry":{"coordinates":[-1.4931238,51.8282768],"type":"Point"},"id":"GG2050-REPD-9358","properties":{"capacity_mw":20.0,"gg_project_id":"GG2050-REPD-9358","name":"Akeman Solar Park & Battery Storage","operator":"British Solar Renewables","repd_ref":"9358","repd_technology":"Solar Photovoltaics","status":"Revised","technology":"solar"},"type":"Feature"},{"geometry":{"coordinates":[-2.6522924,53.2952808],"type":"Point"},"id":"GG2050-REPD-18374","properties":{"capacity_mw":20.0,"gg_project_id":"GG2050-REPD-18374","name":"Aston Grange, Aston - Solar Panels & Battery Energy Storage System","operator":"Innova Renewables","repd_ref":"18374","repd_technology":"Solar Photovoltaics","status":"Application Submitted","technology":"solar"},"type":"Feature"},{"geometry":{"coordinates":[-1.7430173,52.881675],"type":"Point"},"id":"GG2050-REPD-1955","properties":{"capacity_mw":20.0,"gg_project_id":"GG2050-REPD-1955","name":"Aston House Solar Farm","operator":"Solar century / Magnetar Solar","repd_ref":"1955","repd_technology":"Solar Photovoltaics","status":"Operational","technology":"solar"},"type":"Feature"},{"geometry":{"coordinates":[-0.568342,53.2623706],"type":"Point"},"id":"GG2050-REPD-1967","properties":{"capacity_mw":20.0,"gg_project_id":"GG2050-REPD-1967","name":"Birch Holt Solar Farm","operator":"AEE Renewables","repd_ref":"1967","repd_technology":"Solar Photovoltaics","status":"Appeal Refused","technology":"solar"},"type":"Feature"},{"geometry":{"coordinates":[0.9083656,51.9611018],"type":"Point"},"id":"GG2050-REPD-12993","properties":{"capacity_mw":20.0,"gg_project_id":"GG2050-REPD-12993","name":"Boxted - Solar Panels","operator":"RES Limited","repd_ref":"12993","repd_technology":"Solar Photovoltaics","status":"Application Submitted","technology":"solar"},"type":"Feature"},{"geometry":{"coordinates":[-3.792427,51.7966587],"type":"Point"},"id":"GG2050-REPD-4775","properties":{"capacity_mw":20.0,"gg_project_id":"GG2050-REPD-4775","name":"Bryn Henllys","operator":"Lightsource BP","repd_ref":"4775","repd_technology":"Solar Photovoltaics","status":"Awaiting Construction","technology":"solar"},"type":"Feature"},{"geometry":{"coordinates":[-1.4039796,51.6513078],"type":"Point"},"id":"GG2050-REPD-5278","properties":{"capacity_mw":20.0,"gg_project_id":"GG2050-REPD-5278","name":"Chadwicks Farm","operator":"Kronos Solar","repd_ref":"5278","repd_technology":"Solar Photovoltaics","status":"Appeal Refused","technology":"solar"},"type":"Feature"},{"geometry":{"coordinates":[-4.5253042,54.9743375],"type":"Point"},"id":"GG2050-REPD-17600","properties":{"capacity_mw":20.0,"gg_project_id":"GG2050-REPD-17600","name":"Challoch, Barnkirk Road - Solar Array & Battery Energy Storage","operator":"Shropshire Council","repd_ref":"17600","repd_technology":"Solar Photovoltaics","status":"Application Submitted","technology":"solar"},"type":"Feature"},{"geometry":{"coordinates":[-1.8612382,50.7917988],"type":"Point"},"id":"GG2050-REPD-2282","properties":{"capacity_mw":20.0,"gg_project_id":"GG2050-REPD-2282","name":"Chapel Lane Parley Solar Farm Phase 1","operator":"Solar Power Generation Limited","repd_ref":"2282","repd_technology":"Solar Photovoltaics","status":"Operational","technology":"solar"},"type":"Feature"},{"geometry":{"coordinates":[1.0934986,51.8044894],"type":"Point"},"id":"GG2050-REPD-18976","properties":{"capacity_mw":20.0,"gg_project_id":"GG2050-REPD-18976","name":"Clay Lane, St Osyth - Solar Farm","operator":"Lighthouse Development Consulting Limited","repd_ref":"18976","repd_technology":"Solar Photovoltaics","status":"Awaiting Construction","technology":"solar"},"type":"Feature"},{"geometry":{"coordinates":[-2.2240487,51.3315004],"type":"Point"},"id":"GG2050-REPD-2343","properties":{"capacity_mw":20.0,"gg_project_id":"GG2050-REPD-2343","name":"Cockhill Solar Farm","operator":"Next Energy Solar Fund Ltd","repd_ref":"2343","repd_technology":"Solar Photovoltaics","status":"Operational","technology":"solar"},"type":"Feature"},{"geometry":{"coordinates":[-3.8738118,51.6877706],"type":"Point"},"id":"GG2050-REPD-9777","properties":{"capacity_mw":20.0,"gg_project_id":"GG2050-REPD-9777","name":"Craig Y Perchych, Glais - Solar farm","operator":"Windel Energy","repd_ref":"9777","repd_technology":"Solar Photovoltaics","status":"Awaiting Construction","technology":"solar"},"type":"Feature"},{"geometry":{"coordinates":[-3.2473282,51.5958739],"type":"Point"},"id":"GG2050-REPD-9398","properties":{"capacity_mw":20.0,"gg_project_id":"GG2050-REPD-9398","name":"Cwm Ivor Penyrheol Solar Farm","operator":"Caerphilly County Borough Council","repd_ref":"9398","repd_technology":"Solar Photovoltaics","status":"Awaiting Construction","technology":"solar"},"type":"Feature"},{"geometry":{"coordinates":[-0.6332278,51.9522011],"type":"Point"},"id":"GG2050-REPD-20964","properties":{"capacity_mw":20.0,"gg_project_id":"GG2050-REPD-20964","name":"Eastern Way","operator":"Arnold White Estates Limited","repd_ref":"20964","repd_technology":"Solar Photovoltaics","status":"Application Submitted","technology":"solar"},"type":"Feature"},{"geometry":{"coordinates":[0.023764,52.7347648],"type":"Point"},"id":"GG2050-REPD-17790","properties":{"capacity_mw":20.0,"gg_project_id":"GG2050-REPD-17790","name":"Fendyke Farm - Solar Farm","operator":"Integrum SPV 21014 Limited","repd_ref":"17790","repd_technology":"Solar Photovoltaics","status":"Application Refused","technology":"solar"},"type":"Feature"},{"geometry":{"coordinates":[1.3610529,52.1614959],"type":"Point"},"id":"GG2050-REPD-18304","properties":{"capacity_mw":20.0,"gg_project_id":"GG2050-REPD-18304","name":"Glevering Park House, Glevering Estate - Solar Panels","operator":"Grupotec","repd_ref":"18304","repd_technology":"Solar Photovoltaics","status":"Application Submitted","technology":"solar"},"type":"Feature"},{"geometry":{"coordinates":[-0.4132555,52.9681533],"type":"Point"},"id":"GG2050-REPD-6701","properties":{"capacity_mw":20.0,"gg_project_id":"GG2050-REPD-6701","name":"Gorse Lane","operator":"Elgin Energy Esco","repd_ref":"6701","repd_technology":"Solar Photovoltaics","status":"Under Construction","technology":"solar"},"type":"Feature"},{"geometry":{"coordinates":[-0.6025796,51.9326177],"type":"Point"},"id":"GG2050-REPD-8472","properties":{"capacity_mw":20.0,"gg_project_id":"GG2050-REPD-8472","name":"Grounds Farm - Solar farm","operator":"Encavis","repd_ref":"8472","repd_technology":"Solar Photovoltaics","status":"Awaiting Construction","technology":"solar"},"type":"Feature"},{"geometry":{"coordinates":[-3.0205182,51.0202801],"type":"Point"},"id":"GG2050-REPD-10495","properties":{"capacity_mw":20.0,"gg_project_id":"GG2050-REPD-10495","name":"Ham Farm, Creech St Michael - Solar Array","operator":"Novus Renewable Services Limited","repd_ref":"10495","repd_technology":"Solar Photovoltaics","status":"Awaiting Construction","technology":"solar"},"type":"Feature"},{"geometry":{"coordinates":[-1.0210198,52.9242078],"type":"Point"},"id":"GG2050-REPD-15083","properties":{"capacity_mw":20.0,"gg_project_id":"GG2050-REPD-15083","name":"Heron Solar Farm & Battery Storage","operator":"JBM Solar Projects 38 Limited","repd_ref":"15083","repd_technology":"Solar Photovoltaics","status":"Awaiting Construction","technology":"solar"},"type":"Feature"},{"geometry":{"coordinates":[-2.3267428,51.8075776],"type":"Point"},"id":"GG2050-REPD-7458","properties":{"capacity_mw":20.0,"gg_project_id":"GG2050-REPD-7458","name":"High Green Longney Estate - Solar Farm","operator":"Elgin Energy","repd_ref":"7458","repd_technology":"Solar Photovoltaics","status":"Planning Permission Expired","technology":"solar"},"type":"Feature"},{"geometry":{"coordinates":[-2.7705774,55.0551021],"type":"Point"},"id":"GG2050-REPD-6588","properties":{"capacity_mw":20.0,"gg_project_id":"GG2050-REPD-6588","name":"High Parkfoot Farm","operator":"Elgin Energy","repd_ref":"6588","repd_technology":"Solar Photovoltaics","status":"Awaiting Construction","technology":"solar"},"type":"Feature"},{"geometry":{"coordinates":[-1.271942,52.5900096],"type":"Point"},"id":"GG2050-REPD-10161","properties":{"capacity_mw":20.0,"gg_project_id":"GG2050-REPD-10161","name":"Hill Farm - Solar Park","operator":"Hill Farm Solar Ltd","repd_ref":"10161","repd_technology":"Solar Photovoltaics","status":"Application Submitted","technology":"solar"},"type":"Feature"},{"geometry":{"coordinates":[-4.737101,54.9937366],"type":"Point"},"id":"GG2050-REPD-7851","properties":{"capacity_mw":20.0,"gg_project_id":"GG2050-REPD-7851","name":"Kilgallioch Windfarm (Extension - Solar)","operator":"Scottish Power Renewables","repd_ref":"7851","repd_technology":"Solar Photovoltaics","status":"Abandoned","technology":"solar"},"type":"Feature"},{"geometry":{"coordinates":[-4.4673008,55.3480071],"type":"Point"},"id":"GG2050-REPD-11675","properties":{"capacity_mw":20.0,"gg_project_id":"GG2050-REPD-11675","name":"Knockkippen Wind, Solar & Battery Farm","operator":"Falck Renewables / REG Windpower","repd_ref":"11675","repd_technology":"Solar Photovoltaics","status":"Awaiting Construction","technology":"solar"},"type":"Feature"},{"geometry":{"coordinates":[-4.0946644,54.9328786],"type":"Point"},"id":"GG2050-REPD-14765","properties":{"capacity_mw":20.0,"gg_project_id":"GG2050-REPD-14765","name":"Lairdmannoch Energy Park","operator":"Wind2 / Octopus Energy","repd_ref":"14765","repd_technology":"Solar Photovoltaics","status":"Application Submitted","technology":"solar"},"type":"Feature"},{"geometry":{"coordinates":[-0.6169252,51.9197136],"type":"Point"},"id":"GG2050-REPD-12613","properties":{"capacity_mw":20.0,"gg_project_id":"GG2050-REPD-12613","name":"Leighton Road & Hawthorn - Solar Panels","operator":"Econergy International Limited","repd_ref":"12613","repd_technology":"Solar Photovoltaics","status":"Awaiting Construction","technology":"solar"},"type":"Feature"},{"geometry":{"coordinates":[-0.2903891,52.7716537],"type":"Point"},"id":"GG2050-REPD-11796","properties":{"capacity_mw":20.0,"gg_project_id":"GG2050-REPD-11796","name":"Limes Farm Solar Farm & Battery Energy Storage","operator":"Downing Limited Liability Partnership","repd_ref":"11796","repd_technology":"Solar Photovoltaics","status":"Awaiting Construction","technology":"solar"},"type":"Feature"},{"geometry":{"coordinates":[-0.2397119,51.214984],"type":"Point"},"id":"GG2050-REPD-16004","properties":{"capacity_mw":20.0,"gg_project_id":"GG2050-REPD-16004","name":"Little Flanchford Farm, Flanchford Road - Solar Energy","operator":"Ilos Little Flanchford Limited","repd_ref":"16004","repd_technology":"Solar Photovoltaics","status":"Application Submitted","technology":"solar"},"type":"Feature"},{"geometry":{"coordinates":[-0.1335805,53.5332923],"type":"Point"},"id":"GG2050-REPD-5444","properties":{"capacity_mw":20.0,"gg_project_id":"GG2050-REPD-5444","name":"Low Farm Solar Array","operator":"Wirsol / Island Green Power","repd_ref":"5444","repd_technology":"Solar Photovoltaics","status":"Operational","technology":"solar"},"type":"Feature"},{"geometry":{"coordinates":[-2.7986709,53.8252462],"type":"Point"},"id":"GG2050-REPD-17004","properties":{"capacity_mw":20.0,"gg_project_id":"GG2050-REPD-17004","name":"Lower House Farm, Lewth Lane - Solar Farm","operator":"Greentech","repd_ref":"17004","repd_technology":"Solar Photovoltaics","status":"Awaiting Construction","technology":"solar"},"type":"Feature"},{"geometry":{"coordinates":[-1.3232174,52.5280129],"type":"Point"},"id":"GG2050-REPD-11885","properties":{"capacity_mw":20.0,"gg_project_id":"GG2050-REPD-11885","name":"Lychgate Lane, Aston Flamville - Solar Farm","operator":"Elgin Energy ES Co Limited","repd_ref":"11885","repd_technology":"Solar Photovoltaics","status":"Under Construction","technology":"solar"},"type":"Feature"},{"geometry":{"coordinates":[-1.3548231,53.4310799],"type":"Point"},"id":"GG2050-REPD-17103","properties":{"capacity_mw":20.0,"gg_project_id":"GG2050-REPD-17103","name":"Maltby Solar Farm","operator":"Infinis Energy Services Limited","repd_ref":"17103","repd_technology":"Solar Photovoltaics","status":"Application Submitted","technology":"solar"},"type":"Feature"},{"geometry":{"coordinates":[-0.5479526,53.2681022],"type":"Point"},"id":"GG2050-REPD-2037","properties":{"capacity_mw":20.0,"gg_project_id":"GG2050-REPD-2037","name":"Middle Street","operator":"RGE Energy UK","repd_ref":"2037","repd_technology":"Solar Photovoltaics","status":"Appeal Refused","technology":"solar"},"type":"Feature"},{"geometry":{"coordinates":[-1.8746238,51.5977435],"type":"Point"},"id":"GG2050-REPD-9849","properties":{"capacity_mw":20.0,"gg_project_id":"GG2050-REPD-9849","name":"Mopes Lane, Purton - Solar Farm","operator":"Spring Dev 08 Limited","repd_ref":"9849","repd_technology":"Solar Photovoltaics","status":"Awaiting Construction","technology":"solar"},"type":"Feature"},{"geometry":{"coordinates":[-1.5355144,52.1981063],"type":"Point"},"id":"GG2050-REPD-16517","properties":{"capacity_mw":20.0,"gg_project_id":"GG2050-REPD-16517","name":"Moreton Morrell - Solar PV","operator":"Innova Renewables Limited","repd_ref":"16517","repd_technology":"Solar Photovoltaics","status":"Awaiting Construction","technology":"solar"},"type":"Feature"},{"geometry":{"coordinates":[0.830153,52.9056922],"type":"Point"},"id":"GG2050-REPD-1170","properties":{"capacity_mw":20.0,"gg_project_id":"GG2050-REPD-1170","name":"North Creake Airfield","operator":"Solar Power Generation Limited","repd_ref":"1170","repd_technology":"Solar Photovoltaics","status":"Revised","technology":"solar"},"type":"Feature"},{"geometry":{"coordinates":[0.830153,52.9056922],"type":"Point"},"id":"GG2050-REPD-2046","properties":{"capacity_mw":20.0,"gg_project_id":"GG2050-REPD-2046","name":"North Creake Airfield","operator":"British Solar Renewables (formerly known as Solar Power Generation)","repd_ref":"2046","repd_technology":"Solar Photovoltaics","status":"Operational","technology":"solar"},"type":"Feature"},{"geometry":{"coordinates":[-3.0420444,53.5263687],"type":"Point"},"id":"GG2050-REPD-2224","properties":{"capacity_mw":20.0,"gg_project_id":"GG2050-REPD-2224","name":"Orrell Hill","operator":"Hive Energy","repd_ref":"2224","repd_technology":"Solar Photovoltaics","status":"Application Refused","technology":"solar"},"type":"Feature"},{"geometry":{"coordinates":[-1.5692319,53.686003],"type":"Point"},"id":"GG2050-REPD-19094","properties":{"capacity_mw":20.0,"gg_project_id":"GG2050-REPD-19094","name":"Owlers Farm, Wakefield Road - Solar Farm","operator":"IBE Flushdyke Limited","repd_ref":"19094","repd_technology":"Solar Photovoltaics","status":"Awaiting Construction","technology":"solar"},"type":"Feature"},{"geometry":{"coordinates":[-3.0372844,51.6244618],"type":"Point"},"id":"GG2050-REPD-10038","properties":{"capacity_mw":20.0,"gg_project_id":"GG2050-REPD-10038","name":"Pentre Bach Solar Farm","operator":"Elgin Energy EsCo Ltd","repd_ref":"10038","repd_technology":"Solar Photovoltaics","status":"Application Submitted","technology":"solar"},"type":"Feature"},{"geometry":{"coordinates":[-0.9117547,52.7897317],"type":"Point"},"id":"GG2050-REPD-16371","properties":{"capacity_mw":20.0,"gg_project_id":"GG2050-REPD-16371","name":"Potters~ Hill Solar Photovoltaic Arrays","operator":"JBM Solar Projects 39 Limited","repd_ref":"16371","repd_technology":"Solar Photovoltaics","status":"Application Submitted","technology":"solar"},"type":"Feature"},{"geometry":{"coordinates":[1.1611083,51.9148918],"type":"Point"},"id":"GG2050-REPD-8020","properties":{"capacity_mw":20.0,"gg_project_id":"GG2050-REPD-8020","name":"Primrose Hall Solar Farm","operator":"Low Carbon Limited","repd_ref":"8020","repd_technology":"Solar Photovoltaics","status":"Awaiting Construction","technology":"solar"},"type":"Feature"},{"geometry":{"coordinates":[-0.2290995,52.4177627],"type":"Point"},"id":"GG2050-REPD-9518","properties":{"capacity_mw":20.0,"gg_project_id":"GG2050-REPD-9518","name":"Red House Farm - Solar Farm","operator":"Anesco Limited","repd_ref":"9518","repd_technology":"Solar Photovoltaics","status":"Awaiting Construction","technology":"solar"},"type":"Feature"},{"geometry":{"coordinates":[-5.4852085,55.7633184],"type":"Point"},"id":"GG2050-REPD-7584","properties":{"capacity_mw":20.0,"gg_project_id":"GG2050-REPD-7584","name":"Sheirdrim Renewable Energy Development - Solar","operator":"ScottishPower Renewables","repd_ref":"7584","repd_technology":"Solar Photovoltaics","status":"Appeal Refused","technology":"solar"},"type":"Feature"},{"geometry":{"coordinates":[-1.6274591,52.2571034],"type":"Point"},"id":"GG2050-REPD-11447","properties":{"capacity_mw":20.0,"gg_project_id":"GG2050-REPD-11447","name":"Sherbourne Warwick Solar (Hampton Lodge)","operator":"Pelagic Energy Development","repd_ref":"11447","repd_technology":"Solar Photovoltaics","status":"Awaiting Construction","technology":"solar"},"type":"Feature"},{"geometry":{"coordinates":[-2.4569312,52.1436782],"type":"Point"},"id":"GG2050-REPD-12939","properties":{"capacity_mw":20.0,"gg_project_id":"GG2050-REPD-12939","name":"Sinton End Farm, Acton Beauchamp - Solar Farm","operator":"Sintons End Solar Farm Limited","repd_ref":"12939","repd_technology":"Solar Photovoltaics","status":"Application Refused","technology":"solar"},"type":"Feature"},{"geometry":{"coordinates":[-2.7571312,51.0677134],"type":"Point"},"id":"GG2050-REPD-19464","properties":{"capacity_mw":20.0,"gg_project_id":"GG2050-REPD-19464","name":"Somerton Door Farm, Somerton Door Drove - Solar farm","operator":"Sky UK Development Limited","repd_ref":"19464","repd_technology":"Solar Photovoltaics","status":"Application Submitted","technology":"solar"},"type":"Feature"},{"geometry":{"coordinates":[-1.3936485,51.0600802],"type":"Point"},"id":"GG2050-REPD-13790","properties":{"capacity_mw":20.0,"gg_project_id":"GG2050-REPD-13790","name":"South Lynch Farm - Solar Farm","operator":"Novus Renewable Services Limited","repd_ref":"13790","repd_technology":"Solar Photovoltaics","status":"Awaiting Construction","technology":"solar"},"type":"Feature"},{"geometry":{"coordinates":[-0.9023344,52.0376812],"type":"Point"},"id":"GG2050-REPD-7626","properties":{"capacity_mw":20.0,"gg_project_id":"GG2050-REPD-7626","name":"Sparrow Lodge Farm","operator":"Elgin Energy","repd_ref":"7626","repd_technology":"Solar Photovoltaics","status":"Awaiting Construction","technology":"solar"},"type":"Feature"},{"geometry":{"coordinates":[-3.1996031,57.6824023],"type":"Point"},"id":"GG2050-REPD-6416","properties":{"capacity_mw":20.0,"gg_project_id":"GG2050-REPD-6416","name":"Speyslaw Solar Farm","operator":"Elgin Energy","repd_ref":"6416","repd_technology":"Solar Photovoltaics","status":"Awaiting Construction","technology":"solar"},"type":"Feature"},{"geometry":{"coordinates":[1.1878867,52.4342487],"type":"Point"},"id":"GG2050-REPD-16035","properties":{"capacity_mw":20.0,"gg_project_id":"GG2050-REPD-16035","name":"Station Road, Tivetshall St Margaret - Solar PV Panels","operator":"Pathfinder Clean Energy UK Dev Limited","repd_ref":"16035","repd_technology":"Solar Photovoltaics","status":"Awaiting Construction","technology":"solar"},"type":"Feature"},{"geometry":{"coordinates":[0.2867432,50.7890104],"type":"Point"},"id":"GG2050-REPD-14402","properties":{"capacity_mw":20.0,"gg_project_id":"GG2050-REPD-14402","name":"Suncoast Solar Farm","operator":"Low Carbon Solar Park 20 Limited","repd_ref":"14402","repd_technology":"Solar Photovoltaics","status":"Awaiting Construction","technology":"solar"},"type":"Feature"},{"geometry":{"coordinates":[-2.7079611,52.734892],"type":"Point"},"id":"GG2050-REPD-2158","properties":{"capacity_mw":20.0,"gg_project_id":"GG2050-REPD-2158","name":"Sundorne Grove","operator":"Elgin Energy EsCo","repd_ref":"2158","repd_technology":"Solar Photovoltaics","status":"Operational","technology":"solar"},"type":"Feature"},{"geometry":{"coordinates":[-1.248203,50.7171043],"type":"Point"},"id":"GG2050-REPD-12414","properties":{"capacity_mw":20.0,"gg_project_id":"GG2050-REPD-12414","name":"Sunny Oaks Renewable Energy Park","operator":"Ridge Clean Energy Limited","repd_ref":"12414","repd_technology":"Solar Photovoltaics","status":"Awaiting Construction","technology":"solar"},"type":"Feature"},{"geometry":{"coordinates":[-1.1658899,52.411296],"type":"Point"},"id":"GG2050-REPD-6720","properties":{"capacity_mw":20.0,"gg_project_id":"GG2050-REPD-6720","name":"Swinford Wind Farm","operator":"Vattenfall","repd_ref":"6720","repd_technology":"Solar Photovoltaics","status":"Under Construction","technology":"solar"},"type":"Feature"},{"geometry":{"coordinates":[0.8762505,50.9924242],"type":"Point"},"id":"GG2050-REPD-1775","properties":{"capacity_mw":20.0,"gg_project_id":"GG2050-REPD-1775","name":"Sycamore Farm","operator":"BNRG Renewables","repd_ref":"1775","repd_technology":"Solar Photovoltaics","status":"Operational","technology":"solar"},"type":"Feature"},{"geometry":{"coordinates":[1.0891934,51.3511902],"type":"Point"},"id":"GG2050-REPD-7411","properties":{"capacity_mw":20.0,"gg_project_id":"GG2050-REPD-7411","name":"Thanet Way, Herne Bay Solar Farm","operator":"Vattenfall","repd_ref":"7411","repd_technology":"Solar Photovoltaics","status":"Planning Permission Expired","technology":"solar"},"type":"Feature"},{"geometry":{"coordinates":[-1.4668655,54.9206289],"type":"Point"},"id":"GG2050-REPD-9841","properties":{"capacity_mw":20.0,"gg_project_id":"GG2050-REPD-9841","name":"Washington Road - Solar Farm","operator":"Engerera Renewables Limited","repd_ref":"9841","repd_technology":"Solar Photovoltaics","status":"Awaiting Construction","technology":"solar"},"type":"Feature"},{"geometry":{"coordinates":[0.2722518,51.3510346],"type":"Point"},"id":"GG2050-REPD-1245","properties":{"capacity_mw":20.0,"gg_project_id":"GG2050-REPD-1245","name":"West Kingdown","operator":"Hive Energy","repd_ref":"1245","repd_technology":"Solar Photovoltaics","status":"Application Withdrawn","technology":"solar"},"type":"Feature"},{"geometry":{"coordinates":[0.1270076,51.8878385],"type":"Point"},"id":"GG2050-REPD-15880","properties":{"capacity_mw":20.0,"gg_project_id":"GG2050-REPD-15880","name":"Wickham Hall Estate Solar Photovoltaic Farm","operator":"Endurance Energy Wickham Hall Limited","repd_ref":"15880","repd_technology":"Solar Photovoltaics","status":"Awaiting Construction","technology":"solar"},"type":"Feature"},{"geometry":{"coordinates":[-0.4886888,51.0482776],"type":"Point"},"id":"GG2050-REPD-16113","properties":{"capacity_mw":20.0,"gg_project_id":"GG2050-REPD-16113","name":"Wisborough Green - Solar Photovoltaic Panels","operator":"Renewable Connections Developments Limited","repd_ref":"16113","repd_technology":"Solar Photovoltaics","status":"Application Submitted","technology":"solar"},"type":"Feature"},{"geometry":{"coordinates":[-2.4040244,50.7348055],"type":"Point"},"id":"GG2050-REPD-2340","properties":{"capacity_mw":20.0,"gg_project_id":"GG2050-REPD-2340","name":"Yellowham solar park","operator":"Wessex Solar Energy","repd_ref":"2340","repd_technology":"Solar Photovoltaics","status":"Appeal Refused","technology":"solar"},"type":"Feature"},{"geometry":{"coordinates":[-4.7532334,55.7231685],"type":"Point"},"id":"GG2050-REPD-17225","properties":{"capacity_mw":19.99,"gg_project_id":"GG2050-REPD-17225","name":"Wardlaw Wood - Solar Farm","operator":"Community Windpower Limited","repd_ref":"17225","repd_technology":"Solar Photovoltaics","status":"Awaiting Construction","technology":"solar"},"type":"Feature"},{"geometry":{"coordinates":[-1.9528926,51.6905815],"type":"Point"},"id":"GG2050-REPD-8257","properties":{"capacity_mw":19.94,"gg_project_id":"GG2050-REPD-8257","name":"Siddington Solar Farm","operator":"Gresham House / Anesco Limited","repd_ref":"8257","repd_technology":"Solar Photovoltaics","status":"Under Construction","technology":"solar"},"type":"Feature"},{"geometry":{"coordinates":[-4.4281861,55.8638227],"type":"Point"},"id":"GG2050-REPD-10549","properties":{"capacity_mw":19.9,"gg_project_id":"GG2050-REPD-10549","name":"Glasgow Airport Solar Farm","operator":"AGS Airports Limited","repd_ref":"10549","repd_technology":"Solar Photovoltaics","status":"Under Construction","technology":"solar"},"type":"Feature"},{"geometry":{"coordinates":[-4.6282633,55.5963549],"type":"Point"},"id":"GG2050-REPD-7232","properties":{"capacity_mw":19.9,"gg_project_id":"GG2050-REPD-7232","name":"Glaxosmithkline Shewalton Road","operator":"Glaxosmithkline","repd_ref":"7232","repd_technology":"Solar Photovoltaics","status":"Under Construction","technology":"solar"},"type":"Feature"},{"geometry":{"coordinates":[-2.859014,51.3528686],"type":"Point"},"id":"GG2050-REPD-7539","properties":{"capacity_mw":19.8,"gg_project_id":"GG2050-REPD-7539","name":"Bowerhouse Farm (extension)","operator":"Ethical Power","repd_ref":"7539","repd_technology":"Solar Photovoltaics","status":"Under Construction","technology":"solar"},"type":"Feature"},{"geometry":{"coordinates":[-2.4494384,51.5336132],"type":"Point"},"id":"GG2050-REPD-1663","properties":{"capacity_mw":19.8,"gg_project_id":"GG2050-REPD-1663","name":"Says Court Farm solar park","operator":"AEE Renewables","repd_ref":"1663","repd_technology":"Solar Photovoltaics","status":"Operational","technology":"solar"},"type":"Feature"},{"geometry":{"coordinates":[-2.0098125,52.9554215],"type":"Point"},"id":"GG2050-REPD-13840","properties":{"capacity_mw":19.8,"gg_project_id":"GG2050-REPD-13840","name":"Totmonslow Farm, Upper Tean - Solar Farm","operator":"RE Projects Development Limited","repd_ref":"13840","repd_technology":"Solar Photovoltaics","status":"Awaiting Construction","technology":"solar"},"type":"Feature"},{"geometry":{"coordinates":[-1.0914417,53.2311153],"type":"Point"},"id":"GG2050-REPD-2271","properties":{"capacity_mw":19.7,"gg_project_id":"GG2050-REPD-2271","name":"Netherfield Lane","operator":"Lightsource Renewable Energy","repd_ref":"2271","repd_technology":"Solar Photovoltaics","status":"Operational","technology":"solar"},"type":"Feature"},{"geometry":{"coordinates":[-0.4819113,51.8597302],"type":"Point"},"id":"GG2050-REPD-12630","properties":{"capacity_mw":19.69,"gg_project_id":"GG2050-REPD-12630","name":"Watling Street, Caddington - Solar Farm","operator":"Chiltern Renewables Hockliffe Limited","repd_ref":"12630","repd_technology":"Solar Photovoltaics","status":"Revised","technology":"solar"},"type":"Feature"},{"geometry":{"coordinates":[-0.4819113,51.8597302],"type":"Point"},"id":"GG2050-REPD-16812","properties":{"capacity_mw":19.69,"gg_project_id":"GG2050-REPD-16812","name":"Watling Street, Caddington - Solar Farm","operator":"Chiltern Renewables Hockliffe Limited","repd_ref":"16812","repd_technology":"Solar Photovoltaics","status":"Awaiting Construction","technology":"solar"},"type":"Feature"},{"geometry":{"coordinates":[-1.3753572,53.1076063],"type":"Point"},"id":"GG2050-REPD-8897","properties":{"capacity_mw":19.6,"gg_project_id":"GG2050-REPD-8897","name":"Meadow Lane Solar Farm","operator":"Gresham House / Anesco Limited","repd_ref":"8897","repd_technology":"Solar Photovoltaics","status":"Under Construction","technology":"solar"},"type":"Feature"},{"geometry":{"coordinates":[-0.6416638,52.361033],"type":"Point"},"id":"GG2050-REPD-1979","properties":{"capacity_mw":19.5,"gg_project_id":"GG2050-REPD-1979","name":"Burton Wold Solar Farm - Site A","operator":"First Renewable Developments","repd_ref":"1979","repd_technology":"Solar Photovoltaics","status":"Planning Permission Expired","technology":"solar"},"type":"Feature"},{"geometry":{"coordinates":[-0.5286256,52.3040618],"type":"Point"},"id":"GG2050-REPD-5258","properties":{"capacity_mw":19.5,"gg_project_id":"GG2050-REPD-5258","name":"Chelveston Renewable Energy Park - Solar Extension","operator":"FEL Solar","repd_ref":"5258","repd_technology":"Solar Photovoltaics","status":"Operational","technology":"solar"},"type":"Feature"},{"geometry":{"coordinates":[-4.3163242,50.4741303],"type":"Point"},"id":"GG2050-REPD-2125","properties":{"capacity_mw":19.5,"gg_project_id":"GG2050-REPD-2125","name":"Newton Ferrers solar park","operator":"Gruene Energien","repd_ref":"2125","repd_technology":"Solar Photovoltaics","status":"Operational","technology":"solar"},"type":"Feature"},{"geometry":{"coordinates":[0.1571378,52.3350777],"type":"Point"},"id":"GG2050-REPD-1502","properties":{"capacity_mw":19.3,"gg_project_id":"GG2050-REPD-1502","name":"Mingay Farm - extension","operator":"Octopus Imvetments","repd_ref":"1502","repd_technology":"Solar Photovoltaics","status":"Operational","technology":"solar"},"type":"Feature"},{"geometry":{"coordinates":[-3.3240737,54.7780392],"type":"Point"},"id":"GG2050-REPD-2007","properties":{"capacity_mw":19.0,"gg_project_id":"GG2050-REPD-2007","name":"Aspatria","operator":"United Photovoltaics","repd_ref":"2007","repd_technology":"Solar Photovoltaics","status":"Operational","technology":"solar"},"type":"Feature"},{"geometry":{"coordinates":[-2.5436485,56.748441],"type":"Point"},"id":"GG2050-REPD-1882","properties":{"capacity_mw":19.0,"gg_project_id":"GG2050-REPD-1882","name":"Ballochy Solar Farm","operator":"Strathcaro And Careston Estates","repd_ref":"1882","repd_technology":"Solar Photovoltaics","status":"Revised","technology":"solar"},"type":"Feature"},{"geometry":{"coordinates":[-4.3453674,51.7725359],"type":"Point"},"id":"GG2050-REPD-5462","properties":{"capacity_mw":19.0,"gg_project_id":"GG2050-REPD-5462","name":"Bryncoch Solar Farm","operator":"Green Energy UK Direct","repd_ref":"5462","repd_technology":"Solar Photovoltaics","status":"Abandoned","technology":"solar"},"type":"Feature"},{"geometry":{"coordinates":[-1.4999831,54.3892373],"type":"Point"},"id":"GG2050-REPD-17281","properties":{"capacity_mw":19.0,"gg_project_id":"GG2050-REPD-17281","name":"Cross Rein Bank Solar Farm - Solar Farm","operator":"PS Renewables Limited","repd_ref":"17281","repd_technology":"Solar Photovoltaics","status":"Application Submitted","technology":"solar"},"type":"Feature"},{"geometry":{"coordinates":[0.8743247,51.6772987],"type":"Point"},"id":"GG2050-REPD-11313","properties":{"capacity_mw":19.0,"gg_project_id":"GG2050-REPD-11313","name":"Dengie - Solar PV array","operator":"British Solar Renewables","repd_ref":"11313","repd_technology":"Solar Photovoltaics","status":"Revised","technology":"solar"},"type":"Feature"},{"geometry":{"coordinates":[0.8743247,51.6772987],"type":"Point"},"id":"GG2050-REPD-15641","properties":{"capacity_mw":19.0,"gg_project_id":"GG2050-REPD-15641","name":"Dengie - Solar PV array","operator":"British Solar Renewables","repd_ref":"15641","repd_technology":"Solar Photovoltaics","status":"Awaiting Construction","technology":"solar"},"type":"Feature"},{"geometry":{"coordinates":[-2.2540127,52.2227587],"type":"Point"},"id":"GG2050-REPD-14037","properties":{"capacity_mw":19.0,"gg_project_id":"GG2050-REPD-14037","name":"Fitcher Brook Solar Farm","operator":"Tyler Hill Renewables Limited","repd_ref":"14037","repd_technology":"Solar Photovoltaics","status":"Application Submitted","technology":"solar"},"type":"Feature"},{"geometry":{"coordinates":[-1.0221661,52.1088114],"type":"Point"},"id":"GG2050-REPD-1993","properties":{"capacity_mw":19.0,"gg_project_id":"GG2050-REPD-1993","name":"Handley Park","operator":"Haymaker Energy","repd_ref":"1993","repd_technology":"Solar Photovoltaics","status":"Revised","technology":"solar"},"type":"Feature"},{"geometry":{"coordinates":[0.9591781,51.8408931],"type":"Point"},"id":"GG2050-REPD-1921","properties":{"capacity_mw":19.0,"gg_project_id":"GG2050-REPD-1921","name":"Holmwood Solar Farm","operator":"Holmwood Solar","repd_ref":"1921","repd_technology":"Solar Photovoltaics","status":"Appeal Refused","technology":"solar"},"type":"Feature"},{"geometry":{"coordinates":[0.285522,52.0076491],"type":"Point"},"id":"GG2050-REPD-8824","properties":{"capacity_mw":19.0,"gg_project_id":"GG2050-REPD-8824","name":"Long Meadow Solar Farm","operator":"Low Carbon Solar Park 4 Limited","repd_ref":"8824","repd_technology":"Solar Photovoltaics","status":"Operational","technology":"solar"},"type":"Feature"},{"geometry":{"coordinates":[-1.955587,50.8791897],"type":"Point"},"id":"GG2050-REPD-11698","properties":{"capacity_mw":19.0,"gg_project_id":"GG2050-REPD-11698","name":"North Farm, Horton - Solar Farm","operator":"North Farm Mannington Solar Limited / BayWa r.e.","repd_ref":"11698","repd_technology":"Solar Photovoltaics","status":"Awaiting Construction","technology":"solar"},"type":"Feature"},{"geometry":{"coordinates":[0.4876409,51.1817134],"type":"Point"},"id":"GG2050-REPD-17499","properties":{"capacity_mw":19.0,"gg_project_id":"GG2050-REPD-17499","name":"Pattenden Lane - Solar PV Energy","operator":"ILOS Energy UK Limited","repd_ref":"17499","repd_technology":"Solar Photovoltaics","status":"Application Submitted","technology":"solar"},"type":"Feature"},{"geometry":{"coordinates":[-1.730475,51.6529597],"type":"Point"},"id":"GG2050-REPD-1593","properties":{"capacity_mw":19.0,"gg_project_id":"GG2050-REPD-1593","name":"Pentylands Farm","operator":"Moser Baer","repd_ref":"1593","repd_technology":"Solar Photovoltaics","status":"Operational","technology":"solar"},"type":"Feature"},{"geometry":{"coordinates":[-1.1272232,51.8519903],"type":"Point"},"id":"GG2050-REPD-7497","properties":{"capacity_mw":19.0,"gg_project_id":"GG2050-REPD-7497","name":"Ray Valley Solar Farm","operator":"Low Carbon","repd_ref":"7497","repd_technology":"Solar Photovoltaics","status":"Under Construction","technology":"solar"},"type":"Feature"},{"geometry":{"coordinates":[-4.6742083,55.6132036],"type":"Point"},"id":"GG2050-REPD-13090","properties":{"capacity_mw":19.0,"gg_project_id":"GG2050-REPD-13090","name":"Wee Minnemoer, Millport - Solar Farm & Battery Storage","operator":"Comsol Energy","repd_ref":"13090","repd_technology":"Solar Photovoltaics","status":"Awaiting Construction","technology":"solar"},"type":"Feature"},{"geometry":{"coordinates":[-2.5552641,53.1747183],"type":"Point"},"id":"GG2050-REPD-14643","properties":{"capacity_mw":19.0,"gg_project_id":"GG2050-REPD-14643","name":"Woodford Lane West - Solar Farm (Hebden Green)","operator":"Anglo Renewables","repd_ref":"14643","repd_technology":"Solar Photovoltaics","status":"Awaiting Construction","technology":"solar"},"type":"Feature"},{"geometry":{"coordinates":[-2.9528861,50.7774474],"type":"Point"},"id":"GG2050-REPD-10040","properties":{"capacity_mw":18.9,"gg_project_id":"GG2050-REPD-10040","name":"Beavor - Photovoltaic Solar Arrays","operator":"Anesco Limited / Gresham House","repd_ref":"10040","repd_technology":"Solar Photovoltaics","status":"Under Construction","technology":"solar"},"type":"Feature"},{"geometry":{"coordinates":[-0.4735929,53.1813306],"type":"Point"},"id":"GG2050-REPD-2323","properties":{"capacity_mw":18.9,"gg_project_id":"GG2050-REPD-2323","name":"Branston solar park","operator":"Inazin Energy Limited/Low Carbon","repd_ref":"2323","repd_technology":"Solar Photovoltaics","status":"Operational","technology":"solar"},"type":"Feature"},{"geometry":{"coordinates":[0.9295793,51.943065],"type":"Point"},"id":"GG2050-REPD-2143","properties":{"capacity_mw":18.8,"gg_project_id":"GG2050-REPD-2143","name":"Boxted Airfield","operator":"NextEnergy Solar Fund","repd_ref":"2143","repd_technology":"Solar Photovoltaics","status":"Operational","technology":"solar"},"type":"Feature"},{"geometry":{"coordinates":[-2.3996283,51.0415983],"type":"Point"},"id":"GG2050-REPD-9370","properties":{"capacity_mw":18.8,"gg_project_id":"GG2050-REPD-9370","name":"Brains Solar Farm","operator":"NextPower SPV 13 Limited","repd_ref":"9370","repd_technology":"Solar Photovoltaics","status":"Awaiting Construction","technology":"solar"},"type":"Feature"},{"geometry":{"coordinates":[-1.575143,53.9153715],"type":"Point"},"id":"GG2050-REPD-16762","properties":{"capacity_mw":18.8,"gg_project_id":"GG2050-REPD-16762","name":"Juniper Farm, Main Street - Solar Farm","operator":"ABEI Energy Group","repd_ref":"16762","repd_technology":"Solar Photovoltaics","status":"Application Submitted","technology":"solar"},"type":"Feature"},{"geometry":{"coordinates":[-0.7468211,52.3264388],"type":"Point"},"id":"GG2050-REPD-1853","properties":{"capacity_mw":18.8,"gg_project_id":"GG2050-REPD-1853","name":"Stonebrig Lane","operator":"JBM Solutions Limited","repd_ref":"1853","repd_technology":"Solar Photovoltaics","status":"Application Refused","technology":"solar"},"type":"Feature"},{"geometry":{"coordinates":[-2.4201053,51.5122593],"type":"Point"},"id":"GG2050-REPD-11693","properties":{"capacity_mw":18.75,"gg_project_id":"GG2050-REPD-11693","name":"Codrington Road - Solar Photovoltaic Panels","operator":"Renewable Connections Limited","repd_ref":"11693","repd_technology":"Solar Photovoltaics","status":"Awaiting Construction","technology":"solar"},"type":"Feature"},{"geometry":{"coordinates":[-1.1677937,53.2978589],"type":"Point"},"id":"GG2050-REPD-13679","properties":{"capacity_mw":18.74,"gg_project_id":"GG2050-REPD-13679","name":"Steeley Lane, Steetley - Solar Photovoltaic Farm","operator":"Renewable Connections Developments Limited","repd_ref":"13679","repd_technology":"Solar Photovoltaics","status":"Application Submitted","technology":"solar"},"type":"Feature"},{"geometry":{"coordinates":[-1.6853675,52.8396907],"type":"Point"},"id":"GG2050-REPD-2196","properties":{"capacity_mw":18.7,"gg_project_id":"GG2050-REPD-2196","name":"Rolleston Park Farm","operator":"Push Energy","repd_ref":"2196","repd_technology":"Solar Photovoltaics","status":"Operational","technology":"solar"},"type":"Feature"},{"geometry":{"coordinates":[-1.0262304,52.7806485],"type":"Point"},"id":"GG2050-REPD-2057","properties":{"capacity_mw":18.7,"gg_project_id":"GG2050-REPD-2057","name":"Six Hills Solar Farm","operator":"Lightsource Renewable Energy","repd_ref":"2057","repd_technology":"Solar Photovoltaics","status":"Operational","technology":"solar"},"type":"Feature"},{"geometry":{"coordinates":[1.1240525,51.9128241],"type":"Point"},"id":"GG2050-REPD-1332","properties":{"capacity_mw":18.7,"gg_project_id":"GG2050-REPD-1332","name":"Wix Lodge","operator":"Sunsave 25 (Wix Lodge Farm) Limited/ Vogt Solar","repd_ref":"1332","repd_technology":"Solar Photovoltaics","status":"Operational","technology":"solar"},"type":"Feature"},{"geometry":{"coordinates":[0.0226664,52.7312141],"type":"Point"},"id":"GG2050-REPD-1988","properties":{"capacity_mw":18.6,"gg_project_id":"GG2050-REPD-1988","name":"Fendyke Solar Farm","operator":"BE Renewables/Little Eau Solar","repd_ref":"1988","repd_technology":"Solar Photovoltaics","status":"Revised","technology":"solar"},"type":"Feature"},{"geometry":{"coordinates":[-2.5851136,56.7168009],"type":"Point"},"id":"GG2050-REPD-12644","properties":{"capacity_mw":18.5,"gg_project_id":"GG2050-REPD-12644","name":"Arrats Mill, Arrat - Solar Photovoltaic Array","operator":"Southesk Estate","repd_ref":"12644","repd_technology":"Solar Photovoltaics","status":"Awaiting Construction","technology":"solar"},"type":"Feature"},{"geometry":{"coordinates":[-2.8389354,50.8605253],"type":"Point"},"id":"GG2050-REPD-12226","properties":{"capacity_mw":18.5,"gg_project_id":"GG2050-REPD-12226","name":"Mahe Farm, Dunsham Lane - Solar Array","operator":"Greentech","repd_ref":"12226","repd_technology":"Solar Photovoltaics","status":"Application Refused","technology":"solar"},"type":"Feature"},{"geometry":{"coordinates":[-1.2052189,53.8100765],"type":"Point"},"id":"GG2050-REPD-16639","properties":{"capacity_mw":18.5,"gg_project_id":"GG2050-REPD-16639","name":"Woodcock Solar Farm, Sweeming Lane - Solar Farm","operator":"AEUK Solar Project IX","repd_ref":"16639","repd_technology":"Solar Photovoltaics","status":"Application Refused","technology":"solar"},"type":"Feature"},{"geometry":{"coordinates":[-4.2611298,55.9081872],"type":"Point"},"id":"GG2050-REPD-9883","properties":{"capacity_mw":18.4,"gg_project_id":"GG2050-REPD-9883","name":"Caledonian Solar Park","operator":"Derwent London Green Energy Limited","repd_ref":"9883","repd_technology":"Solar Photovoltaics","status":"Awaiting Construction","technology":"solar"},"type":"Feature"},{"geometry":{"coordinates":[-1.1438225,51.8647628],"type":"Point"},"id":"GG2050-REPD-1721","properties":{"capacity_mw":18.3,"gg_project_id":"GG2050-REPD-1721","name":"Home Farm (Merton - solar)","operator":"R S Assemblies Limited","repd_ref":"1721","repd_technology":"Solar Photovoltaics","status":"Operational","technology":"solar"},"type":"Feature"},{"geometry":{"coordinates":[-1.2551986,52.4403013],"type":"Point"},"id":"GG2050-REPD-7258","properties":{"capacity_mw":18.3,"gg_project_id":"GG2050-REPD-7258","name":"Streetfield Farm","operator":"Lightsource BP","repd_ref":"7258","repd_technology":"Solar Photovoltaics","status":"Operational","technology":"solar"},"type":"Feature"}],"partition":2,"release":"9.1","schema":"globalgrid2050.v9.atlas-projects.v9.1","technology":"solar","type":"FeatureCollection"}
