{"feature_count":500,"features":[{"geometry":{"coordinates":[-1.3489728,51.8132088],"type":"Point"},"id":"GG2050-REPD-12588","properties":{"capacity_mw":840.0,"gg_project_id":"GG2050-REPD-12588","name":"Botley West, Botley - Botley West Solar Project","operator":"Photovolt Development Partners / SolarFive","repd_ref":"12588","repd_technology":"Solar Photovoltaics","status":"Application Submitted","technology":"solar"},"type":"Feature"},{"geometry":{"coordinates":[-0.8134645,53.138419],"type":"Point"},"id":"GG2050-REPD-15149","properties":{"capacity_mw":800.0,"gg_project_id":"GG2050-REPD-15149","name":"Great North Road Solar Park","operator":"Elements Green","repd_ref":"15149","repd_technology":"Solar Photovoltaics","status":"Application Submitted","technology":"solar"},"type":"Feature"},{"geometry":{"coordinates":[-0.5198203,53.2451474],"type":"Point"},"id":"GG2050-REPD-13043","properties":{"capacity_mw":800.0,"gg_project_id":"GG2050-REPD-13043","name":"Springwell, Lincoln - Springwell Solar Farm & Battery Storage","operator":"EDF Energy Renewables","repd_ref":"13043","repd_technology":"Solar Photovoltaics","status":"Awaiting Construction","technology":"solar"},"type":"Feature"},{"geometry":{"coordinates":[-0.9366274,53.6207382],"type":"Point"},"id":"GG2050-REPD-12926","properties":{"capacity_mw":800.0,"gg_project_id":"GG2050-REPD-12926","name":"The Tween Bridge Solar Farm","operator":"RWE","repd_ref":"12926","repd_technology":"Solar Photovoltaics","status":"Application Submitted","technology":"solar"},"type":"Feature"},{"geometry":{"coordinates":[-1.3547382,53.4307198],"type":"Point"},"id":"GG2050-REPD-17699","properties":{"capacity_mw":750.0,"gg_project_id":"GG2050-REPD-17699","name":"Whitestone Solar Farm","operator":"Net Zero One Ltd","repd_ref":"17699","repd_technology":"Solar Photovoltaics","status":"Application Submitted","technology":"solar"},"type":"Feature"},{"geometry":{"coordinates":[-0.7935386,53.2226387],"type":"Point"},"id":"GG2050-REPD-14806","properties":{"capacity_mw":740.0,"gg_project_id":"GG2050-REPD-14806","name":"One Earth Solar Farm","operator":"Orsted UK Limited / PS Renewables","repd_ref":"14806","repd_technology":"Solar Photovoltaics","status":"Awaiting Construction","technology":"solar"},"type":"Feature"},{"geometry":{"coordinates":[-0.6432079,53.3520884],"type":"Point"},"id":"GG2050-REPD-10914","properties":{"capacity_mw":600.0,"gg_project_id":"GG2050-REPD-10914","name":"Cottam Solar Project","operator":"Island Green Power","repd_ref":"10914","repd_technology":"Solar Photovoltaics","status":"Awaiting Construction","technology":"solar"},"type":"Feature"},{"geometry":{"coordinates":[-0.7678469,52.29058],"type":"Point"},"id":"GG2050-REPD-15793","properties":{"capacity_mw":600.0,"gg_project_id":"GG2050-REPD-15793","name":"Green Hill Solar Farm & Battery Storage","operator":"Island Green Power","repd_ref":"15793","repd_technology":"Solar Photovoltaics","status":"Application Submitted","technology":"solar"},"type":"Feature"},{"geometry":{"coordinates":[-0.7425688,53.336016],"type":"Point"},"id":"GG2050-REPD-9809","properties":{"capacity_mw":531.0,"gg_project_id":"GG2050-REPD-9809","name":"Gate Burton - Solar & Energy Storage Park","operator":"Low Carbon","repd_ref":"9809","repd_technology":"Solar Photovoltaics","status":"Awaiting Construction","technology":"solar"},"type":"Feature"},{"geometry":{"coordinates":[1.2432764,52.4733298],"type":"Point"},"id":"GG2050-REPD-17494","properties":{"capacity_mw":500.0,"gg_project_id":"GG2050-REPD-17494","name":"East Pye Solar Farm","operator":"Island Green Power","repd_ref":"17494","repd_technology":"Solar Photovoltaics","status":"Application Submitted","technology":"solar"},"type":"Feature"},{"geometry":{"coordinates":[-0.2076447,52.9766216],"type":"Point"},"id":"GG2050-REPD-9806","properties":{"capacity_mw":500.0,"gg_project_id":"GG2050-REPD-9806","name":"Heckington Fen Solar Park","operator":"Ecotricity Limited","repd_ref":"9806","repd_technology":"Solar Photovoltaics","status":"Awaiting Construction","technology":"solar"},"type":"Feature"},{"geometry":{"coordinates":[-1.2275452,53.7603736],"type":"Point"},"id":"GG2050-REPD-17701","properties":{"capacity_mw":500.0,"gg_project_id":"GG2050-REPD-17701","name":"Light Valley Solar, Selby Road - Solar Farm","operator":"Light Valley Solar Limited ( Island Green Power)","repd_ref":"17701","repd_technology":"Solar Photovoltaics","status":"Application Submitted","technology":"solar"},"type":"Feature"},{"geometry":{"coordinates":[-2.1992967,51.5610098],"type":"Point"},"id":"GG2050-REPD-16063","properties":{"capacity_mw":500.0,"gg_project_id":"GG2050-REPD-16063","name":"Lime Down - Solar Project","operator":"Island Green Power","repd_ref":"16063","repd_technology":"Solar Photovoltaics","status":"Application Submitted","technology":"solar"},"type":"Feature"},{"geometry":{"coordinates":[0.5449877,51.7831862],"type":"Point"},"id":"GG2050-REPD-8162","properties":{"capacity_mw":500.0,"gg_project_id":"GG2050-REPD-8162","name":"Longfield","operator":"Longfield Solar Energy Farm Limited (part of EDF Renwables)","repd_ref":"8162","repd_technology":"Solar Photovoltaics","status":"Awaiting Construction","technology":"solar"},"type":"Feature"},{"geometry":{"coordinates":[0.4828849,52.324704],"type":"Point"},"id":"GG2050-REPD-7188","properties":{"capacity_mw":500.0,"gg_project_id":"GG2050-REPD-7188","name":"Sunnica Energy Farm (East and West)","operator":"Sunnica","repd_ref":"7188","repd_technology":"Solar Photovoltaics","status":"Awaiting Construction","technology":"solar"},"type":"Feature"},{"geometry":{"coordinates":[0.6589385,52.6832206],"type":"Point"},"id":"GG2050-REPD-17560","properties":{"capacity_mw":500.0,"gg_project_id":"GG2050-REPD-17560","name":"The Droves Solar Farm","operator":"Island Green Power","repd_ref":"17560","repd_technology":"Solar Photovoltaics","status":"Application Submitted","technology":"solar"},"type":"Feature"},{"geometry":{"coordinates":[-0.6031716,53.4071268],"type":"Point"},"id":"GG2050-REPD-12281","properties":{"capacity_mw":500.0,"gg_project_id":"GG2050-REPD-12281","name":"Tillbridge Solar Farm, Hemswell - Solar Panels","operator":"Tillbridge Solar Limited","repd_ref":"12281","repd_technology":"Solar Photovoltaics","status":"Awaiting Construction","technology":"solar"},"type":"Feature"},{"geometry":{"coordinates":[-0.6774547,53.2926216],"type":"Point"},"id":"GG2050-REPD-10916","properties":{"capacity_mw":480.0,"gg_project_id":"GG2050-REPD-10916","name":"West Burton Solar Project","operator":"Island Green Power","repd_ref":"10916","repd_technology":"Solar Photovoltaics","status":"Awaiting Construction","technology":"solar"},"type":"Feature"},{"geometry":{"coordinates":[-0.8194028,53.3653505],"type":"Point"},"id":"GG2050-REPD-15252","properties":{"capacity_mw":450.0,"gg_project_id":"GG2050-REPD-15252","name":"Steeple Renewables Project","operator":"Renewable Energy Systems RES Limited (Beaufort)","repd_ref":"15252","repd_technology":"Solar Photovoltaics","status":"Application Submitted","technology":"solar"},"type":"Feature"},{"geometry":{"coordinates":[-0.4092339,52.9989987],"type":"Point"},"id":"GG2050-REPD-13599","properties":{"capacity_mw":400.0,"gg_project_id":"GG2050-REPD-13599","name":"Beacon Fen Energy Park","operator":"Low Carbon Limited","repd_ref":"13599","repd_technology":"Solar Photovoltaics","status":"Application Submitted","technology":"solar"},"type":"Feature"},{"geometry":{"coordinates":[-0.297822,52.2459705],"type":"Point"},"id":"GG2050-REPD-15347","properties":{"capacity_mw":400.0,"gg_project_id":"GG2050-REPD-15347","name":"East Park Energy","operator":"Brockwell Energy","repd_ref":"15347","repd_technology":"Solar Photovoltaics","status":"Application Submitted","technology":"solar"},"type":"Feature"},{"geometry":{"coordinates":[-0.8654486,53.7469057],"type":"Point"},"id":"GG2050-REPD-11678","properties":{"capacity_mw":400.0,"gg_project_id":"GG2050-REPD-11678","name":"East Yorkshire Solar Farm","operator":"Boom Power","repd_ref":"11678","repd_technology":"Solar Photovoltaics","status":"Awaiting Construction","technology":"solar"},"type":"Feature"},{"geometry":{"coordinates":[0.913885,51.338767],"type":"Point"},"id":"GG2050-REPD-6502","properties":{"capacity_mw":373.0,"gg_project_id":"GG2050-REPD-6502","name":"Cleve Hill Solar Project","operator":"Quinbrook Infrastructure Partners","repd_ref":"6502","repd_technology":"Solar Photovoltaics","status":"Operational","technology":"solar"},"type":"Feature"},{"geometry":{"coordinates":[-0.6480072,53.1517132],"type":"Point"},"id":"GG2050-REPD-14100","properties":{"capacity_mw":350.0,"gg_project_id":"GG2050-REPD-14100","name":"Fosse Green Energy","operator":"Windel Energy / Canadian Solar","repd_ref":"14100","repd_technology":"Solar Photovoltaics","status":"Application Submitted","technology":"solar"},"type":"Feature"},{"geometry":{"coordinates":[-0.4497407,52.6912298],"type":"Point"},"id":"GG2050-REPD-9904","properties":{"capacity_mw":350.0,"gg_project_id":"GG2050-REPD-9904","name":"Mallard Pass Solar Farm","operator":"Canadian Solar UK (Recurrent Energy ) / Windel Energy","repd_ref":"9904","repd_technology":"Solar Photovoltaics","status":"Awaiting Construction","technology":"solar"},"type":"Feature"},{"geometry":{"coordinates":[-0.3337064,53.8393664],"type":"Point"},"id":"GG2050-REPD-15000","properties":{"capacity_mw":320.0,"gg_project_id":"GG2050-REPD-15000","name":"Peartree Hill Solar Farm","operator":"JBM Solar / RWE","repd_ref":"15000","repd_technology":"Solar Photovoltaics","status":"Awaiting Construction","technology":"solar"},"type":"Feature"},{"geometry":{"coordinates":[-1.0888866,53.5793878],"type":"Point"},"id":"GG2050-REPD-14098","properties":{"capacity_mw":237.5,"gg_project_id":"GG2050-REPD-14098","name":"Fenwick Solar Farm & Battery Storage","operator":"Boom Developments Limited","repd_ref":"14098","repd_technology":"Solar Photovoltaics","status":"Awaiting Construction","technology":"solar"},"type":"Feature"},{"geometry":{"coordinates":[-1.0747807,53.7134424],"type":"Point"},"id":"GG2050-REPD-11476","properties":{"capacity_mw":190.0,"gg_project_id":"GG2050-REPD-11476","name":"Helios Renewable Energy Project","operator":"Enso Green Holdings D Limited","repd_ref":"11476","repd_technology":"Solar Photovoltaics","status":"Awaiting Construction","technology":"solar"},"type":"Feature"},{"geometry":{"coordinates":[-1.4843638,54.581063],"type":"Point"},"id":"GG2050-REPD-12409","properties":{"capacity_mw":180.0,"gg_project_id":"GG2050-REPD-12409","name":"Byers Gill Solar Farm","operator":"JBM Solar Projects Limited","repd_ref":"12409","repd_technology":"Solar Photovoltaics","status":"Awaiting Construction","technology":"solar"},"type":"Feature"},{"geometry":{"coordinates":[-2.3593738,55.8919993],"type":"Point"},"id":"GG2050-REPD-17779","properties":{"capacity_mw":165.0,"gg_project_id":"GG2050-REPD-17779","name":"Bowshiel Farm - Solar Farm","operator":"Voltalia UK","repd_ref":"17779","repd_technology":"Solar Photovoltaics","status":"Application Submitted","technology":"solar"},"type":"Feature"},{"geometry":{"coordinates":[-2.5521358,55.9930846],"type":"Point"},"id":"GG2050-REPD-19016","properties":{"capacity_mw":165.0,"gg_project_id":"GG2050-REPD-19016","name":"Springfield - Solar Farm & Battery Energy Storage","operator":"Voltalia UK Limited","repd_ref":"19016","repd_technology":"Solar Photovoltaics","status":"Application Submitted","technology":"solar"},"type":"Feature"},{"geometry":{"coordinates":[-4.0990067,53.279999],"type":"Point"},"id":"GG2050-REPD-9226","properties":{"capacity_mw":160.0,"gg_project_id":"GG2050-REPD-9226","name":"Alaw Môn Solar Farm - Solar Farm & Energy Storage Facility","operator":"Enso Energy Limited","repd_ref":"9226","repd_technology":"Solar Photovoltaics","status":"Awaiting Construction","technology":"solar"},"type":"Feature"},{"geometry":{"coordinates":[-3.477683,54.5960274],"type":"Point"},"id":"GG2050-REPD-14550","properties":{"capacity_mw":150.0,"gg_project_id":"GG2050-REPD-14550","name":"Dean Moor Solar Farm & Battery Storage","operator":"Firma Energy / IB Vogt","repd_ref":"14550","repd_technology":"Solar Photovoltaics","status":"Awaiting Construction","technology":"solar"},"type":"Feature"},{"geometry":{"coordinates":[-0.6187552,53.5765024],"type":"Point"},"id":"GG2050-REPD-6557","properties":{"capacity_mw":150.0,"gg_project_id":"GG2050-REPD-6557","name":"Little Crow Solar Park","operator":"INRG Solar","repd_ref":"6557","repd_technology":"Solar Photovoltaics","status":"Awaiting Construction","technology":"solar"},"type":"Feature"},{"geometry":{"coordinates":[-2.7367121,53.3011712],"type":"Point"},"id":"GG2050-REPD-14096","properties":{"capacity_mw":147.0,"gg_project_id":"GG2050-REPD-14096","name":"Frodsham Solar Project & Battery Storage","operator":"Cubico Renewables","repd_ref":"14096","repd_technology":"Solar Photovoltaics","status":"Application Submitted","technology":"solar"},"type":"Feature"},{"geometry":{"coordinates":[-1.6419969,52.7483243],"type":"Point"},"id":"GG2050-REPD-9546","properties":{"capacity_mw":138.0,"gg_project_id":"GG2050-REPD-9546","name":"Oaklands Solar Farm Project - Solar Farm & Battery Storage","operator":"BayWa r.e. UK Limited","repd_ref":"9546","repd_technology":"Solar Photovoltaics","status":"Awaiting Construction","technology":"solar"},"type":"Feature"},{"geometry":{"coordinates":[-3.0453765,51.5314969],"type":"Point"},"id":"GG2050-REPD-11278","properties":{"capacity_mw":125.0,"gg_project_id":"GG2050-REPD-11278","name":"Wentlooge Renewable Energy Hub","operator":"Wentlooge Farmers' Solar Scheme","repd_ref":"11278","repd_technology":"Solar Photovoltaics","status":"Appeal Lodged","technology":"solar"},"type":"Feature"},{"geometry":{"coordinates":[-1.3916603,54.612042],"type":"Point"},"id":"GG2050-REPD-16393","properties":{"capacity_mw":120.0,"gg_project_id":"GG2050-REPD-16393","name":"Cowley Complex, Stockton on Tees","operator":"Sonnedix Limited","repd_ref":"16393","repd_technology":"Solar Photovoltaics","status":"Under Construction","technology":"solar"},"type":"Feature"},{"geometry":{"coordinates":[-3.5131303,53.2693317],"type":"Point"},"id":"GG2050-REPD-17948","properties":{"capacity_mw":110.0,"gg_project_id":"GG2050-REPD-17948","name":"Bodelwyddan, Abergele Road - Solar Farm & Battery Storage","operator":"Stantec","repd_ref":"17948","repd_technology":"Solar Photovoltaics","status":"Application Submitted","technology":"solar"},"type":"Feature"},{"geometry":{"coordinates":[-2.9308711,56.5302599],"type":"Point"},"id":"GG2050-REPD-14543","properties":{"capacity_mw":110.0,"gg_project_id":"GG2050-REPD-14543","name":"Tealing Solar Energy Park - Phase 2","operator":"Sirius EcoDev Limited","repd_ref":"14543","repd_technology":"Solar Photovoltaics","status":"Awaiting Construction","technology":"solar"},"type":"Feature"},{"geometry":{"coordinates":[-3.9097295,55.6643512],"type":"Point"},"id":"GG2050-REPD-14193","properties":{"capacity_mw":100.0,"gg_project_id":"GG2050-REPD-14193","name":"Rogerhill Solar and Battery Energy Storage System","operator":"Green Switch Capital Limited","repd_ref":"14193","repd_technology":"Solar Photovoltaics","status":"Application Submitted","technology":"solar"},"type":"Feature"},{"geometry":{"coordinates":[-2.8854799,51.5848296],"type":"Point"},"id":"GG2050-REPD-12997","properties":{"capacity_mw":99.9,"gg_project_id":"GG2050-REPD-12997","name":"Craig y Perthi Solar Farm","operator":"JBM Solar Projects Limited","repd_ref":"12997","repd_technology":"Solar Photovoltaics","status":"Application Refused","technology":"solar"},"type":"Feature"},{"geometry":{"coordinates":[0.9395642,51.1022097],"type":"Point"},"id":"GG2050-REPD-10085","properties":{"capacity_mw":99.9,"gg_project_id":"GG2050-REPD-10085","name":"Stonestreet Green - Solar Farm & Battery Storage","operator":"Evolution Power","repd_ref":"10085","repd_technology":"Solar Photovoltaics","status":"Awaiting Construction","technology":"solar"},"type":"Feature"},{"geometry":{"coordinates":[-0.0181496,51.5023871],"type":"Point"},"id":"GG2050-REPD-18870","properties":{"capacity_mw":98.0,"gg_project_id":"GG2050-REPD-18870","name":"Hedgehog Grove Solar Farm - Solar Panels","operator":"Totalenergies Renewables Uk Limited (Hedgehog Grove Solar Farm)","repd_ref":"18870","repd_technology":"Solar Photovoltaics","status":"Application Submitted","technology":"solar"},"type":"Feature"},{"geometry":{"coordinates":[-0.0524285,53.4375855],"type":"Point"},"id":"GG2050-REPD-19975","properties":{"capacity_mw":98.0,"gg_project_id":"GG2050-REPD-19975","name":"North Ray Solar Farm, Lincoln Gate - Solar Panels","operator":"TotalEnergies (North Ray Solar Farm Limited)","repd_ref":"19975","repd_technology":"Solar Photovoltaics","status":"Application Submitted","technology":"solar"},"type":"Feature"},{"geometry":{"coordinates":[-3.5516264,56.3850014],"type":"Point"},"id":"GG2050-REPD-20768","properties":{"capacity_mw":97.5,"gg_project_id":"GG2050-REPD-20768","name":"Dupplin Solar - Solar Array","operator":"BLC Energy","repd_ref":"20768","repd_technology":"Solar Photovoltaics","status":"Application Submitted","technology":"solar"},"type":"Feature"},{"geometry":{"coordinates":[-3.8036878,55.5551838],"type":"Point"},"id":"GG2050-REPD-16026","properties":{"capacity_mw":82.5,"gg_project_id":"GG2050-REPD-16026","name":"M74 West Renewable Energy Park","operator":"Renewco Power","repd_ref":"16026","repd_technology":"Solar Photovoltaics","status":"Application Submitted","technology":"solar"},"type":"Feature"},{"geometry":{"coordinates":[-3.5089897,56.131391],"type":"Point"},"id":"GG2050-REPD-15538","properties":{"capacity_mw":80.0,"gg_project_id":"GG2050-REPD-15538","name":"Nettly Burn Renewable Energy Park","operator":"Grupotec Solar UK 4 Ltd","repd_ref":"15538","repd_technology":"Solar Photovoltaics","status":"Awaiting Construction","technology":"solar"},"type":"Feature"},{"geometry":{"coordinates":[-0.8221186,53.3829421],"type":"Point"},"id":"GG2050-REPD-9815","properties":{"capacity_mw":78.0,"gg_project_id":"GG2050-REPD-9815","name":"Gainsborough Road, Saundby - Solar Farm","operator":"Enso Energy / Cero Generation","repd_ref":"9815","repd_technology":"Solar Photovoltaics","status":"Under Construction","technology":"solar"},"type":"Feature"},{"geometry":{"coordinates":[-0.2109414,52.922396],"type":"Point"},"id":"GG2050-REPD-12117","properties":{"capacity_mw":75.0,"gg_project_id":"GG2050-REPD-12117","name":"Cowbridge Road, Bicker Fen - Solar Array","operator":"AGR Solar 2 Limited","repd_ref":"12117","repd_technology":"Solar Photovoltaics","status":"Under Construction","technology":"solar"},"type":"Feature"},{"geometry":{"coordinates":[-3.8810752,55.8119084],"type":"Point"},"id":"GG2050-REPD-14540","properties":{"capacity_mw":75.0,"gg_project_id":"GG2050-REPD-14540","name":"Fernishaw Solar Farm & Battery Energy Storage Facility","operator":"Elgin Energy (EEB67)","repd_ref":"14540","repd_technology":"Solar Photovoltaics","status":"Awaiting Construction","technology":"solar"},"type":"Feature"},{"geometry":{"coordinates":[-4.5501937,55.8676363],"type":"Point"},"id":"GG2050-REPD-14293","properties":{"capacity_mw":75.0,"gg_project_id":"GG2050-REPD-14293","name":"Houston Solar PV Farm & Energy Storage Facility","operator":"The Old Rectory","repd_ref":"14293","repd_technology":"Solar Photovoltaics","status":"Awaiting Construction","technology":"solar"},"type":"Feature"},{"geometry":{"coordinates":[-2.9031705,51.5612986],"type":"Point"},"id":"GG2050-REPD-6411","properties":{"capacity_mw":75.0,"gg_project_id":"GG2050-REPD-6411","name":"Llanwern Solar Farm & Battery Storage","operator":"NextEnergy Capital LLP","repd_ref":"6411","repd_technology":"Solar Photovoltaics","status":"Operational","technology":"solar"},"type":"Feature"},{"geometry":{"coordinates":[-2.8481396,51.5522052],"type":"Point"},"id":"GG2050-REPD-7194","properties":{"capacity_mw":75.0,"gg_project_id":"GG2050-REPD-7194","name":"Rush Wall Solar Park","operator":"Rush Wall Solar Park","repd_ref":"7194","repd_technology":"Solar Photovoltaics","status":"Appeal Lodged","technology":"solar"},"type":"Feature"},{"geometry":{"coordinates":[-3.0227177,53.2408924],"type":"Point"},"id":"GG2050-REPD-2347","properties":{"capacity_mw":72.2,"gg_project_id":"GG2050-REPD-2347","name":"Shotwick Solar Farm","operator":"Foresight Solar Fund","repd_ref":"2347","repd_technology":"Solar Photovoltaics","status":"Operational","technology":"solar"},"type":"Feature"},{"geometry":{"coordinates":[-2.1565031,57.205717],"type":"Point"},"id":"GG2050-REPD-14301","properties":{"capacity_mw":72.0,"gg_project_id":"GG2050-REPD-14301","name":"Lower Bodachra - Solar Panels","operator":"Novus Renewables Services Limited","repd_ref":"14301","repd_technology":"Solar Photovoltaics","status":"Awaiting Construction","technology":"solar"},"type":"Feature"},{"geometry":{"coordinates":[-2.4774099,51.5779384],"type":"Point"},"id":"GG2050-REPD-8051","properties":{"capacity_mw":70.0,"gg_project_id":"GG2050-REPD-8051","name":"Larks Green Solar Farm","operator":"Enso Energy / Iron Acton Green","repd_ref":"8051","repd_technology":"Solar Photovoltaics","status":"Operational","technology":"solar"},"type":"Feature"},{"geometry":{"coordinates":[-1.9680372,51.5066423],"type":"Point"},"id":"GG2050-REPD-2203","properties":{"capacity_mw":69.8,"gg_project_id":"GG2050-REPD-2203","name":"Bradenstoke solar park","operator":"Defence Infrastructure Organisation / BSR","repd_ref":"2203","repd_technology":"Solar Photovoltaics","status":"Operational","technology":"solar"},"type":"Feature"},{"geometry":{"coordinates":[-5.0043403,50.3887308],"type":"Point"},"id":"GG2050-REPD-10800","properties":{"capacity_mw":68.0,"gg_project_id":"GG2050-REPD-10800","name":"Tregonning Farm - Solar Farm & Battery Storage","operator":"European Energy","repd_ref":"10800","repd_technology":"Solar Photovoltaics","status":"Under Construction","technology":"solar"},"type":"Feature"},{"geometry":{"coordinates":[0.3492114,52.2918931],"type":"Point"},"id":"GG2050-REPD-8479","properties":{"capacity_mw":67.0,"gg_project_id":"GG2050-REPD-8479","name":"Breach Farm - Solar farm","operator":"Octopus Renewables Infrastructure Trust","repd_ref":"8479","repd_technology":"Solar Photovoltaics","status":"Operational","technology":"solar"},"type":"Feature"},{"geometry":{"coordinates":[-3.2860401,51.4625733],"type":"Point"},"id":"GG2050-REPD-8459","properties":{"capacity_mw":65.0,"gg_project_id":"GG2050-REPD-8459","name":"Vianshill Farm, Parc Dyffryn - Solar Farm & Battery Storage","operator":"Cenin Renewables Limited","repd_ref":"8459","repd_technology":"Solar Photovoltaics","status":"Awaiting Construction","technology":"solar"},"type":"Feature"},{"geometry":{"coordinates":[-4.6484548,55.6829577],"type":"Point"},"id":"GG2050-REPD-10541","properties":{"capacity_mw":63.0,"gg_project_id":"GG2050-REPD-10541","name":"Benthead Farm - Solar Farm & Battery Storage","operator":"Locogen Limited","repd_ref":"10541","repd_technology":"Solar Photovoltaics","status":"Awaiting Construction","technology":"solar"},"type":"Feature"},{"geometry":{"coordinates":[-3.0453765,51.5314969],"type":"Point"},"id":"GG2050-REPD-7191","properties":{"capacity_mw":62.5,"gg_project_id":"GG2050-REPD-7191","name":"Wentlooge Renewable Energy Hub","operator":"Wentlooge Farmers' Solar Scheme","repd_ref":"7191","repd_technology":"Solar Photovoltaics","status":"Revised","technology":"solar"},"type":"Feature"},{"geometry":{"coordinates":[-3.4627722,53.2665802],"type":"Point"},"id":"GG2050-REPD-7862","properties":{"capacity_mw":62.0,"gg_project_id":"GG2050-REPD-7862","name":"Elwy Solar Energy Farm","operator":"Statkraft UK Limited","repd_ref":"7862","repd_technology":"Solar Photovoltaics","status":"Application Refused","technology":"solar"},"type":"Feature"},{"geometry":{"coordinates":[-1.6449475,52.6750315],"type":"Point"},"id":"GG2050-REPD-10477","properties":{"capacity_mw":61.9,"gg_project_id":"GG2050-REPD-10477","name":"Highfields Farm, Clifton Lane - Solar Panels","operator":"Elgin Energy ESCO Limited","repd_ref":"10477","repd_technology":"Solar Photovoltaics","status":"Under Construction","technology":"solar"},"type":"Feature"},{"geometry":{"coordinates":[-1.915156,57.6012294],"type":"Point"},"id":"GG2050-REPD-10993","properties":{"capacity_mw":60.1,"gg_project_id":"GG2050-REPD-10993","name":"Frodo Solar and Battery Energy Development","operator":"Green Energy International","repd_ref":"10993","repd_technology":"Solar Photovoltaics","status":"Awaiting Construction","technology":"solar"},"type":"Feature"},{"geometry":{"coordinates":[-0.674441,52.9559259],"type":"Point"},"id":"GG2050-REPD-9096","properties":{"capacity_mw":60.0,"gg_project_id":"GG2050-REPD-9096","name":"Gonerby Moor, Great Gonerby - Solar Farm","operator":"Sonnedix","repd_ref":"9096","repd_technology":"Solar Photovoltaics","status":"Operational","technology":"solar"},"type":"Feature"},{"geometry":{"coordinates":[-3.8702589,55.5584544],"type":"Point"},"id":"GG2050-REPD-12285","properties":{"capacity_mw":60.0,"gg_project_id":"GG2050-REPD-12285","name":"Hagshaw Energy Cluster – Western Expansion","operator":"3R Energy Solutions Limited","repd_ref":"12285","repd_technology":"Solar Photovoltaics","status":"Application Submitted","technology":"solar"},"type":"Feature"},{"geometry":{"coordinates":[-2.4651315,55.7976168],"type":"Point"},"id":"GG2050-REPD-11864","properties":{"capacity_mw":60.0,"gg_project_id":"GG2050-REPD-11864","name":"Lees Hill Energy Park","operator":"Fred Olsen Renewables Limited","repd_ref":"11864","repd_technology":"Solar Photovoltaics","status":"Application Submitted","technology":"solar"},"type":"Feature"},{"geometry":{"coordinates":[-3.2971276,56.5320972],"type":"Point"},"id":"GG2050-REPD-14994","properties":{"capacity_mw":60.0,"gg_project_id":"GG2050-REPD-14994","name":"Stirling Battery and Solar Energy Park","operator":"EcoDev Group Limited","repd_ref":"14994","repd_technology":"Solar Photovoltaics","status":"Awaiting Construction","technology":"solar"},"type":"Feature"},{"geometry":{"coordinates":[-3.0393649,53.039027],"type":"Point"},"id":"GG2050-REPD-7858","properties":{"capacity_mw":57.0,"gg_project_id":"GG2050-REPD-7858","name":"Plas Power Estate Solar Farm","operator":"Lightsource BP","repd_ref":"7858","repd_technology":"Solar Photovoltaics","status":"Application Submitted","technology":"solar"},"type":"Feature"},{"geometry":{"coordinates":[0.1309736,51.9369457],"type":"Point"},"id":"GG2050-REPD-20388","properties":{"capacity_mw":56.0,"gg_project_id":"GG2050-REPD-20388","name":"Berden Hall Solar Farm","operator":"British Solar Renewables","repd_ref":"20388","repd_technology":"Solar Photovoltaics","status":"Awaiting Construction","technology":"solar"},"type":"Feature"},{"geometry":{"coordinates":[-1.22919,53.4403399],"type":"Point"},"id":"GG2050-REPD-11022","properties":{"capacity_mw":56.0,"gg_project_id":"GG2050-REPD-11022","name":"Mere Flats Solar Farm","operator":"NextPower UK","repd_ref":"11022","repd_technology":"Solar Photovoltaics","status":"Awaiting Construction","technology":"solar"},"type":"Feature"},{"geometry":{"coordinates":[-1.620534,52.9694606],"type":"Point"},"id":"GG2050-REPD-20021","properties":{"capacity_mw":55.0,"gg_project_id":"GG2050-REPD-20021","name":"Brailsford Solar Park, Main Road - Solar Panels","operator":"British Solar Renewables","repd_ref":"20021","repd_technology":"Solar Photovoltaics","status":"Application Submitted","technology":"solar"},"type":"Feature"},{"geometry":{"coordinates":[-1.6989363,54.4111153],"type":"Point"},"id":"GG2050-REPD-8131","properties":{"capacity_mw":55.0,"gg_project_id":"GG2050-REPD-8131","name":"Darlington Road, Skeeby","operator":"Atrato Onsite Energy / Harmony Energy","repd_ref":"8131","repd_technology":"Solar Photovoltaics","status":"Operational","technology":"solar"},"type":"Feature"},{"geometry":{"coordinates":[-1.8424174,57.5599036],"type":"Point"},"id":"GG2050-REPD-12822","properties":{"capacity_mw":50.0,"gg_project_id":"GG2050-REPD-12822","name":"Fraserburgh Road - Kirkton Solar PV Farm & Energy Storage Facility","operator":"Elgin Energy Es Co Limited","repd_ref":"12822","repd_technology":"Solar Photovoltaics","status":"Awaiting Construction","technology":"solar"},"type":"Feature"},{"geometry":{"coordinates":[0.023476,51.1910425],"type":"Point"},"id":"GG2050-REPD-19401","properties":{"capacity_mw":50.0,"gg_project_id":"GG2050-REPD-19401","name":"Haxted Mead, Lingfield - Solar Farm","operator":"Haxted Mead Solar Farm Limited","repd_ref":"19401","repd_technology":"Solar Photovoltaics","status":"Application Submitted","technology":"solar"},"type":"Feature"},{"geometry":{"coordinates":[-6.1470048,54.8097958],"type":"Point"},"id":"GG2050-REPD-6012","properties":{"capacity_mw":50.0,"gg_project_id":"GG2050-REPD-6012","name":"Kells Solar Farm","operator":"Elgin Energy EsCo","repd_ref":"6012","repd_technology":"Solar Photovoltaics","status":"Application Submitted","technology":"solar"},"type":"Feature"},{"geometry":{"coordinates":[-2.3588136,57.2029031],"type":"Point"},"id":"GG2050-REPD-17470","properties":{"capacity_mw":50.0,"gg_project_id":"GG2050-REPD-17470","name":"Kintore - Solar Photovoltaic Array","operator":"Mespil Solar Energy","repd_ref":"17470","repd_technology":"Solar Photovoltaics","status":"Application Submitted","technology":"solar"},"type":"Feature"},{"geometry":{"coordinates":[-0.1076556,52.4481599],"type":"Point"},"id":"GG2050-REPD-8991","properties":{"capacity_mw":50.0,"gg_project_id":"GG2050-REPD-8991","name":"Little Staughton Solar Farm","operator":"Nextpower SPV 12 Limited","repd_ref":"8991","repd_technology":"Solar Photovoltaics","status":"Awaiting Construction","technology":"solar"},"type":"Feature"},{"geometry":{"coordinates":[-3.2353007,57.6733182],"type":"Point"},"id":"GG2050-REPD-6341","properties":{"capacity_mw":50.0,"gg_project_id":"GG2050-REPD-6341","name":"Milltown Airfield (Speyslaw)","operator":"Elgin Energy","repd_ref":"6341","repd_technology":"Solar Photovoltaics","status":"Awaiting Construction","technology":"solar"},"type":"Feature"},{"geometry":{"coordinates":[-3.3534044,51.4521754],"type":"Point"},"id":"GG2050-REPD-7701","properties":{"capacity_mw":50.0,"gg_project_id":"GG2050-REPD-7701","name":"Pancross & Oaklands Solar Farm","operator":"Infinis","repd_ref":"7701","repd_technology":"Solar Photovoltaics","status":"Under Construction","technology":"solar"},"type":"Feature"},{"geometry":{"coordinates":[-3.1208388,56.1633319],"type":"Point"},"id":"GG2050-REPD-6383","properties":{"capacity_mw":50.0,"gg_project_id":"GG2050-REPD-6383","name":"Wemyss Estate - Randolph Solar Farm & Battery Energy Storage","operator":"Elgin Energy","repd_ref":"6383","repd_technology":"Solar Photovoltaics","status":"Awaiting Construction","technology":"solar"},"type":"Feature"},{"geometry":{"coordinates":[-1.5074417,52.2308436],"type":"Point"},"id":"GG2050-REPD-9441","properties":{"capacity_mw":49.99,"gg_project_id":"GG2050-REPD-9441","name":"Ashorne Hill - Solar Farm","operator":"JBM Solar Projects Limited","repd_ref":"9441","repd_technology":"Solar Photovoltaics","status":"Awaiting Construction","technology":"solar"},"type":"Feature"},{"geometry":{"coordinates":[-1.7926148,54.6215337],"type":"Point"},"id":"GG2050-REPD-13339","properties":{"capacity_mw":49.99,"gg_project_id":"GG2050-REPD-13339","name":"Bluestone Farm, Low Lands - Solar Farm","operator":"Bluefield Renewable Developments Limited","repd_ref":"13339","repd_technology":"Solar Photovoltaics","status":"Awaiting Construction","technology":"solar"},"type":"Feature"},{"geometry":{"coordinates":[-1.3052428,51.7552533],"type":"Point"},"id":"GG2050-REPD-10529","properties":{"capacity_mw":49.99,"gg_project_id":"GG2050-REPD-10529","name":"Botley - Solar Photovoltaic Array","operator":"Red House Solar Limited","repd_ref":"10529","repd_technology":"Solar Photovoltaics","status":"Revised","technology":"solar"},"type":"Feature"},{"geometry":{"coordinates":[-1.3052428,51.7552533],"type":"Point"},"id":"GG2050-REPD-18174","properties":{"capacity_mw":49.99,"gg_project_id":"GG2050-REPD-18174","name":"Botley - Solar Photovoltaic Array","operator":"Red House Solar Limited","repd_ref":"18174","repd_technology":"Solar Photovoltaics","status":"Application Refused","technology":"solar"},"type":"Feature"},{"geometry":{"coordinates":[-1.5926753,55.124545],"type":"Point"},"id":"GG2050-REPD-8350","properties":{"capacity_mw":49.99,"gg_project_id":"GG2050-REPD-8350","name":"Broadway House Farm Solar Farm","operator":"Bluefield Renewable Developments Limited","repd_ref":"8350","repd_technology":"Solar Photovoltaics","status":"Awaiting Construction","technology":"solar"},"type":"Feature"},{"geometry":{"coordinates":[-1.6327302,55.1410178],"type":"Point"},"id":"GG2050-REPD-9739","properties":{"capacity_mw":49.99,"gg_project_id":"GG2050-REPD-9739","name":"Burnt House Farm - Solar Farm","operator":"Bluefield Renewable Developments Limited","repd_ref":"9739","repd_technology":"Solar Photovoltaics","status":"Awaiting Construction","technology":"solar"},"type":"Feature"},{"geometry":{"coordinates":[-0.7349606,52.9725243],"type":"Point"},"id":"GG2050-REPD-9050","properties":{"capacity_mw":49.99,"gg_project_id":"GG2050-REPD-9050","name":"Bypass Solar Farm","operator":"By-Pass Farm Solar Limited","repd_ref":"9050","repd_technology":"Solar Photovoltaics","status":"Awaiting Construction","technology":"solar"},"type":"Feature"},{"geometry":{"coordinates":[-0.9868791,53.7237425],"type":"Point"},"id":"GG2050-REPD-12017","properties":{"capacity_mw":49.99,"gg_project_id":"GG2050-REPD-12017","name":"Carlton Solar Farm","operator":"Island Green Power","repd_ref":"12017","repd_technology":"Solar Photovoltaics","status":"Awaiting Construction","technology":"solar"},"type":"Feature"},{"geometry":{"coordinates":[-3.983939,50.8970724],"type":"Point"},"id":"GG2050-REPD-9456","properties":{"capacity_mw":49.99,"gg_project_id":"GG2050-REPD-9456","name":"Coldharbour Farm, Ashreigney - Solar Photovoltaic Array","operator":"Coldharbour Solar Park Limited","repd_ref":"9456","repd_technology":"Solar Photovoltaics","status":"Awaiting Construction","technology":"solar"},"type":"Feature"},{"geometry":{"coordinates":[-1.6786195,52.1228556],"type":"Point"},"id":"GG2050-REPD-9394","properties":{"capacity_mw":49.99,"gg_project_id":"GG2050-REPD-9394","name":"Crimscote Solar Farm and Storage Project","operator":"Regener8 SPV1 Limited","repd_ref":"9394","repd_technology":"Solar Photovoltaics","status":"Under Construction","technology":"solar"},"type":"Feature"},{"geometry":{"coordinates":[0.6025954,52.052426],"type":"Point"},"id":"GG2050-REPD-11329","properties":{"capacity_mw":49.99,"gg_project_id":"GG2050-REPD-11329","name":"Cutbush Farm, Belchamp St Paul - Solar Array","operator":"British Solar Renewables","repd_ref":"11329","repd_technology":"Solar Photovoltaics","status":"Under Construction","technology":"solar"},"type":"Feature"},{"geometry":{"coordinates":[-1.4861086,52.2549639],"type":"Point"},"id":"GG2050-REPD-17429","properties":{"capacity_mw":49.99,"gg_project_id":"GG2050-REPD-17429","name":"Fosse Way - Solar Farm","operator":"Staffordshire Solar 1 Limited","repd_ref":"17429","repd_technology":"Solar Photovoltaics","status":"Application Refused","technology":"solar"},"type":"Feature"},{"geometry":{"coordinates":[-1.4159899,54.5759715],"type":"Point"},"id":"GG2050-REPD-11691","properties":{"capacity_mw":49.99,"gg_project_id":"GG2050-REPD-11691","name":"Gately Moor Reservoir, Redmarshall - Solar Farm & Battery Storage","operator":"Canadian Solar & Novergy","repd_ref":"11691","repd_technology":"Solar Photovoltaics","status":"Awaiting Construction","technology":"solar"},"type":"Feature"},{"geometry":{"coordinates":[-1.3931456,53.0982327],"type":"Point"},"id":"GG2050-REPD-9509","properties":{"capacity_mw":49.99,"gg_project_id":"GG2050-REPD-9509","name":"Hall Farm Solar Farm","operator":"Kronos Solar","repd_ref":"9509","repd_technology":"Solar Photovoltaics","status":"Application Refused","technology":"solar"},"type":"Feature"},{"geometry":{"coordinates":[-1.3198999,54.7231064],"type":"Point"},"id":"GG2050-REPD-7823","properties":{"capacity_mw":49.99,"gg_project_id":"GG2050-REPD-7823","name":"Hulam Farm","operator":"Lightsource BP","repd_ref":"7823","repd_technology":"Solar Photovoltaics","status":"Revised","technology":"solar"},"type":"Feature"},{"geometry":{"coordinates":[-0.2550621,52.9416443],"type":"Point"},"id":"GG2050-REPD-9586","properties":{"capacity_mw":49.99,"gg_project_id":"GG2050-REPD-9586","name":"Little Hale Fen - Solar Farm","operator":"AGR Solar 2 Limited","repd_ref":"9586","repd_technology":"Solar Photovoltaics","status":"Awaiting Construction","technology":"solar"},"type":"Feature"},{"geometry":{"coordinates":[0.1762646,52.2196036],"type":"Point"},"id":"GG2050-REPD-17359","properties":{"capacity_mw":49.99,"gg_project_id":"GG2050-REPD-17359","name":"Low Fen, Drove Way - Solar Farm","operator":"South Cambridgeshire District Council","repd_ref":"17359","repd_technology":"Solar Photovoltaics","status":"Application Submitted","technology":"solar"},"type":"Feature"},{"geometry":{"coordinates":[-1.563117,55.1101458],"type":"Point"},"id":"GG2050-REPD-9729","properties":{"capacity_mw":49.99,"gg_project_id":"GG2050-REPD-9729","name":"Low Horton Farm - Solar Farm","operator":"Bluefield Renewable Developments Limited","repd_ref":"9729","repd_technology":"Solar Photovoltaics","status":"Awaiting Construction","technology":"solar"},"type":"Feature"},{"geometry":{"coordinates":[-0.772511,52.7195091],"type":"Point"},"id":"GG2050-REPD-16541","properties":{"capacity_mw":49.99,"gg_project_id":"GG2050-REPD-16541","name":"Lumiere Solar Farm","operator":"RWE Renewables UK Limited","repd_ref":"16541","repd_technology":"Solar Photovoltaics","status":"Awaiting Construction","technology":"solar"},"type":"Feature"},{"geometry":{"coordinates":[-0.4025731,52.9917263],"type":"Point"},"id":"GG2050-REPD-15180","properties":{"capacity_mw":49.99,"gg_project_id":"GG2050-REPD-15180","name":"Mareham Lane, Solar PV Panels","operator":"Lighthouse Development Consulting","repd_ref":"15180","repd_technology":"Solar Photovoltaics","status":"Awaiting Construction","technology":"solar"},"type":"Feature"},{"geometry":{"coordinates":[-1.4767486,52.2511288],"type":"Point"},"id":"GG2050-REPD-10523","properties":{"capacity_mw":49.99,"gg_project_id":"GG2050-REPD-10523","name":"Middle Road Farm - Solar Farm & Battery Storage","operator":"Leicestershire Solar 1 Limited","repd_ref":"10523","repd_technology":"Solar Photovoltaics","status":"Revised","technology":"solar"},"type":"Feature"},{"geometry":{"coordinates":[-1.4767486,52.2511288],"type":"Point"},"id":"GG2050-REPD-13969","properties":{"capacity_mw":49.99,"gg_project_id":"GG2050-REPD-13969","name":"Middle Road Farm - Solar Farm & Battery Storage","operator":"Leicestershire Solar 1 Limited /Novergy","repd_ref":"13969","repd_technology":"Solar Photovoltaics","status":"Awaiting Construction","technology":"solar"},"type":"Feature"},{"geometry":{"coordinates":[-1.2944936,54.1481299],"type":"Point"},"id":"GG2050-REPD-15452","properties":{"capacity_mw":49.99,"gg_project_id":"GG2050-REPD-15452","name":"Pilmoor Solar Farm","operator":"Stark Energy","repd_ref":"15452","repd_technology":"Solar Photovoltaics","status":"Awaiting Construction","technology":"solar"},"type":"Feature"},{"geometry":{"coordinates":[-0.3749158,52.3228705],"type":"Point"},"id":"GG2050-REPD-15072","properties":{"capacity_mw":49.99,"gg_project_id":"GG2050-REPD-15072","name":"Rookery Farm, Kimbolton Road - Solar Farm","operator":"Bluefield Renewable Developments Limited","repd_ref":"15072","repd_technology":"Solar Photovoltaics","status":"Awaiting Construction","technology":"solar"},"type":"Feature"},{"geometry":{"coordinates":[-0.8075836,53.9068247],"type":"Point"},"id":"GG2050-REPD-9014","properties":{"capacity_mw":49.99,"gg_project_id":"GG2050-REPD-9014","name":"Soay Solar Farm and Greener Grid Park","operator":"Statkraft Uk Limited","repd_ref":"9014","repd_technology":"Solar Photovoltaics","status":"Under Construction","technology":"solar"},"type":"Feature"},{"geometry":{"coordinates":[0.6886677,51.6275297],"type":"Point"},"id":"GG2050-REPD-9273","properties":{"capacity_mw":49.99,"gg_project_id":"GG2050-REPD-9273","name":"South Fambridge Hall - Solar farm & Battery storage","operator":"British Solar Renewables / BayWa r.e. UK Limited","repd_ref":"9273","repd_technology":"Solar Photovoltaics","status":"Under Construction","technology":"solar"},"type":"Feature"},{"geometry":{"coordinates":[-0.0069296,52.2414889],"type":"Point"},"id":"GG2050-REPD-9240","properties":{"capacity_mw":49.99,"gg_project_id":"GG2050-REPD-9240","name":"Stargoose Farm - Solar Farm","operator":"Solarcentury Limited / Statkraft Uk Limited","repd_ref":"9240","repd_technology":"Solar Photovoltaics","status":"Awaiting Construction","technology":"solar"},"type":"Feature"},{"geometry":{"coordinates":[-0.8888386,52.0022108],"type":"Point"},"id":"GG2050-REPD-19007","properties":{"capacity_mw":49.99,"gg_project_id":"GG2050-REPD-19007","name":"Thornton Estate - Solar PV Panels","operator":"Stark Energy","repd_ref":"19007","repd_technology":"Solar Photovoltaics","status":"Application Submitted","technology":"solar"},"type":"Feature"},{"geometry":{"coordinates":[-0.6167492,53.6393214],"type":"Point"},"id":"GG2050-REPD-12162","properties":{"capacity_mw":49.99,"gg_project_id":"GG2050-REPD-12162","name":"Winterton Road, Roxby - Solar Farm","operator":"Solar 2 Limited","repd_ref":"12162","repd_technology":"Solar Photovoltaics","status":"Application Submitted","technology":"solar"},"type":"Feature"},{"geometry":{"coordinates":[-0.4833831,52.3871415],"type":"Point"},"id":"GG2050-REPD-14269","properties":{"capacity_mw":49.99,"gg_project_id":"GG2050-REPD-14269","name":"Wood Lodge Farm, Huntingdon Road - Solar Farm","operator":"Unknown","repd_ref":"14269","repd_technology":"Solar Photovoltaics","status":"Application Submitted","technology":"solar"},"type":"Feature"},{"geometry":{"coordinates":[-1.2706125,54.6950148],"type":"Point"},"id":"GG2050-REPD-15247","properties":{"capacity_mw":49.99,"gg_project_id":"GG2050-REPD-15247","name":"Worset Lane - Solar Farm","operator":"Canadian Solar UK","repd_ref":"15247","repd_technology":"Solar Photovoltaics","status":"Awaiting Construction","technology":"solar"},"type":"Feature"},{"geometry":{"coordinates":[-0.2364365,51.9419268],"type":"Point"},"id":"GG2050-REPD-9365","properties":{"capacity_mw":49.99,"gg_project_id":"GG2050-REPD-9365","name":"Wymondley Solar Farm, Great Wymondley","operator":"AGR Power Limited","repd_ref":"9365","repd_technology":"Solar Photovoltaics","status":"Awaiting Construction","technology":"solar"},"type":"Feature"},{"geometry":{"coordinates":[-2.8664632,51.3937538],"type":"Point"},"id":"GG2050-REPD-19452","properties":{"capacity_mw":49.99,"gg_project_id":"GG2050-REPD-19452","name":"Yew Tree Farm, Yew Tree Lane - Solar Farm","operator":"Yew Tree Farm Solar Limited","repd_ref":"19452","repd_technology":"Solar Photovoltaics","status":"Awaiting Construction","technology":"solar"},"type":"Feature"},{"geometry":{"coordinates":[0.7268835,51.6216655],"type":"Point"},"id":"GG2050-REPD-11927","properties":{"capacity_mw":49.95,"gg_project_id":"GG2050-REPD-11927","name":"Bolt Hall Farm, Lark Hill Road - Solar Photovoltaic Farm.","operator":"Green Switch Capital Limited","repd_ref":"11927","repd_technology":"Solar Photovoltaics","status":"Application Submitted","technology":"solar"},"type":"Feature"},{"geometry":{"coordinates":[0.3107366,52.2936865],"type":"Point"},"id":"GG2050-REPD-17757","properties":{"capacity_mw":49.95,"gg_project_id":"GG2050-REPD-17757","name":"Burwell Anchor Lane Farm, Newnham Drove - Solar Panels","operator":"Burwell AL Limited","repd_ref":"17757","repd_technology":"Solar Photovoltaics","status":"Awaiting Construction","technology":"solar"},"type":"Feature"},{"geometry":{"coordinates":[-0.2408805,52.1945769],"type":"Point"},"id":"GG2050-REPD-13629","properties":{"capacity_mw":49.9,"gg_project_id":"GG2050-REPD-13629","name":"Abbotsley Country Homes, Drewels Lane - Solar Farm","operator":"Low Carbon Limited","repd_ref":"13629","repd_technology":"Solar Photovoltaics","status":"Awaiting Construction","technology":"solar"},"type":"Feature"},{"geometry":{"coordinates":[-0.3556882,53.4940149],"type":"Point"},"id":"GG2050-REPD-9891","properties":{"capacity_mw":49.9,"gg_project_id":"GG2050-REPD-9891","name":"Airfield Farm - Solar Array","operator":"Engena Limited","repd_ref":"9891","repd_technology":"Solar Photovoltaics","status":"Application Submitted","technology":"solar"},"type":"Feature"},{"geometry":{"coordinates":[-0.8194119,53.2382336],"type":"Point"},"id":"GG2050-REPD-20755","properties":{"capacity_mw":49.9,"gg_project_id":"GG2050-REPD-20755","name":"America Farm, Woodcoates Road - Solar Farm","operator":"High Marnham Renewables Limited","repd_ref":"20755","repd_technology":"Solar Photovoltaics","status":"Application Submitted","technology":"solar"},"type":"Feature"},{"geometry":{"coordinates":[-2.4141164,51.7950474],"type":"Point"},"id":"GG2050-REPD-8523","properties":{"capacity_mw":49.9,"gg_project_id":"GG2050-REPD-8523","name":"Arlingham Solar Farm - Solar PV Panels & Battery Storage Facility","operator":"Kronos Solar","repd_ref":"8523","repd_technology":"Solar Photovoltaics","status":"Application Withdrawn","technology":"solar"},"type":"Feature"},{"geometry":{"coordinates":[-0.5822643,52.9117641],"type":"Point"},"id":"GG2050-REPD-15396","properties":{"capacity_mw":49.9,"gg_project_id":"GG2050-REPD-15396","name":"Ash Tree Solar Farm & Battery Storage","operator":"Low Carbon Limited","repd_ref":"15396","repd_technology":"Solar Photovoltaics","status":"Awaiting Construction","technology":"solar"},"type":"Feature"},{"geometry":{"coordinates":[-2.4214671,51.7747464],"type":"Point"},"id":"GG2050-REPD-5186","properties":{"capacity_mw":49.9,"gg_project_id":"GG2050-REPD-5186","name":"Awre Penisular Farmer's Community Solar Scheme","operator":"Awre Peninsula Farmers' Community Solar Scheme","repd_ref":"5186","repd_technology":"Solar Photovoltaics","status":"Application Refused","technology":"solar"},"type":"Feature"},{"geometry":{"coordinates":[-1.397388,51.6458883],"type":"Point"},"id":"GG2050-REPD-7960","properties":{"capacity_mw":49.9,"gg_project_id":"GG2050-REPD-7960","name":"Barnstaples Farm","operator":"Nextpower SPV 14 Limited","repd_ref":"7960","repd_technology":"Solar Photovoltaics","status":"Awaiting Construction","technology":"solar"},"type":"Feature"},{"geometry":{"coordinates":[-0.0732343,51.9471377],"type":"Point"},"id":"GG2050-REPD-15672","properties":{"capacity_mw":49.9,"gg_project_id":"GG2050-REPD-15672","name":"Beane Solar Farm - Solar Panels","operator":"Renewable Energy Systems RES ltd (Beaufort)","repd_ref":"15672","repd_technology":"Solar Photovoltaics","status":"Application Submitted","technology":"solar"},"type":"Feature"},{"geometry":{"coordinates":[-0.3638194,52.103465],"type":"Point"},"id":"GG2050-REPD-18335","properties":{"capacity_mw":49.9,"gg_project_id":"GG2050-REPD-18335","name":"Bedford Solar, Northill Road - Solar Farm & Battery Storage","operator":"QC Ubertino Limited","repd_ref":"18335","repd_technology":"Solar Photovoltaics","status":"Application Submitted","technology":"solar"},"type":"Feature"},{"geometry":{"coordinates":[-0.3898889,51.7378903],"type":"Point"},"id":"GG2050-REPD-18698","properties":{"capacity_mw":49.9,"gg_project_id":"GG2050-REPD-18698","name":"Beechtree Junction, Potters Crouch - Solar PV Panels","operator":"Exagen Development Limited","repd_ref":"18698","repd_technology":"Solar Photovoltaics","status":"Application Submitted","technology":"solar"},"type":"Feature"},{"geometry":{"coordinates":[-0.7826546,52.8947389],"type":"Point"},"id":"GG2050-REPD-8483","properties":{"capacity_mw":49.9,"gg_project_id":"GG2050-REPD-8483","name":"Belvoir Estate - Solar farm","operator":"JBM Solar Projects Limited","repd_ref":"8483","repd_technology":"Solar Photovoltaics","status":"Awaiting Construction","technology":"solar"},"type":"Feature"},{"geometry":{"coordinates":[-1.8979224,52.7710332],"type":"Point"},"id":"GG2050-REPD-9776","properties":{"capacity_mw":49.9,"gg_project_id":"GG2050-REPD-9776","name":"Black Flatts Solar Farm","operator":"Opdenergy UK 2 Limited","repd_ref":"9776","repd_technology":"Solar Photovoltaics","status":"Awaiting Construction","technology":"solar"},"type":"Feature"},{"geometry":{"coordinates":[1.2671422,52.5518529],"type":"Point"},"id":"GG2050-REPD-8308","properties":{"capacity_mw":49.9,"gg_project_id":"GG2050-REPD-8308","name":"Bloy’s Grove Solar Farm","operator":"EDF Energy Renewables","repd_ref":"8308","repd_technology":"Solar Photovoltaics","status":"Awaiting Construction","technology":"solar"},"type":"Feature"},{"geometry":{"coordinates":[-2.2602715,51.2850189],"type":"Point"},"id":"GG2050-REPD-13988","properties":{"capacity_mw":49.9,"gg_project_id":"GG2050-REPD-13988","name":"Bluebell Wood Solar Farm & Battery Storage","operator":"Low Carbon UK Solar Investment Co Limited","repd_ref":"13988","repd_technology":"Solar Photovoltaics","status":"Awaiting Construction","technology":"solar"},"type":"Feature"},{"geometry":{"coordinates":[-2.7005696,56.5558135],"type":"Point"},"id":"GG2050-REPD-16666","properties":{"capacity_mw":49.9,"gg_project_id":"GG2050-REPD-16666","name":"Bonnyknox Solar Farm","operator":"Renewable Energy Systems (RES)","repd_ref":"16666","repd_technology":"Solar Photovoltaics","status":"Application Submitted","technology":"solar"},"type":"Feature"},{"geometry":{"coordinates":[1.0438086,52.0878243],"type":"Point"},"id":"GG2050-REPD-8007","properties":{"capacity_mw":49.9,"gg_project_id":"GG2050-REPD-8007","name":"Bramford Solar Farm","operator":"Bramford Green","repd_ref":"8007","repd_technology":"Solar Photovoltaics","status":"Revised","technology":"solar"},"type":"Feature"},{"geometry":{"coordinates":[-1.0694559,51.3388474],"type":"Point"},"id":"GG2050-REPD-8089","properties":{"capacity_mw":49.9,"gg_project_id":"GG2050-REPD-8089","name":"Bramley Frith Solar Farm","operator":"Bramley Solar Limited","repd_ref":"8089","repd_technology":"Solar Photovoltaics","status":"Awaiting Construction","technology":"solar"},"type":"Feature"},{"geometry":{"coordinates":[-2.6248615,52.3331369],"type":"Point"},"id":"GG2050-REPD-10513","properties":{"capacity_mw":49.9,"gg_project_id":"GG2050-REPD-10513","name":"Brick House Farm - Solar Farm","operator":"Bluefield Renewwable Developments Limited","repd_ref":"10513","repd_technology":"Solar Photovoltaics","status":"Awaiting Construction","technology":"solar"},"type":"Feature"},{"geometry":{"coordinates":[-0.6454764,52.4418584],"type":"Point"},"id":"GG2050-REPD-7767","properties":{"capacity_mw":49.9,"gg_project_id":"GG2050-REPD-7767","name":"Brigstock Solar Farm","operator":"Scottish Power Renewables","repd_ref":"7767","repd_technology":"Solar Photovoltaics","status":"Awaiting Construction","technology":"solar"},"type":"Feature"},{"geometry":{"coordinates":[-1.1280926,53.8295217],"type":"Point"},"id":"GG2050-REPD-17885","properties":{"capacity_mw":49.9,"gg_project_id":"GG2050-REPD-17885","name":"Broad Lane, Cawood - Solar Farm & Battery Storage","operator":"Quintas Cleantech","repd_ref":"17885","repd_technology":"Solar Photovoltaics","status":"Application Submitted","technology":"solar"},"type":"Feature"},{"geometry":{"coordinates":[0.3399046,51.5392165],"type":"Point"},"id":"GG2050-REPD-8026","properties":{"capacity_mw":49.9,"gg_project_id":"GG2050-REPD-8026","name":"Bulphan Fen Solar Farm & Battery Storage","operator":"Warley Green Limited","repd_ref":"8026","repd_technology":"Solar Photovoltaics","status":"Under Construction","technology":"solar"},"type":"Feature"},{"geometry":{"coordinates":[-4.1260568,51.0141481],"type":"Point"},"id":"GG2050-REPD-17883","properties":{"capacity_mw":49.9,"gg_project_id":"GG2050-REPD-17883","name":"Bulworthy Farm, Stoney Cross - Solar Photovoltaic Array","operator":"Noventum Power Limited","repd_ref":"17883","repd_technology":"Solar Photovoltaics","status":"Application Submitted","technology":"solar"},"type":"Feature"},{"geometry":{"coordinates":[-0.956174,51.2995688],"type":"Point"},"id":"GG2050-REPD-8149","properties":{"capacity_mw":49.9,"gg_project_id":"GG2050-REPD-8149","name":"Bunkers Hill Farm - Solar farm & Battery stations","operator":"Vantage RE","repd_ref":"8149","repd_technology":"Solar Photovoltaics","status":"Under Construction","technology":"solar"},"type":"Feature"},{"geometry":{"coordinates":[-1.1912344,51.6663013],"type":"Point"},"id":"GG2050-REPD-15443","properties":{"capacity_mw":49.9,"gg_project_id":"GG2050-REPD-15443","name":"Burcot Solar Farm","operator":"Ethical Power","repd_ref":"15443","repd_technology":"Solar Photovoltaics","status":"Awaiting Construction","technology":"solar"},"type":"Feature"},{"geometry":{"coordinates":[-1.1811225,51.6585526],"type":"Point"},"id":"GG2050-REPD-9373","properties":{"capacity_mw":49.9,"gg_project_id":"GG2050-REPD-9373","name":"Burcot Solar Farm","operator":"Burcot Solar Farm Limited","repd_ref":"9373","repd_technology":"Solar Photovoltaics","status":"Revised","technology":"solar"},"type":"Feature"},{"geometry":{"coordinates":[-4.9359844,50.3752575],"type":"Point"},"id":"GG2050-REPD-12852","properties":{"capacity_mw":49.9,"gg_project_id":"GG2050-REPD-12852","name":"Burthy Row Farm, Trefullock Moor - Solar Farm & Battery Storage","operator":"JBM Solar Projects Limited","repd_ref":"12852","repd_technology":"Solar Photovoltaics","status":"Application Submitted","technology":"solar"},"type":"Feature"},{"geometry":{"coordinates":[-1.5746015,54.5432013],"type":"Point"},"id":"GG2050-REPD-8529","properties":{"capacity_mw":49.9,"gg_project_id":"GG2050-REPD-8529","name":"Burtree Lane - Solar farm","operator":"Darlington Borough Council / Aura Power Solar","repd_ref":"8529","repd_technology":"Solar Photovoltaics","status":"Under Construction","technology":"solar"},"type":"Feature"},{"geometry":{"coordinates":[0.3040303,52.2839982],"type":"Point"},"id":"GG2050-REPD-7630","properties":{"capacity_mw":49.9,"gg_project_id":"GG2050-REPD-7630","name":"Burwell Solar Farm","operator":"EDF Energy Renewables","repd_ref":"7630","repd_technology":"Solar Photovoltaics","status":"Under Construction","technology":"solar"},"type":"Feature"},{"geometry":{"coordinates":[-0.643808,51.8792861],"type":"Point"},"id":"GG2050-REPD-10457","properties":{"capacity_mw":49.9,"gg_project_id":"GG2050-REPD-10457","name":"Bury Farm - Solar Farm","operator":"Interguide Group Limited","repd_ref":"10457","repd_technology":"Solar Photovoltaics","status":"Awaiting Construction","technology":"solar"},"type":"Feature"},{"geometry":{"coordinates":[-1.267613,53.5669705],"type":"Point"},"id":"GG2050-REPD-19248","properties":{"capacity_mw":49.9,"gg_project_id":"GG2050-REPD-19248","name":"Butt Lane, Hooton Pagnell - Solar Farm","operator":"British Solar Renewables","repd_ref":"19248","repd_technology":"Solar Photovoltaics","status":"Application Submitted","technology":"solar"},"type":"Feature"},{"geometry":{"coordinates":[-1.3817761,54.5878891],"type":"Point"},"id":"GG2050-REPD-9116","properties":{"capacity_mw":49.9,"gg_project_id":"GG2050-REPD-9116","name":"California Farm - Solar Farm & Battery Storage","operator":"Infinis Solar Developments Limited","repd_ref":"9116","repd_technology":"Solar Photovoltaics","status":"Awaiting Construction","technology":"solar"},"type":"Feature"},{"geometry":{"coordinates":[-0.8770455,51.7622655],"type":"Point"},"id":"GG2050-REPD-10965","properties":{"capacity_mw":49.9,"gg_project_id":"GG2050-REPD-10965","name":"Callie's Solar Farm","operator":"Low Carbon UK Solar Investment Company Limited","repd_ref":"10965","repd_technology":"Solar Photovoltaics","status":"Awaiting Construction","technology":"solar"},"type":"Feature"},{"geometry":{"coordinates":[-1.0205297,53.7359229],"type":"Point"},"id":"GG2050-REPD-8100","properties":{"capacity_mw":49.9,"gg_project_id":"GG2050-REPD-8100","name":"Camblesforth Solar Farm","operator":"Island Green Power UK","repd_ref":"8100","repd_technology":"Solar Photovoltaics","status":"Awaiting Construction","technology":"solar"},"type":"Feature"},{"geometry":{"coordinates":[-0.0179205,52.2380774],"type":"Point"},"id":"GG2050-REPD-5521","properties":{"capacity_mw":49.9,"gg_project_id":"GG2050-REPD-5521","name":"Cambridge Solar Farm","operator":"Big 60 Million","repd_ref":"5521","repd_technology":"Solar Photovoltaics","status":"Application Refused","technology":"solar"},"type":"Feature"},{"geometry":{"coordinates":[-1.6539567,52.5585055],"type":"Point"},"id":"GG2050-REPD-17961","properties":{"capacity_mw":49.9,"gg_project_id":"GG2050-REPD-17961","name":"Camp Farm, Knowle Hill - Solar Farm","operator":"Ampyr Solar Europe","repd_ref":"17961","repd_technology":"Solar Photovoltaics","status":"Awaiting Construction","technology":"solar"},"type":"Feature"},{"geometry":{"coordinates":[0.7066123,51.6136538],"type":"Point"},"id":"GG2050-REPD-9808","properties":{"capacity_mw":49.9,"gg_project_id":"GG2050-REPD-9808","name":"Canewdon Road, Canewdon - Solar Photovoltaic Farm","operator":"Low Carbon UK Solar Investment Company Limited","repd_ref":"9808","repd_technology":"Solar Photovoltaics","status":"Awaiting Construction","technology":"solar"},"type":"Feature"},{"geometry":{"coordinates":[0.5335171,51.6614599],"type":"Point"},"id":"GG2050-REPD-8834","properties":{"capacity_mw":49.9,"gg_project_id":"GG2050-REPD-8834","name":"Canon Barns Road - Solar Photovoltaic Arrays & Battery Storage","operator":"Low Carbon Solar Park 5 Limited","repd_ref":"8834","repd_technology":"Solar Photovoltaics","status":"Awaiting Construction","technology":"solar"},"type":"Feature"},{"geometry":{"coordinates":[-0.3567504,53.829203],"type":"Point"},"id":"GG2050-REPD-14471","properties":{"capacity_mw":49.9,"gg_project_id":"GG2050-REPD-14471","name":"Carr House Farm, Drove Lane - Solar Panels","operator":"Private Developer","repd_ref":"14471","repd_technology":"Solar Photovoltaics","status":"Awaiting Construction","technology":"solar"},"type":"Feature"},{"geometry":{"coordinates":[-0.3819376,53.8612854],"type":"Point"},"id":"GG2050-REPD-11743","properties":{"capacity_mw":49.9,"gg_project_id":"GG2050-REPD-11743","name":"Carr Lane, Tickton - Solar Farm","operator":"Albanwise Synergy Limited","repd_ref":"11743","repd_technology":"Solar Photovoltaics","status":"Awaiting Construction","technology":"solar"},"type":"Feature"},{"geometry":{"coordinates":[-1.7438758,52.4289819],"type":"Point"},"id":"GG2050-REPD-19475","properties":{"capacity_mw":49.9,"gg_project_id":"GG2050-REPD-19475","name":"Castle Hills Solar Farm - Solar Panels","operator":"Castle Hills Solar Farm Limited","repd_ref":"19475","repd_technology":"Solar Photovoltaics","status":"Application Submitted","technology":"solar"},"type":"Feature"},{"geometry":{"coordinates":[-2.593205,51.5525576],"type":"Point"},"id":"GG2050-REPD-15411","properties":{"capacity_mw":49.9,"gg_project_id":"GG2050-REPD-15411","name":"Cattybrook Solar Farm","operator":"Luminous Energy Limited","repd_ref":"15411","repd_technology":"Solar Photovoltaics","status":"Awaiting Construction","technology":"solar"},"type":"Feature"},{"geometry":{"coordinates":[0.0893881,52.8518593],"type":"Point"},"id":"GG2050-REPD-14652","properties":{"capacity_mw":49.9,"gg_project_id":"GG2050-REPD-14652","name":"Caudwell Farm, Hollbeach - Solar Array","operator":"Green Energy International","repd_ref":"14652","repd_technology":"Solar Photovoltaics","status":"Awaiting Construction","technology":"solar"},"type":"Feature"},{"geometry":{"coordinates":[-1.5560428,54.0682739],"type":"Point"},"id":"GG2050-REPD-6561","properties":{"capacity_mw":49.9,"gg_project_id":"GG2050-REPD-6561","name":"Cayton Solar farm","operator":"Elgin Energy","repd_ref":"6561","repd_technology":"Solar Photovoltaics","status":"Awaiting Construction","technology":"solar"},"type":"Feature"},{"geometry":{"coordinates":[-2.2882281,52.1510802],"type":"Point"},"id":"GG2050-REPD-14620","properties":{"capacity_mw":49.9,"gg_project_id":"GG2050-REPD-14620","name":"Chapel Hill - Solar Arrays","operator":"JBM Solar Projects Limited","repd_ref":"14620","repd_technology":"Solar Photovoltaics","status":"Application Refused","technology":"solar"},"type":"Feature"},{"geometry":{"coordinates":[-1.2761756,52.7244881],"type":"Point"},"id":"GG2050-REPD-11735","properties":{"capacity_mw":49.9,"gg_project_id":"GG2050-REPD-11735","name":"Charley Road - Solar Farm","operator":"Namene Solar","repd_ref":"11735","repd_technology":"Solar Photovoltaics","status":"Application Submitted","technology":"solar"},"type":"Feature"},{"geometry":{"coordinates":[0.2536862,51.3698474],"type":"Point"},"id":"GG2050-REPD-14077","properties":{"capacity_mw":49.9,"gg_project_id":"GG2050-REPD-14077","name":"Chimmens Solar Farm","operator":"RES Limited","repd_ref":"14077","repd_technology":"Solar Photovoltaics","status":"Application Refused","technology":"solar"},"type":"Feature"},{"geometry":{"coordinates":[-0.9598252,51.2471501],"type":"Point"},"id":"GG2050-REPD-7802","properties":{"capacity_mw":49.9,"gg_project_id":"GG2050-REPD-7802","name":"Chosley Farm, North Warnborough Solar Farm and Battery storage","operator":"Shell Renewables (CSE23 Limited)","repd_ref":"7802","repd_technology":"Solar Photovoltaics","status":"Awaiting Construction","technology":"solar"},"type":"Feature"},{"geometry":{"coordinates":[-1.2536084,52.8459519],"type":"Point"},"id":"GG2050-REPD-9324","properties":{"capacity_mw":49.9,"gg_project_id":"GG2050-REPD-9324","name":"Church Farm, Kingston On Soar - Solar Photovoltaic Farm","operator":"Renewable Connections Developments Limited","repd_ref":"9324","repd_technology":"Solar Photovoltaics","status":"Awaiting Construction","technology":"solar"},"type":"Feature"},{"geometry":{"coordinates":[1.041614,52.0759554],"type":"Point"},"id":"GG2050-REPD-13890","properties":{"capacity_mw":49.9,"gg_project_id":"GG2050-REPD-13890","name":"Church Farm, The Channel - Bramford Solar Farm and Battery Storage","operator":"Bramford Green Limited","repd_ref":"13890","repd_technology":"Solar Photovoltaics","status":"Awaiting Construction","technology":"solar"},"type":"Feature"},{"geometry":{"coordinates":[0.3222466,51.5407905],"type":"Point"},"id":"GG2050-REPD-9035","properties":{"capacity_mw":49.9,"gg_project_id":"GG2050-REPD-9035","name":"Clay Tye Road - Solar Farm","operator":"REG Windpower Limited","repd_ref":"9035","repd_technology":"Solar Photovoltaics","status":"Application Submitted","technology":"solar"},"type":"Feature"},{"geometry":{"coordinates":[-2.099851,51.9816841],"type":"Point"},"id":"GG2050-REPD-8038","properties":{"capacity_mw":49.9,"gg_project_id":"GG2050-REPD-8038","name":"Claydon Farm - Solar Farm & Battery Storage","operator":"JBM Solar Projects 17 Limited","repd_ref":"8038","repd_technology":"Solar Photovoltaics","status":"Awaiting Construction","technology":"solar"},"type":"Feature"},{"geometry":{"coordinates":[-2.8179308,53.7579742],"type":"Point"},"id":"GG2050-REPD-13763","properties":{"capacity_mw":49.9,"gg_project_id":"GG2050-REPD-13763","name":"Clifton Marsh Farm, Preston New Road - Solar Farm","operator":"Vattenfall","repd_ref":"13763","repd_technology":"Solar Photovoltaics","status":"Application Submitted","technology":"solar"},"type":"Feature"},{"geometry":{"coordinates":[-0.3113652,52.2168084],"type":"Point"},"id":"GG2050-REPD-9479","properties":{"capacity_mw":49.9,"gg_project_id":"GG2050-REPD-9479","name":"Cobholden Solar Farm","operator":"AGR Renewables","repd_ref":"9479","repd_technology":"Solar Photovoltaics","status":"Awaiting Construction","technology":"solar"},"type":"Feature"},{"geometry":{"coordinates":[-0.2898209,50.9945103],"type":"Point"},"id":"GG2050-REPD-14832","properties":{"capacity_mw":49.9,"gg_project_id":"GG2050-REPD-14832","name":"Cobwood Solar Farm, Burnthouse Lane - Solar Farm & Battery Storage","operator":"Low Carbon UK Solar","repd_ref":"14832","repd_technology":"Solar Photovoltaics","status":"Awaiting Construction","technology":"solar"},"type":"Feature"},{"geometry":{"coordinates":[-1.9079903,52.7622316],"type":"Point"},"id":"GG2050-REPD-8813","properties":{"capacity_mw":49.9,"gg_project_id":"GG2050-REPD-8813","name":"Colton Mill Farm & Cawarden Springs Farm - Solar Panels","operator":"Spring Dev 07 Limited","repd_ref":"8813","repd_technology":"Solar Photovoltaics","status":"Awaiting Construction","technology":"solar"},"type":"Feature"},{"geometry":{"coordinates":[-0.9626531,51.1283335],"type":"Point"},"id":"GG2050-REPD-8068","properties":{"capacity_mw":49.9,"gg_project_id":"GG2050-REPD-8068","name":"Copse Close Solar Farm","operator":"Copse Close Solar Farm Limited","repd_ref":"8068","repd_technology":"Solar Photovoltaics","status":"Awaiting Construction","technology":"solar"},"type":"Feature"},{"geometry":{"coordinates":[-1.7375613,51.6147538],"type":"Point"},"id":"GG2050-REPD-7519","properties":{"capacity_mw":49.9,"gg_project_id":"GG2050-REPD-7519","name":"Corner Copse Solar Farm","operator":"BayWa r.e. UK Limited","repd_ref":"7519","repd_technology":"Solar Photovoltaics","status":"Under Construction","technology":"solar"},"type":"Feature"},{"geometry":{"coordinates":[-1.0347138,51.7023263],"type":"Point"},"id":"GG2050-REPD-7945","properties":{"capacity_mw":49.9,"gg_project_id":"GG2050-REPD-7945","name":"Cornwell Solar Farm","operator":"Low Carbon / EDF Energy Renewables","repd_ref":"7945","repd_technology":"Solar Photovoltaics","status":"Awaiting Construction","technology":"solar"},"type":"Feature"},{"geometry":{"coordinates":[-2.9747664,56.633342],"type":"Point"},"id":"GG2050-REPD-18982","properties":{"capacity_mw":49.9,"gg_project_id":"GG2050-REPD-18982","name":"Cossans Solar Farm - Solar Farm","operator":"BLC Energy","repd_ref":"18982","repd_technology":"Solar Photovoltaics","status":"Application Submitted","technology":"solar"},"type":"Feature"},{"geometry":{"coordinates":[-0.9834949,53.0604532],"type":"Point"},"id":"GG2050-REPD-7501","properties":{"capacity_mw":49.9,"gg_project_id":"GG2050-REPD-7501","name":"Cotmoor Lane","operator":"JBM Solar","repd_ref":"7501","repd_technology":"Solar Photovoltaics","status":"Awaiting Construction","technology":"solar"},"type":"Feature"},{"geometry":{"coordinates":[-3.267207,56.5349037],"type":"Point"},"id":"GG2050-REPD-14792","properties":{"capacity_mw":49.9,"gg_project_id":"GG2050-REPD-14792","name":"Coupar Angus Substation, Pleasance Road - Solar Farm","operator":"Coupar Two Limited","repd_ref":"14792","repd_technology":"Solar Photovoltaics","status":"Application Refused","technology":"solar"},"type":"Feature"},{"geometry":{"coordinates":[-1.4030273,54.6341164],"type":"Point"},"id":"GG2050-REPD-8091","properties":{"capacity_mw":49.9,"gg_project_id":"GG2050-REPD-8091","name":"Cowley House Solar Farm","operator":"Unknown","repd_ref":"8091","repd_technology":"Solar Photovoltaics","status":"Revised","technology":"solar"},"type":"Feature"},{"geometry":{"coordinates":[-0.418706,53.7806143],"type":"Point"},"id":"GG2050-REPD-9444","properties":{"capacity_mw":49.9,"gg_project_id":"GG2050-REPD-9444","name":"Creyke Beck Substation - Solar Farm & Battery Storage","operator":"Albanwise Synergy Limited","repd_ref":"9444","repd_technology":"Solar Photovoltaics","status":"Awaiting Construction","technology":"solar"},"type":"Feature"},{"geometry":{"coordinates":[-1.1357175,52.3596096],"type":"Point"},"id":"GG2050-REPD-7954","properties":{"capacity_mw":49.9,"gg_project_id":"GG2050-REPD-7954","name":"Crick Road","operator":"Lightrock Power / Bluefield Solar Income Fund","repd_ref":"7954","repd_technology":"Solar Photovoltaics","status":"Under Construction","technology":"solar"},"type":"Feature"},{"geometry":{"coordinates":[-1.1526691,52.3285895],"type":"Point"},"id":"GG2050-REPD-13470","properties":{"capacity_mw":49.9,"gg_project_id":"GG2050-REPD-13470","name":"Crick Solar Farm","operator":"Voltalia UK","repd_ref":"13470","repd_technology":"Solar Photovoltaics","status":"Awaiting Construction","technology":"solar"},"type":"Feature"},{"geometry":{"coordinates":[-2.1555356,52.0883965],"type":"Point"},"id":"GG2050-REPD-7840","properties":{"capacity_mw":49.9,"gg_project_id":"GG2050-REPD-7840","name":"Croome Airfield Solar Farm","operator":"Croome Airfield Solar","repd_ref":"7840","repd_technology":"Solar Photovoltaics","status":"Operational","technology":"solar"},"type":"Feature"},{"geometry":{"coordinates":[0.3765293,51.5900196],"type":"Point"},"id":"GG2050-REPD-8357","properties":{"capacity_mw":49.9,"gg_project_id":"GG2050-REPD-8357","name":"Crouch Solar Farm","operator":"Low Carbon Storage","repd_ref":"8357","repd_technology":"Solar Photovoltaics","status":"Operational","technology":"solar"},"type":"Feature"},{"geometry":{"coordinates":[-1.5522366,54.7123691],"type":"Point"},"id":"GG2050-REPD-14327","properties":{"capacity_mw":49.9,"gg_project_id":"GG2050-REPD-14327","name":"Croxdale Farms, Hett Moor Farm - Solar Farm","operator":"Lightsource SPV 189 Limited","repd_ref":"14327","repd_technology":"Solar Photovoltaics","status":"Awaiting Construction","technology":"solar"},"type":"Feature"},{"geometry":{"coordinates":[-2.0960859,51.6102596],"type":"Point"},"id":"GG2050-REPD-8918","properties":{"capacity_mw":49.9,"gg_project_id":"GG2050-REPD-8918","name":"Crudwell Road Solar Farm & Battery Storage","operator":"Five Lanes Solar Limited","repd_ref":"8918","repd_technology":"Solar Photovoltaics","status":"Awaiting Construction","technology":"solar"},"type":"Feature"},{"geometry":{"coordinates":[-3.3839228,50.8877354],"type":"Point"},"id":"GG2050-REPD-11753","properties":{"capacity_mw":49.9,"gg_project_id":"GG2050-REPD-11753","name":"Dean Hill Road - Solar Farm","operator":"Low Carbon Storage Ireland","repd_ref":"11753","repd_technology":"Solar Photovoltaics","status":"Awaiting Construction","technology":"solar"},"type":"Feature"},{"geometry":{"coordinates":[-2.1555794,52.0884144],"type":"Point"},"id":"GG2050-REPD-1980","properties":{"capacity_mw":49.9,"gg_project_id":"GG2050-REPD-1980","name":"Defford Aerodrome","operator":"Solar Planning","repd_ref":"1980","repd_technology":"Solar Photovoltaics","status":"Planning Permission Expired","technology":"solar"},"type":"Feature"},{"geometry":{"coordinates":[-1.0057419,51.710312],"type":"Point"},"id":"GG2050-REPD-8539","properties":{"capacity_mw":49.9,"gg_project_id":"GG2050-REPD-8539","name":"Dodwells Solar Farm","operator":"Opdenergy UK Limited","repd_ref":"8539","repd_technology":"Solar Photovoltaics","status":"Awaiting Construction","technology":"solar"},"type":"Feature"},{"geometry":{"coordinates":[-2.2056029,52.2925909],"type":"Point"},"id":"GG2050-REPD-8528","properties":{"capacity_mw":49.9,"gg_project_id":"GG2050-REPD-8528","name":"Doverdale - Solar Farm & Battery Storage","operator":"RWE","repd_ref":"8528","repd_technology":"Solar Photovoltaics","status":"Operational","technology":"solar"},"type":"Feature"},{"geometry":{"coordinates":[-1.6855503,51.1935655],"type":"Point"},"id":"GG2050-REPD-7616","properties":{"capacity_mw":49.9,"gg_project_id":"GG2050-REPD-7616","name":"Down Barn Farm","operator":"Scottish Power Renewables","repd_ref":"7616","repd_technology":"Solar Photovoltaics","status":"Awaiting Construction","technology":"solar"},"type":"Feature"},{"geometry":{"coordinates":[-0.8753139,53.2846282],"type":"Point"},"id":"GG2050-REPD-20872","properties":{"capacity_mw":49.9,"gg_project_id":"GG2050-REPD-20872","name":"Drayton Road, Upton - Solar Farm","operator":"High Marham Renewables Limited","repd_ref":"20872","repd_technology":"Solar Photovoltaics","status":"Application Submitted","technology":"solar"},"type":"Feature"},{"geometry":{"coordinates":[0.8397119,52.7048788],"type":"Point"},"id":"GG2050-REPD-18422","properties":{"capacity_mw":49.9,"gg_project_id":"GG2050-REPD-18422","name":"Dykewood Farm, Water End Lane - Solar Panels","operator":"Regener8 Power Limited","repd_ref":"18422","repd_technology":"Solar Photovoltaics","status":"Application Submitted","technology":"solar"},"type":"Feature"},{"geometry":{"coordinates":[0.0422922,51.7702546],"type":"Point"},"id":"GG2050-REPD-12925","properties":{"capacity_mw":49.9,"gg_project_id":"GG2050-REPD-12925","name":"East End Solar Farm","operator":"Low Carbon Solar Park 18","repd_ref":"12925","repd_technology":"Solar Photovoltaics","status":"Awaiting Construction","technology":"solar"},"type":"Feature"},{"geometry":{"coordinates":[0.97107,51.0929309],"type":"Point"},"id":"GG2050-REPD-9402","properties":{"capacity_mw":49.9,"gg_project_id":"GG2050-REPD-9402","name":"East Stour Solar Farm","operator":"EDF Energy Renewables","repd_ref":"9402","repd_technology":"Solar Photovoltaics","status":"Application Submitted","technology":"solar"},"type":"Feature"},{"geometry":{"coordinates":[0.4662077,51.1745227],"type":"Point"},"id":"GG2050-REPD-9194","properties":{"capacity_mw":49.9,"gg_project_id":"GG2050-REPD-9194","name":"Eckley Farms, Marden - Solar Energy Farm","operator":"Statkraft Wind UK Limited","repd_ref":"9194","repd_technology":"Solar Photovoltaics","status":"Awaiting Construction","technology":"solar"},"type":"Feature"},{"geometry":{"coordinates":[-1.3931198,53.1393398],"type":"Point"},"id":"GG2050-REPD-14804","properties":{"capacity_mw":49.9,"gg_project_id":"GG2050-REPD-14804","name":"Eden Meadows, Stretton Road, Morton - Solar PV Panels & Battery Energy Storage System","operator":"JBM Solar","repd_ref":"14804","repd_technology":"Solar Photovoltaics","status":"Application Refused","technology":"solar"},"type":"Feature"},{"geometry":{"coordinates":[-1.7242209,54.8349998],"type":"Point"},"id":"GG2050-REPD-11618","properties":{"capacity_mw":49.9,"gg_project_id":"GG2050-REPD-11618","name":"Edge Lane, Maiden Law - Solar Farm & Battery Storage","operator":"Lightsource BP","repd_ref":"11618","repd_technology":"Solar Photovoltaics","status":"Awaiting Construction","technology":"solar"},"type":"Feature"},{"geometry":{"coordinates":[-1.3975669,52.5248545],"type":"Point"},"id":"GG2050-REPD-8508","properties":{"capacity_mw":49.9,"gg_project_id":"GG2050-REPD-8508","name":"Elms Farm - Hinckley Solar Farm & Battery Storage","operator":"Low Carbon UK Solar Investment Co Limited","repd_ref":"8508","repd_technology":"Solar Photovoltaics","status":"Awaiting Construction","technology":"solar"},"type":"Feature"},{"geometry":{"coordinates":[-1.3977512,53.5862483],"type":"Point"},"id":"GG2050-REPD-18118","properties":{"capacity_mw":49.9,"gg_project_id":"GG2050-REPD-18118","name":"Engine Lane, Grimethorpe - Solar Farm","operator":"Enviromena","repd_ref":"18118","repd_technology":"Solar Photovoltaics","status":"Application Submitted","technology":"solar"},"type":"Feature"},{"geometry":{"coordinates":[0.3985359,52.7611072],"type":"Point"},"id":"GG2050-REPD-9345","properties":{"capacity_mw":49.9,"gg_project_id":"GG2050-REPD-9345","name":"Estuary Farm, Edward Benefer Way - Solar Farm & Battery Storage","operator":"Namene Solar","repd_ref":"9345","repd_technology":"Solar Photovoltaics","status":"Awaiting Construction","technology":"solar"},"type":"Feature"},{"geometry":{"coordinates":[-0.6767946,52.6969392],"type":"Point"},"id":"GG2050-REPD-11794","properties":{"capacity_mw":49.9,"gg_project_id":"GG2050-REPD-11794","name":"Exton Lane, Burley - Solar Farm & Battery Storage","operator":"Econergy International Limited","repd_ref":"11794","repd_technology":"Solar Photovoltaics","status":"Application Submitted","technology":"solar"},"type":"Feature"},{"geometry":{"coordinates":[-1.1569893,52.8806167],"type":"Point"},"id":"GG2050-REPD-9795","properties":{"capacity_mw":49.9,"gg_project_id":"GG2050-REPD-9795","name":"Fair Oaks Renewable Energy Park - Solar farm & Battery energy storage","operator":"Ridge Clean Energy Limited / L&G NTR Clean Power","repd_ref":"9795","repd_technology":"Solar Photovoltaics","status":"Awaiting Construction","technology":"solar"},"type":"Feature"},{"geometry":{"coordinates":[-5.0073233,50.3378199],"type":"Point"},"id":"GG2050-REPD-13760","properties":{"capacity_mw":49.9,"gg_project_id":"GG2050-REPD-13760","name":"Fair Park Solar Farm","operator":"Downing Renewable Developments Llp","repd_ref":"13760","repd_technology":"Solar Photovoltaics","status":"Awaiting Construction","technology":"solar"},"type":"Feature"},{"geometry":{"coordinates":[-1.4305625,52.1972961],"type":"Point"},"id":"GG2050-REPD-12137","properties":{"capacity_mw":49.9,"gg_project_id":"GG2050-REPD-12137","name":"Feldon Vale Solar Farm","operator":"Low Carbon","repd_ref":"12137","repd_technology":"Solar Photovoltaics","status":"Operational","technology":"solar"},"type":"Feature"},{"geometry":{"coordinates":[-1.4305625,52.1972961],"type":"Point"},"id":"GG2050-REPD-8185","properties":{"capacity_mw":49.9,"gg_project_id":"GG2050-REPD-8185","name":"Feldon Vale Solar Farm","operator":"Low Carbon Limited","repd_ref":"8185","repd_technology":"Solar Photovoltaics","status":"Awaiting Construction","technology":"solar"},"type":"Feature"},{"geometry":{"coordinates":[0.5095122,51.857413],"type":"Point"},"id":"GG2050-REPD-9069","properties":{"capacity_mw":49.9,"gg_project_id":"GG2050-REPD-9069","name":"Felsted School Road - Solar Photovoltaic Farm & Battery storage","operator":"Clearstone Energy","repd_ref":"9069","repd_technology":"Solar Photovoltaics","status":"Awaiting Construction","technology":"solar"},"type":"Feature"},{"geometry":{"coordinates":[0.3220376,51.5412173],"type":"Point"},"id":"GG2050-REPD-8411","properties":{"capacity_mw":49.9,"gg_project_id":"GG2050-REPD-8411","name":"Fen Lane, Bulphan Solar Farm","operator":"DIF Capital Partners","repd_ref":"8411","repd_technology":"Solar Photovoltaics","status":"Under Construction","technology":"solar"},"type":"Feature"},{"geometry":{"coordinates":[-2.2548642,51.028066],"type":"Point"},"id":"GG2050-REPD-8505","properties":{"capacity_mw":49.9,"gg_project_id":"GG2050-REPD-8505","name":"Fernbrook - Solar farm & Battery storage","operator":"Low Carbon UK Solar Investment Company Limited","repd_ref":"8505","repd_technology":"Solar Photovoltaics","status":"Awaiting Construction","technology":"solar"},"type":"Feature"},{"geometry":{"coordinates":[-2.3783411,52.8500749],"type":"Point"},"id":"GG2050-REPD-9741","properties":{"capacity_mw":49.9,"gg_project_id":"GG2050-REPD-9741","name":"Flashbrook Road, Knighton - Solar Farm","operator":"Scottish Power Renewables","repd_ref":"9741","repd_technology":"Solar Photovoltaics","status":"Application Submitted","technology":"solar"},"type":"Feature"},{"geometry":{"coordinates":[-2.0767841,51.4429074],"type":"Point"},"id":"GG2050-REPD-9229","properties":{"capacity_mw":49.9,"gg_project_id":"GG2050-REPD-9229","name":"Forest Gate - Solar Farm & Battery Storage","operator":"Eden Renewables","repd_ref":"9229","repd_technology":"Solar Photovoltaics","status":"Awaiting Construction","technology":"solar"},"type":"Feature"},{"geometry":{"coordinates":[-2.1925069,55.0217775],"type":"Point"},"id":"GG2050-REPD-18691","properties":{"capacity_mw":49.9,"gg_project_id":"GG2050-REPD-18691","name":"Fourstones - Solar Park","operator":"Mespil Solar Energy","repd_ref":"18691","repd_technology":"Solar Photovoltaics","status":"Application Submitted","technology":"solar"},"type":"Feature"},{"geometry":{"coordinates":[-0.836739,53.1379114],"type":"Point"},"id":"GG2050-REPD-12881","properties":{"capacity_mw":49.9,"gg_project_id":"GG2050-REPD-12881","name":"Foxholes Farm, Bathley Lane - Solar Farm","operator":"Elgin Energy","repd_ref":"12881","repd_technology":"Solar Photovoltaics","status":"Application Refused","technology":"solar"},"type":"Feature"},{"geometry":{"coordinates":[-0.4691947,52.3996987],"type":"Point"},"id":"GG2050-REPD-12754","properties":{"capacity_mw":49.9,"gg_project_id":"GG2050-REPD-12754","name":"Foxholes Farm, Roman Road - Solar Panels","operator":"Elgin Energy Esco Limited","repd_ref":"12754","repd_technology":"Solar Photovoltaics","status":"Application Submitted","technology":"solar"},"type":"Feature"},{"geometry":{"coordinates":[-2.0974035,52.3216965],"type":"Point"},"id":"GG2050-REPD-14914","properties":{"capacity_mw":49.9,"gg_project_id":"GG2050-REPD-14914","name":"Foxwalks Farm, Grafton Lane - Solar Farm","operator":"Spring Dev 10 Limited","repd_ref":"14914","repd_technology":"Solar Photovoltaics","status":"Awaiting Construction","technology":"solar"},"type":"Feature"},{"geometry":{"coordinates":[-0.2315267,53.7657111],"type":"Point"},"id":"GG2050-REPD-13654","properties":{"capacity_mw":49.9,"gg_project_id":"GG2050-REPD-13654","name":"Froghall Farm, Wyton Road - Solar Farm & Battery Energy Storage","operator":"GAM Capital Limited","repd_ref":"13654","repd_technology":"Solar Photovoltaics","status":"Awaiting Construction","technology":"solar"},"type":"Feature"},{"geometry":{"coordinates":[-1.0468912,52.2475519],"type":"Point"},"id":"GG2050-REPD-11380","properties":{"capacity_mw":49.9,"gg_project_id":"GG2050-REPD-11380","name":"Glassthorpe Hill, Flore - Solar Farm","operator":"EDF Renewables","repd_ref":"11380","repd_technology":"Solar Photovoltaics","status":"Application Submitted","technology":"solar"},"type":"Feature"},{"geometry":{"coordinates":[-3.0269978,56.4699981],"type":"Point"},"id":"GG2050-REPD-8480","properties":{"capacity_mw":49.9,"gg_project_id":"GG2050-REPD-8480","name":"Grange Of Berryhill - Solar Farm","operator":"Uniper UK Limited","repd_ref":"8480","repd_technology":"Solar Photovoltaics","status":"Awaiting Construction","technology":"solar"},"type":"Feature"},{"geometry":{"coordinates":[-1.1433752,52.0379983],"type":"Point"},"id":"GG2050-REPD-9320","properties":{"capacity_mw":49.9,"gg_project_id":"GG2050-REPD-9320","name":"Greatworth - Solar Farm & Battery Stations","operator":"JBM Solar Projects 20 Limited","repd_ref":"9320","repd_technology":"Solar Photovoltaics","status":"Revised","technology":"solar"},"type":"Feature"},{"geometry":{"coordinates":[-4.9081221,50.3387442],"type":"Point"},"id":"GG2050-REPD-15619","properties":{"capacity_mw":49.9,"gg_project_id":"GG2050-REPD-15619","name":"Green Acres Farm, Scarcewater - Solar Farm","operator":"EDF Renewables","repd_ref":"15619","repd_technology":"Solar Photovoltaics","status":"Application Submitted","technology":"solar"},"type":"Feature"},{"geometry":{"coordinates":[-1.2476958,53.9838106],"type":"Point"},"id":"GG2050-REPD-19332","properties":{"capacity_mw":49.9,"gg_project_id":"GG2050-REPD-19332","name":"Green Lane, Moor Monkton - Solar Panels & Battery Energy Storage System","operator":"Eden Renewables","repd_ref":"19332","repd_technology":"Solar Photovoltaics","status":"Application Submitted","technology":"solar"},"type":"Feature"},{"geometry":{"coordinates":[-1.8172661,54.9125389],"type":"Point"},"id":"GG2050-REPD-14959","properties":{"capacity_mw":49.9,"gg_project_id":"GG2050-REPD-14959","name":"Greenhead Energy Park","operator":"Exagen","repd_ref":"14959","repd_technology":"Solar Photovoltaics","status":"Application Submitted","technology":"solar"},"type":"Feature"},{"geometry":{"coordinates":[-0.1735205,53.5603118],"type":"Point"},"id":"GG2050-REPD-7889","properties":{"capacity_mw":49.9,"gg_project_id":"GG2050-REPD-7889","name":"Grimsby Solar Farm","operator":"Aura Power","repd_ref":"7889","repd_technology":"Solar Photovoltaics","status":"Under Construction","technology":"solar"},"type":"Feature"},{"geometry":{"coordinates":[0.1827248,52.7390841],"type":"Point"},"id":"GG2050-REPD-9318","properties":{"capacity_mw":49.9,"gg_project_id":"GG2050-REPD-9318","name":"Gunthorpe Road, Marsh - Solar Farm","operator":"Walpole Green Limited","repd_ref":"9318","repd_technology":"Solar Photovoltaics","status":"Awaiting Construction","technology":"solar"},"type":"Feature"},{"geometry":{"coordinates":[-1.3702065,54.793016],"type":"Point"},"id":"GG2050-REPD-18987","properties":{"capacity_mw":49.9,"gg_project_id":"GG2050-REPD-18987","name":"Hallfield Farm, Easington - Solar Farm","operator":"Eden Renewables","repd_ref":"18987","repd_technology":"Solar Photovoltaics","status":"Application Submitted","technology":"solar"},"type":"Feature"},{"geometry":{"coordinates":[-1.1990475,52.0651554],"type":"Point"},"id":"GG2050-REPD-10877","properties":{"capacity_mw":49.9,"gg_project_id":"GG2050-REPD-10877","name":"Halse Road - Solar Farm & Battery Storage","operator":"JBM Solar Projects Limited","repd_ref":"10877","repd_technology":"Solar Photovoltaics","status":"Awaiting Construction","technology":"solar"},"type":"Feature"},{"geometry":{"coordinates":[-1.0131422,51.7047906],"type":"Point"},"id":"GG2050-REPD-7956","properties":{"capacity_mw":49.9,"gg_project_id":"GG2050-REPD-7956","name":"Harlesford Solar Farm","operator":"Harlesford Solar Farm Limited","repd_ref":"7956","repd_technology":"Solar Photovoltaics","status":"Awaiting Construction","technology":"solar"},"type":"Feature"},{"geometry":{"coordinates":[-1.3890068,53.2163818],"type":"Point"},"id":"GG2050-REPD-7887","properties":{"capacity_mw":49.9,"gg_project_id":"GG2050-REPD-7887","name":"Hasland Photovoltaic Solar Park","operator":"Kronos Solar","repd_ref":"7887","repd_technology":"Solar Photovoltaics","status":"Awaiting Construction","technology":"solar"},"type":"Feature"},{"geometry":{"coordinates":[-1.5101966,51.2482729],"type":"Point"},"id":"GG2050-REPD-7425","properties":{"capacity_mw":49.9,"gg_project_id":"GG2050-REPD-7425","name":"Hatherden Farm","operator":"Nextpower SPV 10 Limited","repd_ref":"7425","repd_technology":"Solar Photovoltaics","status":"Operational","technology":"solar"},"type":"Feature"},{"geometry":{"coordinates":[-0.2137112,53.2749355],"type":"Point"},"id":"GG2050-REPD-11460","properties":{"capacity_mw":49.9,"gg_project_id":"GG2050-REPD-11460","name":"Hatton Solar Farm","operator":"Push Energy","repd_ref":"11460","repd_technology":"Solar Photovoltaics","status":"Awaiting Construction","technology":"solar"},"type":"Feature"},{"geometry":{"coordinates":[-1.6550906,52.6903889],"type":"Point"},"id":"GG2050-REPD-8181","properties":{"capacity_mw":49.9,"gg_project_id":"GG2050-REPD-8181","name":"Haunton Solar Farm","operator":"Stark Energy","repd_ref":"8181","repd_technology":"Solar Photovoltaics","status":"Awaiting Construction","technology":"solar"},"type":"Feature"},{"geometry":{"coordinates":[-1.4048889,54.809951],"type":"Point"},"id":"GG2050-REPD-9799","properties":{"capacity_mw":49.9,"gg_project_id":"GG2050-REPD-9799","name":"Hawthorn Pit -Solar Farm","operator":"Aura Power Developments Limited","repd_ref":"9799","repd_technology":"Solar Photovoltaics","status":"Awaiting Construction","technology":"solar"},"type":"Feature"},{"geometry":{"coordinates":[-1.3409504,53.8433548],"type":"Point"},"id":"GG2050-REPD-18949","properties":{"capacity_mw":49.9,"gg_project_id":"GG2050-REPD-18949","name":"Hayton House Farm - Solar Farm","operator":"Econergy International Limited","repd_ref":"18949","repd_technology":"Solar Photovoltaics","status":"Application Submitted","technology":"solar"},"type":"Feature"},{"geometry":{"coordinates":[-1.5493579,54.7102196],"type":"Point"},"id":"GG2050-REPD-9553","properties":{"capacity_mw":49.9,"gg_project_id":"GG2050-REPD-9553","name":"Hett Moor Farm, Hett - Solar Farm","operator":"Lightsource SPV 189 Limited","repd_ref":"9553","repd_technology":"Solar Photovoltaics","status":"Revised","technology":"solar"},"type":"Feature"},{"geometry":{"coordinates":[-1.32098,54.6826089],"type":"Point"},"id":"GG2050-REPD-16081","properties":{"capacity_mw":49.9,"gg_project_id":"GG2050-REPD-16081","name":"High Barnes Farm, Coal Lane - Solar Farm","operator":"Enviromena Project Management UK Limited","repd_ref":"16081","repd_technology":"Solar Photovoltaics","status":"Awaiting Construction","technology":"solar"},"type":"Feature"},{"geometry":{"coordinates":[-2.5889567,52.7674383],"type":"Point"},"id":"GG2050-REPD-13183","properties":{"capacity_mw":49.9,"gg_project_id":"GG2050-REPD-13183","name":"High Ercall Solar Farm","operator":"Assured Asset Solar 1 Limited","repd_ref":"13183","repd_technology":"Solar Photovoltaics","status":"Awaiting Construction","technology":"solar"},"type":"Feature"},{"geometry":{"coordinates":[-4.103705,54.8228483],"type":"Point"},"id":"GG2050-REPD-10532","properties":{"capacity_mw":49.9,"gg_project_id":"GG2050-REPD-10532","name":"High Nunton Farm - Solar Farm & Battery Storage","operator":"High Nunton Solar Limited","repd_ref":"10532","repd_technology":"Solar Photovoltaics","status":"Awaiting Construction","technology":"solar"},"type":"Feature"},{"geometry":{"coordinates":[-2.3451602,51.9077201],"type":"Point"},"id":"GG2050-REPD-10797","properties":{"capacity_mw":49.9,"gg_project_id":"GG2050-REPD-10797","name":"Highleadon - Solar Arrays & Battery Storage","operator":"RWE","repd_ref":"10797","repd_technology":"Solar Photovoltaics","status":"Operational","technology":"solar"},"type":"Feature"},{"geometry":{"coordinates":[-0.3375636,51.6572855],"type":"Point"},"id":"GG2050-REPD-11564","properties":{"capacity_mw":49.9,"gg_project_id":"GG2050-REPD-11564","name":"Hilfield - Solar arrays & Battery storage","operator":"Elstree Green Limited","repd_ref":"11564","repd_technology":"Solar Photovoltaics","status":"Application Withdrawn","technology":"solar"},"type":"Feature"},{"geometry":{"coordinates":[-0.3375636,51.6572855],"type":"Point"},"id":"GG2050-REPD-8065","properties":{"capacity_mw":49.9,"gg_project_id":"GG2050-REPD-8065","name":"Hilfield Solar Farm & Battery Storage Facility","operator":"Elstree Green Limited","repd_ref":"8065","repd_technology":"Solar Photovoltaics","status":"Revised","technology":"solar"},"type":"Feature"},{"geometry":{"coordinates":[-2.5276008,51.6638517],"type":"Point"},"id":"GG2050-REPD-8889","properties":{"capacity_mw":49.9,"gg_project_id":"GG2050-REPD-8889","name":"Hill Court, Tranton Lane Hill - Solar Farm","operator":"Longlands Solar Farm Limited","repd_ref":"8889","repd_technology":"Solar Photovoltaics","status":"Awaiting Construction","technology":"solar"},"type":"Feature"},{"geometry":{"coordinates":[-1.2236092,53.757481],"type":"Point"},"id":"GG2050-REPD-14040","properties":{"capacity_mw":49.9,"gg_project_id":"GG2050-REPD-14040","name":"Hillam Grange, Austfield Lane - Solar Farm","operator":"Noventum Power Limited","repd_ref":"14040","repd_technology":"Solar Photovoltaics","status":"Awaiting Construction","technology":"solar"},"type":"Feature"},{"geometry":{"coordinates":[-0.8997991,53.1148594],"type":"Point"},"id":"GG2050-REPD-10080","properties":{"capacity_mw":49.9,"gg_project_id":"GG2050-REPD-10080","name":"Hockerton Road, Caunton - Solar Farm","operator":"Muskham Solar Limited","repd_ref":"10080","repd_technology":"Solar Photovoltaics","status":"Awaiting Construction","technology":"solar"},"type":"Feature"},{"geometry":{"coordinates":[-1.6564865,52.3455658],"type":"Point"},"id":"GG2050-REPD-9093","properties":{"capacity_mw":49.9,"gg_project_id":"GG2050-REPD-9093","name":"Honiley Road - Solar Farm","operator":"Enso Green Holdings P Limited","repd_ref":"9093","repd_technology":"Solar Photovoltaics","status":"Revised","technology":"solar"},"type":"Feature"},{"geometry":{"coordinates":[-0.3217001,50.9094932],"type":"Point"},"id":"GG2050-REPD-10657","properties":{"capacity_mw":49.9,"gg_project_id":"GG2050-REPD-10657","name":"Horsham Road - Solar Farm & Battery Storage","operator":"Bolney Green Limited","repd_ref":"10657","repd_technology":"Solar Photovoltaics","status":"Application Submitted","technology":"solar"},"type":"Feature"},{"geometry":{"coordinates":[0.233006,51.3909997],"type":"Point"},"id":"GG2050-REPD-8501","properties":{"capacity_mw":49.9,"gg_project_id":"GG2050-REPD-8501","name":"Horton Wood - Solar park","operator":"NextPower Horton Wood Limited","repd_ref":"8501","repd_technology":"Solar Photovoltaics","status":"Awaiting Construction","technology":"solar"},"type":"Feature"},{"geometry":{"coordinates":[0.3277888,51.368587],"type":"Point"},"id":"GG2050-REPD-16695","properties":{"capacity_mw":49.9,"gg_project_id":"GG2050-REPD-16695","name":"Idleigh Court Road, New Ash Green - Solar Array","operator":"Evolution Power","repd_ref":"16695","repd_technology":"Solar Photovoltaics","status":"Application Submitted","technology":"solar"},"type":"Feature"},{"geometry":{"coordinates":[-0.2048804,53.6066604],"type":"Point"},"id":"GG2050-REPD-16091","properties":{"capacity_mw":49.9,"gg_project_id":"GG2050-REPD-16091","name":"Immingham Solar Farm - Solar Farm","operator":"One Planet Developments Limited","repd_ref":"16091","repd_technology":"Solar Photovoltaics","status":"Awaiting Construction","technology":"solar"},"type":"Feature"},{"geometry":{"coordinates":[-3.0028455,51.0793607],"type":"Point"},"id":"GG2050-REPD-9168","properties":{"capacity_mw":49.9,"gg_project_id":"GG2050-REPD-9168","name":"Impens Farm - Solar Farm & Battery Storage","operator":"Enso Energy Holdings H Limited","repd_ref":"9168","repd_technology":"Solar Photovoltaics","status":"Awaiting Construction","technology":"solar"},"type":"Feature"},{"geometry":{"coordinates":[-1.0660199,53.1284058],"type":"Point"},"id":"GG2050-REPD-7223","properties":{"capacity_mw":49.9,"gg_project_id":"GG2050-REPD-7223","name":"Inkersall Grange Farm","operator":"Nextpower Inkersall Limited","repd_ref":"7223","repd_technology":"Solar Photovoltaics","status":"Operational","technology":"solar"},"type":"Feature"},{"geometry":{"coordinates":[0.7644258,52.6949511],"type":"Point"},"id":"GG2050-REPD-10307","properties":{"capacity_mw":49.9,"gg_project_id":"GG2050-REPD-10307","name":"Jafa, Great Dunham - Solar Photovoltaic Farm & Battery Storage","operator":"Low Carbon UK Solar Investment Co Limited","repd_ref":"10307","repd_technology":"Solar Photovoltaics","status":"Awaiting Construction","technology":"solar"},"type":"Feature"},{"geometry":{"coordinates":[-0.849039,52.9178661],"type":"Point"},"id":"GG2050-REPD-8227","properties":{"capacity_mw":49.9,"gg_project_id":"GG2050-REPD-8227","name":"Jericho Covert Solar Farm","operator":"Green Farm Solar Limited","repd_ref":"8227","repd_technology":"Solar Photovoltaics","status":"Awaiting Construction","technology":"solar"},"type":"Feature"},{"geometry":{"coordinates":[-2.0303407,51.6603494],"type":"Point"},"id":"GG2050-REPD-8136","properties":{"capacity_mw":49.9,"gg_project_id":"GG2050-REPD-8136","name":"Kemble Wick","operator":"Aura Power","repd_ref":"8136","repd_technology":"Solar Photovoltaics","status":"Operational","technology":"solar"},"type":"Feature"},{"geometry":{"coordinates":[-0.3556089,53.8199376],"type":"Point"},"id":"GG2050-REPD-13832","properties":{"capacity_mw":49.9,"gg_project_id":"GG2050-REPD-13832","name":"Kenley House Farm, Ferry Road - Solar Farm","operator":"Lighthouse Development Consulting","repd_ref":"13832","repd_technology":"Solar Photovoltaics","status":"Application Submitted","technology":"solar"},"type":"Feature"},{"geometry":{"coordinates":[-0.3567334,53.8292477],"type":"Point"},"id":"GG2050-REPD-11367","properties":{"capacity_mw":49.9,"gg_project_id":"GG2050-REPD-11367","name":"Kenley Solar Farm","operator":"Boom Power Limited","repd_ref":"11367","repd_technology":"Solar Photovoltaics","status":"Awaiting Construction","technology":"solar"},"type":"Feature"},{"geometry":{"coordinates":[1.3160921,52.1649822],"type":"Point"},"id":"GG2050-REPD-18299","properties":{"capacity_mw":49.9,"gg_project_id":"GG2050-REPD-18299","name":"Kettleburgh Road Easton - Solar Panels & Battery Storage","operator":"Quintas Cleantech","repd_ref":"18299","repd_technology":"Solar Photovoltaics","status":"Application Submitted","technology":"solar"},"type":"Feature"},{"geometry":{"coordinates":[-1.2183406,52.8602253],"type":"Point"},"id":"GG2050-REPD-8904","properties":{"capacity_mw":49.9,"gg_project_id":"GG2050-REPD-8904","name":"Kingston Solar farm","operator":"Renewable Energy System Limited","repd_ref":"8904","repd_technology":"Solar Photovoltaics","status":"Application Refused","technology":"solar"},"type":"Feature"},{"geometry":{"coordinates":[-3.545791,56.4100716],"type":"Point"},"id":"GG2050-REPD-14664","properties":{"capacity_mw":49.9,"gg_project_id":"GG2050-REPD-14664","name":"Kinnon Park Farm, Methven - Solar Farm & Battery Storage","operator":"Namene Solar","repd_ref":"14664","repd_technology":"Solar Photovoltaics","status":"Application Refused","technology":"solar"},"type":"Feature"},{"geometry":{"coordinates":[-0.8948584,53.120504],"type":"Point"},"id":"GG2050-REPD-9894","properties":{"capacity_mw":49.9,"gg_project_id":"GG2050-REPD-9894","name":"Knapthorpe Grange, Caunton - Solar Farm","operator":"Knapthorpe Solar Limited","repd_ref":"9894","repd_technology":"Solar Photovoltaics","status":"Awaiting Construction","technology":"solar"},"type":"Feature"},{"geometry":{"coordinates":[-1.5901448,53.6545457],"type":"Point"},"id":"GG2050-REPD-10199","properties":{"capacity_mw":49.9,"gg_project_id":"GG2050-REPD-10199","name":"Lady Ings Farm, Middlestown - Solar Photovoltaic Farm","operator":"Boom Developments Limited","repd_ref":"10199","repd_technology":"Solar Photovoltaics","status":"Awaiting Construction","technology":"solar"},"type":"Feature"},{"geometry":{"coordinates":[-2.7695807,55.0015045],"type":"Point"},"id":"GG2050-REPD-8526","properties":{"capacity_mw":49.9,"gg_project_id":"GG2050-REPD-8526","name":"Leaps Rigg - Solar Farm","operator":"Opdenergy UK 7 Limited","repd_ref":"8526","repd_technology":"Solar Photovoltaics","status":"Awaiting Construction","technology":"solar"},"type":"Feature"},{"geometry":{"coordinates":[-0.6772892,51.880971],"type":"Point"},"id":"GG2050-REPD-11814","properties":{"capacity_mw":49.9,"gg_project_id":"GG2050-REPD-11814","name":"Ledburn, Mentmore - Solar Farm","operator":"Vattenfall Wind Power Limited (Vattenfall)","repd_ref":"11814","repd_technology":"Solar Photovoltaics","status":"Awaiting Construction","technology":"solar"},"type":"Feature"},{"geometry":{"coordinates":[-2.1715907,51.5087955],"type":"Point"},"id":"GG2050-REPD-9237","properties":{"capacity_mw":49.9,"gg_project_id":"GG2050-REPD-9237","name":"Leigh Delamere - Solar farm & Battery storage","operator":"Eden Renewables","repd_ref":"9237","repd_technology":"Solar Photovoltaics","status":"Under Construction","technology":"solar"},"type":"Feature"},{"geometry":{"coordinates":[-1.2327954,53.6861459],"type":"Point"},"id":"GG2050-REPD-19160","properties":{"capacity_mw":49.9,"gg_project_id":"GG2050-REPD-19160","name":"Leys Lane - Solar Panels","operator":"Farm Energy Company","repd_ref":"19160","repd_technology":"Solar Photovoltaics","status":"Application Submitted","technology":"solar"},"type":"Feature"},{"geometry":{"coordinates":[-4.1209721,51.0451782],"type":"Point"},"id":"GG2050-REPD-8101","properties":{"capacity_mw":49.9,"gg_project_id":"GG2050-REPD-8101","name":"Litchardon Cross Solar Farm","operator":"Aura Power / Infinis Energy Services","repd_ref":"8101","repd_technology":"Solar Photovoltaics","status":"Operational","technology":"solar"},"type":"Feature"},{"geometry":{"coordinates":[0.3293665,52.2781327],"type":"Point"},"id":"GG2050-REPD-9129","properties":{"capacity_mw":49.9,"gg_project_id":"GG2050-REPD-9129","name":"Long Barrow Solar Farm Project","operator":"Low Carbon Solar Park 42 Limited","repd_ref":"9129","repd_technology":"Solar Photovoltaics","status":"Application Submitted","technology":"solar"},"type":"Feature"},{"geometry":{"coordinates":[-1.4717811,54.5706199],"type":"Point"},"id":"GG2050-REPD-12951","properties":{"capacity_mw":49.9,"gg_project_id":"GG2050-REPD-12951","name":"Long Pasture Farm, Little Stainton - Solar Farm","operator":"Electric Works","repd_ref":"12951","repd_technology":"Solar Photovoltaics","status":"Awaiting Construction","technology":"solar"},"type":"Feature"},{"geometry":{"coordinates":[-0.8373858,53.2699986],"type":"Point"},"id":"GG2050-REPD-20981","properties":{"capacity_mw":49.9,"gg_project_id":"GG2050-REPD-20981","name":"Long Ridding Lane, East Drayton - Solar Farm","operator":"High Marnham Renewables Limited","repd_ref":"20981","repd_technology":"Solar Photovoltaics","status":"Application Submitted","technology":"solar"},"type":"Feature"},{"geometry":{"coordinates":[-1.2627822,52.7943278],"type":"Point"},"id":"GG2050-REPD-11364","properties":{"capacity_mw":49.9,"gg_project_id":"GG2050-REPD-11364","name":"Long Whatton - Solar Farm","operator":"Endurance Energy Oakley Limited","repd_ref":"11364","repd_technology":"Solar Photovoltaics","status":"Awaiting Construction","technology":"solar"},"type":"Feature"},{"geometry":{"coordinates":[-0.8869617,51.9121915],"type":"Point"},"id":"GG2050-REPD-14279","properties":{"capacity_mw":49.9,"gg_project_id":"GG2050-REPD-14279","name":"Longbreach Solar Farm","operator":"Noventum Power Limited","repd_ref":"14279","repd_technology":"Solar Photovoltaics","status":"Application Submitted","technology":"solar"},"type":"Feature"},{"geometry":{"coordinates":[-0.8521584,52.9815526],"type":"Point"},"id":"GG2050-REPD-11063","properties":{"capacity_mw":49.9,"gg_project_id":"GG2050-REPD-11063","name":"Longhedge Solar Farm","operator":"Renewable Energy Systems","repd_ref":"11063","repd_technology":"Solar Photovoltaics","status":"Awaiting Construction","technology":"solar"},"type":"Feature"},{"geometry":{"coordinates":[-1.0375429,50.9138109],"type":"Point"},"id":"GG2050-REPD-9257","properties":{"capacity_mw":49.9,"gg_project_id":"GG2050-REPD-9257","name":"Lovedean, Denmead - Solar farm & Battery storage","operator":"Lovedean Green Limited","repd_ref":"9257","repd_technology":"Solar Photovoltaics","status":"Application Submitted","technology":"solar"},"type":"Feature"},{"geometry":{"coordinates":[0.1807074,53.0989705],"type":"Point"},"id":"GG2050-REPD-8053","properties":{"capacity_mw":49.9,"gg_project_id":"GG2050-REPD-8053","name":"Low Farm Solar Farm","operator":"Gresham House / Anesco Limited","repd_ref":"8053","repd_technology":"Solar Photovoltaics","status":"Under Construction","technology":"solar"},"type":"Feature"},{"geometry":{"coordinates":[-1.6285281,53.6410177],"type":"Point"},"id":"GG2050-REPD-9770","properties":{"capacity_mw":49.9,"gg_project_id":"GG2050-REPD-9770","name":"Low Farm, Flockton - Solar Photovoltaic Farm","operator":"Downing LLP","repd_ref":"9770","repd_technology":"Solar Photovoltaics","status":"Awaiting Construction","technology":"solar"},"type":"Feature"},{"geometry":{"coordinates":[0.176373,50.8623625],"type":"Point"},"id":"GG2050-REPD-10580","properties":{"capacity_mw":49.9,"gg_project_id":"GG2050-REPD-10580","name":"Lower Claverham Farm & Mount Pleasant Farm, Berwick - Solar Farm","operator":"Scottish Power Renewables","repd_ref":"10580","repd_technology":"Solar Photovoltaics","status":"Application Refused","technology":"solar"},"type":"Feature"},{"geometry":{"coordinates":[-1.962978,52.8397147],"type":"Point"},"id":"GG2050-REPD-13549","properties":{"capacity_mw":49.9,"gg_project_id":"GG2050-REPD-13549","name":"Lower Farm, Drointon Lane - Solar farm & Battery Energy Storage","operator":"Innova Renewables","repd_ref":"13549","repd_technology":"Solar Photovoltaics","status":"Awaiting Construction","technology":"solar"},"type":"Feature"},{"geometry":{"coordinates":[-0.8685493,51.7659425],"type":"Point"},"id":"GG2050-REPD-9082","properties":{"capacity_mw":49.9,"gg_project_id":"GG2050-REPD-9082","name":"Lower Waldridge Farm, Ford - Solar Farm","operator":"Low Carbon UK Solar Investment Co Limited","repd_ref":"9082","repd_technology":"Solar Photovoltaics","status":"Revised","technology":"solar"},"type":"Feature"},{"geometry":{"coordinates":[-1.5572832,52.7736319],"type":"Point"},"id":"GG2050-REPD-9396","properties":{"capacity_mw":49.9,"gg_project_id":"GG2050-REPD-9396","name":"Lullington Solar Park","operator":"Lullington Solar Park Limited","repd_ref":"9396","repd_technology":"Solar Photovoltaics","status":"Revised","technology":"solar"},"type":"Feature"},{"geometry":{"coordinates":[0.1489198,51.9279868],"type":"Point"},"id":"GG2050-REPD-18946","properties":{"capacity_mw":49.9,"gg_project_id":"GG2050-REPD-18946","name":"Maggots End Road, Berden - Solar Farm & Battery Storage","operator":"Low Carbon Limited","repd_ref":"18946","repd_technology":"Solar Photovoltaics","status":"Application Refused","technology":"solar"},"type":"Feature"},{"geometry":{"coordinates":[0.1489198,51.9279868],"type":"Point"},"id":"GG2050-REPD-9942","properties":{"capacity_mw":49.9,"gg_project_id":"GG2050-REPD-9942","name":"Maggots End Road, Berden - Solar Farm & Battery Storage","operator":"Low Carbon Limited","repd_ref":"9942","repd_technology":"Solar Photovoltaics","status":"Revised","technology":"solar"},"type":"Feature"},{"geometry":{"coordinates":[0.4345379,51.1485739],"type":"Point"},"id":"GG2050-REPD-10577","properties":{"capacity_mw":49.9,"gg_project_id":"GG2050-REPD-10577","name":"Maidstone Road, Horsmonden - Paddock Solar Farm","operator":"Voltalia UK","repd_ref":"10577","repd_technology":"Solar Photovoltaics","status":"Under Construction","technology":"solar"},"type":"Feature"},{"geometry":{"coordinates":[-0.8468683,53.093458],"type":"Point"},"id":"GG2050-REPD-11998","properties":{"capacity_mw":49.9,"gg_project_id":"GG2050-REPD-11998","name":"Main Street, Kelham - Solar Farm & Battery Energy Storage","operator":"Assured Asset Solar 2 Limited (Peridot Solar)","repd_ref":"11998","repd_technology":"Solar Photovoltaics","status":"Awaiting Construction","technology":"solar"},"type":"Feature"},{"geometry":{"coordinates":[-0.0326036,52.6641809],"type":"Point"},"id":"GG2050-REPD-19562","properties":{"capacity_mw":49.9,"gg_project_id":"GG2050-REPD-19562","name":"Malice Farm, French Drove - Solar Farm","operator":"FRV TH Powertek Limited","repd_ref":"19562","repd_technology":"Solar Photovoltaics","status":"Awaiting Construction","technology":"solar"},"type":"Feature"},{"geometry":{"coordinates":[-2.8790014,51.3722597],"type":"Point"},"id":"GG2050-REPD-14331","properties":{"capacity_mw":49.9,"gg_project_id":"GG2050-REPD-14331","name":"Manor Farm, Wick Lane - Solar Farm & Battery Storage","operator":"Qair UK","repd_ref":"14331","repd_technology":"Solar Photovoltaics","status":"Application Submitted","technology":"solar"},"type":"Feature"},{"geometry":{"coordinates":[-1.105248,52.8039967],"type":"Point"},"id":"GG2050-REPD-18150","properties":{"capacity_mw":49.9,"gg_project_id":"GG2050-REPD-18150","name":"Mantle Solar Farm, Wymeswold - Solar Farm","operator":"Exagen","repd_ref":"18150","repd_technology":"Solar Photovoltaics","status":"Application Submitted","technology":"solar"},"type":"Feature"},{"geometry":{"coordinates":[1.1862267,51.3317869],"type":"Point"},"id":"GG2050-REPD-8892","properties":{"capacity_mw":49.9,"gg_project_id":"GG2050-REPD-8892","name":"Marley Lane Solar Farm & Battery Storage","operator":"Enso Energy Limited","repd_ref":"8892","repd_technology":"Solar Photovoltaics","status":"Application Refused","technology":"solar"},"type":"Feature"},{"geometry":{"coordinates":[0.4835506,51.5404355],"type":"Point"},"id":"GG2050-REPD-8097","properties":{"capacity_mw":49.9,"gg_project_id":"GG2050-REPD-8097","name":"Marsh Farm","operator":"Rayleigh Green","repd_ref":"8097","repd_technology":"Solar Photovoltaics","status":"Revised","technology":"solar"},"type":"Feature"},{"geometry":{"coordinates":[0.4766377,51.5273345],"type":"Point"},"id":"GG2050-REPD-14713","properties":{"capacity_mw":49.9,"gg_project_id":"GG2050-REPD-14713","name":"Marsh Farm, Fobbing - Solar Arrays & Battery Storage","operator":"Rayleigh Green Limited","repd_ref":"14713","repd_technology":"Solar Photovoltaics","status":"Application Withdrawn","technology":"solar"},"type":"Feature"},{"geometry":{"coordinates":[0.2919173,51.5106399],"type":"Point"},"id":"GG2050-REPD-10369","properties":{"capacity_mw":49.9,"gg_project_id":"GG2050-REPD-10369","name":"Medebridge Road - Solar Farm","operator":"Medebridge Solar","repd_ref":"10369","repd_technology":"Solar Photovoltaics","status":"Operational","technology":"solar"},"type":"Feature"},{"geometry":{"coordinates":[0.2256774,52.6731878],"type":"Point"},"id":"GG2050-REPD-12717","properties":{"capacity_mw":49.9,"gg_project_id":"GG2050-REPD-12717","name":"Meerdyke Solar Panels & Battery Storage","operator":"Downing Renewable Developments Llp","repd_ref":"12717","repd_technology":"Solar Photovoltaics","status":"Awaiting Construction","technology":"solar"},"type":"Feature"},{"geometry":{"coordinates":[-3.3222356,56.4939434],"type":"Point"},"id":"GG2050-REPD-11985","properties":{"capacity_mw":49.9,"gg_project_id":"GG2050-REPD-11985","name":"Milton Of Collace, Burrelton - Solar Farm","operator":"Solar 2 Limited","repd_ref":"11985","repd_technology":"Solar Photovoltaics","status":"Application Refused","technology":"solar"},"type":"Feature"},{"geometry":{"coordinates":[-3.3142647,56.489841],"type":"Point"},"id":"GG2050-REPD-16122","properties":{"capacity_mw":49.9,"gg_project_id":"GG2050-REPD-16122","name":"Milton Of Collace, Burrelton - Solar Farm","operator":"Solar 2 Limited","repd_ref":"16122","repd_technology":"Solar Photovoltaics","status":"Application Refused","technology":"solar"},"type":"Feature"},{"geometry":{"coordinates":[-2.3890208,51.9183363],"type":"Point"},"id":"GG2050-REPD-10624","properties":{"capacity_mw":49.9,"gg_project_id":"GG2050-REPD-10624","name":"Moat Farm - Solar Farm","operator":"Elgin Energy EsCo Limited","repd_ref":"10624","repd_technology":"Solar Photovoltaics","status":"Awaiting Construction","technology":"solar"},"type":"Feature"},{"geometry":{"coordinates":[-1.944722,52.8248481],"type":"Point"},"id":"GG2050-REPD-17591","properties":{"capacity_mw":49.9,"gg_project_id":"GG2050-REPD-17591","name":"Moreton Brook Farm, Lea Lane - Solar Farm","operator":"Aura Power Developments Limited","repd_ref":"17591","repd_technology":"Solar Photovoltaics","status":"Awaiting Construction","technology":"solar"},"type":"Feature"},{"geometry":{"coordinates":[-2.3128485,51.7950909],"type":"Point"},"id":"GG2050-REPD-8843","properties":{"capacity_mw":49.9,"gg_project_id":"GG2050-REPD-8843","name":"Moreton Lane - Solar Farm & Battery Storage","operator":"JBM Solar Projects 7 Limited","repd_ref":"8843","repd_technology":"Solar Photovoltaics","status":"Awaiting Construction","technology":"solar"},"type":"Feature"},{"geometry":{"coordinates":[-2.3083294,51.8998386],"type":"Point"},"id":"GG2050-REPD-11484","properties":{"capacity_mw":49.9,"gg_project_id":"GG2050-REPD-11484","name":"Murrells End Farm - Solar Arrays","operator":"Elgin Energy EsCo Limited","repd_ref":"11484","repd_technology":"Solar Photovoltaics","status":"Application Refused","technology":"solar"},"type":"Feature"},{"geometry":{"coordinates":[-2.6533595,52.7499576],"type":"Point"},"id":"GG2050-REPD-8225","properties":{"capacity_mw":49.9,"gg_project_id":"GG2050-REPD-8225","name":"Myttons Solar Farm","operator":"JBM Solar Projects Limited","repd_ref":"8225","repd_technology":"Solar Photovoltaics","status":"Awaiting Construction","technology":"solar"},"type":"Feature"},{"geometry":{"coordinates":[-0.2294283,53.7571672],"type":"Point"},"id":"GG2050-REPD-19431","properties":{"capacity_mw":49.9,"gg_project_id":"GG2050-REPD-19431","name":"Neat Marsh North, Neat Marsh Road - Solar Farm","operator":"Neat Marsh Solar Limited","repd_ref":"19431","repd_technology":"Solar Photovoltaics","status":"Awaiting Construction","technology":"solar"},"type":"Feature"},{"geometry":{"coordinates":[1.4025341,52.1994758],"type":"Point"},"id":"GG2050-REPD-9625","properties":{"capacity_mw":49.9,"gg_project_id":"GG2050-REPD-9625","name":"New Road Solar Farm","operator":"Low Carbon UK Solar Investment Co Limited","repd_ref":"9625","repd_technology":"Solar Photovoltaics","status":"Awaiting Construction","technology":"solar"},"type":"Feature"},{"geometry":{"coordinates":[-1.0299521,53.7777147],"type":"Point"},"id":"GG2050-REPD-18955","properties":{"capacity_mw":49.9,"gg_project_id":"GG2050-REPD-18955","name":"Newlands Farm, Turnham Lane - Solar PV Panels","operator":"Stark Energy","repd_ref":"18955","repd_technology":"Solar Photovoltaics","status":"Application Submitted","technology":"solar"},"type":"Feature"},{"geometry":{"coordinates":[0.282934,52.2161401],"type":"Point"},"id":"GG2050-REPD-10485","properties":{"capacity_mw":49.9,"gg_project_id":"GG2050-REPD-10485","name":"Newmarket Road, Bottisham - Solar Array","operator":"Ridge Clean Energy Limited","repd_ref":"10485","repd_technology":"Solar Photovoltaics","status":"Awaiting Construction","technology":"solar"},"type":"Feature"},{"geometry":{"coordinates":[-1.0619895,54.543001],"type":"Point"},"id":"GG2050-REPD-11983","properties":{"capacity_mw":49.9,"gg_project_id":"GG2050-REPD-11983","name":"North Cote Farm & Park Farm, Dunsdale - Solar Arrays","operator":"Elgin Energy","repd_ref":"11983","repd_technology":"Solar Photovoltaics","status":"Awaiting Construction","technology":"solar"},"type":"Feature"},{"geometry":{"coordinates":[-0.7399153,53.6135797],"type":"Point"},"id":"GG2050-REPD-19648","properties":{"capacity_mw":49.9,"gg_project_id":"GG2050-REPD-19648","name":"North Moor Farm, Keadby - Solar Panels","operator":"Lidsey Renewables Limited","repd_ref":"19648","repd_technology":"Solar Photovoltaics","status":"Application Submitted","technology":"solar"},"type":"Feature"},{"geometry":{"coordinates":[-1.2132482,51.6959515],"type":"Point"},"id":"GG2050-REPD-12387","properties":{"capacity_mw":49.9,"gg_project_id":"GG2050-REPD-12387","name":"Nuneham Courtenay - Solar Farm","operator":"RES Limited","repd_ref":"12387","repd_technology":"Solar Photovoltaics","status":"Application Submitted","technology":"solar"},"type":"Feature"},{"geometry":{"coordinates":[-1.201826,51.7020785],"type":"Point"},"id":"GG2050-REPD-7936","properties":{"capacity_mw":49.9,"gg_project_id":"GG2050-REPD-7936","name":"Nuneham Courtenay Solar Farm & Battery Storage Facility","operator":"Enso Energy (Cowley Baldon Green Limited)","repd_ref":"7936","repd_technology":"Solar Photovoltaics","status":"Awaiting Construction","technology":"solar"},"type":"Feature"},{"geometry":{"coordinates":[-0.0414964,52.6448805],"type":"Point"},"id":"GG2050-REPD-9975","properties":{"capacity_mw":49.9,"gg_project_id":"GG2050-REPD-9975","name":"Nutsgrove Farm, Thorney - Solar Array","operator":"Cambridge Power Limited","repd_ref":"9975","repd_technology":"Solar Photovoltaics","status":"Awaiting Construction","technology":"solar"},"type":"Feature"},{"geometry":{"coordinates":[-1.1184042,52.8465985],"type":"Point"},"id":"GG2050-REPD-16012","properties":{"capacity_mw":49.9,"gg_project_id":"GG2050-REPD-16012","name":"Old Wood Energy Park - Solar Pv Panel","operator":"Exagen","repd_ref":"16012","repd_technology":"Solar Photovoltaics","status":"Awaiting Construction","technology":"solar"},"type":"Feature"},{"geometry":{"coordinates":[-1.5379251,54.3235661],"type":"Point"},"id":"GG2050-REPD-9212","properties":{"capacity_mw":49.9,"gg_project_id":"GG2050-REPD-9212","name":"Os Field 6800 Fence Dike Lane - Solar Farm","operator":"Lightrock Power Limited","repd_ref":"9212","repd_technology":"Solar Photovoltaics","status":"Awaiting Construction","technology":"solar"},"type":"Feature"},{"geometry":{"coordinates":[-1.2231546,54.1584672],"type":"Point"},"id":"GG2050-REPD-10474","properties":{"capacity_mw":49.9,"gg_project_id":"GG2050-REPD-10474","name":"Os Field, Husthwaite - Solar Photovoltaic Array","operator":"Woolpots Solar Farm Limited","repd_ref":"10474","repd_technology":"Solar Photovoltaics","status":"Revised","technology":"solar"},"type":"Feature"},{"geometry":{"coordinates":[-1.2231546,54.1584672],"type":"Point"},"id":"GG2050-REPD-15548","properties":{"capacity_mw":49.9,"gg_project_id":"GG2050-REPD-15548","name":"Os Field, Husthwaite - Solar Photovoltaic Array","operator":"Woolpots Solar Farm Limited","repd_ref":"15548","repd_technology":"Solar Photovoltaics","status":"Awaiting Construction","technology":"solar"},"type":"Feature"},{"geometry":{"coordinates":[-1.0143853,53.7970206],"type":"Point"},"id":"GG2050-REPD-9075","properties":{"capacity_mw":49.9,"gg_project_id":"GG2050-REPD-9075","name":"Osgodby Grange, Osgodby - Solar Energy","operator":"Enray Power Limited","repd_ref":"9075","repd_technology":"Solar Photovoltaics","status":"Awaiting Construction","technology":"solar"},"type":"Feature"},{"geometry":{"coordinates":[-1.1606892,54.002361],"type":"Point"},"id":"GG2050-REPD-18188","properties":{"capacity_mw":49.9,"gg_project_id":"GG2050-REPD-18188","name":"Overton Grange, Overton Road - Solar Farm Battery Energy Storage","operator":"Anesco Limited","repd_ref":"18188","repd_technology":"Solar Photovoltaics","status":"Application Submitted","technology":"solar"},"type":"Feature"},{"geometry":{"coordinates":[-1.6188896,51.2251271],"type":"Point"},"id":"GG2050-REPD-9175","properties":{"capacity_mw":49.9,"gg_project_id":"GG2050-REPD-9175","name":"Perham Down - Meadow Solar Farm & Battery Storage","operator":"Low Carbon UK Solar Investment Co Limited","repd_ref":"9175","repd_technology":"Solar Photovoltaics","status":"Awaiting Construction","technology":"solar"},"type":"Feature"},{"geometry":{"coordinates":[-2.4968531,51.5452997],"type":"Point"},"id":"GG2050-REPD-7944","properties":{"capacity_mw":49.9,"gg_project_id":"GG2050-REPD-7944","name":"Perrinpit Farm","operator":"Grune Energien","repd_ref":"7944","repd_technology":"Solar Photovoltaics","status":"Under Construction","technology":"solar"},"type":"Feature"},{"geometry":{"coordinates":[-0.7791821,53.5928268],"type":"Point"},"id":"GG2050-REPD-19542","properties":{"capacity_mw":49.9,"gg_project_id":"GG2050-REPD-19542","name":"Pilfrey Solar Farm - Solar Farm","operator":"Culham Renewables Limited","repd_ref":"19542","repd_technology":"Solar Photovoltaics","status":"Application Submitted","technology":"solar"},"type":"Feature"},{"geometry":{"coordinates":[-0.6498495,52.6157672],"type":"Point"},"id":"GG2050-REPD-12827","properties":{"capacity_mw":49.9,"gg_project_id":"GG2050-REPD-12827","name":"Pilton Village, Luffenham Lane - Staveley Solar Array","operator":"Bluestone Energy Limited","repd_ref":"12827","repd_technology":"Solar Photovoltaics","status":"Awaiting Construction","technology":"solar"},"type":"Feature"},{"geometry":{"coordinates":[-3.268249,56.5402929],"type":"Point"},"id":"GG2050-REPD-10604","properties":{"capacity_mw":49.9,"gg_project_id":"GG2050-REPD-10604","name":"Pleasance Road, Coupar - Solar Array","operator":"Couper Two Limited","repd_ref":"10604","repd_technology":"Solar Photovoltaics","status":"Revised","technology":"solar"},"type":"Feature"},{"geometry":{"coordinates":[-4.4201605,53.4056637],"type":"Point"},"id":"GG2050-REPD-6071","properties":{"capacity_mw":49.9,"gg_project_id":"GG2050-REPD-6071","name":"Porth Wen","operator":"EDF Energy Renewables","repd_ref":"6071","repd_technology":"Solar Photovoltaics","status":"Under Construction","technology":"solar"},"type":"Feature"},{"geometry":{"coordinates":[-0.975299,51.6913302],"type":"Point"},"id":"GG2050-REPD-11653","properties":{"capacity_mw":49.9,"gg_project_id":"GG2050-REPD-11653","name":"Postcombe - Solar Array","operator":"Solar 2 Limited","repd_ref":"11653","repd_technology":"Solar Photovoltaics","status":"Application Submitted","technology":"solar"},"type":"Feature"},{"geometry":{"coordinates":[-1.9867808,51.3086686],"type":"Point"},"id":"GG2050-REPD-15715","properties":{"capacity_mw":49.9,"gg_project_id":"GG2050-REPD-15715","name":"Potterne Park Farm, Potterne - Solar Farm","operator":"Potterne Solar Project Limited","repd_ref":"15715","repd_technology":"Solar Photovoltaics","status":"Awaiting Construction","technology":"solar"},"type":"Feature"},{"geometry":{"coordinates":[-2.1363151,52.7265179],"type":"Point"},"id":"GG2050-REPD-10779","properties":{"capacity_mw":49.9,"gg_project_id":"GG2050-REPD-10779","name":"Preston Hill Farm, Penkridge - Solar Farm","operator":"Engena Limited","repd_ref":"10779","repd_technology":"Solar Photovoltaics","status":"Awaiting Construction","technology":"solar"},"type":"Feature"},{"geometry":{"coordinates":[-0.7955167,52.4686818],"type":"Point"},"id":"GG2050-REPD-4968","properties":{"capacity_mw":49.9,"gg_project_id":"GG2050-REPD-4968","name":"RAF Desborough","operator":"RAF Desb","repd_ref":"4968","repd_technology":"Solar Photovoltaics","status":"Planning Permission Expired","technology":"solar"},"type":"Feature"},{"geometry":{"coordinates":[-2.4247159,51.5926801],"type":"Point"},"id":"GG2050-REPD-8393","properties":{"capacity_mw":49.9,"gg_project_id":"GG2050-REPD-8393","name":"Rag Lane Solar Farm","operator":"BayWa r.e. UK Limited","repd_ref":"8393","repd_technology":"Solar Photovoltaics","status":"Awaiting Construction","technology":"solar"},"type":"Feature"},{"geometry":{"coordinates":[0.6965979,51.3705237],"type":"Point"},"id":"GG2050-REPD-10181","properties":{"capacity_mw":49.9,"gg_project_id":"GG2050-REPD-10181","name":"Raspberry - Solar PV","operator":"RWE","repd_ref":"10181","repd_technology":"Solar Photovoltaics","status":"Awaiting Construction","technology":"solar"},"type":"Feature"},{"geometry":{"coordinates":[-2.0278734,52.2261309],"type":"Point"},"id":"GG2050-REPD-11361","properties":{"capacity_mw":49.9,"gg_project_id":"GG2050-REPD-11361","name":"Roundhill, Earls Common Road, Stock Green - Solar Farm","operator":"JBM Solar Projects 11 Limited","repd_ref":"11361","repd_technology":"Solar Photovoltaics","status":"Application Withdrawn","technology":"solar"},"type":"Feature"},{"geometry":{"coordinates":[-3.35884,50.7785943],"type":"Point"},"id":"GG2050-REPD-11274","properties":{"capacity_mw":49.9,"gg_project_id":"GG2050-REPD-11274","name":"Rutton Farm, Whimple - Horton Solar Farm","operator":"Aura Power Developments Limited","repd_ref":"11274","repd_technology":"Solar Photovoltaics","status":"Awaiting Construction","technology":"solar"},"type":"Feature"},{"geometry":{"coordinates":[-1.1428743,53.7908888],"type":"Point"},"id":"GG2050-REPD-16647","properties":{"capacity_mw":49.9,"gg_project_id":"GG2050-REPD-16647","name":"Scalm Park, Wistow - Solar Farm & Battery Energy Storage","operator":"Grenergy","repd_ref":"16647","repd_technology":"Solar Photovoltaics","status":"Awaiting Construction","technology":"solar"},"type":"Feature"},{"geometry":{"coordinates":[-0.5038003,53.5504177],"type":"Point"},"id":"GG2050-REPD-12607","properties":{"capacity_mw":49.9,"gg_project_id":"GG2050-REPD-12607","name":"Scawby Road - Solar Array","operator":"Brockwell Storage & Solar Limited","repd_ref":"12607","repd_technology":"Solar Photovoltaics","status":"Application Submitted","technology":"solar"},"type":"Feature"},{"geometry":{"coordinates":[-0.409438,53.9520539],"type":"Point"},"id":"GG2050-REPD-12298","properties":{"capacity_mw":49.9,"gg_project_id":"GG2050-REPD-12298","name":"Scurf Dyke - Solar Farm","operator":"BayWa r.e. UK Limited","repd_ref":"12298","repd_technology":"Solar Photovoltaics","status":"Awaiting Construction","technology":"solar"},"type":"Feature"},{"geometry":{"coordinates":[1.1968076,52.4060554],"type":"Point"},"id":"GG2050-REPD-18423","properties":{"capacity_mw":49.9,"gg_project_id":"GG2050-REPD-18423","name":"Semere Lane, Dickleburgh - Solar Farm","operator":"Regener8 Power Limited","repd_ref":"18423","repd_technology":"Solar Photovoltaics","status":"Application Submitted","technology":"solar"},"type":"Feature"},{"geometry":{"coordinates":[-1.3326795,54.7040805],"type":"Point"},"id":"GG2050-REPD-8254","properties":{"capacity_mw":49.9,"gg_project_id":"GG2050-REPD-8254","name":"Sheraton Hall Solar Farm","operator":"Lightsource BP","repd_ref":"8254","repd_technology":"Solar Photovoltaics","status":"Awaiting Construction","technology":"solar"},"type":"Feature"},{"geometry":{"coordinates":[-1.1115395,52.5479474],"type":"Point"},"id":"GG2050-REPD-12395","properties":{"capacity_mw":49.9,"gg_project_id":"GG2050-REPD-12395","name":"Soars Lodge Farm, Foston Lane - Solar Farm","operator":"Soars Solar Limited","repd_ref":"12395","repd_technology":"Solar Photovoltaics","status":"Awaiting Construction","technology":"solar"},"type":"Feature"},{"geometry":{"coordinates":[-1.5604702,54.3446804],"type":"Point"},"id":"GG2050-REPD-7486","properties":{"capacity_mw":49.9,"gg_project_id":"GG2050-REPD-7486","name":"South Lowfields Farm","operator":"Lightsource BP","repd_ref":"7486","repd_technology":"Solar Photovoltaics","status":"Awaiting Construction","technology":"solar"},"type":"Feature"},{"geometry":{"coordinates":[-1.3688376,52.6493863],"type":"Point"},"id":"GG2050-REPD-9567","properties":{"capacity_mw":49.9,"gg_project_id":"GG2050-REPD-9567","name":"Stoneshollow Solar Farm","operator":"JBM Solar Projects Limited","repd_ref":"9567","repd_technology":"Solar Photovoltaics","status":"Awaiting Construction","technology":"solar"},"type":"Feature"},{"geometry":{"coordinates":[-2.5803713,51.3417407],"type":"Point"},"id":"GG2050-REPD-8323","properties":{"capacity_mw":49.9,"gg_project_id":"GG2050-REPD-8323","name":"Stowey Road, Stowey - Solar Farm","operator":"Regener8 Power","repd_ref":"8323","repd_technology":"Solar Photovoltaics","status":"Awaiting Construction","technology":"solar"},"type":"Feature"},{"geometry":{"coordinates":[-0.7349056,51.8572827],"type":"Point"},"id":"GG2050-REPD-12770","properties":{"capacity_mw":49.9,"gg_project_id":"GG2050-REPD-12770","name":"Straws Hadley Solar Farm","operator":"Qair UK","repd_ref":"12770","repd_technology":"Solar Photovoltaics","status":"Awaiting Construction","technology":"solar"},"type":"Feature"},{"geometry":{"coordinates":[-2.1891738,51.384613],"type":"Point"},"id":"GG2050-REPD-11620","properties":{"capacity_mw":49.9,"gg_project_id":"GG2050-REPD-11620","name":"Studley Farm - Solar Farm & Battery Storage","operator":"Melksham Calne Green Limited","repd_ref":"11620","repd_technology":"Solar Photovoltaics","status":"Awaiting Construction","technology":"solar"},"type":"Feature"},{"geometry":{"coordinates":[-0.4372204,53.9829982],"type":"Point"},"id":"GG2050-REPD-12008","properties":{"capacity_mw":49.9,"gg_project_id":"GG2050-REPD-12008","name":"Sunderlandwick Solar Farm","operator":"Elgin Energy EsCo Limited","repd_ref":"12008","repd_technology":"Solar Photovoltaics","status":"Awaiting Construction","technology":"solar"},"type":"Feature"},{"geometry":{"coordinates":[0.1931442,52.7571802],"type":"Point"},"id":"GG2050-REPD-16008","properties":{"capacity_mw":49.9,"gg_project_id":"GG2050-REPD-16008","name":"Sutton Bridge Solar Farm","operator":"EDF Energy Renewables","repd_ref":"16008","repd_technology":"Solar Photovoltaics","status":"Operational","technology":"solar"},"type":"Feature"},{"geometry":{"coordinates":[-1.1169729,54.0329305],"type":"Point"},"id":"GG2050-REPD-19658","properties":{"capacity_mw":49.9,"gg_project_id":"GG2050-REPD-19658","name":"Sutton-on-the-Forest, Brownmoor Lane - Solar Park","operator":"Ampyr Energy UK Development Limited","repd_ref":"19658","repd_technology":"Solar Photovoltaics","status":"Application Submitted","technology":"solar"},"type":"Feature"},{"geometry":{"coordinates":[-1.4393793,51.7601412],"type":"Point"},"id":"GG2050-REPD-9414","properties":{"capacity_mw":49.9,"gg_project_id":"GG2050-REPD-9414","name":"Tar Solar Farm","operator":"Bluefield Renewable Developments Limited","repd_ref":"9414","repd_technology":"Solar Photovoltaics","status":"Awaiting Construction","technology":"solar"},"type":"Feature"},{"geometry":{"coordinates":[-1.131339,53.5670835],"type":"Point"},"id":"GG2050-REPD-14060","properties":{"capacity_mw":49.9,"gg_project_id":"GG2050-REPD-14060","name":"The Balk, Almholme - Solar Farm","operator":"Innova Renewables","repd_ref":"14060","repd_technology":"Solar Photovoltaics","status":"Awaiting Construction","technology":"solar"},"type":"Feature"},{"geometry":{"coordinates":[-0.8241138,53.0505619],"type":"Point"},"id":"GG2050-REPD-7256","properties":{"capacity_mw":49.9,"gg_project_id":"GG2050-REPD-7256","name":"The Grange","operator":"Lightsource BP","repd_ref":"7256","repd_technology":"Solar Photovoltaics","status":"Operational","technology":"solar"},"type":"Feature"},{"geometry":{"coordinates":[-0.4371461,53.2387433],"type":"Point"},"id":"GG2050-REPD-9575","properties":{"capacity_mw":49.9,"gg_project_id":"GG2050-REPD-9575","name":"The Old Airfield Solar Photovoltaic Farm","operator":"Grey Street Solar Limited","repd_ref":"9575","repd_technology":"Solar Photovoltaics","status":"Awaiting Construction","technology":"solar"},"type":"Feature"},{"geometry":{"coordinates":[0.9190426,52.6324567],"type":"Point"},"id":"GG2050-REPD-19172","properties":{"capacity_mw":49.9,"gg_project_id":"GG2050-REPD-19172","name":"The Park Farm, Birds Corner - Battery Energy Storage","operator":"Regener8 Power Limited","repd_ref":"19172","repd_technology":"Solar Photovoltaics","status":"Application Submitted","technology":"solar"},"type":"Feature"},{"geometry":{"coordinates":[-2.8078551,51.3630518],"type":"Point"},"id":"GG2050-REPD-18837","properties":{"capacity_mw":49.9,"gg_project_id":"GG2050-REPD-18837","name":"The Strawberry Line, Brinsea Road - Solar Farm","operator":"RWE Renewables UK","repd_ref":"18837","repd_technology":"Solar Photovoltaics","status":"Awaiting Construction","technology":"solar"},"type":"Feature"},{"geometry":{"coordinates":[-1.2765108,53.4036921],"type":"Point"},"id":"GG2050-REPD-18532","properties":{"capacity_mw":49.9,"gg_project_id":"GG2050-REPD-18532","name":"Thurcroft Interchange Energy Park - Solar Farm","operator":"Exagen","repd_ref":"18532","repd_technology":"Solar Photovoltaics","status":"Application Submitted","technology":"solar"},"type":"Feature"},{"geometry":{"coordinates":[-0.9423312,53.3454684],"type":"Point"},"id":"GG2050-REPD-7561","properties":{"capacity_mw":49.9,"gg_project_id":"GG2050-REPD-7561","name":"Tiln Farm Solar Farm","operator":"Lightsource SPV 154 Limited","repd_ref":"7561","repd_technology":"Solar Photovoltaics","status":"Under Construction","technology":"solar"},"type":"Feature"},{"geometry":{"coordinates":[-1.2028718,50.9024757],"type":"Point"},"id":"GG2050-REPD-18186","properties":{"capacity_mw":49.9,"gg_project_id":"GG2050-REPD-18186","name":"Titchfield Lane, Wickham - Solar Panels","operator":"Conrad Energy (Developments) II Limited","repd_ref":"18186","repd_technology":"Solar Photovoltaics","status":"Awaiting Construction","technology":"solar"},"type":"Feature"},{"geometry":{"coordinates":[0.1114409,52.7277693],"type":"Point"},"id":"GG2050-REPD-14243","properties":{"capacity_mw":49.9,"gg_project_id":"GG2050-REPD-14243","name":"Treading Bank Solar Farm","operator":"Renewable Connections","repd_ref":"14243","repd_technology":"Solar Photovoltaics","status":"Application Refused","technology":"solar"},"type":"Feature"},{"geometry":{"coordinates":[-5.44965,50.137132],"type":"Point"},"id":"GG2050-REPD-9091","properties":{"capacity_mw":49.9,"gg_project_id":"GG2050-REPD-9091","name":"Trevarthian Farmhouse - Solar PV Farm & Battery Energy Storage","operator":"Trevarthian Renewables Limited","repd_ref":"9091","repd_technology":"Solar Photovoltaics","status":"Awaiting Construction","technology":"solar"},"type":"Feature"},{"geometry":{"coordinates":[-0.3151371,53.8290572],"type":"Point"},"id":"GG2050-REPD-11214","properties":{"capacity_mw":49.9,"gg_project_id":"GG2050-REPD-11214","name":"Turf Carr Solar Farm","operator":"Anesco Limited","repd_ref":"11214","repd_technology":"Solar Photovoltaics","status":"Awaiting Construction","technology":"solar"},"type":"Feature"},{"geometry":{"coordinates":[-0.8476912,53.1476096],"type":"Point"},"id":"GG2050-REPD-8503","properties":{"capacity_mw":49.9,"gg_project_id":"GG2050-REPD-8503","name":"Tuxford Road Solar Farm","operator":"Enso Energy Limited","repd_ref":"8503","repd_technology":"Solar Photovoltaics","status":"Awaiting Construction","technology":"solar"},"type":"Feature"},{"geometry":{"coordinates":[-0.4907621,52.1847218],"type":"Point"},"id":"GG2050-REPD-19369","properties":{"capacity_mw":49.9,"gg_project_id":"GG2050-REPD-19369","name":"Twinwood Road Oakley And Clapham, Thurleigh Road - Solar Farm","operator":"PACE Elevate Energy Limited","repd_ref":"19369","repd_technology":"Solar Photovoltaics","status":"Awaiting Construction","technology":"solar"},"type":"Feature"},{"geometry":{"coordinates":[1.0771226,52.0837569],"type":"Point"},"id":"GG2050-REPD-9610","properties":{"capacity_mw":49.9,"gg_project_id":"GG2050-REPD-9610","name":"Tye Lane - Solar Farm","operator":"EDF Energy Renewables","repd_ref":"9610","repd_technology":"Solar Photovoltaics","status":"Under Construction","technology":"solar"},"type":"Feature"},{"geometry":{"coordinates":[0.1082004,51.7239575],"type":"Point"},"id":"GG2050-REPD-19320","properties":{"capacity_mw":49.9,"gg_project_id":"GG2050-REPD-19320","name":"Upland Road - 49.9 Megawatt Solar Panels","operator":"Low Carbon Limited","repd_ref":"19320","repd_technology":"Solar Photovoltaics","status":"Application Refused","technology":"solar"},"type":"Feature"},{"geometry":{"coordinates":[-1.9909566,52.9381712],"type":"Point"},"id":"GG2050-REPD-13184","properties":{"capacity_mw":49.9,"gg_project_id":"GG2050-REPD-13184","name":"Upper Leigh Solar Farm","operator":"Lightrock Power","repd_ref":"13184","repd_technology":"Solar Photovoltaics","status":"Awaiting Construction","technology":"solar"},"type":"Feature"},{"geometry":{"coordinates":[-0.2226076,52.9310221],"type":"Point"},"id":"GG2050-REPD-8517","properties":{"capacity_mw":49.9,"gg_project_id":"GG2050-REPD-8517","name":"Vicarage Drove - Solar farm & Battery storage","operator":"Renewable Connections Developments Limited","repd_ref":"8517","repd_technology":"Solar Photovoltaics","status":"Awaiting Construction","technology":"solar"},"type":"Feature"},{"geometry":{"coordinates":[-0.3510832,51.8958335],"type":"Point"},"id":"GG2050-REPD-13055","properties":{"capacity_mw":49.9,"gg_project_id":"GG2050-REPD-13055","name":"Wandon End - Solar Farm & Battery Storage","operator":"EPL 002 Limited","repd_ref":"13055","repd_technology":"Solar Photovoltaics","status":"Awaiting Construction","technology":"solar"},"type":"Feature"},{"geometry":{"coordinates":[-1.0277809,53.5620532],"type":"Point"},"id":"GG2050-REPD-8494","properties":{"capacity_mw":49.9,"gg_project_id":"GG2050-REPD-8494","name":"Warren Farm Solar Farm & Battery Storage","operator":"Enso Green Holdings I Limited","repd_ref":"8494","repd_technology":"Solar Photovoltaics","status":"Awaiting Construction","technology":"solar"},"type":"Feature"},{"geometry":{"coordinates":[-1.7530674,50.7633205],"type":"Point"},"id":"GG2050-REPD-11514","properties":{"capacity_mw":49.9,"gg_project_id":"GG2050-REPD-11514","name":"Waterditch Farm - Solar Farm & Battery Storage","operator":"Meyrick Estate Management Limited","repd_ref":"11514","repd_technology":"Solar Photovoltaics","status":"Application Submitted","technology":"solar"},"type":"Feature"},{"geometry":{"coordinates":[-0.1985456,52.2240416],"type":"Point"},"id":"GG2050-REPD-14873","properties":{"capacity_mw":49.9,"gg_project_id":"GG2050-REPD-14873","name":"Weald Farm, Cambridge Road - Solar Farm & Battery Storage","operator":"Ashfield District Council / Voltalia UK","repd_ref":"14873","repd_technology":"Solar Photovoltaics","status":"Awaiting Construction","technology":"solar"},"type":"Feature"},{"geometry":{"coordinates":[-1.0947313,52.4221995],"type":"Point"},"id":"GG2050-REPD-19218","properties":{"capacity_mw":49.9,"gg_project_id":"GG2050-REPD-19218","name":"Welford Solar Farm - Solar Farm & Battery Storage","operator":"Welford Solar Farm Limited","repd_ref":"19218","repd_technology":"Solar Photovoltaics","status":"Awaiting Construction","technology":"solar"},"type":"Feature"},{"geometry":{"coordinates":[-3.2462624,56.6155015],"type":"Point"},"id":"GG2050-REPD-18187","properties":{"capacity_mw":49.9,"gg_project_id":"GG2050-REPD-18187","name":"West Pitnacree Farm, Alyth - Solar Panels","operator":"Greentech","repd_ref":"18187","repd_technology":"Solar Photovoltaics","status":"Application Submitted","technology":"solar"},"type":"Feature"},{"geometry":{"coordinates":[0.7447765,52.7905016],"type":"Point"},"id":"GG2050-REPD-2088","properties":{"capacity_mw":49.9,"gg_project_id":"GG2050-REPD-2088","name":"West Raynham","operator":"Bluefield Solar","repd_ref":"2088","repd_technology":"Solar Photovoltaics","status":"Operational","technology":"solar"},"type":"Feature"},{"geometry":{"coordinates":[-3.0865802,56.2957797],"type":"Point"},"id":"GG2050-REPD-18944","properties":{"capacity_mw":49.9,"gg_project_id":"GG2050-REPD-18944","name":"West Springfield Solar Farm - Solar Panels & BESS","operator":"BLC Energy","repd_ref":"18944","repd_technology":"Solar Photovoltaics","status":"Application Submitted","technology":"solar"},"type":"Feature"},{"geometry":{"coordinates":[-0.8996948,51.7580379],"type":"Point"},"id":"GG2050-REPD-9347","properties":{"capacity_mw":49.9,"gg_project_id":"GG2050-REPD-9347","name":"Whirlbush Farm, Kingsey - Solar Farm & Battery Storage","operator":"Stark Energy","repd_ref":"9347","repd_technology":"Solar Photovoltaics","status":"Awaiting Construction","technology":"solar"},"type":"Feature"},{"geometry":{"coordinates":[-2.1382547,51.4062462],"type":"Point"},"id":"GG2050-REPD-8062","properties":{"capacity_mw":49.9,"gg_project_id":"GG2050-REPD-8062","name":"Wick Farm Melksham Substation","operator":"JBM Solar Projects","repd_ref":"8062","repd_technology":"Solar Photovoltaics","status":"Under Construction","technology":"solar"},"type":"Feature"},{"geometry":{"coordinates":[-1.4235831,51.6818052],"type":"Point"},"id":"GG2050-REPD-16902","properties":{"capacity_mw":49.9,"gg_project_id":"GG2050-REPD-16902","name":"Willowfields Energy Park, Marcham - Solar Panels","operator":"Exagen Development Limited","repd_ref":"16902","repd_technology":"Solar Photovoltaics","status":"Application Submitted","technology":"solar"},"type":"Feature"},{"geometry":{"coordinates":[-0.9619182,53.1193995],"type":"Point"},"id":"GG2050-REPD-7388","properties":{"capacity_mw":49.9,"gg_project_id":"GG2050-REPD-7388","name":"Winkburn Estate Solar Farm","operator":"Lightsource SPV 154 Limited","repd_ref":"7388","repd_technology":"Solar Photovoltaics","status":"Under Construction","technology":"solar"},"type":"Feature"},{"geometry":{"coordinates":[-0.8522894,53.3478457],"type":"Point"},"id":"GG2050-REPD-7786","properties":{"capacity_mw":49.9,"gg_project_id":"GG2050-REPD-7786","name":"Wood Lane Solar Farm","operator":"Scottish Power Limited","repd_ref":"7786","repd_technology":"Solar Photovoltaics","status":"Awaiting Construction","technology":"solar"},"type":"Feature"},{"geometry":{"coordinates":[0.7508104,52.4137115],"type":"Point"},"id":"GG2050-REPD-10969","properties":{"capacity_mw":49.9,"gg_project_id":"GG2050-REPD-10969","name":"Woodlands Farm - Solar Array","operator":"Elgin Energy EsCo Limited","repd_ref":"10969","repd_technology":"Solar Photovoltaics","status":"Awaiting Construction","technology":"solar"},"type":"Feature"},{"geometry":{"coordinates":[-2.5068447,51.6747417],"type":"Point"},"id":"GG2050-REPD-9053","properties":{"capacity_mw":49.9,"gg_project_id":"GG2050-REPD-9053","name":"Worlds End Solar Farm","operator":"British Solar Renewables","repd_ref":"9053","repd_technology":"Solar Photovoltaics","status":"Application Submitted","technology":"solar"},"type":"Feature"},{"geometry":{"coordinates":[-2.8265859,51.3359724],"type":"Point"},"id":"GG2050-REPD-11783","properties":{"capacity_mw":49.9,"gg_project_id":"GG2050-REPD-11783","name":"Yanel Farm, Churchill Green - Solar Farm","operator":"Capital Dynamics Limited","repd_ref":"11783","repd_technology":"Solar Photovoltaics","status":"Awaiting Construction","technology":"solar"},"type":"Feature"},{"geometry":{"coordinates":[-1.0665871,54.5880804],"type":"Point"},"id":"GG2050-REPD-9353","properties":{"capacity_mw":49.9,"gg_project_id":"GG2050-REPD-9353","name":"Yearby Village - Tees Solar Farm","operator":"EDF Energy Renewables","repd_ref":"9353","repd_technology":"Solar Photovoltaics","status":"Awaiting Construction","technology":"solar"},"type":"Feature"},{"geometry":{"coordinates":[-0.8102159,52.8007139],"type":"Point"},"id":"GG2050-REPD-18301","properties":{"capacity_mw":49.8,"gg_project_id":"GG2050-REPD-18301","name":"Freeby Lane, Green Energy Park - Solar Panels & Battery Storage","operator":"Downing Renewable Developments","repd_ref":"18301","repd_technology":"Solar Photovoltaics","status":"Application Submitted","technology":"solar"},"type":"Feature"},{"geometry":{"coordinates":[0.0459753,52.5636226],"type":"Point"},"id":"GG2050-REPD-15271","properties":{"capacity_mw":49.8,"gg_project_id":"GG2050-REPD-15271","name":"West Fen Farm, Whitemoor Road - Solar Farm","operator":"Pathfinder Clean Energy UK Dev Limited","repd_ref":"15271","repd_technology":"Solar Photovoltaics","status":"Application Submitted","technology":"solar"},"type":"Feature"},{"geometry":{"coordinates":[-0.9451164,52.1926972],"type":"Point"},"id":"GG2050-REPD-9130","properties":{"capacity_mw":49.72,"gg_project_id":"GG2050-REPD-9130","name":"Milton Road, Gayton - Solar Farm","operator":"Anesco Limited","repd_ref":"9130","repd_technology":"Solar Photovoltaics","status":"Revised","technology":"solar"},"type":"Feature"},{"geometry":{"coordinates":[-2.089669,51.3734291],"type":"Point"},"id":"GG2050-REPD-1335","properties":{"capacity_mw":49.6,"gg_project_id":"GG2050-REPD-1335","name":"Snarlton Farm (Melksham solar farm)","operator":"Foresight","repd_ref":"1335","repd_technology":"Solar Photovoltaics","status":"Operational","technology":"solar"},"type":"Feature"},{"geometry":{"coordinates":[-0.3751102,51.308775],"type":"Point"},"id":"GG2050-REPD-15940","properties":{"capacity_mw":49.5,"gg_project_id":"GG2050-REPD-15940","name":"Cobham Road, Bookham - Solar Farm","operator":"Public Power Solution Limited","repd_ref":"15940","repd_technology":"Solar Photovoltaics","status":"Awaiting Construction","technology":"solar"},"type":"Feature"},{"geometry":{"coordinates":[1.2834595,51.2228231],"type":"Point"},"id":"GG2050-REPD-17462","properties":{"capacity_mw":49.5,"gg_project_id":"GG2050-REPD-17462","name":"Elvington Solar Farm","operator":"Pathfinder Clean Energy UK Limited","repd_ref":"17462","repd_technology":"Solar Photovoltaics","status":"Application Submitted","technology":"solar"},"type":"Feature"},{"geometry":{"coordinates":[-2.3461323,51.7978028],"type":"Point"},"id":"GG2050-REPD-17804","properties":{"capacity_mw":49.5,"gg_project_id":"GG2050-REPD-17804","name":"Epney, Framilode - Solar Farm & Battery Storage","operator":"PACE Tribute Energy Limited","repd_ref":"17804","repd_technology":"Solar Photovoltaics","status":"Application Refused","technology":"solar"},"type":"Feature"},{"geometry":{"coordinates":[-2.0586069,52.8136095],"type":"Point"},"id":"GG2050-REPD-13140","properties":{"capacity_mw":49.5,"gg_project_id":"GG2050-REPD-13140","name":"Hanyards Lane, Tixall - Solar Energy Park","operator":"Private Developer","repd_ref":"13140","repd_technology":"Solar Photovoltaics","status":"Awaiting Construction","technology":"solar"},"type":"Feature"},{"geometry":{"coordinates":[-1.2474047,53.3721953],"type":"Point"},"id":"GG2050-REPD-9876","properties":{"capacity_mw":49.0,"gg_project_id":"GG2050-REPD-9876","name":"Common Farm - Solar Farm & Battery Storage","operator":"Banks Renewable","repd_ref":"9876","repd_technology":"Solar Photovoltaics","status":"Awaiting Construction","technology":"solar"},"type":"Feature"},{"geometry":{"coordinates":[-1.5301959,51.1076206],"type":"Point"},"id":"GG2050-REPD-1873","properties":{"capacity_mw":49.0,"gg_project_id":"GG2050-REPD-1873","name":"Eveley Farm","operator":"Kronos Solar","repd_ref":"1873","repd_technology":"Solar Photovoltaics","status":"Revised","technology":"solar"},"type":"Feature"},{"geometry":{"coordinates":[-1.5301959,51.1076206],"type":"Point"},"id":"GG2050-REPD-5080","properties":{"capacity_mw":49.0,"gg_project_id":"GG2050-REPD-5080","name":"Eveley Farm","operator":"PS Renewables","repd_ref":"5080","repd_technology":"Solar Photovoltaics","status":"Operational","technology":"solar"},"type":"Feature"},{"geometry":{"coordinates":[-0.1703004,52.6421026],"type":"Point"},"id":"GG2050-REPD-1868","properties":{"capacity_mw":49.0,"gg_project_id":"GG2050-REPD-1868","name":"Farms of Newborough","operator":"Peterborough City Council","repd_ref":"1868","repd_technology":"Solar Photovoltaics","status":"Application Withdrawn","technology":"solar"},"type":"Feature"},{"geometry":{"coordinates":[0.8462894,51.8470624],"type":"Point"},"id":"GG2050-REPD-8251","properties":{"capacity_mw":49.0,"gg_project_id":"GG2050-REPD-8251","name":"Layer Farm - Solar Farm","operator":"Layer Solar Farm Limited","repd_ref":"8251","repd_technology":"Solar Photovoltaics","status":"Operational","technology":"solar"},"type":"Feature"},{"geometry":{"coordinates":[-1.1970874,50.8310976],"type":"Point"},"id":"GG2050-REPD-1073","properties":{"capacity_mw":49.0,"gg_project_id":"GG2050-REPD-1073","name":"Newlands Farm Solar","operator":"Sunsave 10 (FAREHAM) / Vogt Solar","repd_ref":"1073","repd_technology":"Solar Photovoltaics","status":"Revised","technology":"solar"},"type":"Feature"},{"geometry":{"coordinates":[-3.3414845,50.8055586],"type":"Point"},"id":"GG2050-REPD-11756","properties":{"capacity_mw":49.0,"gg_project_id":"GG2050-REPD-11756","name":"Paytherden Solar Farm (Peradon)","operator":"Lightrock Power Limited","repd_ref":"11756","repd_technology":"Solar Photovoltaics","status":"Under Construction","technology":"solar"},"type":"Feature"},{"geometry":{"coordinates":[-2.5145335,52.8045609],"type":"Point"},"id":"GG2050-REPD-8525","properties":{"capacity_mw":49.0,"gg_project_id":"GG2050-REPD-8525","name":"The Old Airfield - Solar Farm","operator":"Peridot Solar Limited","repd_ref":"8525","repd_technology":"Solar Photovoltaics","status":"Awaiting Construction","technology":"solar"},"type":"Feature"},{"geometry":{"coordinates":[-1.9609272,52.8420333],"type":"Point"},"id":"GG2050-REPD-14167","properties":{"capacity_mw":49.0,"gg_project_id":"GG2050-REPD-14167","name":"Yew Tree Farm, Drointon Lane","operator":"Push Energy","repd_ref":"14167","repd_technology":"Solar Photovoltaics","status":"Application Submitted","technology":"solar"},"type":"Feature"},{"geometry":{"coordinates":[-1.276467,54.7330911],"type":"Point"},"id":"GG2050-REPD-18247","properties":{"capacity_mw":48.0,"gg_project_id":"GG2050-REPD-18247","name":"Benridge Farm, Fillpoke Lane - Solar Panels","operator":"Development at Benridge Farm","repd_ref":"18247","repd_technology":"Solar Photovoltaics","status":"Application Submitted","technology":"solar"},"type":"Feature"},{"geometry":{"coordinates":[-2.1403311,52.6492382],"type":"Point"},"id":"GG2050-REPD-14574","properties":{"capacity_mw":48.0,"gg_project_id":"GG2050-REPD-14574","name":"Lawn Lane, Coven - Solar Farm","operator":"Anesco Limited","repd_ref":"14574","repd_technology":"Solar Photovoltaics","status":"Awaiting Construction","technology":"solar"},"type":"Feature"},{"geometry":{"coordinates":[1.0985982,51.3515623],"type":"Point"},"id":"GG2050-REPD-2255","properties":{"capacity_mw":48.0,"gg_project_id":"GG2050-REPD-2255","name":"Owls Hatch Road","operator":"Cubico Sustainable Investments","repd_ref":"2255","repd_technology":"Solar Photovoltaics","status":"Operational","technology":"solar"},"type":"Feature"},{"geometry":{"coordinates":[0.0324281,52.8397394],"type":"Point"},"id":"GG2050-REPD-13247","properties":{"capacity_mw":48.0,"gg_project_id":"GG2050-REPD-13247","name":"Roman Bank, Middle Marsh - Solar Farm","operator":"AUK PE12 Limited","repd_ref":"13247","repd_technology":"Solar Photovoltaics","status":"Application Refused","technology":"solar"},"type":"Feature"},{"geometry":{"coordinates":[-0.3668345,53.1123553],"type":"Point"},"id":"GG2050-REPD-2199","properties":{"capacity_mw":48.0,"gg_project_id":"GG2050-REPD-2199","name":"Scopwick (Blankney Farm)","operator":"Hazel Capital LLP","repd_ref":"2199","repd_technology":"Solar Photovoltaics","status":"Planning Permission Expired","technology":"solar"},"type":"Feature"},{"geometry":{"coordinates":[-1.3656269,54.8560511],"type":"Point"},"id":"GG2050-REPD-17386","properties":{"capacity_mw":48.0,"gg_project_id":"GG2050-REPD-17386","name":"Seaham Solar Park, Stockton Road - Solar Farm","operator":"Elements Green","repd_ref":"17386","repd_technology":"Solar Photovoltaics","status":"Application Submitted","technology":"solar"},"type":"Feature"},{"geometry":{"coordinates":[-1.0812796,50.8844065],"type":"Point"},"id":"GG2050-REPD-1768","properties":{"capacity_mw":48.0,"gg_project_id":"GG2050-REPD-1768","name":"Southwick Estate","operator":"Bluefield Solar Income Fund","repd_ref":"1768","repd_technology":"Solar Photovoltaics","status":"Operational","technology":"solar"},"type":"Feature"},{"geometry":{"coordinates":[1.0945742,52.3539179],"type":"Point"},"id":"GG2050-REPD-20389","properties":{"capacity_mw":48.0,"gg_project_id":"GG2050-REPD-20389","name":"The Grange Solar Farm & Battery Storage","operator":"Pathfinder Clean Energy UK Dev Limited","repd_ref":"20389","repd_technology":"Solar Photovoltaics","status":"Awaiting Construction","technology":"solar"},"type":"Feature"},{"geometry":{"coordinates":[-1.5962179,52.4722439],"type":"Point"},"id":"GG2050-REPD-13440","properties":{"capacity_mw":47.7,"gg_project_id":"GG2050-REPD-13440","name":"Park House Farm, Meriden Road - Solar Farm","operator":"Enviromena Asset Management UK Limited","repd_ref":"13440","repd_technology":"Solar Photovoltaics","status":"Awaiting Construction","technology":"solar"},"type":"Feature"},{"geometry":{"coordinates":[-0.9337908,51.2230326],"type":"Point"},"id":"GG2050-REPD-15379","properties":{"capacity_mw":47.5,"gg_project_id":"GG2050-REPD-15379","name":"Fleet Hill Solar Farm","operator":"Capital Dynamics","repd_ref":"15379","repd_technology":"Solar Photovoltaics","status":"Under Construction","technology":"solar"},"type":"Feature"},{"geometry":{"coordinates":[0.8467902,52.3507717],"type":"Point"},"id":"GG2050-REPD-9416","properties":{"capacity_mw":46.9,"gg_project_id":"GG2050-REPD-9416","name":"Firsfield Solar Farm","operator":"Enray Power Limited","repd_ref":"9416","repd_technology":"Solar Photovoltaics","status":"Awaiting Construction","technology":"solar"},"type":"Feature"},{"geometry":{"coordinates":[-0.9451164,52.1926972],"type":"Point"},"id":"GG2050-REPD-19423","properties":{"capacity_mw":46.41,"gg_project_id":"GG2050-REPD-19423","name":"Milton Road, Gayton - Solar Farm","operator":"Anesco Limited","repd_ref":"19423","repd_technology":"Solar Photovoltaics","status":"Application Submitted","technology":"solar"},"type":"Feature"},{"geometry":{"coordinates":[-1.3735823,51.6439655],"type":"Point"},"id":"GG2050-REPD-2030","properties":{"capacity_mw":46.0,"gg_project_id":"GG2050-REPD-2030","name":"Landmead Farm (East Hanney)","operator":"First Solar/Innogy (previously BELECTRIC Solar)/Foresight Solar Fund","repd_ref":"2030","repd_technology":"Solar Photovoltaics","status":"Operational","technology":"solar"},"type":"Feature"},{"geometry":{"coordinates":[-0.5490115,52.9331366],"type":"Point"},"id":"GG2050-REPD-15193","properties":{"capacity_mw":46.0,"gg_project_id":"GG2050-REPD-15193","name":"Welby Solar Farm, Welby - Solar Farm","operator":"Island Green Power","repd_ref":"15193","repd_technology":"Solar Photovoltaics","status":"Awaiting Construction","technology":"solar"},"type":"Feature"},{"geometry":{"coordinates":[-1.567239,50.9876185],"type":"Point"},"id":"GG2050-REPD-5883","properties":{"capacity_mw":46.0,"gg_project_id":"GG2050-REPD-5883","name":"Woodington Solar Farm","operator":"Woodington Solar Limited","repd_ref":"5883","repd_technology":"Solar Photovoltaics","status":"Under Construction","technology":"solar"},"type":"Feature"},{"geometry":{"coordinates":[-1.4641614,51.1767828],"type":"Point"},"id":"GG2050-REPD-11883","properties":{"capacity_mw":45.9,"gg_project_id":"GG2050-REPD-11883","name":"Winchester Road, Wherwell - Solar Farm","operator":"RE Projects Development / Solarig","repd_ref":"11883","repd_technology":"Solar Photovoltaics","status":"Awaiting Construction","technology":"solar"},"type":"Feature"},{"geometry":{"coordinates":[-0.5919229,52.1139355],"type":"Point"},"id":"GG2050-REPD-9820","properties":{"capacity_mw":45.5,"gg_project_id":"GG2050-REPD-9820","name":"Snakes Meadow - Solar Farm","operator":"Renewable Connections Developments Limited / European Energy UK Ltd","repd_ref":"9820","repd_technology":"Solar Photovoltaics","status":"Awaiting Construction","technology":"solar"},"type":"Feature"},{"geometry":{"coordinates":[-1.1533265,53.2046125],"type":"Point"},"id":"GG2050-REPD-10087","properties":{"capacity_mw":45.4,"gg_project_id":"GG2050-REPD-10087","name":"Brecks Solar Farm","operator":"Green Switch Capital Limited","repd_ref":"10087","repd_technology":"Solar Photovoltaics","status":"Awaiting Construction","technology":"solar"},"type":"Feature"},{"geometry":{"coordinates":[-0.4079868,53.9833425],"type":"Point"},"id":"GG2050-REPD-12296","properties":{"capacity_mw":45.0,"gg_project_id":"GG2050-REPD-12296","name":"Back Lane, Skerne - Solar Farm & Battery Storage","operator":"BayWa r.e. UK Limited","repd_ref":"12296","repd_technology":"Solar Photovoltaics","status":"Awaiting Construction","technology":"solar"},"type":"Feature"},{"geometry":{"coordinates":[-3.363658,51.41955],"type":"Point"},"id":"GG2050-REPD-10908","properties":{"capacity_mw":45.0,"gg_project_id":"GG2050-REPD-10908","name":"Land at Pen Onn - Solar Farm","operator":"Iolo Energy","repd_ref":"10908","repd_technology":"Solar Photovoltaics","status":"Awaiting Construction","technology":"solar"},"type":"Feature"},{"geometry":{"coordinates":[-2.3199106,52.2198113],"type":"Point"},"id":"GG2050-REPD-4875","properties":{"capacity_mw":45.0,"gg_project_id":"GG2050-REPD-4875","name":"Land at Woodhall Farm","operator":"Kronos Solar","repd_ref":"4875","repd_technology":"Solar Photovoltaics","status":"Appeal Refused","technology":"solar"},"type":"Feature"},{"geometry":{"coordinates":[-2.6285019,52.0657035],"type":"Point"},"id":"GG2050-REPD-9247","properties":{"capacity_mw":45.0,"gg_project_id":"GG2050-REPD-9247","name":"Larport, Clay Hill Pit - Solar Photovoltaics & Battery storage","operator":"Conrad Energy","repd_ref":"9247","repd_technology":"Solar Photovoltaics","status":"Operational","technology":"solar"},"type":"Feature"},{"geometry":{"coordinates":[-1.2119673,51.8229445],"type":"Point"},"id":"GG2050-REPD-11556","properties":{"capacity_mw":45.0,"gg_project_id":"GG2050-REPD-11556","name":"Manor Farm, Noke - Solar Farm","operator":"Green Nation","repd_ref":"11556","repd_technology":"Solar Photovoltaics","status":"Awaiting Construction","technology":"solar"},"type":"Feature"},{"geometry":{"coordinates":[-0.0690611,52.1111803],"type":"Point"},"id":"GG2050-REPD-2329","properties":{"capacity_mw":45.0,"gg_project_id":"GG2050-REPD-2329","name":"Vine Farm Solar Park","operator":"Allianz","repd_ref":"2329","repd_technology":"Solar Photovoltaics","status":"Operational","technology":"solar"},"type":"Feature"},{"geometry":{"coordinates":[-0.8347104,52.7799833],"type":"Point"},"id":"GG2050-REPD-18693","properties":{"capacity_mw":45.0,"gg_project_id":"GG2050-REPD-18693","name":"Woodfold Lane, Brentingby - Solar Farm","operator":"Windel Solar 12 Limited","repd_ref":"18693","repd_technology":"Solar Photovoltaics","status":"Application Submitted","technology":"solar"},"type":"Feature"},{"geometry":{"coordinates":[-0.9810915,51.1145394],"type":"Point"},"id":"GG2050-REPD-11950","properties":{"capacity_mw":44.0,"gg_project_id":"GG2050-REPD-11950","name":"Gaston Lane, Farringdon - Solar Farm & Battery Storage","operator":"Quintas Energy UK Limited","repd_ref":"11950","repd_technology":"Solar Photovoltaics","status":"Application Submitted","technology":"solar"},"type":"Feature"},{"geometry":{"coordinates":[-1.5572832,52.7736319],"type":"Point"},"id":"GG2050-REPD-18812","properties":{"capacity_mw":44.0,"gg_project_id":"GG2050-REPD-18812","name":"Lullington Solar Park","operator":"Lullington Solar Park Limited","repd_ref":"18812","repd_technology":"Solar Photovoltaics","status":"Application Submitted","technology":"solar"},"type":"Feature"},{"geometry":{"coordinates":[0.9728333,51.2568927],"type":"Point"},"id":"GG2050-REPD-9868","properties":{"capacity_mw":44.0,"gg_project_id":"GG2050-REPD-9868","name":"North Court Farm, Chilham - Solar Farm","operator":"GSI North Court Limited","repd_ref":"9868","repd_technology":"Solar Photovoltaics","status":"Appeal Refused","technology":"solar"},"type":"Feature"},{"geometry":{"coordinates":[-1.114186,51.9303224],"type":"Point"},"id":"GG2050-REPD-11839","properties":{"capacity_mw":44.0,"gg_project_id":"GG2050-REPD-11839","name":"Pool Farm, Mill Lane, Stratton - Solar Farm","operator":"JBM Solar Projects Limited","repd_ref":"11839","repd_technology":"Solar Photovoltaics","status":"Awaiting Construction","technology":"solar"},"type":"Feature"},{"geometry":{"coordinates":[0.3648762,51.9631067],"type":"Point"},"id":"GG2050-REPD-6700","properties":{"capacity_mw":44.0,"gg_project_id":"GG2050-REPD-6700","name":"Terriers Farm","operator":"Low Carbon","repd_ref":"6700","repd_technology":"Solar Photovoltaics","status":"Operational","technology":"solar"},"type":"Feature"},{"geometry":{"coordinates":[-0.1227677,53.5464548],"type":"Point"},"id":"GG2050-REPD-13862","properties":{"capacity_mw":43.7,"gg_project_id":"GG2050-REPD-13862","name":"Bradley Road - Solar Farm","operator":"Renewable Connections Developments Limited","repd_ref":"13862","repd_technology":"Solar Photovoltaics","status":"Awaiting Construction","technology":"solar"},"type":"Feature"},{"geometry":{"coordinates":[-0.4722093,51.9707226],"type":"Point"},"id":"GG2050-REPD-9184","properties":{"capacity_mw":43.45,"gg_project_id":"GG2050-REPD-9184","name":"Greenfield Road - Samphill Solar Farm","operator":"Anesco Limited","repd_ref":"9184","repd_technology":"Solar Photovoltaics","status":"Revised","technology":"solar"},"type":"Feature"},{"geometry":{"coordinates":[-1.5006391,52.8634374],"type":"Point"},"id":"GG2050-REPD-18141","properties":{"capacity_mw":43.0,"gg_project_id":"GG2050-REPD-18141","name":"Arleston Solar & Battery Energy Storage System","operator":"Noventum Power Limited","repd_ref":"18141","repd_technology":"Solar Photovoltaics","status":"Application Submitted","technology":"solar"},"type":"Feature"},{"geometry":{"coordinates":[-1.5028272,54.0690635],"type":"Point"},"id":"GG2050-REPD-8540","properties":{"capacity_mw":43.0,"gg_project_id":"GG2050-REPD-8540","name":"Wormald Green Solar Farm","operator":"Harmony Energy Limited","repd_ref":"8540","repd_technology":"Solar Photovoltaics","status":"Awaiting Construction","technology":"solar"},"type":"Feature"},{"geometry":{"coordinates":[-1.130118,52.8466758],"type":"Point"},"id":"GG2050-REPD-9457","properties":{"capacity_mw":42.9,"gg_project_id":"GG2050-REPD-9457","name":"Highfields Farm - Solar Farm & Battery Storage","operator":"Boultbee Brooks Renewable Energy Ltd","repd_ref":"9457","repd_technology":"Solar Photovoltaics","status":"Awaiting Construction","technology":"solar"},"type":"Feature"},{"geometry":{"coordinates":[-0.801814,53.2272079],"type":"Point"},"id":"GG2050-REPD-11392","properties":{"capacity_mw":42.7,"gg_project_id":"GG2050-REPD-11392","name":"High Marnham - Solar Photovoltaic Farm","operator":"J G Pears Property Limited","repd_ref":"11392","repd_technology":"Solar Photovoltaics","status":"Awaiting Construction","technology":"solar"},"type":"Feature"},{"geometry":{"coordinates":[-4.5100156,50.703934],"type":"Point"},"id":"GG2050-REPD-10483","properties":{"capacity_mw":42.5,"gg_project_id":"GG2050-REPD-10483","name":"Higher Witheven Solar","operator":"Downing Renewables","repd_ref":"10483","repd_technology":"Solar Photovoltaics","status":"Awaiting Construction","technology":"solar"},"type":"Feature"},{"geometry":{"coordinates":[0.8562562,52.3226649],"type":"Point"},"id":"GG2050-REPD-19255","properties":{"capacity_mw":42.0,"gg_project_id":"GG2050-REPD-19255","name":"Bardwell Fields, Knox Lane - Solar Farm","operator":"Opdenergy UK 23 Limited","repd_ref":"19255","repd_technology":"Solar Photovoltaics","status":"Application Submitted","technology":"solar"},"type":"Feature"},{"geometry":{"coordinates":[-0.363704,52.9687851],"type":"Point"},"id":"GG2050-REPD-17363","properties":{"capacity_mw":42.0,"gg_project_id":"GG2050-REPD-17363","name":"Burton Gorse Plantation, Whitecross Lane - Solar Panels","operator":"Starlight Energy","repd_ref":"17363","repd_technology":"Solar Photovoltaics","status":"Application Submitted","technology":"solar"},"type":"Feature"},{"geometry":{"coordinates":[-4.416091,50.7924261],"type":"Point"},"id":"GG2050-REPD-11327","properties":{"capacity_mw":42.0,"gg_project_id":"GG2050-REPD-11327","name":"Derril Water Solar Farm - Solar Farm","operator":"Renewable Energy System Limited","repd_ref":"11327","repd_technology":"Solar Photovoltaics","status":"Revised","technology":"solar"},"type":"Feature"},{"geometry":{"coordinates":[-4.4198478,50.7912599],"type":"Point"},"id":"GG2050-REPD-8802","properties":{"capacity_mw":42.0,"gg_project_id":"GG2050-REPD-8802","name":"Derril Water Solar Farm - Solar Farm","operator":"Renewable Energy System Limited / Ripple Energy","repd_ref":"8802","repd_technology":"Solar Photovoltaics","status":"Operational","technology":"solar"},"type":"Feature"},{"geometry":{"coordinates":[-0.2023162,53.734542],"type":"Point"},"id":"GG2050-REPD-11386","properties":{"capacity_mw":42.0,"gg_project_id":"GG2050-REPD-11386","name":"Harbour Farm - Solar Farm","operator":"Grupotec","repd_ref":"11386","repd_technology":"Solar Photovoltaics","status":"Application Submitted","technology":"solar"},"type":"Feature"},{"geometry":{"coordinates":[-2.6938466,56.667487],"type":"Point"},"id":"GG2050-REPD-5594","properties":{"capacity_mw":42.0,"gg_project_id":"GG2050-REPD-5594","name":"Montreathmont Moor Forest","operator":"Lightsource Renewable Energy","repd_ref":"5594","repd_technology":"Solar Photovoltaics","status":"Revised","technology":"solar"},"type":"Feature"},{"geometry":{"coordinates":[-2.6800119,56.6657576],"type":"Point"},"id":"GG2050-REPD-10963","properties":{"capacity_mw":42.0,"gg_project_id":"GG2050-REPD-10963","name":"Montreathmont Moor Forest - Solar Farm & Battery Storage","operator":"Renewable Connections Developments Limited","repd_ref":"10963","repd_technology":"Solar Photovoltaics","status":"Awaiting Construction","technology":"solar"},"type":"Feature"},{"geometry":{"coordinates":[-4.0117937,51.6545895],"type":"Point"},"id":"GG2050-REPD-11302","properties":{"capacity_mw":42.0,"gg_project_id":"GG2050-REPD-11302","name":"Parc Solar Caenewydd","operator":"Infinis Solar Developments","repd_ref":"11302","repd_technology":"Solar Photovoltaics","status":"Under Construction","technology":"solar"},"type":"Feature"},{"geometry":{"coordinates":[-3.3033067,51.4400733],"type":"Point"},"id":"GG2050-REPD-12020","properties":{"capacity_mw":42.0,"gg_project_id":"GG2050-REPD-12020","name":"Parc Worlton Solar Farm","operator":"Lightrock Power","repd_ref":"12020","repd_technology":"Solar Photovoltaics","status":"Awaiting Construction","technology":"solar"},"type":"Feature"},{"geometry":{"coordinates":[1.5234878,52.4250754],"type":"Point"},"id":"GG2050-REPD-18464","properties":{"capacity_mw":42.0,"gg_project_id":"GG2050-REPD-18464","name":"Redisham Hall Farm, School Road - Solar Panels","operator":"Opdenergy","repd_ref":"18464","repd_technology":"Solar Photovoltaics","status":"Application Submitted","technology":"solar"},"type":"Feature"},{"geometry":{"coordinates":[-0.6591737,51.5907216],"type":"Point"},"id":"GG2050-REPD-18563","properties":{"capacity_mw":42.0,"gg_project_id":"GG2050-REPD-18563","name":"Salters Lane - Solar Panels","operator":"Grupotec Solar Uk 9 Limited","repd_ref":"18563","repd_technology":"Solar Photovoltaics","status":"Application Submitted","technology":"solar"},"type":"Feature"},{"geometry":{"coordinates":[0.8366208,52.1918487],"type":"Point"},"id":"GG2050-REPD-18471","properties":{"capacity_mw":42.0,"gg_project_id":"GG2050-REPD-18471","name":"Valley Farm, Hessett - Solar Panels","operator":"Opdenergy UK Limted","repd_ref":"18471","repd_technology":"Solar Photovoltaics","status":"Awaiting Construction","technology":"solar"},"type":"Feature"},{"geometry":{"coordinates":[1.0317796,52.0725575],"type":"Point"},"id":"GG2050-REPD-9104","properties":{"capacity_mw":41.5,"gg_project_id":"GG2050-REPD-9104","name":"Greybarn Solar Energy Farm","operator":"Statkraft UK","repd_ref":"9104","repd_technology":"Solar Photovoltaics","status":"Application Submitted","technology":"solar"},"type":"Feature"},{"geometry":{"coordinates":[-1.4722855,54.6896077],"type":"Point"},"id":"GG2050-REPD-13079","properties":{"capacity_mw":41.4,"gg_project_id":"GG2050-REPD-13079","name":"West House Farm, Fishburn - Solar Farm","operator":"Voltis Renewables","repd_ref":"13079","repd_technology":"Solar Photovoltaics","status":"Awaiting Construction","technology":"solar"},"type":"Feature"},{"geometry":{"coordinates":[-4.4906144,50.703451],"type":"Point"},"id":"GG2050-REPD-1630","properties":{"capacity_mw":41.0,"gg_project_id":"GG2050-REPD-1630","name":"Canworthy Water","operator":"Equitix","repd_ref":"1630","repd_technology":"Solar Photovoltaics","status":"Operational","technology":"solar"},"type":"Feature"},{"geometry":{"coordinates":[0.7491131,51.3080895],"type":"Point"},"id":"GG2050-REPD-15085","properties":{"capacity_mw":41.0,"gg_project_id":"GG2050-REPD-15085","name":"Pitstock Farm - Solar Photovoltaic Panels","operator":"Voltalia UK Limited","repd_ref":"15085","repd_technology":"Solar Photovoltaics","status":"Awaiting Construction","technology":"solar"},"type":"Feature"},{"geometry":{"coordinates":[-1.812427,51.5104173],"type":"Point"},"id":"GG2050-REPD-1735","properties":{"capacity_mw":41.0,"gg_project_id":"GG2050-REPD-1735","name":"Wroughton Airfield Solar Park","operator":"Rockfire Capital","repd_ref":"1735","repd_technology":"Solar Photovoltaics","status":"Operational","technology":"solar"},"type":"Feature"},{"geometry":{"coordinates":[-1.0187415,53.2689858],"type":"Point"},"id":"GG2050-REPD-8115","properties":{"capacity_mw":40.0,"gg_project_id":"GG2050-REPD-8115","name":"Adj To The A614 - Solar","operator":"One Planet Developments Limited","repd_ref":"8115","repd_technology":"Solar Photovoltaics","status":"Application Submitted","technology":"solar"},"type":"Feature"},{"geometry":{"coordinates":[-1.5099204,51.7378885],"type":"Point"},"id":"GG2050-REPD-18920","properties":{"capacity_mw":40.0,"gg_project_id":"GG2050-REPD-18920","name":"Aston Road, Aston - Solar Panels & Battery Energy Storage System","operator":"Ampyr Solar Europe","repd_ref":"18920","repd_technology":"Solar Photovoltaics","status":"Application Submitted","technology":"solar"},"type":"Feature"},{"geometry":{"coordinates":[-1.3647794,53.7570715],"type":"Point"},"id":"GG2050-REPD-8167","properties":{"capacity_mw":40.0,"gg_project_id":"GG2050-REPD-8167","name":"Barnsdale Road Solar Park","operator":"OnPath Energy","repd_ref":"8167","repd_technology":"Solar Photovoltaics","status":"Under Construction","technology":"solar"},"type":"Feature"},{"geometry":{"coordinates":[0.7993039,51.8592885],"type":"Point"},"id":"GG2050-REPD-12101","properties":{"capacity_mw":40.0,"gg_project_id":"GG2050-REPD-12101","name":"Birch Solar Farm & Battery Storage","operator":"Low Carbon Solar Park 22 Limited","repd_ref":"12101","repd_technology":"Solar Photovoltaics","status":"Operational","technology":"solar"},"type":"Feature"},{"geometry":{"coordinates":[-1.7509065,51.1429719],"type":"Point"},"id":"GG2050-REPD-18215","properties":{"capacity_mw":40.0,"gg_project_id":"GG2050-REPD-18215","name":"Blackthorn Solar Farm","operator":"Eden BD Solar Limited","repd_ref":"18215","repd_technology":"Solar Photovoltaics","status":"Application Submitted","technology":"solar"},"type":"Feature"},{"geometry":{"coordinates":[-0.4658176,53.183667],"type":"Point"},"id":"GG2050-REPD-6456","properties":{"capacity_mw":40.0,"gg_project_id":"GG2050-REPD-6456","name":"Branston Solar Park (extension)","operator":"Ethical Power","repd_ref":"6456","repd_technology":"Solar Photovoltaics","status":"Under Construction","technology":"solar"},"type":"Feature"},{"geometry":{"coordinates":[-0.5884103,52.0531128],"type":"Point"},"id":"GG2050-REPD-11005","properties":{"capacity_mw":40.0,"gg_project_id":"GG2050-REPD-11005","name":"Brogborough Landfill, Lidlington - Solar PV park","operator":"Infinis Solar Developments Limited","repd_ref":"11005","repd_technology":"Solar Photovoltaics","status":"Awaiting Construction","technology":"solar"},"type":"Feature"},{"geometry":{"coordinates":[-2.726045,52.976018],"type":"Point"},"id":"GG2050-REPD-8146","properties":{"capacity_mw":40.0,"gg_project_id":"GG2050-REPD-8146","name":"Bubney Farm","operator":"AlphaReal","repd_ref":"8146","repd_technology":"Solar Photovoltaics","status":"Operational","technology":"solar"},"type":"Feature"},{"geometry":{"coordinates":[-2.5873047,50.8865859],"type":"Point"},"id":"GG2050-REPD-19146","properties":{"capacity_mw":40.0,"gg_project_id":"GG2050-REPD-19146","name":"Caswell Farm, Common Lane - Solar Farm","operator":"GridSource Limited","repd_ref":"19146","repd_technology":"Solar Photovoltaics","status":"Application Submitted","technology":"solar"},"type":"Feature"},{"geometry":{"coordinates":[-3.2299736,54.1008392],"type":"Point"},"id":"GG2050-REPD-17087","properties":{"capacity_mw":40.0,"gg_project_id":"GG2050-REPD-17087","name":"Cavendish Dock Road - Solar Array","operator":"Associated British Ports","repd_ref":"17087","repd_technology":"Solar Photovoltaics","status":"Application Submitted","technology":"solar"},"type":"Feature"},{"geometry":{"coordinates":[-0.5188293,51.9374203],"type":"Point"},"id":"GG2050-REPD-12490","properties":{"capacity_mw":40.0,"gg_project_id":"GG2050-REPD-12490","name":"Chalgrave Manor, Luton Road - Solar Farm","operator":"Aton Energy","repd_ref":"12490","repd_technology":"Solar Photovoltaics","status":"Awaiting Construction","technology":"solar"},"type":"Feature"},{"geometry":{"coordinates":[1.4799721,52.3457763],"type":"Point"},"id":"GG2050-REPD-19230","properties":{"capacity_mw":40.0,"gg_project_id":"GG2050-REPD-19230","name":"Chediston Hall - 40MW Solar Panels","operator":"Sky UK Development Limited","repd_ref":"19230","repd_technology":"Solar Photovoltaics","status":"Application Submitted","technology":"solar"},"type":"Feature"},{"geometry":{"coordinates":[-2.2034154,52.6586577],"type":"Point"},"id":"GG2050-REPD-14087","properties":{"capacity_mw":40.0,"gg_project_id":"GG2050-REPD-14087","name":"Chillington Estate, Chillington Park - Solar Panels","operator":"Elgin Energy Esco Limited","repd_ref":"14087","repd_technology":"Solar Photovoltaics","status":"Awaiting Construction","technology":"solar"},"type":"Feature"},{"geometry":{"coordinates":[0.1158096,50.8934973],"type":"Point"},"id":"GG2050-REPD-11681","properties":{"capacity_mw":40.0,"gg_project_id":"GG2050-REPD-11681","name":"Colbrans Farm Estate, Laughton - Solar Panels","operator":"Innova","repd_ref":"11681","repd_technology":"Solar Photovoltaics","status":"Awaiting Construction","technology":"solar"},"type":"Feature"},{"geometry":{"coordinates":[-1.460131,51.1960702],"type":"Point"},"id":"GG2050-REPD-1983","properties":{"capacity_mw":40.0,"gg_project_id":"GG2050-REPD-1983","name":"Cowdown Lane","operator":"Equitix","repd_ref":"1983","repd_technology":"Solar Photovoltaics","status":"Operational","technology":"solar"},"type":"Feature"},{"geometry":{"coordinates":[-3.5034789,56.0969622],"type":"Point"},"id":"GG2050-REPD-13321","properties":{"capacity_mw":40.0,"gg_project_id":"GG2050-REPD-13321","name":"Craigluscar, Craigluscar Road - Solar Array & Battery Storage","operator":"Locogen Consulting Limited","repd_ref":"13321","repd_technology":"Solar Photovoltaics","status":"Awaiting Construction","technology":"solar"},"type":"Feature"},{"geometry":{"coordinates":[-1.2444436,52.6036371],"type":"Point"},"id":"GG2050-REPD-6515","properties":{"capacity_mw":40.0,"gg_project_id":"GG2050-REPD-6515","name":"Desford Road, Thurlaston","operator":"Elgin Energy EsCo","repd_ref":"6515","repd_technology":"Solar Photovoltaics","status":"Awaiting Construction","technology":"solar"},"type":"Feature"},{"geometry":{"coordinates":[-1.3933826,54.9423372],"type":"Point"},"id":"GG2050-REPD-13438","properties":{"capacity_mw":40.0,"gg_project_id":"GG2050-REPD-13438","name":"E/o the Academy Of Light, Sunderland Road - Solar Farm","operator":"Sunderland AFC","repd_ref":"13438","repd_technology":"Solar Photovoltaics","status":"Application Submitted","technology":"solar"},"type":"Feature"},{"geometry":{"coordinates":[-2.1716661,52.3053664],"type":"Point"},"id":"GG2050-REPD-15976","properties":{"capacity_mw":40.0,"gg_project_id":"GG2050-REPD-15976","name":"Fibden Farm - Solar Array","operator":"Grenergy Renewables","repd_ref":"15976","repd_technology":"Solar Photovoltaics","status":"Application Submitted","technology":"solar"},"type":"Feature"},{"geometry":{"coordinates":[-2.1584629,52.304324],"type":"Point"},"id":"GG2050-REPD-16721","properties":{"capacity_mw":40.0,"gg_project_id":"GG2050-REPD-16721","name":"Fibden Farm, Hampton Lovett - Solar Array","operator":"Grenergy Renewables","repd_ref":"16721","repd_technology":"Solar Photovoltaics","status":"Awaiting Construction","technology":"solar"},"type":"Feature"},{"geometry":{"coordinates":[-0.3465854,53.8685341],"type":"Point"},"id":"GG2050-REPD-8995","properties":{"capacity_mw":40.0,"gg_project_id":"GG2050-REPD-8995","name":"Field House Solar Farm","operator":"Albanwise Synergy Limited","repd_ref":"8995","repd_technology":"Solar Photovoltaics","status":"Awaiting Construction","technology":"solar"},"type":"Feature"},{"geometry":{"coordinates":[-0.7537479,51.8401393],"type":"Point"},"id":"GG2050-REPD-7969","properties":{"capacity_mw":40.0,"gg_project_id":"GG2050-REPD-7969","name":"Hale Solar Farm","operator":"Elgin Energy","repd_ref":"7969","repd_technology":"Solar Photovoltaics","status":"Application Submitted","technology":"solar"},"type":"Feature"},{"geometry":{"coordinates":[-1.3654685,52.0914953],"type":"Point"},"id":"GG2050-REPD-18446","properties":{"capacity_mw":40.0,"gg_project_id":"GG2050-REPD-18446","name":"Hanwell Estate, Main Street - Solar Farm","operator":"Elgin Energy","repd_ref":"18446","repd_technology":"Solar Photovoltaics","status":"Application Submitted","technology":"solar"},"type":"Feature"},{"geometry":{"coordinates":[-1.1975073,53.9735813],"type":"Point"},"id":"GG2050-REPD-11974","properties":{"capacity_mw":40.0,"gg_project_id":"GG2050-REPD-11974","name":"Hessay Solar Farm","operator":"Solar2 Limited","repd_ref":"11974","repd_technology":"Solar Photovoltaics","status":"Awaiting Construction","technology":"solar"},"type":"Feature"},{"geometry":{"coordinates":[-1.9021718,54.8979621],"type":"Point"},"id":"GG2050-REPD-12311","properties":{"capacity_mw":40.0,"gg_project_id":"GG2050-REPD-12311","name":"Highfield Energy Park","operator":"Exagen","repd_ref":"12311","repd_technology":"Solar Photovoltaics","status":"Appeal Lodged","technology":"solar"},"type":"Feature"},{"geometry":{"coordinates":[-1.2914796,52.5913148],"type":"Point"},"id":"GG2050-REPD-7715","properties":{"capacity_mw":40.0,"gg_project_id":"GG2050-REPD-7715","name":"Hinckley Road - Solar Farm","operator":"Capital Dynamics Limited","repd_ref":"7715","repd_technology":"Solar Photovoltaics","status":"Awaiting Construction","technology":"solar"},"type":"Feature"},{"geometry":{"coordinates":[-0.8417344,51.76391],"type":"Point"},"id":"GG2050-REPD-13227","properties":{"capacity_mw":40.0,"gg_project_id":"GG2050-REPD-13227","name":"Kimblewick Road Solar Farm","operator":"Kimblewick Solar Limited","repd_ref":"13227","repd_technology":"Solar Photovoltaics","status":"Awaiting Construction","technology":"solar"},"type":"Feature"},{"geometry":{"coordinates":[-2.2991566,51.8842271],"type":"Point"},"id":"GG2050-REPD-19389","properties":{"capacity_mw":40.0,"gg_project_id":"GG2050-REPD-19389","name":"Lassington Lane, Highnam - Solar Farm","operator":"Pathfinder Clean Energy UK Dev Limited","repd_ref":"19389","repd_technology":"Solar Photovoltaics","status":"Application Submitted","technology":"solar"},"type":"Feature"},{"geometry":{"coordinates":[-3.4399057,55.8733366],"type":"Point"},"id":"GG2050-REPD-19085","properties":{"capacity_mw":40.0,"gg_project_id":"GG2050-REPD-19085","name":"Leyden Road - Solar Array","operator":"Trio Power Limited","repd_ref":"19085","repd_technology":"Solar Photovoltaics","status":"Application Submitted","technology":"solar"},"type":"Feature"},{"geometry":{"coordinates":[-2.4494773,51.76103],"type":"Point"},"id":"GG2050-REPD-18917","properties":{"capacity_mw":40.0,"gg_project_id":"GG2050-REPD-18917","name":"Lightwood Solar Farm - Solar Panels","operator":"Eden AW Solar Ltd","repd_ref":"18917","repd_technology":"Solar Photovoltaics","status":"Application Submitted","technology":"solar"},"type":"Feature"},{"geometry":{"coordinates":[-2.1503417,52.7449655],"type":"Point"},"id":"GG2050-REPD-12981","properties":{"capacity_mw":40.0,"gg_project_id":"GG2050-REPD-12981","name":"Littywood Farm, Toft Lane - Solar Array","operator":"Elgin Energy Services","repd_ref":"12981","repd_technology":"Solar Photovoltaics","status":"Awaiting Construction","technology":"solar"},"type":"Feature"},{"geometry":{"coordinates":[-4.5444464,55.4331745],"type":"Point"},"id":"GG2050-REPD-12273","properties":{"capacity_mw":40.0,"gg_project_id":"GG2050-REPD-12273","name":"Loch Fergus Farm - Solar Farm","operator":"Locogen","repd_ref":"12273","repd_technology":"Solar Photovoltaics","status":"Under Construction","technology":"solar"},"type":"Feature"},{"geometry":{"coordinates":[-1.2222993,53.5414806],"type":"Point"},"id":"GG2050-REPD-13372","properties":{"capacity_mw":40.0,"gg_project_id":"GG2050-REPD-13372","name":"Marr Hall Farm, Barnsley Road - Solar Farm","operator":"Enviromena Asset Management UK Limited","repd_ref":"13372","repd_technology":"Solar Photovoltaics","status":"Application Refused","technology":"solar"},"type":"Feature"},{"geometry":{"coordinates":[-4.4763282,55.854567],"type":"Point"},"id":"GG2050-REPD-15760","properties":{"capacity_mw":40.0,"gg_project_id":"GG2050-REPD-15760","name":"Middleton Farm Cottage, Middleton Road - Solar Photovoltaic Array","operator":"Bluestone Energy Limited","repd_ref":"15760","repd_technology":"Solar Photovoltaics","status":"Awaiting Construction","technology":"solar"},"type":"Feature"},{"geometry":{"coordinates":[-2.0073876,51.6014784],"type":"Point"},"id":"GG2050-REPD-7941","properties":{"capacity_mw":40.0,"gg_project_id":"GG2050-REPD-7941","name":"Minety Substation","operator":"JBM Solar Project","repd_ref":"7941","repd_technology":"Solar Photovoltaics","status":"Awaiting Construction","technology":"solar"},"type":"Feature"},{"geometry":{"coordinates":[-2.0552406,52.9312908],"type":"Point"},"id":"GG2050-REPD-12252","properties":{"capacity_mw":40.0,"gg_project_id":"GG2050-REPD-12252","name":"New Buildings Solar Farm, Sandon Road - Solar Farm","operator":"New Buildings Solar Farm Limited","repd_ref":"12252","repd_technology":"Solar Photovoltaics","status":"Application Submitted","technology":"solar"},"type":"Feature"},{"geometry":{"coordinates":[-2.2843305,50.667246],"type":"Point"},"id":"GG2050-REPD-8828","properties":{"capacity_mw":40.0,"gg_project_id":"GG2050-REPD-8828","name":"North Fossil Farm - Solar Panels","operator":"Spring Dev 03 Ltd","repd_ref":"8828","repd_technology":"Solar Photovoltaics","status":"Awaiting Construction","technology":"solar"},"type":"Feature"},{"geometry":{"coordinates":[1.0786098,52.7562333],"type":"Point"},"id":"GG2050-REPD-16707","properties":{"capacity_mw":40.0,"gg_project_id":"GG2050-REPD-16707","name":"Nowhere Lane, Norwich - Solar Photovoltaic Panels","operator":"Albanwise Synergy Limited","repd_ref":"16707","repd_technology":"Solar Photovoltaics","status":"Awaiting Construction","technology":"solar"},"type":"Feature"},{"geometry":{"coordinates":[-2.8185661,51.1159205],"type":"Point"},"id":"GG2050-REPD-16100","properties":{"capacity_mw":40.0,"gg_project_id":"GG2050-REPD-16100","name":"Nythe Road, Pedwell - Solar Photovoltaic Park","operator":"Elgin Energy Services Limited","repd_ref":"16100","repd_technology":"Solar Photovoltaics","status":"Revised","technology":"solar"},"type":"Feature"},{"geometry":{"coordinates":[-2.8185661,51.1159205],"type":"Point"},"id":"GG2050-REPD-19367","properties":{"capacity_mw":40.0,"gg_project_id":"GG2050-REPD-19367","name":"Nythe Road, Pedwell - Solar Photovoltaic Park","operator":"Elgin Energy Services Limited","repd_ref":"19367","repd_technology":"Solar Photovoltaics","status":"Application Submitted","technology":"solar"},"type":"Feature"},{"geometry":{"coordinates":[-2.8098612,51.3709238],"type":"Point"},"id":"GG2050-REPD-18440","properties":{"capacity_mw":40.0,"gg_project_id":"GG2050-REPD-18440","name":"Oldbridge, Congresbury - Solar Farm","operator":"Belltown Power Limited","repd_ref":"18440","repd_technology":"Solar Photovoltaics","status":"Application Submitted","technology":"solar"},"type":"Feature"},{"geometry":{"coordinates":[-3.9646701,51.6908267],"type":"Point"},"id":"GG2050-REPD-16010","properties":{"capacity_mw":40.0,"gg_project_id":"GG2050-REPD-16010","name":"Penllergaer Solar Farm - Solar Farm","operator":"Ecap Renewables","repd_ref":"16010","repd_technology":"Solar Photovoltaics","status":"Application Submitted","technology":"solar"},"type":"Feature"},{"geometry":{"coordinates":[-0.4476079,53.3549544],"type":"Point"},"id":"GG2050-REPD-2018","properties":{"capacity_mw":40.0,"gg_project_id":"GG2050-REPD-2018","name":"RAF Faldingworth","operator":"Lunar Energy Power","repd_ref":"2018","repd_technology":"Solar Photovoltaics","status":"Planning Permission Expired","technology":"solar"},"type":"Feature"},{"geometry":{"coordinates":[-2.1260644,51.5005363],"type":"Point"},"id":"GG2050-REPD-15145","properties":{"capacity_mw":40.0,"gg_project_id":"GG2050-REPD-15145","name":"Red Barn - Solar Farm & Battery Storage","operator":"Eden Renewables","repd_ref":"15145","repd_technology":"Solar Photovoltaics","status":"Awaiting Construction","technology":"solar"},"type":"Feature"},{"geometry":{"coordinates":[0.6579147,52.2103284],"type":"Point"},"id":"GG2050-REPD-18367","properties":{"capacity_mw":40.0,"gg_project_id":"GG2050-REPD-18367","name":"River Linnet Solar Farm, Harram Hill - Solar Farm","operator":"Quintas Cleantech","repd_ref":"18367","repd_technology":"Solar Photovoltaics","status":"Application Refused","technology":"solar"},"type":"Feature"},{"geometry":{"coordinates":[-2.6995884,52.3776964],"type":"Point"},"id":"GG2050-REPD-10635","properties":{"capacity_mw":40.0,"gg_project_id":"GG2050-REPD-10635","name":"Rock Farm - Solar Farm","operator":"Anglo Renewables","repd_ref":"10635","repd_technology":"Solar Photovoltaics","status":"Under Construction","technology":"solar"},"type":"Feature"},{"geometry":{"coordinates":[-2.9838697,53.8222609],"type":"Point"},"id":"GG2050-REPD-20961","properties":{"capacity_mw":40.0,"gg_project_id":"GG2050-REPD-20961","name":"Smithy Lane, Staining - Solar PV Panels & BESS","operator":"Boom Power Limited","repd_ref":"20961","repd_technology":"Solar Photovoltaics","status":"Application Submitted","technology":"solar"},"type":"Feature"},{"geometry":{"coordinates":[-2.1414751,50.8131881],"type":"Point"},"id":"GG2050-REPD-9360","properties":{"capacity_mw":40.0,"gg_project_id":"GG2050-REPD-9360","name":"South Farm Solar Park","operator":"Voltalia UK","repd_ref":"9360","repd_technology":"Solar Photovoltaics","status":"Operational","technology":"solar"},"type":"Feature"},{"geometry":{"coordinates":[-0.3595542,52.2418544],"type":"Point"},"id":"GG2050-REPD-5431","properties":{"capacity_mw":40.0,"gg_project_id":"GG2050-REPD-5431","name":"Staughton Airfield Solar Farm","operator":"GreenHedge (BayWa r.e.) / Next Energy Capital","repd_ref":"5431","repd_technology":"Solar Photovoltaics","status":"Operational","technology":"solar"},"type":"Feature"},{"geometry":{"coordinates":[0.321295,51.9603412],"type":"Point"},"id":"GG2050-REPD-8475","properties":{"capacity_mw":40.0,"gg_project_id":"GG2050-REPD-8475","name":"Thaxted - Solar farm","operator":"Low Carbon Limited","repd_ref":"8475","repd_technology":"Solar Photovoltaics","status":"Awaiting Construction","technology":"solar"},"type":"Feature"},{"geometry":{"coordinates":[-5.3492233,50.1878275],"type":"Point"},"id":"GG2050-REPD-12910","properties":{"capacity_mw":40.0,"gg_project_id":"GG2050-REPD-12910","name":"The Coach House, Gwinear Lane - Speedwell Solar Farm","operator":"StatKraft","repd_ref":"12910","repd_technology":"Solar Photovoltaics","status":"Awaiting Construction","technology":"solar"},"type":"Feature"},{"geometry":{"coordinates":[1.1882818,51.8503175],"type":"Point"},"id":"GG2050-REPD-13028","properties":{"capacity_mw":40.0,"gg_project_id":"GG2050-REPD-13028","name":"Thorpe Park Solar Farm, Thorpe Le Soken - Solar Farm","operator":"Low Carbon UK Solar Investment Co Limited","repd_ref":"13028","repd_technology":"Solar Photovoltaics","status":"Awaiting Construction","technology":"solar"},"type":"Feature"},{"geometry":{"coordinates":[-0.1607015,52.0124958],"type":"Point"},"id":"GG2050-REPD-9037","properties":{"capacity_mw":40.0,"gg_project_id":"GG2050-REPD-9037","name":"Tophams Solar Farm","operator":"Pathfinder Clean Energy UK Dev Limited","repd_ref":"9037","repd_technology":"Solar Photovoltaics","status":"Awaiting Construction","technology":"solar"},"type":"Feature"}],"partition":1,"release":"9.1","schema":"globalgrid2050.v9.atlas-projects.v9.1","technology":"solar","type":"FeatureCollection"}
