{"feature_count":500,"features":[{"geometry":{"coordinates":[-3.0700507,56.4632733],"type":"Point"},"id":"GG2050-REPD-9650","properties":{"capacity_mw":2.0,"gg_project_id":"GG2050-REPD-9650","name":"Dykes Of Gray Road - Solar PV Array","operator":"Dundee Renewable Energy Society","repd_ref":"9650","repd_technology":"Solar Photovoltaics","status":"Awaiting Construction","technology":"solar"},"type":"Feature"},{"geometry":{"coordinates":[-1.0318726,52.3042952],"type":"Point"},"id":"GG2050-REPD-11491","properties":{"capacity_mw":2.0,"gg_project_id":"GG2050-REPD-11491","name":"East Haddon - Solar Photovoltaic System","operator":"HW Brown","repd_ref":"11491","repd_technology":"Solar Photovoltaics","status":"Under Construction","technology":"solar"},"type":"Feature"},{"geometry":{"coordinates":[-3.5843425,56.3018312],"type":"Point"},"id":"GG2050-REPD-12755","properties":{"capacity_mw":2.0,"gg_project_id":"GG2050-REPD-12755","name":"Findony Farm, Dunning - Solar Array","operator":"Simon Howie Butchers Limited","repd_ref":"12755","repd_technology":"Solar Photovoltaics","status":"Awaiting Construction","technology":"solar"},"type":"Feature"},{"geometry":{"coordinates":[-3.1391765,53.2560437],"type":"Point"},"id":"GG2050-REPD-7400","properties":{"capacity_mw":2.0,"gg_project_id":"GG2050-REPD-7400","name":"Flint Landfill Site Castle Park","operator":"Flintshire County Council","repd_ref":"7400","repd_technology":"Solar Photovoltaics","status":"Operational","technology":"solar"},"type":"Feature"},{"geometry":{"coordinates":[-3.040259,52.8485913],"type":"Point"},"id":"GG2050-REPD-16582","properties":{"capacity_mw":2.0,"gg_project_id":"GG2050-REPD-16582","name":"Glovers Meadow - Ground Mounted Solar Array","operator":"Shropshire Council","repd_ref":"16582","repd_technology":"Solar Photovoltaics","status":"Application Submitted","technology":"solar"},"type":"Feature"},{"geometry":{"coordinates":[-2.9058183,50.8738919],"type":"Point"},"id":"GG2050-REPD-1576","properties":{"capacity_mw":2.0,"gg_project_id":"GG2050-REPD-1576","name":"Goldenhaye Field Solar Farm","operator":"Cricket St Thomas Estate","repd_ref":"1576","repd_technology":"Solar Photovoltaics","status":"Operational","technology":"solar"},"type":"Feature"},{"geometry":{"coordinates":[-0.8342843,53.5632008],"type":"Point"},"id":"GG2050-REPD-1916","properties":{"capacity_mw":2.0,"gg_project_id":"GG2050-REPD-1916","name":"Green Lane (Westgate)","operator":"Private Developer","repd_ref":"1916","repd_technology":"Solar Photovoltaics","status":"Application Refused","technology":"solar"},"type":"Feature"},{"geometry":{"coordinates":[-2.2679964,51.8629039],"type":"Point"},"id":"GG2050-REPD-11156","properties":{"capacity_mw":2.0,"gg_project_id":"GG2050-REPD-11156","name":"Hempsted Lane - Solar Array","operator":"Enovert South Limited","repd_ref":"11156","repd_technology":"Solar Photovoltaics","status":"Awaiting Construction","technology":"solar"},"type":"Feature"},{"geometry":{"coordinates":[-2.2756522,51.8586065],"type":"Point"},"id":"GG2050-REPD-9852","properties":{"capacity_mw":2.0,"gg_project_id":"GG2050-REPD-9852","name":"Hempsted Lane - Solar Array","operator":"Enovert South Limited","repd_ref":"9852","repd_technology":"Solar Photovoltaics","status":"Revised","technology":"solar"},"type":"Feature"},{"geometry":{"coordinates":[-2.6315559,51.4045891],"type":"Point"},"id":"GG2050-REPD-19520","properties":{"capacity_mw":2.0,"gg_project_id":"GG2050-REPD-19520","name":"Hersey Gardens - Solar Panels","operator":"Bristol City Leap","repd_ref":"19520","repd_technology":"Solar Photovoltaics","status":"Application Submitted","technology":"solar"},"type":"Feature"},{"geometry":{"coordinates":[-4.074391,51.0505923],"type":"Point"},"id":"GG2050-REPD-1226","properties":{"capacity_mw":2.0,"gg_project_id":"GG2050-REPD-1226","name":"Hollamoor Farm (PV)","operator":"Lightsource Renewable Energy","repd_ref":"1226","repd_technology":"Solar Photovoltaics","status":"Operational","technology":"solar"},"type":"Feature"},{"geometry":{"coordinates":[-1.030648,53.5363508],"type":"Point"},"id":"GG2050-REPD-1379","properties":{"capacity_mw":2.0,"gg_project_id":"GG2050-REPD-1379","name":"Ikea Distribution Centre","operator":"IKEA Properties Investments Ltd","repd_ref":"1379","repd_technology":"Solar Photovoltaics","status":"Revised","technology":"solar"},"type":"Feature"},{"geometry":{"coordinates":[-3.147627,51.1507595],"type":"Point"},"id":"GG2050-REPD-1051","properties":{"capacity_mw":2.0,"gg_project_id":"GG2050-REPD-1051","name":"Inwood Farm","operator":"ZW Nether Stowey Ltd","repd_ref":"1051","repd_technology":"Solar Photovoltaics","status":"Application Refused","technology":"solar"},"type":"Feature"},{"geometry":{"coordinates":[-4.8019658,50.3710101],"type":"Point"},"id":"GG2050-REPD-5208","properties":{"capacity_mw":2.0,"gg_project_id":"GG2050-REPD-5208","name":"Lower Ninestones Solar Farm","operator":"Clean Earth Energy","repd_ref":"5208","repd_technology":"Solar Photovoltaics","status":"Abandoned","technology":"solar"},"type":"Feature"},{"geometry":{"coordinates":[-0.7326383,52.0643275],"type":"Point"},"id":"GG2050-REPD-9277","properties":{"capacity_mw":2.0,"gg_project_id":"GG2050-REPD-9277","name":"Mercedes Benz UK - Solar array car port","operator":"Mercedes Benz Retail Group Limited","repd_ref":"9277","repd_technology":"Solar Photovoltaics","status":"Awaiting Construction","technology":"solar"},"type":"Feature"},{"geometry":{"coordinates":[-2.6575945,51.5149264],"type":"Point"},"id":"GG2050-REPD-1236","properties":{"capacity_mw":2.0,"gg_project_id":"GG2050-REPD-1236","name":"Moorhouse Lane","operator":"Orta Moorhouse Solar Ltd","repd_ref":"1236","repd_technology":"Solar Photovoltaics","status":"Revised","technology":"solar"},"type":"Feature"},{"geometry":{"coordinates":[-3.4977216,51.4216269],"type":"Point"},"id":"GG2050-REPD-1862","properties":{"capacity_mw":2.0,"gg_project_id":"GG2050-REPD-1862","name":"Morfa Farm","operator":"Lightsource Renewable Energy","repd_ref":"1862","repd_technology":"Solar Photovoltaics","status":"Operational","technology":"solar"},"type":"Feature"},{"geometry":{"coordinates":[0.7454108,51.3717458],"type":"Point"},"id":"GG2050-REPD-1237","properties":{"capacity_mw":2.0,"gg_project_id":"GG2050-REPD-1237","name":"Morrisons roof mounted solar","operator":"WM Morrisons Supermarkets Plc","repd_ref":"1237","repd_technology":"Solar Photovoltaics","status":"Operational","technology":"solar"},"type":"Feature"},{"geometry":{"coordinates":[-4.2122097,51.8358633],"type":"Point"},"id":"GG2050-REPD-17264","properties":{"capacity_mw":2.0,"gg_project_id":"GG2050-REPD-17264","name":"Nantycaws Waste Management Facility, Llanddarog - Solar Farm","operator":"CWM Environmental Limited (head offfice)","repd_ref":"17264","repd_technology":"Solar Photovoltaics","status":"Awaiting Construction","technology":"solar"},"type":"Feature"},{"geometry":{"coordinates":[-1.2006853,50.7200798],"type":"Point"},"id":"GG2050-REPD-1722","properties":{"capacity_mw":2.0,"gg_project_id":"GG2050-REPD-1722","name":"Newnham Farm","operator":"Low Carbon Solar (Liquidated)","repd_ref":"1722","repd_technology":"Solar Photovoltaics","status":"Planning Permission Expired","technology":"solar"},"type":"Feature"},{"geometry":{"coordinates":[-2.600985,52.4964147],"type":"Point"},"id":"GG2050-REPD-1608","properties":{"capacity_mw":2.0,"gg_project_id":"GG2050-REPD-1608","name":"Oakridge Farm","operator":"Oakridge Farm Limited","repd_ref":"1608","repd_technology":"Solar Photovoltaics","status":"Abandoned","technology":"solar"},"type":"Feature"},{"geometry":{"coordinates":[-1.808503,51.5975106],"type":"Point"},"id":"GG2050-REPD-15782","properties":{"capacity_mw":2.0,"gg_project_id":"GG2050-REPD-15782","name":"Orbital Shopping Park, North Swindon District Centre - Solar panels","operator":"Orbital Retail Park Swindon Limited","repd_ref":"15782","repd_technology":"Solar Photovoltaics","status":"Awaiting Construction","technology":"solar"},"type":"Feature"},{"geometry":{"coordinates":[-1.4392161,53.5851914],"type":"Point"},"id":"GG2050-REPD-16367","properties":{"capacity_mw":2.0,"gg_project_id":"GG2050-REPD-16367","name":"Premier Foods Bakery, Fish Dam Lane - Solar Farm","operator":"Premier Foods Plc","repd_ref":"16367","repd_technology":"Solar Photovoltaics","status":"Operational","technology":"solar"},"type":"Feature"},{"geometry":{"coordinates":[-1.2447848,51.6962483],"type":"Point"},"id":"GG2050-REPD-13691","properties":{"capacity_mw":2.0,"gg_project_id":"GG2050-REPD-13691","name":"Radley College, Kennington Gate - Solar Array & Battery Storage","operator":"Radley College","repd_ref":"13691","repd_technology":"Solar Photovoltaics","status":"Awaiting Construction","technology":"solar"},"type":"Feature"},{"geometry":{"coordinates":[-4.2465511,50.6754944],"type":"Point"},"id":"GG2050-REPD-1173","properties":{"capacity_mw":2.0,"gg_project_id":"GG2050-REPD-1173","name":"Rexton Cross","operator":"Padero Solaer","repd_ref":"1173","repd_technology":"Solar Photovoltaics","status":"Operational","technology":"solar"},"type":"Feature"},{"geometry":{"coordinates":[-3.1973368,51.060534],"type":"Point"},"id":"GG2050-REPD-1386","properties":{"capacity_mw":2.0,"gg_project_id":"GG2050-REPD-1386","name":"Sandhill Solar Park","operator":"Solar Power South","repd_ref":"1386","repd_technology":"Solar Photovoltaics","status":"Operational","technology":"solar"},"type":"Feature"},{"geometry":{"coordinates":[-3.2291891,54.1477202],"type":"Point"},"id":"GG2050-REPD-11277","properties":{"capacity_mw":2.0,"gg_project_id":"GG2050-REPD-11277","name":"Sandscale Park - Solar Array","operator":"Cumbria County Council","repd_ref":"11277","repd_technology":"Solar Photovoltaics","status":"Awaiting Construction","technology":"solar"},"type":"Feature"},{"geometry":{"coordinates":[-0.735412,50.7905778],"type":"Point"},"id":"GG2050-REPD-14148","properties":{"capacity_mw":2.0,"gg_project_id":"GG2050-REPD-14148","name":"Sefter Farm, Pagham Road - Solar Panels","operator":"Barfoots Of Botley Limited","repd_ref":"14148","repd_technology":"Solar Photovoltaics","status":"Awaiting Construction","technology":"solar"},"type":"Feature"},{"geometry":{"coordinates":[-1.7701636,51.0589442],"type":"Point"},"id":"GG2050-REPD-12190","properties":{"capacity_mw":2.0,"gg_project_id":"GG2050-REPD-12190","name":"Sewage Works, Southampton Road - Solar Farm","operator":"Communities for Renewables CIC","repd_ref":"12190","repd_technology":"Solar Photovoltaics","status":"Application Withdrawn","technology":"solar"},"type":"Feature"},{"geometry":{"coordinates":[-5.9301901,54.5963898],"type":"Point"},"id":"GG2050-REPD-16445","properties":{"capacity_mw":2.0,"gg_project_id":"GG2050-REPD-16445","name":"Solar PV Energy Alterations in Belfast","operator":"HHT Management Limited","repd_ref":"16445","repd_technology":"Solar Photovoltaics","status":"Application Submitted","technology":"solar"},"type":"Feature"},{"geometry":{"coordinates":[-6.2760101,54.8662964],"type":"Point"},"id":"GG2050-REPD-16451","properties":{"capacity_mw":2.0,"gg_project_id":"GG2050-REPD-16451","name":"Solar PV Energy Development in Ballymena","operator":"HHT Management Limited","repd_ref":"16451","repd_technology":"Solar Photovoltaics","status":"Awaiting Construction","technology":"solar"},"type":"Feature"},{"geometry":{"coordinates":[-6.333169,54.2624124],"type":"Point"},"id":"GG2050-REPD-16583","properties":{"capacity_mw":2.0,"gg_project_id":"GG2050-REPD-16583","name":"Solar PV Energy Development in Newry","operator":"HHT Management Limited","repd_ref":"16583","repd_technology":"Solar Photovoltaics","status":"Awaiting Construction","technology":"solar"},"type":"Feature"},{"geometry":{"coordinates":[-2.9656611,51.1227022],"type":"Point"},"id":"GG2050-REPD-1046","properties":{"capacity_mw":2.0,"gg_project_id":"GG2050-REPD-1046","name":"Summerway Drove","operator":"BNRG Renewables","repd_ref":"1046","repd_technology":"Solar Photovoltaics","status":"Operational","technology":"solar"},"type":"Feature"},{"geometry":{"coordinates":[-3.069387,56.4564058],"type":"Point"},"id":"GG2050-REPD-9817","properties":{"capacity_mw":2.0,"gg_project_id":"GG2050-REPD-9817","name":"The James Hutton Institute - Solar PV Array","operator":"Dundee Renewable Energy Society","repd_ref":"9817","repd_technology":"Solar Photovoltaics","status":"Awaiting Construction","technology":"solar"},"type":"Feature"},{"geometry":{"coordinates":[-3.5081087,55.9109168],"type":"Point"},"id":"GG2050-REPD-11955","properties":{"capacity_mw":2.0,"gg_project_id":"GG2050-REPD-11955","name":"The Wyman Gordon Facility, Nettlehill Road- Solar Farm","operator":"Wyman-Gordon Limited","repd_ref":"11955","repd_technology":"Solar Photovoltaics","status":"Awaiting Construction","technology":"solar"},"type":"Feature"},{"geometry":{"coordinates":[-3.3790864,52.9916032],"type":"Point"},"id":"GG2050-REPD-18371","properties":{"capacity_mw":2.0,"gg_project_id":"GG2050-REPD-18371","name":"Trewyn Bach, Clawdd Poncen - Solar Panels","operator":"Mark & Nadine Budgen","repd_ref":"18371","repd_technology":"Solar Photovoltaics","status":"Application Submitted","technology":"solar"},"type":"Feature"},{"geometry":{"coordinates":[-2.134248,51.9885007],"type":"Point"},"id":"GG2050-REPD-5740","properties":{"capacity_mw":2.0,"gg_project_id":"GG2050-REPD-5740","name":"Walton Cardiff Manor","operator":"Active Renewables","repd_ref":"5740","repd_technology":"Solar Photovoltaics","status":"Application Refused","technology":"solar"},"type":"Feature"},{"geometry":{"coordinates":[-0.1080059,53.571825],"type":"Point"},"id":"GG2050-REPD-4755","properties":{"capacity_mw":2.0,"gg_project_id":"GG2050-REPD-4755","name":"West Marsh (Phase 1)","operator":"Millennium Park (Grimsby) Ltd","repd_ref":"4755","repd_technology":"Solar Photovoltaics","status":"Abandoned","technology":"solar"},"type":"Feature"},{"geometry":{"coordinates":[-3.9435053,55.869136],"type":"Point"},"id":"GG2050-REPD-19151","properties":{"capacity_mw":2.0,"gg_project_id":"GG2050-REPD-19151","name":"Wester Moffat Farm, Towers Road - Solar Photovoltaic Panels","operator":"NHS Lanarkshire","repd_ref":"19151","repd_technology":"Solar Photovoltaics","status":"Awaiting Construction","technology":"solar"},"type":"Feature"},{"geometry":{"coordinates":[-1.9594498,50.767666],"type":"Point"},"id":"GG2050-REPD-14974","properties":{"capacity_mw":2.0,"gg_project_id":"GG2050-REPD-14974","name":"Whites Pit, Arena Way - Solar PV Array","operator":"Canford Renewable Energy Limited","repd_ref":"14974","repd_technology":"Solar Photovoltaics","status":"Awaiting Construction","technology":"solar"},"type":"Feature"},{"geometry":{"coordinates":[-1.5357371,52.2736265],"type":"Point"},"id":"GG2050-REPD-2389","properties":{"capacity_mw":2.0,"gg_project_id":"GG2050-REPD-2389","name":"Wolseley National Distribution Centre","operator":"Wolseley UK","repd_ref":"2389","repd_technology":"Solar Photovoltaics","status":"Operational","technology":"solar"},"type":"Feature"},{"geometry":{"coordinates":[-0.6560501,52.041046],"type":"Point"},"id":"GG2050-REPD-9253","properties":{"capacity_mw":1.97064,"gg_project_id":"GG2050-REPD-9253","name":"Harvie Card Way - Solar panels","operator":"Zestec Asset Management","repd_ref":"9253","repd_technology":"Solar Photovoltaics","status":"Operational","technology":"solar"},"type":"Feature"},{"geometry":{"coordinates":[-4.9660606,56.8881649],"type":"Point"},"id":"GG2050-REPD-20782","properties":{"capacity_mw":1.97,"gg_project_id":"GG2050-REPD-20782","name":"Camisky Wellfield Water, Blackcairn House - Solar Array & BESS","operator":"Scottish Water National Operations Control Centre","repd_ref":"20782","repd_technology":"Solar Photovoltaics","status":"Application Submitted","technology":"solar"},"type":"Feature"},{"geometry":{"coordinates":[-1.808932,51.5571311],"type":"Point"},"id":"GG2050-REPD-15022","properties":{"capacity_mw":1.96,"gg_project_id":"GG2050-REPD-15022","name":"Unit O, Penzance Drive - Solar Panels","operator":"Ortus Energy","repd_ref":"15022","repd_technology":"Solar Photovoltaics","status":"Awaiting Construction","technology":"solar"},"type":"Feature"},{"geometry":{"coordinates":[-2.9493456,50.8742923],"type":"Point"},"id":"GG2050-REPD-16962","properties":{"capacity_mw":1.93,"gg_project_id":"GG2050-REPD-16962","name":"Fordham Grange - Solar Panels","operator":"Numatic International Limited","repd_ref":"16962","repd_technology":"Solar Photovoltaics","status":"Operational","technology":"solar"},"type":"Feature"},{"geometry":{"coordinates":[-2.4658566,51.2136146],"type":"Point"},"id":"GG2050-REPD-17258","properties":{"capacity_mw":1.925,"gg_project_id":"GG2050-REPD-17258","name":"Old Wells Road, Stoke St Michael - Solar Panels","operator":"John Wainwright & Co Limited","repd_ref":"17258","repd_technology":"Solar Photovoltaics","status":"Application Submitted","technology":"solar"},"type":"Feature"},{"geometry":{"coordinates":[-1.012097,53.1271077],"type":"Point"},"id":"GG2050-REPD-4879","properties":{"capacity_mw":1.9,"gg_project_id":"GG2050-REPD-4879","name":"Belle Eau Park","operator":"Solar Choice","repd_ref":"4879","repd_technology":"Solar Photovoltaics","status":"Planning Permission Expired","technology":"solar"},"type":"Feature"},{"geometry":{"coordinates":[1.2582203,52.6451917],"type":"Point"},"id":"GG2050-REPD-5720","properties":{"capacity_mw":1.9,"gg_project_id":"GG2050-REPD-5720","name":"Briar Solar Farm","operator":"NR16/ RenEnergy","repd_ref":"5720","repd_technology":"Solar Photovoltaics","status":"Operational","technology":"solar"},"type":"Feature"},{"geometry":{"coordinates":[-3.3907204,56.0638512],"type":"Point"},"id":"GG2050-REPD-6726","properties":{"capacity_mw":1.9,"gg_project_id":"GG2050-REPD-6726","name":"Dunfermline EDI4","operator":"Amazon UK Services/ Push Energy","repd_ref":"6726","repd_technology":"Solar Photovoltaics","status":"Operational","technology":"solar"},"type":"Feature"},{"geometry":{"coordinates":[-3.9657623,55.9290658],"type":"Point"},"id":"GG2050-REPD-21002","properties":{"capacity_mw":1.9,"gg_project_id":"GG2050-REPD-21002","name":"Glenhove Pumping Station, Glenhove Road - Solar Array","operator":"Scottish Water","repd_ref":"21002","repd_technology":"Solar Photovoltaics","status":"Application Submitted","technology":"solar"},"type":"Feature"},{"geometry":{"coordinates":[-1.4279812,53.0322447],"type":"Point"},"id":"GG2050-REPD-5514","properties":{"capacity_mw":1.9,"gg_project_id":"GG2050-REPD-5514","name":"Home Farm","operator":"CSI FS Home Farm Limited","repd_ref":"5514","repd_technology":"Solar Photovoltaics","status":"Application Refused","technology":"solar"},"type":"Feature"},{"geometry":{"coordinates":[-1.0991459,53.4860641],"type":"Point"},"id":"GG2050-REPD-8446","properties":{"capacity_mw":1.9,"gg_project_id":"GG2050-REPD-8446","name":"Iport Avenue, New Rossington Solar Panels","operator":"Sonne Solar Limited","repd_ref":"8446","repd_technology":"Solar Photovoltaics","status":"Awaiting Construction","technology":"solar"},"type":"Feature"},{"geometry":{"coordinates":[-1.2190805,53.0199373],"type":"Point"},"id":"GG2050-REPD-17597","properties":{"capacity_mw":1.9,"gg_project_id":"GG2050-REPD-17597","name":"ITP Aero, Harrier Park - Solar Panels","operator":"ITP Aero UK","repd_ref":"17597","repd_technology":"Solar Photovoltaics","status":"Awaiting Construction","technology":"solar"},"type":"Feature"},{"geometry":{"coordinates":[-2.4378226,53.5266216],"type":"Point"},"id":"GG2050-REPD-7738","properties":{"capacity_mw":1.9,"gg_project_id":"GG2050-REPD-7738","name":"Kenyon Way","operator":"Private Developer","repd_ref":"7738","repd_technology":"Solar Photovoltaics","status":"Under Construction","technology":"solar"},"type":"Feature"},{"geometry":{"coordinates":[-1.1569893,52.8806167],"type":"Point"},"id":"GG2050-REPD-5298","properties":{"capacity_mw":1.9,"gg_project_id":"GG2050-REPD-5298","name":"Land Off Mill Lane","operator":"Private Developer","repd_ref":"5298","repd_technology":"Solar Photovoltaics","status":"Planning Permission Expired","technology":"solar"},"type":"Feature"},{"geometry":{"coordinates":[-2.963532,53.6049951],"type":"Point"},"id":"GG2050-REPD-5918","properties":{"capacity_mw":1.9,"gg_project_id":"GG2050-REPD-5918","name":"Lower House Farm","operator":"Mulbrick Cleans Energy","repd_ref":"5918","repd_technology":"Solar Photovoltaics","status":"Application Refused","technology":"solar"},"type":"Feature"},{"geometry":{"coordinates":[-1.540965,54.8390288],"type":"Point"},"id":"GG2050-REPD-10458","properties":{"capacity_mw":1.9,"gg_project_id":"GG2050-REPD-10458","name":"Lumley Water Treatment Works - Solar Panels","operator":"Northumbrian Water Limited","repd_ref":"10458","repd_technology":"Solar Photovoltaics","status":"Operational","technology":"solar"},"type":"Feature"},{"geometry":{"coordinates":[-3.9413046,50.3616951],"type":"Point"},"id":"GG2050-REPD-1423","properties":{"capacity_mw":1.9,"gg_project_id":"GG2050-REPD-1423","name":"Luson Farm","operator":"Lightsource Renewable Energy","repd_ref":"1423","repd_technology":"Solar Photovoltaics","status":"Operational","technology":"solar"},"type":"Feature"},{"geometry":{"coordinates":[-1.4979227,50.9324969],"type":"Point"},"id":"GG2050-REPD-6329","properties":{"capacity_mw":1.9,"gg_project_id":"GG2050-REPD-6329","name":"Testwood Water Supply Works","operator":"Southern Water Services","repd_ref":"6329","repd_technology":"Solar Photovoltaics","status":"Operational","technology":"solar"},"type":"Feature"},{"geometry":{"coordinates":[0.1563626,53.0336102],"type":"Point"},"id":"GG2050-REPD-13224","properties":{"capacity_mw":1.89,"gg_project_id":"GG2050-REPD-13224","name":"Marsh Farm, Sea Lane - Solar Array","operator":"Staples Brothers Limited","repd_ref":"13224","repd_technology":"Solar Photovoltaics","status":"Awaiting Construction","technology":"solar"},"type":"Feature"},{"geometry":{"coordinates":[-3.4457467,50.7026717],"type":"Point"},"id":"GG2050-REPD-15800","properties":{"capacity_mw":1.88,"gg_project_id":"GG2050-REPD-15800","name":"Winslade Park - Solar Array","operator":"Burrington Estates (New Homes Thrive Hubs)","repd_ref":"15800","repd_technology":"Solar Photovoltaics","status":"Awaiting Construction","technology":"solar"},"type":"Feature"},{"geometry":{"coordinates":[-0.8260875,52.4533727],"type":"Point"},"id":"GG2050-REPD-19672","properties":{"capacity_mw":1.879,"gg_project_id":"GG2050-REPD-19672","name":"VPK Desborough, Stoke Albany Road, Desborough - Solar PV Arrays","operator":"SNRG","repd_ref":"19672","repd_technology":"Solar Photovoltaics","status":"Awaiting Construction","technology":"solar"},"type":"Feature"},{"geometry":{"coordinates":[-3.1650666,52.5908548],"type":"Point"},"id":"GG2050-REPD-14605","properties":{"capacity_mw":1.87,"gg_project_id":"GG2050-REPD-14605","name":"The Gaer - Solar Array","operator":"D & S Gethin","repd_ref":"14605","repd_technology":"Solar Photovoltaics","status":"Awaiting Construction","technology":"solar"},"type":"Feature"},{"geometry":{"coordinates":[-3.0326857,52.8842299],"type":"Point"},"id":"GG2050-REPD-19722","properties":{"capacity_mw":1.85,"gg_project_id":"GG2050-REPD-19722","name":"Robert Jones & Agnes Hunt Orthopaedic Hospital, Gobowen- Solar Array","operator":"Robert Jones & Agnes Hunt Orthopaedic Hospital NHSTrust","repd_ref":"19722","repd_technology":"Solar Photovoltaics","status":"Application Refused","technology":"solar"},"type":"Feature"},{"geometry":{"coordinates":[-2.8413305,54.6553905],"type":"Point"},"id":"GG2050-REPD-12143","properties":{"capacity_mw":1.85,"gg_project_id":"GG2050-REPD-12143","name":"Silver Howe, Flusco - Solar Array, Wind Turbines Battery Storage","operator":"Leisure Resorts","repd_ref":"12143","repd_technology":"Solar Photovoltaics","status":"Awaiting Construction","technology":"solar"},"type":"Feature"},{"geometry":{"coordinates":[-0.7793288,50.7440212],"type":"Point"},"id":"GG2050-REPD-16462","properties":{"capacity_mw":1.8355,"gg_project_id":"GG2050-REPD-16462","name":"Natures Way Food, Chichester Road - Solar Panels","operator":"Landlink Estates Limited","repd_ref":"16462","repd_technology":"Solar Photovoltaics","status":"Awaiting Construction","technology":"solar"},"type":"Feature"},{"geometry":{"coordinates":[0.8046821,52.5692602],"type":"Point"},"id":"GG2050-REPD-12943","properties":{"capacity_mw":1.82,"gg_project_id":"GG2050-REPD-12943","name":"Little Cressingham, Cranswick Country Foods - Solar Array","operator":"Cranswick Country Foods Plc","repd_ref":"12943","repd_technology":"Solar Photovoltaics","status":"Awaiting Construction","technology":"solar"},"type":"Feature"},{"geometry":{"coordinates":[0.581912,51.3596538],"type":"Point"},"id":"GG2050-REPD-15469","properties":{"capacity_mw":1.82,"gg_project_id":"GG2050-REPD-15469","name":"Phinia, Courteney Road - Solar Panels","operator":"Phinia Delphi UK Limited","repd_ref":"15469","repd_technology":"Solar Photovoltaics","status":"Awaiting Construction","technology":"solar"},"type":"Feature"},{"geometry":{"coordinates":[-2.4468884,52.6768407],"type":"Point"},"id":"GG2050-REPD-10072","properties":{"capacity_mw":1.82,"gg_project_id":"GG2050-REPD-10072","name":"Telford Shopping Centre - Solar Photovoltaic PV Array","operator":"Telford Trustee No.1 Limited","repd_ref":"10072","repd_technology":"Solar Photovoltaics","status":"Awaiting Construction","technology":"solar"},"type":"Feature"},{"geometry":{"coordinates":[-2.8395179,50.8826699],"type":"Point"},"id":"GG2050-REPD-16653","properties":{"capacity_mw":1.81,"gg_project_id":"GG2050-REPD-16653","name":"Coombe Farm, Bean Field - Solar Arrays","operator":"A H Warren Trust Limited","repd_ref":"16653","repd_technology":"Solar Photovoltaics","status":"Awaiting Construction","technology":"solar"},"type":"Feature"},{"geometry":{"coordinates":[-3.4620673,56.3835741],"type":"Point"},"id":"GG2050-REPD-7347","properties":{"capacity_mw":1.8,"gg_project_id":"GG2050-REPD-7347","name":"Aviva Headquarters","operator":"Aviva","repd_ref":"7347","repd_technology":"Solar Photovoltaics","status":"Operational","technology":"solar"},"type":"Feature"},{"geometry":{"coordinates":[-2.1267016,52.6691118],"type":"Point"},"id":"GG2050-REPD-2178","properties":{"capacity_mw":1.8,"gg_project_id":"GG2050-REPD-2178","name":"Barr Farm","operator":"Lark Energy","repd_ref":"2178","repd_technology":"Solar Photovoltaics","status":"Operational","technology":"solar"},"type":"Feature"},{"geometry":{"coordinates":[-1.7442943,52.760374],"type":"Point"},"id":"GG2050-REPD-5148","properties":{"capacity_mw":1.8,"gg_project_id":"GG2050-REPD-5148","name":"Blakenhall Park Solar Farm","operator":"Mercer Farming","repd_ref":"5148","repd_technology":"Solar Photovoltaics","status":"Operational","technology":"solar"},"type":"Feature"},{"geometry":{"coordinates":[-2.0946606,51.3626442],"type":"Point"},"id":"GG2050-REPD-1619","properties":{"capacity_mw":1.8,"gg_project_id":"GG2050-REPD-1619","name":"CRAYSMARSH SOLAR FARM","operator":"Lightsource BP","repd_ref":"1619","repd_technology":"Solar Photovoltaics","status":"Operational","technology":"solar"},"type":"Feature"},{"geometry":{"coordinates":[-4.5450549,50.7956182],"type":"Point"},"id":"GG2050-REPD-1614","properties":{"capacity_mw":1.8,"gg_project_id":"GG2050-REPD-1614","name":"Creathorne Farm - Solar Farm","operator":"Good Energy Generation","repd_ref":"1614","repd_technology":"Solar Photovoltaics","status":"Operational","technology":"solar"},"type":"Feature"},{"geometry":{"coordinates":[-0.9327337,53.9249809],"type":"Point"},"id":"GG2050-REPD-5957","properties":{"capacity_mw":1.8,"gg_project_id":"GG2050-REPD-5957","name":"Elvington Water Treatment Works","operator":"Kelda Energy Services","repd_ref":"5957","repd_technology":"Solar Photovoltaics","status":"Abandoned","technology":"solar"},"type":"Feature"},{"geometry":{"coordinates":[-1.1681575,52.3102062],"type":"Point"},"id":"GG2050-REPD-20446","properties":{"capacity_mw":1.8,"gg_project_id":"GG2050-REPD-20446","name":"Grove Farm, Daventry Road - Solar Farm","operator":"Biffa Waste Services Limited","repd_ref":"20446","repd_technology":"Solar Photovoltaics","status":"Application Submitted","technology":"solar"},"type":"Feature"},{"geometry":{"coordinates":[-3.4081858,50.8545308],"type":"Point"},"id":"GG2050-REPD-1441","properties":{"capacity_mw":1.8,"gg_project_id":"GG2050-REPD-1441","name":"Kia Ora Farm","operator":"Lightsource Renewable Energy","repd_ref":"1441","repd_technology":"Solar Photovoltaics","status":"Operational","technology":"solar"},"type":"Feature"},{"geometry":{"coordinates":[-0.2381868,52.5419929],"type":"Point"},"id":"GG2050-REPD-6712","properties":{"capacity_mw":1.8,"gg_project_id":"GG2050-REPD-6712","name":"Kingston Park","operator":"Amazon UK Services / Push Energy","repd_ref":"6712","repd_technology":"Solar Photovoltaics","status":"Planning Permission Expired","technology":"solar"},"type":"Feature"},{"geometry":{"coordinates":[-1.0242704,52.3598929],"type":"Point"},"id":"GG2050-REPD-1500","properties":{"capacity_mw":1.8,"gg_project_id":"GG2050-REPD-1500","name":"Lowther Farms","operator":"Lowther Farms","repd_ref":"1500","repd_technology":"Solar Photovoltaics","status":"Operational","technology":"solar"},"type":"Feature"},{"geometry":{"coordinates":[-2.3891262,57.3779432],"type":"Point"},"id":"GG2050-REPD-1501","properties":{"capacity_mw":1.8,"gg_project_id":"GG2050-REPD-1501","name":"Mackies Dairy PV","operator":"Mackies Of Scotland Ltd","repd_ref":"1501","repd_technology":"Solar Photovoltaics","status":"Operational","technology":"solar"},"type":"Feature"},{"geometry":{"coordinates":[-2.5101579,51.0806077],"type":"Point"},"id":"GG2050-REPD-2242","properties":{"capacity_mw":1.8,"gg_project_id":"GG2050-REPD-2242","name":"Manor Farm (Castle Cary)","operator":"Brilliant Harvest Installations","repd_ref":"2242","repd_technology":"Solar Photovoltaics","status":"Operational","technology":"solar"},"type":"Feature"},{"geometry":{"coordinates":[-3.0512127,52.802278],"type":"Point"},"id":"GG2050-REPD-14573","properties":{"capacity_mw":1.8,"gg_project_id":"GG2050-REPD-14573","name":"Manor Farm, Crickheath - Solar Array","operator":"Manor Farm","repd_ref":"14573","repd_technology":"Solar Photovoltaics","status":"Awaiting Construction","technology":"solar"},"type":"Feature"},{"geometry":{"coordinates":[-2.9370479,50.8393831],"type":"Point"},"id":"GG2050-REPD-4752","properties":{"capacity_mw":1.8,"gg_project_id":"GG2050-REPD-4752","name":"Marshwood Farm","operator":"KWTN Solar","repd_ref":"4752","repd_technology":"Solar Photovoltaics","status":"Operational","technology":"solar"},"type":"Feature"},{"geometry":{"coordinates":[-2.6575945,51.5149264],"type":"Point"},"id":"GG2050-REPD-2040","properties":{"capacity_mw":1.8,"gg_project_id":"GG2050-REPD-2040","name":"Moorhouse Lane","operator":"Orta Solar Ltd","repd_ref":"2040","repd_technology":"Solar Photovoltaics","status":"Operational","technology":"solar"},"type":"Feature"},{"geometry":{"coordinates":[-0.2152412,50.8280804],"type":"Point"},"id":"GG2050-REPD-6055","properties":{"capacity_mw":1.8,"gg_project_id":"GG2050-REPD-6055","name":"ParkerSteel Shoreham Plant","operator":"Larimin","repd_ref":"6055","repd_technology":"Solar Photovoltaics","status":"Operational","technology":"solar"},"type":"Feature"},{"geometry":{"coordinates":[0.3876388,52.769995],"type":"Point"},"id":"GG2050-REPD-1340","properties":{"capacity_mw":1.8,"gg_project_id":"GG2050-REPD-1340","name":"Porvair International Ltd","operator":"KL Technologies","repd_ref":"1340","repd_technology":"Solar Photovoltaics","status":"Operational","technology":"solar"},"type":"Feature"},{"geometry":{"coordinates":[-2.5713219,51.5246487],"type":"Point"},"id":"GG2050-REPD-6043","properties":{"capacity_mw":1.8,"gg_project_id":"GG2050-REPD-6043","name":"Rolls Royce Filton Campus Building 185","operator":"Innogy (previously BELECTRIC Solar)","repd_ref":"6043","repd_technology":"Solar Photovoltaics","status":"Operational","technology":"solar"},"type":"Feature"},{"geometry":{"coordinates":[-2.6689479,51.5324586],"type":"Point"},"id":"GG2050-REPD-4899","properties":{"capacity_mw":1.8,"gg_project_id":"GG2050-REPD-4899","name":"Severn Road Solar Park","operator":"Bristol City Council","repd_ref":"4899","repd_technology":"Solar Photovoltaics","status":"Operational","technology":"solar"},"type":"Feature"},{"geometry":{"coordinates":[-2.3118791,51.0459031],"type":"Point"},"id":"GG2050-REPD-1439","properties":{"capacity_mw":1.8,"gg_project_id":"GG2050-REPD-1439","name":"Slaughtergate Farm","operator":"Lightsource Renewable Energy","repd_ref":"1439","repd_technology":"Solar Photovoltaics","status":"Operational","technology":"solar"},"type":"Feature"},{"geometry":{"coordinates":[-1.406834,52.5765756],"type":"Point"},"id":"GG2050-REPD-1510","properties":{"capacity_mw":1.8,"gg_project_id":"GG2050-REPD-1510","name":"The Stables","operator":"Anesco","repd_ref":"1510","repd_technology":"Solar Photovoltaics","status":"Operational","technology":"solar"},"type":"Feature"},{"geometry":{"coordinates":[-2.1408946,52.8331731],"type":"Point"},"id":"GG2050-REPD-5836","properties":{"capacity_mw":1.8,"gg_project_id":"GG2050-REPD-5836","name":"Unit DC 1 - Screwfix Direct","operator":"Kingfisher Scottish Limited Partnership","repd_ref":"5836","repd_technology":"Solar Photovoltaics","status":"Application Withdrawn","technology":"solar"},"type":"Feature"},{"geometry":{"coordinates":[-1.3642025,52.7996968],"type":"Point"},"id":"GG2050-REPD-2084","properties":{"capacity_mw":1.8,"gg_project_id":"GG2050-REPD-2084","name":"Walnut Yard (Phase 1)","operator":"Lark Energy","repd_ref":"2084","repd_technology":"Solar Photovoltaics","status":"Operational","technology":"solar"},"type":"Feature"},{"geometry":{"coordinates":[-0.0088108,51.6793823],"type":"Point"},"id":"GG2050-REPD-6114","properties":{"capacity_mw":1.8,"gg_project_id":"GG2050-REPD-6114","name":"Waltham Point Distribution Centre","operator":"Sainsburys Supermarkets Limited","repd_ref":"6114","repd_technology":"Solar Photovoltaics","status":"Operational","technology":"solar"},"type":"Feature"},{"geometry":{"coordinates":[-0.3976987,51.4041185],"type":"Point"},"id":"GG2050-REPD-2388","properties":{"capacity_mw":1.8,"gg_project_id":"GG2050-REPD-2388","name":"Walton WTW PV","operator":"Thames Water Utilities","repd_ref":"2388","repd_technology":"Solar Photovoltaics","status":"Operational","technology":"solar"},"type":"Feature"},{"geometry":{"coordinates":[-1.1989914,52.5965061],"type":"Point"},"id":"GG2050-REPD-15988","properties":{"capacity_mw":1.797,"gg_project_id":"GG2050-REPD-15988","name":"Dorsey Way, Enderby - Solar Panels","operator":"Goodman Logistics Developments UK Limited","repd_ref":"15988","repd_technology":"Solar Photovoltaics","status":"Awaiting Construction","technology":"solar"},"type":"Feature"},{"geometry":{"coordinates":[-2.9665719,51.5687509],"type":"Point"},"id":"GG2050-REPD-13089","properties":{"capacity_mw":1.797,"gg_project_id":"GG2050-REPD-13089","name":"New Venture Buildings, Caswell Way - Solar Array","operator":"Bisley Office Equipment Limited","repd_ref":"13089","repd_technology":"Solar Photovoltaics","status":"Awaiting Construction","technology":"solar"},"type":"Feature"},{"geometry":{"coordinates":[-2.4774666,51.2163013],"type":"Point"},"id":"GG2050-REPD-14798","properties":{"capacity_mw":1.784,"gg_project_id":"GG2050-REPD-14798","name":"Burges Lane, Stoke St Michael - Solar Array Panels","operator":"Hiscox Solar Partnership","repd_ref":"14798","repd_technology":"Solar Photovoltaics","status":"Under Construction","technology":"solar"},"type":"Feature"},{"geometry":{"coordinates":[-1.5798868,54.8903474],"type":"Point"},"id":"GG2050-REPD-17788","properties":{"capacity_mw":1.7604,"gg_project_id":"GG2050-REPD-17788","name":"Komatsu UK, Durham Road - Solar Panels","operator":"Komatsu UK Limited","repd_ref":"17788","repd_technology":"Solar Photovoltaics","status":"Awaiting Construction","technology":"solar"},"type":"Feature"},{"geometry":{"coordinates":[-0.6814644,52.0385459],"type":"Point"},"id":"GG2050-REPD-16358","properties":{"capacity_mw":1.75,"gg_project_id":"GG2050-REPD-16358","name":"Chippenham Drive, Kingston - Solar Panels","operator":"Syzygy Renewables","repd_ref":"16358","repd_technology":"Solar Photovoltaics","status":"Awaiting Construction","technology":"solar"},"type":"Feature"},{"geometry":{"coordinates":[-2.6583866,53.4163084],"type":"Point"},"id":"GG2050-REPD-14119","properties":{"capacity_mw":1.746,"gg_project_id":"GG2050-REPD-14119","name":"Lockheed Road, Burtonwood & Westbrook - Solar panels","operator":"Brakes Group","repd_ref":"14119","repd_technology":"Solar Photovoltaics","status":"Awaiting Construction","technology":"solar"},"type":"Feature"},{"geometry":{"coordinates":[-2.5265985,51.5224484],"type":"Point"},"id":"GG2050-REPD-5312","properties":{"capacity_mw":1.7,"gg_project_id":"GG2050-REPD-5312","name":"Amcor Flexibles","operator":"Langley Eco","repd_ref":"5312","repd_technology":"Solar Photovoltaics","status":"Operational","technology":"solar"},"type":"Feature"},{"geometry":{"coordinates":[-0.5373124,53.7112692],"type":"Point"},"id":"GG2050-REPD-20479","properties":{"capacity_mw":1.7,"gg_project_id":"GG2050-REPD-20479","name":"Bayram Timber Limited, Gibson Lane South - Solar Panels","operator":"Footprint Zero","repd_ref":"20479","repd_technology":"Solar Photovoltaics","status":"Awaiting Construction","technology":"solar"},"type":"Feature"},{"geometry":{"coordinates":[-1.6798442,50.7618117],"type":"Point"},"id":"GG2050-REPD-1252","properties":{"capacity_mw":1.7,"gg_project_id":"GG2050-REPD-1252","name":"Beckley Solar Farm","operator":"Anesco","repd_ref":"1252","repd_technology":"Solar Photovoltaics","status":"Operational","technology":"solar"},"type":"Feature"},{"geometry":{"coordinates":[-3.471824,55.9121916],"type":"Point"},"id":"GG2050-REPD-14041","properties":{"capacity_mw":1.7,"gg_project_id":"GG2050-REPD-14041","name":"Brewster Brothers, Drumshoreland Road - Solar Panels","operator":"Brewster Brothers Limited","repd_ref":"14041","repd_technology":"Solar Photovoltaics","status":"Awaiting Construction","technology":"solar"},"type":"Feature"},{"geometry":{"coordinates":[-2.4278643,53.568256],"type":"Point"},"id":"GG2050-REPD-13680","properties":{"capacity_mw":1.7,"gg_project_id":"GG2050-REPD-13680","name":"Edbro, Lever Street - Solar Panels","operator":"Edbro Plc","repd_ref":"13680","repd_technology":"Solar Photovoltaics","status":"Awaiting Construction","technology":"solar"},"type":"Feature"},{"geometry":{"coordinates":[-0.7765629,51.2832359],"type":"Point"},"id":"GG2050-REPD-14754","properties":{"capacity_mw":1.7,"gg_project_id":"GG2050-REPD-14754","name":"Farnborough Airport - Solar Panels","operator":"Farnborough Airport Limited","repd_ref":"14754","repd_technology":"Solar Photovoltaics","status":"Operational","technology":"solar"},"type":"Feature"},{"geometry":{"coordinates":[-1.1461729,52.6721476],"type":"Point"},"id":"GG2050-REPD-13697","properties":{"capacity_mw":1.7,"gg_project_id":"GG2050-REPD-13697","name":"Hoods Close - Solar Panels","operator":"Trelleborg Industrial AVS","repd_ref":"13697","repd_technology":"Solar Photovoltaics","status":"Under Construction","technology":"solar"},"type":"Feature"},{"geometry":{"coordinates":[-1.0313812,53.5405904],"type":"Point"},"id":"GG2050-REPD-1490","properties":{"capacity_mw":1.7,"gg_project_id":"GG2050-REPD-1490","name":"Ikea Distribution Centre","operator":"IKEA Properties Investments Ltd","repd_ref":"1490","repd_technology":"Solar Photovoltaics","status":"Operational","technology":"solar"},"type":"Feature"},{"geometry":{"coordinates":[0.654199,51.3671123],"type":"Point"},"id":"GG2050-REPD-4836","properties":{"capacity_mw":1.7,"gg_project_id":"GG2050-REPD-4836","name":"Iwade Solar Farm","operator":"FH Dean Ltd","repd_ref":"4836","repd_technology":"Solar Photovoltaics","status":"Operational","technology":"solar"},"type":"Feature"},{"geometry":{"coordinates":[-1.4168872,52.0794256],"type":"Point"},"id":"GG2050-REPD-1744","properties":{"capacity_mw":1.7,"gg_project_id":"GG2050-REPD-1744","name":"Land South West Of Apollo Business Park","operator":"Cyrasol Ecotec","repd_ref":"1744","repd_technology":"Solar Photovoltaics","status":"Operational","technology":"solar"},"type":"Feature"},{"geometry":{"coordinates":[0.134819,52.7900462],"type":"Point"},"id":"GG2050-REPD-1049","properties":{"capacity_mw":1.7,"gg_project_id":"GG2050-REPD-1049","name":"Long Sutton Butterfly And Wildlife Park","operator":"Moor Solar","repd_ref":"1049","repd_technology":"Solar Photovoltaics","status":"Operational","technology":"solar"},"type":"Feature"},{"geometry":{"coordinates":[-2.8446682,51.5851394],"type":"Point"},"id":"GG2050-REPD-5805","properties":{"capacity_mw":1.7,"gg_project_id":"GG2050-REPD-5805","name":"Magor Brewery","operator":"Perpetum Sun","repd_ref":"5805","repd_technology":"Solar Photovoltaics","status":"Abandoned","technology":"solar"},"type":"Feature"},{"geometry":{"coordinates":[-2.806631,53.7722253],"type":"Point"},"id":"GG2050-REPD-6231","properties":{"capacity_mw":1.7,"gg_project_id":"GG2050-REPD-6231","name":"Oakfield Farm - extension","operator":"Renewable Source","repd_ref":"6231","repd_technology":"Solar Photovoltaics","status":"Operational","technology":"solar"},"type":"Feature"},{"geometry":{"coordinates":[-1.9253729,52.7710176],"type":"Point"},"id":"GG2050-REPD-5550","properties":{"capacity_mw":1.7,"gg_project_id":"GG2050-REPD-5550","name":"Parchfields Farm","operator":"Solstice Renewables","repd_ref":"5550","repd_technology":"Solar Photovoltaics","status":"Abandoned","technology":"solar"},"type":"Feature"},{"geometry":{"coordinates":[-1.0221735,51.4006147],"type":"Point"},"id":"GG2050-REPD-1306","properties":{"capacity_mw":1.7,"gg_project_id":"GG2050-REPD-1306","name":"Pierces Farm","operator":"NextEnergy Capital","repd_ref":"1306","repd_technology":"Solar Photovoltaics","status":"Operational","technology":"solar"},"type":"Feature"},{"geometry":{"coordinates":[1.5956993,52.4375333],"type":"Point"},"id":"GG2050-REPD-1078","properties":{"capacity_mw":1.7,"gg_project_id":"GG2050-REPD-1078","name":"Promens Solar","operator":"Lightsource Renewable Energy","repd_ref":"1078","repd_technology":"Solar Photovoltaics","status":"Operational","technology":"solar"},"type":"Feature"},{"geometry":{"coordinates":[-1.1393477,53.3194015],"type":"Point"},"id":"GG2050-REPD-13892","properties":{"capacity_mw":1.7,"gg_project_id":"GG2050-REPD-13892","name":"Schutz UK Limited, Claylands Avenue - Solar Panels","operator":"Schutz (UK) Limited","repd_ref":"13892","repd_technology":"Solar Photovoltaics","status":"Awaiting Construction","technology":"solar"},"type":"Feature"},{"geometry":{"coordinates":[-3.6958459,51.4954524],"type":"Point"},"id":"GG2050-REPD-1787","properties":{"capacity_mw":1.7,"gg_project_id":"GG2050-REPD-1787","name":"Seaview Farm","operator":"Private Developer","repd_ref":"1787","repd_technology":"Solar Photovoltaics","status":"Operational","technology":"solar"},"type":"Feature"},{"geometry":{"coordinates":[-0.3410797,51.0592165],"type":"Point"},"id":"GG2050-REPD-9382","properties":{"capacity_mw":1.7,"gg_project_id":"GG2050-REPD-9382","name":"St Peters Hall","operator":"Peter Williams Locke King House","repd_ref":"9382","repd_technology":"Solar Photovoltaics","status":"Operational","technology":"solar"},"type":"Feature"},{"geometry":{"coordinates":[-1.5842666,54.7054105],"type":"Point"},"id":"GG2050-REPD-16576","properties":{"capacity_mw":1.7,"gg_project_id":"GG2050-REPD-16576","name":"Thorn Lighting, Butchers Race - Solar Panels","operator":"Colliers Building Consultancy Limited","repd_ref":"16576","repd_technology":"Solar Photovoltaics","status":"Awaiting Construction","technology":"solar"},"type":"Feature"},{"geometry":{"coordinates":[-0.9281276,53.3482002],"type":"Point"},"id":"GG2050-REPD-5167","properties":{"capacity_mw":1.7,"gg_project_id":"GG2050-REPD-5167","name":"Tiln Farm Retford (extension)","operator":"Pfalz Solar","repd_ref":"5167","repd_technology":"Solar Photovoltaics","status":"Operational","technology":"solar"},"type":"Feature"},{"geometry":{"coordinates":[-5.069336,50.3948945],"type":"Point"},"id":"GG2050-REPD-1023","properties":{"capacity_mw":1.7,"gg_project_id":"GG2050-REPD-1023","name":"Trevemper solar farm","operator":"The Green Company","repd_ref":"1023","repd_technology":"Solar Photovoltaics","status":"Operational","technology":"solar"},"type":"Feature"},{"geometry":{"coordinates":[-0.4080775,51.4960264],"type":"Point"},"id":"GG2050-REPD-6132","properties":{"capacity_mw":1.7,"gg_project_id":"GG2050-REPD-6132","name":"Western International Market","operator":"London Borough of Hounslow","repd_ref":"6132","repd_technology":"Solar Photovoltaics","status":"Operational","technology":"solar"},"type":"Feature"},{"geometry":{"coordinates":[-1.3654859,53.1926718],"type":"Point"},"id":"GG2050-REPD-7951","properties":{"capacity_mw":1.7,"gg_project_id":"GG2050-REPD-7951","name":"Xtratherm UK","operator":"Aniron Renewables","repd_ref":"7951","repd_technology":"Solar Photovoltaics","status":"Awaiting Construction","technology":"solar"},"type":"Feature"},{"geometry":{"coordinates":[-1.6022166,53.6740728],"type":"Point"},"id":"GG2050-REPD-14404","properties":{"capacity_mw":1.68,"gg_project_id":"GG2050-REPD-14404","name":"Dewsbury Sewage, Clough Lane - Solar Panels","operator":"Downing Renewables","repd_ref":"14404","repd_technology":"Solar Photovoltaics","status":"Revised","technology":"solar"},"type":"Feature"},{"geometry":{"coordinates":[-1.4835716,53.7840938],"type":"Point"},"id":"GG2050-REPD-12269","properties":{"capacity_mw":1.672,"gg_project_id":"GG2050-REPD-12269","name":"Amazon Uk, Skelton Moor Road - Solar Panels","operator":"Zestec Group","repd_ref":"12269","repd_technology":"Solar Photovoltaics","status":"Awaiting Construction","technology":"solar"},"type":"Feature"},{"geometry":{"coordinates":[-1.1777313,52.2621291],"type":"Point"},"id":"GG2050-REPD-10790","properties":{"capacity_mw":1.66,"gg_project_id":"GG2050-REPD-10790","name":"Royal Oak Way South - Solar Array","operator":"Cummins Limited","repd_ref":"10790","repd_technology":"Solar Photovoltaics","status":"Operational","technology":"solar"},"type":"Feature"},{"geometry":{"coordinates":[-1.274845,53.6023123],"type":"Point"},"id":"GG2050-REPD-16564","properties":{"capacity_mw":1.65,"gg_project_id":"GG2050-REPD-16564","name":"Finlay Beverages, Elmsall Way - Solar Panels","operator":"Olympus Power","repd_ref":"16564","repd_technology":"Solar Photovoltaics","status":"Awaiting Construction","technology":"solar"},"type":"Feature"},{"geometry":{"coordinates":[-0.1278057,52.7959737],"type":"Point"},"id":"GG2050-REPD-17474","properties":{"capacity_mw":1.64,"gg_project_id":"GG2050-REPD-17474","name":"Pilgrims Pride - Solar Array","operator":"EDF Energy Renewables","repd_ref":"17474","repd_technology":"Solar Photovoltaics","status":"Awaiting Construction","technology":"solar"},"type":"Feature"},{"geometry":{"coordinates":[-4.4846079,55.8531057],"type":"Point"},"id":"GG2050-REPD-16294","properties":{"capacity_mw":1.638,"gg_project_id":"GG2050-REPD-16294","name":"Middleton Road, Linwood - Solar Photovoltaic Panels","operator":"Scottish Water Horizons","repd_ref":"16294","repd_technology":"Solar Photovoltaics","status":"Awaiting Construction","technology":"solar"},"type":"Feature"},{"geometry":{"coordinates":[-1.3101294,51.571157],"type":"Point"},"id":"GG2050-REPD-8799","properties":{"capacity_mw":1.617,"gg_project_id":"GG2050-REPD-8799","name":"Avon Road Car Park - Solar Photovoltaic Carport System","operator":"Science and Technology Facilities Council","repd_ref":"8799","repd_technology":"Solar Photovoltaics","status":"Operational","technology":"solar"},"type":"Feature"},{"geometry":{"coordinates":[-1.5239757,52.4547955],"type":"Point"},"id":"GG2050-REPD-20044","properties":{"capacity_mw":1.6,"gg_project_id":"GG2050-REPD-20044","name":"Central Boulevard, Prologis Park - Solar Panels","operator":"Power Zero Limited","repd_ref":"20044","repd_technology":"Solar Photovoltaics","status":"Awaiting Construction","technology":"solar"},"type":"Feature"},{"geometry":{"coordinates":[-1.4568108,53.8302282],"type":"Point"},"id":"GG2050-REPD-19055","properties":{"capacity_mw":1.6,"gg_project_id":"GG2050-REPD-19055","name":"Coal Road, Whinmoor - Solar Panels","operator":"Unilever UK (Leeds)","repd_ref":"19055","repd_technology":"Solar Photovoltaics","status":"Awaiting Construction","technology":"solar"},"type":"Feature"},{"geometry":{"coordinates":[-3.0542163,53.219592],"type":"Point"},"id":"GG2050-REPD-7834","properties":{"capacity_mw":1.6,"gg_project_id":"GG2050-REPD-7834","name":"Crumps Yard Solar Farm","operator":"Flintshire County Council","repd_ref":"7834","repd_technology":"Solar Photovoltaics","status":"Operational","technology":"solar"},"type":"Feature"},{"geometry":{"coordinates":[-2.300596,51.7515072],"type":"Point"},"id":"GG2050-REPD-16257","properties":{"capacity_mw":1.6,"gg_project_id":"GG2050-REPD-16257","name":"Delphi Diesel Systems, Brunel Way - Solar Panels","operator":"Phinia Delphi UK Limited","repd_ref":"16257","repd_technology":"Solar Photovoltaics","status":"Awaiting Construction","technology":"solar"},"type":"Feature"},{"geometry":{"coordinates":[-1.823269,52.5089221],"type":"Point"},"id":"GG2050-REPD-14723","properties":{"capacity_mw":1.6,"gg_project_id":"GG2050-REPD-14723","name":"Fort Shopping Park, Fort Parkway - Solar PV Panels","operator":"Ire Evaf Ii The Fort Propco Limited","repd_ref":"14723","repd_technology":"Solar Photovoltaics","status":"Awaiting Construction","technology":"solar"},"type":"Feature"},{"geometry":{"coordinates":[-0.6168017,51.5161541],"type":"Point"},"id":"GG2050-REPD-5969","properties":{"capacity_mw":1.6,"gg_project_id":"GG2050-REPD-5969","name":"Galvin Road","operator":"Barclays Bank / Innogy (previously BELECTRIC Solar)","repd_ref":"5969","repd_technology":"Solar Photovoltaics","status":"Abandoned","technology":"solar"},"type":"Feature"},{"geometry":{"coordinates":[-1.2309929,51.396083],"type":"Point"},"id":"GG2050-REPD-12897","properties":{"capacity_mw":1.6,"gg_project_id":"GG2050-REPD-12897","name":"Harrods Distribution Centre, Mill Lane - Solar Array","operator":"Private Developer","repd_ref":"12897","repd_technology":"Solar Photovoltaics","status":"Awaiting Construction","technology":"solar"},"type":"Feature"},{"geometry":{"coordinates":[-2.042843,57.6214157],"type":"Point"},"id":"GG2050-REPD-4753","properties":{"capacity_mw":1.6,"gg_project_id":"GG2050-REPD-4753","name":"House O’Hill Solar Farm","operator":"House O'Hill Wind Energy","repd_ref":"4753","repd_technology":"Solar Photovoltaics","status":"Operational","technology":"solar"},"type":"Feature"},{"geometry":{"coordinates":[-1.1251858,52.019811],"type":"Point"},"id":"GG2050-REPD-4784","properties":{"capacity_mw":1.6,"gg_project_id":"GG2050-REPD-4784","name":"Land adjacent to A422","operator":"Lark Energy","repd_ref":"4784","repd_technology":"Solar Photovoltaics","status":"Application Withdrawn","technology":"solar"},"type":"Feature"},{"geometry":{"coordinates":[-4.2986576,51.7213729],"type":"Point"},"id":"GG2050-REPD-7914","properties":{"capacity_mw":1.6,"gg_project_id":"GG2050-REPD-7914","name":"Morfa Pingett","operator":"Richard Thomas Associates","repd_ref":"7914","repd_technology":"Solar Photovoltaics","status":"Revised","technology":"solar"},"type":"Feature"},{"geometry":{"coordinates":[-4.2898822,51.7187746],"type":"Point"},"id":"GG2050-REPD-9517","properties":{"capacity_mw":1.6,"gg_project_id":"GG2050-REPD-9517","name":"Morfa Pingett Solar Farm","operator":"Richard Thomas and Co (Hydro) Limited","repd_ref":"9517","repd_technology":"Solar Photovoltaics","status":"Application Refused","technology":"solar"},"type":"Feature"},{"geometry":{"coordinates":[-0.5198113,52.1684562],"type":"Point"},"id":"GG2050-REPD-12231","properties":{"capacity_mw":1.6,"gg_project_id":"GG2050-REPD-12231","name":"Oakley Primary Academy, Station Road - Solar Panels & ASHP","operator":"Cambridge Meridian Academies Trust","repd_ref":"12231","repd_technology":"Solar Photovoltaics","status":"Awaiting Construction","technology":"solar"},"type":"Feature"},{"geometry":{"coordinates":[-2.1068638,51.4710903],"type":"Point"},"id":"GG2050-REPD-11837","properties":{"capacity_mw":1.6,"gg_project_id":"GG2050-REPD-11837","name":"Parsonage Way - Solar Panels","operator":"Wavin Plastic Limited","repd_ref":"11837","repd_technology":"Solar Photovoltaics","status":"Awaiting Construction","technology":"solar"},"type":"Feature"},{"geometry":{"coordinates":[1.4695346,52.8575238],"type":"Point"},"id":"GG2050-REPD-9350","properties":{"capacity_mw":1.6,"gg_project_id":"GG2050-REPD-9350","name":"Paston Road, Bacton - Solar Photovoltaic Array","operator":"Shell UK (Head Office)","repd_ref":"9350","repd_technology":"Solar Photovoltaics","status":"Awaiting Construction","technology":"solar"},"type":"Feature"},{"geometry":{"coordinates":[-1.7376091,53.7537388],"type":"Point"},"id":"GG2050-REPD-20278","properties":{"capacity_mw":1.6,"gg_project_id":"GG2050-REPD-20278","name":"Roydsdale Way, Unit 6 - Solar Panel","operator":"BorgWarner","repd_ref":"20278","repd_technology":"Solar Photovoltaics","status":"Awaiting Construction","technology":"solar"},"type":"Feature"},{"geometry":{"coordinates":[-1.315923,51.5725756],"type":"Point"},"id":"GG2050-REPD-9016","properties":{"capacity_mw":1.6,"gg_project_id":"GG2050-REPD-9016","name":"Rutherford Appleton Laboratory","operator":"The Science and Technology Facilities Council","repd_ref":"9016","repd_technology":"Solar Photovoltaics","status":"Awaiting Construction","technology":"solar"},"type":"Feature"},{"geometry":{"coordinates":[-2.4269094,53.5798813],"type":"Point"},"id":"GG2050-REPD-6162","properties":{"capacity_mw":1.6,"gg_project_id":"GG2050-REPD-6162","name":"Salford Road","operator":"Aldi","repd_ref":"6162","repd_technology":"Solar Photovoltaics","status":"Operational","technology":"solar"},"type":"Feature"},{"geometry":{"coordinates":[-4.9297643,50.4898891],"type":"Point"},"id":"GG2050-REPD-1547","properties":{"capacity_mw":1.6,"gg_project_id":"GG2050-REPD-1547","name":"Trelow Farm","operator":"Low carbon Solar Partners","repd_ref":"1547","repd_technology":"Solar Photovoltaics","status":"Operational","technology":"solar"},"type":"Feature"},{"geometry":{"coordinates":[-3.6993772,51.7965392],"type":"Point"},"id":"GG2050-REPD-1512","properties":{"capacity_mw":1.6,"gg_project_id":"GG2050-REPD-1512","name":"Tyn y Pant","operator":"Solar Power Parks","repd_ref":"1512","repd_technology":"Solar Photovoltaics","status":"Application Refused","technology":"solar"},"type":"Feature"},{"geometry":{"coordinates":[-3.2036662,50.9859741],"type":"Point"},"id":"GG2050-REPD-19181","properties":{"capacity_mw":1.6,"gg_project_id":"GG2050-REPD-19181","name":"VPK Wellington, Chelston Business Park - Solar Panel","operator":"SNRG","repd_ref":"19181","repd_technology":"Solar Photovoltaics","status":"Awaiting Construction","technology":"solar"},"type":"Feature"},{"geometry":{"coordinates":[-4.2429769,50.4413531],"type":"Point"},"id":"GG2050-REPD-2098","properties":{"capacity_mw":1.6,"gg_project_id":"GG2050-REPD-2098","name":"West Kingsmill Farm Solar Park","operator":"Inazin (previously Low carbon Solar Partners)","repd_ref":"2098","repd_technology":"Solar Photovoltaics","status":"Operational","technology":"solar"},"type":"Feature"},{"geometry":{"coordinates":[-2.0180339,53.9478116],"type":"Point"},"id":"GG2050-REPD-11726","properties":{"capacity_mw":1.59,"gg_project_id":"GG2050-REPD-11726","name":"Dechra Pharmaceuticals Manufacturing, Building 3 - Solar Panels","operator":"Dechra Pharmaceuticals Manufacturing","repd_ref":"11726","repd_technology":"Solar Photovoltaics","status":"Awaiting Construction","technology":"solar"},"type":"Feature"},{"geometry":{"coordinates":[0.0500715,51.4781928],"type":"Point"},"id":"GG2050-REPD-19834","properties":{"capacity_mw":1.59,"gg_project_id":"GG2050-REPD-19834","name":"Queen Elizabeth Hospital, Stadium Road - Solar Panels","operator":"Phoenix Renewables Limited","repd_ref":"19834","repd_technology":"Solar Photovoltaics","status":"Application Refused","technology":"solar"},"type":"Feature"},{"geometry":{"coordinates":[-0.5739779,51.5320069],"type":"Point"},"id":"GG2050-REPD-19938","properties":{"capacity_mw":1.59,"gg_project_id":"GG2050-REPD-19938","name":"Wexham Park Hospital, Wexham Street - Solar PV Panels","operator":"Frimley Health NHS Foundation Trust","repd_ref":"19938","repd_technology":"Solar Photovoltaics","status":"Awaiting Construction","technology":"solar"},"type":"Feature"},{"geometry":{"coordinates":[-0.406297,51.1243597],"type":"Point"},"id":"GG2050-REPD-17873","properties":{"capacity_mw":1.5876,"gg_project_id":"GG2050-REPD-17873","name":"Smoke Jacks Brickworks, Horsham Road - Ground Mounted Solar Panels","operator":"Wienerberger Limited Head Office","repd_ref":"17873","repd_technology":"Solar Photovoltaics","status":"Application Submitted","technology":"solar"},"type":"Feature"},{"geometry":{"coordinates":[-1.5516421,54.8843514],"type":"Point"},"id":"GG2050-REPD-17380","properties":{"capacity_mw":1.56986,"gg_project_id":"GG2050-REPD-17380","name":"Rolls Royce Plc, Radial Park Road - Solar Panels","operator":"Rolls Royce","repd_ref":"17380","repd_technology":"Solar Photovoltaics","status":"Awaiting Construction","technology":"solar"},"type":"Feature"},{"geometry":{"coordinates":[-1.2027689,52.6307744],"type":"Point"},"id":"GG2050-REPD-19153","properties":{"capacity_mw":1.56948,"gg_project_id":"GG2050-REPD-19153","name":"Sunningdale Road - Solar Panels","operator":"Harvest Green Developments","repd_ref":"19153","repd_technology":"Solar Photovoltaics","status":"Awaiting Construction","technology":"solar"},"type":"Feature"},{"geometry":{"coordinates":[-4.1025748,50.4516032],"type":"Point"},"id":"GG2050-REPD-12083","properties":{"capacity_mw":1.56,"gg_project_id":"GG2050-REPD-12083","name":"Mayflower Water Treatment Works, Roborough Down - Solar Array","operator":"South West Water","repd_ref":"12083","repd_technology":"Solar Photovoltaics","status":"Awaiting Construction","technology":"solar"},"type":"Feature"},{"geometry":{"coordinates":[-4.639817,55.5800077],"type":"Point"},"id":"GG2050-REPD-16385","properties":{"capacity_mw":1.56,"gg_project_id":"GG2050-REPD-16385","name":"Meadowhead Sewage Treatment Plant, Meadowhead Road - Solar Array","operator":"Scottish Water","repd_ref":"16385","repd_technology":"Solar Photovoltaics","status":"Awaiting Construction","technology":"solar"},"type":"Feature"},{"geometry":{"coordinates":[-0.7908938,51.9889644],"type":"Point"},"id":"GG2050-REPD-13166","properties":{"capacity_mw":1.55,"gg_project_id":"GG2050-REPD-13166","name":"Delico, Steinbeck Crescent - Solar Panels","operator":"Cranswick Plc","repd_ref":"13166","repd_technology":"Solar Photovoltaics","status":"Awaiting Construction","technology":"solar"},"type":"Feature"},{"geometry":{"coordinates":[-2.0872237,52.5604884],"type":"Point"},"id":"GG2050-REPD-12042","properties":{"capacity_mw":1.55,"gg_project_id":"GG2050-REPD-12042","name":"Sharps Bedrooms, Springvale Avenue - Solar Panels","operator":"Watt Energy Saver Limited","repd_ref":"12042","repd_technology":"Solar Photovoltaics","status":"Awaiting Construction","technology":"solar"},"type":"Feature"},{"geometry":{"coordinates":[-0.5271964,53.4717015],"type":"Point"},"id":"GG2050-REPD-20484","properties":{"capacity_mw":1.54,"gg_project_id":"GG2050-REPD-20484","name":"Pyewipe Farm, Redbourne Road - Solar Arrays","operator":"Lincolnshire Pork Company Limited","repd_ref":"20484","repd_technology":"Solar Photovoltaics","status":"Application Submitted","technology":"solar"},"type":"Feature"},{"geometry":{"coordinates":[-2.2951638,53.3590635],"type":"Point"},"id":"GG2050-REPD-9149","properties":{"capacity_mw":1.51,"gg_project_id":"GG2050-REPD-9149","name":"Sunbank Lane Solar Panels","operator":"Zestec Asset Management","repd_ref":"9149","repd_technology":"Solar Photovoltaics","status":"Awaiting Construction","technology":"solar"},"type":"Feature"},{"geometry":{"coordinates":[-4.5632181,52.1233945],"type":"Point"},"id":"GG2050-REPD-5256","properties":{"capacity_mw":1.5,"gg_project_id":"GG2050-REPD-5256","name":"Aberporth Solar Farm","operator":"JBM Solutions","repd_ref":"5256","repd_technology":"Solar Photovoltaics","status":"Operational","technology":"solar"},"type":"Feature"},{"geometry":{"coordinates":[-3.4383584,51.4182162],"type":"Point"},"id":"GG2050-REPD-7830","properties":{"capacity_mw":1.5,"gg_project_id":"GG2050-REPD-7830","name":"Aerospace Business Park","operator":"Cenin Renewables","repd_ref":"7830","repd_technology":"Solar Photovoltaics","status":"Awaiting Construction","technology":"solar"},"type":"Feature"},{"geometry":{"coordinates":[-1.4876802,54.323561],"type":"Point"},"id":"GG2050-REPD-1277","properties":{"capacity_mw":1.5,"gg_project_id":"GG2050-REPD-1277","name":"Ainderby Steeple","operator":"J Charlton & Sons Ltd","repd_ref":"1277","repd_technology":"Solar Photovoltaics","status":"Application Refused","technology":"solar"},"type":"Feature"},{"geometry":{"coordinates":[-3.1180762,51.5001643],"type":"Point"},"id":"GG2050-REPD-6486","properties":{"capacity_mw":1.5,"gg_project_id":"GG2050-REPD-6486","name":"Aldi - Cardiff","operator":"Aldi","repd_ref":"6486","repd_technology":"Solar Photovoltaics","status":"Operational","technology":"solar"},"type":"Feature"},{"geometry":{"coordinates":[-2.6594893,53.4068731],"type":"Point"},"id":"GG2050-REPD-7248","properties":{"capacity_mw":1.5,"gg_project_id":"GG2050-REPD-7248","name":"Amazon Omega Business Park","operator":"Amazon UK Services / Push Energy","repd_ref":"7248","repd_technology":"Solar Photovoltaics","status":"Operational","technology":"solar"},"type":"Feature"},{"geometry":{"coordinates":[-0.9238698,50.8206789],"type":"Point"},"id":"GG2050-REPD-8180","properties":{"capacity_mw":1.5,"gg_project_id":"GG2050-REPD-8180","name":"Baker Barracks Solar Development","operator":"Defence Estates Infrastructure Organisation","repd_ref":"8180","repd_technology":"Solar Photovoltaics","status":"Awaiting Construction","technology":"solar"},"type":"Feature"},{"geometry":{"coordinates":[-4.1376651,51.1461216],"type":"Point"},"id":"GG2050-REPD-1605","properties":{"capacity_mw":1.5,"gg_project_id":"GG2050-REPD-1605","name":"Blatchworthy Farm","operator":"Lightsource Renewable Energy","repd_ref":"1605","repd_technology":"Solar Photovoltaics","status":"Operational","technology":"solar"},"type":"Feature"},{"geometry":{"coordinates":[0.1010486,53.2518142],"type":"Point"},"id":"GG2050-REPD-5023","properties":{"capacity_mw":1.5,"gg_project_id":"GG2050-REPD-5023","name":"Bluestone Heath Road","operator":"Marriages Specialist Foods","repd_ref":"5023","repd_technology":"Solar Photovoltaics","status":"Planning Permission Expired","technology":"solar"},"type":"Feature"},{"geometry":{"coordinates":[0.3808508,52.1272577],"type":"Point"},"id":"GG2050-REPD-7892","properties":{"capacity_mw":1.5,"gg_project_id":"GG2050-REPD-7892","name":"Burton End","operator":"Private Developer","repd_ref":"7892","repd_technology":"Solar Photovoltaics","status":"Application Refused","technology":"solar"},"type":"Feature"},{"geometry":{"coordinates":[-1.6236601,52.5980764],"type":"Point"},"id":"GG2050-REPD-14589","properties":{"capacity_mw":1.5,"gg_project_id":"GG2050-REPD-14589","name":"Business Park, Meridian Drive - Solar Panels","operator":"Maersk","repd_ref":"14589","repd_technology":"Solar Photovoltaics","status":"Awaiting Construction","technology":"solar"},"type":"Feature"},{"geometry":{"coordinates":[-2.6414247,51.54155],"type":"Point"},"id":"GG2050-REPD-9267","properties":{"capacity_mw":1.5,"gg_project_id":"GG2050-REPD-9267","name":"Central Avenue, Severn Beach - Solar Photovoltaic Panels","operator":"Zestec Asset Management","repd_ref":"9267","repd_technology":"Solar Photovoltaics","status":"Awaiting Construction","technology":"solar"},"type":"Feature"},{"geometry":{"coordinates":[1.1205479,52.3279534],"type":"Point"},"id":"GG2050-REPD-8436","properties":{"capacity_mw":1.5,"gg_project_id":"GG2050-REPD-8436","name":"Cranswick Country Foods","operator":"Cranswick Plc","repd_ref":"8436","repd_technology":"Solar Photovoltaics","status":"Awaiting Construction","technology":"solar"},"type":"Feature"},{"geometry":{"coordinates":[0.1376863,51.5079862],"type":"Point"},"id":"GG2050-REPD-2385","properties":{"capacity_mw":1.5,"gg_project_id":"GG2050-REPD-2385","name":"Crossness Sewage Works PV","operator":"Thames Water Utilities","repd_ref":"2385","repd_technology":"Solar Photovoltaics","status":"Operational","technology":"solar"},"type":"Feature"},{"geometry":{"coordinates":[-1.099915,51.3845125],"type":"Point"},"id":"GG2050-REPD-19943","properties":{"capacity_mw":1.5,"gg_project_id":"GG2050-REPD-19943","name":"Exolum, Silver Lane - Solar PV Array","operator":"Exolum Limited","repd_ref":"19943","repd_technology":"Solar Photovoltaics","status":"Awaiting Construction","technology":"solar"},"type":"Feature"},{"geometry":{"coordinates":[-2.4116988,56.8890636],"type":"Point"},"id":"GG2050-REPD-9576","properties":{"capacity_mw":1.5,"gg_project_id":"GG2050-REPD-9576","name":"Fordoun Sawmill Solar Array","operator":"Green Power (International) Limited","repd_ref":"9576","repd_technology":"Solar Photovoltaics","status":"Awaiting Construction","technology":"solar"},"type":"Feature"},{"geometry":{"coordinates":[-5.1383075,50.3039494],"type":"Point"},"id":"GG2050-REPD-1726","properties":{"capacity_mw":1.5,"gg_project_id":"GG2050-REPD-1726","name":"Four Burrows Solar farm (Extension 1)","operator":"Inazin Power Ltd","repd_ref":"1726","repd_technology":"Solar Photovoltaics","status":"Operational","technology":"solar"},"type":"Feature"},{"geometry":{"coordinates":[-1.3164894,53.5294809],"type":"Point"},"id":"GG2050-REPD-1473","properties":{"capacity_mw":1.5,"gg_project_id":"GG2050-REPD-1473","name":"Goldthorpe","operator":"Aldi","repd_ref":"1473","repd_technology":"Solar Photovoltaics","status":"Operational","technology":"solar"},"type":"Feature"},{"geometry":{"coordinates":[-0.0674967,53.5748632],"type":"Point"},"id":"GG2050-REPD-18607","properties":{"capacity_mw":1.5,"gg_project_id":"GG2050-REPD-18607","name":"Gorton Street & Murray Street, Grimsby Docks - Solar PV Panels","operator":"GY 1900 Limited","repd_ref":"18607","repd_technology":"Solar Photovoltaics","status":"Awaiting Construction","technology":"solar"},"type":"Feature"},{"geometry":{"coordinates":[-3.4843219,51.5459432],"type":"Point"},"id":"GG2050-REPD-20312","properties":{"capacity_mw":1.5,"gg_project_id":"GG2050-REPD-20312","name":"Hendir Uchaf Farm, Minffrwd Road - Solar Array","operator":"Shillibier Limited","repd_ref":"20312","repd_technology":"Solar Photovoltaics","status":"Application Submitted","technology":"solar"},"type":"Feature"},{"geometry":{"coordinates":[-2.4106879,51.0438169],"type":"Point"},"id":"GG2050-REPD-1355","properties":{"capacity_mw":1.5,"gg_project_id":"GG2050-REPD-1355","name":"Higher Hatherleigh Solar Farm extension","operator":"Private Developer","repd_ref":"1355","repd_technology":"Solar Photovoltaics","status":"Operational","technology":"solar"},"type":"Feature"},{"geometry":{"coordinates":[-2.6955379,51.0793816],"type":"Point"},"id":"GG2050-REPD-2174","properties":{"capacity_mw":1.5,"gg_project_id":"GG2050-REPD-2174","name":"Higher Hill Farm (extension)","operator":"British Solar Renewables","repd_ref":"2174","repd_technology":"Solar Photovoltaics","status":"Operational","technology":"solar"},"type":"Feature"},{"geometry":{"coordinates":[-2.996189,51.0193391],"type":"Point"},"id":"GG2050-REPD-1450","properties":{"capacity_mw":1.5,"gg_project_id":"GG2050-REPD-1450","name":"Higher Knapp Farm","operator":"Lightsource Renewable Energy","repd_ref":"1450","repd_technology":"Solar Photovoltaics","status":"Operational","technology":"solar"},"type":"Feature"},{"geometry":{"coordinates":[-2.3423747,57.4291817],"type":"Point"},"id":"GG2050-REPD-5479","properties":{"capacity_mw":1.5,"gg_project_id":"GG2050-REPD-5479","name":"Hill of Blairfowl Solar Farm","operator":"Green Cat Renewables","repd_ref":"5479","repd_technology":"Solar Photovoltaics","status":"Planning Permission Expired","technology":"solar"},"type":"Feature"},{"geometry":{"coordinates":[-1.0890664,51.7347336],"type":"Point"},"id":"GG2050-REPD-18033","properties":{"capacity_mw":1.5,"gg_project_id":"GG2050-REPD-18033","name":"Holloway Farm, Great Milton - Solar Arrays","operator":"Holloway Farm Industrial Park Limited","repd_ref":"18033","repd_technology":"Solar Photovoltaics","status":"Revised","technology":"solar"},"type":"Feature"},{"geometry":{"coordinates":[-2.6927943,53.3661991],"type":"Point"},"id":"GG2050-REPD-5934","properties":{"capacity_mw":1.5,"gg_project_id":"GG2050-REPD-5934","name":"Johnson's Lane - Warrington","operator":"SBC Renewables","repd_ref":"5934","repd_technology":"Solar Photovoltaics","status":"Abandoned","technology":"solar"},"type":"Feature"},{"geometry":{"coordinates":[-2.4367448,51.2311353],"type":"Point"},"id":"GG2050-REPD-1743","properties":{"capacity_mw":1.5,"gg_project_id":"GG2050-REPD-1743","name":"Land at Soho Farm","operator":"Mells Park Trust","repd_ref":"1743","repd_technology":"Solar Photovoltaics","status":"Operational","technology":"solar"},"type":"Feature"},{"geometry":{"coordinates":[-1.2869688,52.8279889],"type":"Point"},"id":"GG2050-REPD-4748","properties":{"capacity_mw":1.5,"gg_project_id":"GG2050-REPD-4748","name":"Land at Whatton Road","operator":"Push Energy","repd_ref":"4748","repd_technology":"Solar Photovoltaics","status":"Operational","technology":"solar"},"type":"Feature"},{"geometry":{"coordinates":[-4.9569919,50.3767219],"type":"Point"},"id":"GG2050-REPD-4929","properties":{"capacity_mw":1.5,"gg_project_id":"GG2050-REPD-4929","name":"Land North East Of Penrose Far","operator":"Clean Earth Energy","repd_ref":"4929","repd_technology":"Solar Photovoltaics","status":"Operational","technology":"solar"},"type":"Feature"},{"geometry":{"coordinates":[-2.8733608,53.461734],"type":"Point"},"id":"GG2050-REPD-12901","properties":{"capacity_mw":1.5,"gg_project_id":"GG2050-REPD-12901","name":"Larkins Farm, Gellings Lane - Solar Farm","operator":"North West Solar Limited","repd_ref":"12901","repd_technology":"Solar Photovoltaics","status":"Application Refused","technology":"solar"},"type":"Feature"},{"geometry":{"coordinates":[-1.2325082,51.3811126],"type":"Point"},"id":"GG2050-REPD-1272","properties":{"capacity_mw":1.5,"gg_project_id":"GG2050-REPD-1272","name":"Limberlost Farm","operator":"Anesco","repd_ref":"1272","repd_technology":"Solar Photovoltaics","status":"Operational","technology":"solar"},"type":"Feature"},{"geometry":{"coordinates":[-0.7155977,53.7457982],"type":"Point"},"id":"GG2050-REPD-17946","properties":{"capacity_mw":1.5,"gg_project_id":"GG2050-REPD-17946","name":"Newton Farm, Tongue Lane - Solar Farm & Battery Storage","operator":"Newstead Farm","repd_ref":"17946","repd_technology":"Solar Photovoltaics","status":"Awaiting Construction","technology":"solar"},"type":"Feature"},{"geometry":{"coordinates":[-4.6997513,50.4708544],"type":"Point"},"id":"GG2050-REPD-5079","properties":{"capacity_mw":1.5,"gg_project_id":"GG2050-REPD-5079","name":"Newton Margate","operator":"Tulip Meats","repd_ref":"5079","repd_technology":"Solar Photovoltaics","status":"Operational","technology":"solar"},"type":"Feature"},{"geometry":{"coordinates":[-2.316578,50.8981288],"type":"Point"},"id":"GG2050-REPD-1351","properties":{"capacity_mw":1.5,"gg_project_id":"GG2050-REPD-1351","name":"OKEFORD FITZPAINE - SOLAR FARM","operator":"Private Developer","repd_ref":"1351","repd_technology":"Solar Photovoltaics","status":"Application Withdrawn","technology":"solar"},"type":"Feature"},{"geometry":{"coordinates":[-1.0221735,51.4006147],"type":"Point"},"id":"GG2050-REPD-1239","properties":{"capacity_mw":1.5,"gg_project_id":"GG2050-REPD-1239","name":"Pierces Farm","operator":"Private Developer","repd_ref":"1239","repd_technology":"Solar Photovoltaics","status":"Revised","technology":"solar"},"type":"Feature"},{"geometry":{"coordinates":[-0.0195335,52.9650681],"type":"Point"},"id":"GG2050-REPD-5562","properties":{"capacity_mw":1.5,"gg_project_id":"GG2050-REPD-5562","name":"Pinguin Foods","operator":"Pinguin Foods Ltd","repd_ref":"5562","repd_technology":"Solar Photovoltaics","status":"Operational","technology":"solar"},"type":"Feature"},{"geometry":{"coordinates":[-4.3085424,51.8952508],"type":"Point"},"id":"GG2050-REPD-5571","properties":{"capacity_mw":1.5,"gg_project_id":"GG2050-REPD-5571","name":"Pistyllgwyn Farm","operator":"Power for Wales Inc","repd_ref":"5571","repd_technology":"Solar Photovoltaics","status":"Planning Permission Expired","technology":"solar"},"type":"Feature"},{"geometry":{"coordinates":[-2.5858481,51.2138485],"type":"Point"},"id":"GG2050-REPD-1444","properties":{"capacity_mw":1.5,"gg_project_id":"GG2050-REPD-1444","name":"Pitts Farm","operator":"Lightsource Renewable Energy","repd_ref":"1444","repd_technology":"Solar Photovoltaics","status":"Revised","technology":"solar"},"type":"Feature"},{"geometry":{"coordinates":[-4.137634,51.7752849],"type":"Point"},"id":"GG2050-REPD-1356","properties":{"capacity_mw":1.5,"gg_project_id":"GG2050-REPD-1356","name":"Pont Andrew Solar Farm","operator":"Lightsource Renewable Energy","repd_ref":"1356","repd_technology":"Solar Photovoltaics","status":"Operational","technology":"solar"},"type":"Feature"},{"geometry":{"coordinates":[0.0700553,51.7688157],"type":"Point"},"id":"GG2050-REPD-11459","properties":{"capacity_mw":1.5,"gg_project_id":"GG2050-REPD-11459","name":"Poundland Distribution Centre - Solar Photovoltaic System","operator":"Standard Life Assurance Limited","repd_ref":"11459","repd_technology":"Solar Photovoltaics","status":"Awaiting Construction","technology":"solar"},"type":"Feature"},{"geometry":{"coordinates":[1.3946919,52.0875512],"type":"Point"},"id":"GG2050-REPD-7714","properties":{"capacity_mw":1.5,"gg_project_id":"GG2050-REPD-7714","name":"Rock Barracks Solar Farm","operator":"Public Power Solutions (PPS)","repd_ref":"7714","repd_technology":"Solar Photovoltaics","status":"Under Construction","technology":"solar"},"type":"Feature"},{"geometry":{"coordinates":[-2.3126247,50.91295],"type":"Point"},"id":"GG2050-REPD-1723","properties":{"capacity_mw":1.5,"gg_project_id":"GG2050-REPD-1723","name":"Rudge Hill Farm","operator":"Lightsource Renewable Energy","repd_ref":"1723","repd_technology":"Solar Photovoltaics","status":"Operational","technology":"solar"},"type":"Feature"},{"geometry":{"coordinates":[-2.3570674,50.6793119],"type":"Point"},"id":"GG2050-REPD-1621","properties":{"capacity_mw":1.5,"gg_project_id":"GG2050-REPD-1621","name":"Solar Farm","operator":"Lightsource Renewable Energy","repd_ref":"1621","repd_technology":"Solar Photovoltaics","status":"Abandoned","technology":"solar"},"type":"Feature"},{"geometry":{"coordinates":[-4.2020427,50.3562477],"type":"Point"},"id":"GG2050-REPD-2059","properties":{"capacity_mw":1.5,"gg_project_id":"GG2050-REPD-2059","name":"Southdown Quarry","operator":"Ethical Power","repd_ref":"2059","repd_technology":"Solar Photovoltaics","status":"Operational","technology":"solar"},"type":"Feature"},{"geometry":{"coordinates":[-1.4219838,50.6971418],"type":"Point"},"id":"GG2050-REPD-1421","properties":{"capacity_mw":1.5,"gg_project_id":"GG2050-REPD-1421","name":"Stables Farm","operator":"Lightsource Renewable Energy","repd_ref":"1421","repd_technology":"Solar Photovoltaics","status":"Operational","technology":"solar"},"type":"Feature"},{"geometry":{"coordinates":[-3.0873738,50.994174],"type":"Point"},"id":"GG2050-REPD-1509","properties":{"capacity_mw":1.5,"gg_project_id":"GG2050-REPD-1509","name":"Taunton Racecourse","operator":"Green Hedge (BayWa r.e.)","repd_ref":"1509","repd_technology":"Solar Photovoltaics","status":"Operational","technology":"solar"},"type":"Feature"},{"geometry":{"coordinates":[-2.3516409,50.8864281],"type":"Point"},"id":"GG2050-REPD-1241","properties":{"capacity_mw":1.5,"gg_project_id":"GG2050-REPD-1241","name":"The Ferns","operator":"Private Developer","repd_ref":"1241","repd_technology":"Solar Photovoltaics","status":"Abandoned","technology":"solar"},"type":"Feature"},{"geometry":{"coordinates":[-2.6595078,53.4119517],"type":"Point"},"id":"GG2050-REPD-19750","properties":{"capacity_mw":1.5,"gg_project_id":"GG2050-REPD-19750","name":"The Hut Group, Skyline Drive - Solar Photovoltaic Panels","operator":"London Metric Property Plc","repd_ref":"19750","repd_technology":"Solar Photovoltaics","status":"Awaiting Construction","technology":"solar"},"type":"Feature"},{"geometry":{"coordinates":[-4.4500787,50.6007042],"type":"Point"},"id":"GG2050-REPD-1436","properties":{"capacity_mw":1.5,"gg_project_id":"GG2050-REPD-1436","name":"Tinny Hall Solar Farm","operator":"Lightsource Renewable Energy","repd_ref":"1436","repd_technology":"Solar Photovoltaics","status":"Application Withdrawn","technology":"solar"},"type":"Feature"},{"geometry":{"coordinates":[-4.5185645,50.3605596],"type":"Point"},"id":"GG2050-REPD-1438","properties":{"capacity_mw":1.5,"gg_project_id":"GG2050-REPD-1438","name":"Trelay Farm","operator":"Lightsource Renewable Energy","repd_ref":"1438","repd_technology":"Solar Photovoltaics","status":"Application Withdrawn","technology":"solar"},"type":"Feature"},{"geometry":{"coordinates":[-4.5234098,50.6605883],"type":"Point"},"id":"GG2050-REPD-1596","properties":{"capacity_mw":1.5,"gg_project_id":"GG2050-REPD-1596","name":"Trew Farm","operator":"Lightsource Renewable Energy","repd_ref":"1596","repd_technology":"Solar Photovoltaics","status":"Abandoned","technology":"solar"},"type":"Feature"},{"geometry":{"coordinates":[-3.5706787,50.9163343],"type":"Point"},"id":"GG2050-REPD-1445","properties":{"capacity_mw":1.5,"gg_project_id":"GG2050-REPD-1445","name":"West Bradley Farm","operator":"Lightsource Renewable Energy","repd_ref":"1445","repd_technology":"Solar Photovoltaics","status":"Operational","technology":"solar"},"type":"Feature"},{"geometry":{"coordinates":[-0.6891021,53.7658978],"type":"Point"},"id":"GG2050-REPD-15593","properties":{"capacity_mw":1.5,"gg_project_id":"GG2050-REPD-15593","name":"Yorkshire Grown Produce, Main Road - Solar Panels","operator":"Yorkshire Grown Produce Limited","repd_ref":"15593","repd_technology":"Solar Photovoltaics","status":"Awaiting Construction","technology":"solar"},"type":"Feature"},{"geometry":{"coordinates":[-3.1826576,51.4782828],"type":"Point"},"id":"GG2050-REPD-21096","properties":{"capacity_mw":1.49,"gg_project_id":"GG2050-REPD-21096","name":"Principality Stadium, Westgate Street - Solar panels","operator":"Millennium Stadium Plc","repd_ref":"21096","repd_technology":"Solar Photovoltaics","status":"Operational","technology":"solar"},"type":"Feature"},{"geometry":{"coordinates":[-3.1852577,56.1756246],"type":"Point"},"id":"GG2050-REPD-14782","properties":{"capacity_mw":1.47,"gg_project_id":"GG2050-REPD-14782","name":"Flexcon, Whitworth Road - Solar Panels","operator":"Flexcon Europe","repd_ref":"14782","repd_technology":"Solar Photovoltaics","status":"Awaiting Construction","technology":"solar"},"type":"Feature"},{"geometry":{"coordinates":[-0.584986,51.3245197],"type":"Point"},"id":"GG2050-REPD-15780","properties":{"capacity_mw":1.47,"gg_project_id":"GG2050-REPD-15780","name":"Kestrel Way - Solar Panels","operator":"Digital Realty","repd_ref":"15780","repd_technology":"Solar Photovoltaics","status":"Awaiting Construction","technology":"solar"},"type":"Feature"},{"geometry":{"coordinates":[-3.0066602,53.4317857],"type":"Point"},"id":"GG2050-REPD-15721","properties":{"capacity_mw":1.456,"gg_project_id":"GG2050-REPD-15721","name":"Huskisson Dock Building, Huskisson Dock - Solar PV Array","operator":"Eon UK Plc","repd_ref":"15721","repd_technology":"Solar Photovoltaics","status":"Awaiting Construction","technology":"solar"},"type":"Feature"},{"geometry":{"coordinates":[-0.2632184,52.551165],"type":"Point"},"id":"GG2050-REPD-16890","properties":{"capacity_mw":1.44,"gg_project_id":"GG2050-REPD-16890","name":"J S Davidson Limited, Shrewsbury Avenue - Solar PV panels","operator":"Chiltern Cold Storage Group Limited","repd_ref":"16890","repd_technology":"Solar Photovoltaics","status":"Awaiting Construction","technology":"solar"},"type":"Feature"},{"geometry":{"coordinates":[-0.2716549,51.5366472],"type":"Point"},"id":"GG2050-REPD-10898","properties":{"capacity_mw":1.44,"gg_project_id":"GG2050-REPD-10898","name":"Premier Park Road - Photovoltaic System","operator":"SEGRO UK","repd_ref":"10898","repd_technology":"Solar Photovoltaics","status":"Awaiting Construction","technology":"solar"},"type":"Feature"},{"geometry":{"coordinates":[-1.1286696,52.7201162],"type":"Point"},"id":"GG2050-REPD-18226","properties":{"capacity_mw":1.44,"gg_project_id":"GG2050-REPD-18226","name":"Rothley Lodge, Loughborough Road - Solar Panels","operator":"Sofidel UK Limited","repd_ref":"18226","repd_technology":"Solar Photovoltaics","status":"Awaiting Construction","technology":"solar"},"type":"Feature"},{"geometry":{"coordinates":[-1.8929647,52.3120601],"type":"Point"},"id":"GG2050-REPD-10528","properties":{"capacity_mw":1.43,"gg_project_id":"GG2050-REPD-10528","name":"Thorlux Lighting Moons, Merse Road - Solar PV system","operator":"FW Thorpe PLC","repd_ref":"10528","repd_technology":"Solar Photovoltaics","status":"Awaiting Construction","technology":"solar"},"type":"Feature"},{"geometry":{"coordinates":[-2.6473653,51.533407],"type":"Point"},"id":"GG2050-REPD-16589","properties":{"capacity_mw":1.40441,"gg_project_id":"GG2050-REPD-16589","name":"Dominos Pizza Uk & Ireland, Central Park - Solar PV Panels","operator":"Dominos Pizza Group Limited (Head Office)","repd_ref":"16589","repd_technology":"Solar Photovoltaics","status":"Awaiting Construction","technology":"solar"},"type":"Feature"},{"geometry":{"coordinates":[-4.7775912,50.4407678],"type":"Point"},"id":"GG2050-REPD-1588","properties":{"capacity_mw":1.4,"gg_project_id":"GG2050-REPD-1588","name":"Clann Solar Farm","operator":"Lightsource Renewable Energy","repd_ref":"1588","repd_technology":"Solar Photovoltaics","status":"Operational","technology":"solar"},"type":"Feature"},{"geometry":{"coordinates":[-1.9210416,51.6880289],"type":"Point"},"id":"GG2050-REPD-7599","properties":{"capacity_mw":1.4,"gg_project_id":"GG2050-REPD-7599","name":"Duke Of Gloucester Barracks","operator":"Ministry of Defence","repd_ref":"7599","repd_technology":"Solar Photovoltaics","status":"Operational","technology":"solar"},"type":"Feature"},{"geometry":{"coordinates":[-4.089665,51.6675722],"type":"Point"},"id":"GG2050-REPD-5917","properties":{"capacity_mw":1.4,"gg_project_id":"GG2050-REPD-5917","name":"Dura Park Bynea Industrial Site","operator":"Short Bros Homes","repd_ref":"5917","repd_technology":"Solar Photovoltaics","status":"Operational","technology":"solar"},"type":"Feature"},{"geometry":{"coordinates":[-3.7844368,50.8309101],"type":"Point"},"id":"GG2050-REPD-1442","properties":{"capacity_mw":1.4,"gg_project_id":"GG2050-REPD-1442","name":"Ellicombe Farm","operator":"Lightsource Renewable Energy","repd_ref":"1442","repd_technology":"Solar Photovoltaics","status":"Operational","technology":"solar"},"type":"Feature"},{"geometry":{"coordinates":[-0.0716934,52.9657909],"type":"Point"},"id":"GG2050-REPD-1367","properties":{"capacity_mw":1.4,"gg_project_id":"GG2050-REPD-1367","name":"Fen Road","operator":"Lark Energy","repd_ref":"1367","repd_technology":"Solar Photovoltaics","status":"Operational","technology":"solar"},"type":"Feature"},{"geometry":{"coordinates":[-0.6502519,52.5137569],"type":"Point"},"id":"GG2050-REPD-19841","properties":{"capacity_mw":1.4,"gg_project_id":"GG2050-REPD-19841","name":"Horizon Centre, Gretton Road - Solar Array","operator":"Custom Solar Limited","repd_ref":"19841","repd_technology":"Solar Photovoltaics","status":"Application Submitted","technology":"solar"},"type":"Feature"},{"geometry":{"coordinates":[-0.6502519,52.5137569],"type":"Point"},"id":"GG2050-REPD-21050","properties":{"capacity_mw":1.4,"gg_project_id":"GG2050-REPD-21050","name":"Horizon Centre, Gretton Road - Solar Array","operator":"Custom Solar Limited","repd_ref":"21050","repd_technology":"Solar Photovoltaics","status":"Application Submitted","technology":"solar"},"type":"Feature"},{"geometry":{"coordinates":[-1.1024267,51.5527316],"type":"Point"},"id":"GG2050-REPD-10723","properties":{"capacity_mw":1.4,"gg_project_id":"GG2050-REPD-10723","name":"Icknield Road, Ipsden - Solar Array & Battery Storage","operator":"Icknield Gas Limited","repd_ref":"10723","repd_technology":"Solar Photovoltaics","status":"Awaiting Construction","technology":"solar"},"type":"Feature"},{"geometry":{"coordinates":[0.3875931,52.7648258],"type":"Point"},"id":"GG2050-REPD-1733","properties":{"capacity_mw":1.4,"gg_project_id":"GG2050-REPD-1733","name":"Mickram Limited","operator":"Mickram","repd_ref":"1733","repd_technology":"Solar Photovoltaics","status":"Abandoned","technology":"solar"},"type":"Feature"},{"geometry":{"coordinates":[-1.5878186,55.0433301],"type":"Point"},"id":"GG2050-REPD-18316","properties":{"capacity_mw":1.4,"gg_project_id":"GG2050-REPD-18316","name":"Mylord Crescent, Camperdown Industrial Estate, Unit 12 - Solar PV system","operator":"Entek International Limited","repd_ref":"18316","repd_technology":"Solar Photovoltaics","status":"Awaiting Construction","technology":"solar"},"type":"Feature"},{"geometry":{"coordinates":[-1.0853362,53.9139441],"type":"Point"},"id":"GG2050-REPD-5721","properties":{"capacity_mw":1.4,"gg_project_id":"GG2050-REPD-5721","name":"Naburn Sewage Treatment Works","operator":"Kelda Energy","repd_ref":"5721","repd_technology":"Solar Photovoltaics","status":"Application Refused","technology":"solar"},"type":"Feature"},{"geometry":{"coordinates":[-3.3800505,51.7671023],"type":"Point"},"id":"GG2050-REPD-18337","properties":{"capacity_mw":1.4,"gg_project_id":"GG2050-REPD-18337","name":"Pen Y Dre High School, Goitre Lane - Solar Panels","operator":"Merthyr Tydfil County Borough Council","repd_ref":"18337","repd_technology":"Solar Photovoltaics","status":"Awaiting Construction","technology":"solar"},"type":"Feature"},{"geometry":{"coordinates":[-2.5713219,51.5246487],"type":"Point"},"id":"GG2050-REPD-6042","properties":{"capacity_mw":1.4,"gg_project_id":"GG2050-REPD-6042","name":"Rolls Royce Filton Campus Building 184","operator":"Innogy (previously BELECTRIC Solar)","repd_ref":"6042","repd_technology":"Solar Photovoltaics","status":"Operational","technology":"solar"},"type":"Feature"},{"geometry":{"coordinates":[-1.9145945,52.1007948],"type":"Point"},"id":"GG2050-REPD-6458","properties":{"capacity_mw":1.4,"gg_project_id":"GG2050-REPD-6458","name":"Sytchwythy Fields","operator":"AR Partners","repd_ref":"6458","repd_technology":"Solar Photovoltaics","status":"Operational","technology":"solar"},"type":"Feature"},{"geometry":{"coordinates":[0.2412596,53.1439687],"type":"Point"},"id":"GG2050-REPD-1310","properties":{"capacity_mw":1.4,"gg_project_id":"GG2050-REPD-1310","name":"The Hollies Solar Park - Skegness - extension","operator":"Spencer Farm Produce (Juwi Renewable Energies)","repd_ref":"1310","repd_technology":"Solar Photovoltaics","status":"Awaiting Construction","technology":"solar"},"type":"Feature"},{"geometry":{"coordinates":[-4.6256286,50.6602444],"type":"Point"},"id":"GG2050-REPD-1437","properties":{"capacity_mw":1.4,"gg_project_id":"GG2050-REPD-1437","name":"Trehane Farm","operator":"Lightsource Renewable Energy","repd_ref":"1437","repd_technology":"Solar Photovoltaics","status":"Application Withdrawn","technology":"solar"},"type":"Feature"},{"geometry":{"coordinates":[-2.485337,51.8675572],"type":"Point"},"id":"GG2050-REPD-1513","properties":{"capacity_mw":1.4,"gg_project_id":"GG2050-REPD-1513","name":"Vantage Point","operator":"Bee Green Solar","repd_ref":"1513","repd_technology":"Solar Photovoltaics","status":"Operational","technology":"solar"},"type":"Feature"},{"geometry":{"coordinates":[-5.1228065,50.2375734],"type":"Point"},"id":"GG2050-REPD-1032","properties":{"capacity_mw":1.4,"gg_project_id":"GG2050-REPD-1032","name":"Wheal Jane","operator":"Lightsource Renewable Energy","repd_ref":"1032","repd_technology":"Solar Photovoltaics","status":"Operational","technology":"solar"},"type":"Feature"},{"geometry":{"coordinates":[-1.3262448,50.8578313],"type":"Point"},"id":"GG2050-REPD-16911","properties":{"capacity_mw":1.37241,"gg_project_id":"GG2050-REPD-16911","name":"CooperVision, Ensign Way - Solar Panels","operator":"Ylem Energy Limited","repd_ref":"16911","repd_technology":"Solar Photovoltaics","status":"Awaiting Construction","technology":"solar"},"type":"Feature"},{"geometry":{"coordinates":[-0.1872564,53.6281764],"type":"Point"},"id":"GG2050-REPD-14563","properties":{"capacity_mw":1.372,"gg_project_id":"GG2050-REPD-14563","name":"Shed 10, Alexandra Road South, Immingham Docks - Solar Panels","operator":"Associated British Ports (Head Office)","repd_ref":"14563","repd_technology":"Solar Photovoltaics","status":"Awaiting Construction","technology":"solar"},"type":"Feature"},{"geometry":{"coordinates":[0.0024832,52.864335],"type":"Point"},"id":"GG2050-REPD-20775","properties":{"capacity_mw":1.36,"gg_project_id":"GG2050-REPD-20775","name":"Bakkavor, Sluice Road - Solar Array","operator":"Bakkavor Group plc","repd_ref":"20775","repd_technology":"Solar Photovoltaics","status":"Application Submitted","technology":"solar"},"type":"Feature"},{"geometry":{"coordinates":[-3.9376637,55.8314296],"type":"Point"},"id":"GG2050-REPD-13916","properties":{"capacity_mw":1.35,"gg_project_id":"GG2050-REPD-13916","name":"Brakes, Edinburgh Road - Solar Panels","operator":"Brake Bros Limited","repd_ref":"13916","repd_technology":"Solar Photovoltaics","status":"Awaiting Construction","technology":"solar"},"type":"Feature"},{"geometry":{"coordinates":[-2.9953883,51.1216616],"type":"Point"},"id":"GG2050-REPD-19456","properties":{"capacity_mw":1.35,"gg_project_id":"GG2050-REPD-19456","name":"Novolex, Brue Avenue - Solar Panels","operator":"eEnergy Group PLC","repd_ref":"19456","repd_technology":"Solar Photovoltaics","status":"Awaiting Construction","technology":"solar"},"type":"Feature"},{"geometry":{"coordinates":[-2.6493044,51.5491045],"type":"Point"},"id":"GG2050-REPD-20967","properties":{"capacity_mw":1.35,"gg_project_id":"GG2050-REPD-20967","name":"Warburtons Bakery, Western Approach Distribution Park - Solar Panels","operator":"Warburtons Limited","repd_ref":"20967","repd_technology":"Solar Photovoltaics","status":"Application Submitted","technology":"solar"},"type":"Feature"},{"geometry":{"coordinates":[-1.3621912,54.7696537],"type":"Point"},"id":"GG2050-REPD-10988","properties":{"capacity_mw":1.34,"gg_project_id":"GG2050-REPD-10988","name":"B H K UK Davy Drive - Solar Panels","operator":"BHK (UK) Limited","repd_ref":"10988","repd_technology":"Solar Photovoltaics","status":"Under Construction","technology":"solar"},"type":"Feature"},{"geometry":{"coordinates":[-2.2049067,51.3294854],"type":"Point"},"id":"GG2050-REPD-16818","properties":{"capacity_mw":1.33,"gg_project_id":"GG2050-REPD-16818","name":"Apetito, Canal Road - Solar Panels","operator":"Apetito UK Limited","repd_ref":"16818","repd_technology":"Solar Photovoltaics","status":"Awaiting Construction","technology":"solar"},"type":"Feature"},{"geometry":{"coordinates":[-1.4288605,53.5588962],"type":"Point"},"id":"GG2050-REPD-14052","properties":{"capacity_mw":1.33,"gg_project_id":"GG2050-REPD-14052","name":"Lundwood, Sewage Works - Solar Array","operator":"Downing Energy Development Company Limited","repd_ref":"14052","repd_technology":"Solar Photovoltaics","status":"Awaiting Construction","technology":"solar"},"type":"Feature"},{"geometry":{"coordinates":[-0.7414733,50.820572],"type":"Point"},"id":"GG2050-REPD-16474","properties":{"capacity_mw":1.328,"gg_project_id":"GG2050-REPD-16474","name":"Chichester Food Park, Runcton Unit - Solar Panels","operator":"Landlink Estates Limited","repd_ref":"16474","repd_technology":"Solar Photovoltaics","status":"Awaiting Construction","technology":"solar"},"type":"Feature"},{"geometry":{"coordinates":[-0.8122934,51.5397326],"type":"Point"},"id":"GG2050-REPD-12039","properties":{"capacity_mw":1.325,"gg_project_id":"GG2050-REPD-12039","name":"Horizon, Hurley - Solar Panels","operator":"Federated Hermes","repd_ref":"12039","repd_technology":"Solar Photovoltaics","status":"Application Submitted","technology":"solar"},"type":"Feature"},{"geometry":{"coordinates":[-2.4774666,51.2163013],"type":"Point"},"id":"GG2050-REPD-12636","properties":{"capacity_mw":1.32,"gg_project_id":"GG2050-REPD-12636","name":"Burges Hill, Stoke St Michael - Solar Array Panels","operator":"Hiscox Solar Partnership","repd_ref":"12636","repd_technology":"Solar Photovoltaics","status":"Application Refused","technology":"solar"},"type":"Feature"},{"geometry":{"coordinates":[0.2835489,51.4871064],"type":"Point"},"id":"GG2050-REPD-16778","properties":{"capacity_mw":1.313,"gg_project_id":"GG2050-REPD-16778","name":"Intu Lakeside, West Thurrock Way - Solar Panels","operator":"Global Mutual","repd_ref":"16778","repd_technology":"Solar Photovoltaics","status":"Awaiting Construction","technology":"solar"},"type":"Feature"},{"geometry":{"coordinates":[-0.2716549,51.5366472],"type":"Point"},"id":"GG2050-REPD-14520","properties":{"capacity_mw":1.312,"gg_project_id":"GG2050-REPD-14520","name":"Unit F, 6, Premier Park Road - Solar Panels","operator":"Segro Plc","repd_ref":"14520","repd_technology":"Solar Photovoltaics","status":"Awaiting Construction","technology":"solar"},"type":"Feature"},{"geometry":{"coordinates":[-0.941391,51.4569488],"type":"Point"},"id":"GG2050-REPD-14323","properties":{"capacity_mw":1.301,"gg_project_id":"GG2050-REPD-14323","name":"Suttons Park Avenue, Suttons Business Park - Solar PV","operator":"Brakes Group","repd_ref":"14323","repd_technology":"Solar Photovoltaics","status":"Awaiting Construction","technology":"solar"},"type":"Feature"},{"geometry":{"coordinates":[0.7611669,51.3508511],"type":"Point"},"id":"GG2050-REPD-15656","properties":{"capacity_mw":1.3002,"gg_project_id":"GG2050-REPD-15656","name":"Floplast, Castle Road - Solar Panels","operator":"Olympus Power","repd_ref":"15656","repd_technology":"Solar Photovoltaics","status":"Awaiting Construction","technology":"solar"},"type":"Feature"},{"geometry":{"coordinates":[0.007203,51.4900945],"type":"Point"},"id":"GG2050-REPD-19713","properties":{"capacity_mw":1.3,"gg_project_id":"GG2050-REPD-19713","name":"Alcatel, Telegraph House - Solar Panels","operator":"Private Developer","repd_ref":"19713","repd_technology":"Solar Photovoltaics","status":"Application Refused","technology":"solar"},"type":"Feature"},{"geometry":{"coordinates":[-3.6482371,55.8787203],"type":"Point"},"id":"GG2050-REPD-5012","properties":{"capacity_mw":1.3,"gg_project_id":"GG2050-REPD-5012","name":"Aldi Distribution Centre","operator":"Aldi","repd_ref":"5012","repd_technology":"Solar Photovoltaics","status":"Operational","technology":"solar"},"type":"Feature"},{"geometry":{"coordinates":[-3.0505901,52.9184945],"type":"Point"},"id":"GG2050-REPD-16552","properties":{"capacity_mw":1.3,"gg_project_id":"GG2050-REPD-16552","name":"Berllandeg Farm, Rhoswiel - Solar Panels","operator":"Private Developer","repd_ref":"16552","repd_technology":"Solar Photovoltaics","status":"Revised","technology":"solar"},"type":"Feature"},{"geometry":{"coordinates":[-0.5068497,51.8911783],"type":"Point"},"id":"GG2050-REPD-6711","properties":{"capacity_mw":1.3,"gg_project_id":"GG2050-REPD-6711","name":"Boscombe Road (Unit DC1)","operator":"Amazon UK Services / Push Energy","repd_ref":"6711","repd_technology":"Solar Photovoltaics","status":"Planning Permission Expired","technology":"solar"},"type":"Feature"},{"geometry":{"coordinates":[-3.9868022,55.8231055],"type":"Point"},"id":"GG2050-REPD-13788","properties":{"capacity_mw":1.3,"gg_project_id":"GG2050-REPD-13788","name":"Brew Dog Brewery, Condor Glen - Solar Panels","operator":"Scottish Power Pension Fund","repd_ref":"13788","repd_technology":"Solar Photovoltaics","status":"Awaiting Construction","technology":"solar"},"type":"Feature"},{"geometry":{"coordinates":[-2.9796533,53.1720371],"type":"Point"},"id":"GG2050-REPD-19231","properties":{"capacity_mw":1.3,"gg_project_id":"GG2050-REPD-19231","name":"British Aerospace Airbus, Chester Road - Solar Panels","operator":"British Aerospace Airbus Limited","repd_ref":"19231","repd_technology":"Solar Photovoltaics","status":"Awaiting Construction","technology":"solar"},"type":"Feature"},{"geometry":{"coordinates":[0.5508013,52.3123846],"type":"Point"},"id":"GG2050-REPD-18879","properties":{"capacity_mw":1.3,"gg_project_id":"GG2050-REPD-18879","name":"Cavenham Quarry, Cavenham Heath - Solar Array","operator":"Allen Newport Limited","repd_ref":"18879","repd_technology":"Solar Photovoltaics","status":"Awaiting Construction","technology":"solar"},"type":"Feature"},{"geometry":{"coordinates":[-0.5431199,51.3951807],"type":"Point"},"id":"GG2050-REPD-13104","properties":{"capacity_mw":1.3,"gg_project_id":"GG2050-REPD-13104","name":"Chertsey Water Treatment Works","operator":"Affinity Water Limited","repd_ref":"13104","repd_technology":"Solar Photovoltaics","status":"Operational","technology":"solar"},"type":"Feature"},{"geometry":{"coordinates":[-2.8258946,53.7510525],"type":"Point"},"id":"GG2050-REPD-6466","properties":{"capacity_mw":1.3,"gg_project_id":"GG2050-REPD-6466","name":"Clifton Marsh Wastewater Treatment Works","operator":"United Utilities","repd_ref":"6466","repd_technology":"Solar Photovoltaics","status":"Operational","technology":"solar"},"type":"Feature"},{"geometry":{"coordinates":[-0.2830981,52.6078996],"type":"Point"},"id":"GG2050-REPD-16049","properties":{"capacity_mw":1.3,"gg_project_id":"GG2050-REPD-16049","name":"Coningsby Business Park, Stirling Way - Solar Panels","operator":"Industrials Propco 1 Limited","repd_ref":"16049","repd_technology":"Solar Photovoltaics","status":"Awaiting Construction","technology":"solar"},"type":"Feature"},{"geometry":{"coordinates":[-4.0951239,50.8423362],"type":"Point"},"id":"GG2050-REPD-1729","properties":{"capacity_mw":1.3,"gg_project_id":"GG2050-REPD-1729","name":"Crockers Hele","operator":"Private Developer","repd_ref":"1729","repd_technology":"Solar Photovoltaics","status":"Operational","technology":"solar"},"type":"Feature"},{"geometry":{"coordinates":[-3.0186704,53.9091387],"type":"Point"},"id":"GG2050-REPD-5001","properties":{"capacity_mw":1.3,"gg_project_id":"GG2050-REPD-5001","name":"Fleetwood Water Treatment Works","operator":"United Utilities","repd_ref":"5001","repd_technology":"Solar Photovoltaics","status":"Operational","technology":"solar"},"type":"Feature"},{"geometry":{"coordinates":[-6.4130569,54.4104572],"type":"Point"},"id":"GG2050-REPD-5000","properties":{"capacity_mw":1.3,"gg_project_id":"GG2050-REPD-5000","name":"Gilford Road","operator":"Kingspan Energy","repd_ref":"5000","repd_technology":"Solar Photovoltaics","status":"Operational","technology":"solar"},"type":"Feature"},{"geometry":{"coordinates":[-1.2742763,50.7412533],"type":"Point"},"id":"GG2050-REPD-13816","properties":{"capacity_mw":1.3,"gg_project_id":"GG2050-REPD-13816","name":"Gkn & Whippingham Technology Park, Beatrice Avenue - Solar Panels","operator":"GKN Aerospace Services Limited","repd_ref":"13816","repd_technology":"Solar Photovoltaics","status":"Awaiting Construction","technology":"solar"},"type":"Feature"},{"geometry":{"coordinates":[-1.3822214,52.4113921],"type":"Point"},"id":"GG2050-REPD-6097","properties":{"capacity_mw":1.3,"gg_project_id":"GG2050-REPD-6097","name":"Highwood Farm","operator":"Highwood Farm","repd_ref":"6097","repd_technology":"Solar Photovoltaics","status":"Planning Permission Expired","technology":"solar"},"type":"Feature"},{"geometry":{"coordinates":[-1.0890664,51.7347336],"type":"Point"},"id":"GG2050-REPD-20671","properties":{"capacity_mw":1.3,"gg_project_id":"GG2050-REPD-20671","name":"Holloway Farm, Great Milton - Solar Arrays","operator":"Holloway Farm Industrial Park Limited","repd_ref":"20671","repd_technology":"Solar Photovoltaics","status":"Application Submitted","technology":"solar"},"type":"Feature"},{"geometry":{"coordinates":[-1.9675848,51.3713282],"type":"Point"},"id":"GG2050-REPD-2024","properties":{"capacity_mw":1.3,"gg_project_id":"GG2050-REPD-2024","name":"Hopton Road Industrial Estate","operator":"Hopton PV Ltd","repd_ref":"2024","repd_technology":"Solar Photovoltaics","status":"Operational","technology":"solar"},"type":"Feature"},{"geometry":{"coordinates":[-2.9334387,53.3055285],"type":"Point"},"id":"GG2050-REPD-18362","properties":{"capacity_mw":1.3,"gg_project_id":"GG2050-REPD-18362","name":"Jaguar Landrover Phoenix Building, Eric Foundation Road - Solar Array","operator":"Jaguar","repd_ref":"18362","repd_technology":"Solar Photovoltaics","status":"Awaiting Construction","technology":"solar"},"type":"Feature"},{"geometry":{"coordinates":[-1.282205,53.2815051],"type":"Point"},"id":"GG2050-REPD-15776","properties":{"capacity_mw":1.3,"gg_project_id":"GG2050-REPD-15776","name":"Lindrick Way, Barlborough - Solar Panels","operator":"Coster Special Technology","repd_ref":"15776","repd_technology":"Solar Photovoltaics","status":"Awaiting Construction","technology":"solar"},"type":"Feature"},{"geometry":{"coordinates":[-5.2252857,50.1707375],"type":"Point"},"id":"GG2050-REPD-1098","properties":{"capacity_mw":1.3,"gg_project_id":"GG2050-REPD-1098","name":"Little White Alice Solar Park","operator":"Little White Alice Ltd","repd_ref":"1098","repd_technology":"Solar Photovoltaics","status":"Operational","technology":"solar"},"type":"Feature"},{"geometry":{"coordinates":[0.6153835,51.4342422],"type":"Point"},"id":"GG2050-REPD-8435","properties":{"capacity_mw":1.3,"gg_project_id":"GG2050-REPD-8435","name":"London Medway Commercial Park","operator":"Pegasus Planning Group","repd_ref":"8435","repd_technology":"Solar Photovoltaics","status":"Awaiting Construction","technology":"solar"},"type":"Feature"},{"geometry":{"coordinates":[-3.2272988,51.408028],"type":"Point"},"id":"GG2050-REPD-13689","properties":{"capacity_mw":1.3,"gg_project_id":"GG2050-REPD-13689","name":"Momentive Speciality Chemicals, Sully Moors Road - Solar Panels","operator":"Bakelite Synthetics Uk Limited","repd_ref":"13689","repd_technology":"Solar Photovoltaics","status":"Awaiting Construction","technology":"solar"},"type":"Feature"},{"geometry":{"coordinates":[-2.2022814,53.5467393],"type":"Point"},"id":"GG2050-REPD-5054","properties":{"capacity_mw":1.3,"gg_project_id":"GG2050-REPD-5054","name":"Robert McBride Ltd","operator":"PerPetum Sun","repd_ref":"5054","repd_technology":"Solar Photovoltaics","status":"Planning Permission Expired","technology":"solar"},"type":"Feature"},{"geometry":{"coordinates":[-2.1419215,57.1284537],"type":"Point"},"id":"GG2050-REPD-9551","properties":{"capacity_mw":1.3,"gg_project_id":"GG2050-REPD-9551","name":"St Johns Terrace - Solar PV Array","operator":"Scottish Water","repd_ref":"9551","repd_technology":"Solar Photovoltaics","status":"No Application Required","technology":"solar"},"type":"Feature"},{"geometry":{"coordinates":[-3.8522608,51.6386369],"type":"Point"},"id":"GG2050-REPD-12911","properties":{"capacity_mw":1.3,"gg_project_id":"GG2050-REPD-12911","name":"Sun Fields, Gelli Bwch Farm -Solar Array","operator":"Hale Construction Limited","repd_ref":"12911","repd_technology":"Solar Photovoltaics","status":"Awaiting Construction","technology":"solar"},"type":"Feature"},{"geometry":{"coordinates":[-1.3946186,53.0581664],"type":"Point"},"id":"GG2050-REPD-5539","properties":{"capacity_mw":1.3,"gg_project_id":"GG2050-REPD-5539","name":"Swanwick Colliery","operator":"Derbyshire County Council","repd_ref":"5539","repd_technology":"Solar Photovoltaics","status":"Application Submitted","technology":"solar"},"type":"Feature"},{"geometry":{"coordinates":[-2.8920325,53.7919157],"type":"Point"},"id":"GG2050-REPD-13186","properties":{"capacity_mw":1.3,"gg_project_id":"GG2050-REPD-13186","name":"Three Nooks Wood, Weeton Road - Solar Panels","operator":"RG & JM Towers","repd_ref":"13186","repd_technology":"Solar Photovoltaics","status":"Awaiting Construction","technology":"solar"},"type":"Feature"},{"geometry":{"coordinates":[-0.9557204,51.8454053],"type":"Point"},"id":"GG2050-REPD-1042","properties":{"capacity_mw":1.3,"gg_project_id":"GG2050-REPD-1042","name":"Westcott Venture Park Phase 2 & 3","operator":"Rockspring Hanover Property Unit Trust","repd_ref":"1042","repd_technology":"Solar Photovoltaics","status":"Operational","technology":"solar"},"type":"Feature"},{"geometry":{"coordinates":[-3.4369438,51.525258],"type":"Point"},"id":"GG2050-REPD-14356","properties":{"capacity_mw":1.3,"gg_project_id":"GG2050-REPD-14356","name":"Whitehall Farm, Llanharry Road - Solar PV Panels","operator":"Mccarthy Contractors (Bridgend) Limited","repd_ref":"14356","repd_technology":"Solar Photovoltaics","status":"Under Construction","technology":"solar"},"type":"Feature"},{"geometry":{"coordinates":[-2.6461987,53.7883787],"type":"Point"},"id":"GG2050-REPD-18034","properties":{"capacity_mw":1.299,"gg_project_id":"GG2050-REPD-18034","name":"Global Ardour Recycling Limited - Solar Panels","operator":"SNRG","repd_ref":"18034","repd_technology":"Solar Photovoltaics","status":"Awaiting Construction","technology":"solar"},"type":"Feature"},{"geometry":{"coordinates":[-2.8618713,53.6653106],"type":"Point"},"id":"GG2050-REPD-12989","properties":{"capacity_mw":1.29858,"gg_project_id":"GG2050-REPD-12989","name":"Huntapac Produce Limited, Blackgate Lane - Solar Photovoltaic System","operator":"Huntapac Produce Limited","repd_ref":"12989","repd_technology":"Solar Photovoltaics","status":"Awaiting Construction","technology":"solar"},"type":"Feature"},{"geometry":{"coordinates":[-1.4073252,52.5434051],"type":"Point"},"id":"GG2050-REPD-14626","properties":{"capacity_mw":1.295,"gg_project_id":"GG2050-REPD-14626","name":"Triumph Motorcycles, Normandy Way - Solar PV Array","operator":"Triumph Motorcycles Limited","repd_ref":"14626","repd_technology":"Solar Photovoltaics","status":"Awaiting Construction","technology":"solar"},"type":"Feature"},{"geometry":{"coordinates":[-3.1311647,52.8759519],"type":"Point"},"id":"GG2050-REPD-10612","properties":{"capacity_mw":1.29,"gg_project_id":"GG2050-REPD-10612","name":"Cefn-Y-Maes Farm, Rhydycroesau - Solar Park","operator":"Positech Energy Limited","repd_ref":"10612","repd_technology":"Solar Photovoltaics","status":"Revised","technology":"solar"},"type":"Feature"},{"geometry":{"coordinates":[-1.6233692,52.8263408],"type":"Point"},"id":"GG2050-REPD-16022","properties":{"capacity_mw":1.29,"gg_project_id":"GG2050-REPD-16022","name":"Pirelli Limited, Derby Road - Solar Panels","operator":"Pirelli Limited","repd_ref":"16022","repd_technology":"Solar Photovoltaics","status":"Awaiting Construction","technology":"solar"},"type":"Feature"},{"geometry":{"coordinates":[-3.0505901,52.9184945],"type":"Point"},"id":"GG2050-REPD-18884","properties":{"capacity_mw":1.28,"gg_project_id":"GG2050-REPD-18884","name":"Berllandeg Farm, Rhoswiel - Solar Panels","operator":"Igreen Energy","repd_ref":"18884","repd_technology":"Solar Photovoltaics","status":"Awaiting Construction","technology":"solar"},"type":"Feature"},{"geometry":{"coordinates":[-4.5461727,56.033855],"type":"Point"},"id":"GG2050-REPD-16516","properties":{"capacity_mw":1.28,"gg_project_id":"GG2050-REPD-16516","name":"Blairlinnans Water Treatment Plant, Stirling Road - Solar PV Panels","operator":"Scottish Water","repd_ref":"16516","repd_technology":"Solar Photovoltaics","status":"Application Withdrawn","technology":"solar"},"type":"Feature"},{"geometry":{"coordinates":[0.2728375,51.4394173],"type":"Point"},"id":"GG2050-REPD-13138","properties":{"capacity_mw":1.28,"gg_project_id":"GG2050-REPD-13138","name":"Bluewater Shopping Centre, Upper Thames Walk - Solar Photovoltaic Panel","operator":"Land Securities Property Limited","repd_ref":"13138","repd_technology":"Solar Photovoltaics","status":"Awaiting Construction","technology":"solar"},"type":"Feature"},{"geometry":{"coordinates":[-1.5608267,50.7410472],"type":"Point"},"id":"GG2050-REPD-13485","properties":{"capacity_mw":1.28,"gg_project_id":"GG2050-REPD-13485","name":"Pennington Wastewater Treatment Works, Milford Road - Solar panels","operator":"Southern Water","repd_ref":"13485","repd_technology":"Solar Photovoltaics","status":"Application Submitted","technology":"solar"},"type":"Feature"},{"geometry":{"coordinates":[-1.65995,54.4583378],"type":"Point"},"id":"GG2050-REPD-20631","properties":{"capacity_mw":1.27,"gg_project_id":"GG2050-REPD-20631","name":"Middleton Lodge, Kneeton Lane - Solar Array","operator":"Middleton Lodge Estates Limited","repd_ref":"20631","repd_technology":"Solar Photovoltaics","status":"Application Submitted","technology":"solar"},"type":"Feature"},{"geometry":{"coordinates":[-2.0410749,52.5524406],"type":"Point"},"id":"GG2050-REPD-19706","properties":{"capacity_mw":1.27,"gg_project_id":"GG2050-REPD-19706","name":"Moorcroft Drive, Moorcroft Park - Solar Panels","operator":"Noble Green Energy","repd_ref":"19706","repd_technology":"Solar Photovoltaics","status":"Awaiting Construction","technology":"solar"},"type":"Feature"},{"geometry":{"coordinates":[-0.978809,51.9873985],"type":"Point"},"id":"GG2050-REPD-20788","properties":{"capacity_mw":1.27,"gg_project_id":"GG2050-REPD-20788","name":"Wipac Group, London Road - Solar Panels","operator":"Wipac Group","repd_ref":"20788","repd_technology":"Solar Photovoltaics","status":"Awaiting Construction","technology":"solar"},"type":"Feature"},{"geometry":{"coordinates":[-0.3328345,53.7778869],"type":"Point"},"id":"GG2050-REPD-11959","properties":{"capacity_mw":1.267,"gg_project_id":"GG2050-REPD-11959","name":"Bericap, Oslo Road - Solar Panels","operator":"Bericap UK Limited","repd_ref":"11959","repd_technology":"Solar Photovoltaics","status":"Awaiting Construction","technology":"solar"},"type":"Feature"},{"geometry":{"coordinates":[-2.826684,53.3523936],"type":"Point"},"id":"GG2050-REPD-14596","properties":{"capacity_mw":1.26,"gg_project_id":"GG2050-REPD-14596","name":"Ford Halewood Transmissions Spekere, Boulevard - Solar Array","operator":"On Site Energy Limited","repd_ref":"14596","repd_technology":"Solar Photovoltaics","status":"Awaiting Construction","technology":"solar"},"type":"Feature"},{"geometry":{"coordinates":[-1.4718316,52.8908655],"type":"Point"},"id":"GG2050-REPD-10697","properties":{"capacity_mw":1.256,"gg_project_id":"GG2050-REPD-10697","name":"Victory Park Way - Solar Panels","operator":"Gardner Aerospace","repd_ref":"10697","repd_technology":"Solar Photovoltaics","status":"Awaiting Construction","technology":"solar"},"type":"Feature"},{"geometry":{"coordinates":[-1.0062844,50.8780281],"type":"Point"},"id":"GG2050-REPD-16296","properties":{"capacity_mw":1.25356,"gg_project_id":"GG2050-REPD-16296","name":"Dunsbury Park, Fitzwygram Way - Solar Panels","operator":"Watson Marlow Fluid Technology Solutions","repd_ref":"16296","repd_technology":"Solar Photovoltaics","status":"Awaiting Construction","technology":"solar"},"type":"Feature"},{"geometry":{"coordinates":[-0.4348697,51.7660669],"type":"Point"},"id":"GG2050-REPD-11472","properties":{"capacity_mw":1.25,"gg_project_id":"GG2050-REPD-11472","name":"G Park Maxted Road - Solar Panels","operator":"BBUKPF","repd_ref":"11472","repd_technology":"Solar Photovoltaics","status":"Awaiting Construction","technology":"solar"},"type":"Feature"},{"geometry":{"coordinates":[-2.6595078,53.4119517],"type":"Point"},"id":"GG2050-REPD-19416","properties":{"capacity_mw":1.25,"gg_project_id":"GG2050-REPD-19416","name":"The Hut Group, Skyline Drive - Solar Photovoltaic Panels","operator":"London Metric Property Plc","repd_ref":"19416","repd_technology":"Solar Photovoltaics","status":"Revised","technology":"solar"},"type":"Feature"},{"geometry":{"coordinates":[-2.6099819,54.4496537],"type":"Point"},"id":"GG2050-REPD-17283","properties":{"capacity_mw":1.25,"gg_project_id":"GG2050-REPD-17283","name":"Westmorland Motorway Services, Tebay - Solar Array","operator":"Westmorland Family Limited","repd_ref":"17283","repd_technology":"Solar Photovoltaics","status":"Application Submitted","technology":"solar"},"type":"Feature"},{"geometry":{"coordinates":[-1.5110348,54.9192509],"type":"Point"},"id":"GG2050-REPD-12849","properties":{"capacity_mw":1.24,"gg_project_id":"GG2050-REPD-12849","name":"Snop, Rainhill Road - Solar Panels","operator":"SLIPIT","repd_ref":"12849","repd_technology":"Solar Photovoltaics","status":"Awaiting Construction","technology":"solar"},"type":"Feature"},{"geometry":{"coordinates":[-3.1311647,52.8759519],"type":"Point"},"id":"GG2050-REPD-11859","properties":{"capacity_mw":1.23,"gg_project_id":"GG2050-REPD-11859","name":"Cefn-Y-Maes Farm, Rhydycroesau - Solar Park","operator":"Positech Energy Limited","repd_ref":"11859","repd_technology":"Solar Photovoltaics","status":"Awaiting Construction","technology":"solar"},"type":"Feature"},{"geometry":{"coordinates":[-0.6619365,53.6200144],"type":"Point"},"id":"GG2050-REPD-20715","properties":{"capacity_mw":1.23,"gg_project_id":"GG2050-REPD-20715","name":"Co-Op Nisa, Waldo Way - Solar Panels","operator":"Co-Operative","repd_ref":"20715","repd_technology":"Solar Photovoltaics","status":"Awaiting Construction","technology":"solar"},"type":"Feature"},{"geometry":{"coordinates":[-0.7831213,51.9931012],"type":"Point"},"id":"GG2050-REPD-16519","properties":{"capacity_mw":1.23,"gg_project_id":"GG2050-REPD-16519","name":"DHL Supply Chain, Pendeen Crescent -Solar Panels","operator":"GLP Capital","repd_ref":"16519","repd_technology":"Solar Photovoltaics","status":"Awaiting Construction","technology":"solar"},"type":"Feature"},{"geometry":{"coordinates":[-2.7320554,51.1472386],"type":"Point"},"id":"GG2050-REPD-17775","properties":{"capacity_mw":1.23,"gg_project_id":"GG2050-REPD-17775","name":"Middle Drove and Porchestall Drove - Solar Array","operator":"Avalon Community Energy","repd_ref":"17775","repd_technology":"Solar Photovoltaics","status":"Application Refused","technology":"solar"},"type":"Feature"},{"geometry":{"coordinates":[-0.7842257,51.9915841],"type":"Point"},"id":"GG2050-REPD-16188","properties":{"capacity_mw":1.23,"gg_project_id":"GG2050-REPD-16188","name":"Pendeen Crescent, Snelshall East - Solar panels","operator":"GLP Capital","repd_ref":"16188","repd_technology":"Solar Photovoltaics","status":"Application Submitted","technology":"solar"},"type":"Feature"},{"geometry":{"coordinates":[-0.7646113,51.3326665],"type":"Point"},"id":"GG2050-REPD-17227","properties":{"capacity_mw":1.222,"gg_project_id":"GG2050-REPD-17227","name":"Data Centre, Dennison House, Stanhope Road - Solar Panels","operator":"Electron Green","repd_ref":"17227","repd_technology":"Solar Photovoltaics","status":"Revised","technology":"solar"},"type":"Feature"},{"geometry":{"coordinates":[-0.7657841,51.3333623],"type":"Point"},"id":"GG2050-REPD-15660","properties":{"capacity_mw":1.222,"gg_project_id":"GG2050-REPD-15660","name":"Stanhope Road - Solar Panels","operator":"Electron Green","repd_ref":"15660","repd_technology":"Solar Photovoltaics","status":"Application Refused","technology":"solar"},"type":"Feature"},{"geometry":{"coordinates":[-0.7657841,51.3333623],"type":"Point"},"id":"GG2050-REPD-16368","properties":{"capacity_mw":1.222,"gg_project_id":"GG2050-REPD-16368","name":"Stanhope Road - Solar Panels","operator":"Electron Green","repd_ref":"16368","repd_technology":"Solar Photovoltaics","status":"Application Refused","technology":"solar"},"type":"Feature"},{"geometry":{"coordinates":[-3.4042379,55.9372425],"type":"Point"},"id":"GG2050-REPD-12254","properties":{"capacity_mw":1.22,"gg_project_id":"GG2050-REPD-12254","name":"Chariot Drive, Newbridge Road - Solar Panels","operator":"Nuveen Real Estate","repd_ref":"12254","repd_technology":"Solar Photovoltaics","status":"Awaiting Construction","technology":"solar"},"type":"Feature"},{"geometry":{"coordinates":[0.0379166,52.4511266],"type":"Point"},"id":"GG2050-REPD-1085","properties":{"capacity_mw":1.2,"gg_project_id":"GG2050-REPD-1085","name":"Alan Bartlett & Sons Solar","operator":"Alan Bartlett & Sons Ltd","repd_ref":"1085","repd_technology":"Solar Photovoltaics","status":"Operational","technology":"solar"},"type":"Feature"},{"geometry":{"coordinates":[-1.5739438,54.5484743],"type":"Point"},"id":"GG2050-REPD-1278","properties":{"capacity_mw":1.2,"gg_project_id":"GG2050-REPD-1278","name":"Aldi Distribution Centre - Darlington","operator":"Aldi","repd_ref":"1278","repd_technology":"Solar Photovoltaics","status":"Operational","technology":"solar"},"type":"Feature"},{"geometry":{"coordinates":[-3.0322019,53.2893971],"type":"Point"},"id":"GG2050-REPD-1390","properties":{"capacity_mw":1.2,"gg_project_id":"GG2050-REPD-1390","name":"Aldi Distribution Centre - Neston","operator":"Aldi","repd_ref":"1390","repd_technology":"Solar Photovoltaics","status":"Operational","technology":"solar"},"type":"Feature"},{"geometry":{"coordinates":[-0.2427874,52.6128647],"type":"Point"},"id":"GG2050-REPD-19342","properties":{"capacity_mw":1.2,"gg_project_id":"GG2050-REPD-19342","name":"Baker Perkins, Manor Drive - Solar Panels","operator":"Power Zero Limited","repd_ref":"19342","repd_technology":"Solar Photovoltaics","status":"Awaiting Construction","technology":"solar"},"type":"Feature"},{"geometry":{"coordinates":[-3.3141099,50.9460967],"type":"Point"},"id":"GG2050-REPD-1587","properties":{"capacity_mw":1.2,"gg_project_id":"GG2050-REPD-1587","name":"Barton Solar Farm","operator":"Lightsource Renewable Energy","repd_ref":"1587","repd_technology":"Solar Photovoltaics","status":"Operational","technology":"solar"},"type":"Feature"},{"geometry":{"coordinates":[-1.8784869,52.3550732],"type":"Point"},"id":"GG2050-REPD-18190","properties":{"capacity_mw":1.2,"gg_project_id":"GG2050-REPD-18190","name":"Birmingham And Solihull Rugby Club, Forshaw Heath Lane - Solar Panels","operator":"Birmingham & Solihull Rugby Football Club","repd_ref":"18190","repd_technology":"Solar Photovoltaics","status":"Application Submitted","technology":"solar"},"type":"Feature"},{"geometry":{"coordinates":[-1.6097816,52.9928158],"type":"Point"},"id":"GG2050-REPD-5665","properties":{"capacity_mw":1.2,"gg_project_id":"GG2050-REPD-5665","name":"Brailsford Farm","operator":"Mulbrick Clean Energy","repd_ref":"5665","repd_technology":"Solar Photovoltaics","status":"Abandoned","technology":"solar"},"type":"Feature"},{"geometry":{"coordinates":[-1.8014907,51.5103004],"type":"Point"},"id":"GG2050-REPD-7252","properties":{"capacity_mw":1.2,"gg_project_id":"GG2050-REPD-7252","name":"Building ONE","operator":"Science Museum Group","repd_ref":"7252","repd_technology":"Solar Photovoltaics","status":"Under Construction","technology":"solar"},"type":"Feature"},{"geometry":{"coordinates":[-2.8238236,57.3080713],"type":"Point"},"id":"GG2050-REPD-5945","properties":{"capacity_mw":1.2,"gg_project_id":"GG2050-REPD-5945","name":"Cairnmore Solar Park (extension)","operator":"GPV Rhynie","repd_ref":"5945","repd_technology":"Solar Photovoltaics","status":"Operational","technology":"solar"},"type":"Feature"},{"geometry":{"coordinates":[-0.6574718,51.4651832],"type":"Point"},"id":"GG2050-REPD-15661","properties":{"capacity_mw":1.2,"gg_project_id":"GG2050-REPD-15661","name":"Car Park Legoland Windsor Resort, Winkfield Road - PV solar photovoltaic","operator":"Legoland Windsor Park Limited","repd_ref":"15661","repd_technology":"Solar Photovoltaics","status":"Awaiting Construction","technology":"solar"},"type":"Feature"},{"geometry":{"coordinates":[0.4204158,52.7397659],"type":"Point"},"id":"GG2050-REPD-6683","properties":{"capacity_mw":1.2,"gg_project_id":"GG2050-REPD-6683","name":"Chamber 16 (Cold Store)","operator":"Pinguin Foods UK","repd_ref":"6683","repd_technology":"Solar Photovoltaics","status":"Operational","technology":"solar"},"type":"Feature"},{"geometry":{"coordinates":[1.013067,52.1814101],"type":"Point"},"id":"GG2050-REPD-15324","properties":{"capacity_mw":1.2,"gg_project_id":"GG2050-REPD-15324","name":"Climax Molybdenum UK Limited, Needham Road - Solar PV Panels","operator":"Climax Molybdenum UK Ltd","repd_ref":"15324","repd_technology":"Solar Photovoltaics","status":"Awaiting Construction","technology":"solar"},"type":"Feature"},{"geometry":{"coordinates":[-1.525765,55.2078821],"type":"Point"},"id":"GG2050-REPD-9030","properties":{"capacity_mw":1.2,"gg_project_id":"GG2050-REPD-9030","name":"Ellington South Site, Lynemouth Solar Array","operator":"The Coal Authority","repd_ref":"9030","repd_technology":"Solar Photovoltaics","status":"Awaiting Construction","technology":"solar"},"type":"Feature"},{"geometry":{"coordinates":[-3.5233846,50.7076363],"type":"Point"},"id":"GG2050-REPD-7484","properties":{"capacity_mw":1.2,"gg_project_id":"GG2050-REPD-7484","name":"Exeter City Council - Solar Panel Array","operator":"Exeter City Council","repd_ref":"7484","repd_technology":"Solar Photovoltaics","status":"Awaiting Construction","technology":"solar"},"type":"Feature"},{"geometry":{"coordinates":[-2.1006923,55.8686642],"type":"Point"},"id":"GG2050-REPD-16051","properties":{"capacity_mw":1.2,"gg_project_id":"GG2050-REPD-16051","name":"Eyemouth Freezers, Toll Bridge Road - Solar Panels","operator":"Eyemouth Freezers Limited","repd_ref":"16051","repd_technology":"Solar Photovoltaics","status":"Awaiting Construction","technology":"solar"},"type":"Feature"},{"geometry":{"coordinates":[-0.2451544,51.7705274],"type":"Point"},"id":"GG2050-REPD-10943","properties":{"capacity_mw":1.2,"gg_project_id":"GG2050-REPD-10943","name":"Gypsy Moth Avenue - Solar Array","operator":"Aberdeen Standard Investment","repd_ref":"10943","repd_technology":"Solar Photovoltaics","status":"Awaiting Construction","technology":"solar"},"type":"Feature"},{"geometry":{"coordinates":[-2.9646363,52.3461433],"type":"Point"},"id":"GG2050-REPD-13255","properties":{"capacity_mw":1.2,"gg_project_id":"GG2050-REPD-13255","name":"Heartsease Farm - Solar Array","operator":"Radnor Hills Limited","repd_ref":"13255","repd_technology":"Solar Photovoltaics","status":"Awaiting Construction","technology":"solar"},"type":"Feature"},{"geometry":{"coordinates":[-2.9590939,51.0173564],"type":"Point"},"id":"GG2050-REPD-1224","properties":{"capacity_mw":1.2,"gg_project_id":"GG2050-REPD-1224","name":"Helland Meads","operator":"Private Developer","repd_ref":"1224","repd_technology":"Solar Photovoltaics","status":"Revised","technology":"solar"},"type":"Feature"},{"geometry":{"coordinates":[-2.9590939,51.0173564],"type":"Point"},"id":"GG2050-REPD-2164","properties":{"capacity_mw":1.2,"gg_project_id":"GG2050-REPD-2164","name":"Helland Meads","operator":"Private Developer","repd_ref":"2164","repd_technology":"Solar Photovoltaics","status":"Operational","technology":"solar"},"type":"Feature"},{"geometry":{"coordinates":[-5.0556374,50.3996093],"type":"Point"},"id":"GG2050-REPD-1609","properties":{"capacity_mw":1.2,"gg_project_id":"GG2050-REPD-1609","name":"HENDRA HOLIDAY PARK SOLAR FARM","operator":"Hendra Holiday Park","repd_ref":"1609","repd_technology":"Solar Photovoltaics","status":"Operational","technology":"solar"},"type":"Feature"},{"geometry":{"coordinates":[-3.3153917,50.8744811],"type":"Point"},"id":"GG2050-REPD-1617","properties":{"capacity_mw":1.2,"gg_project_id":"GG2050-REPD-1617","name":"Higher Pirzwell Solar Farm","operator":"Lightsource Renewable Energy","repd_ref":"1617","repd_technology":"Solar Photovoltaics","status":"Operational","technology":"solar"},"type":"Feature"},{"geometry":{"coordinates":[-4.0867475,50.8112333],"type":"Point"},"id":"GG2050-REPD-1884","properties":{"capacity_mw":1.2,"gg_project_id":"GG2050-REPD-1884","name":"Hillsmoor Solar Farm","operator":"Mosscliff Environmental","repd_ref":"1884","repd_technology":"Solar Photovoltaics","status":"Operational","technology":"solar"},"type":"Feature"},{"geometry":{"coordinates":[1.451328,52.0510419],"type":"Point"},"id":"GG2050-REPD-10416","properties":{"capacity_mw":1.2,"gg_project_id":"GG2050-REPD-10416","name":"HMP Hollesley - Solar Array","operator":"Ministry of Justice","repd_ref":"10416","repd_technology":"Solar Photovoltaics","status":"Awaiting Construction","technology":"solar"},"type":"Feature"},{"geometry":{"coordinates":[-3.6681522,56.0108363],"type":"Point"},"id":"GG2050-REPD-19807","properties":{"capacity_mw":1.2,"gg_project_id":"GG2050-REPD-19807","name":"Kinneil Kerse Wastewater Treatment Works - Solar PV Array","operator":"Scottish Water","repd_ref":"19807","repd_technology":"Solar Photovoltaics","status":"Awaiting Construction","technology":"solar"},"type":"Feature"},{"geometry":{"coordinates":[-2.8172172,54.0207011],"type":"Point"},"id":"GG2050-REPD-6189","properties":{"capacity_mw":1.2,"gg_project_id":"GG2050-REPD-6189","name":"Lancaster Wastewater Treatment Works","operator":"United Utilities","repd_ref":"6189","repd_technology":"Solar Photovoltaics","status":"Operational","technology":"solar"},"type":"Feature"},{"geometry":{"coordinates":[-1.4457195,52.7249609],"type":"Point"},"id":"GG2050-REPD-5530","properties":{"capacity_mw":1.2,"gg_project_id":"GG2050-REPD-5530","name":"Land at Hill Farm","operator":"Hill Farm","repd_ref":"5530","repd_technology":"Solar Photovoltaics","status":"Operational","technology":"solar"},"type":"Feature"},{"geometry":{"coordinates":[-2.6980517,53.7172248],"type":"Point"},"id":"GG2050-REPD-21072","properties":{"capacity_mw":1.2,"gg_project_id":"GG2050-REPD-21072","name":"Leyland Trucks, Croston Road - Solar Array","operator":"Leyland Trucks Limited","repd_ref":"21072","repd_technology":"Solar Photovoltaics","status":"Application Submitted","technology":"solar"},"type":"Feature"},{"geometry":{"coordinates":[-1.0899743,50.8101949],"type":"Point"},"id":"GG2050-REPD-5071","properties":{"capacity_mw":1.2,"gg_project_id":"GG2050-REPD-5071","name":"MMD Shipping Services","operator":"EvoEnergy","repd_ref":"5071","repd_technology":"Solar Photovoltaics","status":"Operational","technology":"solar"},"type":"Feature"},{"geometry":{"coordinates":[0.4493729,50.9705363],"type":"Point"},"id":"GG2050-REPD-15894","properties":{"capacity_mw":1.2,"gg_project_id":"GG2050-REPD-15894","name":"Park Pale House, Mountfield Lane - Solar Panel Array","operator":"Southern Water Services Limited","repd_ref":"15894","repd_technology":"Solar Photovoltaics","status":"Awaiting Construction","technology":"solar"},"type":"Feature"},{"geometry":{"coordinates":[-1.5631584,50.7387178],"type":"Point"},"id":"GG2050-REPD-5407","properties":{"capacity_mw":1.2,"gg_project_id":"GG2050-REPD-5407","name":"Pennington Recycling Centre","operator":"Novus Solar Developments","repd_ref":"5407","repd_technology":"Solar Photovoltaics","status":"Operational","technology":"solar"},"type":"Feature"},{"geometry":{"coordinates":[-0.2113196,52.5847556],"type":"Point"},"id":"GG2050-REPD-7771","properties":{"capacity_mw":1.2,"gg_project_id":"GG2050-REPD-7771","name":"Perkins Engines","operator":"Perkins Engines Company","repd_ref":"7771","repd_technology":"Solar Photovoltaics","status":"Revised","technology":"solar"},"type":"Feature"},{"geometry":{"coordinates":[-4.699218,50.4699043],"type":"Point"},"id":"GG2050-REPD-15393","properties":{"capacity_mw":1.2,"gg_project_id":"GG2050-REPD-15393","name":"Pilgrim Factory Car Park And Fields, Cooksland Road - Solar Carport","operator":"Envams Limited","repd_ref":"15393","repd_technology":"Solar Photovoltaics","status":"Awaiting Construction","technology":"solar"},"type":"Feature"},{"geometry":{"coordinates":[-1.0884344,50.8120174],"type":"Point"},"id":"GG2050-REPD-9236","properties":{"capacity_mw":1.2,"gg_project_id":"GG2050-REPD-9236","name":"Portsmouth International Port - Solar Panels","operator":"Portsmouth City Council","repd_ref":"9236","repd_technology":"Solar Photovoltaics","status":"Under Construction","technology":"solar"},"type":"Feature"},{"geometry":{"coordinates":[-0.7749676,51.9529697],"type":"Point"},"id":"GG2050-REPD-5066","properties":{"capacity_mw":1.2,"gg_project_id":"GG2050-REPD-5066","name":"Prospect Farm","operator":"Raw Energy","repd_ref":"5066","repd_technology":"Solar Photovoltaics","status":"Planning Permission Expired","technology":"solar"},"type":"Feature"},{"geometry":{"coordinates":[-4.2287015,51.7571093],"type":"Point"},"id":"GG2050-REPD-5517","properties":{"capacity_mw":1.2,"gg_project_id":"GG2050-REPD-5517","name":"Rhas Fach Farm","operator":"Power for Wales Inc","repd_ref":"5517","repd_technology":"Solar Photovoltaics","status":"Planning Permission Expired","technology":"solar"},"type":"Feature"},{"geometry":{"coordinates":[-3.4445795,52.9875349],"type":"Point"},"id":"GG2050-REPD-4738","properties":{"capacity_mw":1.2,"gg_project_id":"GG2050-REPD-4738","name":"Rhug Estate","operator":"Rhug Estate","repd_ref":"4738","repd_technology":"Solar Photovoltaics","status":"Operational","technology":"solar"},"type":"Feature"},{"geometry":{"coordinates":[-2.4181167,52.6825463],"type":"Point"},"id":"GG2050-REPD-7968","properties":{"capacity_mw":1.2,"gg_project_id":"GG2050-REPD-7968","name":"Ricoh UK Products","operator":"Push Energy","repd_ref":"7968","repd_technology":"Solar Photovoltaics","status":"Operational","technology":"solar"},"type":"Feature"},{"geometry":{"coordinates":[-1.4691574,53.4715697],"type":"Point"},"id":"GG2050-REPD-20867","properties":{"capacity_mw":1.2,"gg_project_id":"GG2050-REPD-20867","name":"Sherwin Williams Diversified Brands, Thorncliffe Road - Solar Panels","operator":"Sherwin Williams","repd_ref":"20867","repd_technology":"Solar Photovoltaics","status":"Application Submitted","technology":"solar"},"type":"Feature"},{"geometry":{"coordinates":[-4.2151374,50.88605],"type":"Point"},"id":"GG2050-REPD-1443","properties":{"capacity_mw":1.2,"gg_project_id":"GG2050-REPD-1443","name":"Southcombe Farm","operator":"Lightsource Renewable Energy","repd_ref":"1443","repd_technology":"Solar Photovoltaics","status":"Operational","technology":"solar"},"type":"Feature"},{"geometry":{"coordinates":[1.2707221,51.9963775],"type":"Point"},"id":"GG2050-REPD-17598","properties":{"capacity_mw":1.2,"gg_project_id":"GG2050-REPD-17598","name":"Suffolk Yacht Harbour, Levington - Solar Array","operator":"Suffolk Yacht Harbour Limited","repd_ref":"17598","repd_technology":"Solar Photovoltaics","status":"Awaiting Construction","technology":"solar"},"type":"Feature"},{"geometry":{"coordinates":[-0.6652378,53.1520783],"type":"Point"},"id":"GG2050-REPD-14667","properties":{"capacity_mw":1.2,"gg_project_id":"GG2050-REPD-14667","name":"Swinderby Quarry - Solar PV Array","operator":"CEMEX UK Properties","repd_ref":"14667","repd_technology":"Solar Photovoltaics","status":"Awaiting Construction","technology":"solar"},"type":"Feature"},{"geometry":{"coordinates":[1.2346499,52.5273481],"type":"Point"},"id":"GG2050-REPD-2141","properties":{"capacity_mw":1.2,"gg_project_id":"GG2050-REPD-2141","name":"Tas Valley","operator":"Solartech Ltd","repd_ref":"2141","repd_technology":"Solar Photovoltaics","status":"Application Withdrawn","technology":"solar"},"type":"Feature"},{"geometry":{"coordinates":[-4.2707477,50.6102223],"type":"Point"},"id":"GG2050-REPD-1435","properties":{"capacity_mw":1.2,"gg_project_id":"GG2050-REPD-1435","name":"Tredown Solar Farm","operator":"Lightsource Renewable Energy","repd_ref":"1435","repd_technology":"Solar Photovoltaics","status":"Operational","technology":"solar"},"type":"Feature"},{"geometry":{"coordinates":[-2.1382681,52.6325198],"type":"Point"},"id":"GG2050-REPD-9597","properties":{"capacity_mw":1.2,"gg_project_id":"GG2050-REPD-9597","name":"Valiant Way, Pendeford","operator":"NESPF","repd_ref":"9597","repd_technology":"Solar Photovoltaics","status":"Awaiting Construction","technology":"solar"},"type":"Feature"},{"geometry":{"coordinates":[-0.8079941,52.4563744],"type":"Point"},"id":"GG2050-REPD-20470","properties":{"capacity_mw":1.2,"gg_project_id":"GG2050-REPD-20470","name":"West Lodge Farm Solar Array","operator":"Highview Consultants Limited","repd_ref":"20470","repd_technology":"Solar Photovoltaics","status":"Application Submitted","technology":"solar"},"type":"Feature"},{"geometry":{"coordinates":[-2.4484057,51.5092143],"type":"Point"},"id":"GG2050-REPD-18278","properties":{"capacity_mw":1.2,"gg_project_id":"GG2050-REPD-18278","name":"Westerleigh Solar, Oakleigh Green Farm Lane - Solar Panels","operator":"EDF Energy Renewables Limited","repd_ref":"18278","repd_technology":"Solar Photovoltaics","status":"Awaiting Construction","technology":"solar"},"type":"Feature"},{"geometry":{"coordinates":[-1.2287275,54.5866065],"type":"Point"},"id":"GG2050-REPD-20085","properties":{"capacity_mw":1.2,"gg_project_id":"GG2050-REPD-20085","name":"Wilton Engineering Services, Port Clarence Offshore Base - Solar Panels","operator":"Port Clarence Logistics Limited","repd_ref":"20085","repd_technology":"Solar Photovoltaics","status":"Awaiting Construction","technology":"solar"},"type":"Feature"},{"geometry":{"coordinates":[-1.1313735,51.5868387],"type":"Point"},"id":"GG2050-REPD-2259","properties":{"capacity_mw":1.2,"gg_project_id":"GG2050-REPD-2259","name":"Winterbrook","operator":"S.A.T. Sun & Alternative Technology","repd_ref":"2259","repd_technology":"Solar Photovoltaics","status":"Operational","technology":"solar"},"type":"Feature"},{"geometry":{"coordinates":[1.1398969,52.4105857],"type":"Point"},"id":"GG2050-REPD-13817","properties":{"capacity_mw":1.199,"gg_project_id":"GG2050-REPD-13817","name":"Farmers Industrial Estate,Mill Road - Solar PV Systems","operator":"Zestec Renewable Energy","repd_ref":"13817","repd_technology":"Solar Photovoltaics","status":"Awaiting Construction","technology":"solar"},"type":"Feature"},{"geometry":{"coordinates":[-2.7350449,53.4598967],"type":"Point"},"id":"GG2050-REPD-16362","properties":{"capacity_mw":1.194,"gg_project_id":"GG2050-REPD-16362","name":"College Street - Solar Panels","operator":"Pilkington","repd_ref":"16362","repd_technology":"Solar Photovoltaics","status":"Awaiting Construction","technology":"solar"},"type":"Feature"},{"geometry":{"coordinates":[-2.909733,53.9285742],"type":"Point"},"id":"GG2050-REPD-17795","properties":{"capacity_mw":1.19232,"gg_project_id":"GG2050-REPD-17795","name":"Foxfield Nurseries, School Lane - Solar Panels","operator":"Medlar Fruit Farms Limited","repd_ref":"17795","repd_technology":"Solar Photovoltaics","status":"Awaiting Construction","technology":"solar"},"type":"Feature"},{"geometry":{"coordinates":[-2.3429511,53.7906457],"type":"Point"},"id":"GG2050-REPD-10692","properties":{"capacity_mw":1.18,"gg_project_id":"GG2050-REPD-10692","name":"Altham Business Park - Solar Panels","operator":"The Senator Group Altham","repd_ref":"10692","repd_technology":"Solar Photovoltaics","status":"Operational","technology":"solar"},"type":"Feature"},{"geometry":{"coordinates":[-0.2145521,52.5836716],"type":"Point"},"id":"GG2050-REPD-10305","properties":{"capacity_mw":1.166,"gg_project_id":"GG2050-REPD-10305","name":"Perkins Engines, Fengate - Solar Farm","operator":"Perkins Engines","repd_ref":"10305","repd_technology":"Solar Photovoltaics","status":"Awaiting Construction","technology":"solar"},"type":"Feature"},{"geometry":{"coordinates":[-2.1525908,52.2728209],"type":"Point"},"id":"GG2050-REPD-18558","properties":{"capacity_mw":1.16,"gg_project_id":"GG2050-REPD-18558","name":"Deritend Precision Casting, Vines Lane - Solar Panels","operator":"Green Nation Solar Energy","repd_ref":"18558","repd_technology":"Solar Photovoltaics","status":"Awaiting Construction","technology":"solar"},"type":"Feature"},{"geometry":{"coordinates":[-1.3050909,51.8302657],"type":"Point"},"id":"GG2050-REPD-12122","properties":{"capacity_mw":1.16,"gg_project_id":"GG2050-REPD-12122","name":"Essentra Components, Langford Lane - Solar Panels","operator":"Essentra Security","repd_ref":"12122","repd_technology":"Solar Photovoltaics","status":"Awaiting Construction","technology":"solar"},"type":"Feature"},{"geometry":{"coordinates":[-2.1335026,53.4491139],"type":"Point"},"id":"GG2050-REPD-10422","properties":{"capacity_mw":1.157,"gg_project_id":"GG2050-REPD-10422","name":"Denton Hall Farm Road, Denton - Solar Photovoltaic System","operator":"System 3 Limited","repd_ref":"10422","repd_technology":"Solar Photovoltaics","status":"Operational","technology":"solar"},"type":"Feature"},{"geometry":{"coordinates":[-0.7646113,51.3326665],"type":"Point"},"id":"GG2050-REPD-17628","properties":{"capacity_mw":1.152,"gg_project_id":"GG2050-REPD-17628","name":"Data Centre, Dennison House, Stanhope Road - Solar Panels","operator":"Electron Green","repd_ref":"17628","repd_technology":"Solar Photovoltaics","status":"Awaiting Construction","technology":"solar"},"type":"Feature"},{"geometry":{"coordinates":[-3.1076294,52.740597],"type":"Point"},"id":"GG2050-REPD-12582","properties":{"capacity_mw":1.15,"gg_project_id":"GG2050-REPD-12582","name":"Coppice Farm, Pen-Rhos - Solar Array","operator":"Coppice Farm","repd_ref":"12582","repd_technology":"Solar Photovoltaics","status":"Awaiting Construction","technology":"solar"},"type":"Feature"},{"geometry":{"coordinates":[-0.7588524,51.2779869],"type":"Point"},"id":"GG2050-REPD-15581","properties":{"capacity_mw":1.15,"gg_project_id":"GG2050-REPD-15581","name":"Farnborough International Exhibition Centre, Etps Road - Solar Panels","operator":"Farnborough International Limited","repd_ref":"15581","repd_technology":"Solar Photovoltaics","status":"Under Construction","technology":"solar"},"type":"Feature"},{"geometry":{"coordinates":[-1.4784726,54.9242918],"type":"Point"},"id":"GG2050-REPD-20296","properties":{"capacity_mw":1.15,"gg_project_id":"GG2050-REPD-20296","name":"SNOP UK, Washington Road - Solar Panels","operator":"SNOP UK Limited","repd_ref":"20296","repd_technology":"Solar Photovoltaics","status":"Awaiting Construction","technology":"solar"},"type":"Feature"},{"geometry":{"coordinates":[0.194217,52.4873443],"type":"Point"},"id":"GG2050-REPD-8408","properties":{"capacity_mw":1.15,"gg_project_id":"GG2050-REPD-8408","name":"Willow Farm","operator":"BeBa Energy UK Limited","repd_ref":"8408","repd_technology":"Solar Photovoltaics","status":"Operational","technology":"solar"},"type":"Feature"},{"geometry":{"coordinates":[-1.7649998,53.6773158],"type":"Point"},"id":"GG2050-REPD-16252","properties":{"capacity_mw":1.14884,"gg_project_id":"GG2050-REPD-16252","name":"Aflex Hose, Dyson Wood Way - olar Panels","operator":"Watson Marlow Fluid Technology Solutions","repd_ref":"16252","repd_technology":"Solar Photovoltaics","status":"Awaiting Construction","technology":"solar"},"type":"Feature"},{"geometry":{"coordinates":[-2.8631374,55.5394414],"type":"Point"},"id":"GG2050-REPD-14059","properties":{"capacity_mw":1.14232,"gg_project_id":"GG2050-REPD-14059","name":"Water Treatment Works, Howden Wells - Solar Photovoltaic System","operator":"Scottish Water","repd_ref":"14059","repd_technology":"Solar Photovoltaics","status":"Awaiting Construction","technology":"solar"},"type":"Feature"},{"geometry":{"coordinates":[-2.0614357,57.1321842],"type":"Point"},"id":"GG2050-REPD-14657","properties":{"capacity_mw":1.133,"gg_project_id":"GG2050-REPD-14657","name":"Nigg Waste Water Plant, Coast Road - Solar PV Arrays","operator":"Scottish Water Horizons","repd_ref":"14657","repd_technology":"Solar Photovoltaics","status":"Awaiting Construction","technology":"solar"},"type":"Feature"},{"geometry":{"coordinates":[-1.3195515,53.5059573],"type":"Point"},"id":"GG2050-REPD-16302","properties":{"capacity_mw":1.1275,"gg_project_id":"GG2050-REPD-16302","name":"Brookfields Park, Brookfields Drive - Solar PV Panels","operator":"Next Distribution Limited","repd_ref":"16302","repd_technology":"Solar Photovoltaics","status":"Awaiting Construction","technology":"solar"},"type":"Feature"},{"geometry":{"coordinates":[-1.3468766,53.090455],"type":"Point"},"id":"GG2050-REPD-15778","properties":{"capacity_mw":1.122,"gg_project_id":"GG2050-REPD-15778","name":"Fairbrook House, Clover Nook Road - Solar Panels","operator":"Eurocell Group","repd_ref":"15778","repd_technology":"Solar Photovoltaics","status":"Awaiting Construction","technology":"solar"},"type":"Feature"},{"geometry":{"coordinates":[-2.4722376,53.1058969],"type":"Point"},"id":"GG2050-REPD-18673","properties":{"capacity_mw":1.12,"gg_project_id":"GG2050-REPD-18673","name":"Bentley Motors Limited, Pyms Lane - Solar Panels","operator":"3ti Energy Hubs Limited","repd_ref":"18673","repd_technology":"Solar Photovoltaics","status":"Awaiting Construction","technology":"solar"},"type":"Feature"},{"geometry":{"coordinates":[-2.1936525,53.4814529],"type":"Point"},"id":"GG2050-REPD-17465","properties":{"capacity_mw":1.12,"gg_project_id":"GG2050-REPD-17465","name":"City Football Academy - Solar Panels","operator":"Manchester City Football Club","repd_ref":"17465","repd_technology":"Solar Photovoltaics","status":"Awaiting Construction","technology":"solar"},"type":"Feature"},{"geometry":{"coordinates":[-0.1006873,53.5750532],"type":"Point"},"id":"GG2050-REPD-13370","properties":{"capacity_mw":1.12,"gg_project_id":"GG2050-REPD-13370","name":"Grimsby West, Birchin Way - Solar Array","operator":"HSH Coldstores","repd_ref":"13370","repd_technology":"Solar Photovoltaics","status":"Operational","technology":"solar"},"type":"Feature"},{"geometry":{"coordinates":[0.7595522,51.3538572],"type":"Point"},"id":"GG2050-REPD-16615","properties":{"capacity_mw":1.1187,"gg_project_id":"GG2050-REPD-16615","name":"Wienerberger, Castle Road - Solar Panels","operator":"Olympus Power","repd_ref":"16615","repd_technology":"Solar Photovoltaics","status":"Awaiting Construction","technology":"solar"},"type":"Feature"},{"geometry":{"coordinates":[-1.3195515,53.5059573],"type":"Point"},"id":"GG2050-REPD-17076","properties":{"capacity_mw":1.1124,"gg_project_id":"GG2050-REPD-17076","name":"Brookfields Park, Brookfields Drive - Solar PV Panels","operator":"Next Distribution Limited","repd_ref":"17076","repd_technology":"Solar Photovoltaics","status":"Awaiting Construction","technology":"solar"},"type":"Feature"},{"geometry":{"coordinates":[-3.0543935,52.8092889],"type":"Point"},"id":"GG2050-REPD-12905","properties":{"capacity_mw":1.108,"gg_project_id":"GG2050-REPD-12905","name":"Tramway Farm, Crickheath - Solar Array","operator":"R & E J Bowker","repd_ref":"12905","repd_technology":"Solar Photovoltaics","status":"Revised","technology":"solar"},"type":"Feature"},{"geometry":{"coordinates":[-3.0543935,52.8092889],"type":"Point"},"id":"GG2050-REPD-14425","properties":{"capacity_mw":1.108,"gg_project_id":"GG2050-REPD-14425","name":"Tramway Farm, Crickheath - Solar Array","operator":"R & E J Bowker","repd_ref":"14425","repd_technology":"Solar Photovoltaics","status":"Application Submitted","technology":"solar"},"type":"Feature"},{"geometry":{"coordinates":[-0.6689153,53.5856015],"type":"Point"},"id":"GG2050-REPD-18650","properties":{"capacity_mw":1.106,"gg_project_id":"GG2050-REPD-18650","name":"Church Lane - Solar Canopy","operator":"Scunthorpe General Hospital","repd_ref":"18650","repd_technology":"Solar Photovoltaics","status":"Awaiting Construction","technology":"solar"},"type":"Feature"},{"geometry":{"coordinates":[-3.7396204,50.8523078],"type":"Point"},"id":"GG2050-REPD-1618","properties":{"capacity_mw":1.1,"gg_project_id":"GG2050-REPD-1618","name":"Broadgate Solar Farm","operator":"Lightsource Renewable Energy","repd_ref":"1618","repd_technology":"Solar Photovoltaics","status":"Operational","technology":"solar"},"type":"Feature"},{"geometry":{"coordinates":[0.2711075,50.7869686],"type":"Point"},"id":"GG2050-REPD-12728","properties":{"capacity_mw":1.1,"gg_project_id":"GG2050-REPD-12728","name":"Eastbourne District General Hospital - Energy Management","operator":"East Sussex Healthcare NHS Trust","repd_ref":"12728","repd_technology":"Solar Photovoltaics","status":"Operational","technology":"solar"},"type":"Feature"},{"geometry":{"coordinates":[0.1800039,52.2979981],"type":"Point"},"id":"GG2050-REPD-7604","properties":{"capacity_mw":1.1,"gg_project_id":"GG2050-REPD-7604","name":"Ely Road Waste Management Park","operator":"Alboro Developments","repd_ref":"7604","repd_technology":"Solar Photovoltaics","status":"Operational","technology":"solar"},"type":"Feature"},{"geometry":{"coordinates":[-1.4373574,51.926196],"type":"Point"},"id":"GG2050-REPD-1057","properties":{"capacity_mw":1.1,"gg_project_id":"GG2050-REPD-1057","name":"Enstone Solar Park","operator":"Lomond Holdings Ltd","repd_ref":"1057","repd_technology":"Solar Photovoltaics","status":"Application Refused","technology":"solar"},"type":"Feature"},{"geometry":{"coordinates":[-0.365794,51.0365607],"type":"Point"},"id":"GG2050-REPD-5218","properties":{"capacity_mw":1.1,"gg_project_id":"GG2050-REPD-5218","name":"Land at Christ’s Hospital School","operator":"Photon Energy","repd_ref":"5218","repd_technology":"Solar Photovoltaics","status":"Operational","technology":"solar"},"type":"Feature"},{"geometry":{"coordinates":[1.36571,52.1365927],"type":"Point"},"id":"GG2050-REPD-2034","properties":{"capacity_mw":1.1,"gg_project_id":"GG2050-REPD-2034","name":"Lower Ufford Lane","operator":"William Notcutt Estates","repd_ref":"2034","repd_technology":"Solar Photovoltaics","status":"Operational","technology":"solar"},"type":"Feature"},{"geometry":{"coordinates":[-0.1087971,51.1104207],"type":"Point"},"id":"GG2050-REPD-5267","properties":{"capacity_mw":1.1,"gg_project_id":"GG2050-REPD-5267","name":"Majors Hill/Turners Hill Solar Farm","operator":"Haymaker Energy","repd_ref":"5267","repd_technology":"Solar Photovoltaics","status":"Operational","technology":"solar"},"type":"Feature"},{"geometry":{"coordinates":[-2.6946447,53.710018],"type":"Point"},"id":"GG2050-REPD-18073","properties":{"capacity_mw":1.1,"gg_project_id":"GG2050-REPD-18073","name":"Navigator Tissue UK, Badger Road - Solar PV Panels","operator":"Navigator Tissue UK Limited","repd_ref":"18073","repd_technology":"Solar Photovoltaics","status":"Awaiting Construction","technology":"solar"},"type":"Feature"},{"geometry":{"coordinates":[-4.6997513,50.4708544],"type":"Point"},"id":"GG2050-REPD-18001","properties":{"capacity_mw":1.1,"gg_project_id":"GG2050-REPD-18001","name":"Pilgrims Pride Limited, Newtons Margate Industrial Estate -Solar Panels","operator":"EDF Energy Renewables Limited","repd_ref":"18001","repd_technology":"Solar Photovoltaics","status":"Awaiting Construction","technology":"solar"},"type":"Feature"},{"geometry":{"coordinates":[-0.6651313,53.6203467],"type":"Point"},"id":"GG2050-REPD-18196","properties":{"capacity_mw":1.1,"gg_project_id":"GG2050-REPD-18196","name":"Sofina Distribution Centre, Normanby Enterprise Park - Solar Panels","operator":"Sofina Distribution Centre","repd_ref":"18196","repd_technology":"Solar Photovoltaics","status":"Revised","technology":"solar"},"type":"Feature"},{"geometry":{"coordinates":[-0.6651313,53.6203467],"type":"Point"},"id":"GG2050-REPD-18473","properties":{"capacity_mw":1.1,"gg_project_id":"GG2050-REPD-18473","name":"Sofina Distribution Centre, Normanby Enterprise Park - Solar Panels","operator":"Sofina Distribution Centre","repd_ref":"18473","repd_technology":"Solar Photovoltaics","status":"Awaiting Construction","technology":"solar"},"type":"Feature"},{"geometry":{"coordinates":[-4.957898,50.3734245],"type":"Point"},"id":"GG2050-REPD-1065","properties":{"capacity_mw":1.1,"gg_project_id":"GG2050-REPD-1065","name":"Summercourt Solar Farm (Glebe Farm)","operator":"Solar Securities Group Ltd","repd_ref":"1065","repd_technology":"Solar Photovoltaics","status":"Operational","technology":"solar"},"type":"Feature"},{"geometry":{"coordinates":[-2.5318557,53.5815549],"type":"Point"},"id":"GG2050-REPD-20819","properties":{"capacity_mw":1.1,"gg_project_id":"GG2050-REPD-20819","name":"Tesco Superstore, Mansell Way - Solar Panels","operator":"Tesco Stores Limited","repd_ref":"20819","repd_technology":"Solar Photovoltaics","status":"Application Submitted","technology":"solar"},"type":"Feature"},{"geometry":{"coordinates":[-0.514909,51.8922424],"type":"Point"},"id":"GG2050-REPD-5807","properties":{"capacity_mw":1.1,"gg_project_id":"GG2050-REPD-5807","name":"Unit DC1 Prologis","operator":"Solar Sense","repd_ref":"5807","repd_technology":"Solar Photovoltaics","status":"Abandoned","technology":"solar"},"type":"Feature"},{"geometry":{"coordinates":[-2.9102804,52.8824266],"type":"Point"},"id":"GG2050-REPD-13187","properties":{"capacity_mw":1.1,"gg_project_id":"GG2050-REPD-13187","name":"Winston Farm, Ellesmere Road - Solar Array","operator":"S F Jones Limited","repd_ref":"13187","repd_technology":"Solar Photovoltaics","status":"Revised","technology":"solar"},"type":"Feature"},{"geometry":{"coordinates":[-2.9102804,52.8824266],"type":"Point"},"id":"GG2050-REPD-13997","properties":{"capacity_mw":1.1,"gg_project_id":"GG2050-REPD-13997","name":"Winston Farm, Ellesmere Road - Solar Array","operator":"S F Jones Limited","repd_ref":"13997","repd_technology":"Solar Photovoltaics","status":"Awaiting Construction","technology":"solar"},"type":"Feature"},{"geometry":{"coordinates":[-3.3976703,50.6998588],"type":"Point"},"id":"GG2050-REPD-15592","properties":{"capacity_mw":1.09691,"gg_project_id":"GG2050-REPD-15592","name":"Westexe, Greendale Business Park - Solar Panels","operator":"Olympus Power","repd_ref":"15592","repd_technology":"Solar Photovoltaics","status":"Awaiting Construction","technology":"solar"},"type":"Feature"},{"geometry":{"coordinates":[-1.7248829,51.5881015],"type":"Point"},"id":"GG2050-REPD-14884","properties":{"capacity_mw":1.085,"gg_project_id":"GG2050-REPD-14884","name":"Keypoint, South Marston - Solar panels","operator":"Logicor","repd_ref":"14884","repd_technology":"Solar Photovoltaics","status":"Awaiting Construction","technology":"solar"},"type":"Feature"},{"geometry":{"coordinates":[-0.1211455,53.5752325],"type":"Point"},"id":"GG2050-REPD-13381","properties":{"capacity_mw":1.0845,"gg_project_id":"GG2050-REPD-13381","name":"HSH Coldstores, Estate Road - Solar Panels","operator":"HSH Coldstores","repd_ref":"13381","repd_technology":"Solar Photovoltaics","status":"Operational","technology":"solar"},"type":"Feature"},{"geometry":{"coordinates":[-1.4018927,53.4038913],"type":"Point"},"id":"GG2050-REPD-12743","properties":{"capacity_mw":1.08,"gg_project_id":"GG2050-REPD-12743","name":"Clipper Logistics, Shepcote Lane - Solar Panels","operator":"Logicor","repd_ref":"12743","repd_technology":"Solar Photovoltaics","status":"Awaiting Construction","technology":"solar"},"type":"Feature"},{"geometry":{"coordinates":[1.4251612,52.7472815],"type":"Point"},"id":"GG2050-REPD-13010","properties":{"capacity_mw":1.08,"gg_project_id":"GG2050-REPD-13010","name":"R And Jm Pace, Church Road - Solar Array","operator":"R & J M Place Limited","repd_ref":"13010","repd_technology":"Solar Photovoltaics","status":"Awaiting Construction","technology":"solar"},"type":"Feature"},{"geometry":{"coordinates":[-1.753088,52.5201599],"type":"Point"},"id":"GG2050-REPD-17536","properties":{"capacity_mw":1.08,"gg_project_id":"GG2050-REPD-17536","name":"WHS Plastics, Water Orton Lane - Solar Panels","operator":"WHS Plastics Limited","repd_ref":"17536","repd_technology":"Solar Photovoltaics","status":"Awaiting Construction","technology":"solar"},"type":"Feature"},{"geometry":{"coordinates":[-1.6262708,54.9320158],"type":"Point"},"id":"GG2050-REPD-14249","properties":{"capacity_mw":1.076,"gg_project_id":"GG2050-REPD-14249","name":"Parker Hannifin Manufacturing - Solar Panels","operator":"Parker Hannifin Manufacturing","repd_ref":"14249","repd_technology":"Solar Photovoltaics","status":"Awaiting Construction","technology":"solar"},"type":"Feature"},{"geometry":{"coordinates":[-0.1872564,53.6281764],"type":"Point"},"id":"GG2050-REPD-14562","properties":{"capacity_mw":1.0714,"gg_project_id":"GG2050-REPD-14562","name":"Shed 27, Alexandra Road, South Immingham - Solar Photovoltaic Panels","operator":"Associated British Ports (Head Office)","repd_ref":"14562","repd_technology":"Solar Photovoltaics","status":"Awaiting Construction","technology":"solar"},"type":"Feature"},{"geometry":{"coordinates":[-2.2593247,51.4145466],"type":"Point"},"id":"GG2050-REPD-14942","properties":{"capacity_mw":1.07,"gg_project_id":"GG2050-REPD-14942","name":"Ashley Garage - Solar PV Array","operator":"Ashley Garage Limited","repd_ref":"14942","repd_technology":"Solar Photovoltaics","status":"Application Withdrawn","technology":"solar"},"type":"Feature"},{"geometry":{"coordinates":[-3.5350681,50.7457494],"type":"Point"},"id":"GG2050-REPD-13468","properties":{"capacity_mw":1.07,"gg_project_id":"GG2050-REPD-13468","name":"Belle Vue Road - Solar Array","operator":"University of Exeter","repd_ref":"13468","repd_technology":"Solar Photovoltaics","status":"Awaiting Construction","technology":"solar"},"type":"Feature"},{"geometry":{"coordinates":[-3.6034038,50.5388609],"type":"Point"},"id":"GG2050-REPD-18000","properties":{"capacity_mw":1.06,"gg_project_id":"GG2050-REPD-18000","name":"East Golds Works, Kingsteignton Road - Solar Panels","operator":"Sibelco UK East Golds Works","repd_ref":"18000","repd_technology":"Solar Photovoltaics","status":"Awaiting Construction","technology":"solar"},"type":"Feature"},{"geometry":{"coordinates":[-2.1598595,53.0213666],"type":"Point"},"id":"GG2050-REPD-10059","properties":{"capacity_mw":1.06,"gg_project_id":"GG2050-REPD-10059","name":"Leek Road - Solar PV array","operator":"Goodwin Plc","repd_ref":"10059","repd_technology":"Solar Photovoltaics","status":"Awaiting Construction","technology":"solar"},"type":"Feature"},{"geometry":{"coordinates":[-2.6443473,51.4360264],"type":"Point"},"id":"GG2050-REPD-15340","properties":{"capacity_mw":1.053,"gg_project_id":"GG2050-REPD-15340","name":"Epic Long Ashton, Phase 1 - 3 Office Buildings","operator":"Epic Systems","repd_ref":"15340","repd_technology":"Solar Photovoltaics","status":"Under Construction","technology":"solar"},"type":"Feature"},{"geometry":{"coordinates":[-2.1419215,57.1284537],"type":"Point"},"id":"GG2050-REPD-12839","properties":{"capacity_mw":1.05,"gg_project_id":"GG2050-REPD-12839","name":"Airyhall Distribution Service Reservoir, St Johns Terrace - Solar Panels","operator":"Scottish Water","repd_ref":"12839","repd_technology":"Solar Photovoltaics","status":"Awaiting Construction","technology":"solar"},"type":"Feature"},{"geometry":{"coordinates":[0.2756484,51.4889957],"type":"Point"},"id":"GG2050-REPD-20282","properties":{"capacity_mw":1.05,"gg_project_id":"GG2050-REPD-20282","name":"Tesco, Cygnet View - Solar PV Arrays","operator":"Tesco Plc","repd_ref":"20282","repd_technology":"Solar Photovoltaics","status":"Awaiting Construction","technology":"solar"},"type":"Feature"},{"geometry":{"coordinates":[-2.9980215,53.1764062],"type":"Point"},"id":"GG2050-REPD-12362","properties":{"capacity_mw":1.05,"gg_project_id":"GG2050-REPD-12362","name":"The Bungalow, Kus Industrial Estate - Solar Photovoltaic Panels","operator":"Boardlink Limited","repd_ref":"12362","repd_technology":"Solar Photovoltaics","status":"Awaiting Construction","technology":"solar"},"type":"Feature"},{"geometry":{"coordinates":[-2.2200082,53.8009471],"type":"Point"},"id":"GG2050-REPD-14339","properties":{"capacity_mw":1.044,"gg_project_id":"GG2050-REPD-14339","name":"Safran Nacelles, Bancroft Road - Solar Panels","operator":"EDF Energy Renewables Limited","repd_ref":"14339","repd_technology":"Solar Photovoltaics","status":"Awaiting Construction","technology":"solar"},"type":"Feature"},{"geometry":{"coordinates":[-1.2486711,50.8711075],"type":"Point"},"id":"GG2050-REPD-11755","properties":{"capacity_mw":1.04,"gg_project_id":"GG2050-REPD-11755","name":"Concorde Way, Segensworth - Solar Panels","operator":"Solar Advanced Systems T/A SAS Energy","repd_ref":"11755","repd_technology":"Solar Photovoltaics","status":"Under Construction","technology":"solar"},"type":"Feature"},{"geometry":{"coordinates":[-3.0957827,51.5083145],"type":"Point"},"id":"GG2050-REPD-20365","properties":{"capacity_mw":1.04,"gg_project_id":"GG2050-REPD-20365","name":"Euroclad Group, Wentloog Road - Solar Panels","operator":"Euroclad Group Limited","repd_ref":"20365","repd_technology":"Solar Photovoltaics","status":"Awaiting Construction","technology":"solar"},"type":"Feature"},{"geometry":{"coordinates":[-1.232042,53.5125913],"type":"Point"},"id":"GG2050-REPD-12831","properties":{"capacity_mw":1.03,"gg_project_id":"GG2050-REPD-12831","name":"Doncaster Road, Doncaster Road - Solar Array","operator":"M&T Haylage","repd_ref":"12831","repd_technology":"Solar Photovoltaics","status":"Awaiting Construction","technology":"solar"},"type":"Feature"},{"geometry":{"coordinates":[-1.4337118,53.4022576],"type":"Point"},"id":"GG2050-REPD-19937","properties":{"capacity_mw":1.03,"gg_project_id":"GG2050-REPD-19937","name":"Sytner BMW Sheffield, Brightside Way - Solar Panels","operator":"Sytner Group Limited","repd_ref":"19937","repd_technology":"Solar Photovoltaics","status":"Awaiting Construction","technology":"solar"},"type":"Feature"},{"geometry":{"coordinates":[-0.4169257,52.1487601],"type":"Point"},"id":"GG2050-REPD-12011","properties":{"capacity_mw":1.028,"gg_project_id":"GG2050-REPD-12011","name":"Unit 8, Hudson Road - Solar Panels","operator":"INFARM","repd_ref":"12011","repd_technology":"Solar Photovoltaics","status":"Revised","technology":"solar"},"type":"Feature"},{"geometry":{"coordinates":[-2.0489637,57.6908196],"type":"Point"},"id":"GG2050-REPD-9523","properties":{"capacity_mw":1.028,"gg_project_id":"GG2050-REPD-9523","name":"Wastewater Treatment Works, Fraserburgh","operator":"Scottish Water","repd_ref":"9523","repd_technology":"Solar Photovoltaics","status":"Under Construction","technology":"solar"},"type":"Feature"},{"geometry":{"coordinates":[-1.827238,54.8640452],"type":"Point"},"id":"GG2050-REPD-10738","properties":{"capacity_mw":1.022,"gg_project_id":"GG2050-REPD-10738","name":"Number One Industrial Estate - Solar Panels","operator":"Gardner Aerospace","repd_ref":"10738","repd_technology":"Solar Photovoltaics","status":"Awaiting Construction","technology":"solar"},"type":"Feature"},{"geometry":{"coordinates":[0.8817143,51.9436985],"type":"Point"},"id":"GG2050-REPD-16346","properties":{"capacity_mw":1.02,"gg_project_id":"GG2050-REPD-16346","name":"Lodge Farm, Boxted Road - Solar Panels","operator":"P.G Rix Farms Limited","repd_ref":"16346","repd_technology":"Solar Photovoltaics","status":"Awaiting Construction","technology":"solar"},"type":"Feature"},{"geometry":{"coordinates":[-3.3982384,55.9475725],"type":"Point"},"id":"GG2050-REPD-10938","properties":{"capacity_mw":1.02,"gg_project_id":"GG2050-REPD-10938","name":"Newbridge - Ground mounted solar Pv panels","operator":"Scottish Water","repd_ref":"10938","repd_technology":"Solar Photovoltaics","status":"Awaiting Construction","technology":"solar"},"type":"Feature"},{"geometry":{"coordinates":[-3.0004882,51.565904],"type":"Point"},"id":"GG2050-REPD-15723","properties":{"capacity_mw":1.014,"gg_project_id":"GG2050-REPD-15723","name":"Docks Way - Solar Panels","operator":"Newport City Council","repd_ref":"15723","repd_technology":"Solar Photovoltaics","status":"Awaiting Construction","technology":"solar"},"type":"Feature"},{"geometry":{"coordinates":[-2.1104952,52.482059],"type":"Point"},"id":"GG2050-REPD-14431","properties":{"capacity_mw":1.011,"gg_project_id":"GG2050-REPD-14431","name":"Merry Hill Centre - Solar Panels","operator":"Olympus Power","repd_ref":"14431","repd_technology":"Solar Photovoltaics","status":"Awaiting Construction","technology":"solar"},"type":"Feature"},{"geometry":{"coordinates":[-1.0610313,52.9538636],"type":"Point"},"id":"GG2050-REPD-18794","properties":{"capacity_mw":1.01,"gg_project_id":"GG2050-REPD-18794","name":"ENVA England, Road Number 4 - Solar Panels","operator":"ENVA England Limited","repd_ref":"18794","repd_technology":"Solar Photovoltaics","status":"Awaiting Construction","technology":"solar"},"type":"Feature"},{"geometry":{"coordinates":[-1.0610313,52.9538636],"type":"Point"},"id":"GG2050-REPD-18675","properties":{"capacity_mw":1.01,"gg_project_id":"GG2050-REPD-18675","name":"Enva, Colwick - Solar Panels","operator":"Enva","repd_ref":"18675","repd_technology":"Solar Photovoltaics","status":"Application Withdrawn","technology":"solar"},"type":"Feature"},{"geometry":{"coordinates":[-2.2143373,52.5280076],"type":"Point"},"id":"GG2050-REPD-18690","properties":{"capacity_mw":1.005,"gg_project_id":"GG2050-REPD-18690","name":"Hall And Pickles, Wombourne - Solar Panels","operator":"Advanced Renewable Power Limited","repd_ref":"18690","repd_technology":"Solar Photovoltaics","status":"Awaiting Construction","technology":"solar"},"type":"Feature"},{"geometry":{"coordinates":[-2.1731674,53.5646988],"type":"Point"},"id":"GG2050-REPD-16093","properties":{"capacity_mw":1.00204,"gg_project_id":"GG2050-REPD-16093","name":"Tesco Distribution Centre, Stakehill Industrial Estate - Solar Panels","operator":"Tritax Management Llp","repd_ref":"16093","repd_technology":"Solar Photovoltaics","status":"Awaiting Construction","technology":"solar"},"type":"Feature"},{"geometry":{"coordinates":[-2.650737,53.4119549],"type":"Point"},"id":"GG2050-REPD-14452","properties":{"capacity_mw":1.00035,"gg_project_id":"GG2050-REPD-14452","name":"Fairchild Road, Burtonwood & Westbrook - Solar Panels","operator":"Mountpark Logistics","repd_ref":"14452","repd_technology":"Solar Photovoltaics","status":"Awaiting Construction","technology":"solar"},"type":"Feature"},{"geometry":{"coordinates":[-2.6439973,51.8629023],"type":"Point"},"id":"GG2050-REPD-7508","properties":{"capacity_mw":1.0,"gg_project_id":"GG2050-REPD-7508","name":"A J Lowther and Son Premise","operator":"Private Developer","repd_ref":"7508","repd_technology":"Solar Photovoltaics","status":"Under Construction","technology":"solar"},"type":"Feature"},{"geometry":{"coordinates":[-4.6683171,55.6157859],"type":"Point"},"id":"GG2050-REPD-9352","properties":{"capacity_mw":1.0,"gg_project_id":"GG2050-REPD-9352","name":"Ardagh Glass Limited - Solar Panels","operator":"Ardagh Glass Limited","repd_ref":"9352","repd_technology":"Solar Photovoltaics","status":"Awaiting Construction","technology":"solar"},"type":"Feature"},{"geometry":{"coordinates":[-1.4853245,52.7226761],"type":"Point"},"id":"GG2050-REPD-5275","properties":{"capacity_mw":1.0,"gg_project_id":"GG2050-REPD-5275","name":"Ashby Solar Farm (b)","operator":"Solstice Renewables","repd_ref":"5275","repd_technology":"Solar Photovoltaics","status":"Abandoned","technology":"solar"},"type":"Feature"},{"geometry":{"coordinates":[-2.9509723,50.8543602],"type":"Point"},"id":"GG2050-REPD-1420","properties":{"capacity_mw":1.0,"gg_project_id":"GG2050-REPD-1420","name":"Barleclose Farm","operator":"Lightsource Renewable Energy","repd_ref":"1420","repd_technology":"Solar Photovoltaics","status":"Application Refused","technology":"solar"},"type":"Feature"},{"geometry":{"coordinates":[1.0912155,52.640335],"type":"Point"},"id":"GG2050-REPD-8092","properties":{"capacity_mw":1.0,"gg_project_id":"GG2050-REPD-8092","name":"Barnham Broom Hotel and Golf Club","operator":"Daveney","repd_ref":"8092","repd_technology":"Solar Photovoltaics","status":"Application Submitted","technology":"solar"},"type":"Feature"},{"geometry":{"coordinates":[-0.2881824,51.7039375],"type":"Point"},"id":"GG2050-REPD-5714","properties":{"capacity_mw":1.0,"gg_project_id":"GG2050-REPD-5714","name":"Bell Lane Solar Farm","operator":"Mulbrick Cleans Energy","repd_ref":"5714","repd_technology":"Solar Photovoltaics","status":"Application Refused","technology":"solar"},"type":"Feature"},{"geometry":{"coordinates":[-0.1282272,52.8013568],"type":"Point"},"id":"GG2050-REPD-8054","properties":{"capacity_mw":1.0,"gg_project_id":"GG2050-REPD-8054","name":"Bowman Stores Marsh Road","operator":"Bowman Stores","repd_ref":"8054","repd_technology":"Solar Photovoltaics","status":"Awaiting Construction","technology":"solar"},"type":"Feature"},{"geometry":{"coordinates":[-3.5205552,52.4286129],"type":"Point"},"id":"GG2050-REPD-9945","properties":{"capacity_mw":1.0,"gg_project_id":"GG2050-REPD-9945","name":"Bryn Posteg Landfill Site - Solar Array & Battery Storage","operator":"Potters Waste Management","repd_ref":"9945","repd_technology":"Solar Photovoltaics","status":"Abandoned","technology":"solar"},"type":"Feature"},{"geometry":{"coordinates":[-1.6380882,53.5701652],"type":"Point"},"id":"GG2050-REPD-12000","properties":{"capacity_mw":1.0,"gg_project_id":"GG2050-REPD-12000","name":"Buckley Dairy, Fox View, Dry Hill Lane - Solar Array","operator":"Buckley Dairy","repd_ref":"12000","repd_technology":"Solar Photovoltaics","status":"Awaiting Construction","technology":"solar"},"type":"Feature"},{"geometry":{"coordinates":[-2.7615729,54.3560531],"type":"Point"},"id":"GG2050-REPD-8440","properties":{"capacity_mw":1.0,"gg_project_id":"GG2050-REPD-8440","name":"Burneside Mill, Burneside","operator":"Burenside Community Energy Limited","repd_ref":"8440","repd_technology":"Solar Photovoltaics","status":"Operational","technology":"solar"},"type":"Feature"},{"geometry":{"coordinates":[-0.0069299,51.5220887],"type":"Point"},"id":"GG2050-REPD-6320","properties":{"capacity_mw":1.0,"gg_project_id":"GG2050-REPD-6320","name":"Bywaters’ Materials Recovery Facility Solar Array","operator":"Bywaters","repd_ref":"6320","repd_technology":"Solar Photovoltaics","status":"Operational","technology":"solar"},"type":"Feature"},{"geometry":{"coordinates":[-5.111145,50.3832938],"type":"Point"},"id":"GG2050-REPD-1059","properties":{"capacity_mw":1.0,"gg_project_id":"GG2050-REPD-1059","name":"Carines Farm Solar Array","operator":"Solar Securities Group Ltd","repd_ref":"1059","repd_technology":"Solar Photovoltaics","status":"Operational","technology":"solar"},"type":"Feature"},{"geometry":{"coordinates":[-1.8876158,51.6275808],"type":"Point"},"id":"GG2050-REPD-1656","properties":{"capacity_mw":1.0,"gg_project_id":"GG2050-REPD-1656","name":"Chelworth Industrial Estate Solar Park","operator":"Bath & West Community Energy Ltd","repd_ref":"1656","repd_technology":"Solar Photovoltaics","status":"Operational","technology":"solar"},"type":"Feature"},{"geometry":{"coordinates":[-2.8809787,53.1941663],"type":"Point"},"id":"GG2050-REPD-11566","properties":{"capacity_mw":1.0,"gg_project_id":"GG2050-REPD-11566","name":"City Road - Solar panel","operator":"Belong Construction Limited","repd_ref":"11566","repd_technology":"Solar Photovoltaics","status":"Awaiting Construction","technology":"solar"},"type":"Feature"},{"geometry":{"coordinates":[1.0840777,52.6424726],"type":"Point"},"id":"GG2050-REPD-17679","properties":{"capacity_mw":1.0,"gg_project_id":"GG2050-REPD-17679","name":"Colton Road, Barnham Broom - Solar Array","operator":"Barnham Broom Golf and Country Club","repd_ref":"17679","repd_technology":"Solar Photovoltaics","status":"Awaiting Construction","technology":"solar"},"type":"Feature"},{"geometry":{"coordinates":[-3.6127163,51.5332057],"type":"Point"},"id":"GG2050-REPD-6420","properties":{"capacity_mw":1.0,"gg_project_id":"GG2050-REPD-6420","name":"Court Colman","operator":"Solar Energy Farm","repd_ref":"6420","repd_technology":"Solar Photovoltaics","status":"Planning Permission Expired","technology":"solar"},"type":"Feature"},{"geometry":{"coordinates":[-0.6120236,52.0671948],"type":"Point"},"id":"GG2050-REPD-6603","properties":{"capacity_mw":1.0,"gg_project_id":"GG2050-REPD-6603","name":"Cranfield Airfield","operator":"Cranfield Univsersity","repd_ref":"6603","repd_technology":"Solar Photovoltaics","status":"Operational","technology":"solar"},"type":"Feature"},{"geometry":{"coordinates":[-2.9703145,53.6476811],"type":"Point"},"id":"GG2050-REPD-8513","properties":{"capacity_mw":1.0,"gg_project_id":"GG2050-REPD-8513","name":"Crossens Pumping Station - Solar Array","operator":"Environment Agency","repd_ref":"8513","repd_technology":"Solar Photovoltaics","status":"Awaiting Construction","technology":"solar"},"type":"Feature"},{"geometry":{"coordinates":[-0.6618429,52.5013557],"type":"Point"},"id":"GG2050-REPD-17241","properties":{"capacity_mw":1.0,"gg_project_id":"GG2050-REPD-17241","name":"Curver Way - Solar Panels","operator":"Harvest Green Developments","repd_ref":"17241","repd_technology":"Solar Photovoltaics","status":"Awaiting Construction","technology":"solar"},"type":"Feature"},{"geometry":{"coordinates":[-2.8953125,53.4641782],"type":"Point"},"id":"GG2050-REPD-14261","properties":{"capacity_mw":1.0,"gg_project_id":"GG2050-REPD-14261","name":"D H L Exel Supply Chain Burton Foods, Portal Way - Solar Panels","operator":"Columbia Threadneedle","repd_ref":"14261","repd_technology":"Solar Photovoltaics","status":"Application Submitted","technology":"solar"},"type":"Feature"},{"geometry":{"coordinates":[-2.9468236,51.8260852],"type":"Point"},"id":"GG2050-REPD-12110","properties":{"capacity_mw":1.0,"gg_project_id":"GG2050-REPD-12110","name":"Daisy Cottage, Ty-Canol Road - Solar Panels","operator":"Private Developer","repd_ref":"12110","repd_technology":"Solar Photovoltaics","status":"Awaiting Construction","technology":"solar"},"type":"Feature"},{"geometry":{"coordinates":[-3.9670957,55.8805069],"type":"Point"},"id":"GG2050-REPD-19546","properties":{"capacity_mw":1.0,"gg_project_id":"GG2050-REPD-19546","name":"Dalmacoulter Landfill, Dalmacoulter Road - Solar Farm","operator":"North Lanarkshire Council","repd_ref":"19546","repd_technology":"Solar Photovoltaics","status":"Awaiting Construction","technology":"solar"},"type":"Feature"},{"geometry":{"coordinates":[-0.4425817,51.6129737],"type":"Point"},"id":"GG2050-REPD-14213","properties":{"capacity_mw":1.0,"gg_project_id":"GG2050-REPD-14213","name":"David Lloyd Leisure, Ducks Hill Road - Solar Panels","operator":"David Lloyd Leisure Limited","repd_ref":"14213","repd_technology":"Solar Photovoltaics","status":"Application Refused","technology":"solar"},"type":"Feature"},{"geometry":{"coordinates":[0.9099086,50.9351484],"type":"Point"},"id":"GG2050-REPD-6376","properties":{"capacity_mw":1.0,"gg_project_id":"GG2050-REPD-6376","name":"Dengemarsh Road","operator":"Tudor Roof Tile Co","repd_ref":"6376","repd_technology":"Solar Photovoltaics","status":"Operational","technology":"solar"},"type":"Feature"},{"geometry":{"coordinates":[-1.6022166,53.6740728],"type":"Point"},"id":"GG2050-REPD-16738","properties":{"capacity_mw":1.0,"gg_project_id":"GG2050-REPD-16738","name":"Dewsbury Sewage, Clough Lane - Solar Panels","operator":"Downing Renewables","repd_ref":"16738","repd_technology":"Solar Photovoltaics","status":"Awaiting Construction","technology":"solar"},"type":"Feature"},{"geometry":{"coordinates":[-1.5272036,51.7900089],"type":"Point"},"id":"GG2050-REPD-9822","properties":{"capacity_mw":1.0,"gg_project_id":"GG2050-REPD-9822","name":"Downs Road, Curbridge Business Park - Solar Panels","operator":"Stewart Milne Timber Systems Limited","repd_ref":"9822","repd_technology":"Solar Photovoltaics","status":"Awaiting Construction","technology":"solar"},"type":"Feature"},{"geometry":{"coordinates":[-2.0090024,52.5068418],"type":"Point"},"id":"GG2050-REPD-6314","properties":{"capacity_mw":1.0,"gg_project_id":"GG2050-REPD-6314","name":"DPD Distribution Centre","operator":"DPD","repd_ref":"6314","repd_technology":"Solar Photovoltaics","status":"Operational","technology":"solar"},"type":"Feature"},{"geometry":{"coordinates":[-6.866819,54.6494589],"type":"Point"},"id":"GG2050-REPD-14123","properties":{"capacity_mw":1.0,"gg_project_id":"GG2050-REPD-14123","name":"Drum Road, Cookstown - Solar & Battery Development","operator":"Numalls Energy Ltd","repd_ref":"14123","repd_technology":"Solar Photovoltaics","status":"Application Submitted","technology":"solar"},"type":"Feature"},{"geometry":{"coordinates":[-6.6716479,54.3687187],"type":"Point"},"id":"GG2050-REPD-6105","properties":{"capacity_mw":1.0,"gg_project_id":"GG2050-REPD-6105","name":"Drumcairn Road","operator":"Private Developer","repd_ref":"6105","repd_technology":"Solar Photovoltaics","status":"Planning Permission Expired","technology":"solar"},"type":"Feature"},{"geometry":{"coordinates":[-1.3424983,50.9618592],"type":"Point"},"id":"GG2050-REPD-1917","properties":{"capacity_mw":1.0,"gg_project_id":"GG2050-REPD-1917","name":"Eastleigh Energy Recovery Centre & Photovoltaic Solar Array - solar","operator":"Clean Power Properties","repd_ref":"1917","repd_technology":"Solar Photovoltaics","status":"Abandoned","technology":"solar"},"type":"Feature"},{"geometry":{"coordinates":[-2.8899276,56.3655246],"type":"Point"},"id":"GG2050-REPD-7531","properties":{"capacity_mw":1.0,"gg_project_id":"GG2050-REPD-7531","name":"Eden Campus","operator":"Eden Campus Consultancy","repd_ref":"7531","repd_technology":"Solar Photovoltaics","status":"Operational","technology":"solar"},"type":"Feature"},{"geometry":{"coordinates":[-1.3049577,51.8294917],"type":"Point"},"id":"GG2050-REPD-16261","properties":{"capacity_mw":1.0,"gg_project_id":"GG2050-REPD-16261","name":"Essentra Components, Langford Locks - Solar Panels","operator":"Essentra Security","repd_ref":"16261","repd_technology":"Solar Photovoltaics","status":"Awaiting Construction","technology":"solar"},"type":"Feature"},{"geometry":{"coordinates":[0.0690385,53.4232803],"type":"Point"},"id":"GG2050-REPD-1018","properties":{"capacity_mw":1.0,"gg_project_id":"GG2050-REPD-1018","name":"Fen Farm Solar Park","operator":"Ecotricity","repd_ref":"1018","repd_technology":"Solar Photovoltaics","status":"Operational","technology":"solar"},"type":"Feature"},{"geometry":{"coordinates":[0.5375733,52.6690941],"type":"Point"},"id":"GG2050-REPD-6762","properties":{"capacity_mw":1.0,"gg_project_id":"GG2050-REPD-6762","name":"Field north of Water Treatment Works / Hoggs Drove","operator":"Anglian Water Services","repd_ref":"6762","repd_technology":"Solar Photovoltaics","status":"Operational","technology":"solar"},"type":"Feature"},{"geometry":{"coordinates":[-0.2156075,51.9054927],"type":"Point"},"id":"GG2050-REPD-7374","properties":{"capacity_mw":1.0,"gg_project_id":"GG2050-REPD-7374","name":"Flamingo House","operator":"M & G","repd_ref":"7374","repd_technology":"Solar Photovoltaics","status":"Operational","technology":"solar"},"type":"Feature"},{"geometry":{"coordinates":[-2.4833701,51.5058654],"type":"Point"},"id":"GG2050-REPD-12034","properties":{"capacity_mw":1.0,"gg_project_id":"GG2050-REPD-12034","name":"Folly Brook Road, Emersons Green - Solar Panels","operator":"JJ Foodservice Limited","repd_ref":"12034","repd_technology":"Solar Photovoltaics","status":"Awaiting Construction","technology":"solar"},"type":"Feature"},{"geometry":{"coordinates":[-1.1862109,52.2607494],"type":"Point"},"id":"GG2050-REPD-9566","properties":{"capacity_mw":1.0,"gg_project_id":"GG2050-REPD-9566","name":"Ford Motor Company Limited - Solar Farm","operator":"Onsite Energy Projects Limited","repd_ref":"9566","repd_technology":"Solar Photovoltaics","status":"Awaiting Construction","technology":"solar"},"type":"Feature"},{"geometry":{"coordinates":[-2.604241,53.3603523],"type":"Point"},"id":"GG2050-REPD-6560","properties":{"capacity_mw":1.0,"gg_project_id":"GG2050-REPD-6560","name":"Former St Michaels Golf Course","operator":"Halton Borough Council","repd_ref":"6560","repd_technology":"Solar Photovoltaics","status":"Under Construction","technology":"solar"},"type":"Feature"},{"geometry":{"coordinates":[-1.6935233,52.3029819],"type":"Point"},"id":"GG2050-REPD-5853","properties":{"capacity_mw":1.0,"gg_project_id":"GG2050-REPD-5853","name":"Gatehouse Farm","operator":"Active Renewables","repd_ref":"5853","repd_technology":"Solar Photovoltaics","status":"Application Refused","technology":"solar"},"type":"Feature"},{"geometry":{"coordinates":[1.2312299,51.2667163],"type":"Point"},"id":"GG2050-REPD-1320","properties":{"capacity_mw":1.0,"gg_project_id":"GG2050-REPD-1320","name":"Grain Harvesters Ltd","operator":"Grain Harvesters Ltd","repd_ref":"1320","repd_technology":"Solar Photovoltaics","status":"Operational","technology":"solar"},"type":"Feature"},{"geometry":{"coordinates":[-2.1428959,55.0353252],"type":"Point"},"id":"GG2050-REPD-12840","properties":{"capacity_mw":1.0,"gg_project_id":"GG2050-REPD-12840","name":"Halfway House, Lincoln Hill - Solar Array","operator":"Humshaugh Net Zero","repd_ref":"12840","repd_technology":"Solar Photovoltaics","status":"Awaiting Construction","technology":"solar"},"type":"Feature"},{"geometry":{"coordinates":[-2.7811564,52.7988258],"type":"Point"},"id":"GG2050-REPD-20822","properties":{"capacity_mw":1.0,"gg_project_id":"GG2050-REPD-20822","name":"Harmer Hill, Webscott - Solar Array","operator":"Unknown","repd_ref":"20822","repd_technology":"Solar Photovoltaics","status":"Application Submitted","technology":"solar"},"type":"Feature"},{"geometry":{"coordinates":[-0.0136026,52.0212299],"type":"Point"},"id":"GG2050-REPD-1994","properties":{"capacity_mw":1.0,"gg_project_id":"GG2050-REPD-1994","name":"Hatch Penn Farm PV","operator":"Private Developer","repd_ref":"1994","repd_technology":"Solar Photovoltaics","status":"Operational","technology":"solar"},"type":"Feature"},{"geometry":{"coordinates":[1.5496293,52.290616],"type":"Point"},"id":"GG2050-REPD-16896","properties":{"capacity_mw":1.0,"gg_project_id":"GG2050-REPD-16896","name":"Haw Wood, Thorington - Solar PV Panels","operator":"East Green Energy Limited","repd_ref":"16896","repd_technology":"Solar Photovoltaics","status":"Awaiting Construction","technology":"solar"},"type":"Feature"},{"geometry":{"coordinates":[-1.4492909,53.7211412],"type":"Point"},"id":"GG2050-REPD-17203","properties":{"capacity_mw":1.0,"gg_project_id":"GG2050-REPD-17203","name":"Headways, Unit 3 - Solar Panels","operator":"Harvest Green Developments","repd_ref":"17203","repd_technology":"Solar Photovoltaics","status":"Awaiting Construction","technology":"solar"},"type":"Feature"},{"geometry":{"coordinates":[-4.3827462,50.9665708],"type":"Point"},"id":"GG2050-REPD-11782","properties":{"capacity_mw":1.0,"gg_project_id":"GG2050-REPD-11782","name":"Higher West Town, Woolsery - Solar Panels","operator":"Steve Davey & Partners","repd_ref":"11782","repd_technology":"Solar Photovoltaics","status":"Application Submitted","technology":"solar"},"type":"Feature"},{"geometry":{"coordinates":[-1.7755239,52.6839356],"type":"Point"},"id":"GG2050-REPD-1804","properties":{"capacity_mw":1.0,"gg_project_id":"GG2050-REPD-1804","name":"Huddlesford Farm","operator":"NESF (formerly Green Energy Networks)","repd_ref":"1804","repd_technology":"Solar Photovoltaics","status":"Operational","technology":"solar"},"type":"Feature"},{"geometry":{"coordinates":[-4.2812597,50.7735208],"type":"Point"},"id":"GG2050-REPD-1345","properties":{"capacity_mw":1.0,"gg_project_id":"GG2050-REPD-1345","name":"Hunscott Solar Farm","operator":"Lightsource Renewable Energy","repd_ref":"1345","repd_technology":"Solar Photovoltaics","status":"Application Withdrawn","technology":"solar"},"type":"Feature"},{"geometry":{"coordinates":[-2.7615729,54.3560531],"type":"Point"},"id":"GG2050-REPD-7810","properties":{"capacity_mw":1.0,"gg_project_id":"GG2050-REPD-7810","name":"James Cropper Effluent Plant","operator":"Ellergreen Estate","repd_ref":"7810","repd_technology":"Solar Photovoltaics","status":"Application Withdrawn","technology":"solar"},"type":"Feature"},{"geometry":{"coordinates":[-4.0458749,51.6264652],"type":"Point"},"id":"GG2050-REPD-5398","properties":{"capacity_mw":1.0,"gg_project_id":"GG2050-REPD-5398","name":"Killan Farm Solar Array Extens","operator":"Y Felin Ddwr Charitable Trust","repd_ref":"5398","repd_technology":"Solar Photovoltaics","status":"Operational","technology":"solar"},"type":"Feature"},{"geometry":{"coordinates":[-2.9558593,52.9587859],"type":"Point"},"id":"GG2050-REPD-5147","properties":{"capacity_mw":1.0,"gg_project_id":"GG2050-REPD-5147","name":"Knolton Farmhouse Cheese Solar Farm","operator":"Pegasus Group","repd_ref":"5147","repd_technology":"Solar Photovoltaics","status":"Operational","technology":"solar"},"type":"Feature"},{"geometry":{"coordinates":[-2.6968058,51.3248214],"type":"Point"},"id":"GG2050-REPD-7795","properties":{"capacity_mw":1.0,"gg_project_id":"GG2050-REPD-7795","name":"Lag Farm","operator":"Yeo Valley Farms","repd_ref":"7795","repd_technology":"Solar Photovoltaics","status":"Operational","technology":"solar"},"type":"Feature"},{"geometry":{"coordinates":[-0.3050897,50.8455272],"type":"Point"},"id":"GG2050-REPD-7299","properties":{"capacity_mw":1.0,"gg_project_id":"GG2050-REPD-7299","name":"Lancing College Campus","operator":"Lancing College","repd_ref":"7299","repd_technology":"Solar Photovoltaics","status":"Application Withdrawn","technology":"solar"},"type":"Feature"},{"geometry":{"coordinates":[-0.6514368,50.8225519],"type":"Point"},"id":"GG2050-REPD-5832","properties":{"capacity_mw":1.0,"gg_project_id":"GG2050-REPD-5832","name":"Land at Barnham","operator":"Wirsol","repd_ref":"5832","repd_technology":"Solar Photovoltaics","status":"Operational","technology":"solar"},"type":"Feature"},{"geometry":{"coordinates":[-5.5513215,50.0858502],"type":"Point"},"id":"GG2050-REPD-5558","properties":{"capacity_mw":1.0,"gg_project_id":"GG2050-REPD-5558","name":"Land at Boslandew Hill","operator":"Far West Solar","repd_ref":"5558","repd_technology":"Solar Photovoltaics","status":"Appeal Refused","technology":"solar"},"type":"Feature"},{"geometry":{"coordinates":[-2.7700011,52.0181024],"type":"Point"},"id":"GG2050-REPD-5545","properties":{"capacity_mw":1.0,"gg_project_id":"GG2050-REPD-5545","name":"Land at Green Farm","operator":"Private Developer","repd_ref":"5545","repd_technology":"Solar Photovoltaics","status":"Operational","technology":"solar"},"type":"Feature"},{"geometry":{"coordinates":[-2.8217764,51.2291184],"type":"Point"},"id":"GG2050-REPD-1747","properties":{"capacity_mw":1.0,"gg_project_id":"GG2050-REPD-1747","name":"Land at Mill Farm","operator":"Community Power Ltd","repd_ref":"1747","repd_technology":"Solar Photovoltaics","status":"Operational","technology":"solar"},"type":"Feature"},{"geometry":{"coordinates":[-1.9835337,51.6474499],"type":"Point"},"id":"GG2050-REPD-1745","properties":{"capacity_mw":1.0,"gg_project_id":"GG2050-REPD-1745","name":"LAND AT SANDPOOL FARM","operator":"Wiltshire Wildlife Trust and Bath and West Community Energy Ltd","repd_ref":"1745","repd_technology":"Solar Photovoltaics","status":"Application Withdrawn","technology":"solar"},"type":"Feature"},{"geometry":{"coordinates":[0.9919779,52.5194823],"type":"Point"},"id":"GG2050-REPD-10007","properties":{"capacity_mw":1.0,"gg_project_id":"GG2050-REPD-10007","name":"Land North of the A11 - Solar Park","operator":"Private Developer","repd_ref":"10007","repd_technology":"Solar Photovoltaics","status":"Awaiting Construction","technology":"solar"},"type":"Feature"}],"partition":7,"release":"9.1","schema":"globalgrid2050.v9.atlas-projects.v9.1","technology":"solar","type":"FeatureCollection"}
