{"feature_count":500,"features":[{"geometry":{"coordinates":[-1.9567956,52.1813184],"type":"Point"},"id":"GG2050-REPD-2041","properties":{"capacity_mw":4.8,"gg_project_id":"GG2050-REPD-2041","name":"Morton Wood Farm","operator":"Sun & Soil","repd_ref":"2041","repd_technology":"Solar Photovoltaics","status":"Operational","technology":"solar"},"type":"Feature"},{"geometry":{"coordinates":[-0.5462562,52.9647389],"type":"Point"},"id":"GG2050-REPD-12732","properties":{"capacity_mw":4.8,"gg_project_id":"GG2050-REPD-12732","name":"New Earth Solutions West, High Dike - Solar Panels & Battery Srorage","operator":"New Earth Solutions (West) Limited","repd_ref":"12732","repd_technology":"Solar Photovoltaics","status":"Awaiting Construction","technology":"solar"},"type":"Feature"},{"geometry":{"coordinates":[-3.2012285,51.0074377],"type":"Point"},"id":"GG2050-REPD-1750","properties":{"capacity_mw":4.8,"gg_project_id":"GG2050-REPD-1750","name":"New Rendy Farm","operator":"TGC Renewables","repd_ref":"1750","repd_technology":"Solar Photovoltaics","status":"Operational","technology":"solar"},"type":"Feature"},{"geometry":{"coordinates":[-1.4668655,54.9206289],"type":"Point"},"id":"GG2050-REPD-5320","properties":{"capacity_mw":4.8,"gg_project_id":"GG2050-REPD-5320","name":"Nissan Test Track","operator":"Nissan / On-Site Land Solutions","repd_ref":"5320","repd_technology":"Solar Photovoltaics","status":"Operational","technology":"solar"},"type":"Feature"},{"geometry":{"coordinates":[-3.3028267,50.9549371],"type":"Point"},"id":"GG2050-REPD-4792","properties":{"capacity_mw":4.8,"gg_project_id":"GG2050-REPD-4792","name":"Red Hill Farm","operator":"Lightsource Renewable Energy","repd_ref":"4792","repd_technology":"Solar Photovoltaics","status":"Operational","technology":"solar"},"type":"Feature"},{"geometry":{"coordinates":[-3.4461021,51.6290479],"type":"Point"},"id":"GG2050-REPD-1568","properties":{"capacity_mw":4.8,"gg_project_id":"GG2050-REPD-1568","name":"Rhondda Valley Solar Farm","operator":"Western Solar","repd_ref":"1568","repd_technology":"Solar Photovoltaics","status":"Application Withdrawn","technology":"solar"},"type":"Feature"},{"geometry":{"coordinates":[0.3953403,52.5944201],"type":"Point"},"id":"GG2050-REPD-1672","properties":{"capacity_mw":4.8,"gg_project_id":"GG2050-REPD-1672","name":"Ryston Estate Solar Park","operator":"Lightsource Renewable Energy","repd_ref":"1672","repd_technology":"Solar Photovoltaics","status":"Operational","technology":"solar"},"type":"Feature"},{"geometry":{"coordinates":[-3.3587151,50.7458968],"type":"Point"},"id":"GG2050-REPD-1352","properties":{"capacity_mw":4.8,"gg_project_id":"GG2050-REPD-1352","name":"STRETE FARM SOLAR FARM","operator":"Ms Power Projects Ltd","repd_ref":"1352","repd_technology":"Solar Photovoltaics","status":"Operational","technology":"solar"},"type":"Feature"},{"geometry":{"coordinates":[-1.0189755,52.5285351],"type":"Point"},"id":"GG2050-REPD-5690","properties":{"capacity_mw":4.8,"gg_project_id":"GG2050-REPD-5690","name":"Sunnydale Solar Farm","operator":"British Solar Renewables","repd_ref":"5690","repd_technology":"Solar Photovoltaics","status":"Revised","technology":"solar"},"type":"Feature"},{"geometry":{"coordinates":[-4.8987947,50.3556727],"type":"Point"},"id":"GG2050-REPD-1896","properties":{"capacity_mw":4.8,"gg_project_id":"GG2050-REPD-1896","name":"Trethosa Farm Solar Park","operator":"Trethosa Solar Ltd","repd_ref":"1896","repd_technology":"Solar Photovoltaics","status":"Operational","technology":"solar"},"type":"Feature"},{"geometry":{"coordinates":[-3.1381102,50.9269111],"type":"Point"},"id":"GG2050-REPD-4860","properties":{"capacity_mw":4.8,"gg_project_id":"GG2050-REPD-4860","name":"Trickey Warren","operator":"Anesco","repd_ref":"4860","repd_technology":"Solar Photovoltaics","status":"Operational","technology":"solar"},"type":"Feature"},{"geometry":{"coordinates":[-1.204259,50.6419918],"type":"Point"},"id":"GG2050-REPD-1096","properties":{"capacity_mw":4.8,"gg_project_id":"GG2050-REPD-1096","name":"VENTNOR ROAD SOLAR PARK","operator":"BNRG Renewables","repd_ref":"1096","repd_technology":"Solar Photovoltaics","status":"Operational","technology":"solar"},"type":"Feature"},{"geometry":{"coordinates":[-0.5433166,51.4478056],"type":"Point"},"id":"GG2050-REPD-1938","properties":{"capacity_mw":4.8,"gg_project_id":"GG2050-REPD-1938","name":"Wraysbury Landfill","operator":"Sirius Solar Building","repd_ref":"1938","repd_technology":"Solar Photovoltaics","status":"Operational","technology":"solar"},"type":"Feature"},{"geometry":{"coordinates":[-2.9354474,50.7792163],"type":"Point"},"id":"GG2050-REPD-1574","properties":{"capacity_mw":4.8,"gg_project_id":"GG2050-REPD-1574","name":"Wyld Meadow Solar Farm","operator":"NextEnery Solar Fund (NESF)","repd_ref":"1574","repd_technology":"Solar Photovoltaics","status":"Operational","technology":"solar"},"type":"Feature"},{"geometry":{"coordinates":[-3.3272896,51.1386516],"type":"Point"},"id":"GG2050-REPD-4820","properties":{"capacity_mw":4.7,"gg_project_id":"GG2050-REPD-4820","name":"Aller Farm","operator":"TGC Renewables","repd_ref":"4820","repd_technology":"Solar Photovoltaics","status":"Appeal Refused","technology":"solar"},"type":"Feature"},{"geometry":{"coordinates":[-4.2498251,50.3502058],"type":"Point"},"id":"GG2050-REPD-1954","properties":{"capacity_mw":4.7,"gg_project_id":"GG2050-REPD-1954","name":"Anthony Estate Solar Farm","operator":"St Anthony 101 PV Park Ltd","repd_ref":"1954","repd_technology":"Solar Photovoltaics","status":"Operational","technology":"solar"},"type":"Feature"},{"geometry":{"coordinates":[-2.2140208,51.2802211],"type":"Point"},"id":"GG2050-REPD-5926","properties":{"capacity_mw":4.7,"gg_project_id":"GG2050-REPD-5926","name":"Brook Hall Farm","operator":"South West Solar Parks (Brook Hall Farm SPV)","repd_ref":"5926","repd_technology":"Solar Photovoltaics","status":"Operational","technology":"solar"},"type":"Feature"},{"geometry":{"coordinates":[-0.8107449,52.1542242],"type":"Point"},"id":"GG2050-REPD-1976","properties":{"capacity_mw":4.7,"gg_project_id":"GG2050-REPD-1976","name":"Bulls Head Farm North","operator":"Anesco","repd_ref":"1976","repd_technology":"Solar Photovoltaics","status":"Operational","technology":"solar"},"type":"Feature"},{"geometry":{"coordinates":[-4.1408242,51.0038686],"type":"Point"},"id":"GG2050-REPD-1649","properties":{"capacity_mw":4.7,"gg_project_id":"GG2050-REPD-1649","name":"Cleave Farm Solar Park","operator":"Lightsource Renewable Energy","repd_ref":"1649","repd_technology":"Solar Photovoltaics","status":"Operational","technology":"solar"},"type":"Feature"},{"geometry":{"coordinates":[-2.2480831,52.6334552],"type":"Point"},"id":"GG2050-REPD-5790","properties":{"capacity_mw":4.7,"gg_project_id":"GG2050-REPD-5790","name":"Country Lane Solar Development","operator":"British Solar Renewables","repd_ref":"5790","repd_technology":"Solar Photovoltaics","status":"Application Withdrawn","technology":"solar"},"type":"Feature"},{"geometry":{"coordinates":[-1.2990904,53.1072538],"type":"Point"},"id":"GG2050-REPD-2165","properties":{"capacity_mw":4.7,"gg_project_id":"GG2050-REPD-2165","name":"Crow Trees Farm","operator":"Foresight","repd_ref":"2165","repd_technology":"Solar Photovoltaics","status":"Operational","technology":"solar"},"type":"Feature"},{"geometry":{"coordinates":[-2.3047627,51.737821],"type":"Point"},"id":"GG2050-REPD-5741","properties":{"capacity_mw":4.7,"gg_project_id":"GG2050-REPD-5741","name":"FAWKES 1","operator":"Tulip Renewables","repd_ref":"5741","repd_technology":"Solar Photovoltaics","status":"Application Refused","technology":"solar"},"type":"Feature"},{"geometry":{"coordinates":[-2.3081266,51.7405635],"type":"Point"},"id":"GG2050-REPD-5507","properties":{"capacity_mw":4.7,"gg_project_id":"GG2050-REPD-5507","name":"Fawkes 2 Solar Farm","operator":"Williams House Energy","repd_ref":"5507","repd_technology":"Solar Photovoltaics","status":"Application Refused","technology":"solar"},"type":"Feature"},{"geometry":{"coordinates":[-5.0613522,50.3485258],"type":"Point"},"id":"GG2050-REPD-1565","properties":{"capacity_mw":4.7,"gg_project_id":"GG2050-REPD-1565","name":"Fiddlers Green Solar Farm","operator":"Low Carbon Solar UK (dissolved)","repd_ref":"1565","repd_technology":"Solar Photovoltaics","status":"Revised","technology":"solar"},"type":"Feature"},{"geometry":{"coordinates":[-2.6890845,51.3544773],"type":"Point"},"id":"GG2050-REPD-1487","properties":{"capacity_mw":4.7,"gg_project_id":"GG2050-REPD-1487","name":"Howgrove Farm","operator":"Green Switch Solutions","repd_ref":"1487","repd_technology":"Solar Photovoltaics","status":"Appeal Refused","technology":"solar"},"type":"Feature"},{"geometry":{"coordinates":[-1.6572454,53.0268692],"type":"Point"},"id":"GG2050-REPD-5063","properties":{"capacity_mw":4.7,"gg_project_id":"GG2050-REPD-5063","name":"Land at Dayfields Farm","operator":"TGC Renewables","repd_ref":"5063","repd_technology":"Solar Photovoltaics","status":"Operational","technology":"solar"},"type":"Feature"},{"geometry":{"coordinates":[0.3443097,51.3058076],"type":"Point"},"id":"GG2050-REPD-5572","properties":{"capacity_mw":4.7,"gg_project_id":"GG2050-REPD-5572","name":"Land off Ford Lane","operator":"Trina Solar","repd_ref":"5572","repd_technology":"Solar Photovoltaics","status":"Operational","technology":"solar"},"type":"Feature"},{"geometry":{"coordinates":[-4.8363159,50.3371281],"type":"Point"},"id":"GG2050-REPD-1019","properties":{"capacity_mw":4.7,"gg_project_id":"GG2050-REPD-1019","name":"Manor Farm","operator":"Low carbon Solar Partners","repd_ref":"1019","repd_technology":"Solar Photovoltaics","status":"Operational","technology":"solar"},"type":"Feature"},{"geometry":{"coordinates":[-5.3681432,50.2179212],"type":"Point"},"id":"GG2050-REPD-1020","properties":{"capacity_mw":4.7,"gg_project_id":"GG2050-REPD-1020","name":"Nanterrow Farm","operator":"Low carbon Solar Partners","repd_ref":"1020","repd_technology":"Solar Photovoltaics","status":"Operational","technology":"solar"},"type":"Feature"},{"geometry":{"coordinates":[-3.3810774,51.6725062],"type":"Point"},"id":"GG2050-REPD-2327","properties":{"capacity_mw":4.7,"gg_project_id":"GG2050-REPD-2327","name":"Pen Rhiw Caradog","operator":"Lightsource Renewable Energy","repd_ref":"2327","repd_technology":"Solar Photovoltaics","status":"Operational","technology":"solar"},"type":"Feature"},{"geometry":{"coordinates":[-0.0262005,52.5295035],"type":"Point"},"id":"GG2050-REPD-2171","properties":{"capacity_mw":4.7,"gg_project_id":"GG2050-REPD-2171","name":"Turves/Burtnhouse Solar Farm Extension","operator":"Lightsource Renewable Energy","repd_ref":"2171","repd_technology":"Solar Photovoltaics","status":"Operational","technology":"solar"},"type":"Feature"},{"geometry":{"coordinates":[-0.6979415,53.736646],"type":"Point"},"id":"GG2050-REPD-18623","properties":{"capacity_mw":4.7,"gg_project_id":"GG2050-REPD-18623","name":"Wienerberger Limited, Tongue Lane - Solar Panels","operator":"Wienerberger Limited","repd_ref":"18623","repd_technology":"Solar Photovoltaics","status":"Application Withdrawn","technology":"solar"},"type":"Feature"},{"geometry":{"coordinates":[-1.3995769,52.2829024],"type":"Point"},"id":"GG2050-REPD-5441","properties":{"capacity_mw":4.6,"gg_project_id":"GG2050-REPD-5441","name":"Bascote Road Solar Farm","operator":"TGC Renewables","repd_ref":"5441","repd_technology":"Solar Photovoltaics","status":"Planning Permission Expired","technology":"solar"},"type":"Feature"},{"geometry":{"coordinates":[-3.2840341,51.0814025],"type":"Point"},"id":"GG2050-REPD-1389","properties":{"capacity_mw":4.6,"gg_project_id":"GG2050-REPD-1389","name":"Glebe Farm Solar Farm","operator":"AEE Renewables","repd_ref":"1389","repd_technology":"Solar Photovoltaics","status":"Revised","technology":"solar"},"type":"Feature"},{"geometry":{"coordinates":[-0.8145376,53.0282085],"type":"Point"},"id":"GG2050-REPD-1040","properties":{"capacity_mw":4.6,"gg_project_id":"GG2050-REPD-1040","name":"Grange Solar Farm","operator":"Lark Energy","repd_ref":"1040","repd_technology":"Solar Photovoltaics","status":"Operational","technology":"solar"},"type":"Feature"},{"geometry":{"coordinates":[-1.7110185,52.8713357],"type":"Point"},"id":"GG2050-REPD-5681","properties":{"capacity_mw":4.6,"gg_project_id":"GG2050-REPD-5681","name":"Hawthorn Farm Solar Park","operator":"Green Switch Solutions/Belvedere Energy Developments - Liquidated","repd_ref":"5681","repd_technology":"Solar Photovoltaics","status":"Abandoned","technology":"solar"},"type":"Feature"},{"geometry":{"coordinates":[-1.7366476,51.6054188],"type":"Point"},"id":"GG2050-REPD-5253","properties":{"capacity_mw":4.6,"gg_project_id":"GG2050-REPD-5253","name":"Land at Beech Farm","operator":"Vortex (formerly SunEdison)","repd_ref":"5253","repd_technology":"Solar Photovoltaics","status":"Operational","technology":"solar"},"type":"Feature"},{"geometry":{"coordinates":[0.0393309,52.4568927],"type":"Point"},"id":"GG2050-REPD-5302","properties":{"capacity_mw":4.6,"gg_project_id":"GG2050-REPD-5302","name":"Land East Of Honeysome Road","operator":"Honeysome Road Solar","repd_ref":"5302","repd_technology":"Solar Photovoltaics","status":"Operational","technology":"solar"},"type":"Feature"},{"geometry":{"coordinates":[-0.3186017,52.7739],"type":"Point"},"id":"GG2050-REPD-1555","properties":{"capacity_mw":4.6,"gg_project_id":"GG2050-REPD-1555","name":"Limes Farm Solar Farm","operator":"Lark Energy","repd_ref":"1555","repd_technology":"Solar Photovoltaics","status":"Operational","technology":"solar"},"type":"Feature"},{"geometry":{"coordinates":[-0.6547509,52.2893551],"type":"Point"},"id":"GG2050-REPD-5158","properties":{"capacity_mw":4.6,"gg_project_id":"GG2050-REPD-5158","name":"Little Irchester, Higham Road Solar Farm","operator":"NESF (formerly Lark Energy)","repd_ref":"5158","repd_technology":"Solar Photovoltaics","status":"Operational","technology":"solar"},"type":"Feature"},{"geometry":{"coordinates":[-2.5519279,51.5574257],"type":"Point"},"id":"GG2050-REPD-5310","properties":{"capacity_mw":4.6,"gg_project_id":"GG2050-REPD-5310","name":"Parklands","operator":"Anesco","repd_ref":"5310","repd_technology":"Solar Photovoltaics","status":"Operational","technology":"solar"},"type":"Feature"},{"geometry":{"coordinates":[-2.9675118,51.1756874],"type":"Point"},"id":"GG2050-REPD-1047","properties":{"capacity_mw":4.6,"gg_project_id":"GG2050-REPD-1047","name":"Puriton Solar Farm","operator":"BNRG Renewables","repd_ref":"1047","repd_technology":"Solar Photovoltaics","status":"Operational","technology":"solar"},"type":"Feature"},{"geometry":{"coordinates":[-1.5746108,52.8770835],"type":"Point"},"id":"GG2050-REPD-1048","properties":{"capacity_mw":4.6,"gg_project_id":"GG2050-REPD-1048","name":"Toyota Solar Farm","operator":"Bluefield Solar Income Fund","repd_ref":"1048","repd_technology":"Solar Photovoltaics","status":"Operational","technology":"solar"},"type":"Feature"},{"geometry":{"coordinates":[-0.6618429,52.5013557],"type":"Point"},"id":"GG2050-REPD-20661","properties":{"capacity_mw":4.53,"gg_project_id":"GG2050-REPD-20661","name":"Curver Way - Solar Panels","operator":"Harvest Green Developments","repd_ref":"20661","repd_technology":"Solar Photovoltaics","status":"Application Submitted","technology":"solar"},"type":"Feature"},{"geometry":{"coordinates":[0.4815813,51.3202367],"type":"Point"},"id":"GG2050-REPD-1607","properties":{"capacity_mw":4.5,"gg_project_id":"GG2050-REPD-1607","name":"BIOSSENCE SOLAR PARK","operator":"AGR","repd_ref":"1607","repd_technology":"Solar Photovoltaics","status":"Operational","technology":"solar"},"type":"Feature"},{"geometry":{"coordinates":[-2.8259577,53.749632],"type":"Point"},"id":"GG2050-REPD-6034","properties":{"capacity_mw":4.5,"gg_project_id":"GG2050-REPD-6034","name":"Clifton Marsh Wwtw","operator":"United Utilities","repd_ref":"6034","repd_technology":"Solar Photovoltaics","status":"Application Refused","technology":"solar"},"type":"Feature"},{"geometry":{"coordinates":[-4.1253025,51.0534454],"type":"Point"},"id":"GG2050-REPD-4990","properties":{"capacity_mw":4.5,"gg_project_id":"GG2050-REPD-4990","name":"Collacott Farm","operator":"Cooper Energy Engineering","repd_ref":"4990","repd_technology":"Solar Photovoltaics","status":"Operational","technology":"solar"},"type":"Feature"},{"geometry":{"coordinates":[-1.3664368,50.7098659],"type":"Point"},"id":"GG2050-REPD-1082","properties":{"capacity_mw":4.5,"gg_project_id":"GG2050-REPD-1082","name":"Durrants Farm Solar","operator":"Kronos Solar/Vogt Solar","repd_ref":"1082","repd_technology":"Solar Photovoltaics","status":"Operational","technology":"solar"},"type":"Feature"},{"geometry":{"coordinates":[-0.4168709,51.792154],"type":"Point"},"id":"GG2050-REPD-5898","properties":{"capacity_mw":4.5,"gg_project_id":"GG2050-REPD-5898","name":"Flamsteadbury Farm","operator":"PS Renewables","repd_ref":"5898","repd_technology":"Solar Photovoltaics","status":"Appeal Refused","technology":"solar"},"type":"Feature"},{"geometry":{"coordinates":[-5.2179637,50.0465062],"type":"Point"},"id":"GG2050-REPD-1543","properties":{"capacity_mw":4.5,"gg_project_id":"GG2050-REPD-1543","name":"Goonhilly Downs - PV","operator":"Wardell Armstrong International Ltd","repd_ref":"1543","repd_technology":"Solar Photovoltaics","status":"Operational","technology":"solar"},"type":"Feature"},{"geometry":{"coordinates":[-1.0750836,50.8390435],"type":"Point"},"id":"GG2050-REPD-15003","properties":{"capacity_mw":4.5,"gg_project_id":"GG2050-REPD-15003","name":"Lakeside Business Park","operator":"Custom Solar Limited","repd_ref":"15003","repd_technology":"Solar Photovoltaics","status":"Under Construction","technology":"solar"},"type":"Feature"},{"geometry":{"coordinates":[-2.4943189,52.3353737],"type":"Point"},"id":"GG2050-REPD-4701","properties":{"capacity_mw":4.5,"gg_project_id":"GG2050-REPD-4701","name":"Land at High Point Farm","operator":"TGC Renewables","repd_ref":"4701","repd_technology":"Solar Photovoltaics","status":"Operational","technology":"solar"},"type":"Feature"},{"geometry":{"coordinates":[-1.9650227,51.6244642],"type":"Point"},"id":"GG2050-REPD-5734","properties":{"capacity_mw":4.5,"gg_project_id":"GG2050-REPD-5734","name":"Land At Moor Lane Farm","operator":"Elgar Middleton","repd_ref":"5734","repd_technology":"Solar Photovoltaics","status":"Application Refused","technology":"solar"},"type":"Feature"},{"geometry":{"coordinates":[-2.9620627,53.8232558],"type":"Point"},"id":"GG2050-REPD-5486","properties":{"capacity_mw":4.5,"gg_project_id":"GG2050-REPD-5486","name":"Land To The South Of Todderstaffe","operator":"Solar Power Inc UK Services/SPI China (HK)","repd_ref":"5486","repd_technology":"Solar Photovoltaics","status":"Operational","technology":"solar"},"type":"Feature"},{"geometry":{"coordinates":[-1.0340653,50.9120736],"type":"Point"},"id":"GG2050-REPD-1449","properties":{"capacity_mw":4.5,"gg_project_id":"GG2050-REPD-1449","name":"Lovedean Farm","operator":"Lightsource Renewable Energy","repd_ref":"1449","repd_technology":"Solar Photovoltaics","status":"Operational","technology":"solar"},"type":"Feature"},{"geometry":{"coordinates":[-4.4525514,50.4118561],"type":"Point"},"id":"GG2050-REPD-1061","properties":{"capacity_mw":4.5,"gg_project_id":"GG2050-REPD-1061","name":"Lowertown Farm","operator":"MTS Trewidland Solar Ltd","repd_ref":"1061","repd_technology":"Solar Photovoltaics","status":"Application Refused","technology":"solar"},"type":"Feature"},{"geometry":{"coordinates":[-3.2542654,51.3962326],"type":"Point"},"id":"GG2050-REPD-5093","properties":{"capacity_mw":4.5,"gg_project_id":"GG2050-REPD-5093","name":"Port of Barry - Site 1","operator":"Associated British Ports (ABP)","repd_ref":"5093","repd_technology":"Solar Photovoltaics","status":"Operational","technology":"solar"},"type":"Feature"},{"geometry":{"coordinates":[-0.5187966,51.4788722],"type":"Point"},"id":"GG2050-REPD-5519","properties":{"capacity_mw":4.5,"gg_project_id":"GG2050-REPD-5519","name":"Poyle Park Solar Farm","operator":"Sirius SBC Renewables","repd_ref":"5519","repd_technology":"Solar Photovoltaics","status":"Appeal Refused","technology":"solar"},"type":"Feature"},{"geometry":{"coordinates":[-0.8353917,52.202859],"type":"Point"},"id":"GG2050-REPD-5215","properties":{"capacity_mw":4.5,"gg_project_id":"GG2050-REPD-5215","name":"Preston Deanery","operator":"Rochester 003 /Elgar Middleton","repd_ref":"5215","repd_technology":"Solar Photovoltaics","status":"Revised","technology":"solar"},"type":"Feature"},{"geometry":{"coordinates":[-0.8353917,52.202859],"type":"Point"},"id":"GG2050-REPD-6067","properties":{"capacity_mw":4.5,"gg_project_id":"GG2050-REPD-6067","name":"Preston Lodge","operator":"Elgar Middleton","repd_ref":"6067","repd_technology":"Solar Photovoltaics","status":"Application Refused","technology":"solar"},"type":"Feature"},{"geometry":{"coordinates":[-0.965631,52.2190059],"type":"Point"},"id":"GG2050-REPD-21019","properties":{"capacity_mw":4.5,"gg_project_id":"GG2050-REPD-21019","name":"Sainsburys, Style Way - Solar Panels","operator":"Sainsburys Supermarkets Limited","repd_ref":"21019","repd_technology":"Solar Photovoltaics","status":"Application Submitted","technology":"solar"},"type":"Feature"},{"geometry":{"coordinates":[-1.4750222,51.8588119],"type":"Point"},"id":"GG2050-REPD-5835","properties":{"capacity_mw":4.5,"gg_project_id":"GG2050-REPD-5835","name":"Southill Solar","operator":"Sustainable Charlbury (Community)","repd_ref":"5835","repd_technology":"Solar Photovoltaics","status":"Operational","technology":"solar"},"type":"Feature"},{"geometry":{"coordinates":[-3.4905058,50.8064832],"type":"Point"},"id":"GG2050-REPD-2273","properties":{"capacity_mw":4.5,"gg_project_id":"GG2050-REPD-2273","name":"Stumpy Cross","operator":"juwi Renewable Energies","repd_ref":"2273","repd_technology":"Solar Photovoltaics","status":"Appeal Refused","technology":"solar"},"type":"Feature"},{"geometry":{"coordinates":[-4.8150349,50.4194932],"type":"Point"},"id":"GG2050-REPD-17357","properties":{"capacity_mw":4.5,"gg_project_id":"GG2050-REPD-17357","name":"Woodland Barton Farm -Solar Farm","operator":"KPS SPV 4 Limited","repd_ref":"17357","repd_technology":"Solar Photovoltaics","status":"Awaiting Construction","technology":"solar"},"type":"Feature"},{"geometry":{"coordinates":[-1.3487807,53.1987032],"type":"Point"},"id":"GG2050-REPD-16287","properties":{"capacity_mw":4.41161,"gg_project_id":"GG2050-REPD-16287","name":"Mansfield Road, Temple Normanton - Solar Farm","operator":"Derbyshire County Council Property Services Department","repd_ref":"16287","repd_technology":"Solar Photovoltaics","status":"Awaiting Construction","technology":"solar"},"type":"Feature"},{"geometry":{"coordinates":[-1.7371833,52.2134535],"type":"Point"},"id":"GG2050-REPD-2157","properties":{"capacity_mw":4.4,"gg_project_id":"GG2050-REPD-2157","name":"Burton Farm","operator":"Quercus Renewable Holding 2","repd_ref":"2157","repd_technology":"Solar Photovoltaics","status":"Operational","technology":"solar"},"type":"Feature"},{"geometry":{"coordinates":[-4.3339708,52.9074529],"type":"Point"},"id":"GG2050-REPD-5190","properties":{"capacity_mw":4.4,"gg_project_id":"GG2050-REPD-5190","name":"Fferm Bryn Bachau","operator":"BNRG Renewables","repd_ref":"5190","repd_technology":"Solar Photovoltaics","status":"Operational","technology":"solar"},"type":"Feature"},{"geometry":{"coordinates":[-0.1722653,50.9710115],"type":"Point"},"id":"GG2050-REPD-6722","properties":{"capacity_mw":4.4,"gg_project_id":"GG2050-REPD-6722","name":"Goddard's Green","operator":"Dacorar Southern","repd_ref":"6722","repd_technology":"Solar Photovoltaics","status":"Planning Permission Expired","technology":"solar"},"type":"Feature"},{"geometry":{"coordinates":[-4.2819695,50.4423754],"type":"Point"},"id":"GG2050-REPD-1021","properties":{"capacity_mw":4.4,"gg_project_id":"GG2050-REPD-1021","name":"Howton Farm","operator":"Low carbon Solar Partners","repd_ref":"1021","repd_technology":"Solar Photovoltaics","status":"Operational","technology":"solar"},"type":"Feature"},{"geometry":{"coordinates":[0.8480759,52.6421255],"type":"Point"},"id":"GG2050-REPD-5265","properties":{"capacity_mw":4.4,"gg_project_id":"GG2050-REPD-5265","name":"Huntingfield Solar Farm","operator":"Raker Farms","repd_ref":"5265","repd_technology":"Solar Photovoltaics","status":"Operational","technology":"solar"},"type":"Feature"},{"geometry":{"coordinates":[-2.2586349,52.9958701],"type":"Point"},"id":"GG2050-REPD-7409","properties":{"capacity_mw":4.4,"gg_project_id":"GG2050-REPD-7409","name":"Keele University","operator":"Keele University","repd_ref":"7409","repd_technology":"Solar Photovoltaics","status":"Operational","technology":"solar"},"type":"Feature"},{"geometry":{"coordinates":[-3.0022088,54.8088954],"type":"Point"},"id":"GG2050-REPD-5412","properties":{"capacity_mw":4.4,"gg_project_id":"GG2050-REPD-5412","name":"Land west of Welton Road","operator":"Lightsource Renewable Energy","repd_ref":"5412","repd_technology":"Solar Photovoltaics","status":"Operational","technology":"solar"},"type":"Feature"},{"geometry":{"coordinates":[-4.9931104,51.9647011],"type":"Point"},"id":"GG2050-REPD-1661","properties":{"capacity_mw":4.4,"gg_project_id":"GG2050-REPD-1661","name":"Langton Farm Solar park","operator":"Lightsource Renewable Energy","repd_ref":"1661","repd_technology":"Solar Photovoltaics","status":"Operational","technology":"solar"},"type":"Feature"},{"geometry":{"coordinates":[1.6485112,52.3409023],"type":"Point"},"id":"GG2050-REPD-1347","properties":{"capacity_mw":4.4,"gg_project_id":"GG2050-REPD-1347","name":"Reydon Farm","operator":"AEE Renewables","repd_ref":"1347","repd_technology":"Solar Photovoltaics","status":"Revised","technology":"solar"},"type":"Feature"},{"geometry":{"coordinates":[-1.4470627,53.7708624],"type":"Point"},"id":"GG2050-REPD-12937","properties":{"capacity_mw":4.4,"gg_project_id":"GG2050-REPD-12937","name":"Skelton Grange Landfill Site, Pontefract Lane - Solar Farm","operator":"Biffa Waste Services Limited","repd_ref":"12937","repd_technology":"Solar Photovoltaics","status":"Awaiting Construction","technology":"solar"},"type":"Feature"},{"geometry":{"coordinates":[-3.4072789,51.430814],"type":"Point"},"id":"GG2050-REPD-2137","properties":{"capacity_mw":4.4,"gg_project_id":"GG2050-REPD-2137","name":"Treguff Farm","operator":"Lightsource Renewable Energy","repd_ref":"2137","repd_technology":"Solar Photovoltaics","status":"Operational","technology":"solar"},"type":"Feature"},{"geometry":{"coordinates":[-1.6335209,53.095853],"type":"Point"},"id":"GG2050-REPD-15448","properties":{"capacity_mw":4.3,"gg_project_id":"GG2050-REPD-15448","name":"Brassington Works, Manystones Lane - Solar Farm","operator":"Hoben International Limited","repd_ref":"15448","repd_technology":"Solar Photovoltaics","status":"Awaiting Construction","technology":"solar"},"type":"Feature"},{"geometry":{"coordinates":[-3.3306129,50.9153431],"type":"Point"},"id":"GG2050-REPD-18067","properties":{"capacity_mw":4.3,"gg_project_id":"GG2050-REPD-18067","name":"Broad Path - Solar Panels","operator":"Valencia Energy Limited","repd_ref":"18067","repd_technology":"Solar Photovoltaics","status":"Application Submitted","technology":"solar"},"type":"Feature"},{"geometry":{"coordinates":[-1.8320417,52.8780226],"type":"Point"},"id":"GG2050-REPD-2036","properties":{"capacity_mw":4.3,"gg_project_id":"GG2050-REPD-2036","name":"Marchington Solar Farm","operator":"Trina Solar","repd_ref":"2036","repd_technology":"Solar Photovoltaics","status":"Operational","technology":"solar"},"type":"Feature"},{"geometry":{"coordinates":[-1.7139463,55.151641],"type":"Point"},"id":"GG2050-REPD-14135","properties":{"capacity_mw":4.3,"gg_project_id":"GG2050-REPD-14135","name":"Piramal Healthcare, Whalton Road - Solar Farm","operator":"Centrica Plc","repd_ref":"14135","repd_technology":"Solar Photovoltaics","status":"Awaiting Construction","technology":"solar"},"type":"Feature"},{"geometry":{"coordinates":[-2.2924976,53.3558881],"type":"Point"},"id":"GG2050-REPD-20533","properties":{"capacity_mw":4.3,"gg_project_id":"GG2050-REPD-20533","name":"Sunbank Lane - Solar Panels","operator":"Igen Energy Limited","repd_ref":"20533","repd_technology":"Solar Photovoltaics","status":"Awaiting Construction","technology":"solar"},"type":"Feature"},{"geometry":{"coordinates":[-0.9348254,51.7477605],"type":"Point"},"id":"GG2050-REPD-2068","properties":{"capacity_mw":4.3,"gg_project_id":"GG2050-REPD-2068","name":"Thame solar farm","operator":"Big 60 Million","repd_ref":"2068","repd_technology":"Solar Photovoltaics","status":"Operational","technology":"solar"},"type":"Feature"},{"geometry":{"coordinates":[-1.544226,52.2346953],"type":"Point"},"id":"GG2050-REPD-2232","properties":{"capacity_mw":4.3,"gg_project_id":"GG2050-REPD-2232","name":"Tollgate Farm","operator":"CRE8 Energy (UK)","repd_ref":"2232","repd_technology":"Solar Photovoltaics","status":"Operational","technology":"solar"},"type":"Feature"},{"geometry":{"coordinates":[-1.4113069,53.4072818],"type":"Point"},"id":"GG2050-REPD-14027","properties":{"capacity_mw":4.29,"gg_project_id":"GG2050-REPD-14027","name":"Shepcote Lane - Solar Photovoltaic Panels","operator":"Peel Logistics Property","repd_ref":"14027","repd_technology":"Solar Photovoltaics","status":"Awaiting Construction","technology":"solar"},"type":"Feature"},{"geometry":{"coordinates":[-2.6783017,51.5080377],"type":"Point"},"id":"GG2050-REPD-5864","properties":{"capacity_mw":4.2,"gg_project_id":"GG2050-REPD-5864","name":"Avonmouth","operator":"Bristol Energy Co-Op","repd_ref":"5864","repd_technology":"Solar Photovoltaics","status":"Operational","technology":"solar"},"type":"Feature"},{"geometry":{"coordinates":[1.1363643,51.9392176],"type":"Point"},"id":"GG2050-REPD-1959","properties":{"capacity_mw":4.2,"gg_project_id":"GG2050-REPD-1959","name":"Barn Farm","operator":"Lightsource Renewable Energy","repd_ref":"1959","repd_technology":"Solar Photovoltaics","status":"Operational","technology":"solar"},"type":"Feature"},{"geometry":{"coordinates":[-1.1121883,51.327975],"type":"Point"},"id":"GG2050-REPD-2150","properties":{"capacity_mw":4.2,"gg_project_id":"GG2050-REPD-2150","name":"Berry Court Farm","operator":"Green Switch Solutions - SOLD","repd_ref":"2150","repd_technology":"Solar Photovoltaics","status":"Operational","technology":"solar"},"type":"Feature"},{"geometry":{"coordinates":[-1.4581412,51.1558216],"type":"Point"},"id":"GG2050-REPD-5472","properties":{"capacity_mw":4.2,"gg_project_id":"GG2050-REPD-5472","name":"Fullenton Solar Farm","operator":"Tealing Solar Parks","repd_ref":"5472","repd_technology":"Solar Photovoltaics","status":"Operational","technology":"solar"},"type":"Feature"},{"geometry":{"coordinates":[-3.2840341,51.0814025],"type":"Point"},"id":"GG2050-REPD-1357","properties":{"capacity_mw":4.2,"gg_project_id":"GG2050-REPD-1357","name":"Glebe Farm Solar Park","operator":"AEE Renewables","repd_ref":"1357","repd_technology":"Solar Photovoltaics","status":"Application Refused","technology":"solar"},"type":"Feature"},{"geometry":{"coordinates":[-1.063096,52.9375279],"type":"Point"},"id":"GG2050-REPD-5672","properties":{"capacity_mw":4.2,"gg_project_id":"GG2050-REPD-5672","name":"Holme Farm Solar Park","operator":"JBM Solutions","repd_ref":"5672","repd_technology":"Solar Photovoltaics","status":"Revised","technology":"solar"},"type":"Feature"},{"geometry":{"coordinates":[-2.6203397,53.7918229],"type":"Point"},"id":"GG2050-REPD-5132","properties":{"capacity_mw":4.2,"gg_project_id":"GG2050-REPD-5132","name":"Land at Fell View Farm (Phase 1)","operator":"Anesco","repd_ref":"5132","repd_technology":"Solar Photovoltaics","status":"Operational","technology":"solar"},"type":"Feature"},{"geometry":{"coordinates":[-0.9237138,52.2792645],"type":"Point"},"id":"GG2050-REPD-4888","properties":{"capacity_mw":4.2,"gg_project_id":"GG2050-REPD-4888","name":"Land off the A5199, Brampton Valley Way","operator":"Green Switch Developments","repd_ref":"4888","repd_technology":"Solar Photovoltaics","status":"Application Refused","technology":"solar"},"type":"Feature"},{"geometry":{"coordinates":[-1.0553398,53.187426],"type":"Point"},"id":"GG2050-REPD-5293","properties":{"capacity_mw":4.2,"gg_project_id":"GG2050-REPD-5293","name":"Land South Off Ollerton Road","operator":"Anesco","repd_ref":"5293","repd_technology":"Solar Photovoltaics","status":"Operational","technology":"solar"},"type":"Feature"},{"geometry":{"coordinates":[-4.3992949,50.7900298],"type":"Point"},"id":"GG2050-REPD-5582","properties":{"capacity_mw":4.2,"gg_project_id":"GG2050-REPD-5582","name":"Land West of Parsonage Wood","operator":"Lightsource Renewable Energy","repd_ref":"5582","repd_technology":"Solar Photovoltaics","status":"Operational","technology":"solar"},"type":"Feature"},{"geometry":{"coordinates":[-1.7999614,52.8620078],"type":"Point"},"id":"GG2050-REPD-1579","properties":{"capacity_mw":4.2,"gg_project_id":"GG2050-REPD-1579","name":"Marchington Solar Park","operator":"Evans Group","repd_ref":"1579","repd_technology":"Solar Photovoltaics","status":"Abandoned","technology":"solar"},"type":"Feature"},{"geometry":{"coordinates":[-2.4540537,50.9754859],"type":"Point"},"id":"GG2050-REPD-5290","properties":{"capacity_mw":4.2,"gg_project_id":"GG2050-REPD-5290","name":"Milborne Port Solar Farm","operator":"Big 60 Million","repd_ref":"5290","repd_technology":"Solar Photovoltaics","status":"Operational","technology":"solar"},"type":"Feature"},{"geometry":{"coordinates":[-1.5846026,55.1998114],"type":"Point"},"id":"GG2050-REPD-5405","properties":{"capacity_mw":4.2,"gg_project_id":"GG2050-REPD-5405","name":"New Moor Shaft","operator":"Northumberland County Council","repd_ref":"5405","repd_technology":"Solar Photovoltaics","status":"Abandoned","technology":"solar"},"type":"Feature"},{"geometry":{"coordinates":[-1.0634979,52.9375221],"type":"Point"},"id":"GG2050-REPD-12241","properties":{"capacity_mw":4.2,"gg_project_id":"GG2050-REPD-12241","name":"Radcliffe Road, Holme Pierrepont - Solar Farm","operator":"Bassingfield REP Limited","repd_ref":"12241","repd_technology":"Solar Photovoltaics","status":"Awaiting Construction","technology":"solar"},"type":"Feature"},{"geometry":{"coordinates":[-1.0591055,52.9355996],"type":"Point"},"id":"GG2050-REPD-2017","properties":{"capacity_mw":4.2,"gg_project_id":"GG2050-REPD-2017","name":"Radcliffe Solar Farm","operator":"Sirius Solar Building","repd_ref":"2017","repd_technology":"Solar Photovoltaics","status":"Operational","technology":"solar"},"type":"Feature"},{"geometry":{"coordinates":[-4.6368279,50.6462116],"type":"Point"},"id":"GG2050-REPD-6716","properties":{"capacity_mw":4.2,"gg_project_id":"GG2050-REPD-6716","name":"Saputo Dairy UK","operator":"Lightsource BP","repd_ref":"6716","repd_technology":"Solar Photovoltaics","status":"Operational","technology":"solar"},"type":"Feature"},{"geometry":{"coordinates":[-1.1716635,52.8458941],"type":"Point"},"id":"GG2050-REPD-8851","properties":{"capacity_mw":4.2,"gg_project_id":"GG2050-REPD-8851","name":"Sharpley Hill Solar Farm","operator":"Opdenergy UK 2 Limited","repd_ref":"8851","repd_technology":"Solar Photovoltaics","status":"Awaiting Construction","technology":"solar"},"type":"Feature"},{"geometry":{"coordinates":[-3.2390325,54.1420377],"type":"Point"},"id":"GG2050-REPD-5651","properties":{"capacity_mw":4.2,"gg_project_id":"GG2050-REPD-5651","name":"Sowerby Lodge","operator":"Sowerby Solar Solar Ltd","repd_ref":"5651","repd_technology":"Solar Photovoltaics","status":"Planning Permission Expired","technology":"solar"},"type":"Feature"},{"geometry":{"coordinates":[-1.3154274,52.8351053],"type":"Point"},"id":"GG2050-REPD-8862","properties":{"capacity_mw":4.2,"gg_project_id":"GG2050-REPD-8862","name":"Unit 3, Wilders Way - Solar Photovoltaic Panels","operator":"The Very Group","repd_ref":"8862","repd_technology":"Solar Photovoltaics","status":"Awaiting Construction","technology":"solar"},"type":"Feature"},{"geometry":{"coordinates":[-3.027211,56.199214],"type":"Point"},"id":"GG2050-REPD-9500","properties":{"capacity_mw":4.19,"gg_project_id":"GG2050-REPD-9500","name":"Banbeath Industrial Estate Solar Array","operator":"RWE Renewables UK Limited","repd_ref":"9500","repd_technology":"Solar Photovoltaics","status":"Under Construction","technology":"solar"},"type":"Feature"},{"geometry":{"coordinates":[-1.5558259,52.2505716],"type":"Point"},"id":"GG2050-REPD-1213","properties":{"capacity_mw":4.1,"gg_project_id":"GG2050-REPD-1213","name":"Brickyard Barn","operator":"Sun Glow Power","repd_ref":"1213","repd_technology":"Solar Photovoltaics","status":"Revised","technology":"solar"},"type":"Feature"},{"geometry":{"coordinates":[-1.5558259,52.2505716],"type":"Point"},"id":"GG2050-REPD-1519","properties":{"capacity_mw":4.1,"gg_project_id":"GG2050-REPD-1519","name":"Brickyard Barn","operator":"Sun Glow Power","repd_ref":"1519","repd_technology":"Solar Photovoltaics","status":"Operational","technology":"solar"},"type":"Feature"},{"geometry":{"coordinates":[-3.3824882,50.6472854],"type":"Point"},"id":"GG2050-REPD-2112","properties":{"capacity_mw":4.1,"gg_project_id":"GG2050-REPD-2112","name":"Bystock Solar Farm","operator":"Lightsource Renewable Energy","repd_ref":"2112","repd_technology":"Solar Photovoltaics","status":"Operational","technology":"solar"},"type":"Feature"},{"geometry":{"coordinates":[-7.321065,54.9076068],"type":"Point"},"id":"GG2050-REPD-6325","properties":{"capacity_mw":4.1,"gg_project_id":"GG2050-REPD-6325","name":"Carrickatane","operator":"ESB Solar NI","repd_ref":"6325","repd_technology":"Solar Photovoltaics","status":"Planning Permission Expired","technology":"solar"},"type":"Feature"},{"geometry":{"coordinates":[-4.1823084,50.4118006],"type":"Point"},"id":"GG2050-REPD-5395","properties":{"capacity_mw":4.1,"gg_project_id":"GG2050-REPD-5395","name":"Ernesettle Solar Farm","operator":"PEC Renewables","repd_ref":"5395","repd_technology":"Solar Photovoltaics","status":"Operational","technology":"solar"},"type":"Feature"},{"geometry":{"coordinates":[-4.0173209,55.9816676],"type":"Point"},"id":"GG2050-REPD-5903","properties":{"capacity_mw":4.1,"gg_project_id":"GG2050-REPD-5903","name":"Glenhead Farm Lower Solar Array","operator":"Environmental Energy Investments","repd_ref":"5903","repd_technology":"Solar Photovoltaics","status":"Planning Permission Expired","technology":"solar"},"type":"Feature"},{"geometry":{"coordinates":[-1.4104475,53.0298758],"type":"Point"},"id":"GG2050-REPD-15872","properties":{"capacity_mw":4.1,"gg_project_id":"GG2050-REPD-15872","name":"Hl Plastics Extrusions, Flamstead House Hall Road - Solar Panels","operator":"Custom Solar Limited","repd_ref":"15872","repd_technology":"Solar Photovoltaics","status":"Awaiting Construction","technology":"solar"},"type":"Feature"},{"geometry":{"coordinates":[-6.1668736,54.611046],"type":"Point"},"id":"GG2050-REPD-5201","properties":{"capacity_mw":4.1,"gg_project_id":"GG2050-REPD-5201","name":"Land north of 20 Knockcairn Road","operator":"Lightsource Renewable Energy","repd_ref":"5201","repd_technology":"Solar Photovoltaics","status":"Application Refused","technology":"solar"},"type":"Feature"},{"geometry":{"coordinates":[-0.6478387,51.8451648],"type":"Point"},"id":"GG2050-REPD-1374","properties":{"capacity_mw":4.1,"gg_project_id":"GG2050-REPD-1374","name":"Long Meadow Farm","operator":"Private Developer","repd_ref":"1374","repd_technology":"Solar Photovoltaics","status":"Operational","technology":"solar"},"type":"Feature"},{"geometry":{"coordinates":[-3.7671177,50.2932583],"type":"Point"},"id":"GG2050-REPD-2033","properties":{"capacity_mw":4.1,"gg_project_id":"GG2050-REPD-2033","name":"Lower Slade Farm","operator":"PS Renewables","repd_ref":"2033","repd_technology":"Solar Photovoltaics","status":"Operational","technology":"solar"},"type":"Feature"},{"geometry":{"coordinates":[-3.1792807,51.7037132],"type":"Point"},"id":"GG2050-REPD-5437","properties":{"capacity_mw":4.1,"gg_project_id":"GG2050-REPD-5437","name":"Manmoel Road Solar Park","operator":"Pearmat Solar","repd_ref":"5437","repd_technology":"Solar Photovoltaics","status":"Operational","technology":"solar"},"type":"Feature"},{"geometry":{"coordinates":[-2.9875242,50.874434],"type":"Point"},"id":"GG2050-REPD-2226","properties":{"capacity_mw":4.1,"gg_project_id":"GG2050-REPD-2226","name":"Wambrook Farm","operator":"Sunsave 19 (Wambrook)/ Vogt Solar","repd_ref":"2226","repd_technology":"Solar Photovoltaics","status":"Operational","technology":"solar"},"type":"Feature"},{"geometry":{"coordinates":[-0.0784675,52.3559683],"type":"Point"},"id":"GG2050-REPD-1315","properties":{"capacity_mw":4.1,"gg_project_id":"GG2050-REPD-1315","name":"Wiggin Hill Solar Farm - Phase 2","operator":"Lightsource Renewable Energy","repd_ref":"1315","repd_technology":"Solar Photovoltaics","status":"Operational","technology":"solar"},"type":"Feature"},{"geometry":{"coordinates":[-3.4252367,51.5238093],"type":"Point"},"id":"GG2050-REPD-5150","properties":{"capacity_mw":4.0,"gg_project_id":"GG2050-REPD-5150","name":"Agricultural Land at Trecastle","operator":"Suncredit UK/ Vogt solar","repd_ref":"5150","repd_technology":"Solar Photovoltaics","status":"Operational","technology":"solar"},"type":"Feature"},{"geometry":{"coordinates":[-0.9953986,53.356444],"type":"Point"},"id":"GG2050-REPD-1404","properties":{"capacity_mw":4.0,"gg_project_id":"GG2050-REPD-1404","name":"Barnby Moor","operator":"Lark Energy","repd_ref":"1404","repd_technology":"Solar Photovoltaics","status":"Operational","technology":"solar"},"type":"Feature"},{"geometry":{"coordinates":[-2.9226458,50.7903525],"type":"Point"},"id":"GG2050-REPD-1070","properties":{"capacity_mw":4.0,"gg_project_id":"GG2050-REPD-1070","name":"Beechgrove Farm","operator":"AEE Renewables","repd_ref":"1070","repd_technology":"Solar Photovoltaics","status":"Operational","technology":"solar"},"type":"Feature"},{"geometry":{"coordinates":[-4.7967663,51.7866329],"type":"Point"},"id":"GG2050-REPD-12976","properties":{"capacity_mw":4.0,"gg_project_id":"GG2050-REPD-12976","name":"Bluestone National Park Resort, Canaston Wood - Solar Farm","operator":"Bluestone Resorts Limited","repd_ref":"12976","repd_technology":"Solar Photovoltaics","status":"Application Submitted","technology":"solar"},"type":"Feature"},{"geometry":{"coordinates":[-2.0952903,51.35465],"type":"Point"},"id":"GG2050-REPD-1517","properties":{"capacity_mw":4.0,"gg_project_id":"GG2050-REPD-1517","name":"Bollands Hill","operator":"Green Switch Developments","repd_ref":"1517","repd_technology":"Solar Photovoltaics","status":"Appeal Refused","technology":"solar"},"type":"Feature"},{"geometry":{"coordinates":[-3.9582356,51.6865639],"type":"Point"},"id":"GG2050-REPD-1975","properties":{"capacity_mw":4.0,"gg_project_id":"GG2050-REPD-1975","name":"Brynwhilach Solar Park","operator":"Core Pisces / Gower Power Co-op CIC","repd_ref":"1975","repd_technology":"Solar Photovoltaics","status":"Operational","technology":"solar"},"type":"Feature"},{"geometry":{"coordinates":[-2.7874213,54.0173588],"type":"Point"},"id":"GG2050-REPD-13806","properties":{"capacity_mw":4.0,"gg_project_id":"GG2050-REPD-13806","name":"Burrow Beck - Solar farm","operator":"Lancaster City Council","repd_ref":"13806","repd_technology":"Solar Photovoltaics","status":"Awaiting Construction","technology":"solar"},"type":"Feature"},{"geometry":{"coordinates":[-1.8643833,50.803196],"type":"Point"},"id":"GG2050-REPD-2234","properties":{"capacity_mw":4.0,"gg_project_id":"GG2050-REPD-2234","name":"Chapel Lane Parley Solar Farm Phase 3","operator":"Eco Sustainable Solutions","repd_ref":"2234","repd_technology":"Solar Photovoltaics","status":"Operational","technology":"solar"},"type":"Feature"},{"geometry":{"coordinates":[-4.0129522,51.6370162],"type":"Point"},"id":"GG2050-REPD-4896","properties":{"capacity_mw":4.0,"gg_project_id":"GG2050-REPD-4896","name":"Cockett Valley","operator":"Renewable Developments Wales","repd_ref":"4896","repd_technology":"Solar Photovoltaics","status":"Operational","technology":"solar"},"type":"Feature"},{"geometry":{"coordinates":[-1.7036346,54.8824355],"type":"Point"},"id":"GG2050-REPD-5206","properties":{"capacity_mw":4.0,"gg_project_id":"GG2050-REPD-5206","name":"Comeleon House Solar PV Farm","operator":"Durham County Council","repd_ref":"5206","repd_technology":"Solar Photovoltaics","status":"Abandoned","technology":"solar"},"type":"Feature"},{"geometry":{"coordinates":[-3.1797223,57.4920558],"type":"Point"},"id":"GG2050-REPD-13086","properties":{"capacity_mw":4.0,"gg_project_id":"GG2050-REPD-13086","name":"Craigellachie Biomass CHP Plant, Craigellachie- Solar Farm","operator":"EDF Renewables","repd_ref":"13086","repd_technology":"Solar Photovoltaics","status":"Awaiting Construction","technology":"solar"},"type":"Feature"},{"geometry":{"coordinates":[0.1767964,50.8580286],"type":"Point"},"id":"GG2050-REPD-5663","properties":{"capacity_mw":4.0,"gg_project_id":"GG2050-REPD-5663","name":"Cuckmere Solar Farm","operator":"Susenco Management","repd_ref":"5663","repd_technology":"Solar Photovoltaics","status":"Awaiting Construction","technology":"solar"},"type":"Feature"},{"geometry":{"coordinates":[-2.7639247,53.3579087],"type":"Point"},"id":"GG2050-REPD-16673","properties":{"capacity_mw":4.0,"gg_project_id":"GG2050-REPD-16673","name":"Ditton Road - Solar Microgrid","operator":"Halton Borough Council","repd_ref":"16673","repd_technology":"Solar Photovoltaics","status":"Awaiting Construction","technology":"solar"},"type":"Feature"},{"geometry":{"coordinates":[-2.1569591,52.2109527],"type":"Point"},"id":"GG2050-REPD-10940","properties":{"capacity_mw":4.0,"gg_project_id":"GG2050-REPD-10940","name":"Droitwich Road, Martin Hussingtree - Solar Park","operator":"Ecotricity Limited","repd_ref":"10940","repd_technology":"Solar Photovoltaics","status":"Application Submitted","technology":"solar"},"type":"Feature"},{"geometry":{"coordinates":[-4.0003044,51.6957015],"type":"Point"},"id":"GG2050-REPD-4726","properties":{"capacity_mw":4.0,"gg_project_id":"GG2050-REPD-4726","name":"Gwenlais Uchaf Farm","operator":"Renewable Developments","repd_ref":"4726","repd_technology":"Solar Photovoltaics","status":"Revised","technology":"solar"},"type":"Feature"},{"geometry":{"coordinates":[-1.3775474,54.5912105],"type":"Point"},"id":"GG2050-REPD-6321","properties":{"capacity_mw":4.0,"gg_project_id":"GG2050-REPD-6321","name":"High Meadow Farm","operator":"Anesco","repd_ref":"6321","repd_technology":"Solar Photovoltaics","status":"Operational","technology":"solar"},"type":"Feature"},{"geometry":{"coordinates":[-4.7478715,50.5629242],"type":"Point"},"id":"GG2050-REPD-1428","properties":{"capacity_mw":4.0,"gg_project_id":"GG2050-REPD-1428","name":"Kellygreen Farm","operator":"INRG Solar","repd_ref":"1428","repd_technology":"Solar Photovoltaics","status":"Operational","technology":"solar"},"type":"Feature"},{"geometry":{"coordinates":[-3.4311869,50.6942359],"type":"Point"},"id":"GG2050-REPD-4955","properties":{"capacity_mw":4.0,"gg_project_id":"GG2050-REPD-4955","name":"Kenniford Farm","operator":"Solstice Renewables","repd_ref":"4955","repd_technology":"Solar Photovoltaics","status":"Abandoned","technology":"solar"},"type":"Feature"},{"geometry":{"coordinates":[-1.3044489,53.2638748],"type":"Point"},"id":"GG2050-REPD-5383","properties":{"capacity_mw":4.0,"gg_project_id":"GG2050-REPD-5383","name":"Land at Oxcroft Stocking Ground","operator":"Anesco","repd_ref":"5383","repd_technology":"Solar Photovoltaics","status":"Operational","technology":"solar"},"type":"Feature"},{"geometry":{"coordinates":[-2.1549338,51.3219013],"type":"Point"},"id":"GG2050-REPD-5498","properties":{"capacity_mw":4.0,"gg_project_id":"GG2050-REPD-5498","name":"Land north of Ashton Road","operator":"Conergy","repd_ref":"5498","repd_technology":"Solar Photovoltaics","status":"Operational","technology":"solar"},"type":"Feature"},{"geometry":{"coordinates":[-1.4648887,50.9007148],"type":"Point"},"id":"GG2050-REPD-5634","properties":{"capacity_mw":4.0,"gg_project_id":"GG2050-REPD-5634","name":"Land South of Bury Road","operator":"Lightsource Renewable Energy","repd_ref":"5634","repd_technology":"Solar Photovoltaics","status":"Abandoned","technology":"solar"},"type":"Feature"},{"geometry":{"coordinates":[-0.9224703,52.1636231],"type":"Point"},"id":"GG2050-REPD-5282","properties":{"capacity_mw":4.0,"gg_project_id":"GG2050-REPD-5282","name":"Land South of Knock Lane","operator":"Solar Power Inc UK Services/SPI China (HK)","repd_ref":"5282","repd_technology":"Solar Photovoltaics","status":"Operational","technology":"solar"},"type":"Feature"},{"geometry":{"coordinates":[-0.930698,52.165595],"type":"Point"},"id":"GG2050-REPD-5879","properties":{"capacity_mw":4.0,"gg_project_id":"GG2050-REPD-5879","name":"Land South of Knock Lane","operator":"Solar Power Inc UK Services","repd_ref":"5879","repd_technology":"Solar Photovoltaics","status":"Abandoned","technology":"solar"},"type":"Feature"},{"geometry":{"coordinates":[-1.1208755,53.0306058],"type":"Point"},"id":"GG2050-REPD-5910","properties":{"capacity_mw":4.0,"gg_project_id":"GG2050-REPD-5910","name":"Land south of Ramsdale Park Golf Course","operator":"Earthworm/ EW Capital","repd_ref":"5910","repd_technology":"Solar Photovoltaics","status":"Abandoned","technology":"solar"},"type":"Feature"},{"geometry":{"coordinates":[-2.9921826,51.6197714],"type":"Point"},"id":"GG2050-REPD-5531","properties":{"capacity_mw":4.0,"gg_project_id":"GG2050-REPD-5531","name":"Land to North West of Lodge Farm (Park Farm)","operator":"Lightsource Renewable Energy","repd_ref":"5531","repd_technology":"Solar Photovoltaics","status":"Operational","technology":"solar"},"type":"Feature"},{"geometry":{"coordinates":[-2.1314306,51.9514081],"type":"Point"},"id":"GG2050-REPD-5510","properties":{"capacity_mw":4.0,"gg_project_id":"GG2050-REPD-5510","name":"Land to the North of Cursey Lane","operator":"Good Energy","repd_ref":"5510","repd_technology":"Solar Photovoltaics","status":"Planning Permission Expired","technology":"solar"},"type":"Feature"},{"geometry":{"coordinates":[-2.9370758,53.0504485],"type":"Point"},"id":"GG2050-REPD-5700","properties":{"capacity_mw":4.0,"gg_project_id":"GG2050-REPD-5700","name":"Land West Of Erlas Hall","operator":"Lightsource Renewable Energy","repd_ref":"5700","repd_technology":"Solar Photovoltaics","status":"Application Withdrawn","technology":"solar"},"type":"Feature"},{"geometry":{"coordinates":[-2.7008732,53.712849],"type":"Point"},"id":"GG2050-REPD-16262","properties":{"capacity_mw":4.0,"gg_project_id":"GG2050-REPD-16262","name":"Leyland Trucks Limited, Croston Road - Solar Panels","operator":"Leyland Trucks Limited","repd_ref":"16262","repd_technology":"Solar Photovoltaics","status":"Awaiting Construction","technology":"solar"},"type":"Feature"},{"geometry":{"coordinates":[-1.6225451,52.5852264],"type":"Point"},"id":"GG2050-REPD-5820","properties":{"capacity_mw":4.0,"gg_project_id":"GG2050-REPD-5820","name":"Lower House Lane","operator":"Blue Planet Solar","repd_ref":"5820","repd_technology":"Solar Photovoltaics","status":"Application Refused","technology":"solar"},"type":"Feature"},{"geometry":{"coordinates":[-1.9978717,51.9798745],"type":"Point"},"id":"GG2050-REPD-5139","properties":{"capacity_mw":4.0,"gg_project_id":"GG2050-REPD-5139","name":"Lower Stanley Farm","operator":"Green Hedge (BayWa r.e.)","repd_ref":"5139","repd_technology":"Solar Photovoltaics","status":"Operational","technology":"solar"},"type":"Feature"},{"geometry":{"coordinates":[-1.6986581,55.0375801],"type":"Point"},"id":"GG2050-REPD-9756","properties":{"capacity_mw":4.0,"gg_project_id":"GG2050-REPD-9756","name":"Newcastle International Airport Phase 2 - Solar Farm","operator":"Newcastle International Airport","repd_ref":"9756","repd_technology":"Solar Photovoltaics","status":"Awaiting Construction","technology":"solar"},"type":"Feature"},{"geometry":{"coordinates":[-1.6986581,55.0375801],"type":"Point"},"id":"GG2050-REPD-11347","properties":{"capacity_mw":4.0,"gg_project_id":"GG2050-REPD-11347","name":"Newcastle International Airport Phase 4 - Solar Farm","operator":"Newcastle International Airport","repd_ref":"11347","repd_technology":"Solar Photovoltaics","status":"Awaiting Construction","technology":"solar"},"type":"Feature"},{"geometry":{"coordinates":[-2.286212,52.1853658],"type":"Point"},"id":"GG2050-REPD-5538","properties":{"capacity_mw":4.0,"gg_project_id":"GG2050-REPD-5538","name":"Otherton Farm","operator":"Wirisol (Sun & Soil)","repd_ref":"5538","repd_technology":"Solar Photovoltaics","status":"Operational","technology":"solar"},"type":"Feature"},{"geometry":{"coordinates":[-1.2739269,51.249726],"type":"Point"},"id":"GG2050-REPD-1848","properties":{"capacity_mw":4.0,"gg_project_id":"GG2050-REPD-1848","name":"Overton","operator":"British Solar Renewables","repd_ref":"1848","repd_technology":"Solar Photovoltaics","status":"Operational","technology":"solar"},"type":"Feature"},{"geometry":{"coordinates":[-2.2044499,50.9227306],"type":"Point"},"id":"GG2050-REPD-1453","properties":{"capacity_mw":4.0,"gg_project_id":"GG2050-REPD-1453","name":"Park Farm","operator":"Low Carbon Solar","repd_ref":"1453","repd_technology":"Solar Photovoltaics","status":"Operational","technology":"solar"},"type":"Feature"},{"geometry":{"coordinates":[-1.2384089,53.1556924],"type":"Point"},"id":"GG2050-REPD-6023","properties":{"capacity_mw":4.0,"gg_project_id":"GG2050-REPD-6023","name":"Penniment House Farm/Water Lane Farm","operator":"Global Renewable Construction","repd_ref":"6023","repd_technology":"Solar Photovoltaics","status":"Application Refused","technology":"solar"},"type":"Feature"},{"geometry":{"coordinates":[-3.9224828,56.0757539],"type":"Point"},"id":"GG2050-REPD-15251","properties":{"capacity_mw":4.0,"gg_project_id":"GG2050-REPD-15251","name":"Pirnhall Services, Bannockburn Interchange - Solar Panels","operator":"Moto Hospitality Limited (Head Office)","repd_ref":"15251","repd_technology":"Solar Photovoltaics","status":"Awaiting Construction","technology":"solar"},"type":"Feature"},{"geometry":{"coordinates":[-0.9286527,51.2759497],"type":"Point"},"id":"GG2050-REPD-1805","properties":{"capacity_mw":4.0,"gg_project_id":"GG2050-REPD-1805","name":"Potbridge Farm","operator":"RenPlan Consulting","repd_ref":"1805","repd_technology":"Solar Photovoltaics","status":"Revised","technology":"solar"},"type":"Feature"},{"geometry":{"coordinates":[-0.9286527,51.2759497],"type":"Point"},"id":"GG2050-REPD-5680","properties":{"capacity_mw":4.0,"gg_project_id":"GG2050-REPD-5680","name":"Potbridge Farm","operator":"RenPlan Consulting","repd_ref":"5680","repd_technology":"Solar Photovoltaics","status":"Appeal Withdrawn","technology":"solar"},"type":"Feature"},{"geometry":{"coordinates":[-1.7007038,55.39658],"type":"Point"},"id":"GG2050-REPD-12456","properties":{"capacity_mw":4.0,"gg_project_id":"GG2050-REPD-12456","name":"Quotient Sciences, Taylor Drive - Solar PV Panel Array","operator":"The Duke of Northumberland Estate","repd_ref":"12456","repd_technology":"Solar Photovoltaics","status":"Awaiting Construction","technology":"solar"},"type":"Feature"},{"geometry":{"coordinates":[-0.02231,52.0650233],"type":"Point"},"id":"GG2050-REPD-5989","properties":{"capacity_mw":4.0,"gg_project_id":"GG2050-REPD-5989","name":"Royston Solar Farm (Phase 2)","operator":"Canadian Solar","repd_ref":"5989","repd_technology":"Solar Photovoltaics","status":"Planning Permission Expired","technology":"solar"},"type":"Feature"},{"geometry":{"coordinates":[-0.7090002,52.5853199],"type":"Point"},"id":"GG2050-REPD-5532","properties":{"capacity_mw":4.0,"gg_project_id":"GG2050-REPD-5532","name":"Seaton Road Solar Farm","operator":"SBC Renewables","repd_ref":"5532","repd_technology":"Solar Photovoltaics","status":"Operational","technology":"solar"},"type":"Feature"},{"geometry":{"coordinates":[-3.4657317,50.7667776],"type":"Point"},"id":"GG2050-REPD-2145","properties":{"capacity_mw":4.0,"gg_project_id":"GG2050-REPD-2145","name":"St Francis Court Farm","operator":"Martifer Solar (Voltalia)","repd_ref":"2145","repd_technology":"Solar Photovoltaics","status":"Operational","technology":"solar"},"type":"Feature"},{"geometry":{"coordinates":[0.4534252,50.8749345],"type":"Point"},"id":"GG2050-REPD-1324","properties":{"capacity_mw":4.0,"gg_project_id":"GG2050-REPD-1324","name":"St Francis Farm","operator":"Lightsource Renewable Energy","repd_ref":"1324","repd_technology":"Solar Photovoltaics","status":"Operational","technology":"solar"},"type":"Feature"},{"geometry":{"coordinates":[-1.8609656,52.0701579],"type":"Point"},"id":"GG2050-REPD-1876","properties":{"capacity_mw":4.0,"gg_project_id":"GG2050-REPD-1876","name":"The Rainbows Solar Farm","operator":"Innogy (previously BELECTRIC Solar)","repd_ref":"1876","repd_technology":"Solar Photovoltaics","status":"Operational","technology":"solar"},"type":"Feature"},{"geometry":{"coordinates":[0.3530108,51.4675666],"type":"Point"},"id":"GG2050-REPD-6723","properties":{"capacity_mw":4.0,"gg_project_id":"GG2050-REPD-6723","name":"Tilbury LCY2","operator":"Amazon UK Services/ Push Energy","repd_ref":"6723","repd_technology":"Solar Photovoltaics","status":"Operational","technology":"solar"},"type":"Feature"},{"geometry":{"coordinates":[-1.2669037,53.0727301],"type":"Point"},"id":"GG2050-REPD-5526","properties":{"capacity_mw":4.0,"gg_project_id":"GG2050-REPD-5526","name":"Two Dales Farm","operator":"Blue Planet Solar","repd_ref":"5526","repd_technology":"Solar Photovoltaics","status":"Application Refused","technology":"solar"},"type":"Feature"},{"geometry":{"coordinates":[-0.9194544,53.3026461],"type":"Point"},"id":"GG2050-REPD-2128","properties":{"capacity_mw":4.0,"gg_project_id":"GG2050-REPD-2128","name":"Walmoor Farm solar park","operator":"Green Switch Solutions","repd_ref":"2128","repd_technology":"Solar Photovoltaics","status":"Operational","technology":"solar"},"type":"Feature"},{"geometry":{"coordinates":[-1.2327545,53.0844257],"type":"Point"},"id":"GG2050-REPD-5811","properties":{"capacity_mw":4.0,"gg_project_id":"GG2050-REPD-5811","name":"Warren House","operator":"OST Energy","repd_ref":"5811","repd_technology":"Solar Photovoltaics","status":"Application Refused","technology":"solar"},"type":"Feature"},{"geometry":{"coordinates":[-2.4863044,52.720735],"type":"Point"},"id":"GG2050-REPD-1756","properties":{"capacity_mw":4.0,"gg_project_id":"GG2050-REPD-1756","name":"Wheat Leasows Solar Park","operator":"Telford and Wrekin Borough Council","repd_ref":"1756","repd_technology":"Solar Photovoltaics","status":"Operational","technology":"solar"},"type":"Feature"},{"geometry":{"coordinates":[-1.5518846,53.1427574],"type":"Point"},"id":"GG2050-REPD-5533","properties":{"capacity_mw":4.0,"gg_project_id":"GG2050-REPD-5533","name":"Williamthorpe Colliery","operator":"Derbyshire County Council","repd_ref":"5533","repd_technology":"Solar Photovoltaics","status":"Planning Permission Expired","technology":"solar"},"type":"Feature"},{"geometry":{"coordinates":[-2.9626931,56.4157168],"type":"Point"},"id":"GG2050-REPD-5513","properties":{"capacity_mw":4.0,"gg_project_id":"GG2050-REPD-5513","name":"Wormit Solar Farm","operator":"Green Hedge (BayWa r.e.)","repd_ref":"5513","repd_technology":"Solar Photovoltaics","status":"Operational","technology":"solar"},"type":"Feature"},{"geometry":{"coordinates":[-2.2130038,53.5901971],"type":"Point"},"id":"GG2050-REPD-9578","properties":{"capacity_mw":3.99,"gg_project_id":"GG2050-REPD-9578","name":"Chamber House","operator":"Rochdale Metropolitan Borough Council","repd_ref":"9578","repd_technology":"Solar Photovoltaics","status":"Under Construction","technology":"solar"},"type":"Feature"},{"geometry":{"coordinates":[-1.3158974,54.6306362],"type":"Point"},"id":"GG2050-REPD-11993","properties":{"capacity_mw":3.96,"gg_project_id":"GG2050-REPD-11993","name":"Wynyard Business Park, North Chapell Lane - Solar Panels","operator":"Northumberland Estates Limited","repd_ref":"11993","repd_technology":"Solar Photovoltaics","status":"Awaiting Construction","technology":"solar"},"type":"Feature"},{"geometry":{"coordinates":[-0.1942857,52.3725587],"type":"Point"},"id":"GG2050-REPD-4997","properties":{"capacity_mw":3.9,"gg_project_id":"GG2050-REPD-4997","name":"Abbots Ripton Solar Farm (ext.)","operator":"Rectory Lane Renewables","repd_ref":"4997","repd_technology":"Solar Photovoltaics","status":"Operational","technology":"solar"},"type":"Feature"},{"geometry":{"coordinates":[-2.0476699,50.7734903],"type":"Point"},"id":"GG2050-REPD-2139","properties":{"capacity_mw":3.9,"gg_project_id":"GG2050-REPD-2139","name":"Henbury Quarry","operator":"Lightsource Renewable Energy","repd_ref":"2139","repd_technology":"Solar Photovoltaics","status":"Operational","technology":"solar"},"type":"Feature"},{"geometry":{"coordinates":[-0.4330068,52.6142931],"type":"Point"},"id":"GG2050-REPD-4956","properties":{"capacity_mw":3.9,"gg_project_id":"GG2050-REPD-4956","name":"Land at Wittering Ford Road","operator":"Lark Energy","repd_ref":"4956","repd_technology":"Solar Photovoltaics","status":"Planning Permission Expired","technology":"solar"},"type":"Feature"},{"geometry":{"coordinates":[-2.91649,51.7227457],"type":"Point"},"id":"GG2050-REPD-1056","properties":{"capacity_mw":3.9,"gg_project_id":"GG2050-REPD-1056","name":"Llancayo Solar Farm","operator":"m03 Power","repd_ref":"1056","repd_technology":"Solar Photovoltaics","status":"Operational","technology":"solar"},"type":"Feature"},{"geometry":{"coordinates":[-1.5190199,54.9364916],"type":"Point"},"id":"GG2050-REPD-13317","properties":{"capacity_mw":3.9,"gg_project_id":"GG2050-REPD-13317","name":"NCL1, Follingsby Lane - Solar Panels","operator":"Zestec Asset Management","repd_ref":"13317","repd_technology":"Solar Photovoltaics","status":"Awaiting Construction","technology":"solar"},"type":"Feature"},{"geometry":{"coordinates":[-1.7196252,52.4519504],"type":"Point"},"id":"GG2050-REPD-5705","properties":{"capacity_mw":3.9,"gg_project_id":"GG2050-REPD-5705","name":"NEC, Birmingham","operator":"Levantera Developments","repd_ref":"5705","repd_technology":"Solar Photovoltaics","status":"Abandoned","technology":"solar"},"type":"Feature"},{"geometry":{"coordinates":[-2.5280694,51.2041874],"type":"Point"},"id":"GG2050-REPD-2133","properties":{"capacity_mw":3.9,"gg_project_id":"GG2050-REPD-2133","name":"New Row Farm","operator":"Lightsource Renewable Energy","repd_ref":"2133","repd_technology":"Solar Photovoltaics","status":"Operational","technology":"solar"},"type":"Feature"},{"geometry":{"coordinates":[1.6467325,52.3403456],"type":"Point"},"id":"GG2050-REPD-1751","properties":{"capacity_mw":3.9,"gg_project_id":"GG2050-REPD-1751","name":"Reydon Farm","operator":"Green Hedge (BayWa r.e.)","repd_ref":"1751","repd_technology":"Solar Photovoltaics","status":"Operational","technology":"solar"},"type":"Feature"},{"geometry":{"coordinates":[-2.6572896,51.5147752],"type":"Point"},"id":"GG2050-REPD-13054","properties":{"capacity_mw":3.81,"gg_project_id":"GG2050-REPD-13054","name":"Moorhouse Farm, Moorhouse Lane - Solar Park","operator":"Cabot Park Solar Limited","repd_ref":"13054","repd_technology":"Solar Photovoltaics","status":"Under Construction","technology":"solar"},"type":"Feature"},{"geometry":{"coordinates":[1.1363643,51.9392176],"type":"Point"},"id":"GG2050-REPD-1452","properties":{"capacity_mw":3.8,"gg_project_id":"GG2050-REPD-1452","name":"Barn Farm (Bradfield)","operator":"Lightsource Renewable Energy","repd_ref":"1452","repd_technology":"Solar Photovoltaics","status":"Revised","technology":"solar"},"type":"Feature"},{"geometry":{"coordinates":[-5.9426006,54.668754],"type":"Point"},"id":"GG2050-REPD-1350","properties":{"capacity_mw":3.8,"gg_project_id":"GG2050-REPD-1350","name":"Bombardier Factory","operator":"Bombardier Aerospace","repd_ref":"1350","repd_technology":"Solar Photovoltaics","status":"Operational","technology":"solar"},"type":"Feature"},{"geometry":{"coordinates":[-3.6997127,51.5401242],"type":"Point"},"id":"GG2050-REPD-6035","properties":{"capacity_mw":3.8,"gg_project_id":"GG2050-REPD-6035","name":"Caergarw Farm","operator":"Suncredit UK (Sunventures 7)","repd_ref":"6035","repd_technology":"Solar Photovoltaics","status":"Operational","technology":"solar"},"type":"Feature"},{"geometry":{"coordinates":[-2.8271554,57.3086064],"type":"Point"},"id":"GG2050-REPD-4780","properties":{"capacity_mw":3.8,"gg_project_id":"GG2050-REPD-4780","name":"Cairnmore Solar Park","operator":"GPV Rhynie","repd_ref":"4780","repd_technology":"Solar Photovoltaics","status":"Operational","technology":"solar"},"type":"Feature"},{"geometry":{"coordinates":[0.4437353,50.8926853],"type":"Point"},"id":"GG2050-REPD-6116","properties":{"capacity_mw":3.8,"gg_project_id":"GG2050-REPD-6116","name":"Catsfield Solar Farm","operator":"Iota Solar (OPDE)","repd_ref":"6116","repd_technology":"Solar Photovoltaics","status":"Appeal Refused","technology":"solar"},"type":"Feature"},{"geometry":{"coordinates":[-2.4502659,52.5464124],"type":"Point"},"id":"GG2050-REPD-1807","properties":{"capacity_mw":3.8,"gg_project_id":"GG2050-REPD-1807","name":"High Trees Farm","operator":"Green Switch Developments","repd_ref":"1807","repd_technology":"Solar Photovoltaics","status":"Appeal Refused","technology":"solar"},"type":"Feature"},{"geometry":{"coordinates":[-0.3652087,50.8397209],"type":"Point"},"id":"GG2050-REPD-5576","properties":{"capacity_mw":3.8,"gg_project_id":"GG2050-REPD-5576","name":"Land at Lyons Way","operator":"BNRG (BL Solar 1)","repd_ref":"5576","repd_technology":"Solar Photovoltaics","status":"Application Refused","technology":"solar"},"type":"Feature"},{"geometry":{"coordinates":[-2.8656773,52.8044781],"type":"Point"},"id":"GG2050-REPD-5340","properties":{"capacity_mw":3.8,"gg_project_id":"GG2050-REPD-5340","name":"Land To The North Of Moor Farm","operator":"Navitas Project","repd_ref":"5340","repd_technology":"Solar Photovoltaics","status":"Operational","technology":"solar"},"type":"Feature"},{"geometry":{"coordinates":[-2.9932476,51.5818808],"type":"Point"},"id":"GG2050-REPD-5311","properties":{"capacity_mw":3.8,"gg_project_id":"GG2050-REPD-5311","name":"Land To West Of Cefn Llogell Farm","operator":"Private Developer","repd_ref":"5311","repd_technology":"Solar Photovoltaics","status":"Appeal Refused","technology":"solar"},"type":"Feature"},{"geometry":{"coordinates":[-2.4221154,52.7060492],"type":"Point"},"id":"GG2050-REPD-5602","properties":{"capacity_mw":3.8,"gg_project_id":"GG2050-REPD-5602","name":"Lyreco - Telford Distribution Centre","operator":"Addison Energy","repd_ref":"5602","repd_technology":"Solar Photovoltaics","status":"Operational","technology":"solar"},"type":"Feature"},{"geometry":{"coordinates":[-2.4227222,52.706047],"type":"Point"},"id":"GG2050-REPD-19957","properties":{"capacity_mw":3.8,"gg_project_id":"GG2050-REPD-19957","name":"Lyreco, Donnington Wood - Solar Panels","operator":"Private Developer","repd_ref":"19957","repd_technology":"Solar Photovoltaics","status":"Awaiting Construction","technology":"solar"},"type":"Feature"},{"geometry":{"coordinates":[-1.4347444,53.024771],"type":"Point"},"id":"GG2050-REPD-1739","properties":{"capacity_mw":3.8,"gg_project_id":"GG2050-REPD-1739","name":"Park Hall Stud Farm","operator":"Private Developer","repd_ref":"1739","repd_technology":"Solar Photovoltaics","status":"Application Refused","technology":"solar"},"type":"Feature"},{"geometry":{"coordinates":[-2.5446728,54.1322273],"type":"Point"},"id":"GG2050-REPD-5931","properties":{"capacity_mw":3.8,"gg_project_id":"GG2050-REPD-5931","name":"Ravens Close","operator":"Tau Solar","repd_ref":"5931","repd_technology":"Solar Photovoltaics","status":"Application Refused","technology":"solar"},"type":"Feature"},{"geometry":{"coordinates":[-0.6235241,50.8061464],"type":"Point"},"id":"GG2050-REPD-1785","properties":{"capacity_mw":3.8,"gg_project_id":"GG2050-REPD-1785","name":"Rookery Farm","operator":"Green Switch Solutions","repd_ref":"1785","repd_technology":"Solar Photovoltaics","status":"Operational","technology":"solar"},"type":"Feature"},{"geometry":{"coordinates":[-1.4102246,52.2449267],"type":"Point"},"id":"GG2050-REPD-6169","properties":{"capacity_mw":3.8,"gg_project_id":"GG2050-REPD-6169","name":"Solar Farm at Fields Farm (Phase 2)","operator":"Foresight Group (TGC Renewables)","repd_ref":"6169","repd_technology":"Solar Photovoltaics","status":"Abandoned","technology":"solar"},"type":"Feature"},{"geometry":{"coordinates":[-1.5756115,52.856744],"type":"Point"},"id":"GG2050-REPD-5904","properties":{"capacity_mw":3.8,"gg_project_id":"GG2050-REPD-5904","name":"Solar Farm on land east of the A38, Willington","operator":"Lark Energy","repd_ref":"5904","repd_technology":"Solar Photovoltaics","status":"Abandoned","technology":"solar"},"type":"Feature"},{"geometry":{"coordinates":[-1.1967895,53.2062077],"type":"Point"},"id":"GG2050-REPD-5396","properties":{"capacity_mw":3.8,"gg_project_id":"GG2050-REPD-5396","name":"SPF Thirty Acres Farm","operator":"Navitas Project","repd_ref":"5396","repd_technology":"Solar Photovoltaics","status":"Operational","technology":"solar"},"type":"Feature"},{"geometry":{"coordinates":[-3.6707794,51.5119984],"type":"Point"},"id":"GG2050-REPD-6520","properties":{"capacity_mw":3.8,"gg_project_id":"GG2050-REPD-6520","name":"Stormy Down Solar Farm","operator":"Belisama Energy","repd_ref":"6520","repd_technology":"Solar Photovoltaics","status":"Operational","technology":"solar"},"type":"Feature"},{"geometry":{"coordinates":[-3.0248339,53.2278668],"type":"Point"},"id":"GG2050-REPD-2078","properties":{"capacity_mw":3.8,"gg_project_id":"GG2050-REPD-2078","name":"Toyota Motor Manufacturing Uk - Deeside","operator":"Toyota Motor Manufacturing","repd_ref":"2078","repd_technology":"Solar Photovoltaics","status":"Operational","technology":"solar"},"type":"Feature"},{"geometry":{"coordinates":[-1.2109448,53.0956995],"type":"Point"},"id":"GG2050-REPD-12715","properties":{"capacity_mw":3.8,"gg_project_id":"GG2050-REPD-12715","name":"Two Oaks Quarry, Coxmoor Road - Solar Array","operator":"The Mansfield Sand Company Limited","repd_ref":"12715","repd_technology":"Solar Photovoltaics","status":"Awaiting Construction","technology":"solar"},"type":"Feature"},{"geometry":{"coordinates":[-4.354002,52.9348407],"type":"Point"},"id":"GG2050-REPD-5360","properties":{"capacity_mw":3.8,"gg_project_id":"GG2050-REPD-5360","name":"Tyddyn Gwyn (Gelli Gron Farm)","operator":"Lightsource Renewable Energy","repd_ref":"5360","repd_technology":"Solar Photovoltaics","status":"Operational","technology":"solar"},"type":"Feature"},{"geometry":{"coordinates":[-2.4816408,51.870953],"type":"Point"},"id":"GG2050-REPD-1311","properties":{"capacity_mw":3.8,"gg_project_id":"GG2050-REPD-1311","name":"Vantage Point Solar Park","operator":"Bee Green Solar","repd_ref":"1311","repd_technology":"Solar Photovoltaics","status":"Revised","technology":"solar"},"type":"Feature"},{"geometry":{"coordinates":[-4.9198505,50.462433],"type":"Point"},"id":"GG2050-REPD-2348","properties":{"capacity_mw":3.8,"gg_project_id":"GG2050-REPD-2348","name":"Winnards Perch Solar Farm","operator":"Solar Securities Group","repd_ref":"2348","repd_technology":"Solar Photovoltaics","status":"Operational","technology":"solar"},"type":"Feature"},{"geometry":{"coordinates":[-1.8717794,50.7762267],"type":"Point"},"id":"GG2050-REPD-4761","properties":{"capacity_mw":3.8,"gg_project_id":"GG2050-REPD-4761","name":"Woodtown Farm","operator":"Woodtown Solar Limited","repd_ref":"4761","repd_technology":"Solar Photovoltaics","status":"Operational","technology":"solar"},"type":"Feature"},{"geometry":{"coordinates":[-6.2459708,54.6791396],"type":"Point"},"id":"GG2050-REPD-8870","properties":{"capacity_mw":3.75,"gg_project_id":"GG2050-REPD-8870","name":"Dunore Road, Aldergrove Solar Farm","operator":"NI Water","repd_ref":"8870","repd_technology":"Solar Photovoltaics","status":"Application Submitted","technology":"solar"},"type":"Feature"},{"geometry":{"coordinates":[-1.351926,52.6975164],"type":"Point"},"id":"GG2050-REPD-6715","properties":{"capacity_mw":3.7,"gg_project_id":"GG2050-REPD-6715","name":"Amazon - BHX2","operator":"Amazon UK Services / Push Energy","repd_ref":"6715","repd_technology":"Solar Photovoltaics","status":"Planning Permission Expired","technology":"solar"},"type":"Feature"},{"geometry":{"coordinates":[-1.8925486,52.1197198],"type":"Point"},"id":"GG2050-REPD-6357","properties":{"capacity_mw":3.7,"gg_project_id":"GG2050-REPD-6357","name":"Cleeve Road","operator":"Kanes Foods","repd_ref":"6357","repd_technology":"Solar Photovoltaics","status":"Planning Permission Expired","technology":"solar"},"type":"Feature"},{"geometry":{"coordinates":[-1.3635528,53.2009134],"type":"Point"},"id":"GG2050-REPD-5378","properties":{"capacity_mw":3.7,"gg_project_id":"GG2050-REPD-5378","name":"Land at Mansfield Road","operator":"Derbyshire County Council","repd_ref":"5378","repd_technology":"Solar Photovoltaics","status":"Planning Permission Expired","technology":"solar"},"type":"Feature"},{"geometry":{"coordinates":[-0.2943643,53.2743096],"type":"Point"},"id":"GG2050-REPD-2014","properties":{"capacity_mw":3.7,"gg_project_id":"GG2050-REPD-2014","name":"Primrose Hill Farm","operator":"Sun & Soil","repd_ref":"2014","repd_technology":"Solar Photovoltaics","status":"Operational","technology":"solar"},"type":"Feature"},{"geometry":{"coordinates":[-1.029055,50.8513494],"type":"Point"},"id":"GG2050-REPD-12107","properties":{"capacity_mw":3.68,"gg_project_id":"GG2050-REPD-12107","name":"Farlington Water Treatment Works, Gillman Road - Solar Panels","operator":"Portsmouth Water Limited","repd_ref":"12107","repd_technology":"Solar Photovoltaics","status":"Awaiting Construction","technology":"solar"},"type":"Feature"},{"geometry":{"coordinates":[-1.5247949,54.0709138],"type":"Point"},"id":"GG2050-REPD-5630","properties":{"capacity_mw":3.6,"gg_project_id":"GG2050-REPD-5630","name":"Burton Top Farm","operator":"Lightsource Renewable Energy","repd_ref":"5630","repd_technology":"Solar Photovoltaics","status":"Abandoned","technology":"solar"},"type":"Feature"},{"geometry":{"coordinates":[-2.5270937,51.1237129],"type":"Point"},"id":"GG2050-REPD-16978","properties":{"capacity_mw":3.6,"gg_project_id":"GG2050-REPD-16978","name":"Ditcheat - Solar Panels","operator":"Communities for Renewables","repd_ref":"16978","repd_technology":"Solar Photovoltaics","status":"Application Submitted","technology":"solar"},"type":"Feature"},{"geometry":{"coordinates":[-4.3353041,50.7730083],"type":"Point"},"id":"GG2050-REPD-1610","properties":{"capacity_mw":3.6,"gg_project_id":"GG2050-REPD-1610","name":"EASTACOMBE SOLAR FARM","operator":"The Green Company","repd_ref":"1610","repd_technology":"Solar Photovoltaics","status":"Operational","technology":"solar"},"type":"Feature"},{"geometry":{"coordinates":[-2.9254581,53.0241645],"type":"Point"},"id":"GG2050-REPD-5226","properties":{"capacity_mw":3.6,"gg_project_id":"GG2050-REPD-5226","name":"Land NW Of Pickhill Bridge Farm","operator":"NextEnergy Solar Fund","repd_ref":"5226","repd_technology":"Solar Photovoltaics","status":"Operational","technology":"solar"},"type":"Feature"},{"geometry":{"coordinates":[-4.0513184,51.6824027],"type":"Point"},"id":"GG2050-REPD-1808","properties":{"capacity_mw":3.6,"gg_project_id":"GG2050-REPD-1808","name":"Pencefnarda Uchaf Farm","operator":"Pencefnarda Solar","repd_ref":"1808","repd_technology":"Solar Photovoltaics","status":"Appeal Refused","technology":"solar"},"type":"Feature"},{"geometry":{"coordinates":[1.1682383,52.9011339],"type":"Point"},"id":"GG2050-REPD-1299","properties":{"capacity_mw":3.6,"gg_project_id":"GG2050-REPD-1299","name":"Pond Farm","operator":"Lark Energy","repd_ref":"1299","repd_technology":"Solar Photovoltaics","status":"Operational","technology":"solar"},"type":"Feature"},{"geometry":{"coordinates":[-2.7920281,51.0427622],"type":"Point"},"id":"GG2050-REPD-1903","properties":{"capacity_mw":3.6,"gg_project_id":"GG2050-REPD-1903","name":"Tengore Lane","operator":"Foresight","repd_ref":"1903","repd_technology":"Solar Photovoltaics","status":"Operational","technology":"solar"},"type":"Feature"},{"geometry":{"coordinates":[-4.9619538,50.494372],"type":"Point"},"id":"GG2050-REPD-1563","properties":{"capacity_mw":3.6,"gg_project_id":"GG2050-REPD-1563","name":"Trenouth Farm","operator":"Low Carbon Solar","repd_ref":"1563","repd_technology":"Solar Photovoltaics","status":"Operational","technology":"solar"},"type":"Feature"},{"geometry":{"coordinates":[-2.4816408,51.870953],"type":"Point"},"id":"GG2050-REPD-4960","properties":{"capacity_mw":3.6,"gg_project_id":"GG2050-REPD-4960","name":"Vantage Point Business Park","operator":"Bee Green Solar","repd_ref":"4960","repd_technology":"Solar Photovoltaics","status":"Application Refused","technology":"solar"},"type":"Feature"},{"geometry":{"coordinates":[-3.0751727,51.1448927],"type":"Point"},"id":"GG2050-REPD-10493","properties":{"capacity_mw":3.58,"gg_project_id":"GG2050-REPD-10493","name":"Cannington - Solar Panels","operator":"Yeo Valley Properties Limited","repd_ref":"10493","repd_technology":"Solar Photovoltaics","status":"Awaiting Construction","technology":"solar"},"type":"Feature"},{"geometry":{"coordinates":[0.9901027,52.3663133],"type":"Point"},"id":"GG2050-REPD-16535","properties":{"capacity_mw":3.53,"gg_project_id":"GG2050-REPD-16535","name":"Gressingham Foods, Hinderclay Road - Solar Array","operator":"Centrica Business Solutions UK Ltd","repd_ref":"16535","repd_technology":"Solar Photovoltaics","status":"Awaiting Construction","technology":"solar"},"type":"Feature"},{"geometry":{"coordinates":[-2.8685347,53.2368212],"type":"Point"},"id":"GG2050-REPD-20800","properties":{"capacity_mw":3.51,"gg_project_id":"GG2050-REPD-20800","name":"Wervin Road, Wervin - Solar PV Panels","operator":"North England Zoological Department","repd_ref":"20800","repd_technology":"Solar Photovoltaics","status":"Application Submitted","technology":"solar"},"type":"Feature"},{"geometry":{"coordinates":[-1.1299972,52.5653994],"type":"Point"},"id":"GG2050-REPD-5735","properties":{"capacity_mw":3.5,"gg_project_id":"GG2050-REPD-5735","name":"Blaby Solar Farm","operator":"Blaby Solar Farm","repd_ref":"5735","repd_technology":"Solar Photovoltaics","status":"Operational","technology":"solar"},"type":"Feature"},{"geometry":{"coordinates":[-0.5195551,52.3020514],"type":"Point"},"id":"GG2050-REPD-1788","properties":{"capacity_mw":3.5,"gg_project_id":"GG2050-REPD-1788","name":"Chelveston Airfield - extension","operator":"Chelveston Renewable Energy","repd_ref":"1788","repd_technology":"Solar Photovoltaics","status":"Operational","technology":"solar"},"type":"Feature"},{"geometry":{"coordinates":[-3.2622472,51.076649],"type":"Point"},"id":"GG2050-REPD-1429","properties":{"capacity_mw":3.5,"gg_project_id":"GG2050-REPD-1429","name":"Grove Farm (solar)","operator":"juwi Renewable Energies","repd_ref":"1429","repd_technology":"Solar Photovoltaics","status":"Operational","technology":"solar"},"type":"Feature"},{"geometry":{"coordinates":[-2.7467308,53.3524714],"type":"Point"},"id":"GG2050-REPD-11448","properties":{"capacity_mw":3.5,"gg_project_id":"GG2050-REPD-11448","name":"Hedco, Desoto Road - Solar panels","operator":"PSD Construct Limtied","repd_ref":"11448","repd_technology":"Solar Photovoltaics","status":"Awaiting Construction","technology":"solar"},"type":"Feature"},{"geometry":{"coordinates":[-2.4271764,51.0437039],"type":"Point"},"id":"GG2050-REPD-1586","properties":{"capacity_mw":3.5,"gg_project_id":"GG2050-REPD-1586","name":"Higher Hatherleigh Solar Farm","operator":"Hive Energy","repd_ref":"1586","repd_technology":"Solar Photovoltaics","status":"Operational","technology":"solar"},"type":"Feature"},{"geometry":{"coordinates":[-2.699073,53.3669265],"type":"Point"},"id":"GG2050-REPD-5933","properties":{"capacity_mw":3.5,"gg_project_id":"GG2050-REPD-5933","name":"Johnson's Lane - Halton","operator":"SBC Renewables","repd_ref":"5933","repd_technology":"Solar Photovoltaics","status":"Abandoned","technology":"solar"},"type":"Feature"},{"geometry":{"coordinates":[0.759561,51.3661877],"type":"Point"},"id":"GG2050-REPD-20305","properties":{"capacity_mw":3.5,"gg_project_id":"GG2050-REPD-20305","name":"Knauf UK Sittingbourne, Barge Way - Solar Panels","operator":"Knauf (UK) GMBH","repd_ref":"20305","repd_technology":"Solar Photovoltaics","status":"Awaiting Construction","technology":"solar"},"type":"Feature"},{"geometry":{"coordinates":[-4.1224437,50.9852907],"type":"Point"},"id":"GG2050-REPD-1416","properties":{"capacity_mw":3.5,"gg_project_id":"GG2050-REPD-1416","name":"Knockworthy Farm","operator":"NextEnery Solar Fund (NESF)","repd_ref":"1416","repd_technology":"Solar Photovoltaics","status":"Operational","technology":"solar"},"type":"Feature"},{"geometry":{"coordinates":[-2.6576132,51.5612327],"type":"Point"},"id":"GG2050-REPD-5207","properties":{"capacity_mw":3.5,"gg_project_id":"GG2050-REPD-5207","name":"Land adjacent to Church Road","operator":"Canadian Solar","repd_ref":"5207","repd_technology":"Solar Photovoltaics","status":"Operational","technology":"solar"},"type":"Feature"},{"geometry":{"coordinates":[-1.1401725,51.2851481],"type":"Point"},"id":"GG2050-REPD-5283","properties":{"capacity_mw":3.5,"gg_project_id":"GG2050-REPD-5283","name":"Land South of Shothanger Works","operator":"Solar Planning","repd_ref":"5283","repd_technology":"Solar Photovoltaics","status":"Application Refused","technology":"solar"},"type":"Feature"},{"geometry":{"coordinates":[-0.9379792,52.7784981],"type":"Point"},"id":"GG2050-REPD-5478","properties":{"capacity_mw":3.5,"gg_project_id":"GG2050-REPD-5478","name":"Land to the west of Ashfordby Business Park","operator":"First Renewable Developments","repd_ref":"5478","repd_technology":"Solar Photovoltaics","status":"Operational","technology":"solar"},"type":"Feature"},{"geometry":{"coordinates":[-1.5078925,52.5945598],"type":"Point"},"id":"GG2050-REPD-5305","properties":{"capacity_mw":3.5,"gg_project_id":"GG2050-REPD-5305","name":"Ld NW Of Ratcliffe House Farm","operator":"Lightsource Renewable Energy","repd_ref":"5305","repd_technology":"Solar Photovoltaics","status":"Operational","technology":"solar"},"type":"Feature"},{"geometry":{"coordinates":[-3.9291901,55.8221806],"type":"Point"},"id":"GG2050-REPD-20640","properties":{"capacity_mw":3.5,"gg_project_id":"GG2050-REPD-20640","name":"Newhouse, Biggar Road -Solar Array","operator":"Ampyr Distribution Energy","repd_ref":"20640","repd_technology":"Solar Photovoltaics","status":"Application Submitted","technology":"solar"},"type":"Feature"},{"geometry":{"coordinates":[-6.2279216,54.8706723],"type":"Point"},"id":"GG2050-REPD-18060","properties":{"capacity_mw":3.5,"gg_project_id":"GG2050-REPD-18060","name":"Solar Farm Development in Ballymena","operator":"Brooklands Altnagelvin No2 Limited","repd_ref":"18060","repd_technology":"Solar Photovoltaics","status":"Awaiting Construction","technology":"solar"},"type":"Feature"},{"geometry":{"coordinates":[-2.2017442,51.8685567],"type":"Point"},"id":"GG2050-REPD-16178","properties":{"capacity_mw":3.5,"gg_project_id":"GG2050-REPD-16178","name":"Unilever UK, Corinium Avenue - Solar Panels","operator":"Unilever UK","repd_ref":"16178","repd_technology":"Solar Photovoltaics","status":"Awaiting Construction","technology":"solar"},"type":"Feature"},{"geometry":{"coordinates":[-3.0661134,56.306425],"type":"Point"},"id":"GG2050-REPD-13536","properties":{"capacity_mw":3.5,"gg_project_id":"GG2050-REPD-13536","name":"Uthrogle Mills - Solar Farm","operator":"BayWa R.e Operation Services Limited","repd_ref":"13536","repd_technology":"Solar Photovoltaics","status":"Awaiting Construction","technology":"solar"},"type":"Feature"},{"geometry":{"coordinates":[-2.1608041,51.273023],"type":"Point"},"id":"GG2050-REPD-1314","properties":{"capacity_mw":3.5,"gg_project_id":"GG2050-REPD-1314","name":"Westbury (Closed) Landfill Site","operator":"Viridor","repd_ref":"1314","repd_technology":"Solar Photovoltaics","status":"Operational","technology":"solar"},"type":"Feature"},{"geometry":{"coordinates":[-5.3871896,50.1768565],"type":"Point"},"id":"GG2050-REPD-1604","properties":{"capacity_mw":3.5,"gg_project_id":"GG2050-REPD-1604","name":"Wheal Alfred Road Solar Farm","operator":"TGC Renewables","repd_ref":"1604","repd_technology":"Solar Photovoltaics","status":"Operational","technology":"solar"},"type":"Feature"},{"geometry":{"coordinates":[-2.7952542,51.1302981],"type":"Point"},"id":"GG2050-REPD-2091","properties":{"capacity_mw":3.5,"gg_project_id":"GG2050-REPD-2091","name":"Whitley Farm (1 of 2)","operator":"NextEnery Solar Fund (NESF)","repd_ref":"2091","repd_technology":"Solar Photovoltaics","status":"Operational","technology":"solar"},"type":"Feature"},{"geometry":{"coordinates":[-2.7844049,51.1284741],"type":"Point"},"id":"GG2050-REPD-2092","properties":{"capacity_mw":3.5,"gg_project_id":"GG2050-REPD-2092","name":"Whitley Farm (2 of 2)","operator":"NextEnery Solar Fund (NESF)","repd_ref":"2092","repd_technology":"Solar Photovoltaics","status":"Operational","technology":"solar"},"type":"Feature"},{"geometry":{"coordinates":[0.1621326,52.6378504],"type":"Point"},"id":"GG2050-REPD-4736","properties":{"capacity_mw":3.5,"gg_project_id":"GG2050-REPD-4736","name":"Wisbech Solar Farm","operator":"British Solar Renewables","repd_ref":"4736","repd_technology":"Solar Photovoltaics","status":"Operational","technology":"solar"},"type":"Feature"},{"geometry":{"coordinates":[-1.5319006,54.7247478],"type":"Point"},"id":"GG2050-REPD-10579","properties":{"capacity_mw":3.45,"gg_project_id":"GG2050-REPD-10579","name":"Amazon UK Services - Photovoltaic System","operator":"Zestec Asset Management","repd_ref":"10579","repd_technology":"Solar Photovoltaics","status":"Awaiting Construction","technology":"solar"},"type":"Feature"},{"geometry":{"coordinates":[-3.5304807,51.4795813],"type":"Point"},"id":"GG2050-REPD-5548","properties":{"capacity_mw":3.4,"gg_project_id":"GG2050-REPD-5548","name":"Corntown Farm","operator":"SBC Renewables","repd_ref":"5548","repd_technology":"Solar Photovoltaics","status":"Operational","technology":"solar"},"type":"Feature"},{"geometry":{"coordinates":[-1.1332467,52.0234759],"type":"Point"},"id":"GG2050-REPD-1381","properties":{"capacity_mw":3.4,"gg_project_id":"GG2050-REPD-1381","name":"Land Adjacent to A422","operator":"Lark Energy","repd_ref":"1381","repd_technology":"Solar Photovoltaics","status":"Application Withdrawn","technology":"solar"},"type":"Feature"},{"geometry":{"coordinates":[-2.5117708,53.1041873],"type":"Point"},"id":"GG2050-REPD-5406","properties":{"capacity_mw":3.4,"gg_project_id":"GG2050-REPD-5406","name":"Land To The North Of Dairy House Farm","operator":"Lightsource Renewable Energy","repd_ref":"5406","repd_technology":"Solar Photovoltaics","status":"Operational","technology":"solar"},"type":"Feature"},{"geometry":{"coordinates":[-2.6229691,51.781916],"type":"Point"},"id":"GG2050-REPD-2012","properties":{"capacity_mw":3.4,"gg_project_id":"GG2050-REPD-2012","name":"Pingry Farm - Phase 1","operator":"Coleford Energy","repd_ref":"2012","repd_technology":"Solar Photovoltaics","status":"Operational","technology":"solar"},"type":"Feature"},{"geometry":{"coordinates":[-2.6229691,51.781916],"type":"Point"},"id":"GG2050-REPD-5230","properties":{"capacity_mw":3.4,"gg_project_id":"GG2050-REPD-5230","name":"Pingry Farm - Phase 2","operator":"Coleford Energy","repd_ref":"5230","repd_technology":"Solar Photovoltaics","status":"Operational","technology":"solar"},"type":"Feature"},{"geometry":{"coordinates":[-2.1936525,53.4814439],"type":"Point"},"id":"GG2050-REPD-16119","properties":{"capacity_mw":3.38,"gg_project_id":"GG2050-REPD-16119","name":"City Football Academy, Ashton New Road - Solar panels","operator":"Manchester City Football Club","repd_ref":"16119","repd_technology":"Solar Photovoltaics","status":"Operational","technology":"solar"},"type":"Feature"},{"geometry":{"coordinates":[-1.9200516,52.1024438],"type":"Point"},"id":"GG2050-REPD-1890","properties":{"capacity_mw":3.3,"gg_project_id":"GG2050-REPD-1890","name":"Bypass Nurseries Solar Farm","operator":"Sun Spirit","repd_ref":"1890","repd_technology":"Solar Photovoltaics","status":"Operational","technology":"solar"},"type":"Feature"},{"geometry":{"coordinates":[-1.6542942,53.1032232],"type":"Point"},"id":"GG2050-REPD-5589","properties":{"capacity_mw":3.3,"gg_project_id":"GG2050-REPD-5589","name":"Curzon Lodge Depot","operator":"Longcliffe Quarries","repd_ref":"5589","repd_technology":"Solar Photovoltaics","status":"Application Withdrawn","technology":"solar"},"type":"Feature"},{"geometry":{"coordinates":[-0.6974626,53.3224168],"type":"Point"},"id":"GG2050-REPD-1578","properties":{"capacity_mw":3.3,"gg_project_id":"GG2050-REPD-1578","name":"Danes Farm","operator":"Freewatt Renewable Energy","repd_ref":"1578","repd_technology":"Solar Photovoltaics","status":"Operational","technology":"solar"},"type":"Feature"},{"geometry":{"coordinates":[1.3388689,51.317133],"type":"Point"},"id":"GG2050-REPD-16244","properties":{"capacity_mw":3.3,"gg_project_id":"GG2050-REPD-16244","name":"Jutes Lane, Weatherlees Hill - Solar Panels","operator":"Southern Water Services Limited Head Office","repd_ref":"16244","repd_technology":"Solar Photovoltaics","status":"Awaiting Construction","technology":"solar"},"type":"Feature"},{"geometry":{"coordinates":[-4.354773,51.8492809],"type":"Point"},"id":"GG2050-REPD-1503","properties":{"capacity_mw":3.3,"gg_project_id":"GG2050-REPD-1503","name":"Redcourt Farm","operator":"PS Renewables","repd_ref":"1503","repd_technology":"Solar Photovoltaics","status":"Operational","technology":"solar"},"type":"Feature"},{"geometry":{"coordinates":[-4.1195318,50.9517077],"type":"Point"},"id":"GG2050-REPD-1659","properties":{"capacity_mw":3.3,"gg_project_id":"GG2050-REPD-1659","name":"Week Farm Solar Park","operator":"Unknown","repd_ref":"1659","repd_technology":"Solar Photovoltaics","status":"Operational","technology":"solar"},"type":"Feature"},{"geometry":{"coordinates":[-1.283582,50.884555],"type":"Point"},"id":"GG2050-REPD-15032","properties":{"capacity_mw":3.266,"gg_project_id":"GG2050-REPD-15032","name":"ATS, Sopwith Way - Ground Mounted Solar Photovoltaic Arrays","operator":"NATS","repd_ref":"15032","repd_technology":"Solar Photovoltaics","status":"Awaiting Construction","technology":"solar"},"type":"Feature"},{"geometry":{"coordinates":[-1.7187462,51.5790956],"type":"Point"},"id":"GG2050-REPD-12267","properties":{"capacity_mw":3.26,"gg_project_id":"GG2050-REPD-12267","name":"Amazon, Symmetry Park - Solar Panels","operator":"Push Energy","repd_ref":"12267","repd_technology":"Solar Photovoltaics","status":"Awaiting Construction","technology":"solar"},"type":"Feature"},{"geometry":{"coordinates":[-1.1576696,52.6687777],"type":"Point"},"id":"GG2050-REPD-15743","properties":{"capacity_mw":3.249,"gg_project_id":"GG2050-REPD-15743","name":"Pepsico International Limited, Leycroft Road - Solar Panels","operator":"Walkers Snacks (Distribution) Limited","repd_ref":"15743","repd_technology":"Solar Photovoltaics","status":"Under Construction","technology":"solar"},"type":"Feature"},{"geometry":{"coordinates":[-1.8520456,52.0454858],"type":"Point"},"id":"GG2050-REPD-15917","properties":{"capacity_mw":3.2,"gg_project_id":"GG2050-REPD-15917","name":"Bibsworth Lane, Willersey - Solar Farm","operator":"Farncombe Estates Holding Limited","repd_ref":"15917","repd_technology":"Solar Photovoltaics","status":"Awaiting Construction","technology":"solar"},"type":"Feature"},{"geometry":{"coordinates":[-3.5684539,54.6439945],"type":"Point"},"id":"GG2050-REPD-21016","properties":{"capacity_mw":3.2,"gg_project_id":"GG2050-REPD-21016","name":"Chapel Banks, Curwen Road - Solar Panels","operator":"Murphy Technologies Limited","repd_ref":"21016","repd_technology":"Solar Photovoltaics","status":"Application Submitted","technology":"solar"},"type":"Feature"},{"geometry":{"coordinates":[-1.3019624,50.7350194],"type":"Point"},"id":"GG2050-REPD-1095","properties":{"capacity_mw":3.2,"gg_project_id":"GG2050-REPD-1095","name":"Chawton Farm Solar Farm","operator":"BNRG Renewables","repd_ref":"1095","repd_technology":"Solar Photovoltaics","status":"Operational","technology":"solar"},"type":"Feature"},{"geometry":{"coordinates":[-2.8318876,53.7496539],"type":"Point"},"id":"GG2050-REPD-6523","properties":{"capacity_mw":3.2,"gg_project_id":"GG2050-REPD-6523","name":"Clifton Marsh Wastewater Treatment Works","operator":"United Utilities Water/ Preston City Council","repd_ref":"6523","repd_technology":"Solar Photovoltaics","status":"Operational","technology":"solar"},"type":"Feature"},{"geometry":{"coordinates":[-1.0416302,53.12903],"type":"Point"},"id":"GG2050-REPD-1901","properties":{"capacity_mw":3.2,"gg_project_id":"GG2050-REPD-1901","name":"Featherstone House Farm","operator":"C A Strawson Ltd","repd_ref":"1901","repd_technology":"Solar Photovoltaics","status":"Awaiting Construction","technology":"solar"},"type":"Feature"},{"geometry":{"coordinates":[-0.0966039,52.932271],"type":"Point"},"id":"GG2050-REPD-6174","properties":{"capacity_mw":3.2,"gg_project_id":"GG2050-REPD-6174","name":"Kirton Solar PV Farm","operator":"Ethical Power","repd_ref":"6174","repd_technology":"Solar Photovoltaics","status":"Operational","technology":"solar"},"type":"Feature"},{"geometry":{"coordinates":[-1.4363259,53.7251436],"type":"Point"},"id":"GG2050-REPD-15806","properties":{"capacity_mw":3.2,"gg_project_id":"GG2050-REPD-15806","name":"Phoenix Healthcare Distribution Centre - Solar Panels","operator":"Phoenix Medical Supplies","repd_ref":"15806","repd_technology":"Solar Photovoltaics","status":"Awaiting Construction","technology":"solar"},"type":"Feature"},{"geometry":{"coordinates":[-3.549037,50.4878388],"type":"Point"},"id":"GG2050-REPD-10367","properties":{"capacity_mw":3.2,"gg_project_id":"GG2050-REPD-10367","name":"Torbay Hospital, Nightingale Park - Solar Panel Array","operator":"TDA","repd_ref":"10367","repd_technology":"Solar Photovoltaics","status":"Awaiting Construction","technology":"solar"},"type":"Feature"},{"geometry":{"coordinates":[-4.1300016,50.816567],"type":"Point"},"id":"GG2050-REPD-1341","properties":{"capacity_mw":3.2,"gg_project_id":"GG2050-REPD-1341","name":"Willsland Solar farm","operator":"The Green Company","repd_ref":"1341","repd_technology":"Solar Photovoltaics","status":"Operational","technology":"solar"},"type":"Feature"},{"geometry":{"coordinates":[-4.4216077,50.5311522],"type":"Point"},"id":"GG2050-REPD-1066","properties":{"capacity_mw":3.2,"gg_project_id":"GG2050-REPD-1066","name":"Yonder Netherton","operator":"AEE Renewables","repd_ref":"1066","repd_technology":"Solar Photovoltaics","status":"Abandoned","technology":"solar"},"type":"Feature"},{"geometry":{"coordinates":[-1.2964732,52.0422392],"type":"Point"},"id":"GG2050-REPD-10010","properties":{"capacity_mw":3.168,"gg_project_id":"GG2050-REPD-10010","name":"Cherwell Valley Business Park - Solar Park","operator":"Cherwell Valley Silos Limited","repd_ref":"10010","repd_technology":"Solar Photovoltaics","status":"Awaiting Construction","technology":"solar"},"type":"Feature"},{"geometry":{"coordinates":[-2.3849156,56.9163509],"type":"Point"},"id":"GG2050-REPD-18482","properties":{"capacity_mw":3.15,"gg_project_id":"GG2050-REPD-18482","name":"Droop Hill, Glenbervie - Solar Park","operator":"The Greenspan Agency","repd_ref":"18482","repd_technology":"Solar Photovoltaics","status":"Application Submitted","technology":"solar"},"type":"Feature"},{"geometry":{"coordinates":[-2.5775921,51.5132617],"type":"Point"},"id":"GG2050-REPD-16014","properties":{"capacity_mw":3.1376,"gg_project_id":"GG2050-REPD-16014","name":"Airbus UK Industrial Complex - Solar panels","operator":"Custom Solar Limited","repd_ref":"16014","repd_technology":"Solar Photovoltaics","status":"Awaiting Construction","technology":"solar"},"type":"Feature"},{"geometry":{"coordinates":[-4.891827,50.5026853],"type":"Point"},"id":"GG2050-REPD-1540","properties":{"capacity_mw":3.1,"gg_project_id":"GG2050-REPD-1540","name":"Hawksland Solar","operator":"Moser Baer","repd_ref":"1540","repd_technology":"Solar Photovoltaics","status":"Operational","technology":"solar"},"type":"Feature"},{"geometry":{"coordinates":[-0.2314881,51.2195992],"type":"Point"},"id":"GG2050-REPD-5313","properties":{"capacity_mw":3.1,"gg_project_id":"GG2050-REPD-5313","name":"Land At Flanchford Farm","operator":"Flanchford Solar Park","repd_ref":"5313","repd_technology":"Solar Photovoltaics","status":"Application Refused","technology":"solar"},"type":"Feature"},{"geometry":{"coordinates":[-3.3952015,50.8993009],"type":"Point"},"id":"GG2050-REPD-1063","properties":{"capacity_mw":3.1,"gg_project_id":"GG2050-REPD-1063","name":"Nether Mill Farm","operator":"AEE Renewables","repd_ref":"1063","repd_technology":"Solar Photovoltaics","status":"Revised","technology":"solar"},"type":"Feature"},{"geometry":{"coordinates":[-3.3952015,50.8993009],"type":"Point"},"id":"GG2050-REPD-1303","properties":{"capacity_mw":3.1,"gg_project_id":"GG2050-REPD-1303","name":"Nether Mill Farm","operator":"AEE Renewables","repd_ref":"1303","repd_technology":"Solar Photovoltaics","status":"Operational","technology":"solar"},"type":"Feature"},{"geometry":{"coordinates":[-1.3847,53.5737329],"type":"Point"},"id":"GG2050-REPD-15851","properties":{"capacity_mw":3.1,"gg_project_id":"GG2050-REPD-15851","name":"Park Springs, Long Royd - Solar Panels","operator":"Leggett & Platt Barnsley","repd_ref":"15851","repd_technology":"Solar Photovoltaics","status":"Awaiting Construction","technology":"solar"},"type":"Feature"},{"geometry":{"coordinates":[1.6747485,52.4485027],"type":"Point"},"id":"GG2050-REPD-2284","properties":{"capacity_mw":3.1,"gg_project_id":"GG2050-REPD-2284","name":"Priory Farm","operator":"Private Developer","repd_ref":"2284","repd_technology":"Solar Photovoltaics","status":"Operational","technology":"solar"},"type":"Feature"},{"geometry":{"coordinates":[-2.1497297,53.5418192],"type":"Point"},"id":"GG2050-REPD-19482","properties":{"capacity_mw":3.06,"gg_project_id":"GG2050-REPD-19482","name":"IGC, Lydia Becker Way - Solar Panels","operator":"Ashcroft Electrical Services Limited","repd_ref":"19482","repd_technology":"Solar Photovoltaics","status":"Awaiting Construction","technology":"solar"},"type":"Feature"},{"geometry":{"coordinates":[-2.1320382,57.085202],"type":"Point"},"id":"GG2050-REPD-11933","properties":{"capacity_mw":3.0,"gg_project_id":"GG2050-REPD-11933","name":"Bankhead Recycling - Solar Array, Battery Storage & Hydrogen","operator":"Bankhead Renewable Energy Limited","repd_ref":"11933","repd_technology":"Solar Photovoltaics","status":"Awaiting Construction","technology":"solar"},"type":"Feature"},{"geometry":{"coordinates":[-3.6421042,50.3640578],"type":"Point"},"id":"GG2050-REPD-1283","properties":{"capacity_mw":3.0,"gg_project_id":"GG2050-REPD-1283","name":"Blackawton Solar Farm","operator":"Maria Bailey Planning","repd_ref":"1283","repd_technology":"Solar Photovoltaics","status":"Operational","technology":"solar"},"type":"Feature"},{"geometry":{"coordinates":[-1.1946959,51.7328342],"type":"Point"},"id":"GG2050-REPD-1284","properties":{"capacity_mw":3.0,"gg_project_id":"GG2050-REPD-1284","name":"BMW UK Manufacturing Ltd","operator":"Free Green Energy","repd_ref":"1284","repd_technology":"Solar Photovoltaics","status":"Operational","technology":"solar"},"type":"Feature"},{"geometry":{"coordinates":[-3.0594408,53.0317661],"type":"Point"},"id":"GG2050-REPD-1520","properties":{"capacity_mw":3.0,"gg_project_id":"GG2050-REPD-1520","name":"Bronwylfa Reservoir","operator":"Wrexham County Borough Council","repd_ref":"1520","repd_technology":"Solar Photovoltaics","status":"Operational","technology":"solar"},"type":"Feature"},{"geometry":{"coordinates":[-5.1984228,50.1506372],"type":"Point"},"id":"GG2050-REPD-2124","properties":{"capacity_mw":3.0,"gg_project_id":"GG2050-REPD-2124","name":"Butteriss Solar Park","operator":"Antigua Solar","repd_ref":"2124","repd_technology":"Solar Photovoltaics","status":"Appeal Refused","technology":"solar"},"type":"Feature"},{"geometry":{"coordinates":[-0.4632688,51.8600456],"type":"Point"},"id":"GG2050-REPD-1942","properties":{"capacity_mw":3.0,"gg_project_id":"GG2050-REPD-1942","name":"Caddington Solar Farm (Phase 1)","operator":"Raybridge Corporation","repd_ref":"1942","repd_technology":"Solar Photovoltaics","status":"Operational","technology":"solar"},"type":"Feature"},{"geometry":{"coordinates":[-2.9434264,50.8859228],"type":"Point"},"id":"GG2050-REPD-5102","properties":{"capacity_mw":3.0,"gg_project_id":"GG2050-REPD-5102","name":"Chard Solar Park","operator":"Conergy","repd_ref":"5102","repd_technology":"Solar Photovoltaics","status":"Operational","technology":"solar"},"type":"Feature"},{"geometry":{"coordinates":[-2.1304992,51.111008],"type":"Point"},"id":"GG2050-REPD-20503","properties":{"capacity_mw":3.0,"gg_project_id":"GG2050-REPD-20503","name":"Chicklade EV Service Station - Solar Farm","operator":"Enviromena","repd_ref":"20503","repd_technology":"Solar Photovoltaics","status":"Application Submitted","technology":"solar"},"type":"Feature"},{"geometry":{"coordinates":[-1.6995349,52.5434729],"type":"Point"},"id":"GG2050-REPD-9788","properties":{"capacity_mw":3.0,"gg_project_id":"GG2050-REPD-9788","name":"Coton Road - Solar Photovoltaic Panels","operator":"Food and Rural Affairs","repd_ref":"9788","repd_technology":"Solar Photovoltaics","status":"Awaiting Construction","technology":"solar"},"type":"Feature"},{"geometry":{"coordinates":[-1.2046782,52.1095091],"type":"Point"},"id":"GG2050-REPD-1582","properties":{"capacity_mw":3.0,"gg_project_id":"GG2050-REPD-1582","name":"Culworth House Solar Farm","operator":"Private Developer","repd_ref":"1582","repd_technology":"Solar Photovoltaics","status":"Operational","technology":"solar"},"type":"Feature"},{"geometry":{"coordinates":[-7.3167004,54.9292981],"type":"Point"},"id":"GG2050-REPD-6292","properties":{"capacity_mw":3.0,"gg_project_id":"GG2050-REPD-6292","name":"Curryfree Wind Farm (co-location)","operator":"ESB Solar NI","repd_ref":"6292","repd_technology":"Solar Photovoltaics","status":"Planning Permission Expired","technology":"solar"},"type":"Feature"},{"geometry":{"coordinates":[-4.0948182,50.9679285],"type":"Point"},"id":"GG2050-REPD-1812","properties":{"capacity_mw":3.0,"gg_project_id":"GG2050-REPD-1812","name":"Deep Moor Waste Management Facility - Solar Park","operator":"Devon Waste Management","repd_ref":"1812","repd_technology":"Solar Photovoltaics","status":"Revised","technology":"solar"},"type":"Feature"},{"geometry":{"coordinates":[-3.1956208,55.8685212],"type":"Point"},"id":"GG2050-REPD-7222","properties":{"capacity_mw":3.0,"gg_project_id":"GG2050-REPD-7222","name":"Easter Bush","operator":"University of Edinburgh (Estates Department)","repd_ref":"7222","repd_technology":"Solar Photovoltaics","status":"Under Construction","technology":"solar"},"type":"Feature"},{"geometry":{"coordinates":[-1.274845,53.6023123],"type":"Point"},"id":"GG2050-REPD-11359","properties":{"capacity_mw":3.0,"gg_project_id":"GG2050-REPD-11359","name":"Elmsall Way, South Elmsall - Solar Panels","operator":"Next Holdings","repd_ref":"11359","repd_technology":"Solar Photovoltaics","status":"Under Construction","technology":"solar"},"type":"Feature"},{"geometry":{"coordinates":[-0.269673,51.6576266],"type":"Point"},"id":"GG2050-REPD-14774","properties":{"capacity_mw":3.0,"gg_project_id":"GG2050-REPD-14774","name":"Elstree Film And TV Studios, Shenley Road - Solar Panels","operator":"Sky Studios","repd_ref":"14774","repd_technology":"Solar Photovoltaics","status":"Operational","technology":"solar"},"type":"Feature"},{"geometry":{"coordinates":[-0.9300203,53.9268713],"type":"Point"},"id":"GG2050-REPD-16967","properties":{"capacity_mw":3.0,"gg_project_id":"GG2050-REPD-16967","name":"Elvington Water Treatment Works - Solar Photovoltaic Array","operator":"Downing Renewable Developments","repd_ref":"16967","repd_technology":"Solar Photovoltaics","status":"Awaiting Construction","technology":"solar"},"type":"Feature"},{"geometry":{"coordinates":[-1.6283363,52.5932996],"type":"Point"},"id":"GG2050-REPD-14894","properties":{"capacity_mw":3.0,"gg_project_id":"GG2050-REPD-14894","name":"Euro Car Parts - Solar Panels & Battery Storage","operator":"Ivegate Limited","repd_ref":"14894","repd_technology":"Solar Photovoltaics","status":"Awaiting Construction","technology":"solar"},"type":"Feature"},{"geometry":{"coordinates":[-1.2026941,50.94286],"type":"Point"},"id":"GG2050-REPD-5018","properties":{"capacity_mw":3.0,"gg_project_id":"GG2050-REPD-5018","name":"Forest Farm","operator":"NESF (formerly Earthworm/Waltham Solar)","repd_ref":"5018","repd_technology":"Solar Photovoltaics","status":"Operational","technology":"solar"},"type":"Feature"},{"geometry":{"coordinates":[-2.0584813,53.4551068],"type":"Point"},"id":"GG2050-REPD-5756","properties":{"capacity_mw":3.0,"gg_project_id":"GG2050-REPD-5756","name":"Godley Water Treatment Works","operator":"United Utilities","repd_ref":"5756","repd_technology":"Solar Photovoltaics","status":"Operational","technology":"solar"},"type":"Feature"},{"geometry":{"coordinates":[-4.3769296,50.8042309],"type":"Point"},"id":"GG2050-REPD-1549","properties":{"capacity_mw":3.0,"gg_project_id":"GG2050-REPD-1549","name":"Great Knowle Farm Solar","operator":"The Green Company","repd_ref":"1549","repd_technology":"Solar Photovoltaics","status":"Operational","technology":"solar"},"type":"Feature"},{"geometry":{"coordinates":[-4.4281125,50.4516936],"type":"Point"},"id":"GG2050-REPD-1067","properties":{"capacity_mw":3.0,"gg_project_id":"GG2050-REPD-1067","name":"Higher Trevartha Farm","operator":"Smarter Energy Solutions Ltd","repd_ref":"1067","repd_technology":"Solar Photovoltaics","status":"Operational","technology":"solar"},"type":"Feature"},{"geometry":{"coordinates":[-4.6064653,55.5881824],"type":"Point"},"id":"GG2050-REPD-15595","properties":{"capacity_mw":3.0,"gg_project_id":"GG2050-REPD-15595","name":"Hillhouse Quarry, Railway Bridge - Solar Array","operator":"Hillhouse Quarry Company Limited","repd_ref":"15595","repd_technology":"Solar Photovoltaics","status":"Application Submitted","technology":"solar"},"type":"Feature"},{"geometry":{"coordinates":[-3.2927834,51.4745125],"type":"Point"},"id":"GG2050-REPD-5104","properties":{"capacity_mw":3.0,"gg_project_id":"GG2050-REPD-5104","name":"Home Farm","operator":"Cenin Renewables","repd_ref":"5104","repd_technology":"Solar Photovoltaics","status":"Operational","technology":"solar"},"type":"Feature"},{"geometry":{"coordinates":[-2.4377054,50.5520483],"type":"Point"},"id":"GG2050-REPD-5021","properties":{"capacity_mw":3.0,"gg_project_id":"GG2050-REPD-5021","name":"Independent Quarries","operator":"The Crown Estate and Albion Stone","repd_ref":"5021","repd_technology":"Solar Photovoltaics","status":"Abandoned","technology":"solar"},"type":"Feature"},{"geometry":{"coordinates":[-2.828061,53.3366265],"type":"Point"},"id":"GG2050-REPD-6750","properties":{"capacity_mw":3.0,"gg_project_id":"GG2050-REPD-6750","name":"John Lennon Airport Scheme","operator":"Peel Energy","repd_ref":"6750","repd_technology":"Solar Photovoltaics","status":"Revised","technology":"solar"},"type":"Feature"},{"geometry":{"coordinates":[-2.8302309,53.3370069],"type":"Point"},"id":"GG2050-REPD-9089","properties":{"capacity_mw":3.0,"gg_project_id":"GG2050-REPD-9089","name":"John Lennon Airport Scheme","operator":"Liverpool John Lennon Airport Plc","repd_ref":"9089","repd_technology":"Solar Photovoltaics","status":"Revised","technology":"solar"},"type":"Feature"},{"geometry":{"coordinates":[-0.5588025,52.6441024],"type":"Point"},"id":"GG2050-REPD-1772","properties":{"capacity_mw":3.0,"gg_project_id":"GG2050-REPD-1772","name":"Ketton solar farm - phase 2","operator":"Lark Energy","repd_ref":"1772","repd_technology":"Solar Photovoltaics","status":"Operational","technology":"solar"},"type":"Feature"},{"geometry":{"coordinates":[0.3856402,51.2802405],"type":"Point"},"id":"GG2050-REPD-9749","properties":{"capacity_mw":3.0,"gg_project_id":"GG2050-REPD-9749","name":"Kingshill Solar Farm","operator":"Kent County Council","repd_ref":"9749","repd_technology":"Solar Photovoltaics","status":"Operational","technology":"solar"},"type":"Feature"},{"geometry":{"coordinates":[-1.690861,53.008893],"type":"Point"},"id":"GG2050-REPD-5212","properties":{"capacity_mw":3.0,"gg_project_id":"GG2050-REPD-5212","name":"Lady Hole Farm","operator":"Solarig","repd_ref":"5212","repd_technology":"Solar Photovoltaics","status":"Operational","technology":"solar"},"type":"Feature"},{"geometry":{"coordinates":[-0.5449178,50.8196444],"type":"Point"},"id":"GG2050-REPD-4933","properties":{"capacity_mw":3.0,"gg_project_id":"GG2050-REPD-4933","name":"Land at Brookbarn Farm","operator":"Anesco","repd_ref":"4933","repd_technology":"Solar Photovoltaics","status":"Operational","technology":"solar"},"type":"Feature"},{"geometry":{"coordinates":[-1.4898753,52.7564789],"type":"Point"},"id":"GG2050-REPD-5377","properties":{"capacity_mw":3.0,"gg_project_id":"GG2050-REPD-5377","name":"Land at Ingles Hill Farm","operator":"Sunventures (Suncredit UK)","repd_ref":"5377","repd_technology":"Solar Photovoltaics","status":"Operational","technology":"solar"},"type":"Feature"},{"geometry":{"coordinates":[-1.2924082,53.2585364],"type":"Point"},"id":"GG2050-REPD-5591","properties":{"capacity_mw":3.0,"gg_project_id":"GG2050-REPD-5591","name":"Land at Oxcroft Stocking Ground","operator":"Anesco","repd_ref":"5591","repd_technology":"Solar Photovoltaics","status":"Operational","technology":"solar"},"type":"Feature"},{"geometry":{"coordinates":[-5.2133522,50.217875],"type":"Point"},"id":"GG2050-REPD-5888","properties":{"capacity_mw":3.0,"gg_project_id":"GG2050-REPD-5888","name":"Land At Penstruthal Farm","operator":"Big 60 Million","repd_ref":"5888","repd_technology":"Solar Photovoltaics","status":"Application Refused","technology":"solar"},"type":"Feature"},{"geometry":{"coordinates":[-0.4431826,51.6899352],"type":"Point"},"id":"GG2050-REPD-12762","properties":{"capacity_mw":3.0,"gg_project_id":"GG2050-REPD-12762","name":"Langleybury Film Hub","operator":"Ralph Trustees Limited","repd_ref":"12762","repd_technology":"Solar Photovoltaics","status":"Application Submitted","technology":"solar"},"type":"Feature"},{"geometry":{"coordinates":[-2.8302309,53.3370069],"type":"Point"},"id":"GG2050-REPD-10431","properties":{"capacity_mw":3.0,"gg_project_id":"GG2050-REPD-10431","name":"Liverpool John Lennon Airport - Solar Farm","operator":"Liverpool Airport Limited","repd_ref":"10431","repd_technology":"Solar Photovoltaics","status":"Application Refused","technology":"solar"},"type":"Feature"},{"geometry":{"coordinates":[-4.5663802,55.8476784],"type":"Point"},"id":"GG2050-REPD-15132","properties":{"capacity_mw":3.0,"gg_project_id":"GG2050-REPD-15132","name":"Locher Works, Kilbarchan Road - Solar Photovoltaic Array","operator":"Bluestone Energy","repd_ref":"15132","repd_technology":"Solar Photovoltaics","status":"Awaiting Construction","technology":"solar"},"type":"Feature"},{"geometry":{"coordinates":[0.6937639,51.575493],"type":"Point"},"id":"GG2050-REPD-4756","properties":{"capacity_mw":3.0,"gg_project_id":"GG2050-REPD-4756","name":"London Southend Airport","operator":"London Southend Airport Ltd","repd_ref":"4756","repd_technology":"Solar Photovoltaics","status":"Revised","technology":"solar"},"type":"Feature"},{"geometry":{"coordinates":[-4.6975664,50.4671362],"type":"Point"},"id":"GG2050-REPD-4878","properties":{"capacity_mw":3.0,"gg_project_id":"GG2050-REPD-4878","name":"Margate Solar Farm","operator":"Lanhydrock Estate Company","repd_ref":"4878","repd_technology":"Solar Photovoltaics","status":"Operational","technology":"solar"},"type":"Feature"},{"geometry":{"coordinates":[-4.24066,50.354988],"type":"Point"},"id":"GG2050-REPD-2167","properties":{"capacity_mw":3.0,"gg_project_id":"GG2050-REPD-2167","name":"Mendennick Farm","operator":"REG Solarpower","repd_ref":"2167","repd_technology":"Solar Photovoltaics","status":"Revised","technology":"solar"},"type":"Feature"},{"geometry":{"coordinates":[-4.1367787,51.6696827],"type":"Point"},"id":"GG2050-REPD-5897","properties":{"capacity_mw":3.0,"gg_project_id":"GG2050-REPD-5897","name":"Morfa Ynys Farmlands","operator":"Energi Generation (formerly Solar Park Developments)","repd_ref":"5897","repd_technology":"Solar Photovoltaics","status":"Planning Permission Expired","technology":"solar"},"type":"Feature"},{"geometry":{"coordinates":[-4.0710189,51.7688163],"type":"Point"},"id":"GG2050-REPD-1286","properties":{"capacity_mw":3.0,"gg_project_id":"GG2050-REPD-1286","name":"New Lodge Farm - Solar","operator":"Clean Power Properties","repd_ref":"1286","repd_technology":"Solar Photovoltaics","status":"Application Refused","technology":"solar"},"type":"Feature"},{"geometry":{"coordinates":[-1.6986581,55.0375801],"type":"Point"},"id":"GG2050-REPD-9755","properties":{"capacity_mw":3.0,"gg_project_id":"GG2050-REPD-9755","name":"Newcastle International Airport Phase 1 -Solar Farm","operator":"Newcastle International Airport","repd_ref":"9755","repd_technology":"Solar Photovoltaics","status":"Under Construction","technology":"solar"},"type":"Feature"},{"geometry":{"coordinates":[-2.7615729,54.3560531],"type":"Point"},"id":"GG2050-REPD-13024","properties":{"capacity_mw":3.0,"gg_project_id":"GG2050-REPD-13024","name":"North James Cropper, Garnett Bridge Road - Solar Array","operator":"Ellergreen Hydro","repd_ref":"13024","repd_technology":"Solar Photovoltaics","status":"Awaiting Construction","technology":"solar"},"type":"Feature"},{"geometry":{"coordinates":[-2.0950784,50.7448737],"type":"Point"},"id":"GG2050-REPD-2047","properties":{"capacity_mw":3.0,"gg_project_id":"GG2050-REPD-2047","name":"North of Newton Farm","operator":"Primrose Solar","repd_ref":"2047","repd_technology":"Solar Photovoltaics","status":"Operational","technology":"solar"},"type":"Feature"},{"geometry":{"coordinates":[-2.8280287,54.0562911],"type":"Point"},"id":"GG2050-REPD-8071","properties":{"capacity_mw":3.0,"gg_project_id":"GG2050-REPD-8071","name":"Salt Ayre Leisure Centre - Solar Farm","operator":"Lancaster City Council","repd_ref":"8071","repd_technology":"Solar Photovoltaics","status":"Awaiting Construction","technology":"solar"},"type":"Feature"},{"geometry":{"coordinates":[-4.6444644,55.5927164],"type":"Point"},"id":"GG2050-REPD-5611","properties":{"capacity_mw":3.0,"gg_project_id":"GG2050-REPD-5611","name":"Shewalton Landfill Site","operator":"North Ayrshire Council","repd_ref":"5611","repd_technology":"Solar Photovoltaics","status":"Abandoned","technology":"solar"},"type":"Feature"},{"geometry":{"coordinates":[-1.3577821,51.3705092],"type":"Point"},"id":"GG2050-REPD-14241","properties":{"capacity_mw":3.0,"gg_project_id":"GG2050-REPD-14241","name":"Spring Gardens - Solar Farm","operator":"Calleva Community Energy Limited","repd_ref":"14241","repd_technology":"Solar Photovoltaics","status":"Awaiting Construction","technology":"solar"},"type":"Feature"},{"geometry":{"coordinates":[-1.3598535,50.8094963],"type":"Point"},"id":"GG2050-REPD-1669","properties":{"capacity_mw":3.0,"gg_project_id":"GG2050-REPD-1669","name":"The Manor of Cadland Estate - extension","operator":"Manor of Cadland","repd_ref":"1669","repd_technology":"Solar Photovoltaics","status":"Operational","technology":"solar"},"type":"Feature"},{"geometry":{"coordinates":[-3.9066148,51.6245298],"type":"Point"},"id":"GG2050-REPD-10018","properties":{"capacity_mw":3.0,"gg_project_id":"GG2050-REPD-10018","name":"Tir John Solar Farm","operator":"Swansea City and County Council","repd_ref":"10018","repd_technology":"Solar Photovoltaics","status":"Awaiting Construction","technology":"solar"},"type":"Feature"},{"geometry":{"coordinates":[-3.0208052,51.6329954],"type":"Point"},"id":"GG2050-REPD-7240","properties":{"capacity_mw":3.0,"gg_project_id":"GG2050-REPD-7240","name":"Ty Coch Hollybush Way","operator":"Torfaen CBC","repd_ref":"7240","repd_technology":"Solar Photovoltaics","status":"Awaiting Construction","technology":"solar"},"type":"Feature"},{"geometry":{"coordinates":[-2.9115987,51.2216729],"type":"Point"},"id":"GG2050-REPD-2201","properties":{"capacity_mw":3.0,"gg_project_id":"GG2050-REPD-2201","name":"Yardwall Manor","operator":"Foresight","repd_ref":"2201","repd_technology":"Solar Photovoltaics","status":"Operational","technology":"solar"},"type":"Feature"},{"geometry":{"coordinates":[-1.6814017,52.5898402],"type":"Point"},"id":"GG2050-REPD-20804","properties":{"capacity_mw":2.97,"gg_project_id":"GG2050-REPD-20804","name":"Kingsbury Pallets, Rush Lane - Solar Panels","operator":"Kingsbury Pallets Limited","repd_ref":"20804","repd_technology":"Solar Photovoltaics","status":"Application Submitted","technology":"solar"},"type":"Feature"},{"geometry":{"coordinates":[-2.6205069,51.5408443],"type":"Point"},"id":"GG2050-REPD-8450","properties":{"capacity_mw":2.97,"gg_project_id":"GG2050-REPD-8450","name":"The Wave - Solar & Battery Development","operator":"The Wave Group Limited","repd_ref":"8450","repd_technology":"Solar Photovoltaics","status":"Awaiting Construction","technology":"solar"},"type":"Feature"},{"geometry":{"coordinates":[-0.8482451,53.7532673],"type":"Point"},"id":"GG2050-REPD-15817","properties":{"capacity_mw":2.946,"gg_project_id":"GG2050-REPD-15817","name":"Howdens Joinery, Thorpe Road - Solar Panels","operator":"Howden Joinery Properties Limited","repd_ref":"15817","repd_technology":"Solar Photovoltaics","status":"Awaiting Construction","technology":"solar"},"type":"Feature"},{"geometry":{"coordinates":[-1.2744952,53.7240847],"type":"Point"},"id":"GG2050-REPD-17648","properties":{"capacity_mw":2.945,"gg_project_id":"GG2050-REPD-17648","name":"Siniat, Kirkhaw Lane - Solar PV Panels","operator":"Siniat Limited","repd_ref":"17648","repd_technology":"Solar Photovoltaics","status":"Awaiting Construction","technology":"solar"},"type":"Feature"},{"geometry":{"coordinates":[-2.838551,51.3922035],"type":"Point"},"id":"GG2050-REPD-14415","properties":{"capacity_mw":2.93,"gg_project_id":"GG2050-REPD-14415","name":"Smart Systems Limited, Arnolds Way - Solar Panels","operator":"Smart Systems Limited","repd_ref":"14415","repd_technology":"Solar Photovoltaics","status":"Under Construction","technology":"solar"},"type":"Feature"},{"geometry":{"coordinates":[-2.4722376,53.1058969],"type":"Point"},"id":"GG2050-REPD-6246","properties":{"capacity_mw":2.9,"gg_project_id":"GG2050-REPD-6246","name":"Bentley Motors","operator":"Bentley Motors","repd_ref":"6246","repd_technology":"Solar Photovoltaics","status":"Operational","technology":"solar"},"type":"Feature"},{"geometry":{"coordinates":[-5.0815288,50.3044983],"type":"Point"},"id":"GG2050-REPD-1028","properties":{"capacity_mw":2.9,"gg_project_id":"GG2050-REPD-1028","name":"Chynoweth Farm","operator":"Low carbon Solar Partners","repd_ref":"1028","repd_technology":"Solar Photovoltaics","status":"Operational","technology":"solar"},"type":"Feature"},{"geometry":{"coordinates":[-0.8429833,52.458358],"type":"Point"},"id":"GG2050-REPD-4705","properties":{"capacity_mw":2.9,"gg_project_id":"GG2050-REPD-4705","name":"Eckland Lodge Farm","operator":"Stuart Howes & Son Ltd","repd_ref":"4705","repd_technology":"Solar Photovoltaics","status":"Operational","technology":"solar"},"type":"Feature"},{"geometry":{"coordinates":[-2.623614,53.7915183],"type":"Point"},"id":"GG2050-REPD-5261","properties":{"capacity_mw":2.9,"gg_project_id":"GG2050-REPD-5261","name":"Fell View Farm (Phase 2)","operator":"Anesco","repd_ref":"5261","repd_technology":"Solar Photovoltaics","status":"Operational","technology":"solar"},"type":"Feature"},{"geometry":{"coordinates":[-4.2941538,52.1964172],"type":"Point"},"id":"GG2050-REPD-6053","properties":{"capacity_mw":2.9,"gg_project_id":"GG2050-REPD-6053","name":"Pant Cefn Farm","operator":"Belvedere Energy Developments","repd_ref":"6053","repd_technology":"Solar Photovoltaics","status":"Planning Permission Expired","technology":"solar"},"type":"Feature"},{"geometry":{"coordinates":[-3.3062958,51.0384768],"type":"Point"},"id":"GG2050-REPD-1274","properties":{"capacity_mw":2.9,"gg_project_id":"GG2050-REPD-1274","name":"Sandys Moor Road","operator":"Anesco","repd_ref":"1274","repd_technology":"Solar Photovoltaics","status":"Operational","technology":"solar"},"type":"Feature"},{"geometry":{"coordinates":[0.9444429,52.0485662],"type":"Point"},"id":"GG2050-REPD-1893","properties":{"capacity_mw":2.8,"gg_project_id":"GG2050-REPD-1893","name":"Babergh Home Solar Scheme","operator":"Babergh District Council","repd_ref":"1893","repd_technology":"Solar Photovoltaics","status":"Operational","technology":"solar"},"type":"Feature"},{"geometry":{"coordinates":[0.2349138,52.060515],"type":"Point"},"id":"GG2050-REPD-8983","properties":{"capacity_mw":2.8,"gg_project_id":"GG2050-REPD-8983","name":"Chesterford Park - Green Energy Hub","operator":"Chesterford Park (General Partner) Limited","repd_ref":"8983","repd_technology":"Solar Photovoltaics","status":"Awaiting Construction","technology":"solar"},"type":"Feature"},{"geometry":{"coordinates":[-5.1608149,50.1499677],"type":"Point"},"id":"GG2050-REPD-2119","properties":{"capacity_mw":2.8,"gg_project_id":"GG2050-REPD-2119","name":"HALVASSO - SOLAR FARM","operator":"Private Developer","repd_ref":"2119","repd_technology":"Solar Photovoltaics","status":"Abandoned","technology":"solar"},"type":"Feature"},{"geometry":{"coordinates":[0.7195144,51.8247561],"type":"Point"},"id":"GG2050-REPD-1999","properties":{"capacity_mw":2.8,"gg_project_id":"GG2050-REPD-1999","name":"Highfields Farm (Braintree)","operator":"Hive Energy","repd_ref":"1999","repd_technology":"Solar Photovoltaics","status":"Operational","technology":"solar"},"type":"Feature"},{"geometry":{"coordinates":[-1.1113662,51.3118372],"type":"Point"},"id":"GG2050-REPD-2001","properties":{"capacity_mw":2.8,"gg_project_id":"GG2050-REPD-2001","name":"Hill End Farm","operator":"Lightsource Renewable Energy","repd_ref":"2001","repd_technology":"Solar Photovoltaics","status":"Operational","technology":"solar"},"type":"Feature"},{"geometry":{"coordinates":[-4.0966918,52.5899697],"type":"Point"},"id":"GG2050-REPD-5389","properties":{"capacity_mw":2.8,"gg_project_id":"GG2050-REPD-5389","name":"Land at Morfa Camp","operator":"Novus Solar Developments","repd_ref":"5389","repd_technology":"Solar Photovoltaics","status":"Operational","technology":"solar"},"type":"Feature"},{"geometry":{"coordinates":[-1.3597373,52.6358886],"type":"Point"},"id":"GG2050-REPD-4934","properties":{"capacity_mw":2.8,"gg_project_id":"GG2050-REPD-4934","name":"Land North East Of Heath Farm","operator":"Earthworm","repd_ref":"4934","repd_technology":"Solar Photovoltaics","status":"Application Withdrawn","technology":"solar"},"type":"Feature"},{"geometry":{"coordinates":[-1.4404786,52.7561485],"type":"Point"},"id":"GG2050-REPD-4841","properties":{"capacity_mw":2.8,"gg_project_id":"GG2050-REPD-4841","name":"Lount solar farm","operator":"Hadstone Energy","repd_ref":"4841","repd_technology":"Solar Photovoltaics","status":"Operational","technology":"solar"},"type":"Feature"},{"geometry":{"coordinates":[-1.1814737,51.4517306],"type":"Point"},"id":"GG2050-REPD-5678","properties":{"capacity_mw":2.8,"gg_project_id":"GG2050-REPD-5678","name":"Mazelands Farm","operator":"Anesco","repd_ref":"5678","repd_technology":"Solar Photovoltaics","status":"Application Refused","technology":"solar"},"type":"Feature"},{"geometry":{"coordinates":[-4.24066,50.354988],"type":"Point"},"id":"GG2050-REPD-4891","properties":{"capacity_mw":2.8,"gg_project_id":"GG2050-REPD-4891","name":"Mendennick Farm","operator":"REG Solarpower","repd_ref":"4891","repd_technology":"Solar Photovoltaics","status":"Operational","technology":"solar"},"type":"Feature"},{"geometry":{"coordinates":[-3.5136658,55.9143441],"type":"Point"},"id":"GG2050-REPD-15820","properties":{"capacity_mw":2.8,"gg_project_id":"GG2050-REPD-15820","name":"Nettlehill Road - Solar Panels","operator":"Zestec Renewable Energy","repd_ref":"15820","repd_technology":"Solar Photovoltaics","status":"Awaiting Construction","technology":"solar"},"type":"Feature"},{"geometry":{"coordinates":[-1.7870276,52.1011191],"type":"Point"},"id":"GG2050-REPD-2051","properties":{"capacity_mw":2.8,"gg_project_id":"GG2050-REPD-2051","name":"Norton Hall","operator":"Ms Power Projects Ltd","repd_ref":"2051","repd_technology":"Solar Photovoltaics","status":"Operational","technology":"solar"},"type":"Feature"},{"geometry":{"coordinates":[0.2332394,51.4969516],"type":"Point"},"id":"GG2050-REPD-18413","properties":{"capacity_mw":2.8,"gg_project_id":"GG2050-REPD-18413","name":"Ocado Operating Limited, New Purfleet Road - Solar Panels","operator":"Saber Renewable Energy Limited","repd_ref":"18413","repd_technology":"Solar Photovoltaics","status":"Awaiting Construction","technology":"solar"},"type":"Feature"},{"geometry":{"coordinates":[-3.7608491,50.8418358],"type":"Point"},"id":"GG2050-REPD-5152","properties":{"capacity_mw":2.8,"gg_project_id":"GG2050-REPD-5152","name":"Sharland Solar Farm","operator":"Lightsource Renewable Energy","repd_ref":"5152","repd_technology":"Solar Photovoltaics","status":"Operational","technology":"solar"},"type":"Feature"},{"geometry":{"coordinates":[-2.9624207,51.2698054],"type":"Point"},"id":"GG2050-REPD-5536","properties":{"capacity_mw":2.8,"gg_project_id":"GG2050-REPD-5536","name":"Wick Lane Solar Ltd","operator":"Navitas Project","repd_ref":"5536","repd_technology":"Solar Photovoltaics","status":"Operational","technology":"solar"},"type":"Feature"},{"geometry":{"coordinates":[-5.1613002,50.1511689],"type":"Point"},"id":"GG2050-REPD-1440","properties":{"capacity_mw":2.8,"gg_project_id":"GG2050-REPD-1440","name":"Yew Tree Cottage","operator":"Lightsource Renewable Energy","repd_ref":"1440","repd_technology":"Solar Photovoltaics","status":"Application Withdrawn","technology":"solar"},"type":"Feature"},{"geometry":{"coordinates":[-1.2203368,53.1271697],"type":"Point"},"id":"GG2050-REPD-9657","properties":{"capacity_mw":2.73,"gg_project_id":"GG2050-REPD-9657","name":"Sherwood Way South","operator":"Zestec Asset Management","repd_ref":"9657","repd_technology":"Solar Photovoltaics","status":"Awaiting Construction","technology":"solar"},"type":"Feature"},{"geometry":{"coordinates":[-0.1478757,52.5497492],"type":"Point"},"id":"GG2050-REPD-1542","properties":{"capacity_mw":2.7,"gg_project_id":"GG2050-REPD-1542","name":"Black Bush Farm","operator":"Lark Energy","repd_ref":"1542","repd_technology":"Solar Photovoltaics","status":"Operational","technology":"solar"},"type":"Feature"},{"geometry":{"coordinates":[-3.5565299,50.3962097],"type":"Point"},"id":"GG2050-REPD-9181","properties":{"capacity_mw":2.7,"gg_project_id":"GG2050-REPD-9181","name":"Brokenbury Farm, Galmpton - Solar Farm","operator":"Torbay Development Agency","repd_ref":"9181","repd_technology":"Solar Photovoltaics","status":"Awaiting Construction","technology":"solar"},"type":"Feature"},{"geometry":{"coordinates":[-1.5528574,50.7400367],"type":"Point"},"id":"GG2050-REPD-1907","properties":{"capacity_mw":2.7,"gg_project_id":"GG2050-REPD-1907","name":"Lower Pennington Farm","operator":"West Solent Solar Cooperative","repd_ref":"1907","repd_technology":"Solar Photovoltaics","status":"Operational","technology":"solar"},"type":"Feature"},{"geometry":{"coordinates":[0.9202053,52.8680448],"type":"Point"},"id":"GG2050-REPD-4739","properties":{"capacity_mw":2.7,"gg_project_id":"GG2050-REPD-4739","name":"Snettisham Solar Farm","operator":"Solar Associates","repd_ref":"4739","repd_technology":"Solar Photovoltaics","status":"Operational","technology":"solar"},"type":"Feature"},{"geometry":{"coordinates":[-1.3141921,52.6843139],"type":"Point"},"id":"GG2050-REPD-5368","properties":{"capacity_mw":2.7,"gg_project_id":"GG2050-REPD-5368","name":"Thornton Lane","operator":"Green Hedge (BayWa r.e.)","repd_ref":"5368","repd_technology":"Solar Photovoltaics","status":"Operational","technology":"solar"},"type":"Feature"},{"geometry":{"coordinates":[1.3484238,51.3513291],"type":"Point"},"id":"GG2050-REPD-18715","properties":{"capacity_mw":2.7,"gg_project_id":"GG2050-REPD-18715","name":"Waste Processing Plant, Manston Road North - Solar Farm","operator":"Speciality Breads Limited","repd_ref":"18715","repd_technology":"Solar Photovoltaics","status":"Awaiting Construction","technology":"solar"},"type":"Feature"},{"geometry":{"coordinates":[-4.1221549,50.4377292],"type":"Point"},"id":"GG2050-REPD-12848","properties":{"capacity_mw":2.65,"gg_project_id":"GG2050-REPD-12848","name":"Roborough Solar Farm","operator":"Regener8 Power (Plymouth)","repd_ref":"12848","repd_technology":"Solar Photovoltaics","status":"Awaiting Construction","technology":"solar"},"type":"Feature"},{"geometry":{"coordinates":[-4.1224331,50.4373374],"type":"Point"},"id":"GG2050-REPD-12924","properties":{"capacity_mw":2.65,"gg_project_id":"GG2050-REPD-12924","name":"Roborough Solar Farm","operator":"Regener8 Power (South Hampshire)","repd_ref":"12924","repd_technology":"Solar Photovoltaics","status":"Awaiting Construction","technology":"solar"},"type":"Feature"},{"geometry":{"coordinates":[-5.1996109,50.2561636],"type":"Point"},"id":"GG2050-REPD-13463","properties":{"capacity_mw":2.65,"gg_project_id":"GG2050-REPD-13463","name":"Roddas, The Creamery - Solar Photovoltaic Array","operator":"Roddas","repd_ref":"13463","repd_technology":"Solar Photovoltaics","status":"Awaiting Construction","technology":"solar"},"type":"Feature"},{"geometry":{"coordinates":[-0.0216485,51.6768925],"type":"Point"},"id":"GG2050-REPD-15182","properties":{"capacity_mw":2.64,"gg_project_id":"GG2050-REPD-15182","name":"Iceland, Solar Way - Solar Photovoltaic Array","operator":"Ortus Energy","repd_ref":"15182","repd_technology":"Solar Photovoltaics","status":"Awaiting Construction","technology":"solar"},"type":"Feature"},{"geometry":{"coordinates":[-0.1992758,51.1867336],"type":"Point"},"id":"GG2050-REPD-1800","properties":{"capacity_mw":2.6,"gg_project_id":"GG2050-REPD-1800","name":"Britannia Crest","operator":"Green Switch Solutions","repd_ref":"1800","repd_technology":"Solar Photovoltaics","status":"Appeal Refused","technology":"solar"},"type":"Feature"},{"geometry":{"coordinates":[0.2827205,51.5587251],"type":"Point"},"id":"GG2050-REPD-4890","properties":{"capacity_mw":2.6,"gg_project_id":"GG2050-REPD-4890","name":"Cranham Golf Course","operator":"Cranham Golf Course","repd_ref":"4890","repd_technology":"Solar Photovoltaics","status":"Application Refused","technology":"solar"},"type":"Feature"},{"geometry":{"coordinates":[0.2827205,51.5587251],"type":"Point"},"id":"GG2050-REPD-2117","properties":{"capacity_mw":2.6,"gg_project_id":"GG2050-REPD-2117","name":"Cranham Golf Course Solar Park","operator":"Cranham Golf Course","repd_ref":"2117","repd_technology":"Solar Photovoltaics","status":"Operational","technology":"solar"},"type":"Feature"},{"geometry":{"coordinates":[-1.317658,52.6555485],"type":"Point"},"id":"GG2050-REPD-11513","properties":{"capacity_mw":2.6,"gg_project_id":"GG2050-REPD-11513","name":"Desford Brick Works, Bagworth - Solar Panels","operator":"Leicestershire County Council","repd_ref":"11513","repd_technology":"Solar Photovoltaics","status":"Operational","technology":"solar"},"type":"Feature"},{"geometry":{"coordinates":[-0.8697869,52.0714945],"type":"Point"},"id":"GG2050-REPD-5677","properties":{"capacity_mw":2.6,"gg_project_id":"GG2050-REPD-5677","name":"Knotwood Fields Farm","operator":"Global Renewable Construction","repd_ref":"5677","repd_technology":"Solar Photovoltaics","status":"Planning Permission Expired","technology":"solar"},"type":"Feature"},{"geometry":{"coordinates":[-3.1803971,51.6882274],"type":"Point"},"id":"GG2050-REPD-4734","properties":{"capacity_mw":2.6,"gg_project_id":"GG2050-REPD-4734","name":"Land at Darran Farm","operator":"SRE (Darran)","repd_ref":"4734","repd_technology":"Solar Photovoltaics","status":"Operational","technology":"solar"},"type":"Feature"},{"geometry":{"coordinates":[-1.1115516,52.8033068],"type":"Point"},"id":"GG2050-REPD-1285","properties":{"capacity_mw":2.6,"gg_project_id":"GG2050-REPD-1285","name":"Land to the East of Burton Lane","operator":"EBS Energy LLP","repd_ref":"1285","repd_technology":"Solar Photovoltaics","status":"Operational","technology":"solar"},"type":"Feature"},{"geometry":{"coordinates":[-2.5858481,51.2138485],"type":"Point"},"id":"GG2050-REPD-2127","properties":{"capacity_mw":2.6,"gg_project_id":"GG2050-REPD-2127","name":"Pitts Farm","operator":"Lightsource BP","repd_ref":"2127","repd_technology":"Solar Photovoltaics","status":"Operational","technology":"solar"},"type":"Feature"},{"geometry":{"coordinates":[-1.00715,53.188059],"type":"Point"},"id":"GG2050-REPD-4983","properties":{"capacity_mw":2.6,"gg_project_id":"GG2050-REPD-4983","name":"Rufford Lane","operator":"Anesco","repd_ref":"4983","repd_technology":"Solar Photovoltaics","status":"Operational","technology":"solar"},"type":"Feature"},{"geometry":{"coordinates":[-1.7946271,52.9159708],"type":"Point"},"id":"GG2050-REPD-5022","properties":{"capacity_mw":2.6,"gg_project_id":"GG2050-REPD-5022","name":"Somersal Mill Farm","operator":"Navitas Project","repd_ref":"5022","repd_technology":"Solar Photovoltaics","status":"Operational","technology":"solar"},"type":"Feature"},{"geometry":{"coordinates":[0.2268147,50.9200502],"type":"Point"},"id":"GG2050-REPD-1507","properties":{"capacity_mw":2.6,"gg_project_id":"GG2050-REPD-1507","name":"Stone Hill","operator":"Solar Century","repd_ref":"1507","repd_technology":"Solar Photovoltaics","status":"Operational","technology":"solar"},"type":"Feature"},{"geometry":{"coordinates":[-3.9690075,50.3529635],"type":"Point"},"id":"GG2050-REPD-1246","properties":{"capacity_mw":2.6,"gg_project_id":"GG2050-REPD-1246","name":"Yealmpton","operator":"Lightsource Renewable Energy","repd_ref":"1246","repd_technology":"Solar Photovoltaics","status":"Application Withdrawn","technology":"solar"},"type":"Feature"},{"geometry":{"coordinates":[-1.1401612,53.3185085],"type":"Point"},"id":"GG2050-REPD-17366","properties":{"capacity_mw":2.58964,"gg_project_id":"GG2050-REPD-17366","name":"Premier Grocery Products Limited, Claylands Avenue - Solar panels","operator":"Premier Foods","repd_ref":"17366","repd_technology":"Solar Photovoltaics","status":"Awaiting Construction","technology":"solar"},"type":"Feature"},{"geometry":{"coordinates":[-0.5445851,51.3449139],"type":"Point"},"id":"GG2050-REPD-19536","properties":{"capacity_mw":2.556,"gg_project_id":"GG2050-REPD-19536","name":"Mclaren Technology Centre, Chertsey Road - Solar Panels","operator":"McLaren Group Limited","repd_ref":"19536","repd_technology":"Solar Photovoltaics","status":"Awaiting Construction","technology":"solar"},"type":"Feature"},{"geometry":{"coordinates":[-1.7429039,51.5995972],"type":"Point"},"id":"GG2050-REPD-5653","properties":{"capacity_mw":2.5,"gg_project_id":"GG2050-REPD-5653","name":"B&Q Swindon DC","operator":"Kingfisher Scottish Limited Partnership","repd_ref":"5653","repd_technology":"Solar Photovoltaics","status":"Operational","technology":"solar"},"type":"Feature"},{"geometry":{"coordinates":[-2.3479714,53.2715597],"type":"Point"},"id":"GG2050-REPD-10809","properties":{"capacity_mw":2.5,"gg_project_id":"GG2050-REPD-10809","name":"Barclays Bank Plc, Radbroke Solar Carport - Solar Panels","operator":"Barclays Plc","repd_ref":"10809","repd_technology":"Solar Photovoltaics","status":"Under Construction","technology":"solar"},"type":"Feature"},{"geometry":{"coordinates":[-1.8136096,51.5737906],"type":"Point"},"id":"GG2050-REPD-6069","properties":{"capacity_mw":2.5,"gg_project_id":"GG2050-REPD-6069","name":"Barnfield Solar Park","operator":"Public Power Solutions","repd_ref":"6069","repd_technology":"Solar Photovoltaics","status":"Operational","technology":"solar"},"type":"Feature"},{"geometry":{"coordinates":[-2.7813624,53.7065535],"type":"Point"},"id":"GG2050-REPD-5838","properties":{"capacity_mw":2.5,"gg_project_id":"GG2050-REPD-5838","name":"Carver Hay, moss lane","operator":"Navitas Project","repd_ref":"5838","repd_technology":"Solar Photovoltaics","status":"Operational","technology":"solar"},"type":"Feature"},{"geometry":{"coordinates":[-1.1765285,53.5812365],"type":"Point"},"id":"GG2050-REPD-12507","properties":{"capacity_mw":2.5,"gg_project_id":"GG2050-REPD-12507","name":"Croft Farm, Askern Road - Solar Array & Hydrogen Plant","operator":"CF Estates (Yorkshire) Limited","repd_ref":"12507","repd_technology":"Solar Photovoltaics","status":"Under Construction","technology":"solar"},"type":"Feature"},{"geometry":{"coordinates":[1.559536,52.5202711],"type":"Point"},"id":"GG2050-REPD-11285","properties":{"capacity_mw":2.5,"gg_project_id":"GG2050-REPD-11285","name":"Crossways Farm, Thurlton - Solar Farm","operator":"M Gaze & Co Limited","repd_ref":"11285","repd_technology":"Solar Photovoltaics","status":"Awaiting Construction","technology":"solar"},"type":"Feature"},{"geometry":{"coordinates":[-3.6262456,51.5729803],"type":"Point"},"id":"GG2050-REPD-1221","properties":{"capacity_mw":2.5,"gg_project_id":"GG2050-REPD-1221","name":"Cwm Nant Gwyn","operator":"Solar IQ","repd_ref":"1221","repd_technology":"Solar Photovoltaics","status":"Abandoned","technology":"solar"},"type":"Feature"},{"geometry":{"coordinates":[-0.6332278,51.9522011],"type":"Point"},"id":"GG2050-REPD-7656","properties":{"capacity_mw":2.5,"gg_project_id":"GG2050-REPD-7656","name":"Double Arches Solar Array","operator":"Checkley Wood Energy","repd_ref":"7656","repd_technology":"Solar Photovoltaics","status":"Operational","technology":"solar"},"type":"Feature"},{"geometry":{"coordinates":[-2.1170136,57.1079172],"type":"Point"},"id":"GG2050-REPD-20237","properties":{"capacity_mw":2.5,"gg_project_id":"GG2050-REPD-20237","name":"Drumforskie - Solar Array","operator":"Forster Group Ltd","repd_ref":"20237","repd_technology":"Solar Photovoltaics","status":"Application Submitted","technology":"solar"},"type":"Feature"},{"geometry":{"coordinates":[-4.0645533,52.4249845],"type":"Point"},"id":"GG2050-REPD-9051","properties":{"capacity_mw":2.5,"gg_project_id":"GG2050-REPD-9051","name":"Fferm Penglais - Solar Farm","operator":"Aberystwyth University","repd_ref":"9051","repd_technology":"Solar Photovoltaics","status":"Operational","technology":"solar"},"type":"Feature"},{"geometry":{"coordinates":[-2.6667733,51.5138675],"type":"Point"},"id":"GG2050-REPD-1989","properties":{"capacity_mw":2.5,"gg_project_id":"GG2050-REPD-1989","name":"GE Crossflow","operator":"GE Capital Real Estate","repd_ref":"1989","repd_technology":"Solar Photovoltaics","status":"Abandoned","technology":"solar"},"type":"Feature"},{"geometry":{"coordinates":[-0.6840337,52.7263638],"type":"Point"},"id":"GG2050-REPD-1371","properties":{"capacity_mw":2.5,"gg_project_id":"GG2050-REPD-1371","name":"Hill Top Farm","operator":"RG and RJ Allen Ltd","repd_ref":"1371","repd_technology":"Solar Photovoltaics","status":"Planning Permission Expired","technology":"solar"},"type":"Feature"},{"geometry":{"coordinates":[-4.0743759,51.0505745],"type":"Point"},"id":"GG2050-REPD-5825","properties":{"capacity_mw":2.5,"gg_project_id":"GG2050-REPD-5825","name":"Hollamoor Farm","operator":"Solstice Renewables","repd_ref":"5825","repd_technology":"Solar Photovoltaics","status":"Abandoned","technology":"solar"},"type":"Feature"},{"geometry":{"coordinates":[-1.5029082,51.4006264],"type":"Point"},"id":"GG2050-REPD-18315","properties":{"capacity_mw":2.5,"gg_project_id":"GG2050-REPD-18315","name":"Hungerford Park - Solar Array","operator":"Hungerford Park","repd_ref":"18315","repd_technology":"Solar Photovoltaics","status":"Awaiting Construction","technology":"solar"},"type":"Feature"},{"geometry":{"coordinates":[0.3770812,51.1421206],"type":"Point"},"id":"GG2050-REPD-14854","properties":{"capacity_mw":2.5,"gg_project_id":"GG2050-REPD-14854","name":"Knockout Print Services, Petteridge Lane - Solar Panels","operator":"Knockout Print Services Limited","repd_ref":"14854","repd_technology":"Solar Photovoltaics","status":"Awaiting Construction","technology":"solar"},"type":"Feature"},{"geometry":{"coordinates":[-1.597682,52.7585024],"type":"Point"},"id":"GG2050-REPD-4767","properties":{"capacity_mw":2.5,"gg_project_id":"GG2050-REPD-4767","name":"Land at Coton Park Colliery","operator":"NESF (formerly Green Energy Networks)","repd_ref":"4767","repd_technology":"Solar Photovoltaics","status":"Operational","technology":"solar"},"type":"Feature"},{"geometry":{"coordinates":[-2.940696,53.8757908],"type":"Point"},"id":"GG2050-REPD-5580","properties":{"capacity_mw":2.5,"gg_project_id":"GG2050-REPD-5580","name":"Land Hill Farm","operator":"Tealing Solar Parks","repd_ref":"5580","repd_technology":"Solar Photovoltaics","status":"Planning Permission Expired","technology":"solar"},"type":"Feature"},{"geometry":{"coordinates":[-4.7464236,51.6711568],"type":"Point"},"id":"GG2050-REPD-5019","properties":{"capacity_mw":2.5,"gg_project_id":"GG2050-REPD-5019","name":"Land West of Roberts Wall Far","operator":"Navitas Project","repd_ref":"5019","repd_technology":"Solar Photovoltaics","status":"Operational","technology":"solar"},"type":"Feature"},{"geometry":{"coordinates":[-2.9120697,51.6008557],"type":"Point"},"id":"GG2050-REPD-1580","properties":{"capacity_mw":2.5,"gg_project_id":"GG2050-REPD-1580","name":"Langstone Court Road Solar Farm","operator":"Private Developer","repd_ref":"1580","repd_technology":"Solar Photovoltaics","status":"Operational","technology":"solar"},"type":"Feature"},{"geometry":{"coordinates":[-2.8247247,53.568838],"type":"Point"},"id":"GG2050-REPD-6513","properties":{"capacity_mw":2.5,"gg_project_id":"GG2050-REPD-6513","name":"Lathom (Pilkington Technical Centre)","operator":"Lightsource BP","repd_ref":"6513","repd_technology":"Solar Photovoltaics","status":"Operational","technology":"solar"},"type":"Feature"},{"geometry":{"coordinates":[-5.4018366,50.1978482],"type":"Point"},"id":"GG2050-REPD-13700","properties":{"capacity_mw":2.5,"gg_project_id":"GG2050-REPD-13700","name":"Loggans Roundabout, Loggans Road - Solar Farm","operator":"Bauer Group","repd_ref":"13700","repd_technology":"Solar Photovoltaics","status":"Awaiting Construction","technology":"solar"},"type":"Feature"},{"geometry":{"coordinates":[0.6937639,51.575493],"type":"Point"},"id":"GG2050-REPD-5946","properties":{"capacity_mw":2.5,"gg_project_id":"GG2050-REPD-5946","name":"London Southend Airport","operator":"London Southend Airport Co.","repd_ref":"5946","repd_technology":"Solar Photovoltaics","status":"Operational","technology":"solar"},"type":"Feature"},{"geometry":{"coordinates":[-1.7525279,53.8448367],"type":"Point"},"id":"GG2050-REPD-13634","properties":{"capacity_mw":2.5,"gg_project_id":"GG2050-REPD-13634","name":"Marston House, Otley Road - Solar Panels","operator":"Eden Sustainable Limited","repd_ref":"13634","repd_technology":"Solar Photovoltaics","status":"Awaiting Construction","technology":"solar"},"type":"Feature"},{"geometry":{"coordinates":[-1.0334784,53.5379557],"type":"Point"},"id":"GG2050-REPD-6403","properties":{"capacity_mw":2.5,"gg_project_id":"GG2050-REPD-6403","name":"Next Distribution Centre Doncaster","operator":"Next/ Eneco","repd_ref":"6403","repd_technology":"Solar Photovoltaics","status":"Operational","technology":"solar"},"type":"Feature"},{"geometry":{"coordinates":[-2.7802923,54.6595107],"type":"Point"},"id":"GG2050-REPD-9543","properties":{"capacity_mw":2.5,"gg_project_id":"GG2050-REPD-9543","name":"Omega Proteins - Solar Farm & Battery Storage","operator":"Leo Group Limited","repd_ref":"9543","repd_technology":"Solar Photovoltaics","status":"Awaiting Construction","technology":"solar"},"type":"Feature"},{"geometry":{"coordinates":[-2.1710363,52.9751827],"type":"Point"},"id":"GG2050-REPD-5828","properties":{"capacity_mw":2.5,"gg_project_id":"GG2050-REPD-5828","name":"Screwfix Direct","operator":"Kingfisher Scottish Limited Partnership","repd_ref":"5828","repd_technology":"Solar Photovoltaics","status":"Operational","technology":"solar"},"type":"Feature"},{"geometry":{"coordinates":[0.5239795,52.877132],"type":"Point"},"id":"GG2050-REPD-5930","properties":{"capacity_mw":2.5,"gg_project_id":"GG2050-REPD-5930","name":"Snettisham Solar Farm","operator":"Solar Associates","repd_ref":"5930","repd_technology":"Solar Photovoltaics","status":"Abandoned","technology":"solar"},"type":"Feature"},{"geometry":{"coordinates":[-6.2760101,54.8662964],"type":"Point"},"id":"GG2050-REPD-16454","properties":{"capacity_mw":2.5,"gg_project_id":"GG2050-REPD-16454","name":"Solar PV Development in Ballymena","operator":"HHT Management Limited","repd_ref":"16454","repd_technology":"Solar Photovoltaics","status":"Awaiting Construction","technology":"solar"},"type":"Feature"},{"geometry":{"coordinates":[-1.3558083,51.3688709],"type":"Point"},"id":"GG2050-REPD-10637","properties":{"capacity_mw":2.5,"gg_project_id":"GG2050-REPD-10637","name":"Spring Gardens - Solar Farm","operator":"Calleva Community Energy Limited","repd_ref":"10637","repd_technology":"Solar Photovoltaics","status":"Revised","technology":"solar"},"type":"Feature"},{"geometry":{"coordinates":[-4.7489315,50.3973281],"type":"Point"},"id":"GG2050-REPD-1584","properties":{"capacity_mw":2.5,"gg_project_id":"GG2050-REPD-1584","name":"Trenoweth Solar Farm","operator":"Kronos Solar","repd_ref":"1584","repd_technology":"Solar Photovoltaics","status":"Operational","technology":"solar"},"type":"Feature"},{"geometry":{"coordinates":[-0.9047717,51.9342791],"type":"Point"},"id":"GG2050-REPD-5739","properties":{"capacity_mw":2.5,"gg_project_id":"GG2050-REPD-5739","name":"Tuckey Farm","operator":"Solar Securities","repd_ref":"5739","repd_technology":"Solar Photovoltaics","status":"Revised","technology":"solar"},"type":"Feature"},{"geometry":{"coordinates":[-2.4645289,53.3741016],"type":"Point"},"id":"GG2050-REPD-16031","properties":{"capacity_mw":2.5,"gg_project_id":"GG2050-REPD-16031","name":"Wildersmoor Hall Farm, Higher Lane - Solar Farm","operator":"Lymm Community Energy Limited","repd_ref":"16031","repd_technology":"Solar Photovoltaics","status":"Awaiting Construction","technology":"solar"},"type":"Feature"},{"geometry":{"coordinates":[1.3212593,51.9683207],"type":"Point"},"id":"GG2050-REPD-10875","properties":{"capacity_mw":2.492,"gg_project_id":"GG2050-REPD-10875","name":"Clickett Hill Road, Trimley St Mary - Photo Voltaic Arrays","operator":"Uniserve Holdings Limited","repd_ref":"10875","repd_technology":"Solar Photovoltaics","status":"Revised","technology":"solar"},"type":"Feature"},{"geometry":{"coordinates":[1.3229499,51.9705035],"type":"Point"},"id":"GG2050-REPD-11997","properties":{"capacity_mw":2.492,"gg_project_id":"GG2050-REPD-11997","name":"Felixstowe Mega Distibution Centre - Photovoltaic Arrays","operator":"Uniserve Group","repd_ref":"11997","repd_technology":"Solar Photovoltaics","status":"Awaiting Construction","technology":"solar"},"type":"Feature"},{"geometry":{"coordinates":[-2.3951572,50.7755817],"type":"Point"},"id":"GG2050-REPD-6062","properties":{"capacity_mw":2.4,"gg_project_id":"GG2050-REPD-6062","name":"Bourne Farm","operator":"Farm Power Apollo","repd_ref":"6062","repd_technology":"Solar Photovoltaics","status":"Operational","technology":"solar"},"type":"Feature"},{"geometry":{"coordinates":[-2.3722853,57.5603505],"type":"Point"},"id":"GG2050-REPD-1358","properties":{"capacity_mw":2.4,"gg_project_id":"GG2050-REPD-1358","name":"Cairnhill Farm solar park","operator":"Green Cat Renewables","repd_ref":"1358","repd_technology":"Solar Photovoltaics","status":"Operational","technology":"solar"},"type":"Feature"},{"geometry":{"coordinates":[-1.270719,53.6014603],"type":"Point"},"id":"GG2050-REPD-7735","properties":{"capacity_mw":2.4,"gg_project_id":"GG2050-REPD-7735","name":"Elmsall Way Warehouse","operator":"Next Distribution","repd_ref":"7735","repd_technology":"Solar Photovoltaics","status":"Operational","technology":"solar"},"type":"Feature"},{"geometry":{"coordinates":[-1.6288715,53.7414706],"type":"Point"},"id":"GG2050-REPD-20355","properties":{"capacity_mw":2.4,"gg_project_id":"GG2050-REPD-20355","name":"Howden Clough Landfill, Howden Clough Road - Solar Farm","operator":"Biffa Waste Services Limited","repd_ref":"20355","repd_technology":"Solar Photovoltaics","status":"Application Submitted","technology":"solar"},"type":"Feature"},{"geometry":{"coordinates":[-1.2422786,53.7027718],"type":"Point"},"id":"GG2050-REPD-6129","properties":{"capacity_mw":2.4,"gg_project_id":"GG2050-REPD-6129","name":"Knottingley B","operator":"Envantage Renewables","repd_ref":"6129","repd_technology":"Solar Photovoltaics","status":"Operational","technology":"solar"},"type":"Feature"},{"geometry":{"coordinates":[-3.9203408,51.1385351],"type":"Point"},"id":"GG2050-REPD-5064","properties":{"capacity_mw":2.4,"gg_project_id":"GG2050-REPD-5064","name":"Land At Knightacott Cross","operator":"Clearwinds","repd_ref":"5064","repd_technology":"Solar Photovoltaics","status":"Appeal Refused","technology":"solar"},"type":"Feature"},{"geometry":{"coordinates":[-4.2568799,53.0615312],"type":"Point"},"id":"GG2050-REPD-5413","properties":{"capacity_mw":2.4,"gg_project_id":"GG2050-REPD-5413","name":"Land on Park Farm","operator":"Navitas Project","repd_ref":"5413","repd_technology":"Solar Photovoltaics","status":"Application Refused","technology":"solar"},"type":"Feature"},{"geometry":{"coordinates":[-1.0977727,51.663256],"type":"Point"},"id":"GG2050-REPD-1298","properties":{"capacity_mw":2.4,"gg_project_id":"GG2050-REPD-1298","name":"Langley Hall Farm","operator":"Lark Energy","repd_ref":"1298","repd_technology":"Solar Photovoltaics","status":"Operational","technology":"solar"},"type":"Feature"},{"geometry":{"coordinates":[-0.1314489,52.3702781],"type":"Point"},"id":"GG2050-REPD-2185","properties":{"capacity_mw":2.4,"gg_project_id":"GG2050-REPD-2185","name":"Lodge Farm","operator":"G & D Castle Ltd","repd_ref":"2185","repd_technology":"Solar Photovoltaics","status":"Operational","technology":"solar"},"type":"Feature"},{"geometry":{"coordinates":[-2.6469814,51.5348028],"type":"Point"},"id":"GG2050-REPD-19056","properties":{"capacity_mw":2.4,"gg_project_id":"GG2050-REPD-19056","name":"The Range Distribution Centre, Severn Beach - Solar panels","operator":"InRange Limited","repd_ref":"19056","repd_technology":"Solar Photovoltaics","status":"Awaiting Construction","technology":"solar"},"type":"Feature"},{"geometry":{"coordinates":[0.7775409,52.775333],"type":"Point"},"id":"GG2050-REPD-18192","properties":{"capacity_mw":2.4,"gg_project_id":"GG2050-REPD-18192","name":"Uphouse Farm - Sandpits Solar Farm & Battery Energy storage","operator":"Uphouse Farms Limited","repd_ref":"18192","repd_technology":"Solar Photovoltaics","status":"Awaiting Construction","technology":"solar"},"type":"Feature"},{"geometry":{"coordinates":[-4.1312156,51.1504393],"type":"Point"},"id":"GG2050-REPD-4740","properties":{"capacity_mw":2.4,"gg_project_id":"GG2050-REPD-4740","name":"West Hill Farm","operator":"Hazel Capital LLP","repd_ref":"4740","repd_technology":"Solar Photovoltaics","status":"Operational","technology":"solar"},"type":"Feature"},{"geometry":{"coordinates":[-3.0021037,51.5606391],"type":"Point"},"id":"GG2050-REPD-8923","properties":{"capacity_mw":2.37,"gg_project_id":"GG2050-REPD-8923","name":"Docks Way Solar Farm","operator":"Newport City Council","repd_ref":"8923","repd_technology":"Solar Photovoltaics","status":"Awaiting Construction","technology":"solar"},"type":"Feature"},{"geometry":{"coordinates":[-1.3644424,53.0880241],"type":"Point"},"id":"GG2050-REPD-13070","properties":{"capacity_mw":2.36,"gg_project_id":"GG2050-REPD-13070","name":"Guilford Europe, Cotes Park Lane - Solar Panels","operator":"Alight AB","repd_ref":"13070","repd_technology":"Solar Photovoltaics","status":"Awaiting Construction","technology":"solar"},"type":"Feature"},{"geometry":{"coordinates":[-0.0436034,52.0932175],"type":"Point"},"id":"GG2050-REPD-14347","properties":{"capacity_mw":2.3,"gg_project_id":"GG2050-REPD-14347","name":"Bassingbourn Barracks, Old North Road - Solar PV Arrays","operator":"Defence Infrastructure Organisation","repd_ref":"14347","repd_technology":"Solar Photovoltaics","status":"Awaiting Construction","technology":"solar"},"type":"Feature"},{"geometry":{"coordinates":[-1.538999,55.1327469],"type":"Point"},"id":"GG2050-REPD-8202","properties":{"capacity_mw":2.3,"gg_project_id":"GG2050-REPD-8202","name":"Blyth Sewage Treatment Works","operator":"Northumbrian Water Limited Head Office","repd_ref":"8202","repd_technology":"Solar Photovoltaics","status":"Operational","technology":"solar"},"type":"Feature"},{"geometry":{"coordinates":[-2.5039301,51.3516169],"type":"Point"},"id":"GG2050-REPD-2153","properties":{"capacity_mw":2.3,"gg_project_id":"GG2050-REPD-2153","name":"Hunstrete (Wilmington Farm)","operator":"Bath & West Community Energy Ltd","repd_ref":"2153","repd_technology":"Solar Photovoltaics","status":"Operational","technology":"solar"},"type":"Feature"},{"geometry":{"coordinates":[0.8046453,51.8449875],"type":"Point"},"id":"GG2050-REPD-5183","properties":{"capacity_mw":2.3,"gg_project_id":"GG2050-REPD-5183","name":"Land Adjacent Claypits Farm (b) (Birch Estate)","operator":"Lightsource SPV 186 (community owned)","repd_ref":"5183","repd_technology":"Solar Photovoltaics","status":"Operational","technology":"solar"},"type":"Feature"},{"geometry":{"coordinates":[-0.9090238,52.7595813],"type":"Point"},"id":"GG2050-REPD-5725","properties":{"capacity_mw":2.3,"gg_project_id":"GG2050-REPD-5725","name":"Melton Mowbray Sewage Treatment Works (Solar)","operator":"Severn Trent Water","repd_ref":"5725","repd_technology":"Solar Photovoltaics","status":"Abandoned","technology":"solar"},"type":"Feature"},{"geometry":{"coordinates":[-3.8464056,51.7796553],"type":"Point"},"id":"GG2050-REPD-7893","properties":{"capacity_mw":2.3,"gg_project_id":"GG2050-REPD-7893","name":"Mynydd y Gwryhd Solar Farm","operator":"Awel Aman Tawe","repd_ref":"7893","repd_technology":"Solar Photovoltaics","status":"Awaiting Construction","technology":"solar"},"type":"Feature"},{"geometry":{"coordinates":[-0.4392488,53.8756356],"type":"Point"},"id":"GG2050-REPD-7818","properties":{"capacity_mw":2.3,"gg_project_id":"GG2050-REPD-7818","name":"Normandy Barracks","operator":"Ministry of Defence","repd_ref":"7818","repd_technology":"Solar Photovoltaics","status":"Under Construction","technology":"solar"},"type":"Feature"},{"geometry":{"coordinates":[-0.4854464,51.9204961],"type":"Point"},"id":"GG2050-REPD-18364","properties":{"capacity_mw":2.3,"gg_project_id":"GG2050-REPD-18364","name":"Panattoni Park, Luton Road - Solar Panels","operator":"Saber Renewable Energy Limited","repd_ref":"18364","repd_technology":"Solar Photovoltaics","status":"Awaiting Construction","technology":"solar"},"type":"Feature"},{"geometry":{"coordinates":[-0.1382708,51.5092115],"type":"Point"},"id":"GG2050-REPD-9924","properties":{"capacity_mw":2.3,"gg_project_id":"GG2050-REPD-9924","name":"Pegasus House, Sackville Street - Roof Mounted Solar Panels","operator":"Unknown","repd_ref":"9924","repd_technology":"Solar Photovoltaics","status":"Awaiting Construction","technology":"solar"},"type":"Feature"},{"geometry":{"coordinates":[-1.1102423,53.474327],"type":"Point"},"id":"GG2050-REPD-8444","properties":{"capacity_mw":2.3,"gg_project_id":"GG2050-REPD-8444","name":"Toronto Way, New Rossington Solar Panels","operator":"Sonne Solar Limited","repd_ref":"8444","repd_technology":"Solar Photovoltaics","status":"Awaiting Construction","technology":"solar"},"type":"Feature"},{"geometry":{"coordinates":[-1.4854112,53.7875532],"type":"Point"},"id":"GG2050-REPD-16143","properties":{"capacity_mw":2.278,"gg_project_id":"GG2050-REPD-16143","name":"Premier Farnell, Unit 3 - Solar Panels","operator":"ABRDN (Investments Trust/Standard Life)","repd_ref":"16143","repd_technology":"Solar Photovoltaics","status":"Awaiting Construction","technology":"solar"},"type":"Feature"},{"geometry":{"coordinates":[-2.4612053,53.2291793],"type":"Point"},"id":"GG2050-REPD-8274","properties":{"capacity_mw":2.25,"gg_project_id":"GG2050-REPD-8274","name":"Stublach Project Solar Farm","operator":"Storengy UK Limited","repd_ref":"8274","repd_technology":"Solar Photovoltaics","status":"Awaiting Construction","technology":"solar"},"type":"Feature"},{"geometry":{"coordinates":[-1.3779923,53.5172685],"type":"Point"},"id":"GG2050-REPD-20280","properties":{"capacity_mw":2.24,"gg_project_id":"GG2050-REPD-20280","name":"Cranswick Convenience Foods, Valley Park Industrial Estate - Solar Panels","operator":"Cranswick Convenience Foods","repd_ref":"20280","repd_technology":"Solar Photovoltaics","status":"Awaiting Construction","technology":"solar"},"type":"Feature"},{"geometry":{"coordinates":[-2.9339559,50.9525803],"type":"Point"},"id":"GG2050-REPD-13545","properties":{"capacity_mw":2.223,"gg_project_id":"GG2050-REPD-13545","name":"Merryfield Lane, Ilton - Solar Farm","operator":"Solar South West Limited","repd_ref":"13545","repd_technology":"Solar Photovoltaics","status":"Awaiting Construction","technology":"solar"},"type":"Feature"},{"geometry":{"coordinates":[-2.6170129,53.7616669],"type":"Point"},"id":"GG2050-REPD-5809","properties":{"capacity_mw":2.2,"gg_project_id":"GG2050-REPD-5809","name":"AB Inbev UK","operator":"Perpetum Sun","repd_ref":"5809","repd_technology":"Solar Photovoltaics","status":"Abandoned","technology":"solar"},"type":"Feature"},{"geometry":{"coordinates":[-1.7043521,52.5309621],"type":"Point"},"id":"GG2050-REPD-15768","properties":{"capacity_mw":2.2,"gg_project_id":"GG2050-REPD-15768","name":"BAC Jaguar Land Rover Battery Assembly Centre, Canton Lane - Solar Panels","operator":"Columbia Threadneedle Investments Limited","repd_ref":"15768","repd_technology":"Solar Photovoltaics","status":"Awaiting Construction","technology":"solar"},"type":"Feature"},{"geometry":{"coordinates":[-2.6267322,51.1987368],"type":"Point"},"id":"GG2050-REPD-17706","properties":{"capacity_mw":2.2,"gg_project_id":"GG2050-REPD-17706","name":"Charlie Bighams Quarry Kitchen, Dulcote Hill Lane - Solar Array","operator":"Charlie Bighams Quarry Kitchen","repd_ref":"17706","repd_technology":"Solar Photovoltaics","status":"Awaiting Construction","technology":"solar"},"type":"Feature"},{"geometry":{"coordinates":[-3.6922218,50.3634291],"type":"Point"},"id":"GG2050-REPD-1845","properties":{"capacity_mw":2.2,"gg_project_id":"GG2050-REPD-1845","name":"Colleen Farm","operator":"Bowler Energy","repd_ref":"1845","repd_technology":"Solar Photovoltaics","status":"Abandoned","technology":"solar"},"type":"Feature"},{"geometry":{"coordinates":[-4.5379454,50.7943161],"type":"Point"},"id":"GG2050-REPD-1786","properties":{"capacity_mw":2.2,"gg_project_id":"GG2050-REPD-1786","name":"Creathorne Farm - Solar Farm - extension","operator":"Good Energy Generation","repd_ref":"1786","repd_technology":"Solar Photovoltaics","status":"Application Withdrawn","technology":"solar"},"type":"Feature"},{"geometry":{"coordinates":[-2.3606378,51.7184127],"type":"Point"},"id":"GG2050-REPD-5442","properties":{"capacity_mw":2.2,"gg_project_id":"GG2050-REPD-5442","name":"Land at Box Road","operator":"Suncredit UK","repd_ref":"5442","repd_technology":"Solar Photovoltaics","status":"Operational","technology":"solar"},"type":"Feature"},{"geometry":{"coordinates":[-3.5173651,51.4979071],"type":"Point"},"id":"GG2050-REPD-1521","properties":{"capacity_mw":2.2,"gg_project_id":"GG2050-REPD-1521","name":"Land At Court Farm","operator":"Sybac Solar International GmbH","repd_ref":"1521","repd_technology":"Solar Photovoltaics","status":"Operational","technology":"solar"},"type":"Feature"},{"geometry":{"coordinates":[-1.5391591,50.9140435],"type":"Point"},"id":"GG2050-REPD-5915","properties":{"capacity_mw":2.2,"gg_project_id":"GG2050-REPD-5915","name":"Land South Of Carlton House","operator":"West Solent Solar Cooperative","repd_ref":"5915","repd_technology":"Solar Photovoltaics","status":"Application Refused","technology":"solar"},"type":"Feature"},{"geometry":{"coordinates":[-1.8032258,52.0195574],"type":"Point"},"id":"GG2050-REPD-1731","properties":{"capacity_mw":2.2,"gg_project_id":"GG2050-REPD-1731","name":"Northwick Estate (Extension)","operator":"Northwick Power Ltd","repd_ref":"1731","repd_technology":"Solar Photovoltaics","status":"Operational","technology":"solar"},"type":"Feature"},{"geometry":{"coordinates":[-2.6358023,53.5029374],"type":"Point"},"id":"GG2050-REPD-11888","properties":{"capacity_mw":2.2,"gg_project_id":"GG2050-REPD-11888","name":"Poundland Distribution Centre,Three Sisters Road - Solar Panel","operator":"Standard Life Assurance Limited","repd_ref":"11888","repd_technology":"Solar Photovoltaics","status":"Awaiting Construction","technology":"solar"},"type":"Feature"},{"geometry":{"coordinates":[-2.4464783,53.5392452],"type":"Point"},"id":"GG2050-REPD-4709","properties":{"capacity_mw":2.2,"gg_project_id":"GG2050-REPD-4709","name":"Salford Road Solar Farm","operator":"Greater Manchester Waste Disposal Authority","repd_ref":"4709","repd_technology":"Solar Photovoltaics","status":"Revised","technology":"solar"},"type":"Feature"},{"geometry":{"coordinates":[-2.4499257,53.5413356],"type":"Point"},"id":"GG2050-REPD-5303","properties":{"capacity_mw":2.2,"gg_project_id":"GG2050-REPD-5303","name":"Salford Road Solar Farm","operator":"Greater Manchester Waste Disposal Authority","repd_ref":"5303","repd_technology":"Solar Photovoltaics","status":"Operational","technology":"solar"},"type":"Feature"},{"geometry":{"coordinates":[-2.4943896,53.1956972],"type":"Point"},"id":"GG2050-REPD-12416","properties":{"capacity_mw":2.2,"gg_project_id":"GG2050-REPD-12416","name":"Schoeller Allibert Limited, Road One - Solar Panels System","operator":"Schoeller Allibert Limited","repd_ref":"12416","repd_technology":"Solar Photovoltaics","status":"Awaiting Construction","technology":"solar"},"type":"Feature"},{"geometry":{"coordinates":[-1.8469154,51.5385745],"type":"Point"},"id":"GG2050-REPD-19854","properties":{"capacity_mw":2.2,"gg_project_id":"GG2050-REPD-19854","name":"Studley Grange Farm, Studley - Solar Farm","operator":"Studley Grange Garden & Leisure Park","repd_ref":"19854","repd_technology":"Solar Photovoltaics","status":"Application Submitted","technology":"solar"},"type":"Feature"},{"geometry":{"coordinates":[-1.3154741,53.1394314],"type":"Point"},"id":"GG2050-REPD-5707","properties":{"capacity_mw":2.2,"gg_project_id":"GG2050-REPD-5707","name":"Whiteborough Farm","operator":"Raw Energy","repd_ref":"5707","repd_technology":"Solar Photovoltaics","status":"Abandoned","technology":"solar"},"type":"Feature"},{"geometry":{"coordinates":[-2.7025857,52.9611017],"type":"Point"},"id":"GG2050-REPD-15591","properties":{"capacity_mw":2.18,"gg_project_id":"GG2050-REPD-15591","name":"Belton Farm, Belton - Solar Pv System","operator":"Conrad Energy (Developments) Limited","repd_ref":"15591","repd_technology":"Solar Photovoltaics","status":"Under Construction","technology":"solar"},"type":"Feature"},{"geometry":{"coordinates":[-1.3436482,52.0755163],"type":"Point"},"id":"GG2050-REPD-21006","properties":{"capacity_mw":2.17,"gg_project_id":"GG2050-REPD-21006","name":"Units D E & F, Beaumont Road - Solar Panels","operator":"Aberla Energy","repd_ref":"21006","repd_technology":"Solar Photovoltaics","status":"Application Submitted","technology":"solar"},"type":"Feature"},{"geometry":{"coordinates":[0.8981721,51.1548451],"type":"Point"},"id":"GG2050-REPD-18082","properties":{"capacity_mw":2.149,"gg_project_id":"GG2050-REPD-18082","name":"Premier Grocery Products, Kennington Road - Solar Panels","operator":"Premier Foods","repd_ref":"18082","repd_technology":"Solar Photovoltaics","status":"Awaiting Construction","technology":"solar"},"type":"Feature"},{"geometry":{"coordinates":[-1.3316133,53.5098095],"type":"Point"},"id":"GG2050-REPD-10665","properties":{"capacity_mw":2.14,"gg_project_id":"GG2050-REPD-10665","name":"Meadows Road, Manvers - Solar Array","operator":"Hyperion Zero Limited","repd_ref":"10665","repd_technology":"Solar Photovoltaics","status":"Application Submitted","technology":"solar"},"type":"Feature"},{"geometry":{"coordinates":[-1.4786656,50.9417287],"type":"Point"},"id":"GG2050-REPD-17345","properties":{"capacity_mw":2.135,"gg_project_id":"GG2050-REPD-17345","name":"Tesco Distribution, Canberra Road - Solar PV Array","operator":"ABRDN (Investments Trust/Standard Life)","repd_ref":"17345","repd_technology":"Solar Photovoltaics","status":"Application Withdrawn","technology":"solar"},"type":"Feature"},{"geometry":{"coordinates":[-5.9477176,55.8526584],"type":"Point"},"id":"GG2050-REPD-15481","properties":{"capacity_mw":2.1,"gg_project_id":"GG2050-REPD-15481","name":"Cnocbreac Inver Estate - Solar Generation","operator":"Inver Hydro Limited","repd_ref":"15481","repd_technology":"Solar Photovoltaics","status":"Under Construction","technology":"solar"},"type":"Feature"},{"geometry":{"coordinates":[-0.1619807,51.2191935],"type":"Point"},"id":"GG2050-REPD-19745","properties":{"capacity_mw":2.1,"gg_project_id":"GG2050-REPD-19745","name":"East Surrey Hospital, Canada Avenue -Solar Panels","operator":"Carbon3","repd_ref":"19745","repd_technology":"Solar Photovoltaics","status":"Awaiting Construction","technology":"solar"},"type":"Feature"},{"geometry":{"coordinates":[-2.5084716,51.3817826],"type":"Point"},"id":"GG2050-REPD-11606","properties":{"capacity_mw":2.1,"gg_project_id":"GG2050-REPD-11606","name":"Fairy Hill, Compton Dando - Solar Farm","operator":"Environmental Gain Limited / Bath & West Community Energy Limited","repd_ref":"11606","repd_technology":"Solar Photovoltaics","status":"Awaiting Construction","technology":"solar"},"type":"Feature"},{"geometry":{"coordinates":[-0.9984791,52.6337461],"type":"Point"},"id":"GG2050-REPD-5316","properties":{"capacity_mw":2.1,"gg_project_id":"GG2050-REPD-5316","name":"Land Off Ingarsby Lane","operator":"T J Coates Ltd","repd_ref":"5316","repd_technology":"Solar Photovoltaics","status":"Operational","technology":"solar"},"type":"Feature"},{"geometry":{"coordinates":[-3.3609,50.8973228],"type":"Point"},"id":"GG2050-REPD-1229","properties":{"capacity_mw":2.1,"gg_project_id":"GG2050-REPD-1229","name":"Langlands Solar Farm","operator":"Cetis","repd_ref":"1229","repd_technology":"Solar Photovoltaics","status":"Operational","technology":"solar"},"type":"Feature"},{"geometry":{"coordinates":[-0.4157276,51.0658816],"type":"Point"},"id":"GG2050-REPD-1712","properties":{"capacity_mw":2.1,"gg_project_id":"GG2050-REPD-1712","name":"Maydwell Avenue","operator":"Neame Sutton Ltd","repd_ref":"1712","repd_technology":"Solar Photovoltaics","status":"Planning Permission Expired","technology":"solar"},"type":"Feature"},{"geometry":{"coordinates":[-2.7635017,50.861349],"type":"Point"},"id":"GG2050-REPD-7766","properties":{"capacity_mw":2.1,"gg_project_id":"GG2050-REPD-7766","name":"Pattemores Transport (Crewkern)","operator":"Pattemores Transport (Crewkerne)","repd_ref":"7766","repd_technology":"Solar Photovoltaics","status":"Under Construction","technology":"solar"},"type":"Feature"},{"geometry":{"coordinates":[0.5202693,52.8333941],"type":"Point"},"id":"GG2050-REPD-16249","properties":{"capacity_mw":2.1,"gg_project_id":"GG2050-REPD-16249","name":"Sandringham Estate - Solar Array","operator":"Royal Sandringham Estate","repd_ref":"16249","repd_technology":"Solar Photovoltaics","status":"Awaiting Construction","technology":"solar"},"type":"Feature"},{"geometry":{"coordinates":[-1.4082732,52.2176488],"type":"Point"},"id":"GG2050-REPD-5796","properties":{"capacity_mw":2.1,"gg_project_id":"GG2050-REPD-5796","name":"Weddington Farm","operator":"Green Switch Solutions/Belvedere Energy Developments - Liquidated","repd_ref":"5796","repd_technology":"Solar Photovoltaics","status":"Operational","technology":"solar"},"type":"Feature"},{"geometry":{"coordinates":[-4.5396148,50.8073035],"type":"Point"},"id":"GG2050-REPD-14570","properties":{"capacity_mw":2.1,"gg_project_id":"GG2050-REPD-14570","name":"Whalesborough Farm, Marhamchurch - Solar Array","operator":"Country Parks Limited","repd_ref":"14570","repd_technology":"Solar Photovoltaics","status":"Awaiting Construction","technology":"solar"},"type":"Feature"},{"geometry":{"coordinates":[-0.6329888,51.8939969],"type":"Point"},"id":"GG2050-REPD-15464","properties":{"capacity_mw":2.09,"gg_project_id":"GG2050-REPD-15464","name":"Astral Green - Wind Turbine, Solar Array & Battery Energy Storage System","operator":"Arnold White Estates Limited","repd_ref":"15464","repd_technology":"Solar Photovoltaics","status":"Awaiting Construction","technology":"solar"},"type":"Feature"},{"geometry":{"coordinates":[0.0426452,52.4521779],"type":"Point"},"id":"GG2050-REPD-20596","properties":{"capacity_mw":2.08,"gg_project_id":"GG2050-REPD-20596","name":"Bartlett Business Park - Solar Panels","operator":"Indurent Management Limited","repd_ref":"20596","repd_technology":"Solar Photovoltaics","status":"Awaiting Construction","technology":"solar"},"type":"Feature"},{"geometry":{"coordinates":[-2.5114909,52.7121247],"type":"Point"},"id":"GG2050-REPD-20763","properties":{"capacity_mw":2.08,"gg_project_id":"GG2050-REPD-20763","name":"Princess Royal Hospital, Grainger Drive - Solar PV Panels","operator":"Shresbury and Telford Hospital NHS Trust","repd_ref":"20763","repd_technology":"Solar Photovoltaics","status":"Awaiting Construction","technology":"solar"},"type":"Feature"},{"geometry":{"coordinates":[-1.4548709,54.8915226],"type":"Point"},"id":"GG2050-REPD-16278","properties":{"capacity_mw":2.067,"gg_project_id":"GG2050-REPD-16278","name":"Calsonic Kansei - Solar Array","operator":"SNRG Limited","repd_ref":"16278","repd_technology":"Solar Photovoltaics","status":"Awaiting Construction","technology":"solar"},"type":"Feature"},{"geometry":{"coordinates":[-3.0201459,53.4669437],"type":"Point"},"id":"GG2050-REPD-15926","properties":{"capacity_mw":2.048,"gg_project_id":"GG2050-REPD-15926","name":"Royal Seaforth Dock, New Jenkins Sheds - Solar Panels","operator":"EON UK Heat Limited","repd_ref":"15926","repd_technology":"Solar Photovoltaics","status":"Awaiting Construction","technology":"solar"},"type":"Feature"},{"geometry":{"coordinates":[0.4375979,52.0755688],"type":"Point"},"id":"GG2050-REPD-12682","properties":{"capacity_mw":2.04,"gg_project_id":"GG2050-REPD-12682","name":"Rookwood Way - Solar Farm","operator":"Sanofi UK","repd_ref":"12682","repd_technology":"Solar Photovoltaics","status":"Operational","technology":"solar"},"type":"Feature"},{"geometry":{"coordinates":[1.3218604,51.3530755],"type":"Point"},"id":"GG2050-REPD-21030","properties":{"capacity_mw":2.02,"gg_project_id":"GG2050-REPD-21030","name":"Compass House, Columbus Avenue - Solar Panels","operator":"Speciality Breads Limited","repd_ref":"21030","repd_technology":"Solar Photovoltaics","status":"Application Submitted","technology":"solar"},"type":"Feature"},{"geometry":{"coordinates":[-1.7139207,53.7648028],"type":"Point"},"id":"GG2050-REPD-14185","properties":{"capacity_mw":2.02,"gg_project_id":"GG2050-REPD-14185","name":"Swaledale House, Weaverthorpe Road - Solar Panels","operator":"Princes Soft Drinks","repd_ref":"14185","repd_technology":"Solar Photovoltaics","status":"Awaiting Construction","technology":"solar"},"type":"Feature"},{"geometry":{"coordinates":[-3.0934934,51.1458199],"type":"Point"},"id":"GG2050-REPD-15649","properties":{"capacity_mw":2.02,"gg_project_id":"GG2050-REPD-15649","name":"The Anaerobic Digester Plant Premises - Solar Panels","operator":"Cannington Enterprises Limited","repd_ref":"15649","repd_technology":"Solar Photovoltaics","status":"Application Withdrawn","technology":"solar"},"type":"Feature"},{"geometry":{"coordinates":[-1.5913458,54.9657819],"type":"Point"},"id":"GG2050-REPD-9830","properties":{"capacity_mw":2.0,"gg_project_id":"GG2050-REPD-9830","name":"Albany Road - Solar Array","operator":"Solar Advanced Systems Limited T A Sas Energy","repd_ref":"9830","repd_technology":"Solar Photovoltaics","status":"Awaiting Construction","technology":"solar"},"type":"Feature"},{"geometry":{"coordinates":[-0.4274918,51.7619401],"type":"Point"},"id":"GG2050-REPD-7250","properties":{"capacity_mw":2.0,"gg_project_id":"GG2050-REPD-7250","name":"Amazon Boundary Way","operator":"Amazon UK Services / Push Energy","repd_ref":"7250","repd_technology":"Solar Photovoltaics","status":"Planning Permission Expired","technology":"solar"},"type":"Feature"},{"geometry":{"coordinates":[-1.1032248,53.4848813],"type":"Point"},"id":"GG2050-REPD-6696","properties":{"capacity_mw":2.0,"gg_project_id":"GG2050-REPD-6696","name":"Amazon LBA2 (Principal Place)","operator":"Amazon UK Services / Push Energy","repd_ref":"6696","repd_technology":"Solar Photovoltaics","status":"Planning Permission Expired","technology":"solar"},"type":"Feature"},{"geometry":{"coordinates":[-3.9043273,55.8102653],"type":"Point"},"id":"GG2050-REPD-19880","properties":{"capacity_mw":2.0,"gg_project_id":"GG2050-REPD-19880","name":"Auchinlea Landfill Site, Carlisle Road - Solar Array","operator":"North Lanarkshire Council","repd_ref":"19880","repd_technology":"Solar Photovoltaics","status":"Application Submitted","technology":"solar"},"type":"Feature"},{"geometry":{"coordinates":[-2.5781865,53.7709386],"type":"Point"},"id":"GG2050-REPD-2179","properties":{"capacity_mw":2.0,"gg_project_id":"GG2050-REPD-2179","name":"BAE Samlesbury Aerodrome","operator":"British Aerospace Defence Limited","repd_ref":"2179","repd_technology":"Solar Photovoltaics","status":"Operational","technology":"solar"},"type":"Feature"},{"geometry":{"coordinates":[-2.5279665,51.237737],"type":"Point"},"id":"GG2050-REPD-19769","properties":{"capacity_mw":2.0,"gg_project_id":"GG2050-REPD-19769","name":"Bays Lane, Gurney Slade - Solar Panels","operator":"Morris & Perry Limited","repd_ref":"19769","repd_technology":"Solar Photovoltaics","status":"Application Submitted","technology":"solar"},"type":"Feature"},{"geometry":{"coordinates":[-4.782553,50.5401343],"type":"Point"},"id":"GG2050-REPD-1035","properties":{"capacity_mw":2.0,"gg_project_id":"GG2050-REPD-1035","name":"Benbole Farm","operator":"Private Developer","repd_ref":"1035","repd_technology":"Solar Photovoltaics","status":"Operational","technology":"solar"},"type":"Feature"},{"geometry":{"coordinates":[-1.8542884,57.5502887],"type":"Point"},"id":"GG2050-REPD-5845","properties":{"capacity_mw":2.0,"gg_project_id":"GG2050-REPD-5845","name":"Bruxiehall Farm","operator":"Bruxiehill Wind Energy","repd_ref":"5845","repd_technology":"Solar Photovoltaics","status":"Under Construction","technology":"solar"},"type":"Feature"},{"geometry":{"coordinates":[-3.0893911,51.5617043],"type":"Point"},"id":"GG2050-REPD-1577","properties":{"capacity_mw":2.0,"gg_project_id":"GG2050-REPD-1577","name":"Clearwell Farm - solar","operator":"Heritage Energy","repd_ref":"1577","repd_technology":"Solar Photovoltaics","status":"Operational","technology":"solar"},"type":"Feature"},{"geometry":{"coordinates":[-2.3974212,53.7496536],"type":"Point"},"id":"GG2050-REPD-13958","properties":{"capacity_mw":2.0,"gg_project_id":"GG2050-REPD-13958","name":"Coach Road Meadow - Solar Farm","operator":"Prospects Community Energy Limited","repd_ref":"13958","repd_technology":"Solar Photovoltaics","status":"Awaiting Construction","technology":"solar"},"type":"Feature"},{"geometry":{"coordinates":[-0.2458252,51.7741612],"type":"Point"},"id":"GG2050-REPD-7290","properties":{"capacity_mw":2.0,"gg_project_id":"GG2050-REPD-7290","name":"Computacenter Warehouse","operator":"Computacenter UK","repd_ref":"7290","repd_technology":"Solar Photovoltaics","status":"Under Construction","technology":"solar"},"type":"Feature"},{"geometry":{"coordinates":[-4.0950552,50.9681311],"type":"Point"},"id":"GG2050-REPD-6328","properties":{"capacity_mw":2.0,"gg_project_id":"GG2050-REPD-6328","name":"Deep Moor Landfill Site","operator":"Coastal Recycling UK (formerly Devon Waste Management)","repd_ref":"6328","repd_technology":"Solar Photovoltaics","status":"Operational","technology":"solar"},"type":"Feature"},{"geometry":{"coordinates":[-4.7081812,50.6245426],"type":"Point"},"id":"GG2050-REPD-5858","properties":{"capacity_mw":2.0,"gg_project_id":"GG2050-REPD-5858","name":"Delabole","operator":"Good Energy","repd_ref":"5858","repd_technology":"Solar Photovoltaics","status":"Planning Permission Expired","technology":"solar"},"type":"Feature"},{"geometry":{"coordinates":[-3.2247537,54.1001554],"type":"Point"},"id":"GG2050-REPD-12603","properties":{"capacity_mw":2.0,"gg_project_id":"GG2050-REPD-12603","name":"Dova Way, Barrow Island - Solar Array","operator":"Cumbria County Council","repd_ref":"12603","repd_technology":"Solar Photovoltaics","status":"Awaiting Construction","technology":"solar"},"type":"Feature"},{"geometry":{"coordinates":[-2.5014519,55.9885662],"type":"Point"},"id":"GG2050-REPD-2100","properties":{"capacity_mw":2.0,"gg_project_id":"GG2050-REPD-2100","name":"Dunbar Energy Park","operator":"Hallhill Developments","repd_ref":"2100","repd_technology":"Solar Photovoltaics","status":"Planning Permission Expired","technology":"solar"},"type":"Feature"},{"geometry":{"coordinates":[-3.2270077,50.8644906],"type":"Point"},"id":"GG2050-REPD-1454","properties":{"capacity_mw":2.0,"gg_project_id":"GG2050-REPD-1454","name":"Dunkeswell Airfield","operator":"Lumicity","repd_ref":"1454","repd_technology":"Solar Photovoltaics","status":"Operational","technology":"solar"},"type":"Feature"},{"geometry":{"coordinates":[-0.5448272,51.1192861],"type":"Point"},"id":"GG2050-REPD-1084","properties":{"capacity_mw":2.0,"gg_project_id":"GG2050-REPD-1084","name":"Dunsfold Park Solar Farm","operator":"Dunsfold Park Ltd","repd_ref":"1084","repd_technology":"Solar Photovoltaics","status":"Operational","technology":"solar"},"type":"Feature"}],"partition":6,"release":"9.1","schema":"globalgrid2050.v9.atlas-projects.v9.1","technology":"solar","type":"FeatureCollection"}
