{"feature_count":500,"features":[{"geometry":{"coordinates":[-2.3471944,51.0567379],"type":"Point"},"id":"GG2050-REPD-5508","properties":{"capacity_mw":5.0,"gg_project_id":"GG2050-REPD-5508","name":"Clapton Farm Solar Park","operator":"British Solar Renewables","repd_ref":"5508","repd_technology":"Solar Photovoltaics","status":"Operational","technology":"solar"},"type":"Feature"},{"geometry":{"coordinates":[-3.5314518,54.5014086],"type":"Point"},"id":"GG2050-REPD-5981","properties":{"capacity_mw":5.0,"gg_project_id":"GG2050-REPD-5981","name":"Cleator Solar Park","operator":"Cleator Solar Park","repd_ref":"5981","repd_technology":"Solar Photovoltaics","status":"Appeal Refused","technology":"solar"},"type":"Feature"},{"geometry":{"coordinates":[-2.4480225,53.5240131],"type":"Point"},"id":"GG2050-REPD-5808","properties":{"capacity_mw":5.0,"gg_project_id":"GG2050-REPD-5808","name":"Cleworth Hall Farm","operator":"Solstice Renewables","repd_ref":"5808","repd_technology":"Solar Photovoltaics","status":"Abandoned","technology":"solar"},"type":"Feature"},{"geometry":{"coordinates":[-3.0370749,51.1123877],"type":"Point"},"id":"GG2050-REPD-1089","properties":{"capacity_mw":5.0,"gg_project_id":"GG2050-REPD-1089","name":"Cobbs Cross Solar Park","operator":"PS Renewables","repd_ref":"1089","repd_technology":"Solar Photovoltaics","status":"Operational","technology":"solar"},"type":"Feature"},{"geometry":{"coordinates":[-1.3156317,54.1697862],"type":"Point"},"id":"GG2050-REPD-4745","properties":{"capacity_mw":5.0,"gg_project_id":"GG2050-REPD-4745","name":"Cold Harbour Farm","operator":"Lightsource Renewable Energy","repd_ref":"4745","repd_technology":"Solar Photovoltaics","status":"Operational","technology":"solar"},"type":"Feature"},{"geometry":{"coordinates":[-0.5611039,52.4056092],"type":"Point"},"id":"GG2050-REPD-1339","properties":{"capacity_mw":5.0,"gg_project_id":"GG2050-REPD-1339","name":"Colpmans Farm","operator":"Greencoat Capital","repd_ref":"1339","repd_technology":"Solar Photovoltaics","status":"Operational","technology":"solar"},"type":"Feature"},{"geometry":{"coordinates":[-3.2954079,51.7627158],"type":"Point"},"id":"GG2050-REPD-15555","properties":{"capacity_mw":5.0,"gg_project_id":"GG2050-REPD-15555","name":"Convatec Green Manufacturing Hub","operator":"Convatec Limited","repd_ref":"15555","repd_technology":"Solar Photovoltaics","status":"Application Refused","technology":"solar"},"type":"Feature"},{"geometry":{"coordinates":[-2.8761539,53.7664162],"type":"Point"},"id":"GG2050-REPD-5321","properties":{"capacity_mw":5.0,"gg_project_id":"GG2050-REPD-5321","name":"Cooper House Farm","operator":"Suncredit UK/ Vogt solar","repd_ref":"5321","repd_technology":"Solar Photovoltaics","status":"Operational","technology":"solar"},"type":"Feature"},{"geometry":{"coordinates":[-1.6221062,52.5847665],"type":"Point"},"id":"GG2050-REPD-12178","properties":{"capacity_mw":5.0,"gg_project_id":"GG2050-REPD-12178","name":"Copes Rough Wood, Lower House Lane - Solar Farm","operator":"Fields Form Solar Limited","repd_ref":"12178","repd_technology":"Solar Photovoltaics","status":"Awaiting Construction","technology":"solar"},"type":"Feature"},{"geometry":{"coordinates":[-1.5134948,51.8688853],"type":"Point"},"id":"GG2050-REPD-1337","properties":{"capacity_mw":5.0,"gg_project_id":"GG2050-REPD-1337","name":"Cornbury Park Estate","operator":"Alectron Investments Ltd","repd_ref":"1337","repd_technology":"Solar Photovoltaics","status":"Application Withdrawn","technology":"solar"},"type":"Feature"},{"geometry":{"coordinates":[0.6264579,51.6889874],"type":"Point"},"id":"GG2050-REPD-5579","properties":{"capacity_mw":5.0,"gg_project_id":"GG2050-REPD-5579","name":"Corporation Farm","operator":"Lightsource Renewable Energy","repd_ref":"5579","repd_technology":"Solar Photovoltaics","status":"Abandoned","technology":"solar"},"type":"Feature"},{"geometry":{"coordinates":[-0.4497917,53.7702424],"type":"Point"},"id":"GG2050-REPD-9179","properties":{"capacity_mw":5.0,"gg_project_id":"GG2050-REPD-9179","name":"Cottingham - Solar Farm","operator":"Hull & East Yorkshire Hospitals NHS Trust","repd_ref":"9179","repd_technology":"Solar Photovoltaics","status":"Operational","technology":"solar"},"type":"Feature"},{"geometry":{"coordinates":[-2.4383723,51.8261404],"type":"Point"},"id":"GG2050-REPD-5446","properties":{"capacity_mw":5.0,"gg_project_id":"GG2050-REPD-5446","name":"Cowles Farm","operator":"Wessex Solar Energy","repd_ref":"5446","repd_technology":"Solar Photovoltaics","status":"Appeal Refused","technology":"solar"},"type":"Feature"},{"geometry":{"coordinates":[0.6010981,51.8408179],"type":"Point"},"id":"GG2050-REPD-5497","properties":{"capacity_mw":5.0,"gg_project_id":"GG2050-REPD-5497","name":"Cressing Solar Farm (Phase 1)","operator":"Octopus Investments","repd_ref":"5497","repd_technology":"Solar Photovoltaics","status":"Operational","technology":"solar"},"type":"Feature"},{"geometry":{"coordinates":[-1.2074328,53.2558087],"type":"Point"},"id":"GG2050-REPD-2207","properties":{"capacity_mw":5.0,"gg_project_id":"GG2050-REPD-2207","name":"Creswell","operator":"Sovereign Energy Partners/Creswell Solar","repd_ref":"2207","repd_technology":"Solar Photovoltaics","status":"Revised","technology":"solar"},"type":"Feature"},{"geometry":{"coordinates":[-1.2074328,53.2558087],"type":"Point"},"id":"GG2050-REPD-5224","properties":{"capacity_mw":5.0,"gg_project_id":"GG2050-REPD-5224","name":"Creswell Solar Park","operator":"Sovereign Energy Partners","repd_ref":"5224","repd_technology":"Solar Photovoltaics","status":"Operational","technology":"solar"},"type":"Feature"},{"geometry":{"coordinates":[-1.840431,50.9069029],"type":"Point"},"id":"GG2050-REPD-2248","properties":{"capacity_mw":5.0,"gg_project_id":"GG2050-REPD-2248","name":"Cross Roads Plantation","operator":"Good Energy Generation","repd_ref":"2248","repd_technology":"Solar Photovoltaics","status":"Operational","technology":"solar"},"type":"Feature"},{"geometry":{"coordinates":[-2.3242894,50.7000461],"type":"Point"},"id":"GG2050-REPD-1567","properties":{"capacity_mw":5.0,"gg_project_id":"GG2050-REPD-1567","name":"Crossways Pit Solar Farm","operator":"NextEnery Solar Fund (NESF)","repd_ref":"1567","repd_technology":"Solar Photovoltaics","status":"Operational","technology":"solar"},"type":"Feature"},{"geometry":{"coordinates":[-0.0732188,52.1187384],"type":"Point"},"id":"GG2050-REPD-1472","properties":{"capacity_mw":5.0,"gg_project_id":"GG2050-REPD-1472","name":"Croydon Solar Farm","operator":"Vogt Solar","repd_ref":"1472","repd_technology":"Solar Photovoltaics","status":"Application Withdrawn","technology":"solar"},"type":"Feature"},{"geometry":{"coordinates":[-3.1290034,50.925138],"type":"Point"},"id":"GG2050-REPD-1207","properties":{"capacity_mw":5.0,"gg_project_id":"GG2050-REPD-1207","name":"Culmhead Solar Farm","operator":"Blackdown Solar Power","repd_ref":"1207","repd_technology":"Solar Photovoltaics","status":"Revised","technology":"solar"},"type":"Feature"},{"geometry":{"coordinates":[-3.3144196,51.4162011],"type":"Point"},"id":"GG2050-REPD-5477","properties":{"capacity_mw":5.0,"gg_project_id":"GG2050-REPD-5477","name":"Cwm Derwyn Farm","operator":"Kronos Solar","repd_ref":"5477","repd_technology":"Solar Photovoltaics","status":"Operational","technology":"solar"},"type":"Feature"},{"geometry":{"coordinates":[-3.0793798,51.6213937],"type":"Point"},"id":"GG2050-REPD-5524","properties":{"capacity_mw":5.0,"gg_project_id":"GG2050-REPD-5524","name":"Cwrt Henllys Farm","operator":"Lightsource Renewable Energy","repd_ref":"5524","repd_technology":"Solar Photovoltaics","status":"Operational","technology":"solar"},"type":"Feature"},{"geometry":{"coordinates":[-0.1328595,52.6979994],"type":"Point"},"id":"GG2050-REPD-2332","properties":{"capacity_mw":5.0,"gg_project_id":"GG2050-REPD-2332","name":"Decoy Farm","operator":"Push Energy/ NextEnergy Solar Fund (NESF)","repd_ref":"2332","repd_technology":"Solar Photovoltaics","status":"Operational","technology":"solar"},"type":"Feature"},{"geometry":{"coordinates":[-1.2585516,52.6399736],"type":"Point"},"id":"GG2050-REPD-1885","properties":{"capacity_mw":5.0,"gg_project_id":"GG2050-REPD-1885","name":"Desford Solar Farm","operator":"Trina Solar","repd_ref":"1885","repd_technology":"Solar Photovoltaics","status":"Operational","technology":"solar"},"type":"Feature"},{"geometry":{"coordinates":[-5.9425094,54.6986789],"type":"Point"},"id":"GG2050-REPD-5203","properties":{"capacity_mw":5.0,"gg_project_id":"GG2050-REPD-5203","name":"Doagh Road Solar Farm","operator":"Power Capital","repd_ref":"5203","repd_technology":"Solar Photovoltaics","status":"Appeal Withdrawn","technology":"solar"},"type":"Feature"},{"geometry":{"coordinates":[-2.1030985,50.7504423],"type":"Point"},"id":"GG2050-REPD-1589","properties":{"capacity_mw":5.0,"gg_project_id":"GG2050-REPD-1589","name":"Dolmans Hill (Redbridge Farm) Solar Arrays","operator":"Emotion Energy (Bournemouth) Limited","repd_ref":"1589","repd_technology":"Solar Photovoltaics","status":"Operational","technology":"solar"},"type":"Feature"},{"geometry":{"coordinates":[-1.9511377,50.7700818],"type":"Point"},"id":"GG2050-REPD-8858","properties":{"capacity_mw":5.0,"gg_project_id":"GG2050-REPD-8858","name":"Dorset Green Solar Farm","operator":"Canford Renewable Energy Limited","repd_ref":"8858","repd_technology":"Solar Photovoltaics","status":"Operational","technology":"solar"},"type":"Feature"},{"geometry":{"coordinates":[-2.9391686,56.6539021],"type":"Point"},"id":"GG2050-REPD-9065","properties":{"capacity_mw":5.0,"gg_project_id":"GG2050-REPD-9065","name":"Dragonhall Farm, Padanaram - Solar Photovoltaic Array","operator":"Ecosse Solar Parks Limited","repd_ref":"9065","repd_technology":"Solar Photovoltaics","status":"Under Construction","technology":"solar"},"type":"Feature"},{"geometry":{"coordinates":[-1.65348,52.7742483],"type":"Point"},"id":"GG2050-REPD-5145","properties":{"capacity_mw":5.0,"gg_project_id":"GG2050-REPD-5145","name":"Drakelow Solar Farm","operator":"BlackRock","repd_ref":"5145","repd_technology":"Solar Photovoltaics","status":"Operational","technology":"solar"},"type":"Feature"},{"geometry":{"coordinates":[-2.7279982,56.5837852],"type":"Point"},"id":"GG2050-REPD-5646","properties":{"capacity_mw":5.0,"gg_project_id":"GG2050-REPD-5646","name":"Drummygar Solar Park","operator":"BWE Partnership","repd_ref":"5646","repd_technology":"Solar Photovoltaics","status":"Abandoned","technology":"solar"},"type":"Feature"},{"geometry":{"coordinates":[-3.6648818,50.7873786],"type":"Point"},"id":"GG2050-REPD-5573","properties":{"capacity_mw":5.0,"gg_project_id":"GG2050-REPD-5573","name":"Dunscombe Solar","operator":"Elgin Energy","repd_ref":"5573","repd_technology":"Solar Photovoltaics","status":"Appeal Refused","technology":"solar"},"type":"Feature"},{"geometry":{"coordinates":[-1.3551748,54.5408832],"type":"Point"},"id":"GG2050-REPD-5359","properties":{"capacity_mw":5.0,"gg_project_id":"GG2050-REPD-5359","name":"Eaglescliffe Solar Farm","operator":"UK Sustainable Energy","repd_ref":"5359","repd_technology":"Solar Photovoltaics","status":"Operational","technology":"solar"},"type":"Feature"},{"geometry":{"coordinates":[-5.3639505,55.8082648],"type":"Point"},"id":"GG2050-REPD-10711","properties":{"capacity_mw":5.0,"gg_project_id":"GG2050-REPD-10711","name":"Earraghail Renewable Energy Development","operator":"ScottishPower Renewables","repd_ref":"10711","repd_technology":"Solar Photovoltaics","status":"Application Refused","technology":"solar"},"type":"Feature"},{"geometry":{"coordinates":[-4.4431661,54.7873441],"type":"Point"},"id":"GG2050-REPD-2193","properties":{"capacity_mw":5.0,"gg_project_id":"GG2050-REPD-2193","name":"East Culkae Farm","operator":"Neo Environmental","repd_ref":"2193","repd_technology":"Solar Photovoltaics","status":"Planning Permission Expired","technology":"solar"},"type":"Feature"},{"geometry":{"coordinates":[-4.4271025,50.8701495],"type":"Point"},"id":"GG2050-REPD-1022","properties":{"capacity_mw":5.0,"gg_project_id":"GG2050-REPD-1022","name":"East Langford Farm","operator":"Low carbon Solar Partners","repd_ref":"1022","repd_technology":"Solar Photovoltaics","status":"Operational","technology":"solar"},"type":"Feature"},{"geometry":{"coordinates":[-2.9811963,51.6233975],"type":"Point"},"id":"GG2050-REPD-5546","properties":{"capacity_mw":5.0,"gg_project_id":"GG2050-REPD-5546","name":"Eastern Site","operator":"Lightsource Renewable Energy","repd_ref":"5546","repd_technology":"Solar Photovoltaics","status":"Application Refused","technology":"solar"},"type":"Feature"},{"geometry":{"coordinates":[1.3388785,51.3105483],"type":"Point"},"id":"GG2050-REPD-1981","properties":{"capacity_mw":5.0,"gg_project_id":"GG2050-REPD-1981","name":"Ebbsfleet Solar Farm","operator":"Thanet Solar Ltd/ Vogt Solar","repd_ref":"1981","repd_technology":"Solar Photovoltaics","status":"Operational","technology":"solar"},"type":"Feature"},{"geometry":{"coordinates":[-3.0151796,52.9001488],"type":"Point"},"id":"GG2050-REPD-5834","properties":{"capacity_mw":5.0,"gg_project_id":"GG2050-REPD-5834","name":"Ebnal Lodge","operator":"Greencoat Capital","repd_ref":"5834","repd_technology":"Solar Photovoltaics","status":"Operational","technology":"solar"},"type":"Feature"},{"geometry":{"coordinates":[-0.847685,52.9481395],"type":"Point"},"id":"GG2050-REPD-2247","properties":{"capacity_mw":5.0,"gg_project_id":"GG2050-REPD-2247","name":"Elton solar farm","operator":"Valfortec","repd_ref":"2247","repd_technology":"Solar Photovoltaics","status":"Operational","technology":"solar"},"type":"Feature"},{"geometry":{"coordinates":[-1.3759958,50.792066],"type":"Point"},"id":"GG2050-REPD-4900","properties":{"capacity_mw":5.0,"gg_project_id":"GG2050-REPD-4900","name":"Exbury Solar Farm","operator":"MTS Exbury Solar","repd_ref":"4900","repd_technology":"Solar Photovoltaics","status":"Appeal Refused","technology":"solar"},"type":"Feature"},{"geometry":{"coordinates":[0.6974491,51.6201514],"type":"Point"},"id":"GG2050-REPD-4718","properties":{"capacity_mw":5.0,"gg_project_id":"GG2050-REPD-4718","name":"Fambridge Road/Canewdon Road","operator":"UK Solar Assets (Alcor LS-SPV)","repd_ref":"4718","repd_technology":"Solar Photovoltaics","status":"Operational","technology":"solar"},"type":"Feature"},{"geometry":{"coordinates":[0.6974491,51.6201514],"type":"Point"},"id":"GG2050-REPD-6017","properties":{"capacity_mw":5.0,"gg_project_id":"GG2050-REPD-6017","name":"Fambridge Road/Canewdon Road","operator":"UK Solar Assets (Pobail LS-SPV)","repd_ref":"6017","repd_technology":"Solar Photovoltaics","status":"Planning Permission Expired","technology":"solar"},"type":"Feature"},{"geometry":{"coordinates":[-2.8782749,54.0520608],"type":"Point"},"id":"GG2050-REPD-5099","properties":{"capacity_mw":5.0,"gg_project_id":"GG2050-REPD-5099","name":"Fanny House Farm","operator":"Primrose Solar","repd_ref":"5099","repd_technology":"Solar Photovoltaics","status":"Operational","technology":"solar"},"type":"Feature"},{"geometry":{"coordinates":[-3.8762647,56.1169398],"type":"Point"},"id":"GG2050-REPD-5911","properties":{"capacity_mw":5.0,"gg_project_id":"GG2050-REPD-5911","name":"Farm at Lower Polmaise","operator":"Stirling Council","repd_ref":"5911","repd_technology":"Solar Photovoltaics","status":"Planning Permission Expired","technology":"solar"},"type":"Feature"},{"geometry":{"coordinates":[0.0841305,53.4188913],"type":"Point"},"id":"GG2050-REPD-5758","properties":{"capacity_mw":5.0,"gg_project_id":"GG2050-REPD-5758","name":"Fen Farm Solar Park (extension)","operator":"Ecotricity","repd_ref":"5758","repd_technology":"Solar Photovoltaics","status":"Planning Permission Expired","technology":"solar"},"type":"Feature"},{"geometry":{"coordinates":[0.0344865,52.7232795],"type":"Point"},"id":"GG2050-REPD-4991","properties":{"capacity_mw":5.0,"gg_project_id":"GG2050-REPD-4991","name":"Fendyke Solar Farm - Extension","operator":"BE Renewables/Little Eau Solar","repd_ref":"4991","repd_technology":"Solar Photovoltaics","status":"Appeal Refused","technology":"solar"},"type":"Feature"},{"geometry":{"coordinates":[-2.9587969,56.5332909],"type":"Point"},"id":"GG2050-REPD-5160","properties":{"capacity_mw":5.0,"gg_project_id":"GG2050-REPD-5160","name":"Field 279M North East of 15 Tealing","operator":"Green Power Consultants","repd_ref":"5160","repd_technology":"Solar Photovoltaics","status":"Abandoned","technology":"solar"},"type":"Feature"},{"geometry":{"coordinates":[-2.8250356,56.6819327],"type":"Point"},"id":"GG2050-REPD-5655","properties":{"capacity_mw":5.0,"gg_project_id":"GG2050-REPD-5655","name":"Field 730M West Of Queen Street","operator":"Howmuir Solar","repd_ref":"5655","repd_technology":"Solar Photovoltaics","status":"Awaiting Construction","technology":"solar"},"type":"Feature"},{"geometry":{"coordinates":[-1.5967957,54.60774],"type":"Point"},"id":"GG2050-REPD-4935","properties":{"capacity_mw":5.0,"gg_project_id":"GG2050-REPD-4935","name":"Field at School Aycliffe Lane","operator":"Lightsource Renewable Energy","repd_ref":"4935","repd_technology":"Solar Photovoltaics","status":"Operational","technology":"solar"},"type":"Feature"},{"geometry":{"coordinates":[-2.7248413,52.995739],"type":"Point"},"id":"GG2050-REPD-5529","properties":{"capacity_mw":5.0,"gg_project_id":"GG2050-REPD-5529","name":"Fields Farm (Agden)","operator":"Lightsource Renewable Energy","repd_ref":"5529","repd_technology":"Solar Photovoltaics","status":"Operational","technology":"solar"},"type":"Feature"},{"geometry":{"coordinates":[-0.445969,51.059525],"type":"Point"},"id":"GG2050-REPD-1581","properties":{"capacity_mw":5.0,"gg_project_id":"GG2050-REPD-1581","name":"Five Oaks Solar Farm","operator":"John Laing Environmental Assets","repd_ref":"1581","repd_technology":"Solar Photovoltaics","status":"Operational","technology":"solar"},"type":"Feature"},{"geometry":{"coordinates":[-0.6946815,53.6201063],"type":"Point"},"id":"GG2050-REPD-5204","properties":{"capacity_mw":5.0,"gg_project_id":"GG2050-REPD-5204","name":"Flixborough Industrial Estate","operator":"NESF (formerly INRG Solar)","repd_ref":"5204","repd_technology":"Solar Photovoltaics","status":"Operational","technology":"solar"},"type":"Feature"},{"geometry":{"coordinates":[-4.3783046,50.4796164],"type":"Point"},"id":"GG2050-REPD-1626","properties":{"capacity_mw":5.0,"gg_project_id":"GG2050-REPD-1626","name":"Ford Farm Solar Farm","operator":"Ford Farm PV Scheme LLP","repd_ref":"1626","repd_technology":"Solar Photovoltaics","status":"Operational","technology":"solar"},"type":"Feature"},{"geometry":{"coordinates":[-3.6236815,55.7407387],"type":"Point"},"id":"GG2050-REPD-5980","properties":{"capacity_mw":5.0,"gg_project_id":"GG2050-REPD-5980","name":"Fordmouth","operator":"Fordmouth Renewables","repd_ref":"5980","repd_technology":"Solar Photovoltaics","status":"Appeal Refused","technology":"solar"},"type":"Feature"},{"geometry":{"coordinates":[0.3914026,52.2793831],"type":"Point"},"id":"GG2050-REPD-1736","properties":{"capacity_mw":5.0,"gg_project_id":"GG2050-REPD-1736","name":"Forest Heath Solar Farm","operator":"Munich RE","repd_ref":"1736","repd_technology":"Solar Photovoltaics","status":"Operational","technology":"solar"},"type":"Feature"},{"geometry":{"coordinates":[-2.508027,54.1353086],"type":"Point"},"id":"GG2050-REPD-5906","properties":{"capacity_mw":5.0,"gg_project_id":"GG2050-REPD-5906","name":"Fountain Lot Solar Farm","operator":"New Energy for the World","repd_ref":"5906","repd_technology":"Solar Photovoltaics","status":"Application Refused","technology":"solar"},"type":"Feature"},{"geometry":{"coordinates":[-4.2936642,50.802364],"type":"Point"},"id":"GG2050-REPD-1631","properties":{"capacity_mw":5.0,"gg_project_id":"GG2050-REPD-1631","name":"Foxcombe Farm Solar Park","operator":"Private Developer","repd_ref":"1631","repd_technology":"Solar Photovoltaics","status":"Operational","technology":"solar"},"type":"Feature"},{"geometry":{"coordinates":[1.3979179,52.7984308],"type":"Point"},"id":"GG2050-REPD-5430","properties":{"capacity_mw":5.0,"gg_project_id":"GG2050-REPD-5430","name":"Frog's Loke Solar Farm","operator":"Frogs Loke Solar","repd_ref":"5430","repd_technology":"Solar Photovoltaics","status":"Operational","technology":"solar"},"type":"Feature"},{"geometry":{"coordinates":[-2.946997,53.5556177],"type":"Point"},"id":"GG2050-REPD-5335","properties":{"capacity_mw":5.0,"gg_project_id":"GG2050-REPD-5335","name":"Fromby Lane Solar Farm","operator":"Formby Lane Solar","repd_ref":"5335","repd_technology":"Solar Photovoltaics","status":"Revised","technology":"solar"},"type":"Feature"},{"geometry":{"coordinates":[-2.9377124,53.5528505],"type":"Point"},"id":"GG2050-REPD-5927","properties":{"capacity_mw":5.0,"gg_project_id":"GG2050-REPD-5927","name":"Fromby Lane Solar Farm","operator":"Fromby Lane Solar","repd_ref":"5927","repd_technology":"Solar Photovoltaics","status":"Appeal Withdrawn","technology":"solar"},"type":"Feature"},{"geometry":{"coordinates":[-1.0694497,51.2142263],"type":"Point"},"id":"GG2050-REPD-1342","properties":{"capacity_mw":5.0,"gg_project_id":"GG2050-REPD-1342","name":"Frying Down Copse Solar Farm","operator":"Private Developer","repd_ref":"1342","repd_technology":"Solar Photovoltaics","status":"Operational","technology":"solar"},"type":"Feature"},{"geometry":{"coordinates":[-1.2956413,53.1099032],"type":"Point"},"id":"GG2050-REPD-5518","properties":{"capacity_mw":5.0,"gg_project_id":"GG2050-REPD-5518","name":"Fulwood Grange Farm","operator":"Fulwood Grange Solar Farm Limited","repd_ref":"5518","repd_technology":"Solar Photovoltaics","status":"Abandoned","technology":"solar"},"type":"Feature"},{"geometry":{"coordinates":[-2.3064499,50.6699147],"type":"Point"},"id":"GG2050-REPD-5512","properties":{"capacity_mw":5.0,"gg_project_id":"GG2050-REPD-5512","name":"Galton Manor Solar Park","operator":"British Solar Renewables","repd_ref":"5512","repd_technology":"Solar Photovoltaics","status":"Operational","technology":"solar"},"type":"Feature"},{"geometry":{"coordinates":[-2.716971,51.3929657],"type":"Point"},"id":"GG2050-REPD-1218","properties":{"capacity_mw":5.0,"gg_project_id":"GG2050-REPD-1218","name":"Garleys Wood Solar Park","operator":"Wessex Solar Energy","repd_ref":"1218","repd_technology":"Solar Photovoltaics","status":"Application Refused","technology":"solar"},"type":"Feature"},{"geometry":{"coordinates":[-2.8893337,50.812005],"type":"Point"},"id":"GG2050-REPD-5801","properties":{"capacity_mw":5.0,"gg_project_id":"GG2050-REPD-5801","name":"Gashay Lane","operator":"Sadborow Solar Parks","repd_ref":"5801","repd_technology":"Solar Photovoltaics","status":"Application Refused","technology":"solar"},"type":"Feature"},{"geometry":{"coordinates":[-0.7363225,51.8274283],"type":"Point"},"id":"GG2050-REPD-5599","properties":{"capacity_mw":5.0,"gg_project_id":"GG2050-REPD-5599","name":"Gib Lane Solar farm (Extension)","operator":"Haymaker Energy","repd_ref":"5599","repd_technology":"Solar Photovoltaics","status":"Operational","technology":"solar"},"type":"Feature"},{"geometry":{"coordinates":[-4.025848,55.9966705],"type":"Point"},"id":"GG2050-REPD-5909","properties":{"capacity_mw":5.0,"gg_project_id":"GG2050-REPD-5909","name":"Glenhead Farm (Upper)","operator":"Environmental Energy Investments","repd_ref":"5909","repd_technology":"Solar Photovoltaics","status":"Planning Permission Expired","technology":"solar"},"type":"Feature"},{"geometry":{"coordinates":[0.3202878,52.2957292],"type":"Point"},"id":"GG2050-REPD-9528","properties":{"capacity_mw":5.0,"gg_project_id":"GG2050-REPD-9528","name":"Goose Hall Solar Farm","operator":"Lightsource BP","repd_ref":"9528","repd_technology":"Solar Photovoltaics","status":"Awaiting Construction","technology":"solar"},"type":"Feature"},{"geometry":{"coordinates":[-4.4232904,50.7110229],"type":"Point"},"id":"GG2050-REPD-1572","properties":{"capacity_mw":5.0,"gg_project_id":"GG2050-REPD-1572","name":"Grange Farm (Cornwall)","operator":"Vogt Solar","repd_ref":"1572","repd_technology":"Solar Photovoltaics","status":"Operational","technology":"solar"},"type":"Feature"},{"geometry":{"coordinates":[-0.7224592,52.971249],"type":"Point"},"id":"GG2050-REPD-5149","properties":{"capacity_mw":5.0,"gg_project_id":"GG2050-REPD-5149","name":"Grantham Solar Farm","operator":"British Solar Renewables","repd_ref":"5149","repd_technology":"Solar Photovoltaics","status":"Operational","technology":"solar"},"type":"Feature"},{"geometry":{"coordinates":[-2.4123018,52.7090683],"type":"Point"},"id":"GG2050-REPD-5670","properties":{"capacity_mw":5.0,"gg_project_id":"GG2050-REPD-5670","name":"Granville Road Solar Farm","operator":"Solstice Renewables","repd_ref":"5670","repd_technology":"Solar Photovoltaics","status":"Operational","technology":"solar"},"type":"Feature"},{"geometry":{"coordinates":[-3.4714109,51.0142117],"type":"Point"},"id":"GG2050-REPD-1069","properties":{"capacity_mw":5.0,"gg_project_id":"GG2050-REPD-1069","name":"Gratton Copse","operator":"Wessex Solar Energy","repd_ref":"1069","repd_technology":"Solar Photovoltaics","status":"Application Withdrawn","technology":"solar"},"type":"Feature"},{"geometry":{"coordinates":[-1.1932198,51.3796619],"type":"Point"},"id":"GG2050-REPD-5143","properties":{"capacity_mw":5.0,"gg_project_id":"GG2050-REPD-5143","name":"Gravel Works, Wasing Estate","operator":"NESF (formerly INRG Solar)","repd_ref":"5143","repd_technology":"Solar Photovoltaics","status":"Operational","technology":"solar"},"type":"Feature"},{"geometry":{"coordinates":[-0.6484436,51.8501711],"type":"Point"},"id":"GG2050-REPD-1842","properties":{"capacity_mw":5.0,"gg_project_id":"GG2050-REPD-1842","name":"Great Seabrook Farm","operator":"Conergy","repd_ref":"1842","repd_technology":"Solar Photovoltaics","status":"Operational","technology":"solar"},"type":"Feature"},{"geometry":{"coordinates":[-2.6850854,54.2858888],"type":"Point"},"id":"GG2050-REPD-5793","properties":{"capacity_mw":5.0,"gg_project_id":"GG2050-REPD-5793","name":"Greaves Solar Farm","operator":"New Energy for the World","repd_ref":"5793","repd_technology":"Solar Photovoltaics","status":"Operational","technology":"solar"},"type":"Feature"},{"geometry":{"coordinates":[-1.7367029,54.8475815],"type":"Point"},"id":"GG2050-REPD-5380","properties":{"capacity_mw":5.0,"gg_project_id":"GG2050-REPD-5380","name":"Green Croft Solar Farm","operator":"Anesco","repd_ref":"5380","repd_technology":"Solar Photovoltaics","status":"Operational","technology":"solar"},"type":"Feature"},{"geometry":{"coordinates":[1.1535395,51.9119021],"type":"Point"},"id":"GG2050-REPD-5089","properties":{"capacity_mw":5.0,"gg_project_id":"GG2050-REPD-5089","name":"Green Farm","operator":"Hive Energy","repd_ref":"5089","repd_technology":"Solar Photovoltaics","status":"Operational","technology":"solar"},"type":"Feature"},{"geometry":{"coordinates":[-1.4789904,50.9636176],"type":"Point"},"id":"GG2050-REPD-5259","properties":{"capacity_mw":5.0,"gg_project_id":"GG2050-REPD-5259","name":"Grove Solar Park (Phase 1)","operator":"Solar Century","repd_ref":"5259","repd_technology":"Solar Photovoltaics","status":"Operational","technology":"solar"},"type":"Feature"},{"geometry":{"coordinates":[-1.1161475,52.7397383],"type":"Point"},"id":"GG2050-REPD-1811","properties":{"capacity_mw":5.0,"gg_project_id":"GG2050-REPD-1811","name":"Gypsom Solar Farm","operator":"BE Renewables","repd_ref":"1811","repd_technology":"Solar Photovoltaics","status":"Operational","technology":"solar"},"type":"Feature"},{"geometry":{"coordinates":[-2.6771917,51.465244],"type":"Point"},"id":"GG2050-REPD-14017","properties":{"capacity_mw":5.0,"gg_project_id":"GG2050-REPD-14017","name":"Haberfield Park Farm - Solar Farm","operator":"PS Renewables Limited","repd_ref":"14017","repd_technology":"Solar Photovoltaics","status":"Awaiting Construction","technology":"solar"},"type":"Feature"},{"geometry":{"coordinates":[-1.5714524,53.7118879],"type":"Point"},"id":"GG2050-REPD-6402","properties":{"capacity_mw":5.0,"gg_project_id":"GG2050-REPD-6402","name":"Haigh Hall Solar Farm","operator":"Athos Solar","repd_ref":"6402","repd_technology":"Solar Photovoltaics","status":"Operational","technology":"solar"},"type":"Feature"},{"geometry":{"coordinates":[-1.3481613,52.6303237],"type":"Point"},"id":"GG2050-REPD-1991","properties":{"capacity_mw":5.0,"gg_project_id":"GG2050-REPD-1991","name":"Hall Farm Solar Farm (Newbold Verdon)","operator":"Push Energy/ NextEnergy Solar Fund (NESF)","repd_ref":"1991","repd_technology":"Solar Photovoltaics","status":"Operational","technology":"solar"},"type":"Feature"},{"geometry":{"coordinates":[-1.0207395,52.1079454],"type":"Point"},"id":"GG2050-REPD-2231","properties":{"capacity_mw":5.0,"gg_project_id":"GG2050-REPD-2231","name":"Handley Park","operator":"Haymaker Energy","repd_ref":"2231","repd_technology":"Solar Photovoltaics","status":"Operational","technology":"solar"},"type":"Feature"},{"geometry":{"coordinates":[-2.1384356,51.9156976],"type":"Point"},"id":"GG2050-REPD-5826","properties":{"capacity_mw":5.0,"gg_project_id":"GG2050-REPD-5826","name":"Hayden Hill Fruit Farm","operator":"Blue Planet Solar","repd_ref":"5826","repd_technology":"Solar Photovoltaics","status":"Application Refused","technology":"solar"},"type":"Feature"},{"geometry":{"coordinates":[-0.5779307,52.9759459],"type":"Point"},"id":"GG2050-REPD-5847","properties":{"capacity_mw":5.0,"gg_project_id":"GG2050-REPD-5847","name":"Heath Lane","operator":"Haymaker Energy / Trina Solar","repd_ref":"5847","repd_technology":"Solar Photovoltaics","status":"Application Refused","technology":"solar"},"type":"Feature"},{"geometry":{"coordinates":[-2.9800224,54.9444266],"type":"Point"},"id":"GG2050-REPD-5702","properties":{"capacity_mw":5.0,"gg_project_id":"GG2050-REPD-5702","name":"Heathlands","operator":"Lightsource Renewable Energy","repd_ref":"5702","repd_technology":"Solar Photovoltaics","status":"Abandoned","technology":"solar"},"type":"Feature"},{"geometry":{"coordinates":[-4.9303249,50.3414067],"type":"Point"},"id":"GG2050-REPD-1548","properties":{"capacity_mw":5.0,"gg_project_id":"GG2050-REPD-1548","name":"Hewas Solar Farm","operator":"Lightsource Renewable Energy","repd_ref":"1548","repd_technology":"Solar Photovoltaics","status":"Operational","technology":"solar"},"type":"Feature"},{"geometry":{"coordinates":[-0.599385,52.8825967],"type":"Point"},"id":"GG2050-REPD-5581","properties":{"capacity_mw":5.0,"gg_project_id":"GG2050-REPD-5581","name":"High Dyke (Mill Farm)","operator":"Island Green Power","repd_ref":"5581","repd_technology":"Solar Photovoltaics","status":"Operational","technology":"solar"},"type":"Feature"},{"geometry":{"coordinates":[-2.6891542,51.076326],"type":"Point"},"id":"GG2050-REPD-2386","properties":{"capacity_mw":5.0,"gg_project_id":"GG2050-REPD-2386","name":"Higher Hill Farm","operator":"Solar Power Generation","repd_ref":"2386","repd_technology":"Solar Photovoltaics","status":"Operational","technology":"solar"},"type":"Feature"},{"geometry":{"coordinates":[-5.1351067,50.1216712],"type":"Point"},"id":"GG2050-REPD-1544","properties":{"capacity_mw":5.0,"gg_project_id":"GG2050-REPD-1544","name":"Higher Tregarne Solar Farm","operator":"John Laing Environmental Assets","repd_ref":"1544","repd_technology":"Solar Photovoltaics","status":"Operational","technology":"solar"},"type":"Feature"},{"geometry":{"coordinates":[-2.3068713,51.8778327],"type":"Point"},"id":"GG2050-REPD-5452","properties":{"capacity_mw":5.0,"gg_project_id":"GG2050-REPD-5452","name":"Highnam Solar Farm","operator":"Pike Solar","repd_ref":"5452","repd_technology":"Solar Photovoltaics","status":"Abandoned","technology":"solar"},"type":"Feature"},{"geometry":{"coordinates":[-1.5059086,50.9900011],"type":"Point"},"id":"GG2050-REPD-5242","properties":{"capacity_mw":5.0,"gg_project_id":"GG2050-REPD-5242","name":"Highwood Lane","operator":"Solstice Renewables","repd_ref":"5242","repd_technology":"Solar Photovoltaics","status":"Operational","technology":"solar"},"type":"Feature"},{"geometry":{"coordinates":[-1.333255,51.9620659],"type":"Point"},"id":"GG2050-REPD-5164","properties":{"capacity_mw":5.0,"gg_project_id":"GG2050-REPD-5164","name":"Hill Farm","operator":"NESF (formerly Earthworm)","repd_ref":"5164","repd_technology":"Solar Photovoltaics","status":"Operational","technology":"solar"},"type":"Feature"},{"geometry":{"coordinates":[-3.1782908,54.1776829],"type":"Point"},"id":"GG2050-REPD-5666","properties":{"capacity_mw":5.0,"gg_project_id":"GG2050-REPD-5666","name":"Hill Solar Farm","operator":"New Energy for the World","repd_ref":"5666","repd_technology":"Solar Photovoltaics","status":"Application Withdrawn","technology":"solar"},"type":"Feature"},{"geometry":{"coordinates":[-2.3170576,50.6880157],"type":"Point"},"id":"GG2050-REPD-5632","properties":{"capacity_mw":5.0,"gg_project_id":"GG2050-REPD-5632","name":"Holly Farm Solar Park","operator":"British Solar Renewables","repd_ref":"5632","repd_technology":"Solar Photovoltaics","status":"Operational","technology":"solar"},"type":"Feature"},{"geometry":{"coordinates":[-1.8077478,52.8881618],"type":"Point"},"id":"GG2050-REPD-5592","properties":{"capacity_mw":5.0,"gg_project_id":"GG2050-REPD-5592","name":"Holtwood Farm","operator":"Lightsource Renewable Energy","repd_ref":"5592","repd_technology":"Solar Photovoltaics","status":"Operational","technology":"solar"},"type":"Feature"},{"geometry":{"coordinates":[-1.4271928,53.0320971],"type":"Point"},"id":"GG2050-REPD-1175","properties":{"capacity_mw":5.0,"gg_project_id":"GG2050-REPD-1175","name":"Home Farm (PV)","operator":"Private Developer","repd_ref":"1175","repd_technology":"Solar Photovoltaics","status":"Revised","technology":"solar"},"type":"Feature"},{"geometry":{"coordinates":[-1.4125619,51.0268424],"type":"Point"},"id":"GG2050-REPD-17529","properties":{"capacity_mw":5.0,"gg_project_id":"GG2050-REPD-17529","name":"Home Farm, Hursley Park Road - Solar Panels","operator":"Clean Energy Capital (CEC) Limited","repd_ref":"17529","repd_technology":"Solar Photovoltaics","status":"Awaiting Construction","technology":"solar"},"type":"Feature"},{"geometry":{"coordinates":[-4.4126073,50.7266967],"type":"Point"},"id":"GG2050-REPD-5170","properties":{"capacity_mw":5.0,"gg_project_id":"GG2050-REPD-5170","name":"Hornacott Solar Park","operator":"Lightsource Renewable Energy","repd_ref":"5170","repd_technology":"Solar Photovoltaics","status":"Appeal Refused","technology":"solar"},"type":"Feature"},{"geometry":{"coordinates":[-0.3231527,51.1698338],"type":"Point"},"id":"GG2050-REPD-2025","properties":{"capacity_mw":5.0,"gg_project_id":"GG2050-REPD-2025","name":"Horsham Road","operator":"TGC Renewables","repd_ref":"2025","repd_technology":"Solar Photovoltaics","status":"Appeal Refused","technology":"solar"},"type":"Feature"},{"geometry":{"coordinates":[-1.8418706,54.8392447],"type":"Point"},"id":"GG2050-REPD-5844","properties":{"capacity_mw":5.0,"gg_project_id":"GG2050-REPD-5844","name":"Hownsgill Industrial Park","operator":"Project Genesis","repd_ref":"5844","repd_technology":"Solar Photovoltaics","status":"Under Construction","technology":"solar"},"type":"Feature"},{"geometry":{"coordinates":[-0.8805183,51.2797617],"type":"Point"},"id":"GG2050-REPD-5387","properties":{"capacity_mw":5.0,"gg_project_id":"GG2050-REPD-5387","name":"Hungerford Farm","operator":"Solstice Renewables","repd_ref":"5387","repd_technology":"Solar Photovoltaics","status":"Operational","technology":"solar"},"type":"Feature"},{"geometry":{"coordinates":[-2.507433,51.7286326],"type":"Point"},"id":"GG2050-REPD-1489","properties":{"capacity_mw":5.0,"gg_project_id":"GG2050-REPD-1489","name":"Hurst Farm","operator":"Bee Green Solar","repd_ref":"1489","repd_technology":"Solar Photovoltaics","status":"Operational","technology":"solar"},"type":"Feature"},{"geometry":{"coordinates":[-0.7033244,52.1763072],"type":"Point"},"id":"GG2050-REPD-5685","properties":{"capacity_mw":5.0,"gg_project_id":"GG2050-REPD-5685","name":"Hyde Farm","operator":"Conergy","repd_ref":"5685","repd_technology":"Solar Photovoltaics","status":"Operational","technology":"solar"},"type":"Feature"},{"geometry":{"coordinates":[-1.4309865,53.0395673],"type":"Point"},"id":"GG2050-REPD-1740","properties":{"capacity_mw":5.0,"gg_project_id":"GG2050-REPD-1740","name":"Iron Works Farm","operator":"Private Developer","repd_ref":"1740","repd_technology":"Solar Photovoltaics","status":"Application Refused","technology":"solar"},"type":"Feature"},{"geometry":{"coordinates":[0.6761197,52.872208],"type":"Point"},"id":"GG2050-REPD-5173","properties":{"capacity_mw":5.0,"gg_project_id":"GG2050-REPD-5173","name":"Jack's Lane Solar","operator":"Renewable Energy Systems (RES)","repd_ref":"5173","repd_technology":"Solar Photovoltaics","status":"Planning Permission Expired","technology":"solar"},"type":"Feature"},{"geometry":{"coordinates":[-3.2952529,56.3474405],"type":"Point"},"id":"GG2050-REPD-5471","properties":{"capacity_mw":5.0,"gg_project_id":"GG2050-REPD-5471","name":"Jamesfield Solar Farm","operator":"Green Power Consultants","repd_ref":"5471","repd_technology":"Solar Photovoltaics","status":"Planning Permission Expired","technology":"solar"},"type":"Feature"},{"geometry":{"coordinates":[-3.0283393,53.5702446],"type":"Point"},"id":"GG2050-REPD-5938","properties":{"capacity_mw":5.0,"gg_project_id":"GG2050-REPD-5938","name":"Jemmys Carr","operator":"Beacons Cross Solar (formerly Jemmys Carr Solar)","repd_ref":"5938","repd_technology":"Solar Photovoltaics","status":"Under Construction","technology":"solar"},"type":"Feature"},{"geometry":{"coordinates":[-2.699073,53.3669265],"type":"Point"},"id":"GG2050-REPD-5932","properties":{"capacity_mw":5.0,"gg_project_id":"GG2050-REPD-5932","name":"Johnson's Lane","operator":"SBC Renewables","repd_ref":"5932","repd_technology":"Solar Photovoltaics","status":"Revised","technology":"solar"},"type":"Feature"},{"geometry":{"coordinates":[-4.7958766,51.6753764],"type":"Point"},"id":"GG2050-REPD-1388","properties":{"capacity_mw":5.0,"gg_project_id":"GG2050-REPD-1388","name":"Jordanston Solar Farm","operator":"AEE Renewables","repd_ref":"1388","repd_technology":"Solar Photovoltaics","status":"Operational","technology":"solar"},"type":"Feature"},{"geometry":{"coordinates":[-1.0330024,53.3659143],"type":"Point"},"id":"GG2050-REPD-2221","properties":{"capacity_mw":5.0,"gg_project_id":"GG2050-REPD-2221","name":"Jubilee Farm, Barnby Moor","operator":"NESF (formerly Lark Energy)","repd_ref":"2221","repd_technology":"Solar Photovoltaics","status":"Operational","technology":"solar"},"type":"Feature"},{"geometry":{"coordinates":[-1.6422813,51.7620482],"type":"Point"},"id":"GG2050-REPD-1556","properties":{"capacity_mw":5.0,"gg_project_id":"GG2050-REPD-1556","name":"Kencot Hill Solar Farm","operator":"Private Developer","repd_ref":"1556","repd_technology":"Solar Photovoltaics","status":"Revised","technology":"solar"},"type":"Feature"},{"geometry":{"coordinates":[0.6024126,51.9058538],"type":"Point"},"id":"GG2050-REPD-1464","properties":{"capacity_mw":5.0,"gg_project_id":"GG2050-REPD-1464","name":"Kentishes Solar Farm","operator":"Push Energy/ NextEnergy Solar Fund (NESF)","repd_ref":"1464","repd_technology":"Solar Photovoltaics","status":"Operational","technology":"solar"},"type":"Feature"},{"geometry":{"coordinates":[-2.5566664,53.4603759],"type":"Point"},"id":"GG2050-REPD-5841","properties":{"capacity_mw":5.0,"gg_project_id":"GG2050-REPD-5841","name":"Kenyon Lane","operator":"Sun E Greenfield","repd_ref":"5841","repd_technology":"Solar Photovoltaics","status":"Application Refused","technology":"solar"},"type":"Feature"},{"geometry":{"coordinates":[-5.0054319,50.4297669],"type":"Point"},"id":"GG2050-REPD-1554","properties":{"capacity_mw":5.0,"gg_project_id":"GG2050-REPD-1554","name":"Kernow Solar Farm","operator":"Cornwall Council Property Services","repd_ref":"1554","repd_technology":"Solar Photovoltaics","status":"Operational","technology":"solar"},"type":"Feature"},{"geometry":{"coordinates":[-2.9719995,54.9302471],"type":"Point"},"id":"GG2050-REPD-7375","properties":{"capacity_mw":5.0,"gg_project_id":"GG2050-REPD-7375","name":"Kingmoor Park","operator":"Push Energy / Kingmoor Park","repd_ref":"7375","repd_technology":"Solar Photovoltaics","status":"Operational","technology":"solar"},"type":"Feature"},{"geometry":{"coordinates":[-3.8540587,51.0186659],"type":"Point"},"id":"GG2050-REPD-1052","properties":{"capacity_mw":5.0,"gg_project_id":"GG2050-REPD-1052","name":"Kingsland Barton Solar Farm","operator":"WRS Energy Ltd","repd_ref":"1052","repd_technology":"Solar Photovoltaics","status":"Revised","technology":"solar"},"type":"Feature"},{"geometry":{"coordinates":[-3.8650433,51.0181043],"type":"Point"},"id":"GG2050-REPD-4838","properties":{"capacity_mw":5.0,"gg_project_id":"GG2050-REPD-4838","name":"Kingsland Barton Solar Farm","operator":"Padero Solar","repd_ref":"4838","repd_technology":"Solar Photovoltaics","status":"Operational","technology":"solar"},"type":"Feature"},{"geometry":{"coordinates":[-1.2259025,53.7944374],"type":"Point"},"id":"GG2050-REPD-1294","properties":{"capacity_mw":5.0,"gg_project_id":"GG2050-REPD-1294","name":"Kingspan Insulation Solar Installation","operator":"Kingspan Insulation/ Eneco","repd_ref":"1294","repd_technology":"Solar Photovoltaics","status":"Operational","technology":"solar"},"type":"Feature"},{"geometry":{"coordinates":[-2.2441518,51.3465933],"type":"Point"},"id":"GG2050-REPD-1165","properties":{"capacity_mw":5.0,"gg_project_id":"GG2050-REPD-1165","name":"Kingston Farm","operator":"BOA Property / AEE Renewables UK","repd_ref":"1165","repd_technology":"Solar Photovoltaics","status":"Operational","technology":"solar"},"type":"Feature"},{"geometry":{"coordinates":[-3.5252087,53.2867975],"type":"Point"},"id":"GG2050-REPD-2253","properties":{"capacity_mw":5.0,"gg_project_id":"GG2050-REPD-2253","name":"Kinmel 1 CIC","operator":"Haymaker Energy","repd_ref":"2253","repd_technology":"Solar Photovoltaics","status":"Operational","technology":"solar"},"type":"Feature"},{"geometry":{"coordinates":[-0.9577437,52.2063764],"type":"Point"},"id":"GG2050-REPD-5339","properties":{"capacity_mw":5.0,"gg_project_id":"GG2050-REPD-5339","name":"Kislingbury Road Solar Farm","operator":"Kislingbury Solar","repd_ref":"5339","repd_technology":"Solar Photovoltaics","status":"Application Refused","technology":"solar"},"type":"Feature"},{"geometry":{"coordinates":[0.0199165,52.5330591],"type":"Point"},"id":"GG2050-REPD-5374","properties":{"capacity_mw":5.0,"gg_project_id":"GG2050-REPD-5374","name":"Knights End Road Solar Farm","operator":"Caledon Partners (Solar Power Parks)","repd_ref":"5374","repd_technology":"Solar Photovoltaics","status":"Planning Permission Expired","technology":"solar"},"type":"Feature"},{"geometry":{"coordinates":[-1.4444682,53.033815],"type":"Point"},"id":"GG2050-REPD-1741","properties":{"capacity_mw":5.0,"gg_project_id":"GG2050-REPD-1741","name":"Knob Farm","operator":"Private Developer","repd_ref":"1741","repd_technology":"Solar Photovoltaics","status":"Application Refused","technology":"solar"},"type":"Feature"},{"geometry":{"coordinates":[-1.2422786,53.7027718],"type":"Point"},"id":"GG2050-REPD-2264","properties":{"capacity_mw":5.0,"gg_project_id":"GG2050-REPD-2264","name":"Knottingley A","operator":"Envantage Renewables","repd_ref":"2264","repd_technology":"Solar Photovoltaics","status":"Operational","technology":"solar"},"type":"Feature"},{"geometry":{"coordinates":[-1.3361627,52.9529943],"type":"Point"},"id":"GG2050-REPD-5648","properties":{"capacity_mw":5.0,"gg_project_id":"GG2050-REPD-5648","name":"Ladywood Farm","operator":"Global Renewable Construction","repd_ref":"5648","repd_technology":"Solar Photovoltaics","status":"Application Refused","technology":"solar"},"type":"Feature"},{"geometry":{"coordinates":[-1.6116221,51.1987209],"type":"Point"},"id":"GG2050-REPD-1840","properties":{"capacity_mw":5.0,"gg_project_id":"GG2050-REPD-1840","name":"Lains Farm","operator":"INRG","repd_ref":"1840","repd_technology":"Solar Photovoltaics","status":"Operational","technology":"solar"},"type":"Feature"},{"geometry":{"coordinates":[-2.0907066,51.4982043],"type":"Point"},"id":"GG2050-REPD-1384","properties":{"capacity_mw":5.0,"gg_project_id":"GG2050-REPD-1384","name":"Lake Farm","operator":"AEE Renewables","repd_ref":"1384","repd_technology":"Solar Photovoltaics","status":"Operational","technology":"solar"},"type":"Feature"},{"geometry":{"coordinates":[0.8049774,51.8433248],"type":"Point"},"id":"GG2050-REPD-5182","properties":{"capacity_mw":5.0,"gg_project_id":"GG2050-REPD-5182","name":"Land Adjacent Claypits Farm (a)","operator":"Lightsource Renewable Energy","repd_ref":"5182","repd_technology":"Solar Photovoltaics","status":"Operational","technology":"solar"},"type":"Feature"},{"geometry":{"coordinates":[0.50866,51.523668],"type":"Point"},"id":"GG2050-REPD-5922","properties":{"capacity_mw":5.0,"gg_project_id":"GG2050-REPD-5922","name":"Land adjacent to the former Coryton Refinery","operator":"S4N Worsted/Gamma Energy Exeter","repd_ref":"5922","repd_technology":"Solar Photovoltaics","status":"Abandoned","technology":"solar"},"type":"Feature"},{"geometry":{"coordinates":[-2.4194291,51.6815333],"type":"Point"},"id":"GG2050-REPD-5425","properties":{"capacity_mw":5.0,"gg_project_id":"GG2050-REPD-5425","name":"Land At Actrees Farm","operator":"Actrees Solar Power/ Vogt Solar","repd_ref":"5425","repd_technology":"Solar Photovoltaics","status":"Operational","technology":"solar"},"type":"Feature"},{"geometry":{"coordinates":[-1.2173716,53.7968449],"type":"Point"},"id":"GG2050-REPD-5402","properties":{"capacity_mw":5.0,"gg_project_id":"GG2050-REPD-5402","name":"Land at Ash Row Farm","operator":"Lightsource Renewable Energy","repd_ref":"5402","repd_technology":"Solar Photovoltaics","status":"Operational","technology":"solar"},"type":"Feature"},{"geometry":{"coordinates":[-4.3562356,50.4017591],"type":"Point"},"id":"GG2050-REPD-5485","properties":{"capacity_mw":5.0,"gg_project_id":"GG2050-REPD-5485","name":"Land At Bake Farm","operator":"Murex Energy","repd_ref":"5485","repd_technology":"Solar Photovoltaics","status":"Operational","technology":"solar"},"type":"Feature"},{"geometry":{"coordinates":[0.0035687,51.181142],"type":"Point"},"id":"GG2050-REPD-5058","properties":{"capacity_mw":5.0,"gg_project_id":"GG2050-REPD-5058","name":"Land at Barrow Green Farm","operator":"Dowsett Mayhew Planning Partnership","repd_ref":"5058","repd_technology":"Solar Photovoltaics","status":"Application Refused","technology":"solar"},"type":"Feature"},{"geometry":{"coordinates":[-0.1325677,52.4450583],"type":"Point"},"id":"GG2050-REPD-5829","properties":{"capacity_mw":5.0,"gg_project_id":"GG2050-REPD-5829","name":"Land at Biggin Lane","operator":"Ramsey Solar","repd_ref":"5829","repd_technology":"Solar Photovoltaics","status":"Operational","technology":"solar"},"type":"Feature"},{"geometry":{"coordinates":[-1.2683826,54.6326413],"type":"Point"},"id":"GG2050-REPD-5656","properties":{"capacity_mw":5.0,"gg_project_id":"GG2050-REPD-5656","name":"Land at Bluehouse Farm","operator":"Anesco","repd_ref":"5656","repd_technology":"Solar Photovoltaics","status":"Operational","technology":"solar"},"type":"Feature"},{"geometry":{"coordinates":[-1.2543729,53.2398323],"type":"Point"},"id":"GG2050-REPD-5404","properties":{"capacity_mw":5.0,"gg_project_id":"GG2050-REPD-5404","name":"Land at Bolsover Moor Quarry","operator":"Lightsource Renewable Energy","repd_ref":"5404","repd_technology":"Solar Photovoltaics","status":"Operational","technology":"solar"},"type":"Feature"},{"geometry":{"coordinates":[-2.4286736,50.9818316],"type":"Point"},"id":"GG2050-REPD-5428","properties":{"capacity_mw":5.0,"gg_project_id":"GG2050-REPD-5428","name":"Land at Bowden Lane","operator":"British Solar Renewables / NextEnergy Solar Fund (NESF)","repd_ref":"5428","repd_technology":"Solar Photovoltaics","status":"Operational","technology":"solar"},"type":"Feature"},{"geometry":{"coordinates":[-0.067046,50.9985187],"type":"Point"},"id":"GG2050-REPD-5263","properties":{"capacity_mw":5.0,"gg_project_id":"GG2050-REPD-5263","name":"Land At Chiddinglye Farm","operator":"REPOWER Balcombe & Chiddinglye Solar Park","repd_ref":"5263","repd_technology":"Solar Photovoltaics","status":"Operational","technology":"solar"},"type":"Feature"},{"geometry":{"coordinates":[-3.317168,51.7461272],"type":"Point"},"id":"GG2050-REPD-5292","properties":{"capacity_mw":5.0,"gg_project_id":"GG2050-REPD-5292","name":"Land At Cwm Bargoed","operator":"Kronos Solar/ Vogt Solar","repd_ref":"5292","repd_technology":"Solar Photovoltaics","status":"Operational","technology":"solar"},"type":"Feature"},{"geometry":{"coordinates":[-1.2161351,53.1601504],"type":"Point"},"id":"GG2050-REPD-5401","properties":{"capacity_mw":5.0,"gg_project_id":"GG2050-REPD-5401","name":"Land At Debdale Lane","operator":"Equitix Fund IV","repd_ref":"5401","repd_technology":"Solar Photovoltaics","status":"Operational","technology":"solar"},"type":"Feature"},{"geometry":{"coordinates":[-2.3227123,50.6745111],"type":"Point"},"id":"GG2050-REPD-5650","properties":{"capacity_mw":5.0,"gg_project_id":"GG2050-REPD-5650","name":"Land at East Farm","operator":"East Farm Solar Park Ltd","repd_ref":"5650","repd_technology":"Solar Photovoltaics","status":"Operational","technology":"solar"},"type":"Feature"},{"geometry":{"coordinates":[-2.7970035,53.2810167],"type":"Point"},"id":"GG2050-REPD-5300","properties":{"capacity_mw":5.0,"gg_project_id":"GG2050-REPD-5300","name":"Land At Elton Farm","operator":"SEP Elton","repd_ref":"5300","repd_technology":"Solar Photovoltaics","status":"Application Submitted","technology":"solar"},"type":"Feature"},{"geometry":{"coordinates":[-0.4341861,51.0462831],"type":"Point"},"id":"GG2050-REPD-5146","properties":{"capacity_mw":5.0,"gg_project_id":"GG2050-REPD-5146","name":"Land at Five Oaks Farm","operator":"Low Carbon","repd_ref":"5146","repd_technology":"Solar Photovoltaics","status":"Operational","technology":"solar"},"type":"Feature"},{"geometry":{"coordinates":[-4.8455225,50.3942389],"type":"Point"},"id":"GG2050-REPD-1815","properties":{"capacity_mw":5.0,"gg_project_id":"GG2050-REPD-1815","name":"Land at Gilley's Mill Dam","operator":"NextEnergy Solar Fund","repd_ref":"1815","repd_technology":"Solar Photovoltaics","status":"Operational","technology":"solar"},"type":"Feature"},{"geometry":{"coordinates":[1.3283489,51.1487197],"type":"Point"},"id":"GG2050-REPD-4952","properties":{"capacity_mw":5.0,"gg_project_id":"GG2050-REPD-4952","name":"Land At Guston Court Farm","operator":"Conergy West Sussex","repd_ref":"4952","repd_technology":"Solar Photovoltaics","status":"Operational","technology":"solar"},"type":"Feature"},{"geometry":{"coordinates":[0.3803707,51.6281353],"type":"Point"},"id":"GG2050-REPD-4803","properties":{"capacity_mw":5.0,"gg_project_id":"GG2050-REPD-4803","name":"Land at Havering Grove Farm","operator":"Lightsource Renewable Energy","repd_ref":"4803","repd_technology":"Solar Photovoltaics","status":"Appeal Refused","technology":"solar"},"type":"Feature"},{"geometry":{"coordinates":[-4.8765759,55.7150091],"type":"Point"},"id":"GG2050-REPD-5874","properties":{"capacity_mw":5.0,"gg_project_id":"GG2050-REPD-5874","name":"Land at Hunterston Estate","operator":"Hunterston Estates","repd_ref":"5874","repd_technology":"Solar Photovoltaics","status":"Abandoned","technology":"solar"},"type":"Feature"},{"geometry":{"coordinates":[-2.9707568,54.2199078],"type":"Point"},"id":"GG2050-REPD-5515","properties":{"capacity_mw":5.0,"gg_project_id":"GG2050-REPD-5515","name":"Land at Lane Head","operator":"Omicron Solar","repd_ref":"5515","repd_technology":"Solar Photovoltaics","status":"Application Refused","technology":"solar"},"type":"Feature"},{"geometry":{"coordinates":[-4.3349422,50.4217699],"type":"Point"},"id":"GG2050-REPD-1068","properties":{"capacity_mw":5.0,"gg_project_id":"GG2050-REPD-1068","name":"Land At Lanthrone","operator":"Elgin Energy EsCo","repd_ref":"1068","repd_technology":"Solar Photovoltaics","status":"Application Refused","technology":"solar"},"type":"Feature"},{"geometry":{"coordinates":[-3.9582933,51.6922551],"type":"Point"},"id":"GG2050-REPD-5382","properties":{"capacity_mw":5.0,"gg_project_id":"GG2050-REPD-5382","name":"Land at Lltty Morphil Farm","operator":"Kronos Solar","repd_ref":"5382","repd_technology":"Solar Photovoltaics","status":"Abandoned","technology":"solar"},"type":"Feature"},{"geometry":{"coordinates":[-3.8615164,50.7222957],"type":"Point"},"id":"GG2050-REPD-5584","properties":{"capacity_mw":5.0,"gg_project_id":"GG2050-REPD-5584","name":"Land at Martin Farm","operator":"Murex Energy","repd_ref":"5584","repd_technology":"Solar Photovoltaics","status":"Awaiting Construction","technology":"solar"},"type":"Feature"},{"geometry":{"coordinates":[-0.9198686,52.5172615],"type":"Point"},"id":"GG2050-REPD-5385","properties":{"capacity_mw":5.0,"gg_project_id":"GG2050-REPD-5385","name":"Land at Meadow Farm","operator":"Lightsource Renewable Energy","repd_ref":"5385","repd_technology":"Solar Photovoltaics","status":"Operational","technology":"solar"},"type":"Feature"},{"geometry":{"coordinates":[-2.4509208,53.1271489],"type":"Point"},"id":"GG2050-REPD-5329","properties":{"capacity_mw":5.0,"gg_project_id":"GG2050-REPD-5329","name":"Land at Moss Farm (South)","operator":"TGC Renewables/NESF","repd_ref":"5329","repd_technology":"Solar Photovoltaics","status":"Planning Permission Expired","technology":"solar"},"type":"Feature"},{"geometry":{"coordinates":[-2.8516016,51.3713202],"type":"Point"},"id":"GG2050-REPD-4741","properties":{"capacity_mw":5.0,"gg_project_id":"GG2050-REPD-4741","name":"Land at New Orchard Farm","operator":"Solar Power South","repd_ref":"4741","repd_technology":"Solar Photovoltaics","status":"Planning Permission Expired","technology":"solar"},"type":"Feature"},{"geometry":{"coordinates":[-2.4947915,50.6278189],"type":"Point"},"id":"GG2050-REPD-4703","properties":{"capacity_mw":5.0,"gg_project_id":"GG2050-REPD-4703","name":"Land at Newlands Farm","operator":"British Solar Renewables","repd_ref":"4703","repd_technology":"Solar Photovoltaics","status":"Operational","technology":"solar"},"type":"Feature"},{"geometry":{"coordinates":[-3.6620941,50.351461],"type":"Point"},"id":"GG2050-REPD-5588","properties":{"capacity_mw":5.0,"gg_project_id":"GG2050-REPD-5588","name":"Land at Oldstone Farm","operator":"British Solar Renewables","repd_ref":"5588","repd_technology":"Solar Photovoltaics","status":"Operational","technology":"solar"},"type":"Feature"},{"geometry":{"coordinates":[-1.2845847,53.3769812],"type":"Point"},"id":"GG2050-REPD-5710","properties":{"capacity_mw":5.0,"gg_project_id":"GG2050-REPD-5710","name":"Land At Penny Hill Lane","operator":"Banks Renewables","repd_ref":"5710","repd_technology":"Solar Photovoltaics","status":"Planning Permission Expired","technology":"solar"},"type":"Feature"},{"geometry":{"coordinates":[-1.0665573,53.6735418],"type":"Point"},"id":"GG2050-REPD-5322","properties":{"capacity_mw":5.0,"gg_project_id":"GG2050-REPD-5322","name":"Land at Pollington Airfield","operator":"Lightsource Renewable Energy","repd_ref":"5322","repd_technology":"Solar Photovoltaics","status":"Operational","technology":"solar"},"type":"Feature"},{"geometry":{"coordinates":[-2.8781376,54.7255061],"type":"Point"},"id":"GG2050-REPD-5905","properties":{"capacity_mw":5.0,"gg_project_id":"GG2050-REPD-5905","name":"Land at Skelton Radio Transmitter Site","operator":"New Energy for the World","repd_ref":"5905","repd_technology":"Solar Photovoltaics","status":"Application Withdrawn","technology":"solar"},"type":"Feature"},{"geometry":{"coordinates":[-4.4337836,50.7948373],"type":"Point"},"id":"GG2050-REPD-5701","properties":{"capacity_mw":5.0,"gg_project_id":"GG2050-REPD-5701","name":"Land At Southland Farm (NOR)","operator":"Lightsource Renewable Energy","repd_ref":"5701","repd_technology":"Solar Photovoltaics","status":"Abandoned","technology":"solar"},"type":"Feature"},{"geometry":{"coordinates":[-2.3816007,50.9723552],"type":"Point"},"id":"GG2050-REPD-5429","properties":{"capacity_mw":5.0,"gg_project_id":"GG2050-REPD-5429","name":"Land at Stalbridge Park","operator":"British Solar Renewables / NextEnergy Solar Fund (NESF)","repd_ref":"5429","repd_technology":"Solar Photovoltaics","status":"Operational","technology":"solar"},"type":"Feature"},{"geometry":{"coordinates":[-1.6988591,54.417451],"type":"Point"},"id":"GG2050-REPD-5403","properties":{"capacity_mw":5.0,"gg_project_id":"GG2050-REPD-5403","name":"Land at Stripe Farm","operator":"Gresham House","repd_ref":"5403","repd_technology":"Solar Photovoltaics","status":"Operational","technology":"solar"},"type":"Feature"},{"geometry":{"coordinates":[-2.391662,51.0356814],"type":"Point"},"id":"GG2050-REPD-4916","properties":{"capacity_mw":5.0,"gg_project_id":"GG2050-REPD-4916","name":"Land at Sutor Farm","operator":"Elgin Energy EsCo","repd_ref":"4916","repd_technology":"Solar Photovoltaics","status":"Operational","technology":"solar"},"type":"Feature"},{"geometry":{"coordinates":[-0.222115,51.6965808],"type":"Point"},"id":"GG2050-REPD-5295","properties":{"capacity_mw":5.0,"gg_project_id":"GG2050-REPD-5295","name":"Land At Swanland Road","operator":"Gascoyne Holdings","repd_ref":"5295","repd_technology":"Solar Photovoltaics","status":"Operational","technology":"solar"},"type":"Feature"},{"geometry":{"coordinates":[-0.7018536,50.8480881],"type":"Point"},"id":"GG2050-REPD-4766","properties":{"capacity_mw":5.0,"gg_project_id":"GG2050-REPD-4766","name":"Land at Tangmere Airfield","operator":"West Sussex County Council","repd_ref":"4766","repd_technology":"Solar Photovoltaics","status":"Operational","technology":"solar"},"type":"Feature"},{"geometry":{"coordinates":[-0.9271912,52.007844],"type":"Point"},"id":"GG2050-REPD-5092","properties":{"capacity_mw":5.0,"gg_project_id":"GG2050-REPD-5092","name":"Land at Thornborough Grounds","operator":"NESF (formerly Lark Energy)","repd_ref":"5092","repd_technology":"Solar Photovoltaics","status":"Operational","technology":"solar"},"type":"Feature"},{"geometry":{"coordinates":[-3.0251714,53.5734988],"type":"Point"},"id":"GG2050-REPD-5534","properties":{"capacity_mw":5.0,"gg_project_id":"GG2050-REPD-5534","name":"Land at Tip Field","operator":"BE Renewables","repd_ref":"5534","repd_technology":"Solar Photovoltaics","status":"Under Construction","technology":"solar"},"type":"Feature"},{"geometry":{"coordinates":[-0.6171487,52.2152129],"type":"Point"},"id":"GG2050-REPD-5057","properties":{"capacity_mw":5.0,"gg_project_id":"GG2050-REPD-5057","name":"Land at Wood Road","operator":"Town Farm Solar Farm","repd_ref":"5057","repd_technology":"Solar Photovoltaics","status":"Application Refused","technology":"solar"},"type":"Feature"},{"geometry":{"coordinates":[-1.0757732,54.5349916],"type":"Point"},"id":"GG2050-REPD-5309","properties":{"capacity_mw":5.0,"gg_project_id":"GG2050-REPD-5309","name":"Land at Woodhouse Farm","operator":"Lightsource Renewable Energy","repd_ref":"5309","repd_technology":"Solar Photovoltaics","status":"Operational","technology":"solar"},"type":"Feature"},{"geometry":{"coordinates":[-2.8971391,54.8194594],"type":"Point"},"id":"GG2050-REPD-5525","properties":{"capacity_mw":5.0,"gg_project_id":"GG2050-REPD-5525","name":"Land at Wreay","operator":"Anesco","repd_ref":"5525","repd_technology":"Solar Photovoltaics","status":"Operational","technology":"solar"},"type":"Feature"},{"geometry":{"coordinates":[-1.6374452,54.3568979],"type":"Point"},"id":"GG2050-REPD-5400","properties":{"capacity_mw":5.0,"gg_project_id":"GG2050-REPD-5400","name":"Land East of Appleton Farm","operator":"Gresham House","repd_ref":"5400","repd_technology":"Solar Photovoltaics","status":"Operational","technology":"solar"},"type":"Feature"},{"geometry":{"coordinates":[-0.8677681,51.1438826],"type":"Point"},"id":"GG2050-REPD-1164","properties":{"capacity_mw":5.0,"gg_project_id":"GG2050-REPD-1164","name":"Land east of Kingsley Sports Club","operator":"Granite Consultants Limited","repd_ref":"1164","repd_technology":"Solar Photovoltaics","status":"Revised","technology":"solar"},"type":"Feature"},{"geometry":{"coordinates":[-0.8680322,51.1400994],"type":"Point"},"id":"GG2050-REPD-2374","properties":{"capacity_mw":5.0,"gg_project_id":"GG2050-REPD-2374","name":"Land east of Kingsley Sports Club","operator":"Granite Solar","repd_ref":"2374","repd_technology":"Solar Photovoltaics","status":"Planning Permission Expired","technology":"solar"},"type":"Feature"},{"geometry":{"coordinates":[-2.1418251,52.6404715],"type":"Point"},"id":"GG2050-REPD-5568","properties":{"capacity_mw":5.0,"gg_project_id":"GG2050-REPD-5568","name":"Land East of Lawn Lane","operator":"Lightsource Renewable Energy","repd_ref":"5568","repd_technology":"Solar Photovoltaics","status":"Operational","technology":"solar"},"type":"Feature"},{"geometry":{"coordinates":[-3.01416,51.68096],"type":"Point"},"id":"GG2050-REPD-5823","properties":{"capacity_mw":5.0,"gg_project_id":"GG2050-REPD-5823","name":"Land East of Panteg Way","operator":"Active Renewables","repd_ref":"5823","repd_technology":"Solar Photovoltaics","status":"Abandoned","technology":"solar"},"type":"Feature"},{"geometry":{"coordinates":[-2.9432536,56.6770505],"type":"Point"},"id":"GG2050-REPD-5464","properties":{"capacity_mw":5.0,"gg_project_id":"GG2050-REPD-5464","name":"Land East of Sandyford","operator":"Selettra Holding","repd_ref":"5464","repd_technology":"Solar Photovoltaics","status":"Planning Permission Expired","technology":"solar"},"type":"Feature"},{"geometry":{"coordinates":[1.3063555,52.6051213],"type":"Point"},"id":"GG2050-REPD-4885","properties":{"capacity_mw":5.0,"gg_project_id":"GG2050-REPD-4885","name":"Land East of White Horse Lane","operator":"Island Green Power","repd_ref":"4885","repd_technology":"Solar Photovoltaics","status":"Operational","technology":"solar"},"type":"Feature"},{"geometry":{"coordinates":[-0.3519976,51.8616956],"type":"Point"},"id":"GG2050-REPD-5162","properties":{"capacity_mw":5.0,"gg_project_id":"GG2050-REPD-5162","name":"Land North of Chiltern Greeen","operator":"Lightsource Renewable Energy","repd_ref":"5162","repd_technology":"Solar Photovoltaics","status":"Operational","technology":"solar"},"type":"Feature"},{"geometry":{"coordinates":[-0.7463878,51.5830802],"type":"Point"},"id":"GG2050-REPD-5684","properties":{"capacity_mw":5.0,"gg_project_id":"GG2050-REPD-5684","name":"Land North of Marlow Landfill Site","operator":"Anesco","repd_ref":"5684","repd_technology":"Solar Photovoltaics","status":"Application Refused","technology":"solar"},"type":"Feature"},{"geometry":{"coordinates":[-2.6284774,54.1877934],"type":"Point"},"id":"GG2050-REPD-5509","properties":{"capacity_mw":5.0,"gg_project_id":"GG2050-REPD-5509","name":"Land North of Saddler Nook Lane","operator":"Delta Solar","repd_ref":"5509","repd_technology":"Solar Photovoltaics","status":"Planning Permission Expired","technology":"solar"},"type":"Feature"},{"geometry":{"coordinates":[-1.3985069,54.2369876],"type":"Point"},"id":"GG2050-REPD-5297","properties":{"capacity_mw":5.0,"gg_project_id":"GG2050-REPD-5297","name":"Land North of Sandhutton Lane","operator":"Greencoat Capital","repd_ref":"5297","repd_technology":"Solar Photovoltaics","status":"Operational","technology":"solar"},"type":"Feature"},{"geometry":{"coordinates":[-1.3955257,53.1468579],"type":"Point"},"id":"GG2050-REPD-5554","properties":{"capacity_mw":5.0,"gg_project_id":"GG2050-REPD-5554","name":"Land North of the Wood at Averill Farm","operator":"Stretton Solar","repd_ref":"5554","repd_technology":"Solar Photovoltaics","status":"Operational","technology":"solar"},"type":"Feature"},{"geometry":{"coordinates":[0.5585264,52.5631121],"type":"Point"},"id":"GG2050-REPD-5279","properties":{"capacity_mw":5.0,"gg_project_id":"GG2050-REPD-5279","name":"Land North Of, Whittington Hil","operator":"Whittington Hill Solar","repd_ref":"5279","repd_technology":"Solar Photovoltaics","status":"Abandoned","technology":"solar"},"type":"Feature"},{"geometry":{"coordinates":[-2.8362279,51.5876726],"type":"Point"},"id":"GG2050-REPD-5476","properties":{"capacity_mw":5.0,"gg_project_id":"GG2050-REPD-5476","name":"Land North West of Magor Service Station","operator":"INRG Solar","repd_ref":"5476","repd_technology":"Solar Photovoltaics","status":"Abandoned","technology":"solar"},"type":"Feature"},{"geometry":{"coordinates":[-2.2596443,53.9274891],"type":"Point"},"id":"GG2050-REPD-5264","properties":{"capacity_mw":5.0,"gg_project_id":"GG2050-REPD-5264","name":"Land of coal pit lane","operator":"Wirsol Energy/Island Green Power","repd_ref":"5264","repd_technology":"Solar Photovoltaics","status":"Operational","technology":"solar"},"type":"Feature"},{"geometry":{"coordinates":[-0.0199485,53.1060564],"type":"Point"},"id":"GG2050-REPD-5483","properties":{"capacity_mw":5.0,"gg_project_id":"GG2050-REPD-5483","name":"Land Off Folly Lane","operator":"Solar Century/ Bluefield Solar","repd_ref":"5483","repd_technology":"Solar Photovoltaics","status":"Operational","technology":"solar"},"type":"Feature"},{"geometry":{"coordinates":[-0.3854631,50.952372],"type":"Point"},"id":"GG2050-REPD-5578","properties":{"capacity_mw":5.0,"gg_project_id":"GG2050-REPD-5578","name":"Land off Hooklands Lane","operator":"Conergy UK","repd_ref":"5578","repd_technology":"Solar Photovoltaics","status":"Operational","technology":"solar"},"type":"Feature"},{"geometry":{"coordinates":[-2.929836,53.7749821],"type":"Point"},"id":"GG2050-REPD-5928","properties":{"capacity_mw":5.0,"gg_project_id":"GG2050-REPD-5928","name":"Land off Moss Side Lane","operator":"WEL Solar Park 11","repd_ref":"5928","repd_technology":"Solar Photovoltaics","status":"Operational","technology":"solar"},"type":"Feature"},{"geometry":{"coordinates":[-1.3473358,53.8696168],"type":"Point"},"id":"GG2050-REPD-5286","properties":{"capacity_mw":5.0,"gg_project_id":"GG2050-REPD-5286","name":"Land off Paradise Farm","operator":"Pfalzsolar GmbH","repd_ref":"5286","repd_technology":"Solar Photovoltaics","status":"Application Refused","technology":"solar"},"type":"Feature"},{"geometry":{"coordinates":[-1.2407984,53.1533345],"type":"Point"},"id":"GG2050-REPD-5433","properties":{"capacity_mw":5.0,"gg_project_id":"GG2050-REPD-5433","name":"Land Off Penniment Lane","operator":"Global Renewable Construction","repd_ref":"5433","repd_technology":"Solar Photovoltaics","status":"Revised","technology":"solar"},"type":"Feature"},{"geometry":{"coordinates":[-2.6003755,53.6746555],"type":"Point"},"id":"GG2050-REPD-4735","properties":{"capacity_mw":5.0,"gg_project_id":"GG2050-REPD-4735","name":"Land off Tithe Barn lane","operator":"Cassidy & Ashton Group Ltd","repd_ref":"4735","repd_technology":"Solar Photovoltaics","status":"Application Refused","technology":"solar"},"type":"Feature"},{"geometry":{"coordinates":[-2.7983605,53.2612858],"type":"Point"},"id":"GG2050-REPD-5337","properties":{"capacity_mw":5.0,"gg_project_id":"GG2050-REPD-5337","name":"Land off, Common Lane","operator":"Peel Energy","repd_ref":"5337","repd_technology":"Solar Photovoltaics","status":"Appeal Refused","technology":"solar"},"type":"Feature"},{"geometry":{"coordinates":[-3.0704359,52.9874029],"type":"Point"},"id":"GG2050-REPD-5026","properties":{"capacity_mw":5.0,"gg_project_id":"GG2050-REPD-5026","name":"Land Opposite Tyn Y Pistyll","operator":"Lightsource Renewable Energy","repd_ref":"5026","repd_technology":"Solar Photovoltaics","status":"Operational","technology":"solar"},"type":"Feature"},{"geometry":{"coordinates":[-0.1683684,50.9770209],"type":"Point"},"id":"GG2050-REPD-5140","properties":{"capacity_mw":5.0,"gg_project_id":"GG2050-REPD-5140","name":"Land Parcel North of Goddards","operator":"INRG Solar","repd_ref":"5140","repd_technology":"Solar Photovoltaics","status":"Operational","technology":"solar"},"type":"Feature"},{"geometry":{"coordinates":[-2.6508768,53.3797295],"type":"Point"},"id":"GG2050-REPD-5319","properties":{"capacity_mw":5.0,"gg_project_id":"GG2050-REPD-5319","name":"Land south of 50 Station Road","operator":"SEP Chester","repd_ref":"5319","repd_technology":"Solar Photovoltaics","status":"Application Refused","technology":"solar"},"type":"Feature"},{"geometry":{"coordinates":[1.2496113,52.5526147],"type":"Point"},"id":"GG2050-REPD-5285","properties":{"capacity_mw":5.0,"gg_project_id":"GG2050-REPD-5285","name":"Land south of Brick Kiln Road","operator":"Lightsource Renewable Energy","repd_ref":"5285","repd_technology":"Solar Photovoltaics","status":"Operational","technology":"solar"},"type":"Feature"},{"geometry":{"coordinates":[-1.2323973,54.1480738],"type":"Point"},"id":"GG2050-REPD-5033","properties":{"capacity_mw":5.0,"gg_project_id":"GG2050-REPD-5033","name":"Land South of Highfield House","operator":"Lightsource Renewable Energy","repd_ref":"5033","repd_technology":"Solar Photovoltaics","status":"Operational","technology":"solar"},"type":"Feature"},{"geometry":{"coordinates":[-0.4675647,51.49074],"type":"Point"},"id":"GG2050-REPD-5737","properties":{"capacity_mw":5.0,"gg_project_id":"GG2050-REPD-5737","name":"Land south of Holloway Lane","operator":"British Solar Renewables","repd_ref":"5737","repd_technology":"Solar Photovoltaics","status":"Application Withdrawn","technology":"solar"},"type":"Feature"},{"geometry":{"coordinates":[-2.6583866,53.4163084],"type":"Point"},"id":"GG2050-REPD-5304","properties":{"capacity_mw":5.0,"gg_project_id":"GG2050-REPD-5304","name":"Land South Of Joy Lane","operator":"SEP Burtonwood","repd_ref":"5304","repd_technology":"Solar Photovoltaics","status":"Application Refused","technology":"solar"},"type":"Feature"},{"geometry":{"coordinates":[-1.0891424,52.7832156],"type":"Point"},"id":"GG2050-REPD-4746","properties":{"capacity_mw":5.0,"gg_project_id":"GG2050-REPD-4746","name":"Land South of Melton Rd","operator":"Epsilon Solar","repd_ref":"4746","repd_technology":"Solar Photovoltaics","status":"Application Refused","technology":"solar"},"type":"Feature"},{"geometry":{"coordinates":[-1.5988791,52.4985398],"type":"Point"},"id":"GG2050-REPD-5391","properties":{"capacity_mw":5.0,"gg_project_id":"GG2050-REPD-5391","name":"Land South of Pogmore Spinney","operator":"Murex Energy","repd_ref":"5391","repd_technology":"Solar Photovoltaics","status":"Operational","technology":"solar"},"type":"Feature"},{"geometry":{"coordinates":[-2.3824435,53.1588951],"type":"Point"},"id":"GG2050-REPD-5447","properties":{"capacity_mw":5.0,"gg_project_id":"GG2050-REPD-5447","name":"Land south of Wood Lane (Safeguard Bradwell)","operator":"Lightsource Renewable Energy","repd_ref":"5447","repd_technology":"Solar Photovoltaics","status":"Operational","technology":"solar"},"type":"Feature"},{"geometry":{"coordinates":[-1.3743309,53.226652],"type":"Point"},"id":"GG2050-REPD-5128","properties":{"capacity_mw":5.0,"gg_project_id":"GG2050-REPD-5128","name":"Land To The East Of Back Lane","operator":"Anesco","repd_ref":"5128","repd_technology":"Solar Photovoltaics","status":"Operational","technology":"solar"},"type":"Feature"},{"geometry":{"coordinates":[-2.6488932,56.2611573],"type":"Point"},"id":"GG2050-REPD-5570","properties":{"capacity_mw":5.0,"gg_project_id":"GG2050-REPD-5570","name":"Land to the North West of Sypsies Farm","operator":"RF Logan & Co","repd_ref":"5570","repd_technology":"Solar Photovoltaics","status":"Abandoned","technology":"solar"},"type":"Feature"},{"geometry":{"coordinates":[-2.8973249,56.4247242],"type":"Point"},"id":"GG2050-REPD-5326","properties":{"capacity_mw":5.0,"gg_project_id":"GG2050-REPD-5326","name":"Land To The West Of Kirkton Barns Farm","operator":"Green Power Consultants","repd_ref":"5326","repd_technology":"Solar Photovoltaics","status":"Abandoned","technology":"solar"},"type":"Feature"},{"geometry":{"coordinates":[0.6303949,51.6755351],"type":"Point"},"id":"GG2050-REPD-5736","properties":{"capacity_mw":5.0,"gg_project_id":"GG2050-REPD-5736","name":"Land West Of Flambirds Farm","operator":"Lightsource Renewable Energy","repd_ref":"5736","repd_technology":"Solar Photovoltaics","status":"Application Refused","technology":"solar"},"type":"Feature"},{"geometry":{"coordinates":[-1.4850967,54.5069148],"type":"Point"},"id":"GG2050-REPD-5301","properties":{"capacity_mw":5.0,"gg_project_id":"GG2050-REPD-5301","name":"Land West Of Hunger Hill Farm","operator":"Greencoat Capital","repd_ref":"5301","repd_technology":"Solar Photovoltaics","status":"Operational","technology":"solar"},"type":"Feature"},{"geometry":{"coordinates":[-3.0013023,53.2401483],"type":"Point"},"id":"GG2050-REPD-5317","properties":{"capacity_mw":5.0,"gg_project_id":"GG2050-REPD-5317","name":"Land West Of Vicarage Lane","operator":"SEP Puddington","repd_ref":"5317","repd_technology":"Solar Photovoltaics","status":"Application Submitted","technology":"solar"},"type":"Feature"},{"geometry":{"coordinates":[-2.2117528,51.2921034],"type":"Point"},"id":"GG2050-REPD-5336","properties":{"capacity_mw":5.0,"gg_project_id":"GG2050-REPD-5336","name":"Land West Side of Axe and Cleaver Lane","operator":"Wessex Solar Energy","repd_ref":"5336","repd_technology":"Solar Photovoltaics","status":"Operational","technology":"solar"},"type":"Feature"},{"geometry":{"coordinates":[-1.3700841,52.76421],"type":"Point"},"id":"GG2050-REPD-5842","properties":{"capacity_mw":5.0,"gg_project_id":"GG2050-REPD-5842","name":"Lane East of Drakelow Road","operator":"TW Solar","repd_ref":"5842","repd_technology":"Solar Photovoltaics","status":"Application Refused","technology":"solar"},"type":"Feature"},{"geometry":{"coordinates":[-3.4143444,51.4499811],"type":"Point"},"id":"GG2050-REPD-5436","properties":{"capacity_mw":5.0,"gg_project_id":"GG2050-REPD-5436","name":"Lane South-East from Cowbridge","operator":"Solar Century","repd_ref":"5436","repd_technology":"Solar Photovoltaics","status":"Application Refused","technology":"solar"},"type":"Feature"},{"geometry":{"coordinates":[-4.0088558,50.3891221],"type":"Point"},"id":"GG2050-REPD-1039","properties":{"capacity_mw":5.0,"gg_project_id":"GG2050-REPD-1039","name":"Langage Solar Farm","operator":"Terrence O'Rourke Ltd","repd_ref":"1039","repd_technology":"Solar Photovoltaics","status":"Operational","technology":"solar"},"type":"Feature"},{"geometry":{"coordinates":[-2.8994441,50.9885875],"type":"Point"},"id":"GG2050-REPD-1045","properties":{"capacity_mw":5.0,"gg_project_id":"GG2050-REPD-1045","name":"Langport Farm","operator":"ZW Bushfurlong Ltd / WRS Energy","repd_ref":"1045","repd_technology":"Solar Photovoltaics","status":"Application Withdrawn","technology":"solar"},"type":"Feature"},{"geometry":{"coordinates":[-0.6620203,52.3638725],"type":"Point"},"id":"GG2050-REPD-5274","properties":{"capacity_mw":5.0,"gg_project_id":"GG2050-REPD-5274","name":"Latimer Solar Park","operator":"First Renewable Developments","repd_ref":"5274","repd_technology":"Solar Photovoltaics","status":"Awaiting Construction","technology":"solar"},"type":"Feature"},{"geometry":{"coordinates":[-0.3578484,51.8733139],"type":"Point"},"id":"GG2050-REPD-5142","properties":{"capacity_mw":5.0,"gg_project_id":"GG2050-REPD-5142","name":"Ld At Lawrence End Park &, Dane Street","operator":"Lightsource Renewable Energy","repd_ref":"5142","repd_technology":"Solar Photovoltaics","status":"Operational","technology":"solar"},"type":"Feature"},{"geometry":{"coordinates":[-1.449124,50.692516],"type":"Point"},"id":"GG2050-REPD-1558","properties":{"capacity_mw":5.0,"gg_project_id":"GG2050-REPD-1558","name":"Lee Farm","operator":"Vogt Solar","repd_ref":"1558","repd_technology":"Solar Photovoltaics","status":"Operational","technology":"solar"},"type":"Feature"},{"geometry":{"coordinates":[-5.0439337,51.7183752],"type":"Point"},"id":"GG2050-REPD-1634","properties":{"capacity_mw":5.0,"gg_project_id":"GG2050-REPD-1634","name":"Liddeston Ridge Solar Park (Milford Haven)","operator":"Milford Haven Port Authority","repd_ref":"1634","repd_technology":"Solar Photovoltaics","status":"Operational","technology":"solar"},"type":"Feature"},{"geometry":{"coordinates":[-2.4780803,53.4660466],"type":"Point"},"id":"GG2050-REPD-5913","properties":{"capacity_mw":5.0,"gg_project_id":"GG2050-REPD-5913","name":"Lights Oaks Moss","operator":"Earthworm/ EW Capital","repd_ref":"5913","repd_technology":"Solar Photovoltaics","status":"Abandoned","technology":"solar"},"type":"Feature"},{"geometry":{"coordinates":[-1.6196098,50.7694006],"type":"Point"},"id":"GG2050-REPD-2147","properties":{"capacity_mw":5.0,"gg_project_id":"GG2050-REPD-2147","name":"Limolands Farm","operator":"Locogen","repd_ref":"2147","repd_technology":"Solar Photovoltaics","status":"Application Withdrawn","technology":"solar"},"type":"Feature"},{"geometry":{"coordinates":[-1.6196098,50.7694006],"type":"Point"},"id":"GG2050-REPD-4715","properties":{"capacity_mw":5.0,"gg_project_id":"GG2050-REPD-4715","name":"Limolands Farm Solar Array","operator":"Locogen","repd_ref":"4715","repd_technology":"Solar Photovoltaics","status":"Appeal Refused","technology":"solar"},"type":"Feature"},{"geometry":{"coordinates":[-1.3115619,52.6427116],"type":"Point"},"id":"GG2050-REPD-4996","properties":{"capacity_mw":5.0,"gg_project_id":"GG2050-REPD-4996","name":"Lindridge Farm","operator":"Sun Farming","repd_ref":"4996","repd_technology":"Solar Photovoltaics","status":"Operational","technology":"solar"},"type":"Feature"},{"geometry":{"coordinates":[-2.4496465,53.7921084],"type":"Point"},"id":"GG2050-REPD-5553","properties":{"capacity_mw":5.0,"gg_project_id":"GG2050-REPD-5553","name":"Little Snodworth Solar Farm","operator":"Mulbrick Clean Energy","repd_ref":"5553","repd_technology":"Solar Photovoltaics","status":"Appeal Refused","technology":"solar"},"type":"Feature"},{"geometry":{"coordinates":[-3.4172109,50.8635494],"type":"Point"},"id":"GG2050-REPD-13014","properties":{"capacity_mw":5.0,"gg_project_id":"GG2050-REPD-13014","name":"Little Toms - Solar Farm","operator":"PS Renewables","repd_ref":"13014","repd_technology":"Solar Photovoltaics","status":"Under Construction","technology":"solar"},"type":"Feature"},{"geometry":{"coordinates":[-1.2038104,53.1812112],"type":"Point"},"id":"GG2050-REPD-5687","properties":{"capacity_mw":5.0,"gg_project_id":"GG2050-REPD-5687","name":"Littlewood Lane Solar","operator":"Littlewood Renewables","repd_ref":"5687","repd_technology":"Solar Photovoltaics","status":"Operational","technology":"solar"},"type":"Feature"},{"geometry":{"coordinates":[-3.3862039,51.4065615],"type":"Point"},"id":"GG2050-REPD-4940","properties":{"capacity_mw":5.0,"gg_project_id":"GG2050-REPD-4940","name":"Llancadle Farm","operator":"Llancadle Solar Farm Ltd","repd_ref":"4940","repd_technology":"Solar Photovoltaics","status":"Operational","technology":"solar"},"type":"Feature"},{"geometry":{"coordinates":[-4.3996533,52.9355545],"type":"Point"},"id":"GG2050-REPD-5575","properties":{"capacity_mw":5.0,"gg_project_id":"GG2050-REPD-5575","name":"Llwyndyrys Farm","operator":"Luminous Energy","repd_ref":"5575","repd_technology":"Solar Photovoltaics","status":"Planning Permission Expired","technology":"solar"},"type":"Feature"},{"geometry":{"coordinates":[-2.5055915,51.2050241],"type":"Point"},"id":"GG2050-REPD-1611","properties":{"capacity_mw":5.0,"gg_project_id":"GG2050-REPD-1611","name":"Lodge Farm Solar Farm","operator":"Ecotricity","repd_ref":"1611","repd_technology":"Solar Photovoltaics","status":"Under Construction","technology":"solar"},"type":"Feature"},{"geometry":{"coordinates":[-2.5220182,54.6327258],"type":"Point"},"id":"GG2050-REPD-5782","properties":{"capacity_mw":5.0,"gg_project_id":"GG2050-REPD-5782","name":"Long Marton","operator":"New Energy for the World","repd_ref":"5782","repd_technology":"Solar Photovoltaics","status":"Application Refused","technology":"solar"},"type":"Feature"},{"geometry":{"coordinates":[-3.7338524,50.4235158],"type":"Point"},"id":"GG2050-REPD-4842","properties":{"capacity_mw":5.0,"gg_project_id":"GG2050-REPD-4842","name":"Lower Blakemore Farm","operator":"New Energy for the World","repd_ref":"4842","repd_technology":"Solar Photovoltaics","status":"Appeal Refused","technology":"solar"},"type":"Feature"},{"geometry":{"coordinates":[-4.738308,50.4800364],"type":"Point"},"id":"GG2050-REPD-1551","properties":{"capacity_mw":5.0,"gg_project_id":"GG2050-REPD-1551","name":"Lower Bodiniel Farm","operator":"Wardell Armstrong International Ltd","repd_ref":"1551","repd_technology":"Solar Photovoltaics","status":"Operational","technology":"solar"},"type":"Feature"},{"geometry":{"coordinates":[-3.1166594,51.0666653],"type":"Point"},"id":"GG2050-REPD-2103","properties":{"capacity_mw":5.0,"gg_project_id":"GG2050-REPD-2103","name":"Lower Marsh Farm","operator":"Solar Power South","repd_ref":"2103","repd_technology":"Solar Photovoltaics","status":"Operational","technology":"solar"},"type":"Feature"},{"geometry":{"coordinates":[0.1446331,50.8618979],"type":"Point"},"id":"GG2050-REPD-8371","properties":{"capacity_mw":5.0,"gg_project_id":"GG2050-REPD-8371","name":"Lower Mays Farm Solar Farm","operator":"Unknown","repd_ref":"8371","repd_technology":"Solar Photovoltaics","status":"Awaiting Construction","technology":"solar"},"type":"Feature"},{"geometry":{"coordinates":[-4.5986721,50.6684495],"type":"Point"},"id":"GG2050-REPD-5954","properties":{"capacity_mw":5.0,"gg_project_id":"GG2050-REPD-5954","name":"Lower Tregeen Farm","operator":"Powerquinn","repd_ref":"5954","repd_technology":"Solar Photovoltaics","status":"Awaiting Construction","technology":"solar"},"type":"Feature"},{"geometry":{"coordinates":[-2.6694324,52.1386353],"type":"Point"},"id":"GG2050-REPD-5686","properties":{"capacity_mw":5.0,"gg_project_id":"GG2050-REPD-5686","name":"Lower Venn Farm","operator":"New Energy for the World","repd_ref":"5686","repd_technology":"Solar Photovoltaics","status":"Operational","technology":"solar"},"type":"Feature"},{"geometry":{"coordinates":[-2.1089,51.6243287],"type":"Point"},"id":"GG2050-REPD-1079","properties":{"capacity_mw":5.0,"gg_project_id":"GG2050-REPD-1079","name":"Malmesbury Solar","operator":"Sunstroom Energy","repd_ref":"1079","repd_technology":"Solar Photovoltaics","status":"Operational","technology":"solar"},"type":"Feature"},{"geometry":{"coordinates":[-2.171353,52.938578],"type":"Point"},"id":"GG2050-REPD-5728","properties":{"capacity_mw":5.0,"gg_project_id":"GG2050-REPD-5728","name":"Malthouse Solar Farm","operator":"Solstice Renewables","repd_ref":"5728","repd_technology":"Solar Photovoltaics","status":"Application Refused","technology":"solar"},"type":"Feature"},{"geometry":{"coordinates":[-2.9934902,51.7126338],"type":"Point"},"id":"GG2050-REPD-5683","properties":{"capacity_mw":5.0,"gg_project_id":"GG2050-REPD-5683","name":"Mamhilad Solar Farm","operator":"Active Renewables","repd_ref":"5683","repd_technology":"Solar Photovoltaics","status":"Operational","technology":"solar"},"type":"Feature"},{"geometry":{"coordinates":[-0.611839,51.9247968],"type":"Point"},"id":"GG2050-REPD-2181","properties":{"capacity_mw":5.0,"gg_project_id":"GG2050-REPD-2181","name":"Manor Farm","operator":"Lightsource Renewable Energy","repd_ref":"2181","repd_technology":"Solar Photovoltaics","status":"Operational","technology":"solar"},"type":"Feature"},{"geometry":{"coordinates":[-2.3178983,51.0541417],"type":"Point"},"id":"GG2050-REPD-1904","properties":{"capacity_mw":5.0,"gg_project_id":"GG2050-REPD-1904","name":"Manor Farm (Dorset)","operator":"INRG Solar","repd_ref":"1904","repd_technology":"Solar Photovoltaics","status":"Operational","technology":"solar"},"type":"Feature"},{"geometry":{"coordinates":[-0.7803666,52.1752226],"type":"Point"},"id":"GG2050-REPD-2205","properties":{"capacity_mw":5.0,"gg_project_id":"GG2050-REPD-2205","name":"Manor Farm (Horton)","operator":"Capital Stage","repd_ref":"2205","repd_technology":"Solar Photovoltaics","status":"Operational","technology":"solar"},"type":"Feature"},{"geometry":{"coordinates":[-0.6825338,50.8148224],"type":"Point"},"id":"GG2050-REPD-2296","properties":{"capacity_mw":5.0,"gg_project_id":"GG2050-REPD-2296","name":"Manor Farm - Shripney","operator":"BNRG Renewables","repd_ref":"2296","repd_technology":"Solar Photovoltaics","status":"Operational","technology":"solar"},"type":"Feature"},{"geometry":{"coordinates":[-3.8895456,56.1338832],"type":"Point"},"id":"GG2050-REPD-6190","properties":{"capacity_mw":5.0,"gg_project_id":"GG2050-REPD-6190","name":"Manor Powis","operator":"Stirling Council","repd_ref":"6190","repd_technology":"Solar Photovoltaics","status":"Application Withdrawn","technology":"solar"},"type":"Feature"},{"geometry":{"coordinates":[1.307215,51.2773924],"type":"Point"},"id":"GG2050-REPD-5117","properties":{"capacity_mw":5.0,"gg_project_id":"GG2050-REPD-5117","name":"Marshborough Farm solar park","operator":"Vogt Solar","repd_ref":"5117","repd_technology":"Solar Photovoltaics","status":"Operational","technology":"solar"},"type":"Feature"},{"geometry":{"coordinates":[-1.0945853,52.7859992],"type":"Point"},"id":"GG2050-REPD-5583","properties":{"capacity_mw":5.0,"gg_project_id":"GG2050-REPD-5583","name":"Melton Road","operator":"Epsilon Solar","repd_ref":"5583","repd_technology":"Solar Photovoltaics","status":"Abandoned","technology":"solar"},"type":"Feature"},{"geometry":{"coordinates":[-3.1466917,56.1479368],"type":"Point"},"id":"GG2050-REPD-5797","properties":{"capacity_mw":5.0,"gg_project_id":"GG2050-REPD-5797","name":"Middle Balbeggie","operator":"Lightsource Renewable Energy","repd_ref":"5797","repd_technology":"Solar Photovoltaics","status":"Operational","technology":"solar"},"type":"Feature"},{"geometry":{"coordinates":[-4.8436884,50.5035933],"type":"Point"},"id":"GG2050-REPD-1541","properties":{"capacity_mw":5.0,"gg_project_id":"GG2050-REPD-1541","name":"Middle Treworder Farm","operator":"Innogy (previously BELECTRIC Solar)","repd_ref":"1541","repd_technology":"Solar Photovoltaics","status":"Operational","technology":"solar"},"type":"Feature"},{"geometry":{"coordinates":[-2.4162994,53.1122004],"type":"Point"},"id":"GG2050-REPD-8522","properties":{"capacity_mw":5.0,"gg_project_id":"GG2050-REPD-8522","name":"Middlewich Road - Solar Photovoltaics & Battery Storage","operator":"Cheshire East Council","repd_ref":"8522","repd_technology":"Solar Photovoltaics","status":"Awaiting Construction","technology":"solar"},"type":"Feature"},{"geometry":{"coordinates":[-2.6600272,53.4959567],"type":"Point"},"id":"GG2050-REPD-5803","properties":{"capacity_mw":5.0,"gg_project_id":"GG2050-REPD-5803","name":"Mill Farm","operator":"RALOS New Energy","repd_ref":"5803","repd_technology":"Solar Photovoltaics","status":"Abandoned","technology":"solar"},"type":"Feature"},{"geometry":{"coordinates":[-0.0466155,51.9073948],"type":"Point"},"id":"GG2050-REPD-5887","properties":{"capacity_mw":5.0,"gg_project_id":"GG2050-REPD-5887","name":"Mill Farm","operator":"Push Energy/ NextEnergy Solar Fund (NESF)","repd_ref":"5887","repd_technology":"Solar Photovoltaics","status":"Operational","technology":"solar"},"type":"Feature"},{"geometry":{"coordinates":[-1.0322618,54.0955989],"type":"Point"},"id":"GG2050-REPD-5157","properties":{"capacity_mw":5.0,"gg_project_id":"GG2050-REPD-5157","name":"Mill Hill Farm","operator":"Lightsource Renewable Energy","repd_ref":"5157","repd_technology":"Solar Photovoltaics","status":"Operational","technology":"solar"},"type":"Feature"},{"geometry":{"coordinates":[0.1661627,52.3449384],"type":"Point"},"id":"GG2050-REPD-1387","properties":{"capacity_mw":5.0,"gg_project_id":"GG2050-REPD-1387","name":"Mingay Farm","operator":"Abbey Renewables","repd_ref":"1387","repd_technology":"Solar Photovoltaics","status":"Operational","technology":"solar"},"type":"Feature"},{"geometry":{"coordinates":[-1.2967498,51.8021009],"type":"Point"},"id":"GG2050-REPD-7350","properties":{"capacity_mw":5.0,"gg_project_id":"GG2050-REPD-7350","name":"Minnis Farm","operator":"Generale Du Solaire","repd_ref":"7350","repd_technology":"Solar Photovoltaics","status":"Planning Permission Expired","technology":"solar"},"type":"Feature"},{"geometry":{"coordinates":[-0.9810294,53.4454478],"type":"Point"},"id":"GG2050-REPD-6181","properties":{"capacity_mw":5.0,"gg_project_id":"GG2050-REPD-6181","name":"Misson Solar Farm","operator":"Novus","repd_ref":"6181","repd_technology":"Solar Photovoltaics","status":"Operational","technology":"solar"},"type":"Feature"},{"geometry":{"coordinates":[-1.9333039,53.0133027],"type":"Point"},"id":"GG2050-REPD-5229","properties":{"capacity_mw":5.0,"gg_project_id":"GG2050-REPD-5229","name":"Moneystone Quarry Solar Farm","operator":"SBC Renewables","repd_ref":"5229","repd_technology":"Solar Photovoltaics","status":"Operational","technology":"solar"},"type":"Feature"},{"geometry":{"coordinates":[-3.1665503,51.0318983],"type":"Point"},"id":"GG2050-REPD-4712","properties":{"capacity_mw":5.0,"gg_project_id":"GG2050-REPD-4712","name":"Montys Farm","operator":"Solar Ventures","repd_ref":"4712","repd_technology":"Solar Photovoltaics","status":"Operational","technology":"solar"},"type":"Feature"},{"geometry":{"coordinates":[-3.5299777,54.6139643],"type":"Point"},"id":"GG2050-REPD-4903","properties":{"capacity_mw":5.0,"gg_project_id":"GG2050-REPD-4903","name":"Moorhouse Farm","operator":"Solar Park Developments","repd_ref":"4903","repd_technology":"Solar Photovoltaics","status":"Operational","technology":"solar"},"type":"Feature"},{"geometry":{"coordinates":[-1.0349757,51.4261858],"type":"Point"},"id":"GG2050-REPD-14945","properties":{"capacity_mw":5.0,"gg_project_id":"GG2050-REPD-14945","name":"Motorway Service Area, Burghfield - Solar Farm","operator":"Moto Hospitality Limited","repd_ref":"14945","repd_technology":"Solar Photovoltaics","status":"Revised","technology":"solar"},"type":"Feature"},{"geometry":{"coordinates":[-1.0349757,51.4261858],"type":"Point"},"id":"GG2050-REPD-18559","properties":{"capacity_mw":5.0,"gg_project_id":"GG2050-REPD-18559","name":"Motorway Service Area, Burghfield - Solar Farm","operator":"Moto Hospitality Limited","repd_ref":"18559","repd_technology":"Solar Photovoltaics","status":"Awaiting Construction","technology":"solar"},"type":"Feature"},{"geometry":{"coordinates":[-3.6125937,56.1167468],"type":"Point"},"id":"GG2050-REPD-5698","properties":{"capacity_mw":5.0,"gg_project_id":"GG2050-REPD-5698","name":"Muirmealing Solar Farm","operator":"Muirmealing Solar Ltd (The Abbey Group)","repd_ref":"5698","repd_technology":"Solar Photovoltaics","status":"Abandoned","technology":"solar"},"type":"Feature"},{"geometry":{"coordinates":[-4.5787879,52.8484275],"type":"Point"},"id":"GG2050-REPD-5871","properties":{"capacity_mw":5.0,"gg_project_id":"GG2050-REPD-5871","name":"Nanhoron Estate","operator":"Belectric (Big 60 Million)","repd_ref":"5871","repd_technology":"Solar Photovoltaics","status":"Abandoned","technology":"solar"},"type":"Feature"},{"geometry":{"coordinates":[-4.1351761,52.1511157],"type":"Point"},"id":"GG2050-REPD-5540","properties":{"capacity_mw":5.0,"gg_project_id":"GG2050-REPD-5540","name":"Nanthenfoel Farms","operator":"Anesco","repd_ref":"5540","repd_technology":"Solar Photovoltaics","status":"Operational","technology":"solar"},"type":"Feature"},{"geometry":{"coordinates":[-4.6544483,55.3067244],"type":"Point"},"id":"GG2050-REPD-5812","properties":{"capacity_mw":5.0,"gg_project_id":"GG2050-REPD-5812","name":"Nethermains","operator":"North Ayrshire Council","repd_ref":"5812","repd_technology":"Solar Photovoltaics","status":"Abandoned","technology":"solar"},"type":"Feature"},{"geometry":{"coordinates":[1.1975377,52.6382755],"type":"Point"},"id":"GG2050-REPD-5543","properties":{"capacity_mw":5.0,"gg_project_id":"GG2050-REPD-5543","name":"New Road Solar Farm","operator":"Solar Century/ Bluefield Solar","repd_ref":"5543","repd_technology":"Solar Photovoltaics","status":"Under Construction","technology":"solar"},"type":"Feature"},{"geometry":{"coordinates":[-1.6986581,55.0375801],"type":"Point"},"id":"GG2050-REPD-11345","properties":{"capacity_mw":5.0,"gg_project_id":"GG2050-REPD-11345","name":"Newcastle International Airport Phase 3- Solar Farm","operator":"Newcastle International Airport","repd_ref":"11345","repd_technology":"Solar Photovoltaics","status":"Awaiting Construction","technology":"solar"},"type":"Feature"},{"geometry":{"coordinates":[-2.8897912,53.7692189],"type":"Point"},"id":"GG2050-REPD-5717","properties":{"capacity_mw":5.0,"gg_project_id":"GG2050-REPD-5717","name":"Newfold Solar Farm","operator":"New Energy for the World","repd_ref":"5717","repd_technology":"Solar Photovoltaics","status":"Abandoned","technology":"solar"},"type":"Feature"},{"geometry":{"coordinates":[-2.9509724,50.7726069],"type":"Point"},"id":"GG2050-REPD-1468","properties":{"capacity_mw":5.0,"gg_project_id":"GG2050-REPD-1468","name":"Newlands Farm (East Devon)","operator":"TGC Renewables","repd_ref":"1468","repd_technology":"Solar Photovoltaics","status":"Operational","technology":"solar"},"type":"Feature"},{"geometry":{"coordinates":[-4.0303451,50.3263555],"type":"Point"},"id":"GG2050-REPD-5451","properties":{"capacity_mw":5.0,"gg_project_id":"GG2050-REPD-5451","name":"Newton Downs Farm","operator":"Core Aries (Renewable Energy)","repd_ref":"5451","repd_technology":"Solar Photovoltaics","status":"Operational","technology":"solar"},"type":"Feature"},{"geometry":{"coordinates":[-4.8353923,50.3197357],"type":"Point"},"id":"GG2050-REPD-1546","properties":{"capacity_mw":5.0,"gg_project_id":"GG2050-REPD-1546","name":"Ninnis Farm Solar","operator":"The Green Company","repd_ref":"1546","repd_technology":"Solar Photovoltaics","status":"Operational","technology":"solar"},"type":"Feature"},{"geometry":{"coordinates":[-3.9175754,50.7922655],"type":"Point"},"id":"GG2050-REPD-1044","properties":{"capacity_mw":5.0,"gg_project_id":"GG2050-REPD-1044","name":"North Tawton Solar Farm","operator":"ZW North Tawton","repd_ref":"1044","repd_technology":"Solar Photovoltaics","status":"Application Refused","technology":"solar"},"type":"Feature"},{"geometry":{"coordinates":[-4.9882415,51.7771424],"type":"Point"},"id":"GG2050-REPD-5523","properties":{"capacity_mw":5.0,"gg_project_id":"GG2050-REPD-5523","name":"North Tenement","operator":"North Tenement Solar Farm Limited","repd_ref":"5523","repd_technology":"Solar Photovoltaics","status":"Operational","technology":"solar"},"type":"Feature"},{"geometry":{"coordinates":[-4.2170495,50.4419942],"type":"Point"},"id":"GG2050-REPD-1776","properties":{"capacity_mw":5.0,"gg_project_id":"GG2050-REPD-1776","name":"North Wayton Farm","operator":"KS SPV21 Ltd","repd_ref":"1776","repd_technology":"Solar Photovoltaics","status":"Operational","technology":"solar"},"type":"Feature"},{"geometry":{"coordinates":[-4.4506327,50.7509792],"type":"Point"},"id":"GG2050-REPD-2288","properties":{"capacity_mw":5.0,"gg_project_id":"GG2050-REPD-2288","name":"Northmoor","operator":"Lightsource Renewable Energy","repd_ref":"2288","repd_technology":"Solar Photovoltaics","status":"Operational","technology":"solar"},"type":"Feature"},{"geometry":{"coordinates":[-1.287421,54.5839016],"type":"Point"},"id":"GG2050-REPD-6078","properties":{"capacity_mw":5.0,"gg_project_id":"GG2050-REPD-6078","name":"Norton Bottoms","operator":"Billingham Valley Developments","repd_ref":"6078","repd_technology":"Solar Photovoltaics","status":"Application Withdrawn","technology":"solar"},"type":"Feature"},{"geometry":{"coordinates":[-2.5062545,50.6433363],"type":"Point"},"id":"GG2050-REPD-1090","properties":{"capacity_mw":5.0,"gg_project_id":"GG2050-REPD-1090","name":"NOTTINGTON LANE SOLAR FARM","operator":"PS Renewables","repd_ref":"1090","repd_technology":"Solar Photovoltaics","status":"Operational","technology":"solar"},"type":"Feature"},{"geometry":{"coordinates":[-2.8102501,53.7718504],"type":"Point"},"id":"GG2050-REPD-6230","properties":{"capacity_mw":5.0,"gg_project_id":"GG2050-REPD-6230","name":"Oakfield Farm","operator":"Renewable Source","repd_ref":"6230","repd_technology":"Solar Photovoltaics","status":"Operational","technology":"solar"},"type":"Feature"},{"geometry":{"coordinates":[-2.1435861,50.7055439],"type":"Point"},"id":"GG2050-REPD-2052","properties":{"capacity_mw":5.0,"gg_project_id":"GG2050-REPD-2052","name":"Oaklands Plantation","operator":"Eneco UK","repd_ref":"2052","repd_technology":"Solar Photovoltaics","status":"Operational","technology":"solar"},"type":"Feature"},{"geometry":{"coordinates":[-0.6763,51.8785412],"type":"Point"},"id":"GG2050-REPD-1929","properties":{"capacity_mw":5.0,"gg_project_id":"GG2050-REPD-1929","name":"Oakwood Farm","operator":"Bowler Energy","repd_ref":"1929","repd_technology":"Solar Photovoltaics","status":"Abandoned","technology":"solar"},"type":"Feature"},{"geometry":{"coordinates":[-1.0395945,52.8019284],"type":"Point"},"id":"GG2050-REPD-5759","properties":{"capacity_mw":5.0,"gg_project_id":"GG2050-REPD-5759","name":"Old Dalby Lodge Farm","operator":"Ecotricity","repd_ref":"5759","repd_technology":"Solar Photovoltaics","status":"Planning Permission Expired","technology":"solar"},"type":"Feature"},{"geometry":{"coordinates":[-2.6110818,54.4499806],"type":"Point"},"id":"GG2050-REPD-5709","properties":{"capacity_mw":5.0,"gg_project_id":"GG2050-REPD-5709","name":"Orton Solar Farm","operator":"New Energy for the World","repd_ref":"5709","repd_technology":"Solar Photovoltaics","status":"Application Refused","technology":"solar"},"type":"Feature"},{"geometry":{"coordinates":[1.1838533,52.7974568],"type":"Point"},"id":"GG2050-REPD-1128","properties":{"capacity_mw":5.0,"gg_project_id":"GG2050-REPD-1128","name":"Oulton Airfield Solar Farm (Phase 1)","operator":"Solar Century/ Bluefield Solar","repd_ref":"1128","repd_technology":"Solar Photovoltaics","status":"Operational","technology":"solar"},"type":"Feature"},{"geometry":{"coordinates":[0.4466912,51.6218972],"type":"Point"},"id":"GG2050-REPD-2240","properties":{"capacity_mw":5.0,"gg_project_id":"GG2050-REPD-2240","name":"Outwood Farm (Phase 1)","operator":"MS Power Projects","repd_ref":"2240","repd_technology":"Solar Photovoltaics","status":"Operational","technology":"solar"},"type":"Feature"},{"geometry":{"coordinates":[-0.705447,50.8373275],"type":"Point"},"id":"GG2050-REPD-1571","properties":{"capacity_mw":5.0,"gg_project_id":"GG2050-REPD-1571","name":"Oving Solar Farm","operator":"Vogt Solar","repd_ref":"1571","repd_technology":"Solar Photovoltaics","status":"Operational","technology":"solar"},"type":"Feature"},{"geometry":{"coordinates":[-1.3737214,51.1842918],"type":"Point"},"id":"GG2050-REPD-1247","properties":{"capacity_mw":5.0,"gg_project_id":"GG2050-REPD-1247","name":"Owls Lodge Farm","operator":"Anesco (previously AEE Renewables)","repd_ref":"1247","repd_technology":"Solar Photovoltaics","status":"Operational","technology":"solar"},"type":"Feature"},{"geometry":{"coordinates":[-1.3673667,51.1875757],"type":"Point"},"id":"GG2050-REPD-1538","properties":{"capacity_mw":5.0,"gg_project_id":"GG2050-REPD-1538","name":"Owls Lodge Farm Extension","operator":"Anesco","repd_ref":"1538","repd_technology":"Solar Photovoltaics","status":"Operational","technology":"solar"},"type":"Feature"},{"geometry":{"coordinates":[-1.3870309,53.148073],"type":"Point"},"id":"GG2050-REPD-5165","properties":{"capacity_mw":5.0,"gg_project_id":"GG2050-REPD-5165","name":"Padleywood Farm","operator":"OST Energy","repd_ref":"5165","repd_technology":"Solar Photovoltaics","status":"Operational","technology":"solar"},"type":"Feature"},{"geometry":{"coordinates":[-3.7646486,51.5997644],"type":"Point"},"id":"GG2050-REPD-1900","properties":{"capacity_mw":5.0,"gg_project_id":"GG2050-REPD-1900","name":"Pant-Y-Moch Farm","operator":"Canadian Solar","repd_ref":"1900","repd_technology":"Solar Photovoltaics","status":"Operational","technology":"solar"},"type":"Feature"},{"geometry":{"coordinates":[-4.5337462,51.7591813],"type":"Point"},"id":"GG2050-REPD-5499","properties":{"capacity_mw":5.0,"gg_project_id":"GG2050-REPD-5499","name":"Parc Cynog","operator":"Vattenfall","repd_ref":"5499","repd_technology":"Solar Photovoltaics","status":"Operational","technology":"solar"},"type":"Feature"},{"geometry":{"coordinates":[-0.7169888,50.8058806],"type":"Point"},"id":"GG2050-REPD-5786","properties":{"capacity_mw":5.0,"gg_project_id":"GG2050-REPD-5786","name":"Park Farm","operator":"BNRG (BL Solar)","repd_ref":"5786","repd_technology":"Solar Photovoltaics","status":"Operational","technology":"solar"},"type":"Feature"},{"geometry":{"coordinates":[-1.9275893,51.5547374],"type":"Point"},"id":"GG2050-REPD-5585","properties":{"capacity_mw":5.0,"gg_project_id":"GG2050-REPD-5585","name":"Park Grounds Farm","operator":"Earthworm Energy","repd_ref":"5585","repd_technology":"Solar Photovoltaics","status":"Abandoned","technology":"solar"},"type":"Feature"},{"geometry":{"coordinates":[-1.5919534,52.7784937],"type":"Point"},"id":"GG2050-REPD-5806","properties":{"capacity_mw":5.0,"gg_project_id":"GG2050-REPD-5806","name":"Park Road","operator":"Earthworm Energy","repd_ref":"5806","repd_technology":"Solar Photovoltaics","status":"Application Refused","technology":"solar"},"type":"Feature"},{"geometry":{"coordinates":[-2.9710384,51.1195193],"type":"Point"},"id":"GG2050-REPD-1103","properties":{"capacity_mw":5.0,"gg_project_id":"GG2050-REPD-1103","name":"Park Wall Solar Park","operator":"Unknown","repd_ref":"1103","repd_technology":"Solar Photovoltaics","status":"Operational","technology":"solar"},"type":"Feature"},{"geometry":{"coordinates":[-2.6728293,51.1051963],"type":"Point"},"id":"GG2050-REPD-1076","properties":{"capacity_mw":5.0,"gg_project_id":"GG2050-REPD-1076","name":"PARK WOOD SOLAR FARM","operator":"Solar Power Generation Limited","repd_ref":"1076","repd_technology":"Solar Photovoltaics","status":"Operational","technology":"solar"},"type":"Feature"},{"geometry":{"coordinates":[-2.5859541,56.6037615],"type":"Point"},"id":"GG2050-REPD-5914","properties":{"capacity_mw":5.0,"gg_project_id":"GG2050-REPD-5914","name":"Parkhill Solar Farm","operator":"Innova / Lark Energy","repd_ref":"5914","repd_technology":"Solar Photovoltaics","status":"Operational","technology":"solar"},"type":"Feature"},{"geometry":{"coordinates":[-1.8558155,50.7928174],"type":"Point"},"id":"GG2050-REPD-1083","properties":{"capacity_mw":5.0,"gg_project_id":"GG2050-REPD-1083","name":"Parley Renewable Energy Park (PV)","operator":"Eco Sustainable Solutions","repd_ref":"1083","repd_technology":"Solar Photovoltaics","status":"Application Refused","technology":"solar"},"type":"Feature"},{"geometry":{"coordinates":[-0.6983452,52.9480992],"type":"Point"},"id":"GG2050-REPD-1676","properties":{"capacity_mw":5.0,"gg_project_id":"GG2050-REPD-1676","name":"Pastures Farm solar park (Gonerby Lane)","operator":"Countryside Renewables","repd_ref":"1676","repd_technology":"Solar Photovoltaics","status":"Planning Permission Expired","technology":"solar"},"type":"Feature"},{"geometry":{"coordinates":[-5.2126156,50.198365],"type":"Point"},"id":"GG2050-REPD-1250","properties":{"capacity_mw":5.0,"gg_project_id":"GG2050-REPD-1250","name":"Penhalurick Solar Farm","operator":"Solar Tech","repd_ref":"1250","repd_technology":"Solar Photovoltaics","status":"Abandoned","technology":"solar"},"type":"Feature"},{"geometry":{"coordinates":[-4.451824,50.4073111],"type":"Point"},"id":"GG2050-REPD-2010","properties":{"capacity_mw":5.0,"gg_project_id":"GG2050-REPD-2010","name":"Pensipple Farm","operator":"Elgin Energy EsCo","repd_ref":"2010","repd_technology":"Solar Photovoltaics","status":"Operational","technology":"solar"},"type":"Feature"},{"geometry":{"coordinates":[-3.0595653,52.9887858],"type":"Point"},"id":"GG2050-REPD-5376","properties":{"capacity_mw":5.0,"gg_project_id":"GG2050-REPD-5376","name":"Penycae Solar Farm","operator":"SBC Renewables","repd_ref":"5376","repd_technology":"Solar Photovoltaics","status":"Operational","technology":"solar"},"type":"Feature"},{"geometry":{"coordinates":[-1.3655234,54.7752429],"type":"Point"},"id":"GG2050-REPD-5694","properties":{"capacity_mw":5.0,"gg_project_id":"GG2050-REPD-5694","name":"Peterlee Solar Farm","operator":"Zaravolt Development","repd_ref":"5694","repd_technology":"Solar Photovoltaics","status":"Operational","technology":"solar"},"type":"Feature"},{"geometry":{"coordinates":[-3.3636835,50.7641938],"type":"Point"},"id":"GG2050-REPD-1431","properties":{"capacity_mw":5.0,"gg_project_id":"GG2050-REPD-1431","name":"Pithayes","operator":"KS SPV29 Ltd","repd_ref":"1431","repd_technology":"Solar Photovoltaics","status":"Application Refused","technology":"solar"},"type":"Feature"},{"geometry":{"coordinates":[-3.2043153,51.0682498],"type":"Point"},"id":"GG2050-REPD-5422","properties":{"capacity_mw":5.0,"gg_project_id":"GG2050-REPD-5422","name":"Pixford Fruit Farm","operator":"Blackstock Farms","repd_ref":"5422","repd_technology":"Solar Photovoltaics","status":"Appeal Refused","technology":"solar"},"type":"Feature"},{"geometry":{"coordinates":[-1.0867324,53.6820925],"type":"Point"},"id":"GG2050-REPD-5225","properties":{"capacity_mw":5.0,"gg_project_id":"GG2050-REPD-5225","name":"Pollington Solar Farm","operator":"Pollington Solar","repd_ref":"5225","repd_technology":"Solar Photovoltaics","status":"Operational","technology":"solar"},"type":"Feature"},{"geometry":{"coordinates":[-4.6633485,50.4295166],"type":"Point"},"id":"GG2050-REPD-1813","properties":{"capacity_mw":5.0,"gg_project_id":"GG2050-REPD-1813","name":"Polmaugan Farm","operator":"Munich RE","repd_ref":"1813","repd_technology":"Solar Photovoltaics","status":"Operational","technology":"solar"},"type":"Feature"},{"geometry":{"coordinates":[-4.987712,51.7737381],"type":"Point"},"id":"GG2050-REPD-6108","properties":{"capacity_mw":5.0,"gg_project_id":"GG2050-REPD-6108","name":"Popehill Farm","operator":"North Tenement Solar Limited","repd_ref":"6108","repd_technology":"Solar Photovoltaics","status":"Operational","technology":"solar"},"type":"Feature"},{"geometry":{"coordinates":[-3.2542654,51.3962326],"type":"Point"},"id":"GG2050-REPD-5605","properties":{"capacity_mw":5.0,"gg_project_id":"GG2050-REPD-5605","name":"Port of Barry - Site 2","operator":"Associated British Ports (ABP)","repd_ref":"5605","repd_technology":"Solar Photovoltaics","status":"Operational","technology":"solar"},"type":"Feature"},{"geometry":{"coordinates":[-0.2051233,51.7091093],"type":"Point"},"id":"GG2050-REPD-5660","properties":{"capacity_mw":5.0,"gg_project_id":"GG2050-REPD-5660","name":"Potters Bar Solar Farm","operator":"UK Sustainable Energy","repd_ref":"5660","repd_technology":"Solar Photovoltaics","status":"Operational","technology":"solar"},"type":"Feature"},{"geometry":{"coordinates":[-2.7043354,56.6349959],"type":"Point"},"id":"GG2050-REPD-4969","properties":{"capacity_mw":5.0,"gg_project_id":"GG2050-REPD-4969","name":"Pressock Farm","operator":"Green Power Consultants","repd_ref":"4969","repd_technology":"Solar Photovoltaics","status":"Operational","technology":"solar"},"type":"Feature"},{"geometry":{"coordinates":[-2.5395452,51.1462802],"type":"Point"},"id":"GG2050-REPD-4729","properties":{"capacity_mw":5.0,"gg_project_id":"GG2050-REPD-4729","name":"Pylle Southern solar park (Lower Easton Farm)","operator":"Pylle Solar/ John Laing Environmental","repd_ref":"4729","repd_technology":"Solar Photovoltaics","status":"Operational","technology":"solar"},"type":"Feature"},{"geometry":{"coordinates":[-2.6387853,50.8098965],"type":"Point"},"id":"GG2050-REPD-4897","properties":{"capacity_mw":5.0,"gg_project_id":"GG2050-REPD-4897","name":"Rampisham North","operator":"British Solar Renewables","repd_ref":"4897","repd_technology":"Solar Photovoltaics","status":"Operational","technology":"solar"},"type":"Feature"},{"geometry":{"coordinates":[-2.5520305,54.1308097],"type":"Point"},"id":"GG2050-REPD-5017","properties":{"capacity_mw":5.0,"gg_project_id":"GG2050-REPD-5017","name":"Ravens Close","operator":"NESF (formerly Tau Solar)","repd_ref":"5017","repd_technology":"Solar Photovoltaics","status":"Operational","technology":"solar"},"type":"Feature"},{"geometry":{"coordinates":[0.1448014,52.0723869],"type":"Point"},"id":"GG2050-REPD-5881","properties":{"capacity_mw":5.0,"gg_project_id":"GG2050-REPD-5881","name":"Rectory Farm","operator":"Push Energy","repd_ref":"5881","repd_technology":"Solar Photovoltaics","status":"Application Withdrawn","technology":"solar"},"type":"Feature"},{"geometry":{"coordinates":[-5.8065616,54.749499],"type":"Point"},"id":"GG2050-REPD-5205","properties":{"capacity_mw":5.0,"gg_project_id":"GG2050-REPD-5205","name":"Red Brae","operator":"Power Capital","repd_ref":"5205","repd_technology":"Solar Photovoltaics","status":"Planning Permission Expired","technology":"solar"},"type":"Feature"},{"geometry":{"coordinates":[-0.063735,53.6967479],"type":"Point"},"id":"GG2050-REPD-2019","properties":{"capacity_mw":5.0,"gg_project_id":"GG2050-REPD-2019","name":"Redhall Industrial Estate","operator":"Dodds Limited","repd_ref":"2019","repd_technology":"Solar Photovoltaics","status":"Operational","technology":"solar"},"type":"Feature"},{"geometry":{"coordinates":[-2.3960547,51.4889831],"type":"Point"},"id":"GG2050-REPD-2020","properties":{"capacity_mw":5.0,"gg_project_id":"GG2050-REPD-2020","name":"Ring O Bells Farm","operator":"Green Energy UK Direct","repd_ref":"2020","repd_technology":"Solar Photovoltaics","status":"Operational","technology":"solar"},"type":"Feature"},{"geometry":{"coordinates":[-2.8672001,53.5938673],"type":"Point"},"id":"GG2050-REPD-5327","properties":{"capacity_mw":5.0,"gg_project_id":"GG2050-REPD-5327","name":"Ringtail Airfield","operator":"Lightsource Renewable Energy","repd_ref":"5327","repd_technology":"Solar Photovoltaics","status":"Application Withdrawn","technology":"solar"},"type":"Feature"},{"geometry":{"coordinates":[-1.8807038,51.5196327],"type":"Point"},"id":"GG2050-REPD-1834","properties":{"capacity_mw":5.0,"gg_project_id":"GG2050-REPD-1834","name":"Rock Farm / Goldborough Farm (Rookwood)","operator":"Good Energy Generation","repd_ref":"1834","repd_technology":"Solar Photovoltaics","status":"Operational","technology":"solar"},"type":"Feature"},{"geometry":{"coordinates":[-1.6440825,52.8541731],"type":"Point"},"id":"GG2050-REPD-5804","properties":{"capacity_mw":5.0,"gg_project_id":"GG2050-REPD-5804","name":"Rollston on Dove, Marston Lane","operator":"Lark Energy","repd_ref":"5804","repd_technology":"Solar Photovoltaics","status":"Abandoned","technology":"solar"},"type":"Feature"},{"geometry":{"coordinates":[1.0660991,52.5352825],"type":"Point"},"id":"GG2050-REPD-5296","properties":{"capacity_mw":5.0,"gg_project_id":"GG2050-REPD-5296","name":"Rookery Business Park","operator":"Solar Century/ Bluefield Solar","repd_ref":"5296","repd_technology":"Solar Photovoltaics","status":"Operational","technology":"solar"},"type":"Feature"},{"geometry":{"coordinates":[-3.4707452,51.3975996],"type":"Point"},"id":"GG2050-REPD-6369","properties":{"capacity_mw":5.0,"gg_project_id":"GG2050-REPD-6369","name":"Rosedew Farm","operator":"INRG","repd_ref":"6369","repd_technology":"Solar Photovoltaics","status":"Operational","technology":"solar"},"type":"Feature"},{"geometry":{"coordinates":[-2.0465352,52.1524756],"type":"Point"},"id":"GG2050-REPD-1169","properties":{"capacity_mw":5.0,"gg_project_id":"GG2050-REPD-1169","name":"Rotherdale Farm","operator":"Vale Green Energy","repd_ref":"1169","repd_technology":"Solar Photovoltaics","status":"Operational","technology":"solar"},"type":"Feature"},{"geometry":{"coordinates":[-2.0340979,52.1535588],"type":"Point"},"id":"GG2050-REPD-5449","properties":{"capacity_mw":5.0,"gg_project_id":"GG2050-REPD-5449","name":"Rotherdale Farm (3rd Phase)","operator":"Vale Green Energy","repd_ref":"5449","repd_technology":"Solar Photovoltaics","status":"Abandoned","technology":"solar"},"type":"Feature"},{"geometry":{"coordinates":[-1.7027961,51.5995746],"type":"Point"},"id":"GG2050-REPD-2048","properties":{"capacity_mw":5.0,"gg_project_id":"GG2050-REPD-2048","name":"Roves Farm (Solar)","operator":"AEE Renewables","repd_ref":"2048","repd_technology":"Solar Photovoltaics","status":"Revised","technology":"solar"},"type":"Feature"},{"geometry":{"coordinates":[-2.7723183,54.7694081],"type":"Point"},"id":"GG2050-REPD-16773","properties":{"capacity_mw":5.0,"gg_project_id":"GG2050-REPD-16773","name":"Roxane UK, Armathwaite - Solar Array & Battery Storage","operator":"Roxane UK Limited","repd_ref":"16773","repd_technology":"Solar Photovoltaics","status":"Awaiting Construction","technology":"solar"},"type":"Feature"},{"geometry":{"coordinates":[-2.5964032,53.0038781],"type":"Point"},"id":"GG2050-REPD-5601","properties":{"capacity_mw":5.0,"gg_project_id":"GG2050-REPD-5601","name":"Royals Wood Farm","operator":"INRG Solar","repd_ref":"5601","repd_technology":"Solar Photovoltaics","status":"Abandoned","technology":"solar"},"type":"Feature"},{"geometry":{"coordinates":[-0.02231,52.0650233],"type":"Point"},"id":"GG2050-REPD-5988","properties":{"capacity_mw":5.0,"gg_project_id":"GG2050-REPD-5988","name":"Royston Solar Farm (Phase 1)","operator":"Canadian Solar","repd_ref":"5988","repd_technology":"Solar Photovoltaics","status":"Planning Permission Expired","technology":"solar"},"type":"Feature"},{"geometry":{"coordinates":[-0.02231,52.0650233],"type":"Point"},"id":"GG2050-REPD-2202","properties":{"capacity_mw":5.0,"gg_project_id":"GG2050-REPD-2202","name":"Royston Solar Farm (Phase 1) (a)","operator":"Canadian Solar","repd_ref":"2202","repd_technology":"Solar Photovoltaics","status":"Operational","technology":"solar"},"type":"Feature"},{"geometry":{"coordinates":[-1.106807,53.1283411],"type":"Point"},"id":"GG2050-REPD-4849","properties":{"capacity_mw":5.0,"gg_project_id":"GG2050-REPD-4849","name":"Rufford Solar Farm","operator":"Renewable Energy Systems (RES)","repd_ref":"4849","repd_technology":"Solar Photovoltaics","status":"Application Refused","technology":"solar"},"type":"Feature"},{"geometry":{"coordinates":[-2.5527577,52.727186],"type":"Point"},"id":"GG2050-REPD-5465","properties":{"capacity_mw":5.0,"gg_project_id":"GG2050-REPD-5465","name":"Rushmoor Lane Farm (Cheshire Coppice)","operator":"Sunsave 38/ Vogt Solar","repd_ref":"5465","repd_technology":"Solar Photovoltaics","status":"Operational","technology":"solar"},"type":"Feature"},{"geometry":{"coordinates":[-0.8302264,52.1398447],"type":"Point"},"id":"GG2050-REPD-14186","properties":{"capacity_mw":5.0,"gg_project_id":"GG2050-REPD-14186","name":"Salcey Green Farm - Solar Panels","operator":"Salcey Green Farm","repd_ref":"14186","repd_technology":"Solar Photovoltaics","status":"Revised","technology":"solar"},"type":"Feature"},{"geometry":{"coordinates":[-0.8302264,52.1398447],"type":"Point"},"id":"GG2050-REPD-15458","properties":{"capacity_mw":5.0,"gg_project_id":"GG2050-REPD-15458","name":"Salcey Green Farm - Solar Panels","operator":"Salcey Green Farm","repd_ref":"15458","repd_technology":"Solar Photovoltaics","status":"Application Refused","technology":"solar"},"type":"Feature"},{"geometry":{"coordinates":[-0.7565222,52.1466252],"type":"Point"},"id":"GG2050-REPD-1878","properties":{"capacity_mw":5.0,"gg_project_id":"GG2050-REPD-1878","name":"Salcey Solar Farm","operator":"NextEnergy Capital","repd_ref":"1878","repd_technology":"Solar Photovoltaics","status":"Operational","technology":"solar"},"type":"Feature"},{"geometry":{"coordinates":[-1.9314146,52.1567086],"type":"Point"},"id":"GG2050-REPD-4850","properties":{"capacity_mw":5.0,"gg_project_id":"GG2050-REPD-4850","name":"Salford Lodge","operator":"AR Partners","repd_ref":"4850","repd_technology":"Solar Photovoltaics","status":"Operational","technology":"solar"},"type":"Feature"},{"geometry":{"coordinates":[1.3999512,52.6886844],"type":"Point"},"id":"GG2050-REPD-2050","properties":{"capacity_mw":5.0,"gg_project_id":"GG2050-REPD-2050","name":"Salhouse Solar Farm","operator":"Island Green Power","repd_ref":"2050","repd_technology":"Solar Photovoltaics","status":"Operational","technology":"solar"},"type":"Feature"},{"geometry":{"coordinates":[-1.5362608,51.1610219],"type":"Point"},"id":"GG2050-REPD-1333","properties":{"capacity_mw":5.0,"gg_project_id":"GG2050-REPD-1333","name":"Saxley Farm","operator":"Solar Century/ Bluefield Solar","repd_ref":"1333","repd_technology":"Solar Photovoltaics","status":"Operational","technology":"solar"},"type":"Feature"},{"geometry":{"coordinates":[-2.6550969,51.6390317],"type":"Point"},"id":"GG2050-REPD-2056","properties":{"capacity_mw":5.0,"gg_project_id":"GG2050-REPD-2056","name":"Sedbury Park","operator":"Bee Green Solar","repd_ref":"2056","repd_technology":"Solar Photovoltaics","status":"Operational","technology":"solar"},"type":"Feature"},{"geometry":{"coordinates":[-1.0048518,52.1020852],"type":"Point"},"id":"GG2050-REPD-1058","properties":{"capacity_mw":5.0,"gg_project_id":"GG2050-REPD-1058","name":"Shacks Barn Solar Farm","operator":"Moser Baer","repd_ref":"1058","repd_technology":"Solar Photovoltaics","status":"Operational","technology":"solar"},"type":"Feature"},{"geometry":{"coordinates":[-0.9610413,51.3895413],"type":"Point"},"id":"GG2050-REPD-2244","properties":{"capacity_mw":5.0,"gg_project_id":"GG2050-REPD-2244","name":"Sheepbridge Court Farm","operator":"Foresight","repd_ref":"2244","repd_technology":"Solar Photovoltaics","status":"Operational","technology":"solar"},"type":"Feature"},{"geometry":{"coordinates":[-1.115975,51.9739872],"type":"Point"},"id":"GG2050-REPD-1552","properties":{"capacity_mw":5.0,"gg_project_id":"GG2050-REPD-1552","name":"Shelswell Park Solar Farm","operator":"Anesco","repd_ref":"1552","repd_technology":"Solar Photovoltaics","status":"Operational","technology":"solar"},"type":"Feature"},{"geometry":{"coordinates":[-0.5250281,54.1793102],"type":"Point"},"id":"GG2050-REPD-6485","properties":{"capacity_mw":5.0,"gg_project_id":"GG2050-REPD-6485","name":"Sherburn","operator":"Kingspan","repd_ref":"6485","repd_technology":"Solar Photovoltaics","status":"Operational","technology":"solar"},"type":"Feature"},{"geometry":{"coordinates":[-4.6505118,55.5978891],"type":"Point"},"id":"GG2050-REPD-13250","properties":{"capacity_mw":5.0,"gg_project_id":"GG2050-REPD-13250","name":"Shewalton Landfill Solar Farm","operator":"North Ayrshire Council","repd_ref":"13250","repd_technology":"Solar Photovoltaics","status":"Under Construction","technology":"solar"},"type":"Feature"},{"geometry":{"coordinates":[-1.6267076,51.7793256],"type":"Point"},"id":"GG2050-REPD-5882","properties":{"capacity_mw":5.0,"gg_project_id":"GG2050-REPD-5882","name":"Shilton Downs Solar Park","operator":"Ecotricity","repd_ref":"5882","repd_technology":"Solar Photovoltaics","status":"Appeal Refused","technology":"solar"},"type":"Feature"},{"geometry":{"coordinates":[-1.5111176,52.7755274],"type":"Point"},"id":"GG2050-REPD-5156","properties":{"capacity_mw":5.0,"gg_project_id":"GG2050-REPD-5156","name":"Short Hazel Solar Farm","operator":"Pearmat Solar","repd_ref":"5156","repd_technology":"Solar Photovoltaics","status":"Operational","technology":"solar"},"type":"Feature"},{"geometry":{"coordinates":[-1.5523892,52.7304724],"type":"Point"},"id":"GG2050-REPD-5590","properties":{"capacity_mw":5.0,"gg_project_id":"GG2050-REPD-5590","name":"Shortheath Solar Park","operator":"Trina Solar","repd_ref":"5590","repd_technology":"Solar Photovoltaics","status":"Operational","technology":"solar"},"type":"Feature"},{"geometry":{"coordinates":[-2.5024333,53.4376326],"type":"Point"},"id":"GG2050-REPD-12643","properties":{"capacity_mw":5.0,"gg_project_id":"GG2050-REPD-12643","name":"Silver Lane, Risley - Solar Farm","operator":"Biffa Waste Services Limited","repd_ref":"12643","repd_technology":"Solar Photovoltaics","status":"Awaiting Construction","technology":"solar"},"type":"Feature"},{"geometry":{"coordinates":[-4.7432304,55.6575218],"type":"Point"},"id":"GG2050-REPD-5332","properties":{"capacity_mw":5.0,"gg_project_id":"GG2050-REPD-5332","name":"Site To North East Of, Lochcraigs Farm","operator":"SBC Renewables","repd_ref":"5332","repd_technology":"Solar Photovoltaics","status":"Operational","technology":"solar"},"type":"Feature"},{"geometry":{"coordinates":[-0.0735315,52.2012064],"type":"Point"},"id":"GG2050-REPD-1275","properties":{"capacity_mw":5.0,"gg_project_id":"GG2050-REPD-1275","name":"Skylark Meadow Solar park","operator":"Anesco","repd_ref":"1275","repd_technology":"Solar Photovoltaics","status":"Operational","technology":"solar"},"type":"Feature"},{"geometry":{"coordinates":[-1.6025256,53.0123703],"type":"Point"},"id":"GG2050-REPD-2111","properties":{"capacity_mw":5.0,"gg_project_id":"GG2050-REPD-2111","name":"Smith Hall Farm Solar Park","operator":"Trina Solar","repd_ref":"2111","repd_technology":"Solar Photovoltaics","status":"Operational","technology":"solar"},"type":"Feature"},{"geometry":{"coordinates":[1.2184258,51.2135764],"type":"Point"},"id":"GG2050-REPD-5567","properties":{"capacity_mw":5.0,"gg_project_id":"GG2050-REPD-5567","name":"Snowdown Colliery","operator":"BNRG Renewables UK","repd_ref":"5567","repd_technology":"Solar Photovoltaics","status":"Planning Permission Expired","technology":"solar"},"type":"Feature"},{"geometry":{"coordinates":[-1.4102246,52.2449267],"type":"Point"},"id":"GG2050-REPD-5244","properties":{"capacity_mw":5.0,"gg_project_id":"GG2050-REPD-5244","name":"Solar Farm at Fields Farm (Phase 1)","operator":"Foresight Group (TGC Renewables)","repd_ref":"5244","repd_technology":"Solar Photovoltaics","status":"Operational","technology":"solar"},"type":"Feature"},{"geometry":{"coordinates":[-1.4765946,51.1083193],"type":"Point"},"id":"GG2050-REPD-1167","properties":{"capacity_mw":5.0,"gg_project_id":"GG2050-REPD-1167","name":"Somborne Park Road","operator":"Private Developer","repd_ref":"1167","repd_technology":"Solar Photovoltaics","status":"Application Refused","technology":"solar"},"type":"Feature"},{"geometry":{"coordinates":[-1.8951361,57.5809592],"type":"Point"},"id":"GG2050-REPD-5785","properties":{"capacity_mw":5.0,"gg_project_id":"GG2050-REPD-5785","name":"South of Greenwellheads","operator":"Greenside Wind Energy","repd_ref":"5785","repd_technology":"Solar Photovoltaics","status":"Abandoned","technology":"solar"},"type":"Feature"},{"geometry":{"coordinates":[-2.6753103,52.3809124],"type":"Point"},"id":"GG2050-REPD-5136","properties":{"capacity_mw":5.0,"gg_project_id":"GG2050-REPD-5136","name":"South of Henley Hall","operator":"NESF (formerly Kronos Solar (KS SPV39))","repd_ref":"5136","repd_technology":"Solar Photovoltaics","status":"Operational","technology":"solar"},"type":"Feature"},{"geometry":{"coordinates":[-2.8279911,53.3655713],"type":"Point"},"id":"GG2050-REPD-4982","properties":{"capacity_mw":5.0,"gg_project_id":"GG2050-REPD-4982","name":"South of Johnson's Lane","operator":"SBC Renewables","repd_ref":"4982","repd_technology":"Solar Photovoltaics","status":"Revised","technology":"solar"},"type":"Feature"},{"geometry":{"coordinates":[-2.7227404,51.5872935],"type":"Point"},"id":"GG2050-REPD-5379","properties":{"capacity_mw":5.0,"gg_project_id":"GG2050-REPD-5379","name":"Southbrook Solar Farm","operator":"Sunventures (Suncredit UK)","repd_ref":"5379","repd_technology":"Solar Photovoltaics","status":"Operational","technology":"solar"},"type":"Feature"},{"geometry":{"coordinates":[-2.5562127,50.8220369],"type":"Point"},"id":"GG2050-REPD-5891","properties":{"capacity_mw":5.0,"gg_project_id":"GG2050-REPD-5891","name":"Southern Counties Shooting Ground Phase 2","operator":"British Solar Renewables","repd_ref":"5891","repd_technology":"Solar Photovoltaics","status":"Operational","technology":"solar"},"type":"Feature"},{"geometry":{"coordinates":[-1.4744012,51.8585214],"type":"Point"},"id":"GG2050-REPD-1505","properties":{"capacity_mw":5.0,"gg_project_id":"GG2050-REPD-1505","name":"Southill Solar","operator":"Sustainable Charlbury","repd_ref":"1505","repd_technology":"Solar Photovoltaics","status":"Revised","technology":"solar"},"type":"Feature"},{"geometry":{"coordinates":[-3.2399491,54.1389004],"type":"Point"},"id":"GG2050-REPD-1506","properties":{"capacity_mw":5.0,"gg_project_id":"GG2050-REPD-1506","name":"Sowerby Lodge Farm","operator":"Gamma Solar Limited","repd_ref":"1506","repd_technology":"Solar Photovoltaics","status":"Operational","technology":"solar"},"type":"Feature"},{"geometry":{"coordinates":[-1.8024568,52.0187919],"type":"Point"},"id":"GG2050-REPD-1053","properties":{"capacity_mw":5.0,"gg_project_id":"GG2050-REPD-1053","name":"Springhill Solar Park (Northwick)","operator":"Greencoat Capital","repd_ref":"1053","repd_technology":"Solar Photovoltaics","status":"Operational","technology":"solar"},"type":"Feature"},{"geometry":{"coordinates":[-1.8413734,57.5655613],"type":"Point"},"id":"GG2050-REPD-7596","properties":{"capacity_mw":5.0,"gg_project_id":"GG2050-REPD-7596","name":"St Fergus Renewable Energy Park","operator":"Ednie Farms","repd_ref":"7596","repd_technology":"Solar Photovoltaics","status":"Under Construction","technology":"solar"},"type":"Feature"},{"geometry":{"coordinates":[-3.5262843,54.6741299],"type":"Point"},"id":"GG2050-REPD-5848","properties":{"capacity_mw":5.0,"gg_project_id":"GG2050-REPD-5848","name":"St Helen's Lane","operator":"UK Sustainable Energy","repd_ref":"5848","repd_technology":"Solar Photovoltaics","status":"Operational","technology":"solar"},"type":"Feature"},{"geometry":{"coordinates":[-1.7514214,51.6182546],"type":"Point"},"id":"GG2050-REPD-2062","properties":{"capacity_mw":5.0,"gg_project_id":"GG2050-REPD-2062","name":"Stanton solar park","operator":"Quercus Renewable Holding 2","repd_ref":"2062","repd_technology":"Solar Photovoltaics","status":"Operational","technology":"solar"},"type":"Feature"},{"geometry":{"coordinates":[-2.3997902,51.821243],"type":"Point"},"id":"GG2050-REPD-2063","properties":{"capacity_mw":5.0,"gg_project_id":"GG2050-REPD-2063","name":"Stantway Solar Farm","operator":"Private Developer","repd_ref":"2063","repd_technology":"Solar Photovoltaics","status":"Operational","technology":"solar"},"type":"Feature"},{"geometry":{"coordinates":[-1.2995129,53.2044106],"type":"Point"},"id":"GG2050-REPD-5839","properties":{"capacity_mw":5.0,"gg_project_id":"GG2050-REPD-5839","name":"Stockley Hill Solar Farm","operator":"Stockley Hill Solar Farm","repd_ref":"5839","repd_technology":"Solar Photovoltaics","status":"Application Refused","technology":"solar"},"type":"Feature"},{"geometry":{"coordinates":[-2.4136733,52.3086231],"type":"Point"},"id":"GG2050-REPD-5713","properties":{"capacity_mw":5.0,"gg_project_id":"GG2050-REPD-5713","name":"Stockton Court farm","operator":"Renewable Power Exchange","repd_ref":"5713","repd_technology":"Solar Photovoltaics","status":"Awaiting Construction","technology":"solar"},"type":"Feature"},{"geometry":{"coordinates":[-2.4180438,52.3023684],"type":"Point"},"id":"GG2050-REPD-6183","properties":{"capacity_mw":5.0,"gg_project_id":"GG2050-REPD-6183","name":"Stockton Court Farm","operator":"Renewable Power Exchange","repd_ref":"6183","repd_technology":"Solar Photovoltaics","status":"Application Withdrawn","technology":"solar"},"type":"Feature"},{"geometry":{"coordinates":[-0.8470527,52.1338965],"type":"Point"},"id":"GG2050-REPD-2364","properties":{"capacity_mw":5.0,"gg_project_id":"GG2050-REPD-2364","name":"Stonepit Farm","operator":"Lark Energy","repd_ref":"2364","repd_technology":"Solar Photovoltaics","status":"Operational","technology":"solar"},"type":"Feature"},{"geometry":{"coordinates":[-3.3845667,50.8782852],"type":"Point"},"id":"GG2050-REPD-4794","properties":{"capacity_mw":5.0,"gg_project_id":"GG2050-REPD-4794","name":"Stoneshill Farm","operator":"Green Energy UK Direct","repd_ref":"4794","repd_technology":"Solar Photovoltaics","status":"Operational","technology":"solar"},"type":"Feature"},{"geometry":{"coordinates":[-1.0507967,52.9263731],"type":"Point"},"id":"GG2050-REPD-5654","properties":{"capacity_mw":5.0,"gg_project_id":"GG2050-REPD-5654","name":"Stragglethorpe Road farm","operator":"Lightsource Renewable Energy","repd_ref":"5654","repd_technology":"Solar Photovoltaics","status":"Operational","technology":"solar"},"type":"Feature"},{"geometry":{"coordinates":[-0.868522,52.0141464],"type":"Point"},"id":"GG2050-REPD-8267","properties":{"capacity_mw":5.0,"gg_project_id":"GG2050-REPD-8267","name":"Stratford Road Solar Farm","operator":"Rowlandson Organisation Group","repd_ref":"8267","repd_technology":"Solar Photovoltaics","status":"Awaiting Construction","technology":"solar"},"type":"Feature"},{"geometry":{"coordinates":[-0.7298069,50.8570738],"type":"Point"},"id":"GG2050-REPD-5487","properties":{"capacity_mw":5.0,"gg_project_id":"GG2050-REPD-5487","name":"Strettington Solar Farm","operator":"Sunsave 30 (Strettington)/ Vogt solar","repd_ref":"5487","repd_technology":"Solar Photovoltaics","status":"Operational","technology":"solar"},"type":"Feature"},{"geometry":{"coordinates":[-0.2531345,51.9236797],"type":"Point"},"id":"GG2050-REPD-2113","properties":{"capacity_mw":5.0,"gg_project_id":"GG2050-REPD-2113","name":"Strevenage Road Solar Farm","operator":"Green Energy UK Direct","repd_ref":"2113","repd_technology":"Solar Photovoltaics","status":"Revised","technology":"solar"},"type":"Feature"},{"geometry":{"coordinates":[-1.0625926,51.4071583],"type":"Point"},"id":"GG2050-REPD-5416","properties":{"capacity_mw":5.0,"gg_project_id":"GG2050-REPD-5416","name":"Stud Farm","operator":"Mulbrick Cleans Energy","repd_ref":"5416","repd_technology":"Solar Photovoltaics","status":"Revised","technology":"solar"},"type":"Feature"},{"geometry":{"coordinates":[-1.2009398,53.7027819],"type":"Point"},"id":"GG2050-REPD-5559","properties":{"capacity_mw":5.0,"gg_project_id":"GG2050-REPD-5559","name":"Sudforth Lane (Kellingley Solar Farm)","operator":"First Renewable Developments/ Harworth Group","repd_ref":"5559","repd_technology":"Solar Photovoltaics","status":"Operational","technology":"solar"},"type":"Feature"},{"geometry":{"coordinates":[-1.0619105,51.4074676],"type":"Point"},"id":"GG2050-REPD-5574","properties":{"capacity_mw":5.0,"gg_project_id":"GG2050-REPD-5574","name":"Sulhamstead Solar Field - Stud Farm","operator":"Mulbrick Clean Energy","repd_ref":"5574","repd_technology":"Solar Photovoltaics","status":"Awaiting Construction","technology":"solar"},"type":"Feature"},{"geometry":{"coordinates":[-2.3811811,52.543257],"type":"Point"},"id":"GG2050-REPD-17453","properties":{"capacity_mw":5.0,"gg_project_id":"GG2050-REPD-17453","name":"Swancote Farm -Solar Panels","operator":"Swancote Energy Limited","repd_ref":"17453","repd_technology":"Solar Photovoltaics","status":"Awaiting Construction","technology":"solar"},"type":"Feature"},{"geometry":{"coordinates":[-0.7775103,52.3033214],"type":"Point"},"id":"GG2050-REPD-1910","properties":{"capacity_mw":5.0,"gg_project_id":"GG2050-REPD-1910","name":"Sywell Road","operator":"NESF (formerly Lark Energy)","repd_ref":"1910","repd_technology":"Solar Photovoltaics","status":"Operational","technology":"solar"},"type":"Feature"},{"geometry":{"coordinates":[-1.3618502,53.2812656],"type":"Point"},"id":"GG2050-REPD-5520","properties":{"capacity_mw":5.0,"gg_project_id":"GG2050-REPD-5520","name":"The Breck","operator":"Lightsource Renewable Energy","repd_ref":"5520","repd_technology":"Solar Photovoltaics","status":"Operational","technology":"solar"},"type":"Feature"},{"geometry":{"coordinates":[-2.1905849,50.8408061],"type":"Point"},"id":"GG2050-REPD-5629","properties":{"capacity_mw":5.0,"gg_project_id":"GG2050-REPD-5629","name":"The Down House","operator":"British Solar Renewables","repd_ref":"5629","repd_technology":"Solar Photovoltaics","status":"Abandoned","technology":"solar"},"type":"Feature"},{"geometry":{"coordinates":[-2.021313,52.9739288],"type":"Point"},"id":"GG2050-REPD-5408","properties":{"capacity_mw":5.0,"gg_project_id":"GG2050-REPD-5408","name":"The Fields Farm","operator":"Solstice Renewables","repd_ref":"5408","repd_technology":"Solar Photovoltaics","status":"Application Refused","technology":"solar"},"type":"Feature"},{"geometry":{"coordinates":[-0.7428725,52.0962476],"type":"Point"},"id":"GG2050-REPD-2319","properties":{"capacity_mw":5.0,"gg_project_id":"GG2050-REPD-2319","name":"The Kickles","operator":"Green Energy UK Direct Ltd/ Vogt Solar","repd_ref":"2319","repd_technology":"Solar Photovoltaics","status":"Operational","technology":"solar"},"type":"Feature"},{"geometry":{"coordinates":[-1.3603244,50.8051464],"type":"Point"},"id":"GG2050-REPD-1562","properties":{"capacity_mw":5.0,"gg_project_id":"GG2050-REPD-1562","name":"The Manor of Cadland Estate","operator":"The Manor of Cadland Estate","repd_ref":"1562","repd_technology":"Solar Photovoltaics","status":"Operational","technology":"solar"},"type":"Feature"},{"geometry":{"coordinates":[1.1038759,52.6919392],"type":"Point"},"id":"GG2050-REPD-2072","properties":{"capacity_mw":5.0,"gg_project_id":"GG2050-REPD-2072","name":"The Old Airfield","operator":"Lumicity","repd_ref":"2072","repd_technology":"Solar Photovoltaics","status":"Operational","technology":"solar"},"type":"Feature"},{"geometry":{"coordinates":[-2.5232128,51.1495017],"type":"Point"},"id":"GG2050-REPD-1814","properties":{"capacity_mw":5.0,"gg_project_id":"GG2050-REPD-1814","name":"The Royal Bath & West Showground Solar Farm","operator":"The Royal Bath and West of England Society","repd_ref":"1814","repd_technology":"Solar Photovoltaics","status":"Abandoned","technology":"solar"},"type":"Feature"},{"geometry":{"coordinates":[-2.6839891,53.59759],"type":"Point"},"id":"GG2050-REPD-4785","properties":{"capacity_mw":5.0,"gg_project_id":"GG2050-REPD-4785","name":"Thompson House Equestrian farm","operator":"Emotion Solar One","repd_ref":"4785","repd_technology":"Solar Photovoltaics","status":"Operational","technology":"solar"},"type":"Feature"},{"geometry":{"coordinates":[-0.9337078,53.6358042],"type":"Point"},"id":"GG2050-REPD-4857","properties":{"capacity_mw":5.0,"gg_project_id":"GG2050-REPD-4857","name":"Thorne Farm","operator":"Conergy","repd_ref":"4857","repd_technology":"Solar Photovoltaics","status":"Operational","technology":"solar"},"type":"Feature"},{"geometry":{"coordinates":[-3.3194456,51.6975196],"type":"Point"},"id":"GG2050-REPD-5544","properties":{"capacity_mw":5.0,"gg_project_id":"GG2050-REPD-5544","name":"Tir Nyth Soalr Park","operator":"Global Renewable Construction","repd_ref":"5544","repd_technology":"Solar Photovoltaics","status":"Application Refused","technology":"solar"},"type":"Feature"},{"geometry":{"coordinates":[0.0002217,50.952725],"type":"Point"},"id":"GG2050-REPD-5885","properties":{"capacity_mw":5.0,"gg_project_id":"GG2050-REPD-5885","name":"Tomkins Farm","operator":"Hadstone Energy","repd_ref":"5885","repd_technology":"Solar Photovoltaics","status":"Appeal Refused","technology":"solar"},"type":"Feature"},{"geometry":{"coordinates":[-3.2479649,50.9797628],"type":"Point"},"id":"GG2050-REPD-4994","properties":{"capacity_mw":5.0,"gg_project_id":"GG2050-REPD-4994","name":"Tonedale Farm","operator":"Capital Estate Tonedale","repd_ref":"4994","repd_technology":"Solar Photovoltaics","status":"Operational","technology":"solar"},"type":"Feature"},{"geometry":{"coordinates":[-0.662004,52.3644118],"type":"Point"},"id":"GG2050-REPD-5388","properties":{"capacity_mw":5.0,"gg_project_id":"GG2050-REPD-5388","name":"Top Lodge Solar Farm","operator":"First Renewable Developments","repd_ref":"5388","repd_technology":"Solar Photovoltaics","status":"Planning Permission Expired","technology":"solar"},"type":"Feature"},{"geometry":{"coordinates":[-1.317462,52.6852228],"type":"Point"},"id":"GG2050-REPD-5168","properties":{"capacity_mw":5.0,"gg_project_id":"GG2050-REPD-5168","name":"Tower Hayes Farm","operator":"Elgar Middleton","repd_ref":"5168","repd_technology":"Solar Photovoltaics","status":"Operational","technology":"solar"},"type":"Feature"},{"geometry":{"coordinates":[-2.8901157,54.7215633],"type":"Point"},"id":"GG2050-REPD-5699","properties":{"capacity_mw":5.0,"gg_project_id":"GG2050-REPD-5699","name":"Town End Farm","operator":"RALOS New Energy","repd_ref":"5699","repd_technology":"Solar Photovoltaics","status":"Planning Permission Expired","technology":"solar"},"type":"Feature"},{"geometry":{"coordinates":[-4.3491924,50.5423146],"type":"Point"},"id":"GG2050-REPD-1594","properties":{"capacity_mw":5.0,"gg_project_id":"GG2050-REPD-1594","name":"Trefinnick Farm","operator":"MTS Trefinnick Solar Ltd","repd_ref":"1594","repd_technology":"Solar Photovoltaics","status":"Operational","technology":"solar"},"type":"Feature"},{"geometry":{"coordinates":[-4.9564887,50.3665968],"type":"Point"},"id":"GG2050-REPD-1080","properties":{"capacity_mw":5.0,"gg_project_id":"GG2050-REPD-1080","name":"Trefullock Solar Farm","operator":"Bosch Solar Energy","repd_ref":"1080","repd_technology":"Solar Photovoltaics","status":"Operational","technology":"solar"},"type":"Feature"},{"geometry":{"coordinates":[-4.4384744,50.9107184],"type":"Point"},"id":"GG2050-REPD-1036","properties":{"capacity_mw":5.0,"gg_project_id":"GG2050-REPD-1036","name":"Trentworthy Solar Farm","operator":"Private Developer","repd_ref":"1036","repd_technology":"Solar Photovoltaics","status":"Application Withdrawn","technology":"solar"},"type":"Feature"},{"geometry":{"coordinates":[-2.2330658,51.3264924],"type":"Point"},"id":"GG2050-REPD-4948","properties":{"capacity_mw":5.0,"gg_project_id":"GG2050-REPD-4948","name":"Trowle Common","operator":"Low Carbon","repd_ref":"4948","repd_technology":"Solar Photovoltaics","status":"Operational","technology":"solar"},"type":"Feature"},{"geometry":{"coordinates":[-2.6530309,51.6450944],"type":"Point"},"id":"GG2050-REPD-1243","properties":{"capacity_mw":5.0,"gg_project_id":"GG2050-REPD-1243","name":"Tump Solar Farm","operator":"Green Energy UK Direct","repd_ref":"1243","repd_technology":"Solar Photovoltaics","status":"Operational","technology":"solar"},"type":"Feature"},{"geometry":{"coordinates":[-2.3125591,52.843803],"type":"Point"},"id":"GG2050-REPD-5814","properties":{"capacity_mw":5.0,"gg_project_id":"GG2050-REPD-5814","name":"Tunstall Hall Farm","operator":"New Energy for the World","repd_ref":"5814","repd_technology":"Solar Photovoltaics","status":"Application Refused","technology":"solar"},"type":"Feature"},{"geometry":{"coordinates":[-0.0258779,52.5304512],"type":"Point"},"id":"GG2050-REPD-1038","properties":{"capacity_mw":5.0,"gg_project_id":"GG2050-REPD-1038","name":"Turves Solar Farm","operator":"Town Planning Services","repd_ref":"1038","repd_technology":"Solar Photovoltaics","status":"Revised","technology":"solar"},"type":"Feature"},{"geometry":{"coordinates":[-0.0261654,52.5302851],"type":"Point"},"id":"GG2050-REPD-1171","properties":{"capacity_mw":5.0,"gg_project_id":"GG2050-REPD-1171","name":"Turves Solar Farm","operator":"Abbey Renewables","repd_ref":"1171","repd_technology":"Solar Photovoltaics","status":"Operational","technology":"solar"},"type":"Feature"},{"geometry":{"coordinates":[-1.8139033,52.8979609],"type":"Point"},"id":"GG2050-REPD-5935","properties":{"capacity_mw":5.0,"gg_project_id":"GG2050-REPD-5935","name":"Twin Oaks Farm","operator":"Global Renewable Construction","repd_ref":"5935","repd_technology":"Solar Photovoltaics","status":"Abandoned","technology":"solar"},"type":"Feature"},{"geometry":{"coordinates":[-1.3214049,53.1187993],"type":"Point"},"id":"GG2050-REPD-5415","properties":{"capacity_mw":5.0,"gg_project_id":"GG2050-REPD-5415","name":"Twin Yards Solar Farm","operator":"Global Renewable Construction","repd_ref":"5415","repd_technology":"Solar Photovoltaics","status":"Operational","technology":"solar"},"type":"Feature"},{"geometry":{"coordinates":[-1.1990018,53.1075485],"type":"Point"},"id":"GG2050-REPD-5840","properties":{"capacity_mw":5.0,"gg_project_id":"GG2050-REPD-5840","name":"Two Oaks Quarry","operator":"Mansfield Sand","repd_ref":"5840","repd_technology":"Solar Photovoltaics","status":"Planning Permission Expired","technology":"solar"},"type":"Feature"},{"geometry":{"coordinates":[-2.4081591,51.6667644],"type":"Point"},"id":"GG2050-REPD-4751","properties":{"capacity_mw":5.0,"gg_project_id":"GG2050-REPD-4751","name":"Upper Wick Solar Farm","operator":"Upper Wick Solar Farm","repd_ref":"4751","repd_technology":"Solar Photovoltaics","status":"Operational","technology":"solar"},"type":"Feature"},{"geometry":{"coordinates":[-0.4811125,51.9144788],"type":"Point"},"id":"GG2050-REPD-5641","properties":{"capacity_mw":5.0,"gg_project_id":"GG2050-REPD-5641","name":"Vauxhall Motors","operator":"Perpetum Sun","repd_ref":"5641","repd_technology":"Solar Photovoltaics","status":"Abandoned","technology":"solar"},"type":"Feature"},{"geometry":{"coordinates":[-3.371726,50.6473497],"type":"Point"},"id":"GG2050-REPD-5679","properties":{"capacity_mw":5.0,"gg_project_id":"GG2050-REPD-5679","name":"Veiges Farm Solar Park","operator":"Inazin (Veiges Farm Solar Park Ltd)","repd_ref":"5679","repd_technology":"Solar Photovoltaics","status":"Abandoned","technology":"solar"},"type":"Feature"},{"geometry":{"coordinates":[-1.1944996,51.786232],"type":"Point"},"id":"GG2050-REPD-1174","properties":{"capacity_mw":5.0,"gg_project_id":"GG2050-REPD-1174","name":"Wadley Hill Farm","operator":"Lightsource Renewable Energy","repd_ref":"1174","repd_technology":"Solar Photovoltaics","status":"Application Refused","technology":"solar"},"type":"Feature"},{"geometry":{"coordinates":[-4.3467644,50.9758168],"type":"Point"},"id":"GG2050-REPD-2336","properties":{"capacity_mw":5.0,"gg_project_id":"GG2050-REPD-2336","name":"Walland Farm","operator":"Lightsource Renewable Energy","repd_ref":"2336","repd_technology":"Solar Photovoltaics","status":"Operational","technology":"solar"},"type":"Feature"},{"geometry":{"coordinates":[-4.1618,50.4343547],"type":"Point"},"id":"GG2050-REPD-1583","properties":{"capacity_mw":5.0,"gg_project_id":"GG2050-REPD-1583","name":"Warleigh Barton Solar Farm","operator":"Low Carbon Solar","repd_ref":"1583","repd_technology":"Solar Photovoltaics","status":"Operational","technology":"solar"},"type":"Feature"},{"geometry":{"coordinates":[-1.8369851,50.8999111],"type":"Point"},"id":"GG2050-REPD-5987","properties":{"capacity_mw":5.0,"gg_project_id":"GG2050-REPD-5987","name":"Warren Park Solar Farm","operator":"Good Energy","repd_ref":"5987","repd_technology":"Solar Photovoltaics","status":"Planning Permission Expired","technology":"solar"},"type":"Feature"},{"geometry":{"coordinates":[-3.6445051,50.465969],"type":"Point"},"id":"GG2050-REPD-5358","properties":{"capacity_mw":5.0,"gg_project_id":"GG2050-REPD-5358","name":"Waye Barton","operator":"Lark Energy","repd_ref":"5358","repd_technology":"Solar Photovoltaics","status":"Application Withdrawn","technology":"solar"},"type":"Feature"},{"geometry":{"coordinates":[1.3618001,52.8109094],"type":"Point"},"id":"GG2050-REPD-5878","properties":{"capacity_mw":5.0,"gg_project_id":"GG2050-REPD-5878","name":"Wayside Farm","operator":"Yge Warren House","repd_ref":"5878","repd_technology":"Solar Photovoltaics","status":"Awaiting Construction","technology":"solar"},"type":"Feature"},{"geometry":{"coordinates":[-4.6742083,55.6132036],"type":"Point"},"id":"GG2050-REPD-10437","properties":{"capacity_mw":5.0,"gg_project_id":"GG2050-REPD-10437","name":"Wee Minnemoer, Millport - Photovoltaic Solar Farm","operator":"Comsol Energy Limited","repd_ref":"10437","repd_technology":"Solar Photovoltaics","status":"Revised","technology":"solar"},"type":"Feature"},{"geometry":{"coordinates":[-0.9356996,52.7820017],"type":"Point"},"id":"GG2050-REPD-5272","properties":{"capacity_mw":5.0,"gg_project_id":"GG2050-REPD-5272","name":"Welby Road Solar Farm","operator":"First Renewable Developments","repd_ref":"5272","repd_technology":"Solar Photovoltaics","status":"Planning Permission Expired","technology":"solar"},"type":"Feature"},{"geometry":{"coordinates":[-0.9204677,52.28195],"type":"Point"},"id":"GG2050-REPD-17896","properties":{"capacity_mw":5.0,"gg_project_id":"GG2050-REPD-17896","name":"Welford Road - Solar Farm","operator":"Brampton Valley Way Trust","repd_ref":"17896","repd_technology":"Solar Photovoltaics","status":"Application Submitted","technology":"solar"},"type":"Feature"},{"geometry":{"coordinates":[-2.6069569,54.5827939],"type":"Point"},"id":"GG2050-REPD-5704","properties":{"capacity_mw":5.0,"gg_project_id":"GG2050-REPD-5704","name":"Weltree Brow","operator":"Livos Energy","repd_ref":"5704","repd_technology":"Solar Photovoltaics","status":"Appeal Refused","technology":"solar"},"type":"Feature"},{"geometry":{"coordinates":[-4.4054472,50.7238497],"type":"Point"},"id":"GG2050-REPD-2102","properties":{"capacity_mw":5.0,"gg_project_id":"GG2050-REPD-2102","name":"West Ditchen Farm","operator":"PV Sunpower Ltd","repd_ref":"2102","repd_technology":"Solar Photovoltaics","status":"Operational","technology":"solar"},"type":"Feature"},{"geometry":{"coordinates":[-4.3796528,50.7198102],"type":"Point"},"id":"GG2050-REPD-1025","properties":{"capacity_mw":5.0,"gg_project_id":"GG2050-REPD-1025","name":"West Ditchen Farm Solar","operator":"PV Sunpower Ltd","repd_ref":"1025","repd_technology":"Solar Photovoltaics","status":"Revised","technology":"solar"},"type":"Feature"},{"geometry":{"coordinates":[-3.6349723,56.0899441],"type":"Point"},"id":"GG2050-REPD-5727","properties":{"capacity_mw":5.0,"gg_project_id":"GG2050-REPD-5727","name":"West Grange Solar Farm","operator":"West Grange Solar","repd_ref":"5727","repd_technology":"Solar Photovoltaics","status":"Revised","technology":"solar"},"type":"Feature"},{"geometry":{"coordinates":[-3.6353638,56.0904601],"type":"Point"},"id":"GG2050-REPD-6216","properties":{"capacity_mw":5.0,"gg_project_id":"GG2050-REPD-6216","name":"West Grange Solar Farm","operator":"West Strathore Solar","repd_ref":"6216","repd_technology":"Solar Photovoltaics","status":"Abandoned","technology":"solar"},"type":"Feature"},{"geometry":{"coordinates":[-2.6014474,56.6121325],"type":"Point"},"id":"GG2050-REPD-5333","properties":{"capacity_mw":5.0,"gg_project_id":"GG2050-REPD-5333","name":"West Mains of Kinblethmont","operator":"BWE Partnership","repd_ref":"5333","repd_technology":"Solar Photovoltaics","status":"Operational","technology":"solar"},"type":"Feature"},{"geometry":{"coordinates":[-0.1072496,53.5721906],"type":"Point"},"id":"GG2050-REPD-4760","properties":{"capacity_mw":5.0,"gg_project_id":"GG2050-REPD-4760","name":"West Marsh (Phase 2)","operator":"Millennium Park (Grimsby) Ltd","repd_ref":"4760","repd_technology":"Solar Photovoltaics","status":"Abandoned","technology":"solar"},"type":"Feature"},{"geometry":{"coordinates":[-3.3748717,54.7836214],"type":"Point"},"id":"GG2050-REPD-5815","properties":{"capacity_mw":5.0,"gg_project_id":"GG2050-REPD-5815","name":"West Newton","operator":"New Energy for the World","repd_ref":"5815","repd_technology":"Solar Photovoltaics","status":"Application Refused","technology":"solar"},"type":"Feature"},{"geometry":{"coordinates":[-4.9569515,51.6555721],"type":"Point"},"id":"GG2050-REPD-5586","properties":{"capacity_mw":5.0,"gg_project_id":"GG2050-REPD-5586","name":"West Orielton Farm","operator":"Sovereign Partners","repd_ref":"5586","repd_technology":"Solar Photovoltaics","status":"Application Withdrawn","technology":"solar"},"type":"Feature"},{"geometry":{"coordinates":[-3.1509956,56.1648338],"type":"Point"},"id":"GG2050-REPD-5384","properties":{"capacity_mw":5.0,"gg_project_id":"GG2050-REPD-5384","name":"West Strathore Solar Limited","operator":"West Strathore Solar","repd_ref":"5384","repd_technology":"Solar Photovoltaics","status":"Operational","technology":"solar"},"type":"Feature"},{"geometry":{"coordinates":[-4.2994279,50.7544023],"type":"Point"},"id":"GG2050-REPD-5547","properties":{"capacity_mw":5.0,"gg_project_id":"GG2050-REPD-5547","name":"West Venn Solar Farm","operator":"Solar Securities Group","repd_ref":"5547","repd_technology":"Solar Photovoltaics","status":"Operational","technology":"solar"},"type":"Feature"},{"geometry":{"coordinates":[-2.3184226,51.1948392],"type":"Point"},"id":"GG2050-REPD-4889","properties":{"capacity_mw":5.0,"gg_project_id":"GG2050-REPD-4889","name":"West Woodlands","operator":"Sunsave 24/ Vogt solar","repd_ref":"4889","repd_technology":"Solar Photovoltaics","status":"Operational","technology":"solar"},"type":"Feature"},{"geometry":{"coordinates":[-2.7654428,53.8725517],"type":"Point"},"id":"GG2050-REPD-4887","properties":{"capacity_mw":5.0,"gg_project_id":"GG2050-REPD-4887","name":"Westfield Farm","operator":"Hive Energy/ Vogt Solar","repd_ref":"4887","repd_technology":"Solar Photovoltaics","status":"Operational","technology":"solar"},"type":"Feature"},{"geometry":{"coordinates":[-1.6440003,51.6187605],"type":"Point"},"id":"GG2050-REPD-1054","properties":{"capacity_mw":5.0,"gg_project_id":"GG2050-REPD-1054","name":"Westmill Farm - PV","operator":"Private Developer","repd_ref":"1054","repd_technology":"Solar Photovoltaics","status":"Operational","technology":"solar"},"type":"Feature"},{"geometry":{"coordinates":[-2.6118463,54.5755797],"type":"Point"},"id":"GG2050-REPD-5708","properties":{"capacity_mw":5.0,"gg_project_id":"GG2050-REPD-5708","name":"Whitestone Solar Farm","operator":"New Energy for the World","repd_ref":"5708","repd_technology":"Solar Photovoltaics","status":"Application Refused","technology":"solar"},"type":"Feature"},{"geometry":{"coordinates":[0.8430226,51.6272371],"type":"Point"},"id":"GG2050-REPD-2268","properties":{"capacity_mw":5.0,"gg_project_id":"GG2050-REPD-2268","name":"Wick Farm (Burnham on Crouch)","operator":"Countryside Renewables","repd_ref":"2268","repd_technology":"Solar Photovoltaics","status":"Operational","technology":"solar"},"type":"Feature"},{"geometry":{"coordinates":[-1.8708271,51.5415344],"type":"Point"},"id":"GG2050-REPD-1784","properties":{"capacity_mw":5.0,"gg_project_id":"GG2050-REPD-1784","name":"Wickfield Farm","operator":"NESF (formerly A C Crocker Properties Ltd)","repd_ref":"1784","repd_technology":"Solar Photovoltaics","status":"Operational","technology":"solar"},"type":"Feature"},{"geometry":{"coordinates":[0.5089169,51.159269],"type":"Point"},"id":"GG2050-REPD-5824","properties":{"capacity_mw":5.0,"gg_project_id":"GG2050-REPD-5824","name":"Widehurst Farm","operator":"Wirsol (formerly Susenco)","repd_ref":"5824","repd_technology":"Solar Photovoltaics","status":"Operational","technology":"solar"},"type":"Feature"},{"geometry":{"coordinates":[0.1906776,50.8404108],"type":"Point"},"id":"GG2050-REPD-2258","properties":{"capacity_mw":5.0,"gg_project_id":"GG2050-REPD-2258","name":"Wilbees Farm","operator":"Hive Energy","repd_ref":"2258","repd_technology":"Solar Photovoltaics","status":"Operational","technology":"solar"},"type":"Feature"},{"geometry":{"coordinates":[-2.9212967,53.0289792],"type":"Point"},"id":"GG2050-REPD-6172","properties":{"capacity_mw":5.0,"gg_project_id":"GG2050-REPD-6172","name":"Williams Farm","operator":"Solar Ventures","repd_ref":"6172","repd_technology":"Solar Photovoltaics","status":"Operational","technology":"solar"},"type":"Feature"},{"geometry":{"coordinates":[-0.662004,52.3644118],"type":"Point"},"id":"GG2050-REPD-5280","properties":{"capacity_mw":5.0,"gg_project_id":"GG2050-REPD-5280","name":"Windmill Solar Farm","operator":"First Renewable Developments","repd_ref":"5280","repd_technology":"Solar Photovoltaics","status":"Planning Permission Expired","technology":"solar"},"type":"Feature"},{"geometry":{"coordinates":[-3.3931867,50.8270034],"type":"Point"},"id":"GG2050-REPD-1426","properties":{"capacity_mw":5.0,"gg_project_id":"GG2050-REPD-1426","name":"Winham Farm","operator":"Hive Energy","repd_ref":"1426","repd_technology":"Solar Photovoltaics","status":"Revised","technology":"solar"},"type":"Feature"},{"geometry":{"coordinates":[-3.3973855,50.8244891],"type":"Point"},"id":"GG2050-REPD-2095","properties":{"capacity_mw":5.0,"gg_project_id":"GG2050-REPD-2095","name":"Winham Farm","operator":"Hive Energy","repd_ref":"2095","repd_technology":"Solar Photovoltaics","status":"Operational","technology":"solar"},"type":"Feature"},{"geometry":{"coordinates":[-4.4494399,50.697983],"type":"Point"},"id":"GG2050-REPD-1561","properties":{"capacity_mw":5.0,"gg_project_id":"GG2050-REPD-1561","name":"Winsdon Farm","operator":"Primrose Solar","repd_ref":"1561","repd_technology":"Solar Photovoltaics","status":"Operational","technology":"solar"},"type":"Feature"},{"geometry":{"coordinates":[-0.6320735,53.6757319],"type":"Point"},"id":"GG2050-REPD-8857","properties":{"capacity_mw":5.0,"gg_project_id":"GG2050-REPD-8857","name":"Winterton Landfill Site - Ground Mounted Solar PV Arrays","operator":"Infinis Solar Developments Limited","repd_ref":"8857","repd_technology":"Solar Photovoltaics","status":"Under Construction","technology":"solar"},"type":"Feature"},{"geometry":{"coordinates":[-2.6747238,51.973292],"type":"Point"},"id":"GG2050-REPD-1699","properties":{"capacity_mw":5.0,"gg_project_id":"GG2050-REPD-1699","name":"Witches Solar Farm","operator":"Smarter Energy Solutions","repd_ref":"1699","repd_technology":"Solar Photovoltaics","status":"Operational","technology":"solar"},"type":"Feature"},{"geometry":{"coordinates":[-3.2431866,51.4679003],"type":"Point"},"id":"GG2050-REPD-2096","properties":{"capacity_mw":5.0,"gg_project_id":"GG2050-REPD-2096","name":"Woden Park","operator":"Caerau Solar IQ","repd_ref":"2096","repd_technology":"Solar Photovoltaics","status":"Operational","technology":"solar"},"type":"Feature"},{"geometry":{"coordinates":[-0.6606637,52.3655115],"type":"Point"},"id":"GG2050-REPD-5269","properties":{"capacity_mw":5.0,"gg_project_id":"GG2050-REPD-5269","name":"Wold Cottage Solar Farm","operator":"First Renewable Developments","repd_ref":"5269","repd_technology":"Solar Photovoltaics","status":"Awaiting Construction","technology":"solar"},"type":"Feature"},{"geometry":{"coordinates":[-2.962287,53.2002342],"type":"Point"},"id":"GG2050-REPD-5564","properties":{"capacity_mw":5.0,"gg_project_id":"GG2050-REPD-5564","name":"Wood Farm Solar Park (linked site)","operator":"SEP Solar","repd_ref":"5564","repd_technology":"Solar Photovoltaics","status":"Appeal Refused","technology":"solar"},"type":"Feature"},{"geometry":{"coordinates":[-1.869778,52.9490584],"type":"Point"},"id":"GG2050-REPD-5577","properties":{"capacity_mw":5.0,"gg_project_id":"GG2050-REPD-5577","name":"Woodhouse Fields Farm","operator":"Wirsol","repd_ref":"5577","repd_technology":"Solar Photovoltaics","status":"Operational","technology":"solar"},"type":"Feature"},{"geometry":{"coordinates":[-2.2234606,50.6886376],"type":"Point"},"id":"GG2050-REPD-1902","properties":{"capacity_mw":5.0,"gg_project_id":"GG2050-REPD-1902","name":"Woolbridge Solar Park","operator":"Good Energy Generation","repd_ref":"1902","repd_technology":"Solar Photovoltaics","status":"Operational","technology":"solar"},"type":"Feature"},{"geometry":{"coordinates":[0.0155232,51.1245314],"type":"Point"},"id":"GG2050-REPD-5633","properties":{"capacity_mw":5.0,"gg_project_id":"GG2050-REPD-5633","name":"Worsted Farm","operator":"S4N Worsted/","repd_ref":"5633","repd_technology":"Solar Photovoltaics","status":"Operational","technology":"solar"},"type":"Feature"},{"geometry":{"coordinates":[-3.5143498,54.4561271],"type":"Point"},"id":"GG2050-REPD-5676","properties":{"capacity_mw":5.0,"gg_project_id":"GG2050-REPD-5676","name":"Yeorton Hall Farm","operator":"Green Energy UK Direct","repd_ref":"5676","repd_technology":"Solar Photovoltaics","status":"Planning Permission Expired","technology":"solar"},"type":"Feature"},{"geometry":{"coordinates":[-2.53561,51.7458695],"type":"Point"},"id":"GG2050-REPD-5243","properties":{"capacity_mw":5.0,"gg_project_id":"GG2050-REPD-5243","name":"Yorkley Solar Park","operator":"Bee Green Solar","repd_ref":"5243","repd_technology":"Solar Photovoltaics","status":"Operational","technology":"solar"},"type":"Feature"},{"geometry":{"coordinates":[-6.3413287,54.4982477],"type":"Point"},"id":"GG2050-REPD-18205","properties":{"capacity_mw":4.99,"gg_project_id":"GG2050-REPD-18205","name":"Castor Bay Water Treatment Works, Castor Bay Road - Solar Farm","operator":"NI Water","repd_ref":"18205","repd_technology":"Solar Photovoltaics","status":"Application Submitted","technology":"solar"},"type":"Feature"},{"geometry":{"coordinates":[-4.4928369,52.8719974],"type":"Point"},"id":"GG2050-REPD-15758","properties":{"capacity_mw":4.99,"gg_project_id":"GG2050-REPD-15758","name":"Land off Lon Pin, Llanbedrog - Solar Farm","operator":"Lon Pin Solar Limited","repd_ref":"15758","repd_technology":"Solar Photovoltaics","status":"Application Refused","technology":"solar"},"type":"Feature"},{"geometry":{"coordinates":[-2.4645193,51.2585256],"type":"Point"},"id":"GG2050-REPD-14025","properties":{"capacity_mw":4.968,"gg_project_id":"GG2050-REPD-14025","name":"Ash Farm, Charlton Road - Solar Panels","operator":"Ash Farm Solar Limited","repd_ref":"14025","repd_technology":"Solar Photovoltaics","status":"Awaiting Construction","technology":"solar"},"type":"Feature"},{"geometry":{"coordinates":[-6.968766,54.570789],"type":"Point"},"id":"GG2050-REPD-6121","properties":{"capacity_mw":4.9,"gg_project_id":"GG2050-REPD-6121","name":"Altmore Road","operator":"Gaelectric Developments","repd_ref":"6121","repd_technology":"Solar Photovoltaics","status":"Abandoned","technology":"solar"},"type":"Feature"},{"geometry":{"coordinates":[-1.0499982,52.9179974],"type":"Point"},"id":"GG2050-REPD-1843","properties":{"capacity_mw":4.9,"gg_project_id":"GG2050-REPD-1843","name":"Cotgrave solar farm","operator":"Anesco","repd_ref":"1843","repd_technology":"Solar Photovoltaics","status":"Operational","technology":"solar"},"type":"Feature"},{"geometry":{"coordinates":[-6.7392471,54.6538182],"type":"Point"},"id":"GG2050-REPD-5852","properties":{"capacity_mw":4.9,"gg_project_id":"GG2050-REPD-5852","name":"Dale Farm","operator":"Solar Farm DFD","repd_ref":"5852","repd_technology":"Solar Photovoltaics","status":"Operational","technology":"solar"},"type":"Feature"},{"geometry":{"coordinates":[1.3458269,51.3157019],"type":"Point"},"id":"GG2050-REPD-1041","properties":{"capacity_mw":4.9,"gg_project_id":"GG2050-REPD-1041","name":"Ebbsfleet Farm Solar Farm","operator":"GKA Limited","repd_ref":"1041","repd_technology":"Solar Photovoltaics","status":"Operational","technology":"solar"},"type":"Feature"},{"geometry":{"coordinates":[-2.663685,54.5936489],"type":"Point"},"id":"GG2050-REPD-5695","properties":{"capacity_mw":4.9,"gg_project_id":"GG2050-REPD-5695","name":"Graham Wood","operator":"Lightsource Renewable Energy","repd_ref":"5695","repd_technology":"Solar Photovoltaics","status":"Abandoned","technology":"solar"},"type":"Feature"},{"geometry":{"coordinates":[-3.221928,51.0059281],"type":"Point"},"id":"GG2050-REPD-2120","properties":{"capacity_mw":4.9,"gg_project_id":"GG2050-REPD-2120","name":"Grange Farm Solar Farm","operator":"Anesco","repd_ref":"2120","repd_technology":"Solar Photovoltaics","status":"Operational","technology":"solar"},"type":"Feature"},{"geometry":{"coordinates":[0.6218282,51.188855],"type":"Point"},"id":"GG2050-REPD-5729","properties":{"capacity_mw":4.9,"gg_project_id":"GG2050-REPD-5729","name":"Great Tong Solar Farm","operator":"Solar Securities","repd_ref":"5729","repd_technology":"Solar Photovoltaics","status":"Appeal Withdrawn","technology":"solar"},"type":"Feature"},{"geometry":{"coordinates":[-1.5769992,52.7872691],"type":"Point"},"id":"GG2050-REPD-5334","properties":{"capacity_mw":4.9,"gg_project_id":"GG2050-REPD-5334","name":"Land at Sunnyside Court","operator":"Ethical Power","repd_ref":"5334","repd_technology":"Solar Photovoltaics","status":"Application Refused","technology":"solar"},"type":"Feature"},{"geometry":{"coordinates":[0.0553516,50.9159194],"type":"Point"},"id":"GG2050-REPD-1198","properties":{"capacity_mw":4.9,"gg_project_id":"GG2050-REPD-1198","name":"Land at Upper Clayhill Farm","operator":"Lightsource Renewable Energy","repd_ref":"1198","repd_technology":"Solar Photovoltaics","status":"Operational","technology":"solar"},"type":"Feature"},{"geometry":{"coordinates":[-0.7950657,52.2054572],"type":"Point"},"id":"GG2050-REPD-6133","properties":{"capacity_mw":4.9,"gg_project_id":"GG2050-REPD-6133","name":"Land East of Horton Road","operator":"NESF (formerly Lark Energy)","repd_ref":"6133","repd_technology":"Solar Photovoltaics","status":"Operational","technology":"solar"},"type":"Feature"},{"geometry":{"coordinates":[-1.3724001,53.2070729],"type":"Point"},"id":"GG2050-REPD-2162","properties":{"capacity_mw":4.9,"gg_project_id":"GG2050-REPD-2162","name":"Land north of Temple Normanton","operator":"NESF (formerly Lark Energy)","repd_ref":"2162","repd_technology":"Solar Photovoltaics","status":"Operational","technology":"solar"},"type":"Feature"},{"geometry":{"coordinates":[-2.663685,54.5936489],"type":"Point"},"id":"GG2050-REPD-5697","properties":{"capacity_mw":4.9,"gg_project_id":"GG2050-REPD-5697","name":"Land To The South Of Dallan Bank Wood","operator":"Lightsource Renewable Energy","repd_ref":"5697","repd_technology":"Solar Photovoltaics","status":"Abandoned","technology":"solar"},"type":"Feature"},{"geometry":{"coordinates":[0.4034836,51.9634128],"type":"Point"},"id":"GG2050-REPD-1292","properties":{"capacity_mw":4.9,"gg_project_id":"GG2050-REPD-1292","name":"Land west of Hawkspur Green (Hill Hall Solar)","operator":"Lightsource Renewable Energy","repd_ref":"1292","repd_technology":"Solar Photovoltaics","status":"Operational","technology":"solar"},"type":"Feature"},{"geometry":{"coordinates":[-2.0387408,51.3065678],"type":"Point"},"id":"GG2050-REPD-2159","properties":{"capacity_mw":4.9,"gg_project_id":"GG2050-REPD-2159","name":"Lower End Farm","operator":"Good Energy Generation","repd_ref":"2159","repd_technology":"Solar Photovoltaics","status":"Operational","technology":"solar"},"type":"Feature"},{"geometry":{"coordinates":[-3.291551,51.5638611],"type":"Point"},"id":"GG2050-REPD-2243","properties":{"capacity_mw":4.9,"gg_project_id":"GG2050-REPD-2243","name":"Maes Bach Farm","operator":"Lightsource Renewable Energy","repd_ref":"2243","repd_technology":"Solar Photovoltaics","status":"Operational","technology":"solar"},"type":"Feature"},{"geometry":{"coordinates":[0.4222008,51.2108595],"type":"Point"},"id":"GG2050-REPD-20808","properties":{"capacity_mw":4.9,"gg_project_id":"GG2050-REPD-20808","name":"Manor Farm, Laddingford - Solar Farm","operator":"BOOM Developments Limited","repd_ref":"20808","repd_technology":"Solar Photovoltaics","status":"Application Submitted","technology":"solar"},"type":"Feature"},{"geometry":{"coordinates":[0.4222008,51.2108595],"type":"Point"},"id":"GG2050-REPD-20083","properties":{"capacity_mw":4.9,"gg_project_id":"GG2050-REPD-20083","name":"Manor Farm, Laddingford - Solar PV Panels","operator":"Aardvark EM Limited","repd_ref":"20083","repd_technology":"Solar Photovoltaics","status":"Application Submitted","technology":"solar"},"type":"Feature"},{"geometry":{"coordinates":[-0.6906839,52.9691682],"type":"Point"},"id":"GG2050-REPD-1433","properties":{"capacity_mw":4.9,"gg_project_id":"GG2050-REPD-1433","name":"Marston Solar Farm","operator":"Lark Energy","repd_ref":"1433","repd_technology":"Solar Photovoltaics","status":"Operational","technology":"solar"},"type":"Feature"},{"geometry":{"coordinates":[-7.1133648,54.9815078],"type":"Point"},"id":"GG2050-REPD-6002","properties":{"capacity_mw":4.9,"gg_project_id":"GG2050-REPD-6002","name":"Monnaboy Road","operator":"Gaelectric Renewable Energy","repd_ref":"6002","repd_technology":"Solar Photovoltaics","status":"Application Withdrawn","technology":"solar"},"type":"Feature"},{"geometry":{"coordinates":[-3.1002786,51.5507676],"type":"Point"},"id":"GG2050-REPD-5866","properties":{"capacity_mw":4.9,"gg_project_id":"GG2050-REPD-5866","name":"Newport (Began Road)","operator":"Eco Energy World","repd_ref":"5866","repd_technology":"Solar Photovoltaics","status":"Operational","technology":"solar"},"type":"Feature"},{"geometry":{"coordinates":[-4.8612555,51.8232849],"type":"Point"},"id":"GG2050-REPD-1774","properties":{"capacity_mw":4.9,"gg_project_id":"GG2050-REPD-1774","name":"Oak Cottage","operator":"Anesco","repd_ref":"1774","repd_technology":"Solar Photovoltaics","status":"Operational","technology":"solar"},"type":"Feature"},{"geometry":{"coordinates":[-3.7472579,50.3600786],"type":"Point"},"id":"GG2050-REPD-5137","properties":{"capacity_mw":4.9,"gg_project_id":"GG2050-REPD-5137","name":"Place Barton Farm","operator":"British Solar Renewables","repd_ref":"5137","repd_technology":"Solar Photovoltaics","status":"Operational","technology":"solar"},"type":"Feature"},{"geometry":{"coordinates":[-1.3629598,52.6907439],"type":"Point"},"id":"GG2050-REPD-6766","properties":{"capacity_mw":4.9,"gg_project_id":"GG2050-REPD-6766","name":"Pretoria Road","operator":"Lightsource BP","repd_ref":"6766","repd_technology":"Solar Photovoltaics","status":"Operational","technology":"solar"},"type":"Feature"},{"geometry":{"coordinates":[0.2965369,53.1550709],"type":"Point"},"id":"GG2050-REPD-2160","properties":{"capacity_mw":4.9,"gg_project_id":"GG2050-REPD-2160","name":"Skegness Solar Park","operator":"Skegness Solar Park","repd_ref":"2160","repd_technology":"Solar Photovoltaics","status":"Operational","technology":"solar"},"type":"Feature"},{"geometry":{"coordinates":[-2.959916,53.7805155],"type":"Point"},"id":"GG2050-REPD-5328","properties":{"capacity_mw":4.9,"gg_project_id":"GG2050-REPD-5328","name":"Staining Wood Farm","operator":"Lightsource Renewable Energy","repd_ref":"5328","repd_technology":"Solar Photovoltaics","status":"Operational","technology":"solar"},"type":"Feature"},{"geometry":{"coordinates":[-1.2958068,54.6332801],"type":"Point"},"id":"GG2050-REPD-5664","properties":{"capacity_mw":4.9,"gg_project_id":"GG2050-REPD-5664","name":"Stob House Farm","operator":"Anesco","repd_ref":"5664","repd_technology":"Solar Photovoltaics","status":"Operational","technology":"solar"},"type":"Feature"},{"geometry":{"coordinates":[-4.1224331,50.4373374],"type":"Point"},"id":"GG2050-REPD-5810","properties":{"capacity_mw":4.9,"gg_project_id":"GG2050-REPD-5810","name":"Tamerton Road","operator":"Roborough Solar","repd_ref":"5810","repd_technology":"Solar Photovoltaics","status":"Revised","technology":"solar"},"type":"Feature"},{"geometry":{"coordinates":[-2.6440899,54.5670545],"type":"Point"},"id":"GG2050-REPD-5716","properties":{"capacity_mw":4.9,"gg_project_id":"GG2050-REPD-5716","name":"Towcett Farm","operator":"Lightsource Renewable Energy","repd_ref":"5716","repd_technology":"Solar Photovoltaics","status":"Abandoned","technology":"solar"},"type":"Feature"},{"geometry":{"coordinates":[-2.8260905,51.2884444],"type":"Point"},"id":"GG2050-REPD-5849","properties":{"capacity_mw":4.9,"gg_project_id":"GG2050-REPD-5849","name":"Townsend Farm","operator":"Townsend Solar Farm","repd_ref":"5849","repd_technology":"Solar Photovoltaics","status":"Appeal Refused","technology":"solar"},"type":"Feature"},{"geometry":{"coordinates":[-3.4040552,51.4307717],"type":"Point"},"id":"GG2050-REPD-1668","properties":{"capacity_mw":4.9,"gg_project_id":"GG2050-REPD-1668","name":"Treguff Farm Solar Park","operator":"Lightsource Renewable Energy","repd_ref":"1668","repd_technology":"Solar Photovoltaics","status":"Revised","technology":"solar"},"type":"Feature"},{"geometry":{"coordinates":[-4.4788933,52.9138397],"type":"Point"},"id":"GG2050-REPD-4862","properties":{"capacity_mw":4.9,"gg_project_id":"GG2050-REPD-4862","name":"Tyddyn Cae (Nefyn)","operator":"Lightsource Renewable Energy","repd_ref":"4862","repd_technology":"Solar Photovoltaics","status":"Operational","technology":"solar"},"type":"Feature"},{"geometry":{"coordinates":[-4.3420212,51.9991995],"type":"Point"},"id":"GG2050-REPD-19763","properties":{"capacity_mw":4.9,"gg_project_id":"GG2050-REPD-19763","name":"Tymaen Farm, Rhos - Solar Panels","operator":"Carmarthenshire County Council","repd_ref":"19763","repd_technology":"Solar Photovoltaics","status":"Application Submitted","technology":"solar"},"type":"Feature"},{"geometry":{"coordinates":[-1.4851513,54.9181286],"type":"Point"},"id":"GG2050-REPD-7210","properties":{"capacity_mw":4.9,"gg_project_id":"GG2050-REPD-7210","name":"Unipres building","operator":"Regenerco","repd_ref":"7210","repd_technology":"Solar Photovoltaics","status":"Operational","technology":"solar"},"type":"Feature"},{"geometry":{"coordinates":[-3.15235,51.6718445],"type":"Point"},"id":"GG2050-REPD-5381","properties":{"capacity_mw":4.9,"gg_project_id":"GG2050-REPD-5381","name":"Upper Pant-Ysgawen Farm/Crumlin","operator":"Suncredit UK","repd_ref":"5381","repd_technology":"Solar Photovoltaics","status":"Operational","technology":"solar"},"type":"Feature"},{"geometry":{"coordinates":[-4.6294105,55.8188512],"type":"Point"},"id":"GG2050-REPD-5884","properties":{"capacity_mw":4.9,"gg_project_id":"GG2050-REPD-5884","name":"Weels Farm Solar Array","operator":"Environmental Energy Investments","repd_ref":"5884","repd_technology":"Solar Photovoltaics","status":"Appeal Refused","technology":"solar"},"type":"Feature"},{"geometry":{"coordinates":[-4.616586,55.816644],"type":"Point"},"id":"GG2050-REPD-5893","properties":{"capacity_mw":4.9,"gg_project_id":"GG2050-REPD-5893","name":"West Mitchelton Farm Solar Array","operator":"Environmental Energy Investments","repd_ref":"5893","repd_technology":"Solar Photovoltaics","status":"Appeal Refused","technology":"solar"},"type":"Feature"},{"geometry":{"coordinates":[-4.8051437,50.4238881],"type":"Point"},"id":"GG2050-REPD-1560","properties":{"capacity_mw":4.9,"gg_project_id":"GG2050-REPD-1560","name":"Woodlands Barton Solar Farm","operator":"Laurence Associates","repd_ref":"1560","repd_technology":"Solar Photovoltaics","status":"Operational","technology":"solar"},"type":"Feature"},{"geometry":{"coordinates":[-4.4384786,52.9305016],"type":"Point"},"id":"GG2050-REPD-16922","properties":{"capacity_mw":4.83,"gg_project_id":"GG2050-REPD-16922","name":"Ty Du Uchaf, Pentreuchaf - Solar Panels","operator":"Hari Parry","repd_ref":"16922","repd_technology":"Solar Photovoltaics","status":"Application Submitted","technology":"solar"},"type":"Feature"},{"geometry":{"coordinates":[-4.035118,55.9954753],"type":"Point"},"id":"GG2050-REPD-5902","properties":{"capacity_mw":4.8,"gg_project_id":"GG2050-REPD-5902","name":"Berryhill Farm Solar Array","operator":"Environmental Energy Investments","repd_ref":"5902","repd_technology":"Solar Photovoltaics","status":"Planning Permission Expired","technology":"solar"},"type":"Feature"},{"geometry":{"coordinates":[-1.0252249,53.1420213],"type":"Point"},"id":"GG2050-REPD-2378","properties":{"capacity_mw":4.8,"gg_project_id":"GG2050-REPD-2378","name":"Bilsthorpe Quarry Solar Park","operator":"Anesco","repd_ref":"2378","repd_technology":"Solar Photovoltaics","status":"Operational","technology":"solar"},"type":"Feature"},{"geometry":{"coordinates":[-2.783315,51.055581],"type":"Point"},"id":"GG2050-REPD-1647","properties":{"capacity_mw":4.8,"gg_project_id":"GG2050-REPD-1647","name":"Caves Farm Solar Park","operator":"AEE Renewables","repd_ref":"1647","repd_technology":"Solar Photovoltaics","status":"Application Refused","technology":"solar"},"type":"Feature"},{"geometry":{"coordinates":[-1.9481349,52.5993634],"type":"Point"},"id":"GG2050-REPD-5522","properties":{"capacity_mw":4.8,"gg_project_id":"GG2050-REPD-5522","name":"College Farm","operator":"Blue Planet Solar","repd_ref":"5522","repd_technology":"Solar Photovoltaics","status":"Appeal Refused","technology":"solar"},"type":"Feature"},{"geometry":{"coordinates":[-1.8035881,51.5352732],"type":"Point"},"id":"GG2050-REPD-5527","properties":{"capacity_mw":4.8,"gg_project_id":"GG2050-REPD-5527","name":"Common Farm","operator":"Public Power Solutions/ Swindon Borough Council","repd_ref":"5527","repd_technology":"Solar Photovoltaics","status":"Operational","technology":"solar"},"type":"Feature"},{"geometry":{"coordinates":[-6.1985332,54.6706914],"type":"Point"},"id":"GG2050-REPD-1523","properties":{"capacity_mw":4.8,"gg_project_id":"GG2050-REPD-1523","name":"Crookedstone Road","operator":"Lightsource Renewable Energy","repd_ref":"1523","repd_technology":"Solar Photovoltaics","status":"Operational","technology":"solar"},"type":"Feature"},{"geometry":{"coordinates":[-6.1908842,54.5583974],"type":"Point"},"id":"GG2050-REPD-1296","properties":{"capacity_mw":4.8,"gg_project_id":"GG2050-REPD-1296","name":"Land to the South of 15 Lough Road","operator":"Lightsource Renewable Energy","repd_ref":"1296","repd_technology":"Solar Photovoltaics","status":"Operational","technology":"solar"},"type":"Feature"},{"geometry":{"coordinates":[-3.3710946,50.6339211],"type":"Point"},"id":"GG2050-REPD-1380","properties":{"capacity_mw":4.8,"gg_project_id":"GG2050-REPD-1380","name":"Liverton Farm","operator":"Clinton Devon Estates","repd_ref":"1380","repd_technology":"Solar Photovoltaics","status":"Operational","technology":"solar"},"type":"Feature"},{"geometry":{"coordinates":[-0.9216065,52.7535202],"type":"Point"},"id":"GG2050-REPD-1432","properties":{"capacity_mw":4.8,"gg_project_id":"GG2050-REPD-1432","name":"Melton Mowbray Solar Farm","operator":"Lark Energy","repd_ref":"1432","repd_technology":"Solar Photovoltaics","status":"Application Withdrawn","technology":"solar"},"type":"Feature"},{"geometry":{"coordinates":[1.0391325,52.1540841],"type":"Point"},"id":"GG2050-REPD-1894","properties":{"capacity_mw":4.8,"gg_project_id":"GG2050-REPD-1894","name":"Mid Suffolk Home Solar Scheme","operator":"Mid Suffolk District Council","repd_ref":"1894","repd_technology":"Solar Photovoltaics","status":"Operational","technology":"solar"},"type":"Feature"}],"partition":5,"release":"9.1","schema":"globalgrid2050.v9.atlas-projects.v9.1","technology":"solar","type":"FeatureCollection"}
