{"feature_count":395,"features":[{"geometry":{"coordinates":[-4.7040116,50.3634359],"type":"Point"},"id":"GG2050-REPD-3156","properties":{"capacity_mw":2.6,"gg_project_id":"GG2050-REPD-3156","name":"Penpell Wind Cluster","operator":"Private Developer","repd_ref":"3156","repd_technology":"Wind Onshore","status":"Application Refused","technology":"wind_onshore"},"type":"Feature"},{"geometry":{"coordinates":[-0.5238327,52.6335487],"type":"Point"},"id":"GG2050-REPD-4012","properties":{"capacity_mw":2.6,"gg_project_id":"GG2050-REPD-4012","name":"Steadfold Lane","operator":"Private Developer","repd_ref":"4012","repd_technology":"Wind Onshore","status":"Application Withdrawn","technology":"wind_onshore"},"type":"Feature"},{"geometry":{"coordinates":[0.2411055,53.1430185],"type":"Point"},"id":"GG2050-REPD-3186","properties":{"capacity_mw":2.6,"gg_project_id":"GG2050-REPD-3186","name":"The Hollies","operator":"National Wind Power","repd_ref":"3186","repd_technology":"Wind Onshore","status":"Operational","technology":"wind_onshore"},"type":"Feature"},{"geometry":{"coordinates":[-2.3932785,53.6470584],"type":"Point"},"id":"GG2050-REPD-3181","properties":{"capacity_mw":2.6,"gg_project_id":"GG2050-REPD-3181","name":"The Stables (Edgeworth)","operator":"Private Developer","repd_ref":"3181","repd_technology":"Wind Onshore","status":"Application Refused","technology":"wind_onshore"},"type":"Feature"},{"geometry":{"coordinates":[-1.8228002,54.763804],"type":"Point"},"id":"GG2050-REPD-2586","properties":{"capacity_mw":2.6,"gg_project_id":"GG2050-REPD-2586","name":"Tow Law Wind Farm","operator":"RWE npower","repd_ref":"2586","repd_technology":"Wind Onshore","status":"Operational","technology":"wind_onshore"},"type":"Feature"},{"geometry":{"coordinates":[-3.9104582,55.6332987],"type":"Point"},"id":"GG2050-REPD-6173","properties":{"capacity_mw":2.6,"gg_project_id":"GG2050-REPD-6173","name":"Woodlands Wind Farm","operator":"WhiteRock Energy","repd_ref":"6173","repd_technology":"Wind Onshore","status":"Operational","technology":"wind_onshore"},"type":"Feature"},{"geometry":{"coordinates":[-2.6890706,51.5169935],"type":"Point"},"id":"GG2050-REPD-6293","properties":{"capacity_mw":2.5,"gg_project_id":"GG2050-REPD-6293","name":"Accolade Wines","operator":"Clean Earth Energy","repd_ref":"6293","repd_technology":"Wind Onshore","status":"Operational","technology":"wind_onshore"},"type":"Feature"},{"geometry":{"coordinates":[-7.517414,54.392895],"type":"Point"},"id":"GG2050-REPD-3954","properties":{"capacity_mw":2.5,"gg_project_id":"GG2050-REPD-3954","name":"Ballyreagh, Tempo","operator":"TCI Renewables","repd_ref":"3954","repd_technology":"Wind Onshore","status":"Abandoned","technology":"wind_onshore"},"type":"Feature"},{"geometry":{"coordinates":[-2.7655178,53.5278842],"type":"Point"},"id":"GG2050-REPD-17980","properties":{"capacity_mw":2.5,"gg_project_id":"GG2050-REPD-17980","name":"Barton House Farm, Pimbo Road - Wind Turbine","operator":"Green Energy Nationwide","repd_ref":"17980","repd_technology":"Wind Onshore","status":"Awaiting Construction","technology":"wind_onshore"},"type":"Feature"},{"geometry":{"coordinates":[-2.4453678,50.5607963],"type":"Point"},"id":"GG2050-REPD-3045","properties":{"capacity_mw":2.5,"gg_project_id":"GG2050-REPD-3045","name":"Brackenbury Infant School","operator":"Brackenbury Infant School","repd_ref":"3045","repd_technology":"Wind Onshore","status":"Application Withdrawn","technology":"wind_onshore"},"type":"Feature"},{"geometry":{"coordinates":[-0.6207437,53.5938293],"type":"Point"},"id":"GG2050-REPD-4087","properties":{"capacity_mw":2.5,"gg_project_id":"GG2050-REPD-4087","name":"Bradken UK","operator":"Wind Direct","repd_ref":"4087","repd_technology":"Wind Onshore","status":"Application Refused","technology":"wind_onshore"},"type":"Feature"},{"geometry":{"coordinates":[-4.2056757,55.7915039],"type":"Point"},"id":"GG2050-REPD-3630","properties":{"capacity_mw":2.5,"gg_project_id":"GG2050-REPD-3630","name":"Castlemilk and Carmunnock Community Windpark Trust","operator":"Castlemilk and Carmunnock Community Windpark Trust","repd_ref":"3630","repd_technology":"Wind Onshore","status":"Application Refused","technology":"wind_onshore"},"type":"Feature"},{"geometry":{"coordinates":[-6.2797197,55.0444962],"type":"Point"},"id":"GG2050-REPD-3852","properties":{"capacity_mw":2.5,"gg_project_id":"GG2050-REPD-3852","name":"Corkey Wind Farm Extension","operator":"Northern Ireland Renewables","repd_ref":"3852","repd_technology":"Wind Onshore","status":"Operational","technology":"wind_onshore"},"type":"Feature"},{"geometry":{"coordinates":[-5.0871273,54.8684711],"type":"Point"},"id":"GG2050-REPD-4465","properties":{"capacity_mw":2.5,"gg_project_id":"GG2050-REPD-4465","name":"Craig Wind Farm (Extension)","operator":"Temporis Capital","repd_ref":"4465","repd_technology":"Wind Onshore","status":"Operational","technology":"wind_onshore"},"type":"Feature"},{"geometry":{"coordinates":[-7.0090236,54.5515699],"type":"Point"},"id":"GG2050-REPD-3717","properties":{"capacity_mw":2.5,"gg_project_id":"GG2050-REPD-3717","name":"Crockagarron Ext","operator":"Northern Wind Power","repd_ref":"3717","repd_technology":"Wind Onshore","status":"Operational","technology":"wind_onshore"},"type":"Feature"},{"geometry":{"coordinates":[0.1421258,51.5021677],"type":"Point"},"id":"GG2050-REPD-3862","properties":{"capacity_mw":2.5,"gg_project_id":"GG2050-REPD-3862","name":"Crossness Sewage Works Turbine","operator":"Thames Water Utilities","repd_ref":"3862","repd_technology":"Wind Onshore","status":"Operational","technology":"wind_onshore"},"type":"Feature"},{"geometry":{"coordinates":[-3.9334944,55.8539083],"type":"Point"},"id":"GG2050-REPD-3747","properties":{"capacity_mw":2.5,"gg_project_id":"GG2050-REPD-3747","name":"Damhead Farm","operator":"Private Developer","repd_ref":"3747","repd_technology":"Wind Onshore","status":"Operational","technology":"wind_onshore"},"type":"Feature"},{"geometry":{"coordinates":[-4.6181887,55.5928672],"type":"Point"},"id":"GG2050-REPD-4370","properties":{"capacity_mw":2.5,"gg_project_id":"GG2050-REPD-4370","name":"GlaxoSmithKline Wind Project (Turbine 4)","operator":"GlaxoSmithKline","repd_ref":"4370","repd_technology":"Wind Onshore","status":"Operational","technology":"wind_onshore"},"type":"Feature"},{"geometry":{"coordinates":[-3.4254521,51.5588486],"type":"Point"},"id":"GG2050-REPD-6422","properties":{"capacity_mw":2.5,"gg_project_id":"GG2050-REPD-6422","name":"Graig Fatha Farm","operator":"Cleanearth","repd_ref":"6422","repd_technology":"Wind Onshore","status":"Operational","technology":"wind_onshore"},"type":"Feature"},{"geometry":{"coordinates":[-4.7557044,55.5938427],"type":"Point"},"id":"GG2050-REPD-4894","properties":{"capacity_mw":2.5,"gg_project_id":"GG2050-REPD-4894","name":"Halls Burn","operator":"Stewart Energy Ltd","repd_ref":"4894","repd_technology":"Wind Onshore","status":"Application Withdrawn","technology":"wind_onshore"},"type":"Feature"},{"geometry":{"coordinates":[-3.1467153,54.2048796],"type":"Point"},"id":"GG2050-REPD-2617","properties":{"capacity_mw":2.5,"gg_project_id":"GG2050-REPD-2617","name":"Harlock Hill Wind Farm","operator":"The Wind Company","repd_ref":"2617","repd_technology":"Wind Onshore","status":"Operational","technology":"wind_onshore"},"type":"Feature"},{"geometry":{"coordinates":[-2.3932807,57.3761068],"type":"Point"},"id":"GG2050-REPD-3532","properties":{"capacity_mw":2.5,"gg_project_id":"GG2050-REPD-3532","name":"Hill of Easterton","operator":"Mackies","repd_ref":"3532","repd_technology":"Wind Onshore","status":"Operational","technology":"wind_onshore"},"type":"Feature"},{"geometry":{"coordinates":[-0.9295084,54.5574675],"type":"Point"},"id":"GG2050-REPD-4387","properties":{"capacity_mw":2.5,"gg_project_id":"GG2050-REPD-4387","name":"Kilton Wind Turbine","operator":"TNEI Services","repd_ref":"4387","repd_technology":"Wind Onshore","status":"Application Refused","technology":"wind_onshore"},"type":"Feature"},{"geometry":{"coordinates":[-3.6442352,51.7405576],"type":"Point"},"id":"GG2050-REPD-4485","properties":{"capacity_mw":2.5,"gg_project_id":"GG2050-REPD-4485","name":"Maesgwyn Wind Farm - extension","operator":"Pennant Walters (MAESX) Limited","repd_ref":"4485","repd_technology":"Wind Onshore","status":"Operational","technology":"wind_onshore"},"type":"Feature"},{"geometry":{"coordinates":[-2.959073,51.5511079],"type":"Point"},"id":"GG2050-REPD-3887","properties":{"capacity_mw":2.5,"gg_project_id":"GG2050-REPD-3887","name":"Nash Waste Water Treatment Works Turbine","operator":"Welsh Water","repd_ref":"3887","repd_technology":"Wind Onshore","status":"Operational","technology":"wind_onshore"},"type":"Feature"},{"geometry":{"coordinates":[-4.4594659,55.7540688],"type":"Point"},"id":"GG2050-REPD-3383","properties":{"capacity_mw":2.5,"gg_project_id":"GG2050-REPD-3383","name":"Neilston Additional Wind Turbine","operator":"Green Energy Wind","repd_ref":"3383","repd_technology":"Wind Onshore","status":"Planning Permission Expired","technology":"wind_onshore"},"type":"Feature"},{"geometry":{"coordinates":[-1.2979273,52.9987734],"type":"Point"},"id":"GG2050-REPD-3793","properties":{"capacity_mw":2.5,"gg_project_id":"GG2050-REPD-3793","name":"Newthorpe Wind Turbine","operator":"Severn Trent Water","repd_ref":"3793","repd_technology":"Wind Onshore","status":"Operational","technology":"wind_onshore"},"type":"Feature"},{"geometry":{"coordinates":[-6.7971435,57.9594268],"type":"Point"},"id":"GG2050-REPD-3036","properties":{"capacity_mw":2.5,"gg_project_id":"GG2050-REPD-3036","name":"North Harris Community Trust","operator":"North Harris Community Trust","repd_ref":"3036","repd_technology":"Wind Onshore","status":"Abandoned","technology":"wind_onshore"},"type":"Feature"},{"geometry":{"coordinates":[-1.3743708,54.8154232],"type":"Point"},"id":"GG2050-REPD-3692","properties":{"capacity_mw":2.5,"gg_project_id":"GG2050-REPD-3692","name":"North of A19 Services","operator":"SLP Engineering Ltd","repd_ref":"3692","repd_technology":"Wind Onshore","status":"Appeal Refused","technology":"wind_onshore"},"type":"Feature"},{"geometry":{"coordinates":[-0.015625,51.5386027],"type":"Point"},"id":"GG2050-REPD-3056","properties":{"capacity_mw":2.5,"gg_project_id":"GG2050-REPD-3056","name":"Olympic Park Wind Turbine","operator":"Unknown","repd_ref":"3056","repd_technology":"Wind Onshore","status":"Abandoned","technology":"wind_onshore"},"type":"Feature"},{"geometry":{"coordinates":[-3.6711273,51.5077221],"type":"Point"},"id":"GG2050-REPD-6013","properties":{"capacity_mw":2.5,"gg_project_id":"GG2050-REPD-6013","name":"Parc Stormy, Stormy Down","operator":"Cenin Renewables","repd_ref":"6013","repd_technology":"Wind Onshore","status":"Operational","technology":"wind_onshore"},"type":"Feature"},{"geometry":{"coordinates":[-1.1178775,52.6980472],"type":"Point"},"id":"GG2050-REPD-3699","properties":{"capacity_mw":2.5,"gg_project_id":"GG2050-REPD-3699","name":"Severn Trent STW","operator":"Severn Trent Water","repd_ref":"3699","repd_technology":"Wind Onshore","status":"Operational","technology":"wind_onshore"},"type":"Feature"},{"geometry":{"coordinates":[-4.726193,55.7905675],"type":"Point"},"id":"GG2050-REPD-7236","properties":{"capacity_mw":2.5,"gg_project_id":"GG2050-REPD-7236","name":"Standingstone Hill","operator":"Radio City Association","repd_ref":"7236","repd_technology":"Wind Onshore","status":"Awaiting Construction","technology":"wind_onshore"},"type":"Feature"},{"geometry":{"coordinates":[-1.6807826,52.5897127],"type":"Point"},"id":"GG2050-REPD-4310","properties":{"capacity_mw":2.5,"gg_project_id":"GG2050-REPD-4310","name":"Wienerberger Brick Works","operator":"Wienberger Ltd","repd_ref":"4310","repd_technology":"Wind Onshore","status":"Appeal Refused","technology":"wind_onshore"},"type":"Feature"},{"geometry":{"coordinates":[-2.5650856,56.6744268],"type":"Point"},"id":"GG2050-REPD-3339","properties":{"capacity_mw":2.4,"gg_project_id":"GG2050-REPD-3339","name":"Arbikie Wind Cluster","operator":"Tellus Energy Ltd","repd_ref":"3339","repd_technology":"Wind Onshore","status":"Application Withdrawn","technology":"wind_onshore"},"type":"Feature"},{"geometry":{"coordinates":[-3.4499624,56.6824954],"type":"Point"},"id":"GG2050-REPD-3822","properties":{"capacity_mw":2.4,"gg_project_id":"GG2050-REPD-3822","name":"Ardlebank Farm Wind Cluster","operator":"Green Cat Renewables","repd_ref":"3822","repd_technology":"Wind Onshore","status":"Application Refused","technology":"wind_onshore"},"type":"Feature"},{"geometry":{"coordinates":[-1.9332108,57.4079189],"type":"Point"},"id":"GG2050-REPD-3616","properties":{"capacity_mw":2.4,"gg_project_id":"GG2050-REPD-3616","name":"Auchenten","operator":"Private Developer","repd_ref":"3616","repd_technology":"Wind Onshore","status":"Appeal Refused","technology":"wind_onshore"},"type":"Feature"},{"geometry":{"coordinates":[-2.6468392,57.5813576],"type":"Point"},"id":"GG2050-REPD-3806","properties":{"capacity_mw":2.4,"gg_project_id":"GG2050-REPD-3806","name":"Auchinderran Wind Farm","operator":"Green Cat Renewables","repd_ref":"3806","repd_technology":"Wind Onshore","status":"Operational","technology":"wind_onshore"},"type":"Feature"},{"geometry":{"coordinates":[-2.0152297,57.3676303],"type":"Point"},"id":"GG2050-REPD-3838","properties":{"capacity_mw":2.4,"gg_project_id":"GG2050-REPD-3838","name":"Auchmacoy Estate Wind Cluster","operator":"Auchmacoy Estate","repd_ref":"3838","repd_technology":"Wind Onshore","status":"Application Withdrawn","technology":"wind_onshore"},"type":"Feature"},{"geometry":{"coordinates":[-2.2879067,55.8665983],"type":"Point"},"id":"GG2050-REPD-2672","properties":{"capacity_mw":2.4,"gg_project_id":"GG2050-REPD-2672","name":"Brockholes Wind Cluster","operator":"Brockholes Farm","repd_ref":"2672","repd_technology":"Wind Onshore","status":"Operational","technology":"wind_onshore"},"type":"Feature"},{"geometry":{"coordinates":[-2.3719497,57.5602257],"type":"Point"},"id":"GG2050-REPD-3401","properties":{"capacity_mw":2.4,"gg_project_id":"GG2050-REPD-3401","name":"Cairn Hill","operator":"Private Developer","repd_ref":"3401","repd_technology":"Wind Onshore","status":"Application Refused","technology":"wind_onshore"},"type":"Feature"},{"geometry":{"coordinates":[-2.4476853,57.2827638],"type":"Point"},"id":"GG2050-REPD-3718","properties":{"capacity_mw":2.4,"gg_project_id":"GG2050-REPD-3718","name":"Castle of Auchry Farm","operator":"Green Cat Renewables","repd_ref":"3718","repd_technology":"Wind Onshore","status":"Operational","technology":"wind_onshore"},"type":"Feature"},{"geometry":{"coordinates":[-4.4881456,50.9119272],"type":"Point"},"id":"GG2050-REPD-3400","properties":{"capacity_mw":2.4,"gg_project_id":"GG2050-REPD-3400","name":"Crimp Wind Farm","operator":"Crimp Wind farm","repd_ref":"3400","repd_technology":"Wind Onshore","status":"Revised","technology":"wind_onshore"},"type":"Feature"},{"geometry":{"coordinates":[-4.4881456,50.9119272],"type":"Point"},"id":"GG2050-REPD-3458","properties":{"capacity_mw":2.4,"gg_project_id":"GG2050-REPD-3458","name":"Crimp Wind Farm","operator":"Crimp Power Ltd (West Coast Energy)","repd_ref":"3458","repd_technology":"Wind Onshore","status":"Operational","technology":"wind_onshore"},"type":"Feature"},{"geometry":{"coordinates":[-4.0964686,57.6540694],"type":"Point"},"id":"GG2050-REPD-2876","properties":{"capacity_mw":2.4,"gg_project_id":"GG2050-REPD-2876","name":"Cromarty Wind Farm","operator":"Bright Spark Energy","repd_ref":"2876","repd_technology":"Wind Onshore","status":"Application Refused","technology":"wind_onshore"},"type":"Feature"},{"geometry":{"coordinates":[-2.6130121,57.6223252],"type":"Point"},"id":"GG2050-REPD-4892","properties":{"capacity_mw":2.4,"gg_project_id":"GG2050-REPD-4892","name":"Gawnsmoss Cluster","operator":"Farm Energy Consulting","repd_ref":"4892","repd_technology":"Wind Onshore","status":"Operational","technology":"wind_onshore"},"type":"Feature"},{"geometry":{"coordinates":[-3.3245332,54.2039543],"type":"Point"},"id":"GG2050-REPD-2626","properties":{"capacity_mw":2.4,"gg_project_id":"GG2050-REPD-2626","name":"Haverigg Extension Wind Farm","operator":"The Wind Company","repd_ref":"2626","repd_technology":"Wind Onshore","status":"Operational","technology":"wind_onshore"},"type":"Feature"},{"geometry":{"coordinates":[-3.8852737,55.550819],"type":"Point"},"id":"GG2050-REPD-3445","properties":{"capacity_mw":2.4,"gg_project_id":"GG2050-REPD-3445","name":"Hazelside farm","operator":"Mitchell Farming Partnerships (3R Energy)","repd_ref":"3445","repd_technology":"Wind Onshore","status":"Revised","technology":"wind_onshore"},"type":"Feature"},{"geometry":{"coordinates":[-1.7575282,54.7636912],"type":"Point"},"id":"GG2050-REPD-3466","properties":{"capacity_mw":2.4,"gg_project_id":"GG2050-REPD-3466","name":"Hedley Hope","operator":"Border Wind","repd_ref":"3466","repd_technology":"Wind Onshore","status":"Operational","technology":"wind_onshore"},"type":"Feature"},{"geometry":{"coordinates":[-3.4169793,58.2693063],"type":"Point"},"id":"GG2050-REPD-3436","properties":{"capacity_mw":2.4,"gg_project_id":"GG2050-REPD-3436","name":"Hill Of Lychrobbie","operator":"Wind Harvest","repd_ref":"3436","repd_technology":"Wind Onshore","status":"Planning Permission Expired","technology":"wind_onshore"},"type":"Feature"},{"geometry":{"coordinates":[-2.419481,53.6776642],"type":"Point"},"id":"GG2050-REPD-3349","properties":{"capacity_mw":2.4,"gg_project_id":"GG2050-REPD-3349","name":"Hoddlesden Moss","operator":"Viridis Wind Turbines","repd_ref":"3349","repd_technology":"Wind Onshore","status":"Revised","technology":"wind_onshore"},"type":"Feature"},{"geometry":{"coordinates":[-2.419481,53.6776642],"type":"Point"},"id":"GG2050-REPD-4702","properties":{"capacity_mw":2.4,"gg_project_id":"GG2050-REPD-4702","name":"Hoddlesden Moss","operator":"Viridis Wind Turbines","repd_ref":"4702","repd_technology":"Wind Onshore","status":"Revised","technology":"wind_onshore"},"type":"Feature"},{"geometry":{"coordinates":[-2.1983769,56.9982111],"type":"Point"},"id":"GG2050-REPD-3419","properties":{"capacity_mw":2.4,"gg_project_id":"GG2050-REPD-3419","name":"Kempstone Hill Wind Turbines","operator":"Kempstone Hill Wind Energy","repd_ref":"3419","repd_technology":"Wind Onshore","status":"Application Withdrawn","technology":"wind_onshore"},"type":"Feature"},{"geometry":{"coordinates":[-3.9221164,55.649464],"type":"Point"},"id":"GG2050-REPD-3915","properties":{"capacity_mw":2.4,"gg_project_id":"GG2050-REPD-3915","name":"LADEHEAD FARM - WIND TURBINES","operator":"PI Renewables 2 Ltd","repd_ref":"3915","repd_technology":"Wind Onshore","status":"Operational","technology":"wind_onshore"},"type":"Feature"},{"geometry":{"coordinates":[-1.5301867,55.2033523],"type":"Point"},"id":"GG2050-REPD-3255","properties":{"capacity_mw":2.4,"gg_project_id":"GG2050-REPD-3255","name":"Lynemouth Windfarm","operator":"Scottish Power Renewables","repd_ref":"3255","repd_technology":"Wind Onshore","status":"Revised","technology":"wind_onshore"},"type":"Feature"},{"geometry":{"coordinates":[-2.8225459,57.4009469],"type":"Point"},"id":"GG2050-REPD-3644","properties":{"capacity_mw":2.4,"gg_project_id":"GG2050-REPD-3644","name":"Mains Of Collithie","operator":"Muirden Energy","repd_ref":"3644","repd_technology":"Wind Onshore","status":"Application Refused","technology":"wind_onshore"},"type":"Feature"},{"geometry":{"coordinates":[-2.0666877,57.6152974],"type":"Point"},"id":"GG2050-REPD-3980","properties":{"capacity_mw":2.4,"gg_project_id":"GG2050-REPD-3980","name":"Mains of Hatton","operator":"Eco2 /GreenCAT","repd_ref":"3980","repd_technology":"Wind Onshore","status":"Operational","technology":"wind_onshore"},"type":"Feature"},{"geometry":{"coordinates":[-3.4522184,56.2613189],"type":"Point"},"id":"GG2050-REPD-3350","properties":{"capacity_mw":2.4,"gg_project_id":"GG2050-REPD-3350","name":"Milnathort Community Wind Cluster","operator":"Lomond Energy","repd_ref":"3350","repd_technology":"Wind Onshore","status":"Appeal Refused","technology":"wind_onshore"},"type":"Feature"},{"geometry":{"coordinates":[-2.2591915,57.3467395],"type":"Point"},"id":"GG2050-REPD-5859","properties":{"capacity_mw":2.4,"gg_project_id":"GG2050-REPD-5859","name":"Mountwest Wind Cluster (resubmission)","operator":"Mountwest 838","repd_ref":"5859","repd_technology":"Wind Onshore","status":"Revised","technology":"wind_onshore"},"type":"Feature"},{"geometry":{"coordinates":[-3.7676275,54.9536696],"type":"Point"},"id":"GG2050-REPD-4447","properties":{"capacity_mw":2.4,"gg_project_id":"GG2050-REPD-4447","name":"Plascow wind cluster","operator":"Private Developer","repd_ref":"4447","repd_technology":"Wind Onshore","status":"Revised","technology":"wind_onshore"},"type":"Feature"},{"geometry":{"coordinates":[-3.7602134,54.9562578],"type":"Point"},"id":"GG2050-REPD-4484","properties":{"capacity_mw":2.4,"gg_project_id":"GG2050-REPD-4484","name":"Plascow wind cluster","operator":"Private Developer","repd_ref":"4484","repd_technology":"Wind Onshore","status":"Operational","technology":"wind_onshore"},"type":"Feature"},{"geometry":{"coordinates":[-3.8772282,52.407581],"type":"Point"},"id":"GG2050-REPD-3552","properties":{"capacity_mw":2.4,"gg_project_id":"GG2050-REPD-3552","name":"Rheidol Wind Farm","operator":"Powergen","repd_ref":"3552","repd_technology":"Wind Onshore","status":"Operational","technology":"wind_onshore"},"type":"Feature"},{"geometry":{"coordinates":[-3.8280631,56.0549835],"type":"Point"},"id":"GG2050-REPD-3651","properties":{"capacity_mw":2.4,"gg_project_id":"GG2050-REPD-3651","name":"Rosehill Wind Turbines","operator":"Green Cat Renewables","repd_ref":"3651","repd_technology":"Wind Onshore","status":"Operational","technology":"wind_onshore"},"type":"Feature"},{"geometry":{"coordinates":[-2.3251991,57.4266223],"type":"Point"},"id":"GG2050-REPD-2999","properties":{"capacity_mw":2.4,"gg_project_id":"GG2050-REPD-2999","name":"St John's Well","operator":"Green Cat Renewables","repd_ref":"2999","repd_technology":"Wind Onshore","status":"Operational","technology":"wind_onshore"},"type":"Feature"},{"geometry":{"coordinates":[-2.0597656,57.4063681],"type":"Point"},"id":"GG2050-REPD-3524","properties":{"capacity_mw":2.4,"gg_project_id":"GG2050-REPD-3524","name":"Upper Ardgrain Wind Farm","operator":"Green Cat Renewables","repd_ref":"3524","repd_technology":"Wind Onshore","status":"Operational","technology":"wind_onshore"},"type":"Feature"},{"geometry":{"coordinates":[-2.0267774,57.49378],"type":"Point"},"id":"GG2050-REPD-3681","properties":{"capacity_mw":2.4,"gg_project_id":"GG2050-REPD-3681","name":"West Knock Wind Cluster","operator":"West Knock Farm","repd_ref":"3681","repd_technology":"Wind Onshore","status":"Operational","technology":"wind_onshore"},"type":"Feature"},{"geometry":{"coordinates":[-2.9738147,51.5559139],"type":"Point"},"id":"GG2050-REPD-5555","properties":{"capacity_mw":2.3,"gg_project_id":"GG2050-REPD-5555","name":"ANP Newport Wind Turbine","operator":"Associated British Ports","repd_ref":"5555","repd_technology":"Wind Onshore","status":"Operational","technology":"wind_onshore"},"type":"Feature"},{"geometry":{"coordinates":[-2.4064569,56.9292637],"type":"Point"},"id":"GG2050-REPD-4338","properties":{"capacity_mw":2.3,"gg_project_id":"GG2050-REPD-4338","name":"Backfield Farm","operator":"Private Developer","repd_ref":"4338","repd_technology":"Wind Onshore","status":"Revised","technology":"wind_onshore"},"type":"Feature"},{"geometry":{"coordinates":[-4.9158105,55.7717767],"type":"Point"},"id":"GG2050-REPD-2810","properties":{"capacity_mw":2.3,"gg_project_id":"GG2050-REPD-2810","name":"Ballochmartin Farm Turbine","operator":"Unknown","repd_ref":"2810","repd_technology":"Wind Onshore","status":"Application Withdrawn","technology":"wind_onshore"},"type":"Feature"},{"geometry":{"coordinates":[-6.8876227,54.6856711],"type":"Point"},"id":"GG2050-REPD-6353","properties":{"capacity_mw":2.3,"gg_project_id":"GG2050-REPD-6353","name":"Beltonanean 2","operator":"Private Developer","repd_ref":"6353","repd_technology":"Wind Onshore","status":"Planning Permission Expired","technology":"wind_onshore"},"type":"Feature"},{"geometry":{"coordinates":[-6.8907985,54.6863794],"type":"Point"},"id":"GG2050-REPD-3851","properties":{"capacity_mw":2.3,"gg_project_id":"GG2050-REPD-3851","name":"Beltonanean Wind Turbine","operator":"Beltonanean Renewable Energy","repd_ref":"3851","repd_technology":"Wind Onshore","status":"Revised","technology":"wind_onshore"},"type":"Feature"},{"geometry":{"coordinates":[-6.8876227,54.6856711],"type":"Point"},"id":"GG2050-REPD-5087","properties":{"capacity_mw":2.3,"gg_project_id":"GG2050-REPD-5087","name":"Beltonanean Wind Turbine 2","operator":"Beltonanean Renewable Energy","repd_ref":"5087","repd_technology":"Wind Onshore","status":"Revised","technology":"wind_onshore"},"type":"Feature"},{"geometry":{"coordinates":[-1.5571581,55.2152247],"type":"Point"},"id":"GG2050-REPD-3947","properties":{"capacity_mw":2.3,"gg_project_id":"GG2050-REPD-3947","name":"Bewick Drift","operator":"Harworth Power","repd_ref":"3947","repd_technology":"Wind Onshore","status":"Operational","technology":"wind_onshore"},"type":"Feature"},{"geometry":{"coordinates":[1.6537275,52.7104925],"type":"Point"},"id":"GG2050-REPD-3358","properties":{"capacity_mw":2.3,"gg_project_id":"GG2050-REPD-3358","name":"Blood Hill Wind Farm","operator":"ECONET LTD","repd_ref":"3358","repd_technology":"Wind Onshore","status":"Decommissioned","technology":"wind_onshore"},"type":"Feature"},{"geometry":{"coordinates":[-2.2999494,57.5662649],"type":"Point"},"id":"GG2050-REPD-4346","properties":{"capacity_mw":2.3,"gg_project_id":"GG2050-REPD-4346","name":"Bogenlea Farm","operator":"Eco2","repd_ref":"4346","repd_technology":"Wind Onshore","status":"Operational","technology":"wind_onshore"},"type":"Feature"},{"geometry":{"coordinates":[-3.8228972,55.7554228],"type":"Point"},"id":"GG2050-REPD-2951","properties":{"capacity_mw":2.3,"gg_project_id":"GG2050-REPD-2951","name":"Bogside","operator":"A7 Energy","repd_ref":"2951","repd_technology":"Wind Onshore","status":"Application Refused","technology":"wind_onshore"},"type":"Feature"},{"geometry":{"coordinates":[-2.6518204,57.6606661],"type":"Point"},"id":"GG2050-REPD-2691","properties":{"capacity_mw":2.3,"gg_project_id":"GG2050-REPD-2691","name":"Boyndie Airfield Extension","operator":"Boyndie Wind Farm","repd_ref":"2691","repd_technology":"Wind Onshore","status":"Operational","technology":"wind_onshore"},"type":"Feature"},{"geometry":{"coordinates":[-2.6987656,57.6267577],"type":"Point"},"id":"GG2050-REPD-4498","properties":{"capacity_mw":2.3,"gg_project_id":"GG2050-REPD-4498","name":"Brackenhills Farm","operator":"J & L C Beattie Ltd","repd_ref":"4498","repd_technology":"Wind Onshore","status":"Revised","technology":"wind_onshore"},"type":"Feature"},{"geometry":{"coordinates":[-2.6997602,57.6236263],"type":"Point"},"id":"GG2050-REPD-5956","properties":{"capacity_mw":2.3,"gg_project_id":"GG2050-REPD-5956","name":"Brackenhills Farm","operator":"J and LC Beattie Ltd","repd_ref":"5956","repd_technology":"Wind Onshore","status":"Planning Permission Expired","technology":"wind_onshore"},"type":"Feature"},{"geometry":{"coordinates":[-3.1492163,59.1175528],"type":"Point"},"id":"GG2050-REPD-3408","properties":{"capacity_mw":2.3,"gg_project_id":"GG2050-REPD-3408","name":"Burgar Hill (land Near), Evie","operator":"Unknown","repd_ref":"3408","repd_technology":"Wind Onshore","status":"Operational","technology":"wind_onshore"},"type":"Feature"},{"geometry":{"coordinates":[-6.2901159,55.0453259],"type":"Point"},"id":"GG2050-REPD-2721","properties":{"capacity_mw":2.3,"gg_project_id":"GG2050-REPD-2721","name":"Corkey Wind Farm Extension","operator":"Northern Ireland Renewables","repd_ref":"2721","repd_technology":"Wind Onshore","status":"Revised","technology":"wind_onshore"},"type":"Feature"},{"geometry":{"coordinates":[-2.2609584,57.3919819],"type":"Point"},"id":"GG2050-REPD-2782","properties":{"capacity_mw":2.3,"gg_project_id":"GG2050-REPD-2782","name":"Courtstone Wind Turbine","operator":"Private Developer","repd_ref":"2782","repd_technology":"Wind Onshore","status":"Operational","technology":"wind_onshore"},"type":"Feature"},{"geometry":{"coordinates":[-2.3410246,57.4111571],"type":"Point"},"id":"GG2050-REPD-3403","properties":{"capacity_mw":2.3,"gg_project_id":"GG2050-REPD-3403","name":"Denhill","operator":"Private Developer","repd_ref":"3403","repd_technology":"Wind Onshore","status":"Operational","technology":"wind_onshore"},"type":"Feature"},{"geometry":{"coordinates":[-4.1332432,55.7066659],"type":"Point"},"id":"GG2050-REPD-3374","properties":{"capacity_mw":2.3,"gg_project_id":"GG2050-REPD-3374","name":"Dykehead Farm wind turbine 3","operator":"Dykehead Renewables Ltd","repd_ref":"3374","repd_technology":"Wind Onshore","status":"Application Withdrawn","technology":"wind_onshore"},"type":"Feature"},{"geometry":{"coordinates":[-6.9885496,54.5360505],"type":"Point"},"id":"GG2050-REPD-5861","properties":{"capacity_mw":2.3,"gg_project_id":"GG2050-REPD-5861","name":"Eshmore Wind Farm Extension","operator":"Energia Renewables","repd_ref":"5861","repd_technology":"Wind Onshore","status":"Planning Permission Expired","technology":"wind_onshore"},"type":"Feature"},{"geometry":{"coordinates":[-3.136033,59.1071161],"type":"Point"},"id":"GG2050-REPD-3751","properties":{"capacity_mw":2.3,"gg_project_id":"GG2050-REPD-3751","name":"Evie Wind Energy Project","operator":"Private Developer","repd_ref":"3751","repd_technology":"Wind Onshore","status":"Planning Permission Expired","technology":"wind_onshore"},"type":"Feature"},{"geometry":{"coordinates":[-3.1042155,51.5066619],"type":"Point"},"id":"GG2050-REPD-2804","properties":{"capacity_mw":2.3,"gg_project_id":"GG2050-REPD-2804","name":"G24 Innovations Turbine","operator":"G24 Innovations Limited","repd_ref":"2804","repd_technology":"Wind Onshore","status":"Operational","technology":"wind_onshore"},"type":"Feature"},{"geometry":{"coordinates":[-2.4240482,57.5935931],"type":"Point"},"id":"GG2050-REPD-3405","properties":{"capacity_mw":2.3,"gg_project_id":"GG2050-REPD-3405","name":"Gairnieston Farm","operator":"Private Developer","repd_ref":"3405","repd_technology":"Wind Onshore","status":"Operational","technology":"wind_onshore"},"type":"Feature"},{"geometry":{"coordinates":[-6.4124208,55.010092],"type":"Point"},"id":"GG2050-REPD-3961","properties":{"capacity_mw":2.3,"gg_project_id":"GG2050-REPD-3961","name":"Glenbuck","operator":"Energia Renewables","repd_ref":"3961","repd_technology":"Wind Onshore","status":"Operational","technology":"wind_onshore"},"type":"Feature"},{"geometry":{"coordinates":[-3.0720404,54.8706318],"type":"Point"},"id":"GG2050-REPD-2613","properties":{"capacity_mw":2.3,"gg_project_id":"GG2050-REPD-2613","name":"Great Orton Wind Farm (Extension)","operator":"Great Orton Wind Farms (II) Ltd","repd_ref":"2613","repd_technology":"Wind Onshore","status":"Operational","technology":"wind_onshore"},"type":"Feature"},{"geometry":{"coordinates":[-2.406526,57.3723638],"type":"Point"},"id":"GG2050-REPD-3812","properties":{"capacity_mw":2.3,"gg_project_id":"GG2050-REPD-3812","name":"Hill of Easterton Extension 2","operator":"Mackies Limited","repd_ref":"3812","repd_technology":"Wind Onshore","status":"Application Refused","technology":"wind_onshore"},"type":"Feature"},{"geometry":{"coordinates":[-2.5777519,57.4100421],"type":"Point"},"id":"GG2050-REPD-4319","properties":{"capacity_mw":2.3,"gg_project_id":"GG2050-REPD-4319","name":"Hill of Tillymorgan extension","operator":"Unknown","repd_ref":"4319","repd_technology":"Wind Onshore","status":"Appeal Refused","technology":"wind_onshore"},"type":"Feature"},{"geometry":{"coordinates":[-2.2572887,57.573078],"type":"Point"},"id":"GG2050-REPD-3636","properties":{"capacity_mw":2.3,"gg_project_id":"GG2050-REPD-3636","name":"Hillhead of Bonnykelly","operator":"Private Developer","repd_ref":"3636","repd_technology":"Wind Onshore","status":"Application Refused","technology":"wind_onshore"},"type":"Feature"},{"geometry":{"coordinates":[-3.3550159,58.548907],"type":"Point"},"id":"GG2050-REPD-6235","properties":{"capacity_mw":2.3,"gg_project_id":"GG2050-REPD-6235","name":"Hoy Farm","operator":"Green Cat Renewables","repd_ref":"6235","repd_technology":"Wind Onshore","status":"Application Refused","technology":"wind_onshore"},"type":"Feature"},{"geometry":{"coordinates":[-1.3828105,54.785442],"type":"Point"},"id":"GG2050-REPD-2775","properties":{"capacity_mw":2.3,"gg_project_id":"GG2050-REPD-2775","name":"Junction House","operator":"British Telecom","repd_ref":"2775","repd_technology":"Wind Onshore","status":"Application Refused","technology":"wind_onshore"},"type":"Feature"},{"geometry":{"coordinates":[-5.0555648,50.3208007],"type":"Point"},"id":"GG2050-REPD-7588","properties":{"capacity_mw":2.3,"gg_project_id":"GG2050-REPD-7588","name":"Land near Ventonteague","operator":"Cornwall Council","repd_ref":"7588","repd_technology":"Wind Onshore","status":"Operational","technology":"wind_onshore"},"type":"Feature"},{"geometry":{"coordinates":[-3.7889199,55.7724307],"type":"Point"},"id":"GG2050-REPD-5062","properties":{"capacity_mw":2.3,"gg_project_id":"GG2050-REPD-5062","name":"Land South East Of Auchterhead","operator":"1 Stop Renewables","repd_ref":"5062","repd_technology":"Wind Onshore","status":"Application Submitted","technology":"wind_onshore"},"type":"Feature"},{"geometry":{"coordinates":[-2.4007928,56.9311955],"type":"Point"},"id":"GG2050-REPD-5459","properties":{"capacity_mw":2.3,"gg_project_id":"GG2050-REPD-5459","name":"Land South West Of Backfield Farm","operator":"1 Stop Renewables","repd_ref":"5459","repd_technology":"Wind Onshore","status":"Application Refused","technology":"wind_onshore"},"type":"Feature"},{"geometry":{"coordinates":[-6.0092943,54.6434384],"type":"Point"},"id":"GG2050-REPD-6154","properties":{"capacity_mw":2.3,"gg_project_id":"GG2050-REPD-6154","name":"Lands at Ballyutoag Road","operator":"Sperrin Environmental","repd_ref":"6154","repd_technology":"Wind Onshore","status":"Awaiting Construction","technology":"wind_onshore"},"type":"Feature"},{"geometry":{"coordinates":[-2.7802983,53.6334758],"type":"Point"},"id":"GG2050-REPD-3944","properties":{"capacity_mw":2.3,"gg_project_id":"GG2050-REPD-3944","name":"Mawdesley Moss","operator":"Private Developer","repd_ref":"3944","repd_technology":"Wind Onshore","status":"Operational","technology":"wind_onshore"},"type":"Feature"},{"geometry":{"coordinates":[-0.5403032,53.7172294],"type":"Point"},"id":"GG2050-REPD-14746","properties":{"capacity_mw":2.3,"gg_project_id":"GG2050-REPD-14746","name":"Melton Common Wind Cluster","operator":"Melton Wind Limited","repd_ref":"14746","repd_technology":"Wind Onshore","status":"Awaiting Construction","technology":"wind_onshore"},"type":"Feature"},{"geometry":{"coordinates":[-1.5307207,54.7233953],"type":"Point"},"id":"GG2050-REPD-18814","properties":{"capacity_mw":2.3,"gg_project_id":"GG2050-REPD-18814","name":"MME3, Plot DC1, Integra 61 - Wind Turbine","operator":"Amazon UK Services Limited","repd_ref":"18814","repd_technology":"Wind Onshore","status":"Application Submitted","technology":"wind_onshore"},"type":"Feature"},{"geometry":{"coordinates":[-2.6461581,57.6598598],"type":"Point"},"id":"GG2050-REPD-2822","properties":{"capacity_mw":2.3,"gg_project_id":"GG2050-REPD-2822","name":"Mornflake Oats Wind Turbine","operator":"Mornflake Oats/ Hamlyns Oats","repd_ref":"2822","repd_technology":"Wind Onshore","status":"Operational","technology":"wind_onshore"},"type":"Feature"},{"geometry":{"coordinates":[1.761016,52.4804181],"type":"Point"},"id":"GG2050-REPD-3105","properties":{"capacity_mw":2.3,"gg_project_id":"GG2050-REPD-3105","name":"Ness point Wind Turbine 1","operator":"SLP Energy","repd_ref":"3105","repd_technology":"Wind Onshore","status":"Operational","technology":"wind_onshore"},"type":"Feature"},{"geometry":{"coordinates":[-2.8508567,57.5982933],"type":"Point"},"id":"GG2050-REPD-3995","properties":{"capacity_mw":2.3,"gg_project_id":"GG2050-REPD-3995","name":"Netherton Of Windyhills (extension)","operator":"Strathdee Properties","repd_ref":"3995","repd_technology":"Wind Onshore","status":"Application Refused","technology":"wind_onshore"},"type":"Feature"},{"geometry":{"coordinates":[-1.1839696,60.1666444],"type":"Point"},"id":"GG2050-REPD-17799","properties":{"capacity_mw":2.3,"gg_project_id":"GG2050-REPD-17799","name":"North Hoo Fields","operator":"North Fish","repd_ref":"17799","repd_technology":"Wind Onshore","status":"Awaiting Construction","technology":"wind_onshore"},"type":"Feature"},{"geometry":{"coordinates":[-1.6283813,53.090938],"type":"Point"},"id":"GG2050-REPD-3382","properties":{"capacity_mw":2.3,"gg_project_id":"GG2050-REPD-3382","name":"Sibelco Brassington","operator":"Sibelco/ Golconda","repd_ref":"3382","repd_technology":"Wind Onshore","status":"Operational","technology":"wind_onshore"},"type":"Feature"},{"geometry":{"coordinates":[-3.5843425,56.3018312],"type":"Point"},"id":"GG2050-REPD-15147","properties":{"capacity_mw":2.3,"gg_project_id":"GG2050-REPD-15147","name":"Simon Howie Butchers, Findony Farm - Wind Turbine","operator":"Simon Howie Butchers Limited","repd_ref":"15147","repd_technology":"Wind Onshore","status":"Awaiting Construction","technology":"wind_onshore"},"type":"Feature"},{"geometry":{"coordinates":[-6.056564,54.372754],"type":"Point"},"id":"GG2050-REPD-2720","properties":{"capacity_mw":2.3,"gg_project_id":"GG2050-REPD-2720","name":"Slieve Croob","operator":"Bell Architects Ltd","repd_ref":"2720","repd_technology":"Wind Onshore","status":"Application Refused","technology":"wind_onshore"},"type":"Feature"},{"geometry":{"coordinates":[-2.5811301,57.6261676],"type":"Point"},"id":"GG2050-REPD-2708","properties":{"capacity_mw":2.3,"gg_project_id":"GG2050-REPD-2708","name":"Strath of Brydock - Extension","operator":"Green Cat Renewables","repd_ref":"2708","repd_technology":"Wind Onshore","status":"Operational","technology":"wind_onshore"},"type":"Feature"},{"geometry":{"coordinates":[-3.1369712,58.5719049],"type":"Point"},"id":"GG2050-REPD-3433","properties":{"capacity_mw":2.3,"gg_project_id":"GG2050-REPD-3433","name":"Stroupster Wind Farm - additional turbine","operator":"Greencoat UK Wind/Bay Wa .r.e/ SunGift","repd_ref":"3433","repd_technology":"Wind Onshore","status":"Operational","technology":"wind_onshore"},"type":"Feature"},{"geometry":{"coordinates":[-3.1403738,59.109009],"type":"Point"},"id":"GG2050-REPD-3308","properties":{"capacity_mw":2.3,"gg_project_id":"GG2050-REPD-3308","name":"Thorfinn Wind Farm - NM2000","operator":"Vestas","repd_ref":"3308","repd_technology":"Wind Onshore","status":"Operational","technology":"wind_onshore"},"type":"Feature"},{"geometry":{"coordinates":[-2.7126639,56.2736454],"type":"Point"},"id":"GG2050-REPD-2865","properties":{"capacity_mw":2.3,"gg_project_id":"GG2050-REPD-2865","name":"Troywood Wind Turbine","operator":"Private Developer","repd_ref":"2865","repd_technology":"Wind Onshore","status":"Application Withdrawn","technology":"wind_onshore"},"type":"Feature"},{"geometry":{"coordinates":[-3.0290882,56.2055148],"type":"Point"},"id":"GG2050-REPD-3353","properties":{"capacity_mw":2.3,"gg_project_id":"GG2050-REPD-3353","name":"Wester Durie Farm","operator":"Ore Valley Housing Association","repd_ref":"3353","repd_technology":"Wind Onshore","status":"Application Refused","technology":"wind_onshore"},"type":"Feature"},{"geometry":{"coordinates":[-6.0195999,54.6879223],"type":"Point"},"id":"GG2050-REPD-2830","properties":{"capacity_mw":2.3,"gg_project_id":"GG2050-REPD-2830","name":"Wind Turbine 1","operator":"Brett Martin Ltd","repd_ref":"2830","repd_technology":"Wind Onshore","status":"Operational","technology":"wind_onshore"},"type":"Feature"},{"geometry":{"coordinates":[-2.2035256,57.3042456],"type":"Point"},"id":"GG2050-REPD-2700","properties":{"capacity_mw":2.3,"gg_project_id":"GG2050-REPD-2700","name":"Woodlands Farm - Elion","operator":"Scotfarms Ltd","repd_ref":"2700","repd_technology":"Wind Onshore","status":"Appeal Refused","technology":"wind_onshore"},"type":"Feature"},{"geometry":{"coordinates":[-3.5230894,54.6741252],"type":"Point"},"id":"GG2050-REPD-3832","properties":{"capacity_mw":2.3,"gg_project_id":"GG2050-REPD-3832","name":"Wythegill Wind Turbine","operator":"Airvolution Energy","repd_ref":"3832","repd_technology":"Wind Onshore","status":"Operational","technology":"wind_onshore"},"type":"Feature"},{"geometry":{"coordinates":[0.0799101,51.5256348],"type":"Point"},"id":"GG2050-REPD-4976","properties":{"capacity_mw":2.2,"gg_project_id":"GG2050-REPD-4976","name":"Beckton Sewage Treatment Works","operator":"Thames Water Utilities","repd_ref":"4976","repd_technology":"Wind Onshore","status":"Operational","technology":"wind_onshore"},"type":"Feature"},{"geometry":{"coordinates":[-4.1098768,51.1725901],"type":"Point"},"id":"GG2050-REPD-2655","properties":{"capacity_mw":2.2,"gg_project_id":"GG2050-REPD-2655","name":"Hore Down Windfarm","operator":"Farm Energy","repd_ref":"2655","repd_technology":"Wind Onshore","status":"Application Refused","technology":"wind_onshore"},"type":"Feature"},{"geometry":{"coordinates":[-4.4283522,55.368832],"type":"Point"},"id":"GG2050-REPD-3537","properties":{"capacity_mw":2.2,"gg_project_id":"GG2050-REPD-3537","name":"Little Kilmain","operator":"Natural Power Consultants / Powergen","repd_ref":"3537","repd_technology":"Wind Onshore","status":"Application Withdrawn","technology":"wind_onshore"},"type":"Feature"},{"geometry":{"coordinates":[-5.4658972,55.913835],"type":"Point"},"id":"GG2050-REPD-3305","properties":{"capacity_mw":2.2,"gg_project_id":"GG2050-REPD-3305","name":"Meall Mhor Wind Farm","operator":"Private Developer","repd_ref":"3305","repd_technology":"Wind Onshore","status":"Application Withdrawn","technology":"wind_onshore"},"type":"Feature"},{"geometry":{"coordinates":[-5.0191539,51.6644212],"type":"Point"},"id":"GG2050-REPD-2638","properties":{"capacity_mw":2.2,"gg_project_id":"GG2050-REPD-2638","name":"Rhoscrowther Wind Cluster","operator":"THREE WAY WIND LTD/ TXU Europower Ltd","repd_ref":"2638","repd_technology":"Wind Onshore","status":"Application Refused","technology":"wind_onshore"},"type":"Feature"},{"geometry":{"coordinates":[-2.1781951,51.1403219],"type":"Point"},"id":"GG2050-REPD-2628","properties":{"capacity_mw":2.2,"gg_project_id":"GG2050-REPD-2628","name":"Summerslade Down Wind Cluster","operator":"PERTWOOD PARTNERS","repd_ref":"2628","repd_technology":"Wind Onshore","status":"Application Refused","technology":"wind_onshore"},"type":"Feature"},{"geometry":{"coordinates":[-3.9132621,51.1229133],"type":"Point"},"id":"GG2050-REPD-2654","properties":{"capacity_mw":2.2,"gg_project_id":"GG2050-REPD-2654","name":"The Old Racecourse","operator":"THE OLD RACECOURSE WINDFARM LTD","repd_ref":"2654","repd_technology":"Wind Onshore","status":"Application Refused","technology":"wind_onshore"},"type":"Feature"},{"geometry":{"coordinates":[-3.9606196,55.7246604],"type":"Point"},"id":"GG2050-REPD-3667","properties":{"capacity_mw":2.2,"gg_project_id":"GG2050-REPD-3667","name":"The Rosti Factory","operator":"Branna Industrial & Technical Services Ltd","repd_ref":"3667","repd_technology":"Wind Onshore","status":"Operational","technology":"wind_onshore"},"type":"Feature"},{"geometry":{"coordinates":[-7.225753,54.6448869],"type":"Point"},"id":"GG2050-REPD-4920","properties":{"capacity_mw":2.0,"gg_project_id":"GG2050-REPD-4920","name":"","operator":"Private Developer","repd_ref":"4920","repd_technology":"Wind Onshore","status":"Appeal Withdrawn","technology":"wind_onshore"},"type":"Feature"},{"geometry":{"coordinates":[-5.9971971,54.6413745],"type":"Point"},"id":"GG2050-REPD-4953","properties":{"capacity_mw":2.0,"gg_project_id":"GG2050-REPD-4953","name":"320mts South East of 43 Flush Road","operator":"Hill Power","repd_ref":"4953","repd_technology":"Wind Onshore","status":"Planning Permission Expired","technology":"wind_onshore"},"type":"Feature"},{"geometry":{"coordinates":[-7.2477664,54.6214165],"type":"Point"},"id":"GG2050-REPD-4812","properties":{"capacity_mw":2.0,"gg_project_id":"GG2050-REPD-4812","name":"490m north East of no 64 Backglen Road","operator":"Private Developer","repd_ref":"4812","repd_technology":"Wind Onshore","status":"Appeal Withdrawn","technology":"wind_onshore"},"type":"Feature"},{"geometry":{"coordinates":[-6.5962886,54.2488521],"type":"Point"},"id":"GG2050-REPD-4813","properties":{"capacity_mw":2.0,"gg_project_id":"GG2050-REPD-4813","name":"690 Metres east of no 4 Vestry Road","operator":"Hill Power","repd_ref":"4813","repd_technology":"Wind Onshore","status":"Planning Permission Expired","technology":"wind_onshore"},"type":"Feature"},{"geometry":{"coordinates":[-1.5176942,54.98468],"type":"Point"},"id":"GG2050-REPD-3826","properties":{"capacity_mw":2.0,"gg_project_id":"GG2050-REPD-3826","name":"A&P Tyne","operator":"A & P Tyne Hebburn","repd_ref":"3826","repd_technology":"Wind Onshore","status":"Planning Permission Expired","technology":"wind_onshore"},"type":"Feature"},{"geometry":{"coordinates":[-3.1278833,58.9380989],"type":"Point"},"id":"GG2050-REPD-18712","properties":{"capacity_mw":2.0,"gg_project_id":"GG2050-REPD-18712","name":"Akla Wind Energy Project - Wind Turbine","operator":"Orkney Renewables Limited","repd_ref":"18712","repd_technology":"Wind Onshore","status":"Application Submitted","technology":"wind_onshore"},"type":"Feature"},{"geometry":{"coordinates":[-0.8591326,52.2111916],"type":"Point"},"id":"GG2050-REPD-3063","properties":{"capacity_mw":2.0,"gg_project_id":"GG2050-REPD-3063","name":"Asda Brackmills Distribution Depot","operator":"Asda","repd_ref":"3063","repd_technology":"Wind Onshore","status":"Application Refused","technology":"wind_onshore"},"type":"Feature"},{"geometry":{"coordinates":[-3.7699948,56.0171625],"type":"Point"},"id":"GG2050-REPD-3990","properties":{"capacity_mw":2.0,"gg_project_id":"GG2050-REPD-3990","name":"ASDA Distribution Centre","operator":"Asda","repd_ref":"3990","repd_technology":"Wind Onshore","status":"Planning Permission Expired","technology":"wind_onshore"},"type":"Feature"},{"geometry":{"coordinates":[1.2626417,51.3071222],"type":"Point"},"id":"GG2050-REPD-3141","properties":{"capacity_mw":2.0,"gg_project_id":"GG2050-REPD-3141","name":"Ash Wind Farm","operator":"Saxon Fisheries Ltd","repd_ref":"3141","repd_technology":"Wind Onshore","status":"Application Refused","technology":"wind_onshore"},"type":"Feature"},{"geometry":{"coordinates":[-1.5238029,52.6820415],"type":"Point"},"id":"GG2050-REPD-9685","properties":{"capacity_mw":2.0,"gg_project_id":"GG2050-REPD-9685","name":"Barns Heath Farm - Wind Turbines","operator":"Victre Limited","repd_ref":"9685","repd_technology":"Wind Onshore","status":"Awaiting Construction","technology":"wind_onshore"},"type":"Feature"},{"geometry":{"coordinates":[-2.1606824,53.7437698],"type":"Point"},"id":"GG2050-REPD-3564","properties":{"capacity_mw":2.0,"gg_project_id":"GG2050-REPD-3564","name":"Black Scout Wind Farm","operator":"Renewable Energy Systems (RES)","repd_ref":"3564","repd_technology":"Wind Onshore","status":"Application Refused","technology":"wind_onshore"},"type":"Feature"},{"geometry":{"coordinates":[-6.0270164,54.6604778],"type":"Point"},"id":"GG2050-REPD-7419","properties":{"capacity_mw":2.0,"gg_project_id":"GG2050-REPD-7419","name":"Boghill Road","operator":"Hill Power","repd_ref":"7419","repd_technology":"Wind Onshore","status":"Application Withdrawn","technology":"wind_onshore"},"type":"Feature"},{"geometry":{"coordinates":[-3.7992362,57.5767208],"type":"Point"},"id":"GG2050-REPD-2937","properties":{"capacity_mw":2.0,"gg_project_id":"GG2050-REPD-2937","name":"Broombank Farm","operator":"BroomBank Farm","repd_ref":"2937","repd_technology":"Wind Onshore","status":"Application Refused","technology":"wind_onshore"},"type":"Feature"},{"geometry":{"coordinates":[-1.0841334,53.6769672],"type":"Point"},"id":"GG2050-REPD-2695","properties":{"capacity_mw":2.0,"gg_project_id":"GG2050-REPD-2695","name":"Celcon Blocks Ltd","operator":"Ecotricity / Next Generation","repd_ref":"2695","repd_technology":"Wind Onshore","status":"Operational","technology":"wind_onshore"},"type":"Feature"},{"geometry":{"coordinates":[-2.2023566,53.4866158],"type":"Point"},"id":"GG2050-REPD-2963","properties":{"capacity_mw":2.0,"gg_project_id":"GG2050-REPD-2963","name":"City of Manchester Stadium","operator":"Ecotricity","repd_ref":"2963","repd_technology":"Wind Onshore","status":"Abandoned","technology":"wind_onshore"},"type":"Feature"},{"geometry":{"coordinates":[-6.9551725,54.6144925],"type":"Point"},"id":"GG2050-REPD-3713","properties":{"capacity_mw":2.0,"gg_project_id":"GG2050-REPD-3713","name":"Crockbrack","operator":"Gaelectric Developments/ CGN Europe Energy","repd_ref":"3713","repd_technology":"Wind Onshore","status":"Operational","technology":"wind_onshore"},"type":"Feature"},{"geometry":{"coordinates":[-2.7894934,53.8921786],"type":"Point"},"id":"GG2050-REPD-3626","properties":{"capacity_mw":2.0,"gg_project_id":"GG2050-REPD-3626","name":"Cross House Farm Turbine","operator":"Cross House Farm","repd_ref":"3626","repd_technology":"Wind Onshore","status":"Application Refused","technology":"wind_onshore"},"type":"Feature"},{"geometry":{"coordinates":[-4.1308783,55.738648],"type":"Point"},"id":"GG2050-REPD-3385","properties":{"capacity_mw":2.0,"gg_project_id":"GG2050-REPD-3385","name":"Crutherland Farm Wind Turbine","operator":"Renewable Energy Systems (RES)","repd_ref":"3385","repd_technology":"Wind Onshore","status":"Application Refused","technology":"wind_onshore"},"type":"Feature"},{"geometry":{"coordinates":[0.1993191,52.5261203],"type":"Point"},"id":"GG2050-REPD-3603","properties":{"capacity_mw":2.0,"gg_project_id":"GG2050-REPD-3603","name":"Darcey Lode","operator":"Wind Prospect","repd_ref":"3603","repd_technology":"Wind Onshore","status":"Application Withdrawn","technology":"wind_onshore"},"type":"Feature"},{"geometry":{"coordinates":[-5.9858337,54.6425141],"type":"Point"},"id":"GG2050-REPD-5248","properties":{"capacity_mw":2.0,"gg_project_id":"GG2050-REPD-5248","name":"Development SE of Flush Road","operator":"Hill Power","repd_ref":"5248","repd_technology":"Wind Onshore","status":"Planning Permission Expired","technology":"wind_onshore"},"type":"Feature"},{"geometry":{"coordinates":[-1.2000397,52.7754656],"type":"Point"},"id":"GG2050-REPD-4038","properties":{"capacity_mw":2.0,"gg_project_id":"GG2050-REPD-4038","name":"DeWind Wind Turbine","operator":"DeWind","repd_ref":"4038","repd_technology":"Wind Onshore","status":"Planning Permission Expired","technology":"wind_onshore"},"type":"Feature"},{"geometry":{"coordinates":[-2.7859504,53.8882561],"type":"Point"},"id":"GG2050-REPD-3078","properties":{"capacity_mw":2.0,"gg_project_id":"GG2050-REPD-3078","name":"Dewlay Cheese Wind Turbine","operator":"Dewlay Cheese Company","repd_ref":"3078","repd_technology":"Wind Onshore","status":"Operational","technology":"wind_onshore"},"type":"Feature"},{"geometry":{"coordinates":[-4.7395511,50.3639977],"type":"Point"},"id":"GG2050-REPD-3074","properties":{"capacity_mw":2.0,"gg_project_id":"GG2050-REPD-3074","name":"Eden Project","operator":"The Eden Project","repd_ref":"3074","repd_technology":"Wind Onshore","status":"Application Withdrawn","technology":"wind_onshore"},"type":"Feature"},{"geometry":{"coordinates":[0.1504491,51.5286792],"type":"Point"},"id":"GG2050-REPD-2683","properties":{"capacity_mw":2.0,"gg_project_id":"GG2050-REPD-2683","name":"Ford Motor Company Ltd (Extension)","operator":"Unknown","repd_ref":"2683","repd_technology":"Wind Onshore","status":"Operational","technology":"wind_onshore"},"type":"Feature"},{"geometry":{"coordinates":[-4.1098644,51.1409789],"type":"Point"},"id":"GG2050-REPD-4478","properties":{"capacity_mw":2.0,"gg_project_id":"GG2050-REPD-4478","name":"Fullabrook Farm Wind Turbine","operator":"Messrs N & K A Tucker","repd_ref":"4478","repd_technology":"Wind Onshore","status":"Application Withdrawn","technology":"wind_onshore"},"type":"Feature"},{"geometry":{"coordinates":[-3.3202567,56.0863611],"type":"Point"},"id":"GG2050-REPD-4088","properties":{"capacity_mw":2.0,"gg_project_id":"GG2050-REPD-4088","name":"Goathill Quarry Turbine","operator":"Collier Quarrying Group","repd_ref":"4088","repd_technology":"Wind Onshore","status":"Operational","technology":"wind_onshore"},"type":"Feature"},{"geometry":{"coordinates":[-0.9855264,51.4189975],"type":"Point"},"id":"GG2050-REPD-3210","properties":{"capacity_mw":2.0,"gg_project_id":"GG2050-REPD-3210","name":"Green Park","operator":"Ecotricity / Prudential","repd_ref":"3210","repd_technology":"Wind Onshore","status":"Operational","technology":"wind_onshore"},"type":"Feature"},{"geometry":{"coordinates":[-3.8635273,55.9298285],"type":"Point"},"id":"GG2050-REPD-6436","properties":{"capacity_mw":2.0,"gg_project_id":"GG2050-REPD-6436","name":"Greenhill Farm","operator":"Tamani","repd_ref":"6436","repd_technology":"Wind Onshore","status":"Application Withdrawn","technology":"wind_onshore"},"type":"Feature"},{"geometry":{"coordinates":[-0.0045897,52.5206713],"type":"Point"},"id":"GG2050-REPD-2821","properties":{"capacity_mw":2.0,"gg_project_id":"GG2050-REPD-2821","name":"Greenvale AP Wind Turbine","operator":"Greenvale AP","repd_ref":"2821","repd_technology":"Wind Onshore","status":"Revised","technology":"wind_onshore"},"type":"Feature"},{"geometry":{"coordinates":[-3.9575569,55.6558056],"type":"Point"},"id":"GG2050-REPD-7446","properties":{"capacity_mw":2.0,"gg_project_id":"GG2050-REPD-7446","name":"High Blackwoodyards Farm","operator":"HBY 2","repd_ref":"7446","repd_technology":"Wind Onshore","status":"Appeal Refused","technology":"wind_onshore"},"type":"Feature"},{"geometry":{"coordinates":[-0.1225571,51.8719525],"type":"Point"},"id":"GG2050-REPD-2805","properties":{"capacity_mw":2.0,"gg_project_id":"GG2050-REPD-2805","name":"High Elms Lane Turbine","operator":"R H Bott & Son Ltd","repd_ref":"2805","repd_technology":"Wind Onshore","status":"Application Refused","technology":"wind_onshore"},"type":"Feature"},{"geometry":{"coordinates":[-2.3932807,57.3761068],"type":"Point"},"id":"GG2050-REPD-4056","properties":{"capacity_mw":2.0,"gg_project_id":"GG2050-REPD-4056","name":"Hill of Easterton Extension","operator":"Mackies","repd_ref":"4056","repd_technology":"Wind Onshore","status":"Operational","technology":"wind_onshore"},"type":"Feature"},{"geometry":{"coordinates":[0.1331984,52.469785],"type":"Point"},"id":"GG2050-REPD-3604","properties":{"capacity_mw":2.0,"gg_project_id":"GG2050-REPD-3604","name":"Honey Hill","operator":"Wind Prospect","repd_ref":"3604","repd_technology":"Wind Onshore","status":"Application Withdrawn","technology":"wind_onshore"},"type":"Feature"},{"geometry":{"coordinates":[-2.7795396,54.0072179],"type":"Point"},"id":"GG2050-REPD-3803","properties":{"capacity_mw":2.0,"gg_project_id":"GG2050-REPD-3803","name":"Lancaster University (wind)","operator":"Lancaster University","repd_ref":"3803","repd_technology":"Wind Onshore","status":"Operational","technology":"wind_onshore"},"type":"Feature"},{"geometry":{"coordinates":[-2.4078013,51.1778545],"type":"Point"},"id":"GG2050-REPD-17620","properties":{"capacity_mw":2.0,"gg_project_id":"GG2050-REPD-17620","name":"Landmark Farm, Burts Hill To Nunney Catch Roundabout - Wind Turbine","operator":"Distgen Limited","repd_ref":"17620","repd_technology":"Wind Onshore","status":"Application Submitted","technology":"wind_onshore"},"type":"Feature"},{"geometry":{"coordinates":[1.5059543,52.4482809],"type":"Point"},"id":"GG2050-REPD-3638","properties":{"capacity_mw":2.0,"gg_project_id":"GG2050-REPD-3638","name":"Laurels Farm","operator":"Stamford Renewable Power","repd_ref":"3638","repd_technology":"Wind Onshore","status":"Planning Permission Expired","technology":"wind_onshore"},"type":"Feature"},{"geometry":{"coordinates":[0.0893025,52.573098],"type":"Point"},"id":"GG2050-REPD-3101","properties":{"capacity_mw":2.0,"gg_project_id":"GG2050-REPD-3101","name":"Long Hill Road","operator":"Snow Mountain Investment Ltd","repd_ref":"3101","repd_technology":"Wind Onshore","status":"Operational","technology":"wind_onshore"},"type":"Feature"},{"geometry":{"coordinates":[-1.5177408,52.9165725],"type":"Point"},"id":"GG2050-REPD-3046","properties":{"capacity_mw":2.0,"gg_project_id":"GG2050-REPD-3046","name":"Manor Park","operator":"South Derbyshire Community Health Care Trust","repd_ref":"3046","repd_technology":"Wind Onshore","status":"Application Withdrawn","technology":"wind_onshore"},"type":"Feature"},{"geometry":{"coordinates":[0.1214783,52.5713389],"type":"Point"},"id":"GG2050-REPD-2875","properties":{"capacity_mw":2.0,"gg_project_id":"GG2050-REPD-2875","name":"MARCH SEWAGE TREATMENT WORKS - WIND TURBINE","operator":"TCI Renewables","repd_ref":"2875","repd_technology":"Wind Onshore","status":"Operational","technology":"wind_onshore"},"type":"Feature"},{"geometry":{"coordinates":[-1.6495061,53.7414967],"type":"Point"},"id":"GG2050-REPD-3675","properties":{"capacity_mw":2.0,"gg_project_id":"GG2050-REPD-3675","name":"Mars Petcare","operator":"Unknown","repd_ref":"3675","repd_technology":"Wind Onshore","status":"Abandoned","technology":"wind_onshore"},"type":"Feature"},{"geometry":{"coordinates":[-1.5628388,51.4804319],"type":"Point"},"id":"GG2050-REPD-3022","properties":{"capacity_mw":2.0,"gg_project_id":"GG2050-REPD-3022","name":"Membury","operator":"Energy4All","repd_ref":"3022","repd_technology":"Wind Onshore","status":"Application Refused","technology":"wind_onshore"},"type":"Feature"},{"geometry":{"coordinates":[-1.4807597,54.9138863],"type":"Point"},"id":"GG2050-REPD-3964","properties":{"capacity_mw":2.0,"gg_project_id":"GG2050-REPD-3964","name":"Nissan Motors Plant Extn","operator":"TNEI Services Ltd","repd_ref":"3964","repd_technology":"Wind Onshore","status":"Operational","technology":"wind_onshore"},"type":"Feature"},{"geometry":{"coordinates":[-1.496837,54.7314373],"type":"Point"},"id":"GG2050-REPD-3145","properties":{"capacity_mw":2.0,"gg_project_id":"GG2050-REPD-3145","name":"Old Quarrington (A)","operator":"Eco-Energy Group","repd_ref":"3145","repd_technology":"Wind Onshore","status":"Application Refused","technology":"wind_onshore"},"type":"Feature"},{"geometry":{"coordinates":[-1.496837,54.7314373],"type":"Point"},"id":"GG2050-REPD-3174","properties":{"capacity_mw":2.0,"gg_project_id":"GG2050-REPD-3174","name":"Old Quarrington (B)","operator":"Eco-Energy Group","repd_ref":"3174","repd_technology":"Wind Onshore","status":"Application Refused","technology":"wind_onshore"},"type":"Feature"},{"geometry":{"coordinates":[-1.6292672,53.5756301],"type":"Point"},"id":"GG2050-REPD-2954","properties":{"capacity_mw":2.0,"gg_project_id":"GG2050-REPD-2954","name":"Pool Hill","operator":"H Buckley & Sons Ltd","repd_ref":"2954","repd_technology":"Wind Onshore","status":"Application Withdrawn","technology":"wind_onshore"},"type":"Feature"},{"geometry":{"coordinates":[-1.7102952,53.7647941],"type":"Point"},"id":"GG2050-REPD-2985","properties":{"capacity_mw":2.0,"gg_project_id":"GG2050-REPD-2985","name":"Princes Soft Drinks Distribution","operator":"Princes soft drinks distribution","repd_ref":"2985","repd_technology":"Wind Onshore","status":"Application Refused","technology":"wind_onshore"},"type":"Feature"},{"geometry":{"coordinates":[0.5330102,50.8813645],"type":"Point"},"id":"GG2050-REPD-3720","properties":{"capacity_mw":2.0,"gg_project_id":"GG2050-REPD-3720","name":"Queensway South","operator":"Stiles Harold Williams Ltd","repd_ref":"3720","repd_technology":"Wind Onshore","status":"Planning Permission Expired","technology":"wind_onshore"},"type":"Feature"},{"geometry":{"coordinates":[-1.215598,52.4211299],"type":"Point"},"id":"GG2050-REPD-4499","properties":{"capacity_mw":2.0,"gg_project_id":"GG2050-REPD-4499","name":"Redland Roof Tiles Ltd","operator":"Infinite Renewables Limited","repd_ref":"4499","repd_technology":"Wind Onshore","status":"Application Refused","technology":"wind_onshore"},"type":"Feature"},{"geometry":{"coordinates":[-0.0542028,52.2044949],"type":"Point"},"id":"GG2050-REPD-3162","properties":{"capacity_mw":2.0,"gg_project_id":"GG2050-REPD-3162","name":"Rockery Farm","operator":"Private Developer","repd_ref":"3162","repd_technology":"Wind Onshore","status":"Abandoned","technology":"wind_onshore"},"type":"Feature"},{"geometry":{"coordinates":[-2.2574162,50.7548436],"type":"Point"},"id":"GG2050-REPD-18545","properties":{"capacity_mw":2.0,"gg_project_id":"GG2050-REPD-18545","name":"Rogers Hill Farm -Wind Turbine Repowering","operator":"Distributed Generation Limited","repd_ref":"18545","repd_technology":"Wind Onshore","status":"Application Submitted","technology":"wind_onshore"},"type":"Feature"},{"geometry":{"coordinates":[-4.2866962,50.9727548],"type":"Point"},"id":"GG2050-REPD-3054","properties":{"capacity_mw":2.0,"gg_project_id":"GG2050-REPD-3054","name":"Sedborough Farm","operator":"Parkham Farms and Power Ltd","repd_ref":"3054","repd_technology":"Wind Onshore","status":"Application Withdrawn","technology":"wind_onshore"},"type":"Feature"},{"geometry":{"coordinates":[-7.4859747,54.5919986],"type":"Point"},"id":"GG2050-REPD-14132","properties":{"capacity_mw":2.0,"gg_project_id":"GG2050-REPD-14132","name":"Segully Road, Drumquin - Wind Turbine","operator":"Segully Energy Limited","repd_ref":"14132","repd_technology":"Wind Onshore","status":"Awaiting Construction","technology":"wind_onshore"},"type":"Feature"},{"geometry":{"coordinates":[-2.4809346,51.7229717],"type":"Point"},"id":"GG2050-REPD-3734","properties":{"capacity_mw":2.0,"gg_project_id":"GG2050-REPD-3734","name":"Sharpness Docks","operator":"Partnerships for Renewables/AGR","repd_ref":"3734","repd_technology":"Wind Onshore","status":"Operational","technology":"wind_onshore"},"type":"Feature"},{"geometry":{"coordinates":[-1.3010661,54.7078117],"type":"Point"},"id":"GG2050-REPD-3813","properties":{"capacity_mw":2.0,"gg_project_id":"GG2050-REPD-3813","name":"Sheraton Wind Farm (Hartlepool)","operator":"EDF Energy Renewables","repd_ref":"3813","repd_technology":"Wind Onshore","status":"Abandoned","technology":"wind_onshore"},"type":"Feature"},{"geometry":{"coordinates":[-2.58344,51.2543694],"type":"Point"},"id":"GG2050-REPD-3161","properties":{"capacity_mw":2.0,"gg_project_id":"GG2050-REPD-3161","name":"Shooters Bottom Wind Park","operator":"Ecotricity","repd_ref":"3161","repd_technology":"Wind Onshore","status":"Operational","technology":"wind_onshore"},"type":"Feature"},{"geometry":{"coordinates":[0.1232914,52.5697689],"type":"Point"},"id":"GG2050-REPD-3741","properties":{"capacity_mw":2.0,"gg_project_id":"GG2050-REPD-3741","name":"Stags Holt Extension","operator":"E.ON UK","repd_ref":"3741","repd_technology":"Wind Onshore","status":"Operational","technology":"wind_onshore"},"type":"Feature"},{"geometry":{"coordinates":[-4.1200521,55.6064869],"type":"Point"},"id":"GG2050-REPD-5876","properties":{"capacity_mw":2.0,"gg_project_id":"GG2050-REPD-5876","name":"Stoney Hill Farm","operator":"Private Developer","repd_ref":"5876","repd_technology":"Wind Onshore","status":"Planning Permission Expired","technology":"wind_onshore"},"type":"Feature"},{"geometry":{"coordinates":[-5.6692919,55.4918737],"type":"Point"},"id":"GG2050-REPD-3916","properties":{"capacity_mw":2.0,"gg_project_id":"GG2050-REPD-3916","name":"Tangy Farm Wind Turbine","operator":"Private Developer","repd_ref":"3916","repd_technology":"Wind Onshore","status":"Application Withdrawn","technology":"wind_onshore"},"type":"Feature"},{"geometry":{"coordinates":[-4.0243963,51.6363338],"type":"Point"},"id":"GG2050-REPD-3282","properties":{"capacity_mw":2.0,"gg_project_id":"GG2050-REPD-3282","name":"Timet UK","operator":"Timet UK","repd_ref":"3282","repd_technology":"Wind Onshore","status":"Application Refused","technology":"wind_onshore"},"type":"Feature"},{"geometry":{"coordinates":[-5.11693,50.3946982],"type":"Point"},"id":"GG2050-REPD-2809","properties":{"capacity_mw":2.0,"gg_project_id":"GG2050-REPD-2809","name":"Treworgans Wind Turbine","operator":"Private Developer","repd_ref":"2809","repd_technology":"Wind Onshore","status":"Appeal Refused","technology":"wind_onshore"},"type":"Feature"},{"geometry":{"coordinates":[-0.4366259,53.2616513],"type":"Point"},"id":"GG2050-REPD-3197","properties":{"capacity_mw":2.0,"gg_project_id":"GG2050-REPD-3197","name":"Welton Gathering Centre","operator":"Star Energy","repd_ref":"3197","repd_technology":"Wind Onshore","status":"Application Withdrawn","technology":"wind_onshore"},"type":"Feature"},{"geometry":{"coordinates":[-3.1230926,58.8269694],"type":"Point"},"id":"GG2050-REPD-2742","properties":{"capacity_mw":2.0,"gg_project_id":"GG2050-REPD-2742","name":"West Hill, Flotta","operator":"Scotrenewables (Scotland) Ltd","repd_ref":"2742","repd_technology":"Wind Onshore","status":"Operational","technology":"wind_onshore"},"type":"Feature"},{"geometry":{"coordinates":[-5.1249441,50.2400167],"type":"Point"},"id":"GG2050-REPD-3740","properties":{"capacity_mw":2.0,"gg_project_id":"GG2050-REPD-3740","name":"Wheal Jane Sustainability Wind Farm","operator":"Partnerships for Renewables","repd_ref":"3740","repd_technology":"Wind Onshore","status":"Appeal Refused","technology":"wind_onshore"},"type":"Feature"},{"geometry":{"coordinates":[-7.5081305,54.7541502],"type":"Point"},"id":"GG2050-REPD-3712","properties":{"capacity_mw":2.0,"gg_project_id":"GG2050-REPD-3712","name":"Whisker Hill","operator":"Tyrone Wind Energy Ltd","repd_ref":"3712","repd_technology":"Wind Onshore","status":"Application Refused","technology":"wind_onshore"},"type":"Feature"},{"geometry":{"coordinates":[-1.0757462,53.2997523],"type":"Point"},"id":"GG2050-REPD-3510","properties":{"capacity_mw":2.0,"gg_project_id":"GG2050-REPD-3510","name":"Worksop - B&Q","operator":"Ecotricity","repd_ref":"3510","repd_technology":"Wind Onshore","status":"Operational","technology":"wind_onshore"},"type":"Feature"},{"geometry":{"coordinates":[-2.271024,53.0019102],"type":"Point"},"id":"GG2050-REPD-7312","properties":{"capacity_mw":1.9,"gg_project_id":"GG2050-REPD-7312","name":"The Low Carbon Energy Generation Project at Keele University","operator":"Keele University","repd_ref":"7312","repd_technology":"Wind Onshore","status":"Operational","technology":"wind_onshore"},"type":"Feature"},{"geometry":{"coordinates":[-2.7156495,58.9217186],"type":"Point"},"id":"GG2050-REPD-3902","properties":{"capacity_mw":1.8,"gg_project_id":"GG2050-REPD-3902","name":"Barns of Ayre Wind Turbines (2)","operator":"Ayre Energy/Aquatera Ltd","repd_ref":"3902","repd_technology":"Wind Onshore","status":"Operational","technology":"wind_onshore"},"type":"Feature"},{"geometry":{"coordinates":[0.5920844,52.9357567],"type":"Point"},"id":"GG2050-REPD-3150","properties":{"capacity_mw":1.8,"gg_project_id":"GG2050-REPD-3150","name":"Choseley Farm","operator":"Parker Farms of Leicester / National Wind Power","repd_ref":"3150","repd_technology":"Wind Onshore","status":"Application Withdrawn","technology":"wind_onshore"},"type":"Feature"},{"geometry":{"coordinates":[-3.0972523,58.8412475],"type":"Point"},"id":"GG2050-REPD-4678","properties":{"capacity_mw":1.8,"gg_project_id":"GG2050-REPD-4678","name":"Flotta","operator":"Scotwind (Scottish Renewables)","repd_ref":"4678","repd_technology":"Wind Onshore","status":"Operational","technology":"wind_onshore"},"type":"Feature"},{"geometry":{"coordinates":[-2.003878,57.6926076],"type":"Point"},"id":"GG2050-REPD-3910","properties":{"capacity_mw":1.8,"gg_project_id":"GG2050-REPD-3910","name":"Fraserburgh Harbour Wind Turbines","operator":"Fraserburgh Harbour Commissioners","repd_ref":"3910","repd_technology":"Wind Onshore","status":"Application Withdrawn","technology":"wind_onshore"},"type":"Feature"},{"geometry":{"coordinates":[-2.9821832,59.276563],"type":"Point"},"id":"GG2050-REPD-3693","properties":{"capacity_mw":1.8,"gg_project_id":"GG2050-REPD-3693","name":"Gallowhill","operator":"Private Developer","repd_ref":"3693","repd_technology":"Wind Onshore","status":"Operational","technology":"wind_onshore"},"type":"Feature"},{"geometry":{"coordinates":[-0.7214917,53.8497967],"type":"Point"},"id":"GG2050-REPD-3767","properties":{"capacity_mw":1.8,"gg_project_id":"GG2050-REPD-3767","name":"Gallymoor Landfill Site","operator":"FCC Environment","repd_ref":"3767","repd_technology":"Wind Onshore","status":"Awaiting Construction","technology":"wind_onshore"},"type":"Feature"},{"geometry":{"coordinates":[-3.2007686,53.2896704],"type":"Point"},"id":"GG2050-REPD-4790","properties":{"capacity_mw":1.8,"gg_project_id":"GG2050-REPD-4790","name":"Kingspan","operator":"Kingspan","repd_ref":"4790","repd_technology":"Wind Onshore","status":"Operational","technology":"wind_onshore"},"type":"Feature"},{"geometry":{"coordinates":[-1.989004,55.0865396],"type":"Point"},"id":"GG2050-REPD-2587","properties":{"capacity_mw":1.8,"gg_project_id":"GG2050-REPD-2587","name":"Kirkheaton Wind Farm","operator":"Border Wind Farms Ltd /AMEC","repd_ref":"2587","repd_technology":"Wind Onshore","status":"Operational","technology":"wind_onshore"},"type":"Feature"},{"geometry":{"coordinates":[-6.7987305,58.2116039],"type":"Point"},"id":"GG2050-REPD-3820","properties":{"capacity_mw":1.8,"gg_project_id":"GG2050-REPD-3820","name":"Kirkibost Wind Farm","operator":"Private Developer","repd_ref":"3820","repd_technology":"Wind Onshore","status":"Application Refused","technology":"wind_onshore"},"type":"Feature"},{"geometry":{"coordinates":[-7.3294879,57.5597007],"type":"Point"},"id":"GG2050-REPD-3922","properties":{"capacity_mw":1.8,"gg_project_id":"GG2050-REPD-3922","name":"Locheport wind turbines","operator":"North Uist Development Company","repd_ref":"3922","repd_technology":"Wind Onshore","status":"Application Refused","technology":"wind_onshore"},"type":"Feature"},{"geometry":{"coordinates":[-4.2790441,55.6918581],"type":"Point"},"id":"GG2050-REPD-3090","properties":{"capacity_mw":1.8,"gg_project_id":"GG2050-REPD-3090","name":"Myres Hill","operator":"National Energy Laboratories (NEL)","repd_ref":"3090","repd_technology":"Wind Onshore","status":"Operational","technology":"wind_onshore"},"type":"Feature"},{"geometry":{"coordinates":[0.010647,53.6479033],"type":"Point"},"id":"GG2050-REPD-3521","properties":{"capacity_mw":1.8,"gg_project_id":"GG2050-REPD-3521","name":"Outstray Farm Wind Project","operator":"Farm Energy (The Wind Company Ltd)","repd_ref":"3521","repd_technology":"Wind Onshore","status":"Application Withdrawn","technology":"wind_onshore"},"type":"Feature"},{"geometry":{"coordinates":[-3.1598463,51.6941239],"type":"Point"},"id":"GG2050-REPD-6571","properties":{"capacity_mw":1.8,"gg_project_id":"GG2050-REPD-6571","name":"Pen-Y-Fan Industrial Estate","operator":"Sirius Renewable Energy","repd_ref":"6571","repd_technology":"Wind Onshore","status":"Application Refused","technology":"wind_onshore"},"type":"Feature"},{"geometry":{"coordinates":[-4.6775657,55.9141055],"type":"Point"},"id":"GG2050-REPD-3085","properties":{"capacity_mw":1.8,"gg_project_id":"GG2050-REPD-3085","name":"Priestside Farm","operator":"Private Developer","repd_ref":"3085","repd_technology":"Wind Onshore","status":"Application Refused","technology":"wind_onshore"},"type":"Feature"},{"geometry":{"coordinates":[-0.1062975,52.4468883],"type":"Point"},"id":"GG2050-REPD-3155","properties":{"capacity_mw":1.8,"gg_project_id":"GG2050-REPD-3155","name":"Ramsey 1","operator":"REG Windpower","repd_ref":"3155","repd_technology":"Wind Onshore","status":"Operational","technology":"wind_onshore"},"type":"Feature"},{"geometry":{"coordinates":[0.7007017,52.6576819],"type":"Point"},"id":"GG2050-REPD-3159","properties":{"capacity_mw":1.8,"gg_project_id":"GG2050-REPD-3159","name":"Swaffham Plashes II","operator":"Ecotricity","repd_ref":"3159","repd_technology":"Wind Onshore","status":"Operational","technology":"wind_onshore"},"type":"Feature"},{"geometry":{"coordinates":[-2.9126148,58.9997266],"type":"Point"},"id":"GG2050-REPD-3892","properties":{"capacity_mw":1.8,"gg_project_id":"GG2050-REPD-3892","name":"Work Farm Wind Turbines","operator":"S & JD Robertson Group Ltd","repd_ref":"3892","repd_technology":"Wind Onshore","status":"Revised","technology":"wind_onshore"},"type":"Feature"},{"geometry":{"coordinates":[-2.9299839,58.9938373],"type":"Point"},"id":"GG2050-REPD-14057","properties":{"capacity_mw":1.8,"gg_project_id":"GG2050-REPD-14057","name":"Work Farm, Work Road - Wind Turbines","operator":"Birsay Energy Limited","repd_ref":"14057","repd_technology":"Wind Onshore","status":"Application Withdrawn","technology":"wind_onshore"},"type":"Feature"},{"geometry":{"coordinates":[-2.5427346,57.1432503],"type":"Point"},"id":"GG2050-REPD-14890","properties":{"capacity_mw":1.7,"gg_project_id":"GG2050-REPD-14890","name":"Auchorie Farm, Midmar - Wind Turbines","operator":"Private Developer","repd_ref":"14890","repd_technology":"Wind Onshore","status":"Revised","technology":"wind_onshore"},"type":"Feature"},{"geometry":{"coordinates":[-1.9172027,53.9624436],"type":"Point"},"id":"GG2050-REPD-3413","properties":{"capacity_mw":1.7,"gg_project_id":"GG2050-REPD-3413","name":"Chelker Reservoir Repower (Resubmission)","operator":"Kelda Water Services","repd_ref":"3413","repd_technology":"Wind Onshore","status":"Application Refused","technology":"wind_onshore"},"type":"Feature"},{"geometry":{"coordinates":[-6.3071064,54.7660529],"type":"Point"},"id":"GG2050-REPD-3716","properties":{"capacity_mw":1.7,"gg_project_id":"GG2050-REPD-3716","name":"Connaught Road","operator":"Lowlands Health & Energy Ltd","repd_ref":"3716","repd_technology":"Wind Onshore","status":"Operational","technology":"wind_onshore"},"type":"Feature"},{"geometry":{"coordinates":[-3.3054688,51.7317272],"type":"Point"},"id":"GG2050-REPD-3949","properties":{"capacity_mw":1.7,"gg_project_id":"GG2050-REPD-3949","name":"Fochriw Wind","operator":"Eco2","repd_ref":"3949","repd_technology":"Wind Onshore","status":"Application Withdrawn","technology":"wind_onshore"},"type":"Feature"},{"geometry":{"coordinates":[-2.3512017,56.8382221],"type":"Point"},"id":"GG2050-REPD-4137","properties":{"capacity_mw":1.7,"gg_project_id":"GG2050-REPD-4137","name":"Greenleys","operator":"Private Developer","repd_ref":"4137","repd_technology":"Wind Onshore","status":"Application Withdrawn","technology":"wind_onshore"},"type":"Feature"},{"geometry":{"coordinates":[-2.2410408,57.4723713],"type":"Point"},"id":"GG2050-REPD-2758","properties":{"capacity_mw":1.7,"gg_project_id":"GG2050-REPD-2758","name":"Hill of Balquhindachy extension","operator":"Private Developer","repd_ref":"2758","repd_technology":"Wind Onshore","status":"Operational","technology":"wind_onshore"},"type":"Feature"},{"geometry":{"coordinates":[-6.861691,56.519463],"type":"Point"},"id":"GG2050-REPD-2696","properties":{"capacity_mw":1.7,"gg_project_id":"GG2050-REPD-2696","name":"Hillcrest Farm","operator":"Private Developer","repd_ref":"2696","repd_technology":"Wind Onshore","status":"Application Withdrawn","technology":"wind_onshore"},"type":"Feature"},{"geometry":{"coordinates":[-4.1196037,55.5301726],"type":"Point"},"id":"GG2050-REPD-3639","properties":{"capacity_mw":1.7,"gg_project_id":"GG2050-REPD-3639","name":"Linburn Farm","operator":"Private Developer","repd_ref":"3639","repd_technology":"Wind Onshore","status":"Planning Permission Expired","technology":"wind_onshore"},"type":"Feature"},{"geometry":{"coordinates":[-4.1196037,55.5301726],"type":"Point"},"id":"GG2050-REPD-3640","properties":{"capacity_mw":1.7,"gg_project_id":"GG2050-REPD-3640","name":"Linburn Farm (resubmission)","operator":"Private Developer","repd_ref":"3640","repd_technology":"Wind Onshore","status":"Revised","technology":"wind_onshore"},"type":"Feature"},{"geometry":{"coordinates":[-5.1316459,50.1772787],"type":"Point"},"id":"GG2050-REPD-3233","properties":{"capacity_mw":1.7,"gg_project_id":"GG2050-REPD-3233","name":"Roskrow Wind Turbines","operator":"REG Windpower (previously Cornwall Light and Power)","repd_ref":"3233","repd_technology":"Wind Onshore","status":"Operational","technology":"wind_onshore"},"type":"Feature"},{"geometry":{"coordinates":[-0.234828,53.7517544],"type":"Point"},"id":"GG2050-REPD-3807","properties":{"capacity_mw":1.7,"gg_project_id":"GG2050-REPD-3807","name":"The Limes Wind Turbines","operator":"Broadview Energy","repd_ref":"3807","repd_technology":"Wind Onshore","status":"Operational","technology":"wind_onshore"},"type":"Feature"},{"geometry":{"coordinates":[-2.8752451,57.3233277],"type":"Point"},"id":"GG2050-REPD-3776","properties":{"capacity_mw":1.7,"gg_project_id":"GG2050-REPD-3776","name":"Upper Wheedlemont Farm","operator":"J & A Wilson Ltd","repd_ref":"3776","repd_technology":"Wind Onshore","status":"Operational","technology":"wind_onshore"},"type":"Feature"},{"geometry":{"coordinates":[-1.0477066,54.0541439],"type":"Point"},"id":"GG2050-REPD-21026","properties":{"capacity_mw":1.7,"gg_project_id":"GG2050-REPD-21026","name":"White Barn Farm, Station Road - Wind Turbines","operator":"J O Adams & Son Limited","repd_ref":"21026","repd_technology":"Wind Onshore","status":"Application Submitted","technology":"wind_onshore"},"type":"Feature"},{"geometry":{"coordinates":[-2.5427346,57.1432503],"type":"Point"},"id":"GG2050-REPD-20549","properties":{"capacity_mw":1.6,"gg_project_id":"GG2050-REPD-20549","name":"Auchorie Farm, Midmar - Wind Turbines","operator":"Private Developer","repd_ref":"20549","repd_technology":"Wind Onshore","status":"Application Submitted","technology":"wind_onshore"},"type":"Feature"},{"geometry":{"coordinates":[-6.3046599,54.7648446],"type":"Point"},"id":"GG2050-REPD-6572","properties":{"capacity_mw":1.6,"gg_project_id":"GG2050-REPD-6572","name":"Connaught Road","operator":"Connaught Wind","repd_ref":"6572","repd_technology":"Wind Onshore","status":"Appeal Refused","technology":"wind_onshore"},"type":"Feature"},{"geometry":{"coordinates":[-3.5257439,54.6088318],"type":"Point"},"id":"GG2050-REPD-6261","properties":{"capacity_mw":1.6,"gg_project_id":"GG2050-REPD-6261","name":"Dobies Business Park","operator":"Dobies Cumbria","repd_ref":"6261","repd_technology":"Wind Onshore","status":"Application Withdrawn","technology":"wind_onshore"},"type":"Feature"},{"geometry":{"coordinates":[-2.6219054,57.1570402],"type":"Point"},"id":"GG2050-REPD-4133","properties":{"capacity_mw":1.6,"gg_project_id":"GG2050-REPD-4133","name":"Easter Tolmauds","operator":"Frank A Smart & Son Ltd","repd_ref":"4133","repd_technology":"Wind Onshore","status":"Operational","technology":"wind_onshore"},"type":"Feature"},{"geometry":{"coordinates":[-1.325218,52.6398055],"type":"Point"},"id":"GG2050-REPD-4493","properties":{"capacity_mw":1.6,"gg_project_id":"GG2050-REPD-4493","name":"Halifax Farm","operator":"Wentworth and Harper","repd_ref":"4493","repd_technology":"Wind Onshore","status":"Operational","technology":"wind_onshore"},"type":"Feature"},{"geometry":{"coordinates":[-3.8841849,55.5575491],"type":"Point"},"id":"GG2050-REPD-3633","properties":{"capacity_mw":1.6,"gg_project_id":"GG2050-REPD-3633","name":"Hazelside farm","operator":"Mitchell Farming Partnerships (3R Energy)","repd_ref":"3633","repd_technology":"Wind Onshore","status":"Under Construction","technology":"wind_onshore"},"type":"Feature"},{"geometry":{"coordinates":[-2.4467248,56.9112312],"type":"Point"},"id":"GG2050-REPD-4005","properties":{"capacity_mw":1.6,"gg_project_id":"GG2050-REPD-4005","name":"Herscha Wind energy Project (Extension)","operator":"Orkney Sustainable Energy","repd_ref":"4005","repd_technology":"Wind Onshore","status":"Planning Permission Expired","technology":"wind_onshore"},"type":"Feature"},{"geometry":{"coordinates":[-3.985693,55.7122957],"type":"Point"},"id":"GG2050-REPD-5744","properties":{"capacity_mw":1.6,"gg_project_id":"GG2050-REPD-5744","name":"Kittymuir Farm","operator":"West Coast Wind","repd_ref":"5744","repd_technology":"Wind Onshore","status":"Planning Permission Expired","technology":"wind_onshore"},"type":"Feature"},{"geometry":{"coordinates":[-5.0007643,51.7744577],"type":"Point"},"id":"GG2050-REPD-4483","properties":{"capacity_mw":1.6,"gg_project_id":"GG2050-REPD-4483","name":"Lawrence Landfill","operator":"Wind Energy Direct","repd_ref":"4483","repd_technology":"Wind Onshore","status":"Operational","technology":"wind_onshore"},"type":"Feature"},{"geometry":{"coordinates":[-2.5670205,57.4566217],"type":"Point"},"id":"GG2050-REPD-5724","properties":{"capacity_mw":1.6,"gg_project_id":"GG2050-REPD-5724","name":"Logie Newton Wind Farm","operator":"Muirden Energy","repd_ref":"5724","repd_technology":"Wind Onshore","status":"Appeal Refused","technology":"wind_onshore"},"type":"Feature"},{"geometry":{"coordinates":[-2.8425404,57.5989778],"type":"Point"},"id":"GG2050-REPD-3804","properties":{"capacity_mw":1.6,"gg_project_id":"GG2050-REPD-3804","name":"Myreton Crossroads","operator":"Seren Energy","repd_ref":"3804","repd_technology":"Wind Onshore","status":"Operational","technology":"wind_onshore"},"type":"Feature"},{"geometry":{"coordinates":[-2.4240054,57.4403594],"type":"Point"},"id":"GG2050-REPD-6398","properties":{"capacity_mw":1.6,"gg_project_id":"GG2050-REPD-6398","name":"North Haddo","operator":"Green Cat Renewables","repd_ref":"6398","repd_technology":"Wind Onshore","status":"Planning Permission Expired","technology":"wind_onshore"},"type":"Feature"},{"geometry":{"coordinates":[-2.0091012,57.5876401],"type":"Point"},"id":"GG2050-REPD-2965","properties":{"capacity_mw":1.6,"gg_project_id":"GG2050-REPD-2965","name":"North Red Bog","operator":"Green Cat Renewables","repd_ref":"2965","repd_technology":"Wind Onshore","status":"Operational","technology":"wind_onshore"},"type":"Feature"},{"geometry":{"coordinates":[-3.002707,54.8660477],"type":"Point"},"id":"GG2050-REPD-5992","properties":{"capacity_mw":1.6,"gg_project_id":"GG2050-REPD-5992","name":"Orton Park - Extension","operator":"Private Developer","repd_ref":"5992","repd_technology":"Wind Onshore","status":"Appeal Refused","technology":"wind_onshore"},"type":"Feature"},{"geometry":{"coordinates":[-3.0067063,54.8689713],"type":"Point"},"id":"GG2050-REPD-3359","properties":{"capacity_mw":1.6,"gg_project_id":"GG2050-REPD-3359","name":"Orton Park Farm","operator":"Orton Park Wind Energy","repd_ref":"3359","repd_technology":"Wind Onshore","status":"Operational","technology":"wind_onshore"},"type":"Feature"},{"geometry":{"coordinates":[-4.6844237,51.7719505],"type":"Point"},"id":"GG2050-REPD-3378","properties":{"capacity_mw":1.6,"gg_project_id":"GG2050-REPD-3378","name":"Princes Gate Spring Water","operator":"Princes Gate Spring Water","repd_ref":"3378","repd_technology":"Wind Onshore","status":"Operational","technology":"wind_onshore"},"type":"Feature"},{"geometry":{"coordinates":[-2.0951871,57.4213203],"type":"Point"},"id":"GG2050-REPD-8138","properties":{"capacity_mw":1.6,"gg_project_id":"GG2050-REPD-8138","name":"Skelmonae Wind Farm Extension","operator":"Cardinghill Renewables","repd_ref":"8138","repd_technology":"Wind Onshore","status":"Application Submitted","technology":"wind_onshore"},"type":"Feature"},{"geometry":{"coordinates":[-5.1809748,56.0110616],"type":"Point"},"id":"GG2050-REPD-5556","properties":{"capacity_mw":1.6,"gg_project_id":"GG2050-REPD-5556","name":"Stronafian Community Forest Wind Turbines","operator":"Colintraive and Glendarual Development Trust","repd_ref":"5556","repd_technology":"Wind Onshore","status":"Application Refused","technology":"wind_onshore"},"type":"Feature"},{"geometry":{"coordinates":[-4.1964719,57.3600803],"type":"Point"},"id":"GG2050-REPD-4814","properties":{"capacity_mw":1.6,"gg_project_id":"GG2050-REPD-4814","name":"Tomfat","operator":"P & L Turbines","repd_ref":"4814","repd_technology":"Wind Onshore","status":"Application Refused","technology":"wind_onshore"},"type":"Feature"},{"geometry":{"coordinates":[-0.6329888,51.8939969],"type":"Point"},"id":"GG2050-REPD-15463","properties":{"capacity_mw":1.5,"gg_project_id":"GG2050-REPD-15463","name":"Astral Green - Wind Turbine, Solar Array & Battery Energy Storage System","operator":"Arnold White Estates Limited","repd_ref":"15463","repd_technology":"Wind Onshore","status":"Awaiting Construction","technology":"wind_onshore"},"type":"Feature"},{"geometry":{"coordinates":[1.2927627,51.2026553],"type":"Point"},"id":"GG2050-REPD-3372","properties":{"capacity_mw":1.5,"gg_project_id":"GG2050-REPD-3372","name":"Barville Farm Wind Turbine","operator":"Renewable Energy Systems (RES)","repd_ref":"3372","repd_technology":"Wind Onshore","status":"Appeal Refused","technology":"wind_onshore"},"type":"Feature"},{"geometry":{"coordinates":[1.0042149,51.8630897],"type":"Point"},"id":"GG2050-REPD-2694","properties":{"capacity_mw":1.5,"gg_project_id":"GG2050-REPD-2694","name":"Blue Gates Farm","operator":"M H Leyland Ltd","repd_ref":"2694","repd_technology":"Wind Onshore","status":"Operational","technology":"wind_onshore"},"type":"Feature"},{"geometry":{"coordinates":[-1.2793182,52.174164],"type":"Point"},"id":"GG2050-REPD-3732","properties":{"capacity_mw":1.5,"gg_project_id":"GG2050-REPD-3732","name":"Boddington Reservoir","operator":"Unknown","repd_ref":"3732","repd_technology":"Wind Onshore","status":"Operational","technology":"wind_onshore"},"type":"Feature"},{"geometry":{"coordinates":[-3.4987867,53.0175107],"type":"Point"},"id":"GG2050-REPD-6033","properties":{"capacity_mw":1.5,"gg_project_id":"GG2050-REPD-6033","name":"Bodtegir","operator":"Clean Earth Energy","repd_ref":"6033","repd_technology":"Wind Onshore","status":"Operational","technology":"wind_onshore"},"type":"Feature"},{"geometry":{"coordinates":[-2.7466858,56.2594378],"type":"Point"},"id":"GG2050-REPD-3370","properties":{"capacity_mw":1.5,"gg_project_id":"GG2050-REPD-3370","name":"Bonerbo Wind Turbines","operator":"Messrs Stevenson, Watson and Brunton","repd_ref":"3370","repd_technology":"Wind Onshore","status":"Operational","technology":"wind_onshore"},"type":"Feature"},{"geometry":{"coordinates":[1.5299138,52.4974862],"type":"Point"},"id":"GG2050-REPD-2550","properties":{"capacity_mw":1.5,"gg_project_id":"GG2050-REPD-2550","name":"Brundish Wind Turbine","operator":"Western Windpower / Ecotricity","repd_ref":"2550","repd_technology":"Wind Onshore","status":"Application Refused","technology":"wind_onshore"},"type":"Feature"},{"geometry":{"coordinates":[-2.4177059,57.6313136],"type":"Point"},"id":"GG2050-REPD-4136","properties":{"capacity_mw":1.5,"gg_project_id":"GG2050-REPD-4136","name":"Cairnandrew","operator":"Inicio-Fresco","repd_ref":"4136","repd_technology":"Wind Onshore","status":"Revised","technology":"wind_onshore"},"type":"Feature"},{"geometry":{"coordinates":[-2.4177059,57.6313136],"type":"Point"},"id":"GG2050-REPD-6249","properties":{"capacity_mw":1.5,"gg_project_id":"GG2050-REPD-6249","name":"Cairnandrew Wind Farm","operator":"1 Stop Renewables/King Edward Community Services","repd_ref":"6249","repd_technology":"Wind Onshore","status":"Revised","technology":"wind_onshore"},"type":"Feature"},{"geometry":{"coordinates":[-2.1032754,57.4201103],"type":"Point"},"id":"GG2050-REPD-6519","properties":{"capacity_mw":1.5,"gg_project_id":"GG2050-REPD-6519","name":"Cardinghill Wind Turbine","operator":"Cardinghill Renewables","repd_ref":"6519","repd_technology":"Wind Onshore","status":"Revised","technology":"wind_onshore"},"type":"Feature"},{"geometry":{"coordinates":[-1.7291909,55.4790527],"type":"Point"},"id":"GG2050-REPD-4135","properties":{"capacity_mw":1.5,"gg_project_id":"GG2050-REPD-4135","name":"Charlton Mires","operator":"Redpath Energy Limited","repd_ref":"4135","repd_technology":"Wind Onshore","status":"Application Refused","technology":"wind_onshore"},"type":"Feature"},{"geometry":{"coordinates":[-2.6813193,57.3590942],"type":"Point"},"id":"GG2050-REPD-2882","properties":{"capacity_mw":1.5,"gg_project_id":"GG2050-REPD-2882","name":"Coldhome Wind Turbines","operator":"Private Developer","repd_ref":"2882","repd_technology":"Wind Onshore","status":"Application Withdrawn","technology":"wind_onshore"},"type":"Feature"},{"geometry":{"coordinates":[-3.650677,55.8872425],"type":"Point"},"id":"GG2050-REPD-3086","properties":{"capacity_mw":1.5,"gg_project_id":"GG2050-REPD-3086","name":"Cowdenhead Wind Turbines","operator":"WhiteRock Energy UK Ltd","repd_ref":"3086","repd_technology":"Wind Onshore","status":"Application Refused","technology":"wind_onshore"},"type":"Feature"},{"geometry":{"coordinates":[-4.0684809,56.0454529],"type":"Point"},"id":"GG2050-REPD-6318","properties":{"capacity_mw":1.5,"gg_project_id":"GG2050-REPD-6318","name":"Craigannet Farm Wind Turbine","operator":"Clean Earth Energy","repd_ref":"6318","repd_technology":"Wind Onshore","status":"Operational","technology":"wind_onshore"},"type":"Feature"},{"geometry":{"coordinates":[-3.3920537,56.101279],"type":"Point"},"id":"GG2050-REPD-4317","properties":{"capacity_mw":1.5,"gg_project_id":"GG2050-REPD-4317","name":"Cuddyhouse Road","operator":"Midland Solar Grid","repd_ref":"4317","repd_technology":"Wind Onshore","status":"Application Withdrawn","technology":"wind_onshore"},"type":"Feature"},{"geometry":{"coordinates":[-3.3211421,51.7468019],"type":"Point"},"id":"GG2050-REPD-6301","properties":{"capacity_mw":1.5,"gg_project_id":"GG2050-REPD-6301","name":"Cwmbargoed Disposal Point","operator":"Clean Earth","repd_ref":"6301","repd_technology":"Wind Onshore","status":"Appeal Refused","technology":"wind_onshore"},"type":"Feature"},{"geometry":{"coordinates":[-0.6343281,51.9519082],"type":"Point"},"id":"GG2050-REPD-4295","properties":{"capacity_mw":1.5,"gg_project_id":"GG2050-REPD-4295","name":"Double Arches Quarry Wind Turbine","operator":"Arnold White Estates (AWE Renewables)","repd_ref":"4295","repd_technology":"Wind Onshore","status":"Operational","technology":"wind_onshore"},"type":"Feature"},{"geometry":{"coordinates":[-3.7790577,55.9015754],"type":"Point"},"id":"GG2050-REPD-4911","properties":{"capacity_mw":1.5,"gg_project_id":"GG2050-REPD-4911","name":"Drumelzie","operator":"Muirhall Energy (formerly Infinis)","repd_ref":"4911","repd_technology":"Wind Onshore","status":"Planning Permission Expired","technology":"wind_onshore"},"type":"Feature"},{"geometry":{"coordinates":[-2.5301485,57.4158477],"type":"Point"},"id":"GG2050-REPD-4918","properties":{"capacity_mw":1.5,"gg_project_id":"GG2050-REPD-4918","name":"East Redhill Farms","operator":"ClearWinds","repd_ref":"4918","repd_technology":"Wind Onshore","status":"Application Withdrawn","technology":"wind_onshore"},"type":"Feature"},{"geometry":{"coordinates":[-2.4175069,57.6606507],"type":"Point"},"id":"GG2050-REPD-3819","properties":{"capacity_mw":1.5,"gg_project_id":"GG2050-REPD-3819","name":"Easter Melrose Wind Energy Project","operator":"Melrose Farms","repd_ref":"3819","repd_technology":"Wind Onshore","status":"Operational","technology":"wind_onshore"},"type":"Feature"},{"geometry":{"coordinates":[-3.4443348,56.0539801],"type":"Point"},"id":"GG2050-REPD-2704","properties":{"capacity_mw":1.5,"gg_project_id":"GG2050-REPD-2704","name":"F M C Land, Pitreavie Business Park","operator":"FMC Corp UK Ltd","repd_ref":"2704","repd_technology":"Wind Onshore","status":"Operational","technology":"wind_onshore"},"type":"Feature"},{"geometry":{"coordinates":[-2.8718995,54.0379243],"type":"Point"},"id":"GG2050-REPD-3792","properties":{"capacity_mw":1.5,"gg_project_id":"GG2050-REPD-3792","name":"Fanny House Farm/Heysham Moss","operator":"Blue Energy","repd_ref":"3792","repd_technology":"Wind Onshore","status":"Operational","technology":"wind_onshore"},"type":"Feature"},{"geometry":{"coordinates":[-2.4178194,55.914843],"type":"Point"},"id":"GG2050-REPD-6388","properties":{"capacity_mw":1.5,"gg_project_id":"GG2050-REPD-6388","name":"Ferneylea Farm","operator":"CBK Galbraith","repd_ref":"6388","repd_technology":"Wind Onshore","status":"Operational","technology":"wind_onshore"},"type":"Feature"},{"geometry":{"coordinates":[-3.4465948,56.0564427],"type":"Point"},"id":"GG2050-REPD-2687","properties":{"capacity_mw":1.5,"gg_project_id":"GG2050-REPD-2687","name":"FMC Technologies","operator":"FMC Technologies","repd_ref":"2687","repd_technology":"Wind Onshore","status":"Operational","technology":"wind_onshore"},"type":"Feature"},{"geometry":{"coordinates":[-3.4785782,51.6342813],"type":"Point"},"id":"GG2050-REPD-6378","properties":{"capacity_mw":1.5,"gg_project_id":"GG2050-REPD-6378","name":"Former Nant-y-Gwyddon Landfill Site","operator":"Sirius Group","repd_ref":"6378","repd_technology":"Wind Onshore","status":"Under Construction","technology":"wind_onshore"},"type":"Feature"},{"geometry":{"coordinates":[-0.0045897,52.5206713],"type":"Point"},"id":"GG2050-REPD-4374","properties":{"capacity_mw":1.5,"gg_project_id":"GG2050-REPD-4374","name":"Greenvale AP Wind Turbine","operator":"Greenvale AP","repd_ref":"4374","repd_technology":"Wind Onshore","status":"Operational","technology":"wind_onshore"},"type":"Feature"},{"geometry":{"coordinates":[-1.3359623,54.8156326],"type":"Point"},"id":"GG2050-REPD-4716","properties":{"capacity_mw":1.5,"gg_project_id":"GG2050-REPD-4716","name":"Hesledon East Farm","operator":"Redpath Energy","repd_ref":"4716","repd_technology":"Wind Onshore","status":"Application Withdrawn","technology":"wind_onshore"},"type":"Feature"},{"geometry":{"coordinates":[1.0574446,51.8455912],"type":"Point"},"id":"GG2050-REPD-4378","properties":{"capacity_mw":1.5,"gg_project_id":"GG2050-REPD-4378","name":"High Barns Wind Turbine","operator":"Renewable Energy Systems (RES)","repd_ref":"4378","repd_technology":"Wind Onshore","status":"Application Refused","technology":"wind_onshore"},"type":"Feature"},{"geometry":{"coordinates":[-3.679805,58.6012655],"type":"Point"},"id":"GG2050-REPD-5187","properties":{"capacity_mw":1.5,"gg_project_id":"GG2050-REPD-5187","name":"Hill of Lybster (Wind Turbine - Extension)","operator":"The Energy Workshop","repd_ref":"5187","repd_technology":"Wind Onshore","status":"Operational","technology":"wind_onshore"},"type":"Feature"},{"geometry":{"coordinates":[-4.075596,51.055841],"type":"Point"},"id":"GG2050-REPD-4494","properties":{"capacity_mw":1.5,"gg_project_id":"GG2050-REPD-4494","name":"HOLLAMOOR FARM (wind)","operator":"Private Developer","repd_ref":"4494","repd_technology":"Wind Onshore","status":"Application Withdrawn","technology":"wind_onshore"},"type":"Feature"},{"geometry":{"coordinates":[0.3857464,52.771175],"type":"Point"},"id":"GG2050-REPD-3842","properties":{"capacity_mw":1.5,"gg_project_id":"GG2050-REPD-3842","name":"K L Technologies Wind Turbine","operator":"KL Technology Limited","repd_ref":"3842","repd_technology":"Wind Onshore","status":"Operational","technology":"wind_onshore"},"type":"Feature"},{"geometry":{"coordinates":[-3.7359533,51.5367788],"type":"Point"},"id":"GG2050-REPD-11427","properties":{"capacity_mw":1.5,"gg_project_id":"GG2050-REPD-11427","name":"Kenfig Industrial Estate, Margam - Wind turbine","operator":"Infinite Renewables Group Limited","repd_ref":"11427","repd_technology":"Wind Onshore","status":"Awaiting Construction","technology":"wind_onshore"},"type":"Feature"},{"geometry":{"coordinates":[-3.7359533,51.5367788],"type":"Point"},"id":"GG2050-REPD-9663","properties":{"capacity_mw":1.5,"gg_project_id":"GG2050-REPD-9663","name":"Kenfig Industrial Estate, Margam - Wind turbine","operator":"Infinite Renewables Group Limited","repd_ref":"9663","repd_technology":"Wind Onshore","status":"Revised","technology":"wind_onshore"},"type":"Feature"},{"geometry":{"coordinates":[-4.1985346,55.7052262],"type":"Point"},"id":"GG2050-REPD-4697","properties":{"capacity_mw":1.5,"gg_project_id":"GG2050-REPD-4697","name":"Land associated with Lairfad","operator":"Lairfad WT Limited","repd_ref":"4697","repd_technology":"Wind Onshore","status":"Application Withdrawn","technology":"wind_onshore"},"type":"Feature"},{"geometry":{"coordinates":[-4.2060571,55.7065293],"type":"Point"},"id":"GG2050-REPD-4696","properties":{"capacity_mw":1.5,"gg_project_id":"GG2050-REPD-4696","name":"Land associated with Rawhead Farm","operator":"Raahead WT Limited","repd_ref":"4696","repd_technology":"Wind Onshore","status":"Application Withdrawn","technology":"wind_onshore"},"type":"Feature"},{"geometry":{"coordinates":[-3.1607684,51.6956703],"type":"Point"},"id":"GG2050-REPD-5294","properties":{"capacity_mw":1.5,"gg_project_id":"GG2050-REPD-5294","name":"Land At Pen Y Fan","operator":"Clenergy","repd_ref":"5294","repd_technology":"Wind Onshore","status":"Application Withdrawn","technology":"wind_onshore"},"type":"Feature"},{"geometry":{"coordinates":[-1.5386495,55.1372116],"type":"Point"},"id":"GG2050-REPD-5061","properties":{"capacity_mw":1.5,"gg_project_id":"GG2050-REPD-5061","name":"Land East of Mount Pleasant Farm","operator":"Still Wind","repd_ref":"5061","repd_technology":"Wind Onshore","status":"Application Withdrawn","technology":"wind_onshore"},"type":"Feature"},{"geometry":{"coordinates":[-5.0555648,50.3208007],"type":"Point"},"id":"GG2050-REPD-5153","properties":{"capacity_mw":1.5,"gg_project_id":"GG2050-REPD-5153","name":"Land near Ventonteague","operator":"Cornwall Council","repd_ref":"5153","repd_technology":"Wind Onshore","status":"Revised","technology":"wind_onshore"},"type":"Feature"},{"geometry":{"coordinates":[-6.931959,54.7224436],"type":"Point"},"id":"GG2050-REPD-5219","properties":{"capacity_mw":1.5,"gg_project_id":"GG2050-REPD-5219","name":"Land North East And North West Of Shanmaghry","operator":"Hill Power","repd_ref":"5219","repd_technology":"Wind Onshore","status":"Application Withdrawn","technology":"wind_onshore"},"type":"Feature"},{"geometry":{"coordinates":[-3.7478855,51.5633088],"type":"Point"},"id":"GG2050-REPD-4196","properties":{"capacity_mw":1.5,"gg_project_id":"GG2050-REPD-4196","name":"Longlands Lane","operator":"Renewable Energy Systems (RES)","repd_ref":"4196","repd_technology":"Wind Onshore","status":"Operational","technology":"wind_onshore"},"type":"Feature"},{"geometry":{"coordinates":[-5.5306539,55.5050091],"type":"Point"},"id":"GG2050-REPD-3364","properties":{"capacity_mw":1.5,"gg_project_id":"GG2050-REPD-3364","name":"Low Ugadale Farm","operator":"Intelligent Land Investments","repd_ref":"3364","repd_technology":"Wind Onshore","status":"Application Withdrawn","technology":"wind_onshore"},"type":"Feature"},{"geometry":{"coordinates":[-2.2676518,51.7020368],"type":"Point"},"id":"GG2050-REPD-3089","properties":{"capacity_mw":1.5,"gg_project_id":"GG2050-REPD-3089","name":"Lynch Knoll Wind Farm (Extension)","operator":"Ecotricity","repd_ref":"3089","repd_technology":"Wind Onshore","status":"Appeal Withdrawn","technology":"wind_onshore"},"type":"Feature"},{"geometry":{"coordinates":[-3.391394,51.5588798],"type":"Point"},"id":"GG2050-REPD-4496","properties":{"capacity_mw":1.5,"gg_project_id":"GG2050-REPD-4496","name":"Malthouse Farm","operator":"Infinite Renewables","repd_ref":"4496","repd_technology":"Wind Onshore","status":"Application Withdrawn","technology":"wind_onshore"},"type":"Feature"},{"geometry":{"coordinates":[-3.9333651,55.6871046],"type":"Point"},"id":"GG2050-REPD-6106","properties":{"capacity_mw":1.5,"gg_project_id":"GG2050-REPD-6106","name":"Marshill Farm","operator":"Green Cat Renewables","repd_ref":"6106","repd_technology":"Wind Onshore","status":"Operational","technology":"wind_onshore"},"type":"Feature"},{"geometry":{"coordinates":[-0.5353974,52.0646581],"type":"Point"},"id":"GG2050-REPD-3890","properties":{"capacity_mw":1.5,"gg_project_id":"GG2050-REPD-3890","name":"Marston Vale Country Park Wind Turbine","operator":"Blue Energy","repd_ref":"3890","repd_technology":"Wind Onshore","status":"Operational","technology":"wind_onshore"},"type":"Feature"},{"geometry":{"coordinates":[-6.8317981,57.9416761],"type":"Point"},"id":"GG2050-REPD-4629","properties":{"capacity_mw":1.5,"gg_project_id":"GG2050-REPD-4629","name":"Monan Hill Wind Turbines","operator":"North Harris Trust","repd_ref":"4629","repd_technology":"Wind Onshore","status":"Operational","technology":"wind_onshore"},"type":"Feature"},{"geometry":{"coordinates":[-4.335361,50.744253],"type":"Point"},"id":"GG2050-REPD-3368","properties":{"capacity_mw":1.5,"gg_project_id":"GG2050-REPD-3368","name":"Nethercott Farm","operator":"Private Developer","repd_ref":"3368","repd_technology":"Wind Onshore","status":"Operational","technology":"wind_onshore"},"type":"Feature"},{"geometry":{"coordinates":[-0.8116246,53.0918528],"type":"Point"},"id":"GG2050-REPD-4291","properties":{"capacity_mw":1.5,"gg_project_id":"GG2050-REPD-4291","name":"Newark Sugar Factory","operator":"British Sugar Plc","repd_ref":"4291","repd_technology":"Wind Onshore","status":"Application Withdrawn","technology":"wind_onshore"},"type":"Feature"},{"geometry":{"coordinates":[-1.2178116,53.0752583],"type":"Point"},"id":"GG2050-REPD-4917","properties":{"capacity_mw":1.5,"gg_project_id":"GG2050-REPD-4917","name":"Newstead and Annesley Wind Turbine","operator":"Redpath Energy","repd_ref":"4917","repd_technology":"Wind Onshore","status":"Operational","technology":"wind_onshore"},"type":"Feature"},{"geometry":{"coordinates":[-3.1592659,56.1640736],"type":"Point"},"id":"GG2050-REPD-4404","properties":{"capacity_mw":1.5,"gg_project_id":"GG2050-REPD-4404","name":"Noble Foods","operator":"Wind Direct","repd_ref":"4404","repd_technology":"Wind Onshore","status":"Operational","technology":"wind_onshore"},"type":"Feature"},{"geometry":{"coordinates":[0.3879424,52.769854],"type":"Point"},"id":"GG2050-REPD-12265","properties":{"capacity_mw":1.5,"gg_project_id":"GG2050-REPD-12265","name":"Pil Membranes, Estuary Road - Wind Turbine","operator":"KL Technologies Limited","repd_ref":"12265","repd_technology":"Wind Onshore","status":"Awaiting Construction","technology":"wind_onshore"},"type":"Feature"},{"geometry":{"coordinates":[-0.8359908,51.8424024],"type":"Point"},"id":"GG2050-REPD-4908","properties":{"capacity_mw":1.5,"gg_project_id":"GG2050-REPD-4908","name":"Quarrendon Fields","operator":"AWE Renewables","repd_ref":"4908","repd_technology":"Wind Onshore","status":"Operational","technology":"wind_onshore"},"type":"Feature"},{"geometry":{"coordinates":[-3.2326841,51.8022608],"type":"Point"},"id":"GG2050-REPD-6773","properties":{"capacity_mw":1.5,"gg_project_id":"GG2050-REPD-6773","name":"Rassau Industrial Estate","operator":"Infinite Renewables","repd_ref":"6773","repd_technology":"Wind Onshore","status":"Awaiting Construction","technology":"wind_onshore"},"type":"Feature"},{"geometry":{"coordinates":[-1.2177641,54.5781243],"type":"Point"},"id":"GG2050-REPD-3369","properties":{"capacity_mw":1.5,"gg_project_id":"GG2050-REPD-3369","name":"Riverside Stadium","operator":"Empowering Wind","repd_ref":"3369","repd_technology":"Wind Onshore","status":"Planning Permission Expired","technology":"wind_onshore"},"type":"Feature"},{"geometry":{"coordinates":[-1.0439661,52.975779],"type":"Point"},"id":"GG2050-REPD-3897","properties":{"capacity_mw":1.5,"gg_project_id":"GG2050-REPD-3897","name":"Severn Trent Water - Stoke Bardolph Wind Turbine","operator":"Severn Trent Water","repd_ref":"3897","repd_technology":"Wind Onshore","status":"Operational","technology":"wind_onshore"},"type":"Feature"},{"geometry":{"coordinates":[-3.2683384,59.0631843],"type":"Point"},"id":"GG2050-REPD-2862","properties":{"capacity_mw":1.5,"gg_project_id":"GG2050-REPD-2862","name":"Skeabrae Wind Energy Project","operator":"Skeabrae Renewables Ltd","repd_ref":"2862","repd_technology":"Wind Onshore","status":"Application Withdrawn","technology":"wind_onshore"},"type":"Feature"},{"geometry":{"coordinates":[-3.1593392,56.1665079],"type":"Point"},"id":"GG2050-REPD-3845","properties":{"capacity_mw":1.5,"gg_project_id":"GG2050-REPD-3845","name":"Skeddoway Farm Wind Turbine","operator":"RM Brown & Son Ltd","repd_ref":"3845","repd_technology":"Wind Onshore","status":"Revised","technology":"wind_onshore"},"type":"Feature"},{"geometry":{"coordinates":[-3.1593392,56.1665079],"type":"Point"},"id":"GG2050-REPD-4093","properties":{"capacity_mw":1.5,"gg_project_id":"GG2050-REPD-4093","name":"Skeddoway Farm Wind Turbine","operator":"Clenergy","repd_ref":"4093","repd_technology":"Wind Onshore","status":"Operational","technology":"wind_onshore"},"type":"Feature"},{"geometry":{"coordinates":[-0.5967408,53.8349467],"type":"Point"},"id":"GG2050-REPD-3334","properties":{"capacity_mw":1.5,"gg_project_id":"GG2050-REPD-3334","name":"Sober Hill Wind Farm","operator":"West Coast Energy","repd_ref":"3334","repd_technology":"Wind Onshore","status":"Revised","technology":"wind_onshore"},"type":"Feature"},{"geometry":{"coordinates":[1.6544623,52.7098942],"type":"Point"},"id":"GG2050-REPD-2555","properties":{"capacity_mw":1.5,"gg_project_id":"GG2050-REPD-2555","name":"South Beach Wind Turbine (Somerton)","operator":"Ecotricity","repd_ref":"2555","repd_technology":"Wind Onshore","status":"Operational","technology":"wind_onshore"},"type":"Feature"},{"geometry":{"coordinates":[-3.9825178,55.6301059],"type":"Point"},"id":"GG2050-REPD-5306","properties":{"capacity_mw":1.5,"gg_project_id":"GG2050-REPD-5306","name":"South Priorhill Farm","operator":"Muirhall Energy (Southrigg WT)","repd_ref":"5306","repd_technology":"Wind Onshore","status":"Planning Permission Expired","technology":"wind_onshore"},"type":"Feature"},{"geometry":{"coordinates":[-3.729537,55.8710625],"type":"Point"},"id":"GG2050-REPD-4747","properties":{"capacity_mw":1.5,"gg_project_id":"GG2050-REPD-4747","name":"Southrigg","operator":"Southrigg WT","repd_ref":"4747","repd_technology":"Wind Onshore","status":"Operational","technology":"wind_onshore"},"type":"Feature"},{"geometry":{"coordinates":[-3.7254917,55.8721077],"type":"Point"},"id":"GG2050-REPD-6424","properties":{"capacity_mw":1.5,"gg_project_id":"GG2050-REPD-6424","name":"Southrigg 2","operator":"Rigg Wind","repd_ref":"6424","repd_technology":"Wind Onshore","status":"Revised","technology":"wind_onshore"},"type":"Feature"},{"geometry":{"coordinates":[1.5200882,52.4851872],"type":"Point"},"id":"GG2050-REPD-2549","properties":{"capacity_mw":1.5,"gg_project_id":"GG2050-REPD-2549","name":"Stockton Wind Turbine","operator":"Ecotricity","repd_ref":"2549","repd_technology":"Wind Onshore","status":"Application Refused","technology":"wind_onshore"},"type":"Feature"},{"geometry":{"coordinates":[-1.3384358,52.6501644],"type":"Point"},"id":"GG2050-REPD-4286","properties":{"capacity_mw":1.5,"gg_project_id":"GG2050-REPD-4286","name":"Stonehaven Wind Turbine","operator":"Renewable Energy Systems (RES)","repd_ref":"4286","repd_technology":"Wind Onshore","status":"Abandoned","technology":"wind_onshore"},"type":"Feature"},{"geometry":{"coordinates":[0.6832674,52.6567293],"type":"Point"},"id":"GG2050-REPD-2556","properties":{"capacity_mw":1.5,"gg_project_id":"GG2050-REPD-2556","name":"Swaffham 1 - Ecotech Wind Park","operator":"LRZ Ltd (Taken over by NOVERA)","repd_ref":"2556","repd_technology":"Wind Onshore","status":"Operational","technology":"wind_onshore"},"type":"Feature"},{"geometry":{"coordinates":[-3.1438283,59.1131099],"type":"Point"},"id":"GG2050-REPD-3120","properties":{"capacity_mw":1.5,"gg_project_id":"GG2050-REPD-3120","name":"Thorfinn Wind Farm - NM1500","operator":"Vestas","repd_ref":"3120","repd_technology":"Wind Onshore","status":"Operational","technology":"wind_onshore"},"type":"Feature"},{"geometry":{"coordinates":[1.2877055,51.2329491],"type":"Point"},"id":"GG2050-REPD-3381","properties":{"capacity_mw":1.5,"gg_project_id":"GG2050-REPD-3381","name":"Thornton Lane","operator":"Renewable Energy Systems (RES)","repd_ref":"3381","repd_technology":"Wind Onshore","status":"Appeal Refused","technology":"wind_onshore"},"type":"Feature"},{"geometry":{"coordinates":[-1.9890012,57.4601698],"type":"Point"},"id":"GG2050-REPD-3414","properties":{"capacity_mw":1.5,"gg_project_id":"GG2050-REPD-3414","name":"Upper Kinknockie Wind Farm","operator":"Private Developer","repd_ref":"3414","repd_technology":"Wind Onshore","status":"Application Withdrawn","technology":"wind_onshore"},"type":"Feature"},{"geometry":{"coordinates":[-6.5991215,54.2475293],"type":"Point"},"id":"GG2050-REPD-7213","properties":{"capacity_mw":1.5,"gg_project_id":"GG2050-REPD-7213","name":"Vestry Road","operator":"Hill Power","repd_ref":"7213","repd_technology":"Wind Onshore","status":"Awaiting Construction","technology":"wind_onshore"},"type":"Feature"},{"geometry":{"coordinates":[-3.391394,51.5588798],"type":"Point"},"id":"GG2050-REPD-6079","properties":{"capacity_mw":1.5,"gg_project_id":"GG2050-REPD-6079","name":"West of Rhiwfelin Fach Farm","operator":"Infinite Renewables","repd_ref":"6079","repd_technology":"Wind Onshore","status":"Operational","technology":"wind_onshore"},"type":"Feature"},{"geometry":{"coordinates":[-3.7478107,55.8733115],"type":"Point"},"id":"GG2050-REPD-5925","properties":{"capacity_mw":1.5,"gg_project_id":"GG2050-REPD-5925","name":"West Torrance Farm","operator":"WRS West Torrance","repd_ref":"5925","repd_technology":"Wind Onshore","status":"Application Withdrawn","technology":"wind_onshore"},"type":"Feature"},{"geometry":{"coordinates":[-2.263316,51.7029457],"type":"Point"},"id":"GG2050-REPD-2584","properties":{"capacity_mw":1.5,"gg_project_id":"GG2050-REPD-2584","name":"Windmill Hill","operator":"Ecotricity","repd_ref":"2584","repd_technology":"Wind Onshore","status":"Application Refused","technology":"wind_onshore"},"type":"Feature"},{"geometry":{"coordinates":[1.7382294,52.5729337],"type":"Point"},"id":"GG2050-REPD-2554","properties":{"capacity_mw":1.5,"gg_project_id":"GG2050-REPD-2554","name":"Yare Estuary Wind Turbine","operator":"ECONET LTD","repd_ref":"2554","repd_technology":"Wind Onshore","status":"Abandoned","technology":"wind_onshore"},"type":"Feature"},{"geometry":{"coordinates":[-2.2064175,57.6505186],"type":"Point"},"id":"GG2050-REPD-3424","properties":{"capacity_mw":1.4,"gg_project_id":"GG2050-REPD-3424","name":"Ardlawhill Wood Wind Turbines","operator":"Ventus Renewables Ltd","repd_ref":"3424","repd_technology":"Wind Onshore","status":"Revised","technology":"wind_onshore"},"type":"Feature"},{"geometry":{"coordinates":[-0.4860796,54.1297413],"type":"Point"},"id":"GG2050-REPD-12505","properties":{"capacity_mw":1.32,"gg_project_id":"GG2050-REPD-12505","name":"Boythorpe Farm - Wind Turbines","operator":"Allison Wold Power","repd_ref":"12505","repd_technology":"Wind Onshore","status":"Awaiting Construction","technology":"wind_onshore"},"type":"Feature"},{"geometry":{"coordinates":[-4.8086865,50.3659724],"type":"Point"},"id":"GG2050-REPD-9499","properties":{"capacity_mw":1.3003,"gg_project_id":"GG2050-REPD-9499","name":"Wheal Martyn, Carthew - 1 Wind turbine","operator":"Clean Earth Energy / Imerys Minerals Limited","repd_ref":"9499","repd_technology":"Wind Onshore","status":"Awaiting Construction","technology":"wind_onshore"},"type":"Feature"},{"geometry":{"coordinates":[-0.518956,54.151983],"type":"Point"},"id":"GG2050-REPD-11996","properties":{"capacity_mw":1.3,"gg_project_id":"GG2050-REPD-11996","name":"Allison Wold Farm, Simon Howe - Wind Farm Repowering","operator":"Allison Wold Power Limited","repd_ref":"11996","repd_technology":"Wind Onshore","status":"Revised","technology":"wind_onshore"},"type":"Feature"},{"geometry":{"coordinates":[-0.518956,54.151983],"type":"Point"},"id":"GG2050-REPD-13473","properties":{"capacity_mw":1.3,"gg_project_id":"GG2050-REPD-13473","name":"Allison Wold Farm, Simon Howe - Wind Farm Repowering","operator":"Allison Wold Power Limited","repd_ref":"13473","repd_technology":"Wind Onshore","status":"Awaiting Construction","technology":"wind_onshore"},"type":"Feature"},{"geometry":{"coordinates":[-1.5359718,51.5070426],"type":"Point"},"id":"GG2050-REPD-3023","properties":{"capacity_mw":1.3,"gg_project_id":"GG2050-REPD-3023","name":"Baydon Meadow","operator":"Unknown","repd_ref":"3023","repd_technology":"Wind Onshore","status":"Application Refused","technology":"wind_onshore"},"type":"Feature"},{"geometry":{"coordinates":[-1.5359718,51.5070426],"type":"Point"},"id":"GG2050-REPD-3140","properties":{"capacity_mw":1.3,"gg_project_id":"GG2050-REPD-3140","name":"Baydon Meadows","operator":"Matthew Partridge","repd_ref":"3140","repd_technology":"Wind Onshore","status":"Revised","technology":"wind_onshore"},"type":"Feature"},{"geometry":{"coordinates":[-4.3923691,50.7975023],"type":"Point"},"id":"GG2050-REPD-3148","properties":{"capacity_mw":1.3,"gg_project_id":"GG2050-REPD-3148","name":"Cairn Brae Wind Turbine","operator":"Private Developer","repd_ref":"3148","repd_technology":"Wind Onshore","status":"Application Withdrawn","technology":"wind_onshore"},"type":"Feature"},{"geometry":{"coordinates":[-1.9141545,53.9624324],"type":"Point"},"id":"GG2050-REPD-2921","properties":{"capacity_mw":1.3,"gg_project_id":"GG2050-REPD-2921","name":"Chelker Reservoir","operator":"Yorkshire Water","repd_ref":"2921","repd_technology":"Wind Onshore","status":"Operational","technology":"wind_onshore"},"type":"Feature"},{"geometry":{"coordinates":[-1.4151092,54.7615806],"type":"Point"},"id":"GG2050-REPD-3496","properties":{"capacity_mw":1.3,"gg_project_id":"GG2050-REPD-3496","name":"Hare Hill","operator":"E.ON UK","repd_ref":"3496","repd_technology":"Wind Onshore","status":"Operational","technology":"wind_onshore"},"type":"Feature"},{"geometry":{"coordinates":[-3.7813204,50.2885984],"type":"Point"},"id":"GG2050-REPD-3176","properties":{"capacity_mw":1.3,"gg_project_id":"GG2050-REPD-3176","name":"Island Park Lodge","operator":"Windworks (National Wind Power)","repd_ref":"3176","repd_technology":"Wind Onshore","status":"Application Withdrawn","technology":"wind_onshore"},"type":"Feature"},{"geometry":{"coordinates":[-0.9376538,53.7567895],"type":"Point"},"id":"GG2050-REPD-2943","properties":{"capacity_mw":1.3,"gg_project_id":"GG2050-REPD-2943","name":"Loftsome Bridge","operator":"Yorkshire Water","repd_ref":"2943","repd_technology":"Wind Onshore","status":"Operational","technology":"wind_onshore"},"type":"Feature"},{"geometry":{"coordinates":[-3.2001024,53.2043143],"type":"Point"},"id":"GG2050-REPD-4398","properties":{"capacity_mw":1.3,"gg_project_id":"GG2050-REPD-4398","name":"Lygan Uchaf Farm Wind Turbine","operator":"ReSence","repd_ref":"4398","repd_technology":"Wind Onshore","status":"Application Refused","technology":"wind_onshore"},"type":"Feature"},{"geometry":{"coordinates":[-0.5034302,53.2548673],"type":"Point"},"id":"GG2050-REPD-3198","properties":{"capacity_mw":1.3,"gg_project_id":"GG2050-REPD-3198","name":"Nettleham Oil Production Facility","operator":"Star Energy","repd_ref":"3198","repd_technology":"Wind Onshore","status":"Application Withdrawn","technology":"wind_onshore"},"type":"Feature"},{"geometry":{"coordinates":[-2.1427305,52.1643106],"type":"Point"},"id":"GG2050-REPD-4497","properties":{"capacity_mw":1.3,"gg_project_id":"GG2050-REPD-4497","name":"Norton Fields Farm","operator":"REsense c/o CO2Sense","repd_ref":"4497","repd_technology":"Wind Onshore","status":"Operational","technology":"wind_onshore"},"type":"Feature"},{"geometry":{"coordinates":[-0.2364864,53.7443896],"type":"Point"},"id":"GG2050-REPD-2942","properties":{"capacity_mw":1.3,"gg_project_id":"GG2050-REPD-2942","name":"Saltend Wind Turbine","operator":"Yorkshire Water","repd_ref":"2942","repd_technology":"Wind Onshore","status":"Operational","technology":"wind_onshore"},"type":"Feature"},{"geometry":{"coordinates":[-0.8473415,53.1980728],"type":"Point"},"id":"GG2050-REPD-4132","properties":{"capacity_mw":1.3,"gg_project_id":"GG2050-REPD-4132","name":"South East of Wadnal Lane","operator":"Caddick Renewables Ltd","repd_ref":"4132","repd_technology":"Wind Onshore","status":"Appeal Refused","technology":"wind_onshore"},"type":"Feature"},{"geometry":{"coordinates":[-3.7679961,50.3116469],"type":"Point"},"id":"GG2050-REPD-3173","properties":{"capacity_mw":1.3,"gg_project_id":"GG2050-REPD-3173","name":"Stumpy Post","operator":"Windworks (National Wind Power)","repd_ref":"3173","repd_technology":"Wind Onshore","status":"Application Refused","technology":"wind_onshore"},"type":"Feature"},{"geometry":{"coordinates":[-0.9016571,52.6464454],"type":"Point"},"id":"GG2050-REPD-2751","properties":{"capacity_mw":1.3,"gg_project_id":"GG2050-REPD-2751","name":"Valley view farm","operator":"Private Developer","repd_ref":"2751","repd_technology":"Wind Onshore","status":"Application Refused","technology":"wind_onshore"},"type":"Feature"},{"geometry":{"coordinates":[0.1775265,53.33284],"type":"Point"},"id":"GG2050-REPD-3196","properties":{"capacity_mw":1.3,"gg_project_id":"GG2050-REPD-3196","name":"Withern","operator":"Lincolnshire Windpower Limited","repd_ref":"3196","repd_technology":"Wind Onshore","status":"Application Refused","technology":"wind_onshore"},"type":"Feature"},{"geometry":{"coordinates":[-2.7202389,56.7081333],"type":"Point"},"id":"GG2050-REPD-2801","properties":{"capacity_mw":1.2,"gg_project_id":"GG2050-REPD-2801","name":"Balnacake Farm","operator":"Private Developer","repd_ref":"2801","repd_technology":"Wind Onshore","status":"Application Withdrawn","technology":"wind_onshore"},"type":"Feature"},{"geometry":{"coordinates":[-1.9071466,53.9609892],"type":"Point"},"id":"GG2050-REPD-3062","properties":{"capacity_mw":1.2,"gg_project_id":"GG2050-REPD-3062","name":"Chelker Reservoir & Wind Farm Repower","operator":"Yorkshire Water","repd_ref":"3062","repd_technology":"Wind Onshore","status":"Application Refused","technology":"wind_onshore"},"type":"Feature"},{"geometry":{"coordinates":[-1.9141545,53.9624324],"type":"Point"},"id":"GG2050-REPD-2747","properties":{"capacity_mw":1.2,"gg_project_id":"GG2050-REPD-2747","name":"Chelker Reservoir (Retention of Turbines)","operator":"Yorkshire Water","repd_ref":"2747","repd_technology":"Wind Onshore","status":"Operational","technology":"wind_onshore"},"type":"Feature"},{"geometry":{"coordinates":[-1.3753772,50.6562539],"type":"Point"},"id":"GG2050-REPD-3164","properties":{"capacity_mw":1.2,"gg_project_id":"GG2050-REPD-3164","name":"Cheverton Down","operator":"National Wind Power","repd_ref":"3164","repd_technology":"Wind Onshore","status":"Revised","technology":"wind_onshore"},"type":"Feature"},{"geometry":{"coordinates":[-3.3245332,54.2039543],"type":"Point"},"id":"GG2050-REPD-3614","properties":{"capacity_mw":1.2,"gg_project_id":"GG2050-REPD-3614","name":"Haverigg Repowering (Haverigg II)","operator":"Windprospect","repd_ref":"3614","repd_technology":"Wind Onshore","status":"Operational","technology":"wind_onshore"},"type":"Feature"},{"geometry":{"coordinates":[-3.0972297,54.2466845],"type":"Point"},"id":"GG2050-REPD-2602","properties":{"capacity_mw":1.2,"gg_project_id":"GG2050-REPD-2602","name":"Lowick Beacon Windfarm","operator":"Micon Wind Turbines","repd_ref":"2602","repd_technology":"Wind Onshore","status":"Application Refused","technology":"wind_onshore"},"type":"Feature"},{"geometry":{"coordinates":[-2.3184118,52.1289758],"type":"Point"},"id":"GG2050-REPD-3179","properties":{"capacity_mw":1.2,"gg_project_id":"GG2050-REPD-3179","name":"The Haven","operator":"Private Developer","repd_ref":"3179","repd_technology":"Wind Onshore","status":"Operational","technology":"wind_onshore"},"type":"Feature"},{"geometry":{"coordinates":[-3.9754942,55.8865822],"type":"Point"},"id":"GG2050-REPD-15331","properties":{"capacity_mw":1.0,"gg_project_id":"GG2050-REPD-15331","name":"A Bartlett and Sons - Wind turbine","operator":"Albert Bartlett & Sons (Airdrie) Limited","repd_ref":"15331","repd_technology":"Wind Onshore","status":"Awaiting Construction","technology":"wind_onshore"},"type":"Feature"},{"geometry":{"coordinates":[-4.5930918,55.434175],"type":"Point"},"id":"GG2050-REPD-11879","properties":{"capacity_mw":1.0,"gg_project_id":"GG2050-REPD-11879","name":"Ailsa Hospital - Wind Turbine","operator":"NHS Ayrshire & Arran","repd_ref":"11879","repd_technology":"Wind Onshore","status":"Application Submitted","technology":"wind_onshore"},"type":"Feature"},{"geometry":{"coordinates":[-2.5581794,56.6477309],"type":"Point"},"id":"GG2050-REPD-11706","properties":{"capacity_mw":1.0,"gg_project_id":"GG2050-REPD-11706","name":"Arbikie, Inverkeilor - Green Hydrogen Project & Wind Turbine","operator":"Arbikie Distillery","repd_ref":"11706","repd_technology":"Wind Onshore","status":"Operational","technology":"wind_onshore"},"type":"Feature"},{"geometry":{"coordinates":[-2.207258,57.6392534],"type":"Point"},"id":"GG2050-REPD-3362","properties":{"capacity_mw":1.0,"gg_project_id":"GG2050-REPD-3362","name":"Ardlawhill Wood Wind Turbines","operator":"Ventus Renewables Ltd","repd_ref":"3362","repd_technology":"Wind Onshore","status":"Application Refused","technology":"wind_onshore"},"type":"Feature"},{"geometry":{"coordinates":[-0.9341114,53.3443885],"type":"Point"},"id":"GG2050-REPD-3617","properties":{"capacity_mw":1.0,"gg_project_id":"GG2050-REPD-3617","name":"Babworth Estate","operator":"Babworth Estate","repd_ref":"3617","repd_technology":"Wind Onshore","status":"Application Refused","technology":"wind_onshore"},"type":"Feature"},{"geometry":{"coordinates":[-4.4532398,52.0149016],"type":"Point"},"id":"GG2050-REPD-4343","properties":{"capacity_mw":1.0,"gg_project_id":"GG2050-REPD-4343","name":"Blaenffos Wind Turbines","operator":"Private Developer","repd_ref":"4343","repd_technology":"Wind Onshore","status":"Appeal Refused","technology":"wind_onshore"},"type":"Feature"},{"geometry":{"coordinates":[1.6644214,52.706978],"type":"Point"},"id":"GG2050-REPD-3924","properties":{"capacity_mw":1.0,"gg_project_id":"GG2050-REPD-3924","name":"Bloodhills - repowering","operator":"The Farm Energy Partnership LLP","repd_ref":"3924","repd_technology":"Wind Onshore","status":"Operational","technology":"wind_onshore"},"type":"Feature"},{"geometry":{"coordinates":[-2.5671242,56.8272942],"type":"Point"},"id":"GG2050-REPD-2884","properties":{"capacity_mw":1.0,"gg_project_id":"GG2050-REPD-2884","name":"Bogmuir Farm Wind Turbine","operator":"DM Cargill Ltd","repd_ref":"2884","repd_technology":"Wind Onshore","status":"Application Withdrawn","technology":"wind_onshore"},"type":"Feature"},{"geometry":{"coordinates":[-2.2558082,57.3333262],"type":"Point"},"id":"GG2050-REPD-9658","properties":{"capacity_mw":1.0,"gg_project_id":"GG2050-REPD-9658","name":"Cairnbrogie Farm - Wind Turbine","operator":"Mountwest 838 Limited","repd_ref":"9658","repd_technology":"Wind Onshore","status":"Revised","technology":"wind_onshore"},"type":"Feature"},{"geometry":{"coordinates":[-0.7247256,52.4446274],"type":"Point"},"id":"GG2050-REPD-16624","properties":{"capacity_mw":1.0,"gg_project_id":"GG2050-REPD-16624","name":"Camgrain Store, Newton Road - Wind Turbine","operator":"Camgrain","repd_ref":"16624","repd_technology":"Wind Onshore","status":"Application Submitted","technology":"wind_onshore"},"type":"Feature"},{"geometry":{"coordinates":[-0.7273774,52.4434872],"type":"Point"},"id":"GG2050-REPD-19775","properties":{"capacity_mw":1.0,"gg_project_id":"GG2050-REPD-19775","name":"Camgrain Store, Newton Road - Wind Turbine","operator":"Camgrain","repd_ref":"19775","repd_technology":"Wind Onshore","status":"Application Submitted","technology":"wind_onshore"},"type":"Feature"},{"geometry":{"coordinates":[-2.6977415,56.5904093],"type":"Point"},"id":"GG2050-REPD-3367","properties":{"capacity_mw":1.0,"gg_project_id":"GG2050-REPD-3367","name":"Crofts Farm","operator":"Crofts Farm Renewables Ltd","repd_ref":"3367","repd_technology":"Wind Onshore","status":"Application Refused","technology":"wind_onshore"},"type":"Feature"},{"geometry":{"coordinates":[-7.4084603,54.3846808],"type":"Point"},"id":"GG2050-REPD-7650","properties":{"capacity_mw":1.0,"gg_project_id":"GG2050-REPD-7650","name":"Drumcor Road","operator":"Private Developer","repd_ref":"7650","repd_technology":"Wind Onshore","status":"Awaiting Construction","technology":"wind_onshore"},"type":"Feature"},{"geometry":{"coordinates":[-1.3426524,52.8261976],"type":"Point"},"id":"GG2050-REPD-4113","properties":{"capacity_mw":1.0,"gg_project_id":"GG2050-REPD-4113","name":"East Midlands Airport","operator":"Wind Direct","repd_ref":"4113","repd_technology":"Wind Onshore","status":"Operational","technology":"wind_onshore"},"type":"Feature"},{"geometry":{"coordinates":[-2.1712385,57.5129967],"type":"Point"},"id":"GG2050-REPD-18882","properties":{"capacity_mw":1.0,"gg_project_id":"GG2050-REPD-18882","name":"Fadlydyke, Maud - Wind Turbine","operator":"Green Cat Renewables","repd_ref":"18882","repd_technology":"Wind Onshore","status":"Application Submitted","technology":"wind_onshore"},"type":"Feature"},{"geometry":{"coordinates":[-4.9605961,50.3496707],"type":"Point"},"id":"GG2050-REPD-3918","properties":{"capacity_mw":1.0,"gg_project_id":"GG2050-REPD-3918","name":"Goonabarn Farm Wind Turbines","operator":"George Richards Farms Partnership","repd_ref":"3918","repd_technology":"Wind Onshore","status":"Operational","technology":"wind_onshore"},"type":"Feature"},{"geometry":{"coordinates":[-1.4467653,54.6919923],"type":"Point"},"id":"GG2050-REPD-3817","properties":{"capacity_mw":1.0,"gg_project_id":"GG2050-REPD-3817","name":"Harap Road","operator":"Private Developer","repd_ref":"3817","repd_technology":"Wind Onshore","status":"Application Refused","technology":"wind_onshore"},"type":"Feature"},{"geometry":{"coordinates":[-1.6706204,52.6851201],"type":"Point"},"id":"GG2050-REPD-3874","properties":{"capacity_mw":1.0,"gg_project_id":"GG2050-REPD-3874","name":"Hogs Hill","operator":"Prowind","repd_ref":"3874","repd_technology":"Wind Onshore","status":"Application Refused","technology":"wind_onshore"},"type":"Feature"},{"geometry":{"coordinates":[-2.5528975,56.8859131],"type":"Point"},"id":"GG2050-REPD-15874","properties":{"capacity_mw":1.0,"gg_project_id":"GG2050-REPD-15874","name":"HydroGlen Project - Glensaugh Farm","operator":"The James Hutton Institute","repd_ref":"15874","repd_technology":"Wind Onshore","status":"Under Construction","technology":"wind_onshore"},"type":"Feature"},{"geometry":{"coordinates":[-4.8362387,55.2629463],"type":"Point"},"id":"GG2050-REPD-15584","properties":{"capacity_mw":1.0,"gg_project_id":"GG2050-REPD-15584","name":"Ladywell Avenue - Wind Turbine","operator":"Land Energy Girvan Limited","repd_ref":"15584","repd_technology":"Wind Onshore","status":"Application Submitted","technology":"wind_onshore"},"type":"Feature"},{"geometry":{"coordinates":[-4.4930869,50.6400504],"type":"Point"},"id":"GG2050-REPD-16387","properties":{"capacity_mw":1.0,"gg_project_id":"GG2050-REPD-16387","name":"Lidcott, Laneast - Wind Turbine","operator":"Devon & Cornwall Logs Limited","repd_ref":"16387","repd_technology":"Wind Onshore","status":"Application Submitted","technology":"wind_onshore"},"type":"Feature"},{"geometry":{"coordinates":[0.2776349,51.5224832],"type":"Point"},"id":"GG2050-REPD-3437","properties":{"capacity_mw":1.0,"gg_project_id":"GG2050-REPD-3437","name":"Little Belhus Restoration Site","operator":"Constantine Wind Energy","repd_ref":"3437","repd_technology":"Wind Onshore","status":"Operational","technology":"wind_onshore"},"type":"Feature"},{"geometry":{"coordinates":[-2.2929857,57.6003696],"type":"Point"},"id":"GG2050-REPD-12504","properties":{"capacity_mw":1.0,"gg_project_id":"GG2050-REPD-12504","name":"Little Byth Wind Turbines, New Byth - Wind Turbine","operator":"4L Energy Limited","repd_ref":"12504","repd_technology":"Wind Onshore","status":"Awaiting Construction","technology":"wind_onshore"},"type":"Feature"},{"geometry":{"coordinates":[-5.0609332,51.7262977],"type":"Point"},"id":"GG2050-REPD-3272","properties":{"capacity_mw":1.0,"gg_project_id":"GG2050-REPD-3272","name":"Lodge Farm 1","operator":"Private Developer","repd_ref":"3272","repd_technology":"Wind Onshore","status":"Operational","technology":"wind_onshore"},"type":"Feature"},{"geometry":{"coordinates":[-2.129732,57.3311481],"type":"Point"},"id":"GG2050-REPD-19749","properties":{"capacity_mw":1.0,"gg_project_id":"GG2050-REPD-19749","name":"Logierieve Farm, Udny - Wind Turbine","operator":"Roderic Bruce","repd_ref":"19749","repd_technology":"Wind Onshore","status":"Application Submitted","technology":"wind_onshore"},"type":"Feature"},{"geometry":{"coordinates":[-3.3456264,58.3099867],"type":"Point"},"id":"GG2050-REPD-3425","properties":{"capacity_mw":1.0,"gg_project_id":"GG2050-REPD-3425","name":"Lower Rumster wind turbine","operator":"Ventus Renewables Ltd","repd_ref":"3425","repd_technology":"Wind Onshore","status":"Revised","technology":"wind_onshore"},"type":"Feature"},{"geometry":{"coordinates":[-3.3465985,58.3095184],"type":"Point"},"id":"GG2050-REPD-5454","properties":{"capacity_mw":1.0,"gg_project_id":"GG2050-REPD-5454","name":"Lower Rumster wind turbine","operator":"Ventus Renewables","repd_ref":"5454","repd_technology":"Wind Onshore","status":"Revised","technology":"wind_onshore"},"type":"Feature"},{"geometry":{"coordinates":[-6.6477158,54.7690454],"type":"Point"},"id":"GG2050-REPD-3678","properties":{"capacity_mw":1.0,"gg_project_id":"GG2050-REPD-3678","name":"Magherafelt","operator":"Tobermore Concrete Products","repd_ref":"3678","repd_technology":"Wind Onshore","status":"Operational","technology":"wind_onshore"},"type":"Feature"},{"geometry":{"coordinates":[-2.9151218,57.4803744],"type":"Point"},"id":"GG2050-REPD-14255","properties":{"capacity_mw":1.0,"gg_project_id":"GG2050-REPD-14255","name":"Meikleton of Ardonald","operator":"CleanEarth","repd_ref":"14255","repd_technology":"Wind Onshore","status":"Awaiting Construction","technology":"wind_onshore"},"type":"Feature"},{"geometry":{"coordinates":[-2.9151218,57.4803744],"type":"Point"},"id":"GG2050-REPD-7264","properties":{"capacity_mw":1.0,"gg_project_id":"GG2050-REPD-7264","name":"Meikleton of Ardonald","operator":"CleanEarth","repd_ref":"7264","repd_technology":"Wind Onshore","status":"Revised","technology":"wind_onshore"},"type":"Feature"},{"geometry":{"coordinates":[-5.0579908,51.9234865],"type":"Point"},"id":"GG2050-REPD-3338","properties":{"capacity_mw":1.0,"gg_project_id":"GG2050-REPD-3338","name":"MELIN, Pen Y Bank","operator":"Private Developer","repd_ref":"3338","repd_technology":"Wind Onshore","status":"Application Refused","technology":"wind_onshore"},"type":"Feature"},{"geometry":{"coordinates":[-2.2508377,55.9039038],"type":"Point"},"id":"GG2050-REPD-3429","properties":{"capacity_mw":1.0,"gg_project_id":"GG2050-REPD-3429","name":"Moorhouse Farm","operator":"Urban Wind","repd_ref":"3429","repd_technology":"Wind Onshore","status":"Operational","technology":"wind_onshore"},"type":"Feature"},{"geometry":{"coordinates":[-2.0851207,57.6813241],"type":"Point"},"id":"GG2050-REPD-3446","properties":{"capacity_mw":1.0,"gg_project_id":"GG2050-REPD-3446","name":"Moss Side Farm","operator":"Moss Side Farm Ltd","repd_ref":"3446","repd_technology":"Wind Onshore","status":"Application Refused","technology":"wind_onshore"},"type":"Feature"},{"geometry":{"coordinates":[-2.3869638,51.6024854],"type":"Point"},"id":"GG2050-REPD-11259","properties":{"capacity_mw":1.0,"gg_project_id":"GG2050-REPD-11259","name":"Mounteneys and Cherry Rock Wind Turbines","operator":"Resilient Energy Mounteneys Renewables","repd_ref":"11259","repd_technology":"Wind Onshore","status":"Operational","technology":"wind_onshore"},"type":"Feature"},{"geometry":{"coordinates":[-4.2790435,55.6913008],"type":"Point"},"id":"GG2050-REPD-7270","properties":{"capacity_mw":1.0,"gg_project_id":"GG2050-REPD-7270","name":"Myres Hill Wind Turbine Test Centre","operator":"South Seeds","repd_ref":"7270","repd_technology":"Wind Onshore","status":"Application Withdrawn","technology":"wind_onshore"},"type":"Feature"},{"geometry":{"coordinates":[-3.6451967,58.1451649],"type":"Point"},"id":"GG2050-REPD-6159","properties":{"capacity_mw":1.0,"gg_project_id":"GG2050-REPD-6159","name":"Navidale Estate","operator":"Windflow UK","repd_ref":"6159","repd_technology":"Wind Onshore","status":"Planning Permission Expired","technology":"wind_onshore"},"type":"Feature"},{"geometry":{"coordinates":[-3.5341043,54.6771049],"type":"Point"},"id":"GG2050-REPD-13444","properties":{"capacity_mw":1.0,"gg_project_id":"GG2050-REPD-13444","name":"New Balance Athletic Shoes, Flimby To Maryport - Wind Turbine","operator":"New Balance Athletic Shoes UK Ltd","repd_ref":"13444","repd_technology":"Wind Onshore","status":"Awaiting Construction","technology":"wind_onshore"},"type":"Feature"},{"geometry":{"coordinates":[-3.5341043,54.6771049],"type":"Point"},"id":"GG2050-REPD-16255","properties":{"capacity_mw":1.0,"gg_project_id":"GG2050-REPD-16255","name":"New Balance Athletic Shoes, Flimby To Maryport - Wind Turbine","operator":"New Balance Athletic Shoes UK Ltd","repd_ref":"16255","repd_technology":"Wind Onshore","status":"Application Withdrawn","technology":"wind_onshore"},"type":"Feature"},{"geometry":{"coordinates":[-2.8689066,58.9132985],"type":"Point"},"id":"GG2050-REPD-3321","properties":{"capacity_mw":1.0,"gg_project_id":"GG2050-REPD-3321","name":"New Holland","operator":"Windflow UK","repd_ref":"3321","repd_technology":"Wind Onshore","status":"Operational","technology":"wind_onshore"},"type":"Feature"},{"geometry":{"coordinates":[-0.7297693,53.8836725],"type":"Point"},"id":"GG2050-REPD-12846","properties":{"capacity_mw":1.0,"gg_project_id":"GG2050-REPD-12846","name":"North Farm Wind Turbines, Thorpe Le Street - Wind Turbine","operator":"Sellmor Farming Limited","repd_ref":"12846","repd_technology":"Wind Onshore","status":"Awaiting Construction","technology":"wind_onshore"},"type":"Feature"},{"geometry":{"coordinates":[-3.2417658,51.5994307],"type":"Point"},"id":"GG2050-REPD-5052","properties":{"capacity_mw":1.0,"gg_project_id":"GG2050-REPD-5052","name":"Pen yr Heol Las Farm","operator":"Private Developer","repd_ref":"5052","repd_technology":"Wind Onshore","status":"Appeal Refused","technology":"wind_onshore"},"type":"Feature"},{"geometry":{"coordinates":[-3.2466657,51.612273],"type":"Point"},"id":"GG2050-REPD-6343","properties":{"capacity_mw":1.0,"gg_project_id":"GG2050-REPD-6343","name":"Penyrheol Las Farm","operator":"Private Developer","repd_ref":"6343","repd_technology":"Wind Onshore","status":"Appeal Refused","technology":"wind_onshore"},"type":"Feature"},{"geometry":{"coordinates":[-3.4620514,56.3835833],"type":"Point"},"id":"GG2050-REPD-10900","properties":{"capacity_mw":1.0,"gg_project_id":"GG2050-REPD-10900","name":"Pitheavlis - Wind Turbine","operator":"Aviva Central Services UK Limited","repd_ref":"10900","repd_technology":"Wind Onshore","status":"Awaiting Construction","technology":"wind_onshore"},"type":"Feature"},{"geometry":{"coordinates":[-2.7378048,53.5113307],"type":"Point"},"id":"GG2050-REPD-3361","properties":{"capacity_mw":1.0,"gg_project_id":"GG2050-REPD-3361","name":"PROMISED LAND FARM","operator":"Private Developer","repd_ref":"3361","repd_technology":"Wind Onshore","status":"Operational","technology":"wind_onshore"},"type":"Feature"},{"geometry":{"coordinates":[-2.838551,51.3922035],"type":"Point"},"id":"GG2050-REPD-5211","properties":{"capacity_mw":1.0,"gg_project_id":"GG2050-REPD-5211","name":"Smart Systems","operator":"D2Smart Projects","repd_ref":"5211","repd_technology":"Wind Onshore","status":"Awaiting Construction","technology":"wind_onshore"},"type":"Feature"},{"geometry":{"coordinates":[-0.9304429,53.3439242],"type":"Point"},"id":"GG2050-REPD-4292","properties":{"capacity_mw":1.0,"gg_project_id":"GG2050-REPD-4292","name":"Smeath Road Wind Turbines","operator":"Private Developer","repd_ref":"4292","repd_technology":"Wind Onshore","status":"Appeal Refused","technology":"wind_onshore"},"type":"Feature"},{"geometry":{"coordinates":[-3.9489101,55.3790189],"type":"Point"},"id":"GG2050-REPD-4514","properties":{"capacity_mw":1.0,"gg_project_id":"GG2050-REPD-4514","name":"Sunnyside wind cluster","operator":"Sunnyside Wind Farm","repd_ref":"4514","repd_technology":"Wind Onshore","status":"Operational","technology":"wind_onshore"},"type":"Feature"},{"geometry":{"coordinates":[-2.9914199,52.4808226],"type":"Point"},"id":"GG2050-REPD-18149","properties":{"capacity_mw":1.0,"gg_project_id":"GG2050-REPD-18149","name":"The Conery - Wind Turbine","operator":"Shropshire & Telford Community Energy","repd_ref":"18149","repd_technology":"Wind Onshore","status":"Awaiting Construction","technology":"wind_onshore"},"type":"Feature"},{"geometry":{"coordinates":[-5.1347676,50.1674068],"type":"Point"},"id":"GG2050-REPD-17828","properties":{"capacity_mw":1.0,"gg_project_id":"GG2050-REPD-17828","name":"Treliever Cross Research Fields, Longdowns - Wind Turbine","operator":"University of Exeter","repd_ref":"17828","repd_technology":"Wind Onshore","status":"Awaiting Construction","technology":"wind_onshore"},"type":"Feature"},{"geometry":{"coordinates":[-2.1607168,53.7527578],"type":"Point"},"id":"GG2050-REPD-2619","properties":{"capacity_mw":1.0,"gg_project_id":"GG2050-REPD-2619","name":"Warcock Hill Project","operator":"Wind Turbine Developments Ltd","repd_ref":"2619","repd_technology":"Wind Onshore","status":"Application Refused","technology":"wind_onshore"},"type":"Feature"},{"geometry":{"coordinates":[-3.3440599,56.5465582],"type":"Point"},"id":"GG2050-REPD-16660","properties":{"capacity_mw":1.0,"gg_project_id":"GG2050-REPD-16660","name":"West of Hallhole Farm, Meikleour - Wind Turbine","operator":"The Meikleour Trust","repd_ref":"16660","repd_technology":"Wind Onshore","status":"Awaiting Construction","technology":"wind_onshore"},"type":"Feature"},{"geometry":{"coordinates":[-1.9420458,57.4308109],"type":"Point"},"id":"GG2050-REPD-3654","properties":{"capacity_mw":1.0,"gg_project_id":"GG2050-REPD-3654","name":"Yonderton Farm","operator":"J & G Energy Ltd","repd_ref":"3654","repd_technology":"Wind Onshore","status":"Application Refused","technology":"wind_onshore"},"type":"Feature"},{"geometry":{"coordinates":[-1.9418959,57.4308378],"type":"Point"},"id":"GG2050-REPD-3723","properties":{"capacity_mw":1.0,"gg_project_id":"GG2050-REPD-3723","name":"Yonderton Farm","operator":"Green Cat Renewables","repd_ref":"3723","repd_technology":"Wind Onshore","status":"Operational","technology":"wind_onshore"},"type":"Feature"}],"partition":5,"release":"9.1","schema":"globalgrid2050.v9.atlas-projects.v9.1","technology":"wind_onshore","type":"FeatureCollection"}
