{"feature_count":500,"features":[{"geometry":{"coordinates":[-6.3833336,58.2193992],"type":"Point"},"id":"GG2050-REPD-3139","properties":{"capacity_mw":652.0,"gg_project_id":"GG2050-REPD-3139","name":"Lewis Wind Farm (Barvas Moor)","operator":"Lewis WindPower (a joint venture between British Energy Renewables and AMEC WIND)","repd_ref":"3139","repd_technology":"Wind Onshore","status":"Application Refused","technology":"wind_onshore"},"type":"Feature"},{"geometry":{"coordinates":[-3.2525194,57.3221131],"type":"Point"},"id":"GG2050-REPD-14535","properties":{"capacity_mw":476.6,"gg_project_id":"GG2050-REPD-14535","name":"Dorenell Extension Wind Farm","operator":"Galileo","repd_ref":"14535","repd_technology":"Wind Onshore","status":"Application Submitted","technology":"wind_onshore"},"type":"Feature"},{"geometry":{"coordinates":[-1.2084287,60.3393257],"type":"Point"},"id":"GG2050-REPD-6828","properties":{"capacity_mw":443.0,"gg_project_id":"GG2050-REPD-6828","name":"Viking Wind Farm","operator":"Viking Energy Wind Farm","repd_ref":"6828","repd_technology":"Wind Onshore","status":"Operational","technology":"wind_onshore"},"type":"Feature"},{"geometry":{"coordinates":[-3.3315678,55.2733719],"type":"Point"},"id":"GG2050-REPD-7454","properties":{"capacity_mw":432.0,"gg_project_id":"GG2050-REPD-7454","name":"Scoop Hill Wind Farm","operator":"Community Wind Power Limited","repd_ref":"7454","repd_technology":"Wind Onshore","status":"Application Refused","technology":"wind_onshore"},"type":"Feature"},{"geometry":{"coordinates":[-1.2084287,60.3393257],"type":"Point"},"id":"GG2050-REPD-4622","properties":{"capacity_mw":370.0,"gg_project_id":"GG2050-REPD-4622","name":"Viking Wind Farm","operator":"Viking Energy / Scottish and Southern","repd_ref":"4622","repd_technology":"Wind Onshore","status":"Revised","technology":"wind_onshore"},"type":"Feature"},{"geometry":{"coordinates":[-3.5427343,55.4416344],"type":"Point"},"id":"GG2050-REPD-4011","properties":{"capacity_mw":350.0,"gg_project_id":"GG2050-REPD-4011","name":"Clyde Wind Farm","operator":"Scottish and Southern Energy (SSE)/ Greencoat UK Wind","repd_ref":"4011","repd_technology":"Wind Onshore","status":"Operational","technology":"wind_onshore"},"type":"Feature"},{"geometry":{"coordinates":[-2.9392264,55.3429613],"type":"Point"},"id":"GG2050-REPD-8921","properties":{"capacity_mw":350.0,"gg_project_id":"GG2050-REPD-8921","name":"Teviot Wind Farm","operator":"Muirhall Energy Limited","repd_ref":"8921","repd_technology":"Wind Onshore","status":"Application Submitted","technology":"wind_onshore"},"type":"Feature"},{"geometry":{"coordinates":[-4.2790607,55.6812073],"type":"Point"},"id":"GG2050-REPD-3489","properties":{"capacity_mw":322.0,"gg_project_id":"GG2050-REPD-3489","name":"Whitelee","operator":"CRE Energy/ Scottish Power","repd_ref":"3489","repd_technology":"Wind Onshore","status":"Operational","technology":"wind_onshore"},"type":"Feature"},{"geometry":{"coordinates":[-3.0241244,55.2538728],"type":"Point"},"id":"GG2050-REPD-6459","properties":{"capacity_mw":315.0,"gg_project_id":"GG2050-REPD-6459","name":"Faw Side Community Wind Farm","operator":"Community Windpower","repd_ref":"6459","repd_technology":"Wind Onshore","status":"Application Refused","technology":"wind_onshore"},"type":"Feature"},{"geometry":{"coordinates":[-6.4110121,57.3541845],"type":"Point"},"id":"GG2050-REPD-11000","properties":{"capacity_mw":310.2,"gg_project_id":"GG2050-REPD-11000","name":"Glen Ullinish II - Wind Farm","operator":"Muirhall Energy Limited","repd_ref":"11000","repd_technology":"Wind Onshore","status":"Application Submitted","technology":"wind_onshore"},"type":"Feature"},{"geometry":{"coordinates":[-4.0723864,55.3079168],"type":"Point"},"id":"GG2050-REPD-6629","properties":{"capacity_mw":308.0,"gg_project_id":"GG2050-REPD-6629","name":"Sanquhar 2 Community Wind Farm","operator":"Community Windpower","repd_ref":"6629","repd_technology":"Wind Onshore","status":"Under Construction","technology":"wind_onshore"},"type":"Feature"},{"geometry":{"coordinates":[-3.8262536,55.5334065],"type":"Point"},"id":"GG2050-REPD-13638","properties":{"capacity_mw":266.0,"gg_project_id":"GG2050-REPD-13638","name":"Bodinglee Wind Farm","operator":"Banks Group","repd_ref":"13638","repd_technology":"Wind Onshore","status":"Application Submitted","technology":"wind_onshore"},"type":"Feature"},{"geometry":{"coordinates":[-4.3766015,55.3743438],"type":"Point"},"id":"GG2050-REPD-3235","properties":{"capacity_mw":255.0,"gg_project_id":"GG2050-REPD-3235","name":"Kyle Windfarm","operator":"AMEC","repd_ref":"3235","repd_technology":"Wind Onshore","status":"Application Refused","technology":"wind_onshore"},"type":"Feature"},{"geometry":{"coordinates":[-1.1772775,60.3174973],"type":"Point"},"id":"GG2050-REPD-2978","properties":{"capacity_mw":250.0,"gg_project_id":"GG2050-REPD-2978","name":"North Nesting Wind, Shetland","operator":"Scottish and Southern Energy (SSE)","repd_ref":"2978","repd_technology":"Wind Onshore","status":"Abandoned","technology":"wind_onshore"},"type":"Feature"},{"geometry":{"coordinates":[-1.2081183,60.3895161],"type":"Point"},"id":"GG2050-REPD-3288","properties":{"capacity_mw":249.0,"gg_project_id":"GG2050-REPD-3288","name":"Muckla Moor","operator":"Scottish and Southern Energy (SSE)","repd_ref":"3288","repd_technology":"Wind Onshore","status":"Application Withdrawn","technology":"wind_onshore"},"type":"Feature"},{"geometry":{"coordinates":[-4.2931831,55.3173348],"type":"Point"},"id":"GG2050-REPD-4586","properties":{"capacity_mw":240.0,"gg_project_id":"GG2050-REPD-4586","name":"South Kyle Wind Farm","operator":"Vattenfall","repd_ref":"4586","repd_technology":"Wind Onshore","status":"Operational","technology":"wind_onshore"},"type":"Feature"},{"geometry":{"coordinates":[-4.8017159,54.9884529],"type":"Point"},"id":"GG2050-REPD-4386","properties":{"capacity_mw":239.0,"gg_project_id":"GG2050-REPD-4386","name":"Kilgallioch wind farm","operator":"Scottish Power Renewables","repd_ref":"4386","repd_technology":"Wind Onshore","status":"Operational","technology":"wind_onshore"},"type":"Feature"},{"geometry":{"coordinates":[-3.6957302,51.6555429],"type":"Point"},"id":"GG2050-REPD-4595","properties":{"capacity_mw":228.0,"gg_project_id":"GG2050-REPD-4595","name":"Pen Y Cymoedd","operator":"Vattenfall (previously Nuon Renewables)","repd_ref":"4595","repd_technology":"Wind Onshore","status":"Operational","technology":"wind_onshore"},"type":"Feature"},{"geometry":{"coordinates":[-4.5263701,57.1269254],"type":"Point"},"id":"GG2050-REPD-4597","properties":{"capacity_mw":227.7,"gg_project_id":"GG2050-REPD-4597","name":"Stronelairg Wind Farm","operator":"Scottish and Southern Energy (SSE)","repd_ref":"4597","repd_technology":"Wind Onshore","status":"Operational","technology":"wind_onshore"},"type":"Feature"},{"geometry":{"coordinates":[-3.5353231,57.4849762],"type":"Point"},"id":"GG2050-REPD-6372","properties":{"capacity_mw":225.0,"gg_project_id":"GG2050-REPD-6372","name":"Clash Gour","operator":"EDF Energy Renewables/ Force 9","repd_ref":"6372","repd_technology":"Wind Onshore","status":"Awaiting Construction","technology":"wind_onshore"},"type":"Feature"},{"geometry":{"coordinates":[-4.4413109,58.114426],"type":"Point"},"id":"GG2050-REPD-8999","properties":{"capacity_mw":222.0,"gg_project_id":"GG2050-REPD-8999","name":"Invershin Community Hall - Wind Farm & Battery Storage","operator":"Garvary Wind Farm Limited","repd_ref":"8999","repd_technology":"Wind Onshore","status":"Awaiting Construction","technology":"wind_onshore"},"type":"Feature"},{"geometry":{"coordinates":[-3.7603215,55.384388],"type":"Point"},"id":"GG2050-REPD-9317","properties":{"capacity_mw":208.0,"gg_project_id":"GG2050-REPD-9317","name":"Rivox Wind Farm - Wind farm","operator":"Belltown Power Limited","repd_ref":"9317","repd_technology":"Wind Onshore","status":"Application Submitted","technology":"wind_onshore"},"type":"Feature"},{"geometry":{"coordinates":[-4.0735313,58.4399547],"type":"Point"},"id":"GG2050-REPD-4418","properties":{"capacity_mw":208.0,"gg_project_id":"GG2050-REPD-4418","name":"Strathy South","operator":"Scottish and Southern Energy (SSE)","repd_ref":"4418","repd_technology":"Wind Onshore","status":"Under Construction","technology":"wind_onshore"},"type":"Feature"},{"geometry":{"coordinates":[-4.3596604,55.3517339],"type":"Point"},"id":"GG2050-REPD-6607","properties":{"capacity_mw":205.8,"gg_project_id":"GG2050-REPD-6607","name":"North Kyle Energy Project","operator":"Brockwell Energy","repd_ref":"6607","repd_technology":"Wind Onshore","status":"Under Construction","technology":"wind_onshore"},"type":"Feature"},{"geometry":{"coordinates":[-3.2621238,52.2576662],"type":"Point"},"id":"GG2050-REPD-12278","properties":{"capacity_mw":198.0,"gg_project_id":"GG2050-REPD-12278","name":"Radnor Forest, Llandegley - Nant Mithil Energy Park","operator":"Bute Energy","repd_ref":"12278","repd_technology":"Wind Onshore","status":"Application Submitted","technology":"wind_onshore"},"type":"Feature"},{"geometry":{"coordinates":[-6.3833336,58.2193992],"type":"Point"},"id":"GG2050-REPD-6665","properties":{"capacity_mw":196.0,"gg_project_id":"GG2050-REPD-6665","name":"Stornoway Wind Farm (second resubmission)","operator":"EDF Renewables UK / ESB","repd_ref":"6665","repd_technology":"Wind Onshore","status":"Awaiting Construction","technology":"wind_onshore"},"type":"Feature"},{"geometry":{"coordinates":[-5.6056332,55.4239005],"type":"Point"},"id":"GG2050-REPD-13569","properties":{"capacity_mw":191.4,"gg_project_id":"GG2050-REPD-13569","name":"Cnoc Buidhe Windfarm","operator":"Belltown Power Limited","repd_ref":"13569","repd_technology":"Wind Onshore","status":"Application Submitted","technology":"wind_onshore"},"type":"Feature"},{"geometry":{"coordinates":[-4.5457842,57.9563187],"type":"Point"},"id":"GG2050-REPD-17438","properties":{"capacity_mw":191.0,"gg_project_id":"GG2050-REPD-17438","name":"Inveroykel Wind Farm","operator":"RWE Renewables UK Swindon Limited","repd_ref":"17438","repd_technology":"Wind Onshore","status":"Application Submitted","technology":"wind_onshore"},"type":"Feature"},{"geometry":{"coordinates":[-4.0027535,57.3423326],"type":"Point"},"id":"GG2050-REPD-15963","properties":{"capacity_mw":187.2,"gg_project_id":"GG2050-REPD-15963","name":"Clune Wind Farm - Wind Farm","operator":"Renewable Energy Systems","repd_ref":"15963","repd_technology":"Wind Onshore","status":"Application Submitted","technology":"wind_onshore"},"type":"Feature"},{"geometry":{"coordinates":[-5.4822072,56.3859291],"type":"Point"},"id":"GG2050-REPD-3441","properties":{"capacity_mw":180.0,"gg_project_id":"GG2050-REPD-3441","name":"Tullich Wind Farm","operator":"Savills","repd_ref":"3441","repd_technology":"Wind Onshore","status":"Application Withdrawn","technology":"wind_onshore"},"type":"Feature"},{"geometry":{"coordinates":[-3.131681,57.3509004],"type":"Point"},"id":"GG2050-REPD-4244","properties":{"capacity_mw":177.0,"gg_project_id":"GG2050-REPD-4244","name":"Dorenell Wind Farm (Previously Site A and B Scaut Hill)","operator":"EDF Energy Renewables/ Infinergy","repd_ref":"4244","repd_technology":"Wind Onshore","status":"Operational","technology":"wind_onshore"},"type":"Feature"},{"geometry":{"coordinates":[-3.131681,57.3509004],"type":"Point"},"id":"GG2050-REPD-5051","properties":{"capacity_mw":174.9,"gg_project_id":"GG2050-REPD-5051","name":"Dorenell Wind Farm (extension)","operator":"EDF Energy Renewables","repd_ref":"5051","repd_technology":"Wind Onshore","status":"Abandoned","technology":"wind_onshore"},"type":"Feature"},{"geometry":{"coordinates":[-3.5479017,55.504143],"type":"Point"},"id":"GG2050-REPD-4178","properties":{"capacity_mw":172.8,"gg_project_id":"GG2050-REPD-4178","name":"Clyde Wind Farm Extension (Clyde 2)","operator":"Scottish and Southern Energy (SSE)/ GIB","repd_ref":"4178","repd_technology":"Wind Onshore","status":"Operational","technology":"wind_onshore"},"type":"Feature"},{"geometry":{"coordinates":[-4.3869497,57.0119462],"type":"Point"},"id":"GG2050-REPD-6518","properties":{"capacity_mw":168.0,"gg_project_id":"GG2050-REPD-6518","name":"Glenshero Wind Farm","operator":"RES/ SIMEC","repd_ref":"6518","repd_technology":"Wind Onshore","status":"Application Refused","technology":"wind_onshore"},"type":"Feature"},{"geometry":{"coordinates":[-3.8036878,55.5551838],"type":"Point"},"id":"GG2050-REPD-16025","properties":{"capacity_mw":165.0,"gg_project_id":"GG2050-REPD-16025","name":"M74 West Renewable Energy Park","operator":"Renewco Power","repd_ref":"16025","repd_technology":"Wind Onshore","status":"Application Submitted","technology":"wind_onshore"},"type":"Feature"},{"geometry":{"coordinates":[-6.547408,58.0421956],"type":"Point"},"id":"GG2050-REPD-11872","properties":{"capacity_mw":165.0,"gg_project_id":"GG2050-REPD-11872","name":"Uisenis Wind Farm","operator":"Uisenis Power Limited","repd_ref":"11872","repd_technology":"Wind Onshore","status":"Awaiting Construction","technology":"wind_onshore"},"type":"Feature"},{"geometry":{"coordinates":[-3.7337525,56.5812233],"type":"Point"},"id":"GG2050-REPD-4028","properties":{"capacity_mw":156.0,"gg_project_id":"GG2050-REPD-4028","name":"Griffin Wind farm","operator":"Greenpower (Griffin) Ltd","repd_ref":"4028","repd_technology":"Wind Onshore","status":"Operational","technology":"wind_onshore"},"type":"Feature"},{"geometry":{"coordinates":[-3.5793487,52.667751],"type":"Point"},"id":"GG2050-REPD-3989","properties":{"capacity_mw":150.0,"gg_project_id":"GG2050-REPD-3989","name":"Carnedd Wen Wind Farm","operator":"Innogy","repd_ref":"3989","repd_technology":"Wind Onshore","status":"Application Withdrawn","technology":"wind_onshore"},"type":"Feature"},{"geometry":{"coordinates":[-3.0315904,55.2505658],"type":"Point"},"id":"GG2050-REPD-3560","properties":{"capacity_mw":150.0,"gg_project_id":"GG2050-REPD-3560","name":"Corbie Shank","operator":"Renewable Development Company Ltd","repd_ref":"3560","repd_technology":"Wind Onshore","status":"Application Withdrawn","technology":"wind_onshore"},"type":"Feature"},{"geometry":{"coordinates":[-2.5209072,57.112818],"type":"Point"},"id":"GG2050-REPD-2975","properties":{"capacity_mw":150.0,"gg_project_id":"GG2050-REPD-2975","name":"Hill of Fare Wind Farm","operator":"Infinergy","repd_ref":"2975","repd_technology":"Wind Onshore","status":"Abandoned","technology":"wind_onshore"},"type":"Feature"},{"geometry":{"coordinates":[-3.5892971,55.5380943],"type":"Point"},"id":"GG2050-REPD-8003","properties":{"capacity_mw":147.0,"gg_project_id":"GG2050-REPD-8003","name":"Grayside Wind Farm","operator":"Grayside WF","repd_ref":"8003","repd_technology":"Wind Onshore","status":"Application Submitted","technology":"wind_onshore"},"type":"Feature"},{"geometry":{"coordinates":[-3.8424875,55.416259],"type":"Point"},"id":"GG2050-REPD-5181","properties":{"capacity_mw":147.0,"gg_project_id":"GG2050-REPD-5181","name":"Lowther Hills (North Lowther Energy Initiative)","operator":"Forsa (formerly 2020 Renewables/ Buccleuch)","repd_ref":"5181","repd_technology":"Wind Onshore","status":"Appeal Refused","technology":"wind_onshore"},"type":"Feature"},{"geometry":{"coordinates":[-3.8226093,56.5468762],"type":"Point"},"id":"GG2050-REPD-18494","properties":{"capacity_mw":147.0,"gg_project_id":"GG2050-REPD-18494","name":"Meall Dearg Wind Farm - Wind Farm","operator":"Energiekontor (UK) Limited","repd_ref":"18494","repd_technology":"Wind Onshore","status":"Application Submitted","technology":"wind_onshore"},"type":"Feature"},{"geometry":{"coordinates":[-4.4853021,55.0140936],"type":"Point"},"id":"GG2050-REPD-14770","properties":{"capacity_mw":145.0,"gg_project_id":"GG2050-REPD-14770","name":"Blair Hill Wind Farm","operator":"RES Limited","repd_ref":"14770","repd_technology":"Wind Onshore","status":"Application Submitted","technology":"wind_onshore"},"type":"Feature"},{"geometry":{"coordinates":[-4.5076118,57.469683],"type":"Point"},"id":"GG2050-REPD-17147","properties":{"capacity_mw":144.0,"gg_project_id":"GG2050-REPD-17147","name":"Ballach Wind Farm","operator":"Energiekontor (UK) Limited","repd_ref":"17147","repd_technology":"Wind Onshore","status":"Application Submitted","technology":"wind_onshore"},"type":"Feature"},{"geometry":{"coordinates":[-2.6880277,55.831308],"type":"Point"},"id":"GG2050-REPD-4059","properties":{"capacity_mw":144.0,"gg_project_id":"GG2050-REPD-4059","name":"Fallago Rig","operator":"EDF Energy Renewables","repd_ref":"4059","repd_technology":"Wind Onshore","status":"Operational","technology":"wind_onshore"},"type":"Feature"},{"geometry":{"coordinates":[-2.9877884,57.3531453],"type":"Point"},"id":"GG2050-REPD-8004","properties":{"capacity_mw":138.6,"gg_project_id":"GG2050-REPD-8004","name":"Clashindarroch Wind Farm Extension","operator":"Infinergy","repd_ref":"8004","repd_technology":"Wind Onshore","status":"Awaiting Construction","technology":"wind_onshore"},"type":"Feature"},{"geometry":{"coordinates":[-2.5293114,55.8994812],"type":"Point"},"id":"GG2050-REPD-3440","properties":{"capacity_mw":138.0,"gg_project_id":"GG2050-REPD-3440","name":"Crystal Rig Wind Farm Phase 2a","operator":"Fred Olsen Renewables","repd_ref":"3440","repd_technology":"Wind Onshore","status":"Operational","technology":"wind_onshore"},"type":"Feature"},{"geometry":{"coordinates":[-4.9152857,57.1008835],"type":"Point"},"id":"GG2050-REPD-15422","properties":{"capacity_mw":136.8,"gg_project_id":"GG2050-REPD-15422","name":"Beinneun II Windfarm","operator":"Beinneun 2 Ltd","repd_ref":"15422","repd_technology":"Wind Onshore","status":"Application Submitted","technology":"wind_onshore"},"type":"Feature"},{"geometry":{"coordinates":[-3.5741976,55.2390294],"type":"Point"},"id":"GG2050-REPD-4119","properties":{"capacity_mw":136.0,"gg_project_id":"GG2050-REPD-4119","name":"Harestanes","operator":"Scottish Power Renewables","repd_ref":"4119","repd_technology":"Wind Onshore","status":"Operational","technology":"wind_onshore"},"type":"Feature"},{"geometry":{"coordinates":[-2.6398454,55.8739508],"type":"Point"},"id":"GG2050-REPD-12289","properties":{"capacity_mw":136.0,"gg_project_id":"GG2050-REPD-12289","name":"Newlands Hill Wind Energy Hub","operator":"Belltown Power Limited","repd_ref":"12289","repd_technology":"Wind Onshore","status":"Application Submitted","technology":"wind_onshore"},"type":"Feature"},{"geometry":{"coordinates":[-4.5291193,57.7983133],"type":"Point"},"id":"GG2050-REPD-4372","properties":{"capacity_mw":134.0,"gg_project_id":"GG2050-REPD-4372","name":"Glenmorie Wind Farm","operator":"Wind Energy (Glenmorie) Ltd","repd_ref":"4372","repd_technology":"Wind Onshore","status":"Application Refused","technology":"wind_onshore"},"type":"Feature"},{"geometry":{"coordinates":[-4.2293307,57.4842118],"type":"Point"},"id":"GG2050-REPD-16176","properties":{"capacity_mw":133.0,"gg_project_id":"GG2050-REPD-16176","name":"Highland Wind Farm - Wind Farm","operator":"Highland Wind Farm Limited","repd_ref":"16176","repd_technology":"Wind Onshore","status":"Application Submitted","technology":"wind_onshore"},"type":"Feature"},{"geometry":{"coordinates":[-3.3204008,57.5152584],"type":"Point"},"id":"GG2050-REPD-6275","properties":{"capacity_mw":132.0,"gg_project_id":"GG2050-REPD-6275","name":"Rothes Wind Farm III","operator":"Fred Olsen Renewables","repd_ref":"6275","repd_technology":"Wind Onshore","status":"Awaiting Construction","technology":"wind_onshore"},"type":"Feature"},{"geometry":{"coordinates":[-3.8702589,55.5584544],"type":"Point"},"id":"GG2050-REPD-12284","properties":{"capacity_mw":130.0,"gg_project_id":"GG2050-REPD-12284","name":"Hagshaw Energy Cluster – Western Expansion","operator":"3R Energy Solutions Limited","repd_ref":"12284","repd_technology":"Wind Onshore","status":"Application Submitted","technology":"wind_onshore"},"type":"Feature"},{"geometry":{"coordinates":[-3.709728,51.591855],"type":"Point"},"id":"GG2050-REPD-10036","properties":{"capacity_mw":130.0,"gg_project_id":"GG2050-REPD-10036","name":"Y Bryn Wind Farm","operator":"ESB / Coriolis Energy","repd_ref":"10036","repd_technology":"Wind Onshore","status":"Application Refused","technology":"wind_onshore"},"type":"Feature"},{"geometry":{"coordinates":[-3.4900404,56.3968987],"type":"Point"},"id":"GG2050-REPD-12824","properties":{"capacity_mw":129.6,"gg_project_id":"GG2050-REPD-12824","name":"Brunt Hill Wind Farm & Battery Storage","operator":"E Power Limited","repd_ref":"12824","repd_technology":"Wind Onshore","status":"Application Submitted","technology":"wind_onshore"},"type":"Feature"},{"geometry":{"coordinates":[-2.8579412,57.3710306],"type":"Point"},"id":"GG2050-REPD-3104","properties":{"capacity_mw":129.0,"gg_project_id":"GG2050-REPD-3104","name":"Clashindarroch","operator":"AMEC","repd_ref":"3104","repd_technology":"Wind Onshore","status":"Revised","technology":"wind_onshore"},"type":"Feature"},{"geometry":{"coordinates":[-3.0683687,55.1173042],"type":"Point"},"id":"GG2050-REPD-10999","properties":{"capacity_mw":126.0,"gg_project_id":"GG2050-REPD-10999","name":"Bloch Wind Farm & Battery Storage (Solway Bank Extension)","operator":"Renewable Energy Systems (RES)","repd_ref":"10999","repd_technology":"Wind Onshore","status":"Application Submitted","technology":"wind_onshore"},"type":"Feature"},{"geometry":{"coordinates":[-3.8874743,55.5990186],"type":"Point"},"id":"GG2050-REPD-3328","properties":{"capacity_mw":126.0,"gg_project_id":"GG2050-REPD-3328","name":"Cumberhead West Wind Farm","operator":"3R Energy Solutions Limited","repd_ref":"3328","repd_technology":"Wind Onshore","status":"Under Construction","technology":"wind_onshore"},"type":"Feature"},{"geometry":{"coordinates":[-1.0897091,60.7041116],"type":"Point"},"id":"GG2050-REPD-14999","properties":{"capacity_mw":126.0,"gg_project_id":"GG2050-REPD-14999","name":"Energy Isles Wind Farm","operator":"Energy Isles / Stratcraft","repd_ref":"14999","repd_technology":"Wind Onshore","status":"Awaiting Construction","technology":"wind_onshore"},"type":"Feature"},{"geometry":{"coordinates":[-4.1075004,55.3131129],"type":"Point"},"id":"GG2050-REPD-3586","properties":{"capacity_mw":126.0,"gg_project_id":"GG2050-REPD-3586","name":"Euchanhead Wind Farm","operator":"ScottishPower Renewables UK Limited","repd_ref":"3586","repd_technology":"Wind Onshore","status":"Application Submitted","technology":"wind_onshore"},"type":"Feature"},{"geometry":{"coordinates":[-1.0897091,60.7041116],"type":"Point"},"id":"GG2050-REPD-4318","properties":{"capacity_mw":126.0,"gg_project_id":"GG2050-REPD-4318","name":"Yell Wind Farm","operator":"Energy Isles","repd_ref":"4318","repd_technology":"Wind Onshore","status":"Revised","technology":"wind_onshore"},"type":"Feature"},{"geometry":{"coordinates":[-2.7286874,55.794504],"type":"Point"},"id":"GG2050-REPD-13538","properties":{"capacity_mw":125.4,"gg_project_id":"GG2050-REPD-13538","name":"Longcroft Wind Farm","operator":"Renewable Energy Systems","repd_ref":"13538","repd_technology":"Wind Onshore","status":"Application Submitted","technology":"wind_onshore"},"type":"Feature"},{"geometry":{"coordinates":[-4.5355085,57.1868344],"type":"Point"},"id":"GG2050-REPD-6733","properties":{"capacity_mw":125.0,"gg_project_id":"GG2050-REPD-6733","name":"Cloiche Wind Farm","operator":"Scottish & Southern (SSE)","repd_ref":"6733","repd_technology":"Wind Onshore","status":"Awaiting Construction","technology":"wind_onshore"},"type":"Feature"},{"geometry":{"coordinates":[-3.7625667,55.7621894],"type":"Point"},"id":"GG2050-REPD-3116","properties":{"capacity_mw":124.0,"gg_project_id":"GG2050-REPD-3116","name":"Black Law","operator":"Scottish Power Renewables","repd_ref":"3116","repd_technology":"Wind Onshore","status":"Operational","technology":"wind_onshore"},"type":"Feature"},{"geometry":{"coordinates":[-4.7970536,55.0687851],"type":"Point"},"id":"GG2050-REPD-3258","properties":{"capacity_mw":120.0,"gg_project_id":"GG2050-REPD-3258","name":"Arecleoch Windfarm","operator":"Scottish Power Renewables","repd_ref":"3258","repd_technology":"Wind Onshore","status":"Operational","technology":"wind_onshore"},"type":"Feature"},{"geometry":{"coordinates":[-4.7319066,55.2568236],"type":"Point"},"id":"GG2050-REPD-3109","properties":{"capacity_mw":120.0,"gg_project_id":"GG2050-REPD-3109","name":"Hadyard Hill","operator":"Scottish and Southern Energy (SSE)","repd_ref":"3109","repd_technology":"Wind Onshore","status":"Operational","technology":"wind_onshore"},"type":"Feature"},{"geometry":{"coordinates":[-3.2147402,58.5987227],"type":"Point"},"id":"GG2050-REPD-3206","properties":{"capacity_mw":120.0,"gg_project_id":"GG2050-REPD-3206","name":"Scoolary","operator":"British Energy","repd_ref":"3206","repd_technology":"Wind Onshore","status":"Application Withdrawn","technology":"wind_onshore"},"type":"Feature"},{"geometry":{"coordinates":[-6.6944132,54.6099636],"type":"Point"},"id":"GG2050-REPD-4634","properties":{"capacity_mw":119.0,"gg_project_id":"GG2050-REPD-4634","name":"Doraville Wind Farm","operator":"Scottish and Southern Energy (SSE)","repd_ref":"4634","repd_technology":"Wind Onshore","status":"Application Refused","technology":"wind_onshore"},"type":"Feature"},{"geometry":{"coordinates":[-6.6325935,58.0270654],"type":"Point"},"id":"GG2050-REPD-4523","properties":{"capacity_mw":118.8,"gg_project_id":"GG2050-REPD-4523","name":"Uisenis/Eishken (Muaitheabhal) Wind Farm","operator":"EDF & AMEC (Lewis Wind Power)","repd_ref":"4523","repd_technology":"Wind Onshore","status":"Revised","technology":"wind_onshore"},"type":"Feature"},{"geometry":{"coordinates":[-4.4426693,55.7563903],"type":"Point"},"id":"GG2050-REPD-4001","properties":{"capacity_mw":117.0,"gg_project_id":"GG2050-REPD-4001","name":"Harelaw Renewable Energy Park","operator":"Gamesa Energy","repd_ref":"4001","repd_technology":"Wind Onshore","status":"Application Refused","technology":"wind_onshore"},"type":"Feature"},{"geometry":{"coordinates":[-3.6915632,58.5129363],"type":"Point"},"id":"GG2050-REPD-3284","properties":{"capacity_mw":116.0,"gg_project_id":"GG2050-REPD-3284","name":"Broubster Forest","operator":"Scottish and Southern Energy (SSE)","repd_ref":"3284","repd_technology":"Wind Onshore","status":"Application Withdrawn","technology":"wind_onshore"},"type":"Feature"},{"geometry":{"coordinates":[-5.4852085,55.7633184],"type":"Point"},"id":"GG2050-REPD-7337","properties":{"capacity_mw":114.0,"gg_project_id":"GG2050-REPD-7337","name":"Sheirdrim Renewable Energy Development - Wind","operator":"ScottishPower Renewables","repd_ref":"7337","repd_technology":"Wind Onshore","status":"Appeal Refused","technology":"wind_onshore"},"type":"Feature"},{"geometry":{"coordinates":[-3.5154795,55.7609924],"type":"Point"},"id":"GG2050-REPD-3583","properties":{"capacity_mw":111.0,"gg_project_id":"GG2050-REPD-3583","name":"Harrow's Law","operator":"Scottish and Southern Energy (SSE)","repd_ref":"3583","repd_technology":"Wind Onshore","status":"Revised","technology":"wind_onshore"},"type":"Feature"},{"geometry":{"coordinates":[-4.5819056,57.2191479],"type":"Point"},"id":"GG2050-REPD-4640","properties":{"capacity_mw":110.0,"gg_project_id":"GG2050-REPD-4640","name":"Bhlaraidh (previously Balmacaan)","operator":"Scottish and Southern Energy (SSE)","repd_ref":"4640","repd_technology":"Wind Onshore","status":"Operational","technology":"wind_onshore"},"type":"Feature"},{"geometry":{"coordinates":[-4.3176305,55.6394283],"type":"Point"},"id":"GG2050-REPD-2757","properties":{"capacity_mw":109.0,"gg_project_id":"GG2050-REPD-2757","name":"Whitelee Windfarm Extension phase 2","operator":"Scottish Power","repd_ref":"2757","repd_technology":"Wind Onshore","status":"Operational","technology":"wind_onshore"},"type":"Feature"},{"geometry":{"coordinates":[-4.3991602,58.0238116],"type":"Point"},"id":"GG2050-REPD-16937","properties":{"capacity_mw":108.5,"gg_project_id":"GG2050-REPD-16937","name":"Coille Linne Wind Farm- Wind Turbines","operator":"Energiekontor (UK) Limited","repd_ref":"16937","repd_technology":"Wind Onshore","status":"Application Submitted","technology":"wind_onshore"},"type":"Feature"},{"geometry":{"coordinates":[-2.5634692,55.815517],"type":"Point"},"id":"GG2050-REPD-10865","properties":{"capacity_mw":108.0,"gg_project_id":"GG2050-REPD-10865","name":"Dunside Wind Farm","operator":"EDF Energy","repd_ref":"10865","repd_technology":"Wind Onshore","status":"Awaiting Construction","technology":"wind_onshore"},"type":"Feature"},{"geometry":{"coordinates":[-3.0571886,55.7781182],"type":"Point"},"id":"GG2050-REPD-13176","properties":{"capacity_mw":108.0,"gg_project_id":"GG2050-REPD-13176","name":"Penicuik, Moorfoot Hills - Torfichen Wind Farm","operator":"RES Limited","repd_ref":"13176","repd_technology":"Wind Onshore","status":"Application Submitted","technology":"wind_onshore"},"type":"Feature"},{"geometry":{"coordinates":[-4.2867777,55.677154],"type":"Point"},"id":"GG2050-REPD-3981","properties":{"capacity_mw":108.0,"gg_project_id":"GG2050-REPD-3981","name":"Whitelee Windfarm Extension Phase 1","operator":"Scottish Power Renewables","repd_ref":"3981","repd_technology":"Wind Onshore","status":"Operational","technology":"wind_onshore"},"type":"Feature"},{"geometry":{"coordinates":[-2.9436209,57.5248818],"type":"Point"},"id":"GG2050-REPD-10075","properties":{"capacity_mw":105.6,"gg_project_id":"GG2050-REPD-10075","name":"Aultmore Forest - Buckie - Windfarm","operator":"Vattenfall","repd_ref":"10075","repd_technology":"Wind Onshore","status":"Application Submitted","technology":"wind_onshore"},"type":"Feature"},{"geometry":{"coordinates":[-2.4959471,57.1144194],"type":"Point"},"id":"GG2050-REPD-12025","properties":{"capacity_mw":105.6,"gg_project_id":"GG2050-REPD-12025","name":"Hill of Fare - Hill of Fare Wind Farm & Battery Storage","operator":"RES Limited","repd_ref":"12025","repd_technology":"Wind Onshore","status":"Application Submitted","technology":"wind_onshore"},"type":"Feature"},{"geometry":{"coordinates":[-4.0818092,55.4205973],"type":"Point"},"id":"GG2050-REPD-6827","properties":{"capacity_mw":105.6,"gg_project_id":"GG2050-REPD-6827","name":"Lethans Wind Farm","operator":"OnPath Energy Limited","repd_ref":"6827","repd_technology":"Wind Onshore","status":"Awaiting Construction","technology":"wind_onshore"},"type":"Feature"},{"geometry":{"coordinates":[-4.4873812,58.1001646],"type":"Point"},"id":"GG2050-REPD-12027","properties":{"capacity_mw":105.6,"gg_project_id":"GG2050-REPD-12027","name":"Shinness Wind Farm","operator":"Shinness Wind Farm Limited","repd_ref":"12027","repd_technology":"Wind Onshore","status":"Application Submitted","technology":"wind_onshore"},"type":"Feature"},{"geometry":{"coordinates":[-3.5838321,57.4302566],"type":"Point"},"id":"GG2050-REPD-5949","properties":{"capacity_mw":105.0,"gg_project_id":"GG2050-REPD-5949","name":"Ourack","operator":"Vattenfall","repd_ref":"5949","repd_technology":"Wind Onshore","status":"Awaiting Construction","technology":"wind_onshore"},"type":"Feature"},{"geometry":{"coordinates":[-2.579251,56.966286],"type":"Point"},"id":"GG2050-REPD-6057","properties":{"capacity_mw":104.0,"gg_project_id":"GG2050-REPD-6057","name":"Glendye Estate","operator":"Coriolis Energy/ ESB","repd_ref":"6057","repd_technology":"Wind Onshore","status":"Awaiting Construction","technology":"wind_onshore"},"type":"Feature"},{"geometry":{"coordinates":[-4.1836429,56.4372794],"type":"Point"},"id":"GG2050-REPD-13002","properties":{"capacity_mw":104.0,"gg_project_id":"GG2050-REPD-13002","name":"Glentarken Wind Farm","operator":"SSE Renewables Wind Farms UK Ltd","repd_ref":"13002","repd_technology":"Wind Onshore","status":"Application Submitted","technology":"wind_onshore"},"type":"Feature"},{"geometry":{"coordinates":[-3.7792388,57.3995183],"type":"Point"},"id":"GG2050-REPD-8489","properties":{"capacity_mw":102.0,"gg_project_id":"GG2050-REPD-8489","name":"Lethen Wind Farm Wind Turbines and Energy Storage","operator":"Fred Olsen Renewables Ltd","repd_ref":"8489","repd_technology":"Wind Onshore","status":"Application Refused","technology":"wind_onshore"},"type":"Feature"},{"geometry":{"coordinates":[-3.4227181,52.4460232],"type":"Point"},"id":"GG2050-REPD-3983","properties":{"capacity_mw":102.0,"gg_project_id":"GG2050-REPD-3983","name":"Llandinam Windfarm Repowering and Extension","operator":"Scottish Power (formerly CeltPower Ltd/Eurus Energy)","repd_ref":"3983","repd_technology":"Wind Onshore","status":"Awaiting Construction","technology":"wind_onshore"},"type":"Feature"},{"geometry":{"coordinates":[-4.0026749,57.3427202],"type":"Point"},"id":"GG2050-REPD-16396","properties":{"capacity_mw":100.8,"gg_project_id":"GG2050-REPD-16396","name":"Lynemore Wind Farm","operator":"Galileo Empower UK Limited","repd_ref":"16396","repd_technology":"Wind Onshore","status":"Application Submitted","technology":"wind_onshore"},"type":"Feature"},{"geometry":{"coordinates":[-4.4061413,55.3237629],"type":"Point"},"id":"GG2050-REPD-16795","properties":{"capacity_mw":100.0,"gg_project_id":"GG2050-REPD-16795","name":"Breezy Hill, North Kyle Forest Estate - Wind Turbines","operator":"Brockwell Energy Limited","repd_ref":"16795","repd_technology":"Wind Onshore","status":"Application Submitted","technology":"wind_onshore"},"type":"Feature"},{"geometry":{"coordinates":[-4.6772407,55.1633696],"type":"Point"},"id":"GG2050-REPD-7206","properties":{"capacity_mw":100.0,"gg_project_id":"GG2050-REPD-7206","name":"Clauchrie Windfarm","operator":"ScottishPower Renewables","repd_ref":"7206","repd_technology":"Wind Onshore","status":"Application Refused","technology":"wind_onshore"},"type":"Feature"},{"geometry":{"coordinates":[-3.5781144,55.337835],"type":"Point"},"id":"GG2050-REPD-2908","properties":{"capacity_mw":100.0,"gg_project_id":"GG2050-REPD-2908","name":"Daer Wind Farm","operator":"E.ON Climate & Renewables UK Developments","repd_ref":"2908","repd_technology":"Wind Onshore","status":"Application Submitted","technology":"wind_onshore"},"type":"Feature"},{"geometry":{"coordinates":[-4.7111598,55.2108026],"type":"Point"},"id":"GG2050-REPD-14295","properties":{"capacity_mw":100.0,"gg_project_id":"GG2050-REPD-14295","name":"Knockodhar Wind Farm","operator":"REG Knockodhar Limited","repd_ref":"14295","repd_technology":"Wind Onshore","status":"Application Submitted","technology":"wind_onshore"},"type":"Feature"},{"geometry":{"coordinates":[-5.2693051,56.2077084],"type":"Point"},"id":"GG2050-REPD-11667","properties":{"capacity_mw":100.0,"gg_project_id":"GG2050-REPD-11667","name":"Loch Awe - Eredine Wind Farm","operator":"RWE Renewables UK Limited","repd_ref":"11667","repd_technology":"Wind Onshore","status":"Application Submitted","technology":"wind_onshore"},"type":"Feature"},{"geometry":{"coordinates":[-5.0286878,54.9860115],"type":"Point"},"id":"GG2050-REPD-10537","properties":{"capacity_mw":99.4,"gg_project_id":"GG2050-REPD-10537","name":"Mid Moile Wind Farm","operator":"EnergieKontor UK Limited","repd_ref":"10537","repd_technology":"Wind Onshore","status":"Awaiting Construction","technology":"wind_onshore"},"type":"Feature"},{"geometry":{"coordinates":[-3.7610272,55.5510234],"type":"Point"},"id":"GG2050-REPD-3259","properties":{"capacity_mw":99.0,"gg_project_id":"GG2050-REPD-3259","name":"Limmer Hill","operator":"West Coast Energy (for RDC/Falk)","repd_ref":"3259","repd_technology":"Wind Onshore","status":"Application Withdrawn","technology":"wind_onshore"},"type":"Feature"},{"geometry":{"coordinates":[-4.8575551,55.734951],"type":"Point"},"id":"GG2050-REPD-15795","properties":{"capacity_mw":98.0,"gg_project_id":"GG2050-REPD-15795","name":"Crosbie Wind Farm","operator":"Galileo Green Energy Scotland Limited (GGE Scotland)","repd_ref":"15795","repd_technology":"Wind Onshore","status":"Application Submitted","technology":"wind_onshore"},"type":"Feature"},{"geometry":{"coordinates":[-4.3444341,58.1203694],"type":"Point"},"id":"GG2050-REPD-7711","properties":{"capacity_mw":96.0,"gg_project_id":"GG2050-REPD-7711","name":"Chleansaid Onshore Wind Farm","operator":"ESB","repd_ref":"7711","repd_technology":"Wind Onshore","status":"Awaiting Construction","technology":"wind_onshore"},"type":"Feature"},{"geometry":{"coordinates":[-3.489152,53.0710409],"type":"Point"},"id":"GG2050-REPD-4552","properties":{"capacity_mw":96.0,"gg_project_id":"GG2050-REPD-4552","name":"Clocaenog Forest Wind Farm","operator":"RWE Innogy UK","repd_ref":"4552","repd_technology":"Wind Onshore","status":"Operational","technology":"wind_onshore"},"type":"Feature"},{"geometry":{"coordinates":[-4.2626128,55.2125452],"type":"Point"},"id":"GG2050-REPD-13237","properties":{"capacity_mw":96.0,"gg_project_id":"GG2050-REPD-13237","name":"Quantans Hill Wind Farm","operator":"Vattenfall Wind Power Limited","repd_ref":"13237","repd_technology":"Wind Onshore","status":"Application Submitted","technology":"wind_onshore"},"type":"Feature"},{"geometry":{"coordinates":[-4.2558024,57.251481],"type":"Point"},"id":"GG2050-REPD-4118","properties":{"capacity_mw":94.0,"gg_project_id":"GG2050-REPD-4118","name":"Dunmaglass Wind Farm","operator":"Scottish and Southern Energy (SSE)","repd_ref":"4118","repd_technology":"Wind Onshore","status":"Operational","technology":"wind_onshore"},"type":"Feature"},{"geometry":{"coordinates":[-6.4838985,58.0534732],"type":"Point"},"id":"GG2050-REPD-4025","properties":{"capacity_mw":94.0,"gg_project_id":"GG2050-REPD-4025","name":"Pairc Windfarm","operator":"Scottish and Southern Energy (SSE)","repd_ref":"4025","repd_technology":"Wind Onshore","status":"Application Withdrawn","technology":"wind_onshore"},"type":"Feature"},{"geometry":{"coordinates":[-2.9301872,55.3764047],"type":"Point"},"id":"GG2050-REPD-17153","properties":{"capacity_mw":93.6,"gg_project_id":"GG2050-REPD-17153","name":"Mid Hill Wind Farm","operator":"Invenergy Services UK","repd_ref":"17153","repd_technology":"Wind Onshore","status":"Application Submitted","technology":"wind_onshore"},"type":"Feature"},{"geometry":{"coordinates":[-4.0285559,57.1824142],"type":"Point"},"id":"GG2050-REPD-4581","properties":{"capacity_mw":93.0,"gg_project_id":"GG2050-REPD-4581","name":"Allt Duine Wind Farm","operator":"RWE npower","repd_ref":"4581","repd_technology":"Wind Onshore","status":"Application Refused","technology":"wind_onshore"},"type":"Feature"},{"geometry":{"coordinates":[-3.889209,57.3602255],"type":"Point"},"id":"GG2050-REPD-4020","properties":{"capacity_mw":93.0,"gg_project_id":"GG2050-REPD-4020","name":"Glenkirk","operator":"Eurus Energy","repd_ref":"4020","repd_technology":"Wind Onshore","status":"Application Refused","technology":"wind_onshore"},"type":"Feature"},{"geometry":{"coordinates":[-4.6810792,55.3545489],"type":"Point"},"id":"GG2050-REPD-7877","properties":{"capacity_mw":92.4,"gg_project_id":"GG2050-REPD-7877","name":"Craiginmoddie Wind Farm","operator":"Energiekontor (UK) Limited","repd_ref":"7877","repd_technology":"Wind Onshore","status":"Awaiting Construction","technology":"wind_onshore"},"type":"Feature"},{"geometry":{"coordinates":[-4.5112105,58.2193016],"type":"Point"},"id":"GG2050-REPD-4300","properties":{"capacity_mw":92.4,"gg_project_id":"GG2050-REPD-4300","name":"Creag Riabhach Wind Farm","operator":"ERG","repd_ref":"4300","repd_technology":"Wind Onshore","status":"Operational","technology":"wind_onshore"},"type":"Feature"},{"geometry":{"coordinates":[-4.3962363,55.3231577],"type":"Point"},"id":"GG2050-REPD-10708","properties":{"capacity_mw":92.4,"gg_project_id":"GG2050-REPD-10708","name":"South Kyle Wind Farm 2","operator":"Vattenfall","repd_ref":"10708","repd_technology":"Wind Onshore","status":"Application Submitted","technology":"wind_onshore"},"type":"Feature"},{"geometry":{"coordinates":[-3.2904993,51.5939684],"type":"Point"},"id":"GG2050-REPD-9468","properties":{"capacity_mw":92.4,"gg_project_id":"GG2050-REPD-9468","name":"Twyn Hywel Wind Farm","operator":"Bute Energy","repd_ref":"9468","repd_technology":"Wind Onshore","status":"Awaiting Construction","technology":"wind_onshore"},"type":"Feature"},{"geometry":{"coordinates":[-4.1030126,57.3339216],"type":"Point"},"id":"GG2050-REPD-4676","properties":{"capacity_mw":92.0,"gg_project_id":"GG2050-REPD-4676","name":"Farr Wind Farm","operator":"Innogy (formerly RWE npower)","repd_ref":"4676","repd_technology":"Wind Onshore","status":"Operational","technology":"wind_onshore"},"type":"Feature"},{"geometry":{"coordinates":[-3.658568,55.332779],"type":"Point"},"id":"GG2050-REPD-17557","properties":{"capacity_mw":91.0,"gg_project_id":"GG2050-REPD-17557","name":"Watchman Energy Park","operator":"Renewco Power","repd_ref":"17557","repd_technology":"Wind Onshore","status":"Application Submitted","technology":"wind_onshore"},"type":"Feature"},{"geometry":{"coordinates":[-4.2031489,55.2922081],"type":"Point"},"id":"GG2050-REPD-4431","properties":{"capacity_mw":90.0,"gg_project_id":"GG2050-REPD-4431","name":"Brochloch Rig (formerly Windy Standard II)","operator":"Fred Olsen Renewables","repd_ref":"4431","repd_technology":"Wind Onshore","status":"Operational","technology":"wind_onshore"},"type":"Feature"},{"geometry":{"coordinates":[-4.0505466,55.3689255],"type":"Point"},"id":"GG2050-REPD-4574","properties":{"capacity_mw":90.0,"gg_project_id":"GG2050-REPD-4574","name":"Sandy Knowe Wind Farm","operator":"Burcote Wind","repd_ref":"4574","repd_technology":"Wind Onshore","status":"Revised","technology":"wind_onshore"},"type":"Feature"},{"geometry":{"coordinates":[-3.7102954,52.4438312],"type":"Point"},"id":"GG2050-REPD-3648","properties":{"capacity_mw":89.1,"gg_project_id":"GG2050-REPD-3648","name":"Mynydd y Gwynt Wind Farm","operator":"Zond (UK) Ltd (Enron Wind Overseas Development)","repd_ref":"3648","repd_technology":"Wind Onshore","status":"Revised","technology":"wind_onshore"},"type":"Feature"},{"geometry":{"coordinates":[-3.7102954,52.4438312],"type":"Point"},"id":"GG2050-REPD-4402","properties":{"capacity_mw":89.1,"gg_project_id":"GG2050-REPD-4402","name":"Mynydd y Gwynt Wind Farm","operator":"Mynydd y Gwynt Ltd","repd_ref":"4402","repd_technology":"Wind Onshore","status":"Appeal Refused","technology":"wind_onshore"},"type":"Feature"},{"geometry":{"coordinates":[-4.036105,55.632652],"type":"Point"},"id":"GG2050-REPD-4643","properties":{"capacity_mw":88.4,"gg_project_id":"GG2050-REPD-4643","name":"Kype Muir Wind Farm","operator":"Banks Renewables","repd_ref":"4643","repd_technology":"Wind Onshore","status":"Operational","technology":"wind_onshore"},"type":"Feature"},{"geometry":{"coordinates":[-4.7235479,55.2547362],"type":"Point"},"id":"GG2050-REPD-3375","properties":{"capacity_mw":88.0,"gg_project_id":"GG2050-REPD-3375","name":"Hadyard Hill extension","operator":"Scottish and Southern Energy (SSE)","repd_ref":"3375","repd_technology":"Wind Onshore","status":"Application Withdrawn","technology":"wind_onshore"},"type":"Feature"},{"geometry":{"coordinates":[-4.0818092,55.4205973],"type":"Point"},"id":"GG2050-REPD-4603","properties":{"capacity_mw":88.0,"gg_project_id":"GG2050-REPD-4603","name":"Lethans Wind Farm","operator":"Banks Renewables","repd_ref":"4603","repd_technology":"Wind Onshore","status":"Revised","technology":"wind_onshore"},"type":"Feature"},{"geometry":{"coordinates":[-4.2417141,55.2764058],"type":"Point"},"id":"GG2050-REPD-4615","properties":{"capacity_mw":87.6,"gg_project_id":"GG2050-REPD-4615","name":"Windy Standard III Wind Farm (Brockloch Rig Phase 2)","operator":"Fred Olsen Renewables","repd_ref":"4615","repd_technology":"Wind Onshore","status":"Under Construction","technology":"wind_onshore"},"type":"Feature"},{"geometry":{"coordinates":[-5.4725551,56.4119759],"type":"Point"},"id":"GG2050-REPD-14299","properties":{"capacity_mw":86.4,"gg_project_id":"GG2050-REPD-14299","name":"Corr Chnoc Wind Farm","operator":"Galileo Green Energy Scotland Limited","repd_ref":"14299","repd_technology":"Wind Onshore","status":"Application Submitted","technology":"wind_onshore"},"type":"Feature"},{"geometry":{"coordinates":[-4.5573758,55.2403553],"type":"Point"},"id":"GG2050-REPD-7874","properties":{"capacity_mw":86.0,"gg_project_id":"GG2050-REPD-7874","name":"Carrick Windfarm","operator":"ScottishPower Renewables","repd_ref":"7874","repd_technology":"Wind Onshore","status":"Application Submitted","technology":"wind_onshore"},"type":"Feature"},{"geometry":{"coordinates":[-4.5789959,55.0266423],"type":"Point"},"id":"GG2050-REPD-14761","properties":{"capacity_mw":86.0,"gg_project_id":"GG2050-REPD-14761","name":"Glenvernoch Wind Farm","operator":"Energiekontor (UK) Limited","repd_ref":"14761","repd_technology":"Wind Onshore","status":"Application Submitted","technology":"wind_onshore"},"type":"Feature"},{"geometry":{"coordinates":[-5.2835287,56.2615768],"type":"Point"},"id":"GG2050-REPD-13805","properties":{"capacity_mw":85.8,"gg_project_id":"GG2050-REPD-13805","name":"An Carr Dubh Wind Farm","operator":"Statkraft UK Limited","repd_ref":"13805","repd_technology":"Wind Onshore","status":"Application Submitted","technology":"wind_onshore"},"type":"Feature"},{"geometry":{"coordinates":[-3.18744,55.6520351],"type":"Point"},"id":"GG2050-REPD-12283","properties":{"capacity_mw":85.8,"gg_project_id":"GG2050-REPD-12283","name":"Leithenwater Wind Energy Hub - Wind Farm","operator":"Belltown Power Limited","repd_ref":"12283","repd_technology":"Wind Onshore","status":"Application Submitted","technology":"wind_onshore"},"type":"Feature"},{"geometry":{"coordinates":[-5.8618412,56.4603476],"type":"Point"},"id":"GG2050-REPD-8534","properties":{"capacity_mw":85.8,"gg_project_id":"GG2050-REPD-8534","name":"Rowan Wind Farm","operator":"Energiekontor UK Limited","repd_ref":"8534","repd_technology":"Wind Onshore","status":"Awaiting Construction","technology":"wind_onshore"},"type":"Feature"},{"geometry":{"coordinates":[-4.9654812,57.0956067],"type":"Point"},"id":"GG2050-REPD-3787","properties":{"capacity_mw":85.0,"gg_project_id":"GG2050-REPD-3787","name":"Beinneun","operator":"Octopus Investments/Blue Energy","repd_ref":"3787","repd_technology":"Wind Onshore","status":"Operational","technology":"wind_onshore"},"type":"Feature"},{"geometry":{"coordinates":[-3.3947899,52.4133781],"type":"Point"},"id":"GG2050-REPD-7704","properties":{"capacity_mw":85.0,"gg_project_id":"GG2050-REPD-7704","name":"Garn Fach Wind Farm","operator":"EDF Renewables","repd_ref":"7704","repd_technology":"Wind Onshore","status":"Awaiting Construction","technology":"wind_onshore"},"type":"Feature"},{"geometry":{"coordinates":[-4.4845251,57.3282842],"type":"Point"},"id":"GG2050-REPD-8482","properties":{"capacity_mw":85.0,"gg_project_id":"GG2050-REPD-8482","name":"Loch Liath Wind Farm","operator":"Statkraft Wind UK Limited","repd_ref":"8482","repd_technology":"Wind Onshore","status":"Application Submitted","technology":"wind_onshore"},"type":"Feature"},{"geometry":{"coordinates":[-3.2073246,57.526659],"type":"Point"},"id":"GG2050-REPD-19173","properties":{"capacity_mw":85.0,"gg_project_id":"GG2050-REPD-19173","name":"Teindland Wind Farm","operator":"European Energy A/S / Locogen Limited","repd_ref":"19173","repd_technology":"Wind Onshore","status":"Application Submitted","technology":"wind_onshore"},"type":"Feature"},{"geometry":{"coordinates":[-4.6879851,57.6131571],"type":"Point"},"id":"GG2050-REPD-14288","properties":{"capacity_mw":84.6,"gg_project_id":"GG2050-REPD-14288","name":"Carn Fearna Wind Farm","operator":"Statkraft UK","repd_ref":"14288","repd_technology":"Wind Onshore","status":"Application Submitted","technology":"wind_onshore"},"type":"Feature"},{"geometry":{"coordinates":[-4.6617873,57.25136],"type":"Point"},"id":"GG2050-REPD-7473","properties":{"capacity_mw":84.0,"gg_project_id":"GG2050-REPD-7473","name":"Bhlaraidh Wind Farm Extension","operator":"SSE Renewables","repd_ref":"7473","repd_technology":"Wind Onshore","status":"Awaiting Construction","technology":"wind_onshore"},"type":"Feature"},{"geometry":{"coordinates":[-5.1715634,56.2717627],"type":"Point"},"id":"GG2050-REPD-6405","properties":{"capacity_mw":84.0,"gg_project_id":"GG2050-REPD-6405","name":"Blarghour Wind Farm","operator":"Coriolis Energy / ESB","repd_ref":"6405","repd_technology":"Wind Onshore","status":"Awaiting Construction","technology":"wind_onshore"},"type":"Feature"},{"geometry":{"coordinates":[-3.8709868,55.5594229],"type":"Point"},"id":"GG2050-REPD-7456","properties":{"capacity_mw":84.0,"gg_project_id":"GG2050-REPD-7456","name":"Hagshaw Hill (Repowering)","operator":"Scottish Power Renewables","repd_ref":"7456","repd_technology":"Wind Onshore","status":"Operational","technology":"wind_onshore"},"type":"Feature"},{"geometry":{"coordinates":[-3.509508,55.1904278],"type":"Point"},"id":"GG2050-REPD-13624","properties":{"capacity_mw":84.0,"gg_project_id":"GG2050-REPD-13624","name":"Harestanes West Windfarm","operator":"ScottishPower Renewables","repd_ref":"13624","repd_technology":"Wind Onshore","status":"Application Submitted","technology":"wind_onshore"},"type":"Feature"},{"geometry":{"coordinates":[-4.8861668,54.9994765],"type":"Point"},"id":"GG2050-REPD-6600","properties":{"capacity_mw":84.0,"gg_project_id":"GG2050-REPD-6600","name":"Stranoch 2","operator":"EDF Energy","repd_ref":"6600","repd_technology":"Wind Onshore","status":"Awaiting Construction","technology":"wind_onshore"},"type":"Feature"},{"geometry":{"coordinates":[-4.8291554,57.1730779],"type":"Point"},"id":"GG2050-REPD-8364","properties":{"capacity_mw":84.0,"gg_project_id":"GG2050-REPD-8364","name":"Tomchrasky Estate Wind farm","operator":"E Power Limited","repd_ref":"8364","repd_technology":"Wind Onshore","status":"Awaiting Construction","technology":"wind_onshore"},"type":"Feature"},{"geometry":{"coordinates":[-2.4525903,55.8934169],"type":"Point"},"id":"GG2050-REPD-4591","properties":{"capacity_mw":81.7,"gg_project_id":"GG2050-REPD-4591","name":"Aikengall IIa Community Wind Farm","operator":"Community Windpower","repd_ref":"4591","repd_technology":"Wind Onshore","status":"Operational","technology":"wind_onshore"},"type":"Feature"},{"geometry":{"coordinates":[-2.8061513,55.7194778],"type":"Point"},"id":"GG2050-REPD-4582","properties":{"capacity_mw":81.6,"gg_project_id":"GG2050-REPD-4582","name":"Girthgate Wind Farm","operator":"Community Windpower","repd_ref":"4582","repd_technology":"Wind Onshore","status":"Appeal Withdrawn","technology":"wind_onshore"},"type":"Feature"},{"geometry":{"coordinates":[-4.5828889,57.6503329],"type":"Point"},"id":"GG2050-REPD-6634","properties":{"capacity_mw":81.6,"gg_project_id":"GG2050-REPD-6634","name":"Kirkan Wind Farm","operator":"Coriolis Energy","repd_ref":"6634","repd_technology":"Wind Onshore","status":"Awaiting Construction","technology":"wind_onshore"},"type":"Feature"},{"geometry":{"coordinates":[-4.0513446,55.3721477],"type":"Point"},"id":"GG2050-REPD-6703","properties":{"capacity_mw":81.6,"gg_project_id":"GG2050-REPD-6703","name":"Sandy Knowe Wind Farm","operator":"ERG","repd_ref":"6703","repd_technology":"Wind Onshore","status":"Operational","technology":"wind_onshore"},"type":"Feature"},{"geometry":{"coordinates":[-3.0430842,56.6680426],"type":"Point"},"id":"GG2050-REPD-2974","properties":{"capacity_mw":81.0,"gg_project_id":"GG2050-REPD-2974","name":"Hanna Wind Farm","operator":"Wind Energy","repd_ref":"2974","repd_technology":"Wind Onshore","status":"Abandoned","technology":"wind_onshore"},"type":"Feature"},{"geometry":{"coordinates":[-4.2477862,55.3687459],"type":"Point"},"id":"GG2050-REPD-4480","properties":{"capacity_mw":81.0,"gg_project_id":"GG2050-REPD-4480","name":"Pencloe Wind Farm","operator":"North British Wind / Invenergy","repd_ref":"4480","repd_technology":"Wind Onshore","status":"Under Construction","technology":"wind_onshore"},"type":"Feature"},{"geometry":{"coordinates":[-4.1656931,55.2172981],"type":"Point"},"id":"GG2050-REPD-3417","properties":{"capacity_mw":81.0,"gg_project_id":"GG2050-REPD-3417","name":"Shepherd's Rig Wind Farm","operator":"Boralex/Infinergy","repd_ref":"3417","repd_technology":"Wind Onshore","status":"Awaiting Construction","technology":"wind_onshore"},"type":"Feature"},{"geometry":{"coordinates":[-4.7814565,55.0815035],"type":"Point"},"id":"GG2050-REPD-2767","properties":{"capacity_mw":80.0,"gg_project_id":"GG2050-REPD-2767","name":"Chirmorie Wind Farm","operator":"Corolis Energy/ ESB","repd_ref":"2767","repd_technology":"Wind Onshore","status":"Awaiting Construction","technology":"wind_onshore"},"type":"Feature"},{"geometry":{"coordinates":[-4.4426693,55.7563903],"type":"Point"},"id":"GG2050-REPD-2903","properties":{"capacity_mw":80.0,"gg_project_id":"GG2050-REPD-2903","name":"Harelaw Renewable Energy Park Wind Turbines","operator":"Gamesa Energy","repd_ref":"2903","repd_technology":"Wind Onshore","status":"Revised","technology":"wind_onshore"},"type":"Feature"},{"geometry":{"coordinates":[-3.6526197,55.7925907],"type":"Point"},"id":"GG2050-REPD-7587","properties":{"capacity_mw":80.0,"gg_project_id":"GG2050-REPD-7587","name":"Heathland Wind Farm","operator":"EDF Energy Renewables","repd_ref":"7587","repd_technology":"Wind Onshore","status":"Awaiting Construction","technology":"wind_onshore"},"type":"Feature"},{"geometry":{"coordinates":[-5.6665847,55.4952909],"type":"Point"},"id":"GG2050-REPD-6734","properties":{"capacity_mw":80.0,"gg_project_id":"GG2050-REPD-6734","name":"Tangy 4 Wind Farm","operator":"Scottish & Southern (SSE)","repd_ref":"6734","repd_technology":"Wind Onshore","status":"Awaiting Construction","technology":"wind_onshore"},"type":"Feature"},{"geometry":{"coordinates":[-3.7420495,58.5284842],"type":"Point"},"id":"GG2050-REPD-6005","properties":{"capacity_mw":79.8,"gg_project_id":"GG2050-REPD-6005","name":"Limekiln Wind Farm","operator":"Boralex/Infinergy","repd_ref":"6005","repd_technology":"Wind Onshore","status":"Operational","technology":"wind_onshore"},"type":"Feature"},{"geometry":{"coordinates":[-5.2801967,58.1697445],"type":"Point"},"id":"GG2050-REPD-11936","properties":{"capacity_mw":79.2,"gg_project_id":"GG2050-REPD-11936","name":"Acheilidh Wind Farm (Previously known as Lairg III)","operator":"Energiekontor (UK) Limited","repd_ref":"11936","repd_technology":"Wind Onshore","status":"Application Submitted","technology":"wind_onshore"},"type":"Feature"},{"geometry":{"coordinates":[-5.1220622,57.969248],"type":"Point"},"id":"GG2050-REPD-16930","properties":{"capacity_mw":79.2,"gg_project_id":"GG2050-REPD-16930","name":"Coille Beith - Wind Turbines","operator":"Statkraft UK Limited","repd_ref":"16930","repd_technology":"Wind Onshore","status":"Application Submitted","technology":"wind_onshore"},"type":"Feature"},{"geometry":{"coordinates":[-3.1268694,55.1858475],"type":"Point"},"id":"GG2050-REPD-11065","properties":{"capacity_mw":79.2,"gg_project_id":"GG2050-REPD-11065","name":"Hopsrig Wind Farm","operator":"Muirhall Energy Limited","repd_ref":"11065","repd_technology":"Wind Onshore","status":"Application Submitted","technology":"wind_onshore"},"type":"Feature"},{"geometry":{"coordinates":[-5.4668562,56.0230472],"type":"Point"},"id":"GG2050-REPD-4045","properties":{"capacity_mw":79.0,"gg_project_id":"GG2050-REPD-4045","name":"Shira Wind Farm","operator":"Natural Power","repd_ref":"4045","repd_technology":"Wind Onshore","status":"Application Withdrawn","technology":"wind_onshore"},"type":"Feature"},{"geometry":{"coordinates":[-2.5503374,55.1221389],"type":"Point"},"id":"GG2050-REPD-3508","properties":{"capacity_mw":78.5,"gg_project_id":"GG2050-REPD-3508","name":"Humble Hill Wind Farm","operator":"Ecogen","repd_ref":"3508","repd_technology":"Wind Onshore","status":"Appeal Refused","technology":"wind_onshore"},"type":"Feature"},{"geometry":{"coordinates":[-2.5821307,55.370264],"type":"Point"},"id":"GG2050-REPD-10715","properties":{"capacity_mw":78.0,"gg_project_id":"GG2050-REPD-10715","name":"Chesters - Millmoor Rig Wind Farm & Battery Energy Storage","operator":"ESB Asset Development UK Ltd","repd_ref":"10715","repd_technology":"Wind Onshore","status":"Application Submitted","technology":"wind_onshore"},"type":"Feature"},{"geometry":{"coordinates":[-3.8901039,55.5873579],"type":"Point"},"id":"GG2050-REPD-6826","properties":{"capacity_mw":78.0,"gg_project_id":"GG2050-REPD-6826","name":"Douglas West Wind Farm (extension)","operator":"ScottishPower Renewables (UK) Limited","repd_ref":"6826","repd_technology":"Wind Onshore","status":"Under Construction","technology":"wind_onshore"},"type":"Feature"},{"geometry":{"coordinates":[-5.3777702,55.8163009],"type":"Point"},"id":"GG2050-REPD-7873","properties":{"capacity_mw":78.0,"gg_project_id":"GG2050-REPD-7873","name":"Earraghail Renewable Energy Development","operator":"ScottishPower Renewables","repd_ref":"7873","repd_technology":"Wind Onshore","status":"Application Submitted","technology":"wind_onshore"},"type":"Feature"},{"geometry":{"coordinates":[-4.1597803,57.3411902],"type":"Point"},"id":"GG2050-REPD-16784","properties":{"capacity_mw":78.0,"gg_project_id":"GG2050-REPD-16784","name":"Kyllachy Wind Farm - Wind Turbines","operator":"Wind Estate (UK) Limited","repd_ref":"16784","repd_technology":"Wind Onshore","status":"Application Submitted","technology":"wind_onshore"},"type":"Feature"},{"geometry":{"coordinates":[-4.4236811,57.5971449],"type":"Point"},"id":"GG2050-REPD-17099","properties":{"capacity_mw":77.0,"gg_project_id":"GG2050-REPD-17099","name":"Ceislein Wind Farm","operator":"RWE Renewables UK Limited","repd_ref":"17099","repd_technology":"Wind Onshore","status":"Application Submitted","technology":"wind_onshore"},"type":"Feature"},{"geometry":{"coordinates":[-2.9330943,57.3839708],"type":"Point"},"id":"GG2050-REPD-6373","properties":{"capacity_mw":77.0,"gg_project_id":"GG2050-REPD-6373","name":"Clashindarroch 2","operator":"Vattenfall","repd_ref":"6373","repd_technology":"Wind Onshore","status":"Awaiting Construction","technology":"wind_onshore"},"type":"Feature"},{"geometry":{"coordinates":[-4.5953268,58.0156474],"type":"Point"},"id":"GG2050-REPD-7475","properties":{"capacity_mw":76.0,"gg_project_id":"GG2050-REPD-7475","name":"Achany Extension Wind Farm","operator":"SSE Renewables","repd_ref":"7475","repd_technology":"Wind Onshore","status":"Awaiting Construction","technology":"wind_onshore"},"type":"Feature"},{"geometry":{"coordinates":[-3.8949598,56.5962131],"type":"Point"},"id":"GG2050-REPD-2845","properties":{"capacity_mw":75.0,"gg_project_id":"GG2050-REPD-2845","name":"Crossburns Wind Farm","operator":"West Coast Energy","repd_ref":"2845","repd_technology":"Wind Onshore","status":"Appeal Refused","technology":"wind_onshore"},"type":"Feature"},{"geometry":{"coordinates":[-2.9681664,55.7332772],"type":"Point"},"id":"GG2050-REPD-9953","properties":{"capacity_mw":75.0,"gg_project_id":"GG2050-REPD-9953","name":"Greystone Knowe Wind Farm - Wind Farm","operator":"Coriolis Energy Limited","repd_ref":"9953","repd_technology":"Wind Onshore","status":"Application Submitted","technology":"wind_onshore"},"type":"Feature"},{"geometry":{"coordinates":[-5.681558,56.6731862],"type":"Point"},"id":"GG2050-REPD-2976","properties":{"capacity_mw":75.0,"gg_project_id":"GG2050-REPD-2976","name":"Laudale Wind Farm","operator":"Wind Energy","repd_ref":"2976","repd_technology":"Wind Onshore","status":"Abandoned","technology":"wind_onshore"},"type":"Feature"},{"geometry":{"coordinates":[-4.3386887,56.7398142],"type":"Point"},"id":"GG2050-REPD-2980","properties":{"capacity_mw":75.0,"gg_project_id":"GG2050-REPD-2980","name":"Rannoch Wind Farm","operator":"Talladh an Bheith & Craiganour Estates","repd_ref":"2980","repd_technology":"Wind Onshore","status":"Application Withdrawn","technology":"wind_onshore"},"type":"Feature"},{"geometry":{"coordinates":[-3.4285006,58.4815516],"type":"Point"},"id":"GG2050-REPD-4040","properties":{"capacity_mw":75.0,"gg_project_id":"GG2050-REPD-4040","name":"Spittal Hill","operator":"Spittal Hill Windfarm","repd_ref":"4040","repd_technology":"Wind Onshore","status":"Revised","technology":"wind_onshore"},"type":"Feature"},{"geometry":{"coordinates":[-4.3386887,56.7398142],"type":"Point"},"id":"GG2050-REPD-4616","properties":{"capacity_mw":75.0,"gg_project_id":"GG2050-REPD-4616","name":"Talladh-a-Bheithe Wind Farm","operator":"Eventus Duurzaam","repd_ref":"4616","repd_technology":"Wind Onshore","status":"Application Withdrawn","technology":"wind_onshore"},"type":"Feature"},{"geometry":{"coordinates":[-4.7970536,55.0687851],"type":"Point"},"id":"GG2050-REPD-6798","properties":{"capacity_mw":72.8,"gg_project_id":"GG2050-REPD-6798","name":"Arecleoch Wind Farm (extension)","operator":"Scottish Power Renewables","repd_ref":"6798","repd_technology":"Wind Onshore","status":"Under Construction","technology":"wind_onshore"},"type":"Feature"},{"geometry":{"coordinates":[-3.1296281,57.4457744],"type":"Point"},"id":"GG2050-REPD-11608","properties":{"capacity_mw":72.6,"gg_project_id":"GG2050-REPD-11608","name":"Craig Watch - Wind Farm & Battery Storage","operator":"Craig Watch Wind Farm Limited","repd_ref":"11608","repd_technology":"Wind Onshore","status":"Application Submitted","technology":"wind_onshore"},"type":"Feature"},{"geometry":{"coordinates":[-3.3284978,58.3465715],"type":"Point"},"id":"GG2050-REPD-5195","properties":{"capacity_mw":72.6,"gg_project_id":"GG2050-REPD-5195","name":"Golticlay Wind Farm","operator":"RWE Renewables UK Limited","repd_ref":"5195","repd_technology":"Wind Onshore","status":"Under Construction","technology":"wind_onshore"},"type":"Feature"},{"geometry":{"coordinates":[-5.5700687,55.6684923],"type":"Point"},"id":"GG2050-REPD-7472","properties":{"capacity_mw":72.6,"gg_project_id":"GG2050-REPD-7472","name":"Narachan Wind Farm","operator":"Energiekontor UK","repd_ref":"7472","repd_technology":"Wind Onshore","status":"Application Refused","technology":"wind_onshore"},"type":"Feature"},{"geometry":{"coordinates":[-4.6190239,57.9548391],"type":"Point"},"id":"GG2050-REPD-12290","properties":{"capacity_mw":72.6,"gg_project_id":"GG2050-REPD-12290","name":"Strath Oykel Wind Farm","operator":"Energiekontor (UK) Limited","repd_ref":"12290","repd_technology":"Wind Onshore","status":"Awaiting Construction","technology":"wind_onshore"},"type":"Feature"},{"geometry":{"coordinates":[-3.8643003,55.8679172],"type":"Point"},"id":"GG2050-REPD-3136","properties":{"capacity_mw":72.5,"gg_project_id":"GG2050-REPD-3136","name":"Bracco / Black Hill","operator":"Airtricity","repd_ref":"3136","repd_technology":"Wind Onshore","status":"Application Withdrawn","technology":"wind_onshore"},"type":"Feature"},{"geometry":{"coordinates":[-4.7808433,55.8537478],"type":"Point"},"id":"GG2050-REPD-3279","properties":{"capacity_mw":72.5,"gg_project_id":"GG2050-REPD-3279","name":"Waterhead Moor","operator":"Scottish and Southern Energy (SSE)","repd_ref":"3279","repd_technology":"Wind Onshore","status":"Application Withdrawn","technology":"wind_onshore"},"type":"Feature"},{"geometry":{"coordinates":[-4.0589375,56.2698296],"type":"Point"},"id":"GG2050-REPD-3119","properties":{"capacity_mw":72.0,"gg_project_id":"GG2050-REPD-3119","name":"Braes O'Doune","operator":"Greencoat UK Wind","repd_ref":"3119","repd_technology":"Wind Onshore","status":"Operational","technology":"wind_onshore"},"type":"Feature"},{"geometry":{"coordinates":[-2.5075061,55.8829508],"type":"Point"},"id":"GG2050-REPD-19577","properties":{"capacity_mw":72.0,"gg_project_id":"GG2050-REPD-19577","name":"Crystal Rig Phase 1 Repowering","operator":"Fred Olsen Renewables","repd_ref":"19577","repd_technology":"Wind Onshore","status":"Application Submitted","technology":"wind_onshore"},"type":"Feature"},{"geometry":{"coordinates":[-3.7585322,58.5321581],"type":"Point"},"id":"GG2050-REPD-4393","properties":{"capacity_mw":72.0,"gg_project_id":"GG2050-REPD-4393","name":"Limekiln Wind Farm","operator":"Infinergy","repd_ref":"4393","repd_technology":"Wind Onshore","status":"Revised","technology":"wind_onshore"},"type":"Feature"},{"geometry":{"coordinates":[-4.0496182,55.2165539],"type":"Point"},"id":"GG2050-REPD-4230","properties":{"capacity_mw":72.0,"gg_project_id":"GG2050-REPD-4230","name":"Longburn Wind Farm","operator":"Burcote Wind","repd_ref":"4230","repd_technology":"Wind Onshore","status":"Application Withdrawn","technology":"wind_onshore"},"type":"Feature"},{"geometry":{"coordinates":[-4.8861668,54.9994765],"type":"Point"},"id":"GG2050-REPD-4258","properties":{"capacity_mw":72.0,"gg_project_id":"GG2050-REPD-4258","name":"Stranoch Wind Farm","operator":"EDF","repd_ref":"4258","repd_technology":"Wind Onshore","status":"Revised","technology":"wind_onshore"},"type":"Feature"},{"geometry":{"coordinates":[-7.3115543,54.4953698],"type":"Point"},"id":"GG2050-REPD-21023","properties":{"capacity_mw":72.0,"gg_project_id":"GG2050-REPD-21023","name":"Townland of Tattymoyle Middle, Ecclesville Road - Wind Farm","operator":"SSE Renewables Services","repd_ref":"21023","repd_technology":"Wind Onshore","status":"Application Submitted","technology":"wind_onshore"},"type":"Feature"},{"geometry":{"coordinates":[-4.4770498,57.3324934],"type":"Point"},"id":"GG2050-REPD-9048","properties":{"capacity_mw":70.0,"gg_project_id":"GG2050-REPD-9048","name":"Burnside Bhlaraidh - Chrathaich Wind Farm","operator":"Muirden Energy Llp","repd_ref":"9048","repd_technology":"Wind Onshore","status":"Awaiting Construction","technology":"wind_onshore"},"type":"Feature"},{"geometry":{"coordinates":[-4.2350644,55.3558388],"type":"Point"},"id":"GG2050-REPD-3502","properties":{"capacity_mw":70.0,"gg_project_id":"GG2050-REPD-3502","name":"Enoch Hill","operator":"E.ON Renewables","repd_ref":"3502","repd_technology":"Wind Onshore","status":"Operational","technology":"wind_onshore"},"type":"Feature"},{"geometry":{"coordinates":[-3.9590512,58.059496],"type":"Point"},"id":"GG2050-REPD-3662","properties":{"capacity_mw":70.0,"gg_project_id":"GG2050-REPD-3662","name":"Gordonbush","operator":"Scottish and Southern Energy (SSE)","repd_ref":"3662","repd_technology":"Wind Onshore","status":"Operational","technology":"wind_onshore"},"type":"Feature"},{"geometry":{"coordinates":[-2.4082424,55.3719661],"type":"Point"},"id":"GG2050-REPD-2906","properties":{"capacity_mw":70.0,"gg_project_id":"GG2050-REPD-2906","name":"Leithope Forest","operator":"Npower Renewables","repd_ref":"2906","repd_technology":"Wind Onshore","status":"Application Withdrawn","technology":"wind_onshore"},"type":"Feature"},{"geometry":{"coordinates":[-4.4527674,55.9243807],"type":"Point"},"id":"GG2050-REPD-11110","properties":{"capacity_mw":70.0,"gg_project_id":"GG2050-REPD-11110","name":"Vale of Leven Wind Farm","operator":"Coriolis Energy Limited","repd_ref":"11110","repd_technology":"Wind Onshore","status":"Application Submitted","technology":"wind_onshore"},"type":"Feature"},{"geometry":{"coordinates":[-4.3596381,57.1900855],"type":"Point"},"id":"GG2050-REPD-4664","properties":{"capacity_mw":69.5,"gg_project_id":"GG2050-REPD-4664","name":"Corriegarth","operator":"Greencoat Capital","repd_ref":"4664","repd_technology":"Wind Onshore","status":"Operational","technology":"wind_onshore"},"type":"Feature"},{"geometry":{"coordinates":[-4.4882181,55.3042574],"type":"Point"},"id":"GG2050-REPD-4269","properties":{"capacity_mw":69.0,"gg_project_id":"GG2050-REPD-4269","name":"Dersalloch","operator":"Scottish Power Renewables","repd_ref":"4269","repd_technology":"Wind Onshore","status":"Operational","technology":"wind_onshore"},"type":"Feature"},{"geometry":{"coordinates":[-4.8463001,57.3662795],"type":"Point"},"id":"GG2050-REPD-3742","properties":{"capacity_mw":69.0,"gg_project_id":"GG2050-REPD-3742","name":"Druim Ba Wind Farm","operator":"Druim Ba Sustainable Energy","repd_ref":"3742","repd_technology":"Wind Onshore","status":"Revised","technology":"wind_onshore"},"type":"Feature"},{"geometry":{"coordinates":[-3.4627547,55.7927861],"type":"Point"},"id":"GG2050-REPD-4161","properties":{"capacity_mw":69.0,"gg_project_id":"GG2050-REPD-4161","name":"Fauch Hill Wind Farm","operator":"European Forest Resources Group","repd_ref":"4161","repd_technology":"Wind Onshore","status":"Application Refused","technology":"wind_onshore"},"type":"Feature"},{"geometry":{"coordinates":[-4.5872914,57.851037],"type":"Point"},"id":"GG2050-REPD-2973","properties":{"capacity_mw":69.0,"gg_project_id":"GG2050-REPD-2973","name":"Glen Calvie Wind Farm, Ardgay","operator":"Wind Energy","repd_ref":"2973","repd_technology":"Wind Onshore","status":"Abandoned","technology":"wind_onshore"},"type":"Feature"},{"geometry":{"coordinates":[-4.6547726,58.0669794],"type":"Point"},"id":"GG2050-REPD-4585","properties":{"capacity_mw":69.0,"gg_project_id":"GG2050-REPD-4585","name":"Glencassley Wind Farm","operator":"Scottish and Southern Energy (SSE)","repd_ref":"4585","repd_technology":"Wind Onshore","status":"Application Refused","technology":"wind_onshore"},"type":"Feature"},{"geometry":{"coordinates":[-3.5793631,52.6677418],"type":"Point"},"id":"GG2050-REPD-3663","properties":{"capacity_mw":69.0,"gg_project_id":"GG2050-REPD-3663","name":"Llanbrynmair Wind Farm","operator":"Renewable Energy Systems (RES)","repd_ref":"3663","repd_technology":"Wind Onshore","status":"Revised","technology":"wind_onshore"},"type":"Feature"},{"geometry":{"coordinates":[-2.845702,55.7404713],"type":"Point"},"id":"GG2050-REPD-3669","properties":{"capacity_mw":69.0,"gg_project_id":"GG2050-REPD-3669","name":"Rowantree Wind Farm","operator":"RWE npower","repd_ref":"3669","repd_technology":"Wind Onshore","status":"Application Refused","technology":"wind_onshore"},"type":"Feature"},{"geometry":{"coordinates":[-4.7606891,58.0131808],"type":"Point"},"id":"GG2050-REPD-3623","properties":{"capacity_mw":68.0,"gg_project_id":"GG2050-REPD-3623","name":"Caplich Wind Farm","operator":"Muirhall Energy","repd_ref":"3623","repd_technology":"Wind Onshore","status":"Appeal Refused","technology":"wind_onshore"},"type":"Feature"},{"geometry":{"coordinates":[-0.7636854,53.6117961],"type":"Point"},"id":"GG2050-REPD-4260","properties":{"capacity_mw":68.0,"gg_project_id":"GG2050-REPD-4260","name":"Keadby Wind Farm","operator":"Scottish and Southern Energy (SSE)","repd_ref":"4260","repd_technology":"Wind Onshore","status":"Operational","technology":"wind_onshore"},"type":"Feature"},{"geometry":{"coordinates":[-4.0335882,58.490005],"type":"Point"},"id":"GG2050-REPD-4625","properties":{"capacity_mw":67.7,"gg_project_id":"GG2050-REPD-4625","name":"Strathy North","operator":"Scottish and Southern Energy (SSE)","repd_ref":"4625","repd_technology":"Wind Onshore","status":"Operational","technology":"wind_onshore"},"type":"Feature"},{"geometry":{"coordinates":[-4.330071,58.124047],"type":"Point"},"id":"GG2050-REPD-3880","properties":{"capacity_mw":67.5,"gg_project_id":"GG2050-REPD-3880","name":"Dalnessie Wind Farm","operator":"Scottish and Southern Energy (SSE)","repd_ref":"3880","repd_technology":"Wind Onshore","status":"Application Withdrawn","technology":"wind_onshore"},"type":"Feature"},{"geometry":{"coordinates":[-2.6627584,54.4278064],"type":"Point"},"id":"GG2050-REPD-2606","properties":{"capacity_mw":67.5,"gg_project_id":"GG2050-REPD-2606","name":"Whinash Wind Farm","operator":"Renewable Development Company Ltd","repd_ref":"2606","repd_technology":"Wind Onshore","status":"Application Refused","technology":"wind_onshore"},"type":"Feature"},{"geometry":{"coordinates":[-4.5012481,55.8894935],"type":"Point"},"id":"GG2050-REPD-7871","properties":{"capacity_mw":67.2,"gg_project_id":"GG2050-REPD-7871","name":"Artfield Forest Wind Farm","operator":"Statkraft UK","repd_ref":"7871","repd_technology":"Wind Onshore","status":"Awaiting Construction","technology":"wind_onshore"},"type":"Feature"},{"geometry":{"coordinates":[-3.7058657,57.4644208],"type":"Point"},"id":"GG2050-REPD-7710","properties":{"capacity_mw":67.2,"gg_project_id":"GG2050-REPD-7710","name":"Cairn Duhie Wind Farm","operator":"Renewable Energy Systems (RES)","repd_ref":"7710","repd_technology":"Wind Onshore","status":"Awaiting Construction","technology":"wind_onshore"},"type":"Feature"},{"geometry":{"coordinates":[-4.2361059,57.3865006],"type":"Point"},"id":"GG2050-REPD-8418","properties":{"capacity_mw":67.2,"gg_project_id":"GG2050-REPD-8418","name":"Corriegarth 2","operator":"Corriegarth 2 Windfarm Limited (BayWa r.e. UK Limited)","repd_ref":"8418","repd_technology":"Wind Onshore","status":"Awaiting Construction","technology":"wind_onshore"},"type":"Feature"},{"geometry":{"coordinates":[-4.2690486,55.4043771],"type":"Point"},"id":"GG2050-REPD-6796","properties":{"capacity_mw":67.2,"gg_project_id":"GG2050-REPD-6796","name":"Greenburn Wind Park","operator":"REG Windpower Limited","repd_ref":"6796","repd_technology":"Wind Onshore","status":"Awaiting Construction","technology":"wind_onshore"},"type":"Feature"},{"geometry":{"coordinates":[-4.036105,55.632652],"type":"Point"},"id":"GG2050-REPD-4628","properties":{"capacity_mw":67.2,"gg_project_id":"GG2050-REPD-4628","name":"Kype Muir Wind Farm Extension","operator":"Banks Renewables","repd_ref":"4628","repd_technology":"Wind Onshore","status":"Operational","technology":"wind_onshore"},"type":"Feature"},{"geometry":{"coordinates":[-4.0675204,55.1876881],"type":"Point"},"id":"GG2050-REPD-6432","properties":{"capacity_mw":67.2,"gg_project_id":"GG2050-REPD-6432","name":"Troston Loch","operator":"EDF Energy Renewables","repd_ref":"6432","repd_technology":"Wind Onshore","status":"Awaiting Construction","technology":"wind_onshore"},"type":"Feature"},{"geometry":{"coordinates":[-4.3119675,55.2671854],"type":"Point"},"id":"GG2050-REPD-3503","properties":{"capacity_mw":67.1,"gg_project_id":"GG2050-REPD-3503","name":"Benbrack Wind Farm","operator":"E.ON Renewables / Red Rock Power Limited","repd_ref":"3503","repd_technology":"Wind Onshore","status":"Operational","technology":"wind_onshore"},"type":"Feature"},{"geometry":{"coordinates":[-3.7159701,55.4519536],"type":"Point"},"id":"GG2050-REPD-6135","properties":{"capacity_mw":67.0,"gg_project_id":"GG2050-REPD-6135","name":"Harryburn Wind Farm","operator":"RWE","repd_ref":"6135","repd_technology":"Wind Onshore","status":"Appeal Refused","technology":"wind_onshore"},"type":"Feature"},{"geometry":{"coordinates":[-3.4753926,57.446612],"type":"Point"},"id":"GG2050-REPD-4261","properties":{"capacity_mw":66.7,"gg_project_id":"GG2050-REPD-4261","name":"Berry Burn","operator":"Statkraft","repd_ref":"4261","repd_technology":"Wind Onshore","status":"Operational","technology":"wind_onshore"},"type":"Feature"},{"geometry":{"coordinates":[-3.4103485,52.4088599],"type":"Point"},"id":"GG2050-REPD-3991","properties":{"capacity_mw":66.7,"gg_project_id":"GG2050-REPD-3991","name":"Fferm Wynt Llaithddu Cyf","operator":"Fferm Wynt Llaithddu Cyf","repd_ref":"3991","repd_technology":"Wind Onshore","status":"Application Refused","technology":"wind_onshore"},"type":"Feature"},{"geometry":{"coordinates":[-5.0108034,57.1197642],"type":"Point"},"id":"GG2050-REPD-9417","properties":{"capacity_mw":66.6,"gg_project_id":"GG2050-REPD-9417","name":"Bunloinn Wind Farm","operator":"Energiekontor (UK) Limited","repd_ref":"9417","repd_technology":"Wind Onshore","status":"Awaiting Construction","technology":"wind_onshore"},"type":"Feature"},{"geometry":{"coordinates":[-3.8840765,56.421604],"type":"Point"},"id":"GG2050-REPD-3227","properties":{"capacity_mw":66.0,"gg_project_id":"GG2050-REPD-3227","name":"Abercairney","operator":"Catamount Energy Ltd c/o Force 9","repd_ref":"3227","repd_technology":"Wind Onshore","status":"Appeal Refused","technology":"wind_onshore"},"type":"Feature"},{"geometry":{"coordinates":[-4.1313212,55.6099405],"type":"Point"},"id":"GG2050-REPD-11670","properties":{"capacity_mw":66.0,"gg_project_id":"GG2050-REPD-11670","name":"Bankend Rig III Wind Farm","operator":"Wilson Forrest Products Limited","repd_ref":"11670","repd_technology":"Wind Onshore","status":"Awaiting Construction","technology":"wind_onshore"},"type":"Feature"},{"geometry":{"coordinates":[-3.5096597,58.2542589],"type":"Point"},"id":"GG2050-REPD-4043","properties":{"capacity_mw":66.0,"gg_project_id":"GG2050-REPD-4043","name":"Dunbeath","operator":"Dunbeath Wind Energy Ltd (Agents are West Coast Energy)","repd_ref":"4043","repd_technology":"Wind Onshore","status":"Application Refused","technology":"wind_onshore"},"type":"Feature"},{"geometry":{"coordinates":[-4.1026558,51.156946],"type":"Point"},"id":"GG2050-REPD-4033","properties":{"capacity_mw":66.0,"gg_project_id":"GG2050-REPD-4033","name":"Fullabrook Down Wind Farm","operator":"Devon Wind Power Ltd","repd_ref":"4033","repd_technology":"Wind Onshore","status":"Operational","technology":"wind_onshore"},"type":"Feature"},{"geometry":{"coordinates":[-3.9754223,55.5395753],"type":"Point"},"id":"GG2050-REPD-4368","properties":{"capacity_mw":66.0,"gg_project_id":"GG2050-REPD-4368","name":"Galawhistle","operator":"Ventient (formerly Infinis)","repd_ref":"4368","repd_technology":"Wind Onshore","status":"Operational","technology":"wind_onshore"},"type":"Feature"},{"geometry":{"coordinates":[-5.4458941,55.9910437],"type":"Point"},"id":"GG2050-REPD-15542","properties":{"capacity_mw":66.0,"gg_project_id":"GG2050-REPD-15542","name":"High Brenfield Wind Farm","operator":"Low Carbon Limited","repd_ref":"15542","repd_technology":"Wind Onshore","status":"Application Submitted","technology":"wind_onshore"},"type":"Feature"},{"geometry":{"coordinates":[-4.1187044,55.401386],"type":"Point"},"id":"GG2050-REPD-8492","properties":{"capacity_mw":66.0,"gg_project_id":"GG2050-REPD-8492","name":"Lethans Wind Farm Extension","operator":"Banks Renewables","repd_ref":"8492","repd_technology":"Wind Onshore","status":"Awaiting Construction","technology":"wind_onshore"},"type":"Feature"},{"geometry":{"coordinates":[-4.0488014,57.3888347],"type":"Point"},"id":"GG2050-REPD-3647","properties":{"capacity_mw":66.0,"gg_project_id":"GG2050-REPD-3647","name":"Moy Wind Farm (2nd Application)","operator":"Eneco","repd_ref":"3647","repd_technology":"Wind Onshore","status":"Operational","technology":"wind_onshore"},"type":"Feature"},{"geometry":{"coordinates":[-4.7090074,58.1377344],"type":"Point"},"id":"GG2050-REPD-4583","properties":{"capacity_mw":66.0,"gg_project_id":"GG2050-REPD-4583","name":"Sallachy Wind Farm","operator":"WKN Windkraft Nord AG (WKN)","repd_ref":"4583","repd_technology":"Wind Onshore","status":"Revised","technology":"wind_onshore"},"type":"Feature"},{"geometry":{"coordinates":[-2.0093862,55.1548331],"type":"Point"},"id":"GG2050-REPD-3456","properties":{"capacity_mw":66.0,"gg_project_id":"GG2050-REPD-3456","name":"Steadings Wind Farm","operator":"Banks Group","repd_ref":"3456","repd_technology":"Wind Onshore","status":"Application Refused","technology":"wind_onshore"},"type":"Feature"},{"geometry":{"coordinates":[-3.4762073,57.4461533],"type":"Point"},"id":"GG2050-REPD-4687","properties":{"capacity_mw":65.0,"gg_project_id":"GG2050-REPD-4687","name":"Paul's Hill and Extension","operator":"Fred Olsen Renewables","repd_ref":"4687","repd_technology":"Wind Onshore","status":"Operational","technology":"wind_onshore"},"type":"Feature"},{"geometry":{"coordinates":[-2.2678586,53.6689766],"type":"Point"},"id":"GG2050-REPD-3177","properties":{"capacity_mw":65.0,"gg_project_id":"GG2050-REPD-3177","name":"Scout Moor Windfarm","operator":"Munich Re (previously Peel)","repd_ref":"3177","repd_technology":"Wind Onshore","status":"Operational","technology":"wind_onshore"},"type":"Feature"},{"geometry":{"coordinates":[-3.7868067,56.1504011],"type":"Point"},"id":"GG2050-REPD-13625","properties":{"capacity_mw":65.0,"gg_project_id":"GG2050-REPD-13625","name":"Windburn Wind Farm","operator":"Octopus Energy / Wind 2 Limited","repd_ref":"13625","repd_technology":"Wind Onshore","status":"Application Submitted","technology":"wind_onshore"},"type":"Feature"},{"geometry":{"coordinates":[-5.6919039,55.5802148],"type":"Point"},"id":"GG2050-REPD-19493","properties":{"capacity_mw":64.8,"gg_project_id":"GG2050-REPD-19493","name":"Allt Domhain Wind Farm, Glenbarr - Wind Turbines","operator":"Energiekontor UK Limited","repd_ref":"19493","repd_technology":"Wind Onshore","status":"Application Submitted","technology":"wind_onshore"},"type":"Feature"},{"geometry":{"coordinates":[-5.131789,56.3330052],"type":"Point"},"id":"GG2050-REPD-5122","properties":{"capacity_mw":64.6,"gg_project_id":"GG2050-REPD-5122","name":"Upper Sonachan Wind Farm","operator":"Ecotricity","repd_ref":"5122","repd_technology":"Wind Onshore","status":"Appeal Refused","technology":"wind_onshore"},"type":"Feature"},{"geometry":{"coordinates":[-4.0854256,55.2756533],"type":"Point"},"id":"GG2050-REPD-13175","properties":{"capacity_mw":64.0,"gg_project_id":"GG2050-REPD-13175","name":"Lorg Windfarm","operator":"RWE Npower Renewables","repd_ref":"13175","repd_technology":"Wind Onshore","status":"Awaiting Construction","technology":"wind_onshore"},"type":"Feature"},{"geometry":{"coordinates":[-5.3130826,56.3475511],"type":"Point"},"id":"GG2050-REPD-4234","properties":{"capacity_mw":64.0,"gg_project_id":"GG2050-REPD-4234","name":"Musdale Wind Farm","operator":"Ventient (formerly Infinis)","repd_ref":"4234","repd_technology":"Wind Onshore","status":"Application Withdrawn","technology":"wind_onshore"},"type":"Feature"},{"geometry":{"coordinates":[-3.2639682,55.7187999],"type":"Point"},"id":"GG2050-REPD-7582","properties":{"capacity_mw":63.0,"gg_project_id":"GG2050-REPD-7582","name":"Cloich Forest Wind Farm","operator":"EDF Energy Renewables","repd_ref":"7582","repd_technology":"Wind Onshore","status":"Application Submitted","technology":"wind_onshore"},"type":"Feature"},{"geometry":{"coordinates":[-3.8404891,58.0762949],"type":"Point"},"id":"GG2050-REPD-7474","properties":{"capacity_mw":63.0,"gg_project_id":"GG2050-REPD-7474","name":"Kintradwell Lodge - Wind Farm","operator":"Renewable Energy System Limited","repd_ref":"7474","repd_technology":"Wind Onshore","status":"Application Refused","technology":"wind_onshore"},"type":"Feature"},{"geometry":{"coordinates":[-3.2849135,55.0860504],"type":"Point"},"id":"GG2050-REPD-4105","properties":{"capacity_mw":63.0,"gg_project_id":"GG2050-REPD-4105","name":"Newfield","operator":"Wind Power Ltd","repd_ref":"4105","repd_technology":"Wind Onshore","status":"Application Refused","technology":"wind_onshore"},"type":"Feature"},{"geometry":{"coordinates":[-2.5075061,55.8829508],"type":"Point"},"id":"GG2050-REPD-3114","properties":{"capacity_mw":62.5,"gg_project_id":"GG2050-REPD-3114","name":"Crystal Rig Phase 1","operator":"Fred Olsen Renewables","repd_ref":"3114","repd_technology":"Wind Onshore","status":"Operational","technology":"wind_onshore"},"type":"Feature"},{"geometry":{"coordinates":[-4.0223675,58.4727002],"type":"Point"},"id":"GG2050-REPD-4584","properties":{"capacity_mw":62.4,"gg_project_id":"GG2050-REPD-4584","name":"Strathy Wood","operator":"E.ON Renewables","repd_ref":"4584","repd_technology":"Wind Onshore","status":"Under Construction","technology":"wind_onshore"},"type":"Feature"},{"geometry":{"coordinates":[-2.9225642,57.626589],"type":"Point"},"id":"GG2050-REPD-3099","properties":{"capacity_mw":62.0,"gg_project_id":"GG2050-REPD-3099","name":"Aultmore Wind Farm","operator":"AMEC","repd_ref":"3099","repd_technology":"Wind Onshore","status":"Revised","technology":"wind_onshore"},"type":"Feature"},{"geometry":{"coordinates":[-3.9463102,55.4979181],"type":"Point"},"id":"GG2050-REPD-4385","properties":{"capacity_mw":62.0,"gg_project_id":"GG2050-REPD-4385","name":"Kennoxhead Wind Farm","operator":"Orsted Onshore Limited","repd_ref":"4385","repd_technology":"Wind Onshore","status":"Under Construction","technology":"wind_onshore"},"type":"Feature"},{"geometry":{"coordinates":[-2.8710778,56.8046641],"type":"Point"},"id":"GG2050-REPD-4226","properties":{"capacity_mw":61.0,"gg_project_id":"GG2050-REPD-4226","name":"Nathro Hill Wind Farm","operator":"Eurowind UK","repd_ref":"4226","repd_technology":"Wind Onshore","status":"Application Withdrawn","technology":"wind_onshore"},"type":"Feature"},{"geometry":{"coordinates":[-2.4900663,55.9172092],"type":"Point"},"id":"GG2050-REPD-4332","properties":{"capacity_mw":60.8,"gg_project_id":"GG2050-REPD-4332","name":"Aikengall II, Wester Dod Community Wind Farm","operator":"Community Windpower","repd_ref":"4332","repd_technology":"Wind Onshore","status":"Operational","technology":"wind_onshore"},"type":"Feature"},{"geometry":{"coordinates":[-2.7150038,55.3958964],"type":"Point"},"id":"GG2050-REPD-4342","properties":{"capacity_mw":60.0,"gg_project_id":"GG2050-REPD-4342","name":"Birneyknowe Wind Farm","operator":"Banks Renewables","repd_ref":"4342","repd_technology":"Wind Onshore","status":"Appeal Refused","technology":"wind_onshore"},"type":"Feature"},{"geometry":{"coordinates":[-3.7017848,57.4594807],"type":"Point"},"id":"GG2050-REPD-4349","properties":{"capacity_mw":60.0,"gg_project_id":"GG2050-REPD-4349","name":"Cairn Duhie","operator":"Renewable Energy Systems (RES)","repd_ref":"4349","repd_technology":"Wind Onshore","status":"Revised","technology":"wind_onshore"},"type":"Feature"},{"geometry":{"coordinates":[-5.6258675,55.6188836],"type":"Point"},"id":"GG2050-REPD-8000","properties":{"capacity_mw":60.0,"gg_project_id":"GG2050-REPD-8000","name":"Clachaig Glen","operator":"RWE UK","repd_ref":"8000","repd_technology":"Wind Onshore","status":"Awaiting Construction","technology":"wind_onshore"},"type":"Feature"},{"geometry":{"coordinates":[-3.3293897,58.2957307],"type":"Point"},"id":"GG2050-REPD-2972","properties":{"capacity_mw":60.0,"gg_project_id":"GG2050-REPD-2972","name":"Forse Wind Farm","operator":"Wind Energy","repd_ref":"2972","repd_technology":"Wind Onshore","status":"Abandoned","technology":"wind_onshore"},"type":"Feature"},{"geometry":{"coordinates":[-4.4442561,55.9572387],"type":"Point"},"id":"GG2050-REPD-3123","properties":{"capacity_mw":60.0,"gg_project_id":"GG2050-REPD-3123","name":"Kilpatrick Hills","operator":"Airtricity","repd_ref":"3123","repd_technology":"Wind Onshore","status":"Application Withdrawn","technology":"wind_onshore"},"type":"Feature"},{"geometry":{"coordinates":[-4.4673008,55.3480071],"type":"Point"},"id":"GG2050-REPD-10468","properties":{"capacity_mw":60.0,"gg_project_id":"GG2050-REPD-10468","name":"Knockkippen Wind, Solar & Battery Farm","operator":"Falck Renewables / REG Windpower","repd_ref":"10468","repd_technology":"Wind Onshore","status":"Awaiting Construction","technology":"wind_onshore"},"type":"Feature"},{"geometry":{"coordinates":[-3.3543149,56.3963529],"type":"Point"},"id":"GG2050-REPD-3219","properties":{"capacity_mw":60.0,"gg_project_id":"GG2050-REPD-3219","name":"Knowehead","operator":"British Energy Renewables Ltd","repd_ref":"3219","repd_technology":"Wind Onshore","status":"Application Refused","technology":"wind_onshore"},"type":"Feature"},{"geometry":{"coordinates":[-4.0946644,54.9328786],"type":"Point"},"id":"GG2050-REPD-14764","properties":{"capacity_mw":60.0,"gg_project_id":"GG2050-REPD-14764","name":"Lairdmannoch Energy Park","operator":"Wind2 / Octopus Energy","repd_ref":"14764","repd_technology":"Wind Onshore","status":"Application Submitted","technology":"wind_onshore"},"type":"Feature"},{"geometry":{"coordinates":[-3.992312,55.5789357],"type":"Point"},"id":"GG2050-REPD-3597","properties":{"capacity_mw":60.0,"gg_project_id":"GG2050-REPD-3597","name":"Nutberry","operator":"West Coast Energy","repd_ref":"3597","repd_technology":"Wind Onshore","status":"Application Withdrawn","technology":"wind_onshore"},"type":"Feature"},{"geometry":{"coordinates":[0.8227368,50.9638235],"type":"Point"},"id":"GG2050-REPD-3096","properties":{"capacity_mw":59.8,"gg_project_id":"GG2050-REPD-3096","name":"Little Cheyne Court Wind Farm","operator":"RWE npower","repd_ref":"3096","repd_technology":"Wind Onshore","status":"Operational","technology":"wind_onshore"},"type":"Feature"},{"geometry":{"coordinates":[-3.9592658,55.5525068],"type":"Point"},"id":"GG2050-REPD-3222","properties":{"capacity_mw":59.6,"gg_project_id":"GG2050-REPD-3222","name":"Spireslack Windfarm","operator":"Hargreaves Resources","repd_ref":"3222","repd_technology":"Wind Onshore","status":"Application Withdrawn","technology":"wind_onshore"},"type":"Feature"},{"geometry":{"coordinates":[-1.0827127,60.5192835],"type":"Point"},"id":"GG2050-REPD-3516","properties":{"capacity_mw":59.5,"gg_project_id":"GG2050-REPD-3516","name":"Beaw Field Wind Farm","operator":"Peel Wind Farms","repd_ref":"3516","repd_technology":"Wind Onshore","status":"Awaiting Construction","technology":"wind_onshore"},"type":"Feature"},{"geometry":{"coordinates":[-4.6561063,58.0098277],"type":"Point"},"id":"GG2050-REPD-15535","properties":{"capacity_mw":59.4,"gg_project_id":"GG2050-REPD-15535","name":"Allt an Tuir Renewable Energy Park","operator":"REG Windpower Limited / ESB Energy Limited","repd_ref":"15535","repd_technology":"Wind Onshore","status":"Application Submitted","technology":"wind_onshore"},"type":"Feature"},{"geometry":{"coordinates":[-6.1044361,57.1481688],"type":"Point"},"id":"GG2050-REPD-11875","properties":{"capacity_mw":59.4,"gg_project_id":"GG2050-REPD-11875","name":"Ben Aketil Wind Farm - Repowered & Extended","operator":"Falck Renewables Limited","repd_ref":"11875","repd_technology":"Wind Onshore","status":"Application Submitted","technology":"wind_onshore"},"type":"Feature"},{"geometry":{"coordinates":[-5.4786085,55.9984405],"type":"Point"},"id":"GG2050-REPD-4356","properties":{"capacity_mw":59.4,"gg_project_id":"GG2050-REPD-4356","name":"Cruach Brenfield Wind Farm","operator":"Dulas","repd_ref":"4356","repd_technology":"Wind Onshore","status":"Application Withdrawn","technology":"wind_onshore"},"type":"Feature"},{"geometry":{"coordinates":[-4.4823956,57.1251261],"type":"Point"},"id":"GG2050-REPD-10774","properties":{"capacity_mw":59.4,"gg_project_id":"GG2050-REPD-10774","name":"Dell Wind Farm 2","operator":"Dell Wind Farm Ltd (Coriolis Energy)","repd_ref":"10774","repd_technology":"Wind Onshore","status":"Application Submitted","technology":"wind_onshore"},"type":"Feature"},{"geometry":{"coordinates":[-3.4591553,52.9505877],"type":"Point"},"id":"GG2050-REPD-9980","properties":{"capacity_mw":59.4,"gg_project_id":"GG2050-REPD-9980","name":"Gaerwen Wind Farm","operator":"RWE Renewables UK Limited","repd_ref":"9980","repd_technology":"Wind Onshore","status":"Application Submitted","technology":"wind_onshore"},"type":"Feature"},{"geometry":{"coordinates":[-5.6192475,55.6482216],"type":"Point"},"id":"GG2050-REPD-14997","properties":{"capacity_mw":59.4,"gg_project_id":"GG2050-REPD-14997","name":"Killean Wind Farm","operator":"RES Limited","repd_ref":"14997","repd_technology":"Wind Onshore","status":"Application Submitted","technology":"wind_onshore"},"type":"Feature"},{"geometry":{"coordinates":[-4.5508274,55.2788391],"type":"Point"},"id":"GG2050-REPD-7150","properties":{"capacity_mw":59.4,"gg_project_id":"GG2050-REPD-7150","name":"Knockcronal Wind Farm","operator":"Statkraft UK Limited","repd_ref":"7150","repd_technology":"Wind Onshore","status":"Awaiting Construction","technology":"wind_onshore"},"type":"Feature"},{"geometry":{"coordinates":[-3.2191973,56.7301873],"type":"Point"},"id":"GG2050-REPD-2840","properties":{"capacity_mw":59.4,"gg_project_id":"GG2050-REPD-2840","name":"Macritch Hill Wind Farm","operator":"Eneco / ScottishWater","repd_ref":"2840","repd_technology":"Wind Onshore","status":"Application Withdrawn","technology":"wind_onshore"},"type":"Feature"},{"geometry":{"coordinates":[-5.71141,57.5406948],"type":"Point"},"id":"GG2050-REPD-11357","properties":{"capacity_mw":58.8,"gg_project_id":"GG2050-REPD-11357","name":"Abhainn Dubh Wind Farm","operator":"E Power Limited","repd_ref":"11357","repd_technology":"Wind Onshore","status":"Application Submitted","technology":"wind_onshore"},"type":"Feature"},{"geometry":{"coordinates":[-5.5766414,55.8423486],"type":"Point"},"id":"GG2050-REPD-6464","properties":{"capacity_mw":58.8,"gg_project_id":"GG2050-REPD-6464","name":"Airigh Wind Farm","operator":"EDF Energy Renewables","repd_ref":"6464","repd_technology":"Wind Onshore","status":"Abandoned","technology":"wind_onshore"},"type":"Feature"},{"geometry":{"coordinates":[-6.026711,54.9679986],"type":"Point"},"id":"GG2050-REPD-11718","properties":{"capacity_mw":58.8,"gg_project_id":"GG2050-REPD-11718","name":"Unshinagh Wind Farm Development in Carnlough","operator":"Renewable Energy Systems (RES)","repd_ref":"11718","repd_technology":"Wind Onshore","status":"Application Submitted","technology":"wind_onshore"},"type":"Feature"},{"geometry":{"coordinates":[-3.7506912,52.4050277],"type":"Point"},"id":"GG2050-REPD-2563","properties":{"capacity_mw":58.5,"gg_project_id":"GG2050-REPD-2563","name":"Cefn Croes Wind Farm","operator":"Renewable Development Company Ltd, KENTECH Ltd","repd_ref":"2563","repd_technology":"Wind Onshore","status":"Operational","technology":"wind_onshore"},"type":"Feature"},{"geometry":{"coordinates":[-5.0807671,56.2816176],"type":"Point"},"id":"GG2050-REPD-15784","properties":{"capacity_mw":58.5,"gg_project_id":"GG2050-REPD-15784","name":"Ladyfield Renewable Energy Park","operator":"Ridge Clean Energy Limited","repd_ref":"15784","repd_technology":"Wind Onshore","status":"Awaiting Construction","technology":"wind_onshore"},"type":"Feature"},{"geometry":{"coordinates":[-3.4854856,56.6170079],"type":"Point"},"id":"GG2050-REPD-4274","properties":{"capacity_mw":57.8,"gg_project_id":"GG2050-REPD-4274","name":"Dulater Hill Wind Farm","operator":"Ecotricity","repd_ref":"4274","repd_technology":"Wind Onshore","status":"Appeal Refused","technology":"wind_onshore"},"type":"Feature"},{"geometry":{"coordinates":[-3.6526197,55.7925907],"type":"Point"},"id":"GG2050-REPD-3430","properties":{"capacity_mw":57.8,"gg_project_id":"GG2050-REPD-3430","name":"Heathland Wind Farm","operator":"EDF Energy Renewables (formerly Partnerships for Renewables)","repd_ref":"3430","repd_technology":"Wind Onshore","status":"Revised","technology":"wind_onshore"},"type":"Feature"},{"geometry":{"coordinates":[-4.4895414,55.337938],"type":"Point"},"id":"GG2050-REPD-4612","properties":{"capacity_mw":57.8,"gg_project_id":"GG2050-REPD-4612","name":"Keirs Hill (Sclenteuch) Wind Farm","operator":"Renewable Energy Systems (RES)","repd_ref":"4612","repd_technology":"Wind Onshore","status":"Revised","technology":"wind_onshore"},"type":"Feature"},{"geometry":{"coordinates":[-4.6615289,57.1389927],"type":"Point"},"id":"GG2050-REPD-10713","properties":{"capacity_mw":57.6,"gg_project_id":"GG2050-REPD-10713","name":"Culachy Wind Farm","operator":"Fred Olsen Renewables Limited","repd_ref":"10713","repd_technology":"Wind Onshore","status":"Application Refused","technology":"wind_onshore"},"type":"Feature"},{"geometry":{"coordinates":[-3.919253,58.5540929],"type":"Point"},"id":"GG2050-REPD-11669","properties":{"capacity_mw":57.6,"gg_project_id":"GG2050-REPD-11669","name":"Melvich Bay - Melvich Wind Energy Hub","operator":"Belltown Power Limited","repd_ref":"11669","repd_technology":"Wind Onshore","status":"Application Submitted","technology":"wind_onshore"},"type":"Feature"},{"geometry":{"coordinates":[-2.4861639,56.9687756],"type":"Point"},"id":"GG2050-REPD-4667","properties":{"capacity_mw":57.5,"gg_project_id":"GG2050-REPD-4667","name":"Mid Hill I","operator":"Fred Olsen Renewables","repd_ref":"4667","repd_technology":"Wind Onshore","status":"Operational","technology":"wind_onshore"},"type":"Feature"},{"geometry":{"coordinates":[-4.1233733,51.9606422],"type":"Point"},"id":"GG2050-REPD-3695","properties":{"capacity_mw":57.4,"gg_project_id":"GG2050-REPD-3695","name":"Brechfa Forest West","operator":"RWE Npower Renewables","repd_ref":"3695","repd_technology":"Wind Onshore","status":"Operational","technology":"wind_onshore"},"type":"Feature"},{"geometry":{"coordinates":[-3.2210541,57.5771747],"type":"Point"},"id":"GG2050-REPD-3833","properties":{"capacity_mw":57.0,"gg_project_id":"GG2050-REPD-3833","name":"Brown Muir Wind Farm","operator":"Vento Ludens","repd_ref":"3833","repd_technology":"Wind Onshore","status":"Revised","technology":"wind_onshore"},"type":"Feature"},{"geometry":{"coordinates":[0.2765249,52.6448784],"type":"Point"},"id":"GG2050-REPD-3017","properties":{"capacity_mw":57.0,"gg_project_id":"GG2050-REPD-3017","name":"Marshlands Farm","operator":"Marshland Wind Farm Limited","repd_ref":"3017","repd_technology":"Wind Onshore","status":"Application Withdrawn","technology":"wind_onshore"},"type":"Feature"},{"geometry":{"coordinates":[-3.9515601,51.7573458],"type":"Point"},"id":"GG2050-REPD-2947","properties":{"capacity_mw":57.0,"gg_project_id":"GG2050-REPD-2947","name":"Mynydd y Gwair Wind Farm","operator":"Npower Renewables","repd_ref":"2947","repd_technology":"Wind Onshore","status":"Revised","technology":"wind_onshore"},"type":"Feature"},{"geometry":{"coordinates":[-4.2261283,55.214529],"type":"Point"},"id":"GG2050-REPD-4182","properties":{"capacity_mw":57.0,"gg_project_id":"GG2050-REPD-4182","name":"Quantans Hill Wind Farm","operator":"E.ON Climate and Renewables UK Limited","repd_ref":"4182","repd_technology":"Wind Onshore","status":"Application Withdrawn","technology":"wind_onshore"},"type":"Feature"},{"geometry":{"coordinates":[-3.4881596,55.478041],"type":"Point"},"id":"GG2050-REPD-3317","properties":{"capacity_mw":57.0,"gg_project_id":"GG2050-REPD-3317","name":"Whitelaw Brae Wind Farm","operator":"Thrive Renewables","repd_ref":"3317","repd_technology":"Wind Onshore","status":"Under Construction","technology":"wind_onshore"},"type":"Feature"},{"geometry":{"coordinates":[-3.9863253,55.3255878],"type":"Point"},"id":"GG2050-REPD-11112","properties":{"capacity_mw":56.0,"gg_project_id":"GG2050-REPD-11112","name":"Cloud Hill Wind Farm","operator":"Blue Energy Company / BayWa r.e. UK Limited","repd_ref":"11112","repd_technology":"Wind Onshore","status":"Awaiting Construction","technology":"wind_onshore"},"type":"Feature"},{"geometry":{"coordinates":[-5.6140341,55.6420363],"type":"Point"},"id":"GG2050-REPD-6284","properties":{"capacity_mw":56.0,"gg_project_id":"GG2050-REPD-6284","name":"Killean","operator":"Renewable Energy Systems (RES)","repd_ref":"6284","repd_technology":"Wind Onshore","status":"Revised","technology":"wind_onshore"},"type":"Feature"},{"geometry":{"coordinates":[-4.7463104,55.1283732],"type":"Point"},"id":"GG2050-REPD-3260","properties":{"capacity_mw":56.0,"gg_project_id":"GG2050-REPD-3260","name":"Mark Hill","operator":"Force 9 Energy","repd_ref":"3260","repd_technology":"Wind Onshore","status":"Operational","technology":"wind_onshore"},"type":"Feature"},{"geometry":{"coordinates":[-3.8851627,57.3448684],"type":"Point"},"id":"GG2050-REPD-14768","properties":{"capacity_mw":55.8,"gg_project_id":"GG2050-REPD-14768","name":"Balnespick Wind Farm","operator":"Fred Olsen Renewables Limited","repd_ref":"14768","repd_technology":"Wind Onshore","status":"Application Submitted","technology":"wind_onshore"},"type":"Feature"},{"geometry":{"coordinates":[-3.4627321,55.4156574],"type":"Point"},"id":"GG2050-REPD-4364","properties":{"capacity_mw":55.2,"gg_project_id":"GG2050-REPD-4364","name":"Earlshaugh Wind Farm","operator":"Wind Energy Ltd","repd_ref":"4364","repd_technology":"Wind Onshore","status":"Abandoned","technology":"wind_onshore"},"type":"Feature"},{"geometry":{"coordinates":[-4.7642123,55.9504728],"type":"Point"},"id":"GG2050-REPD-3121","properties":{"capacity_mw":55.0,"gg_project_id":"GG2050-REPD-3121","name":"Greenock Wind Farm","operator":"Airtricity","repd_ref":"3121","repd_technology":"Wind Onshore","status":"Appeal Refused","technology":"wind_onshore"},"type":"Feature"},{"geometry":{"coordinates":[-4.6726968,58.0123107],"type":"Point"},"id":"GG2050-REPD-3274","properties":{"capacity_mw":55.0,"gg_project_id":"GG2050-REPD-3274","name":"Invercassley Windfarm","operator":"Airtricity","repd_ref":"3274","repd_technology":"Wind Onshore","status":"Appeal Refused","technology":"wind_onshore"},"type":"Feature"},{"geometry":{"coordinates":[-3.0408758,51.6652248],"type":"Point"},"id":"GG2050-REPD-9961","properties":{"capacity_mw":54.6,"gg_project_id":"GG2050-REPD-9961","name":"Mynydd Maen - Wind Farm","operator":"RES Limited","repd_ref":"9961","repd_technology":"Wind Onshore","status":"Application Submitted","technology":"wind_onshore"},"type":"Feature"},{"geometry":{"coordinates":[-4.7730182,57.6687267],"type":"Point"},"id":"GG2050-REPD-4120","properties":{"capacity_mw":54.4,"gg_project_id":"GG2050-REPD-4120","name":"Corriemoillie","operator":"EDF Energy Renewables","repd_ref":"4120","repd_technology":"Wind Onshore","status":"Operational","technology":"wind_onshore"},"type":"Feature"},{"geometry":{"coordinates":[-4.5492454,55.2865846],"type":"Point"},"id":"GG2050-REPD-4204","properties":{"capacity_mw":54.4,"gg_project_id":"GG2050-REPD-4204","name":"Linfairn Wind Farm","operator":"Willow Wind Energy","repd_ref":"4204","repd_technology":"Wind Onshore","status":"Appeal Withdrawn","technology":"wind_onshore"},"type":"Feature"},{"geometry":{"coordinates":[-2.0714216,55.1822195],"type":"Point"},"id":"GG2050-REPD-4026","properties":{"capacity_mw":54.4,"gg_project_id":"GG2050-REPD-4026","name":"Ray Wind Farm","operator":"Vattenfall","repd_ref":"4026","repd_technology":"Wind Onshore","status":"Operational","technology":"wind_onshore"},"type":"Feature"},{"geometry":{"coordinates":[-4.4477523,57.9740683],"type":"Point"},"id":"GG2050-REPD-4265","properties":{"capacity_mw":54.0,"gg_project_id":"GG2050-REPD-4265","name":"Braemore","operator":"EDF","repd_ref":"4265","repd_technology":"Wind Onshore","status":"Planning Permission Expired","technology":"wind_onshore"},"type":"Feature"},{"geometry":{"coordinates":[-3.2639682,55.7187999],"type":"Point"},"id":"GG2050-REPD-4353","properties":{"capacity_mw":54.0,"gg_project_id":"GG2050-REPD-4353","name":"Cloich Forest Wind Farm","operator":"EDF Energy Renewables (formerly Partnerships for Renewables)","repd_ref":"4353","repd_technology":"Wind Onshore","status":"Revised","technology":"wind_onshore"},"type":"Feature"},{"geometry":{"coordinates":[-5.7048289,55.5686382],"type":"Point"},"id":"GG2050-REPD-4192","properties":{"capacity_mw":54.0,"gg_project_id":"GG2050-REPD-4192","name":"Creggan Wind Farm","operator":"Burcote Wind","repd_ref":"4192","repd_technology":"Wind Onshore","status":"Appeal Refused","technology":"wind_onshore"},"type":"Feature"},{"geometry":{"coordinates":[-0.2313954,53.0011973],"type":"Point"},"id":"GG2050-REPD-4147","properties":{"capacity_mw":54.0,"gg_project_id":"GG2050-REPD-4147","name":"Heckington Fens","operator":"Ecotricity","repd_ref":"4147","repd_technology":"Wind Onshore","status":"Planning Permission Expired","technology":"wind_onshore"},"type":"Feature"},{"geometry":{"coordinates":[-1.7678382,55.4986395],"type":"Point"},"id":"GG2050-REPD-4019","properties":{"capacity_mw":54.0,"gg_project_id":"GG2050-REPD-4019","name":"Middlemoor","operator":"Npower Renewables","repd_ref":"4019","repd_technology":"Wind Onshore","status":"Operational","technology":"wind_onshore"},"type":"Feature"},{"geometry":{"coordinates":[0.2657167,53.1830297],"type":"Point"},"id":"GG2050-REPD-3270","properties":{"capacity_mw":54.0,"gg_project_id":"GG2050-REPD-3270","name":"Orby Windfarm","operator":"Mark Caudwell Ltd","repd_ref":"3270","repd_technology":"Wind Onshore","status":"Revised","technology":"wind_onshore"},"type":"Feature"},{"geometry":{"coordinates":[-4.5130525,55.3356587],"type":"Point"},"id":"GG2050-REPD-9930","properties":{"capacity_mw":54.0,"gg_project_id":"GG2050-REPD-9930","name":"Sclenteuch Wind Farm - Wind Farm","operator":"RES Limited","repd_ref":"9930","repd_technology":"Wind Onshore","status":"Awaiting Construction","technology":"wind_onshore"},"type":"Feature"},{"geometry":{"coordinates":[-7.6284001,54.190281],"type":"Point"},"id":"GG2050-REPD-4504","properties":{"capacity_mw":54.0,"gg_project_id":"GG2050-REPD-4504","name":"Slieve Rushen Extension","operator":"Unknown","repd_ref":"4504","repd_technology":"Wind Onshore","status":"Operational","technology":"wind_onshore"},"type":"Feature"},{"geometry":{"coordinates":[-3.7875435,58.1141602],"type":"Point"},"id":"GG2050-REPD-3919","properties":{"capacity_mw":54.0,"gg_project_id":"GG2050-REPD-3919","name":"West Garty Windfarm","operator":"West Garty Renewables","repd_ref":"3919","repd_technology":"Wind Onshore","status":"Appeal Refused","technology":"wind_onshore"},"type":"Feature"},{"geometry":{"coordinates":[-5.5012811,55.5688022],"type":"Point"},"id":"GG2050-REPD-8490","properties":{"capacity_mw":54.0,"gg_project_id":"GG2050-REPD-8490","name":"West Torrisdale Wind Farm","operator":"ESB Asset Development UK","repd_ref":"8490","repd_technology":"Wind Onshore","status":"Application Submitted","technology":"wind_onshore"},"type":"Feature"},{"geometry":{"coordinates":[-3.1040132,55.1709324],"type":"Point"},"id":"GG2050-REPD-16709","properties":{"capacity_mw":53.8,"gg_project_id":"GG2050-REPD-16709","name":"Loganhead Wind Farm","operator":"Muirhall Energy Limited","repd_ref":"16709","repd_technology":"Wind Onshore","status":"Application Submitted","technology":"wind_onshore"},"type":"Feature"},{"geometry":{"coordinates":[-4.0321181,55.1199126],"type":"Point"},"id":"GG2050-REPD-4032","properties":{"capacity_mw":52.9,"gg_project_id":"GG2050-REPD-4032","name":"Blackcraig","operator":"Blue Energy","repd_ref":"4032","repd_technology":"Wind Onshore","status":"Operational","technology":"wind_onshore"},"type":"Feature"},{"geometry":{"coordinates":[-2.804023,55.794816],"type":"Point"},"id":"GG2050-REPD-8376","properties":{"capacity_mw":52.8,"gg_project_id":"GG2050-REPD-8376","name":"Ditcher Law Wind Farm","operator":"E Power Ltd","repd_ref":"8376","repd_technology":"Wind Onshore","status":"Awaiting Construction","technology":"wind_onshore"},"type":"Feature"},{"geometry":{"coordinates":[-3.5560031,58.5889996],"type":"Point"},"id":"GG2050-REPD-9705","properties":{"capacity_mw":52.8,"gg_project_id":"GG2050-REPD-9705","name":"Kirkton Energy Farm","operator":"Kirkton Wind Farm Limited","repd_ref":"9705","repd_technology":"Wind Onshore","status":"Application Refused","technology":"wind_onshore"},"type":"Feature"},{"geometry":{"coordinates":[-3.6770211,58.5679221],"type":"Point"},"id":"GG2050-REPD-4021","properties":{"capacity_mw":52.5,"gg_project_id":"GG2050-REPD-4021","name":"Baillie Wind Farm","operator":"Baillie Windfarm Ltd","repd_ref":"4021","repd_technology":"Wind Onshore","status":"Operational","technology":"wind_onshore"},"type":"Feature"},{"geometry":{"coordinates":[-6.8412293,55.1402236],"type":"Point"},"id":"GG2050-REPD-4309","properties":{"capacity_mw":52.5,"gg_project_id":"GG2050-REPD-4309","name":"Windy Hill","operator":"ARC NI 1 / Windy Fields","repd_ref":"4309","repd_technology":"Wind Onshore","status":"Appeal Withdrawn","technology":"wind_onshore"},"type":"Feature"},{"geometry":{"coordinates":[-2.7616419,56.7338237],"type":"Point"},"id":"GG2050-REPD-3278","properties":{"capacity_mw":52.0,"gg_project_id":"GG2050-REPD-3278","name":"Careston Estate","operator":"Renewable Energy Systems (RES)","repd_ref":"3278","repd_technology":"Wind Onshore","status":"Application Withdrawn","technology":"wind_onshore"},"type":"Feature"},{"geometry":{"coordinates":[-3.5321722,55.8086817],"type":"Point"},"id":"GG2050-REPD-4225","properties":{"capacity_mw":51.7,"gg_project_id":"GG2050-REPD-4225","name":"Harburnhead Wind Farm","operator":"Gresham House","repd_ref":"4225","repd_technology":"Wind Onshore","status":"Operational","technology":"wind_onshore"},"type":"Feature"},{"geometry":{"coordinates":[-2.4596552,55.7741593],"type":"Point"},"id":"GG2050-REPD-3431","properties":{"capacity_mw":51.2,"gg_project_id":"GG2050-REPD-3431","name":"Inch Moor Wind Farm","operator":"Ecotricity","repd_ref":"3431","repd_technology":"Wind Onshore","status":"Application Withdrawn","technology":"wind_onshore"},"type":"Feature"},{"geometry":{"coordinates":[-6.0778502,54.8510153],"type":"Point"},"id":"GG2050-REPD-2794","properties":{"capacity_mw":51.0,"gg_project_id":"GG2050-REPD-2794","name":"Douglas Top","operator":"Macwindgen Limited","repd_ref":"2794","repd_technology":"Wind Onshore","status":"Application Withdrawn","technology":"wind_onshore"},"type":"Feature"},{"geometry":{"coordinates":[-3.8388673,58.5485496],"type":"Point"},"id":"GG2050-REPD-5618","properties":{"capacity_mw":51.0,"gg_project_id":"GG2050-REPD-5618","name":"Drum Hollistan Wind Farm","operator":"Muirden Energy","repd_ref":"5618","repd_technology":"Wind Onshore","status":"Revised","technology":"wind_onshore"},"type":"Feature"},{"geometry":{"coordinates":[-3.4948233,52.5842646],"type":"Point"},"id":"GG2050-REPD-4546","properties":{"capacity_mw":51.0,"gg_project_id":"GG2050-REPD-4546","name":"Esgair Cwmowen","operator":"Pennant Walters","repd_ref":"4546","repd_technology":"Wind Onshore","status":"Application Withdrawn","technology":"wind_onshore"},"type":"Feature"},{"geometry":{"coordinates":[-7.0426331,54.9390726],"type":"Point"},"id":"GG2050-REPD-2717","properties":{"capacity_mw":51.0,"gg_project_id":"GG2050-REPD-2717","name":"Farkland","operator":"Ted Walsh & Associates","repd_ref":"2717","repd_technology":"Wind Onshore","status":"Application Withdrawn","technology":"wind_onshore"},"type":"Feature"},{"geometry":{"coordinates":[-3.3324337,52.4284645],"type":"Point"},"id":"GG2050-REPD-3940","properties":{"capacity_mw":51.0,"gg_project_id":"GG2050-REPD-3940","name":"Llanbadarn Fynydd Wind Farm","operator":"Vattenfall","repd_ref":"3940","repd_technology":"Wind Onshore","status":"Application Refused","technology":"wind_onshore"},"type":"Feature"},{"geometry":{"coordinates":[-3.4328792,56.3054107],"type":"Point"},"id":"GG2050-REPD-3228","properties":{"capacity_mw":51.0,"gg_project_id":"GG2050-REPD-3228","name":"Lochelbank Wind Farm","operator":"RWE npower","repd_ref":"3228","repd_technology":"Wind Onshore","status":"Application Withdrawn","technology":"wind_onshore"},"type":"Feature"},{"geometry":{"coordinates":[-4.8167013,57.6545952],"type":"Point"},"id":"GG2050-REPD-4123","properties":{"capacity_mw":51.0,"gg_project_id":"GG2050-REPD-4123","name":"Lochluichart","operator":"Eneco","repd_ref":"4123","repd_technology":"Wind Onshore","status":"Operational","technology":"wind_onshore"},"type":"Feature"},{"geometry":{"coordinates":[-3.8040171,55.5128863],"type":"Point"},"id":"GG2050-REPD-4440","properties":{"capacity_mw":51.0,"gg_project_id":"GG2050-REPD-4440","name":"Middle Muir Wind Farm","operator":"Banks Renewables","repd_ref":"4440","repd_technology":"Wind Onshore","status":"Operational","technology":"wind_onshore"},"type":"Feature"},{"geometry":{"coordinates":[-3.3629576,57.5372647],"type":"Point"},"id":"GG2050-REPD-3534","properties":{"capacity_mw":50.6,"gg_project_id":"GG2050-REPD-3534","name":"Rothes Wind (Cairn Uish)","operator":"Natural Power Consultants","repd_ref":"3534","repd_technology":"Wind Onshore","status":"Operational","technology":"wind_onshore"},"type":"Feature"},{"geometry":{"coordinates":[-6.247464,54.9974708],"type":"Point"},"id":"GG2050-REPD-14113","properties":{"capacity_mw":50.4,"gg_project_id":"GG2050-REPD-14113","name":"Carnbuck Wind Farm","operator":"RES Limited","repd_ref":"14113","repd_technology":"Wind Onshore","status":"Application Submitted","technology":"wind_onshore"},"type":"Feature"},{"geometry":{"coordinates":[-2.7688586,53.3006177],"type":"Point"},"id":"GG2050-REPD-3694","properties":{"capacity_mw":50.4,"gg_project_id":"GG2050-REPD-3694","name":"Frodsham Marsh","operator":"Foresight/Belltown","repd_ref":"3694","repd_technology":"Wind Onshore","status":"Operational","technology":"wind_onshore"},"type":"Feature"},{"geometry":{"coordinates":[-4.9363528,55.9792533],"type":"Point"},"id":"GG2050-REPD-16077","properties":{"capacity_mw":50.4,"gg_project_id":"GG2050-REPD-16077","name":"Giants Burn Wind Farm-","operator":"Statkraft UK Limited","repd_ref":"16077","repd_technology":"Wind Onshore","status":"Application Submitted","technology":"wind_onshore"},"type":"Feature"},{"geometry":{"coordinates":[-4.9340424,54.9969728],"type":"Point"},"id":"GG2050-REPD-12389","properties":{"capacity_mw":50.4,"gg_project_id":"GG2050-REPD-12389","name":"High Mark Wind Farm - Wind Turbines","operator":"Wind Estate (UK) Ltd","repd_ref":"12389","repd_technology":"Wind Onshore","status":"Application Submitted","technology":"wind_onshore"},"type":"Feature"},{"geometry":{"coordinates":[-4.737101,54.9937366],"type":"Point"},"id":"GG2050-REPD-7340","properties":{"capacity_mw":50.4,"gg_project_id":"GG2050-REPD-7340","name":"Kilgallioch Windfarm (Extension)","operator":"ScottishPower Renewables","repd_ref":"7340","repd_technology":"Wind Onshore","status":"Under Construction","technology":"wind_onshore"},"type":"Feature"},{"geometry":{"coordinates":[-3.2469291,55.1617898],"type":"Point"},"id":"GG2050-REPD-9309","properties":{"capacity_mw":50.4,"gg_project_id":"GG2050-REPD-9309","name":"Little Hartfell - Wind Farm","operator":"Energiekontor (UK) Limited","repd_ref":"9309","repd_technology":"Wind Onshore","status":"Application Withdrawn","technology":"wind_onshore"},"type":"Feature"},{"geometry":{"coordinates":[-3.8060367,52.4567393],"type":"Point"},"id":"GG2050-REPD-7864","properties":{"capacity_mw":50.4,"gg_project_id":"GG2050-REPD-7864","name":"Lluest y Gwynt Wind Farm","operator":"Statkraft UK/Eco2","repd_ref":"7864","repd_technology":"Wind Onshore","status":"Application Submitted","technology":"wind_onshore"},"type":"Feature"},{"geometry":{"coordinates":[-3.4881437,55.4780412],"type":"Point"},"id":"GG2050-REPD-12855","properties":{"capacity_mw":50.4,"gg_project_id":"GG2050-REPD-12855","name":"Tweed Valley, Southern Uplands - Oliver Forest Wind Farm","operator":"Statkraft UK Limited","repd_ref":"12855","repd_technology":"Wind Onshore","status":"Application Submitted","technology":"wind_onshore"},"type":"Feature"},{"geometry":{"coordinates":[-4.1742831,55.3116004],"type":"Point"},"id":"GG2050-REPD-4262","properties":{"capacity_mw":50.0,"gg_project_id":"GG2050-REPD-4262","name":"Afton Wind Farm","operator":"InfraRed Capital Partners/ E.on","repd_ref":"4262","repd_technology":"Wind Onshore","status":"Operational","technology":"wind_onshore"},"type":"Feature"},{"geometry":{"coordinates":[-4.6301221,50.6274655],"type":"Point"},"id":"GG2050-REPD-3027","properties":{"capacity_mw":50.0,"gg_project_id":"GG2050-REPD-3027","name":"Bodmin Moor","operator":"Community Power Ltd","repd_ref":"3027","repd_technology":"Wind Onshore","status":"Appeal Withdrawn","technology":"wind_onshore"},"type":"Feature"},{"geometry":{"coordinates":[-3.2715145,58.4086518],"type":"Point"},"id":"GG2050-REPD-4006","properties":{"capacity_mw":50.0,"gg_project_id":"GG2050-REPD-4006","name":"Camster","operator":"E.ON UK","repd_ref":"4006","repd_technology":"Wind Onshore","status":"Operational","technology":"wind_onshore"},"type":"Feature"},{"geometry":{"coordinates":[-4.3711827,55.3497311],"type":"Point"},"id":"GG2050-REPD-3216","properties":{"capacity_mw":50.0,"gg_project_id":"GG2050-REPD-3216","name":"Chalmerston","operator":"Hargreaves Resources","repd_ref":"3216","repd_technology":"Wind Onshore","status":"Application Withdrawn","technology":"wind_onshore"},"type":"Feature"},{"geometry":{"coordinates":[-4.4823956,57.1251261],"type":"Point"},"id":"GG2050-REPD-4359","properties":{"capacity_mw":50.0,"gg_project_id":"GG2050-REPD-4359","name":"Dell Wind Farm","operator":"Dell Wind Farm Ltd (Coriolis Energy)","repd_ref":"4359","repd_technology":"Wind Onshore","status":"Revised","technology":"wind_onshore"},"type":"Feature"},{"geometry":{"coordinates":[-3.2163123,58.6152524],"type":"Point"},"id":"GG2050-REPD-8061","properties":{"capacity_mw":50.0,"gg_project_id":"GG2050-REPD-8061","name":"Hollandmey Renewable Energy Development","operator":"Scottishpower Renewables","repd_ref":"8061","repd_technology":"Wind Onshore","status":"Awaiting Construction","technology":"wind_onshore"},"type":"Feature"},{"geometry":{"coordinates":[-3.4724537,58.4105241],"type":"Point"},"id":"GG2050-REPD-6833","properties":{"capacity_mw":50.0,"gg_project_id":"GG2050-REPD-6833","name":"Tormsdale -Wind Farm","operator":"Arise AB / Lomond Energy","repd_ref":"6833","repd_technology":"Wind Onshore","status":"Application Submitted","technology":"wind_onshore"},"type":"Feature"},{"geometry":{"coordinates":[-4.2422226,57.2568999],"type":"Point"},"id":"GG2050-REPD-3371","properties":{"capacity_mw":49.9,"gg_project_id":"GG2050-REPD-3371","name":"Aberarder Wind Farm","operator":"Scottish & Southern Energy","repd_ref":"3371","repd_technology":"Wind Onshore","status":"Under Construction","technology":"wind_onshore"},"type":"Feature"},{"geometry":{"coordinates":[-3.8705226,58.5369533],"type":"Point"},"id":"GG2050-REPD-3204","properties":{"capacity_mw":49.9,"gg_project_id":"GG2050-REPD-3204","name":"Ackron Wind Farm","operator":"Akron Wind Farm Limited","repd_ref":"3204","repd_technology":"Wind Onshore","status":"Revised","technology":"wind_onshore"},"type":"Feature"},{"geometry":{"coordinates":[-5.611492,55.5457108],"type":"Point"},"id":"GG2050-REPD-3387","properties":{"capacity_mw":49.9,"gg_project_id":"GG2050-REPD-3387","name":"Beinn an Tuirc Windfarm Phase 3","operator":"Scottish Power Renewables","repd_ref":"3387","repd_technology":"Wind Onshore","status":"Under Construction","technology":"wind_onshore"},"type":"Feature"},{"geometry":{"coordinates":[-2.6837528,54.0725851],"type":"Point"},"id":"GG2050-REPD-3475","properties":{"capacity_mw":49.9,"gg_project_id":"GG2050-REPD-3475","name":"Claughton Moor Community Wind Farm","operator":"Community Windpower (Community Wind Power)","repd_ref":"3475","repd_technology":"Wind Onshore","status":"Revised","technology":"wind_onshore"},"type":"Feature"},{"geometry":{"coordinates":[-4.3946549,55.6431075],"type":"Point"},"id":"GG2050-REPD-3474","properties":{"capacity_mw":49.9,"gg_project_id":"GG2050-REPD-3474","name":"Cowans Law","operator":"Community Windpower (Community Wind Power)","repd_ref":"3474","repd_technology":"Wind Onshore","status":"Revised","technology":"wind_onshore"},"type":"Feature"},{"geometry":{"coordinates":[-4.3946549,55.6431075],"type":"Point"},"id":"GG2050-REPD-3476","properties":{"capacity_mw":49.9,"gg_project_id":"GG2050-REPD-3476","name":"Cowans Law","operator":"Community Windpower (Community Wind Power)","repd_ref":"3476","repd_technology":"Wind Onshore","status":"Application Refused","technology":"wind_onshore"},"type":"Feature"},{"geometry":{"coordinates":[-6.4149365,57.3948249],"type":"Point"},"id":"GG2050-REPD-2859","properties":{"capacity_mw":49.9,"gg_project_id":"GG2050-REPD-2859","name":"Glen Ullinish Wind Farm","operator":"Muirhall Energy (previously Kilmac Energy)","repd_ref":"2859","repd_technology":"Wind Onshore","status":"Awaiting Construction","technology":"wind_onshore"},"type":"Feature"},{"geometry":{"coordinates":[-4.1856001,55.3943661],"type":"Point"},"id":"GG2050-REPD-20651","properties":{"capacity_mw":49.9,"gg_project_id":"GG2050-REPD-20651","name":"Glen Water - Wind Farm","operator":"Glen Water Wind Farm Limited","repd_ref":"20651","repd_technology":"Wind Onshore","status":"Application Submitted","technology":"wind_onshore"},"type":"Feature"},{"geometry":{"coordinates":[-4.367326,57.9913247],"type":"Point"},"id":"GG2050-REPD-8884","properties":{"capacity_mw":49.9,"gg_project_id":"GG2050-REPD-8884","name":"Lairg 2 Wind Farm","operator":"Energiekontor UK Limited","repd_ref":"8884","repd_technology":"Wind Onshore","status":"Under Construction","technology":"wind_onshore"},"type":"Feature"},{"geometry":{"coordinates":[-4.0809932,55.1550393],"type":"Point"},"id":"GG2050-REPD-7848","properties":{"capacity_mw":49.9,"gg_project_id":"GG2050-REPD-7848","name":"Margree Windfarm","operator":"Energiekontor (UK) Limited","repd_ref":"7848","repd_technology":"Wind Onshore","status":"Awaiting Construction","technology":"wind_onshore"},"type":"Feature"},{"geometry":{"coordinates":[-6.5704176,58.1698896],"type":"Point"},"id":"GG2050-REPD-6673","properties":{"capacity_mw":49.9,"gg_project_id":"GG2050-REPD-6673","name":"Sandwick East Community Wind Farm","operator":"Aquatera","repd_ref":"6673","repd_technology":"Wind Onshore","status":"Application Submitted","technology":"wind_onshore"},"type":"Feature"},{"geometry":{"coordinates":[-3.2216259,58.5677148],"type":"Point"},"id":"GG2050-REPD-15099","properties":{"capacity_mw":49.9,"gg_project_id":"GG2050-REPD-15099","name":"Slickly Wind Farm","operator":"Statkraft Wind UK Limited","repd_ref":"15099","repd_technology":"Wind Onshore","status":"Awaiting Construction","technology":"wind_onshore"},"type":"Feature"},{"geometry":{"coordinates":[-6.2503003,58.3477389],"type":"Point"},"id":"GG2050-REPD-6645","properties":{"capacity_mw":49.7,"gg_project_id":"GG2050-REPD-6645","name":"Druim Leathann","operator":"BayWa r.e. (formerly Forsa)","repd_ref":"6645","repd_technology":"Wind Onshore","status":"Revised","technology":"wind_onshore"},"type":"Feature"},{"geometry":{"coordinates":[-4.8555912,57.1254017],"type":"Point"},"id":"GG2050-REPD-15787","properties":{"capacity_mw":49.6,"gg_project_id":"GG2050-REPD-15787","name":"Millennium East","operator":"Renantis UK Limited","repd_ref":"15787","repd_technology":"Wind Onshore","status":"Application Submitted","technology":"wind_onshore"},"type":"Feature"},{"geometry":{"coordinates":[-4.1584848,55.4699139],"type":"Point"},"id":"GG2050-REPD-13393","properties":{"capacity_mw":49.6,"gg_project_id":"GG2050-REPD-13393","name":"The Drum Wind Farm","operator":"Wind Estate (UK) Ltd","repd_ref":"13393","repd_technology":"Wind Onshore","status":"Application Refused","technology":"wind_onshore"},"type":"Feature"},{"geometry":{"coordinates":[-4.2005475,55.3106535],"type":"Point"},"id":"GG2050-REPD-10539","properties":{"capacity_mw":49.6,"gg_project_id":"GG2050-REPD-10539","name":"Windy Standard I Repower","operator":"Fred Olsen Renewables","repd_ref":"10539","repd_technology":"Wind Onshore","status":"Awaiting Construction","technology":"wind_onshore"},"type":"Feature"},{"geometry":{"coordinates":[-4.0310976,57.8776927],"type":"Point"},"id":"GG2050-REPD-3146","properties":{"capacity_mw":49.5,"gg_project_id":"GG2050-REPD-3146","name":"Cambusmore","operator":"Renewable Energy Systems (RES)","repd_ref":"3146","repd_technology":"Wind Onshore","status":"Application Withdrawn","technology":"wind_onshore"},"type":"Feature"},{"geometry":{"coordinates":[-5.8618412,56.4603476],"type":"Point"},"id":"GG2050-REPD-9662","properties":{"capacity_mw":49.5,"gg_project_id":"GG2050-REPD-9662","name":"Glasvaar Wind Farm","operator":"E Power Limited","repd_ref":"9662","repd_technology":"Wind Onshore","status":"Awaiting Construction","technology":"wind_onshore"},"type":"Feature"},{"geometry":{"coordinates":[-3.6685093,53.1142851],"type":"Point"},"id":"GG2050-REPD-3729","properties":{"capacity_mw":49.5,"gg_project_id":"GG2050-REPD-3729","name":"Llys Dymper","operator":"Windpower Wales","repd_ref":"3729","repd_technology":"Wind Onshore","status":"Revised","technology":"wind_onshore"},"type":"Feature"},{"geometry":{"coordinates":[-4.1551564,55.2898921],"type":"Point"},"id":"GG2050-REPD-6036","properties":{"capacity_mw":49.5,"gg_project_id":"GG2050-REPD-6036","name":"Lorg Windfarm","operator":"E.ON Climate and Renewables UK","repd_ref":"6036","repd_technology":"Wind Onshore","status":"Revised","technology":"wind_onshore"},"type":"Feature"},{"geometry":{"coordinates":[-4.0513446,55.3721477],"type":"Point"},"id":"GG2050-REPD-5392","properties":{"capacity_mw":49.4,"gg_project_id":"GG2050-REPD-5392","name":"Sandy Knowe Wind Farm","operator":"Burcote Wind","repd_ref":"5392","repd_technology":"Wind Onshore","status":"Revised","technology":"wind_onshore"},"type":"Feature"},{"geometry":{"coordinates":[-3.998547,55.1319365],"type":"Point"},"id":"GG2050-REPD-7398","properties":{"capacity_mw":49.0,"gg_project_id":"GG2050-REPD-7398","name":"Fell Wind Farm","operator":"EnergieKontor UK","repd_ref":"7398","repd_technology":"Wind Onshore","status":"Awaiting Construction","technology":"wind_onshore"},"type":"Feature"},{"geometry":{"coordinates":[-3.7889113,55.4574424],"type":"Point"},"id":"GG2050-REPD-4392","properties":{"capacity_mw":49.0,"gg_project_id":"GG2050-REPD-4392","name":"Leadhills Wind Farm","operator":"Atmos","repd_ref":"4392","repd_technology":"Wind Onshore","status":"Application Refused","technology":"wind_onshore"},"type":"Feature"},{"geometry":{"coordinates":[-3.94363,55.4123115],"type":"Point"},"id":"GG2050-REPD-4482","properties":{"capacity_mw":49.0,"gg_project_id":"GG2050-REPD-4482","name":"Spango Community Wind Farm","operator":"Community Wind Power Limited","repd_ref":"4482","repd_technology":"Wind Onshore","status":"Application Withdrawn","technology":"wind_onshore"},"type":"Feature"},{"geometry":{"coordinates":[-3.9615664,55.4076482],"type":"Point"},"id":"GG2050-REPD-4782","properties":{"capacity_mw":49.0,"gg_project_id":"GG2050-REPD-4782","name":"Spango Community Wind Farm","operator":"Community Wind Power","repd_ref":"4782","repd_technology":"Wind Onshore","status":"Application Refused","technology":"wind_onshore"},"type":"Feature"},{"geometry":{"coordinates":[-4.0856502,57.3207328],"type":"Point"},"id":"GG2050-REPD-4371","properties":{"capacity_mw":48.5,"gg_project_id":"GG2050-REPD-4371","name":"Glen Kyllachy Wind Farm","operator":"Greencoat UK Wind","repd_ref":"4371","repd_technology":"Wind Onshore","status":"Operational","technology":"wind_onshore"},"type":"Feature"},{"geometry":{"coordinates":[-3.7625667,55.7621894],"type":"Point"},"id":"GG2050-REPD-4253","properties":{"capacity_mw":48.4,"gg_project_id":"GG2050-REPD-4253","name":"Black Law Extension - 1a","operator":"Scottish Power Renewables","repd_ref":"4253","repd_technology":"Wind Onshore","status":"Operational","technology":"wind_onshore"},"type":"Feature"},{"geometry":{"coordinates":[-5.3102163,56.1527682],"type":"Point"},"id":"GG2050-REPD-4331","properties":{"capacity_mw":48.3,"gg_project_id":"GG2050-REPD-4331","name":"A'Chruach (Phase 1)","operator":"Infinis (formerly Novera Energy)","repd_ref":"4331","repd_technology":"Wind Onshore","status":"Operational","technology":"wind_onshore"},"type":"Feature"},{"geometry":{"coordinates":[-4.1591854,52.0088725],"type":"Point"},"id":"GG2050-REPD-3790","properties":{"capacity_mw":48.3,"gg_project_id":"GG2050-REPD-3790","name":"Bryn Llywelyn","operator":"Renewable Energy Systems (RES)","repd_ref":"3790","repd_technology":"Wind Onshore","status":"Appeal Refused","technology":"wind_onshore"},"type":"Feature"},{"geometry":{"coordinates":[-3.085423,58.4434708],"type":"Point"},"id":"GG2050-REPD-3108","properties":{"capacity_mw":48.3,"gg_project_id":"GG2050-REPD-3108","name":"Causeymire","operator":"Innogy (formerly RWE npower)","repd_ref":"3108","repd_technology":"Wind Onshore","status":"Operational","technology":"wind_onshore"},"type":"Feature"},{"geometry":{"coordinates":[-6.2707689,58.3104838],"type":"Point"},"id":"GG2050-REPD-6573","properties":{"capacity_mw":48.3,"gg_project_id":"GG2050-REPD-6573","name":"Druim Leathann Windfarm","operator":"Baywa R.E. UK Limited","repd_ref":"6573","repd_technology":"Wind Onshore","status":"Awaiting Construction","technology":"wind_onshore"},"type":"Feature"},{"geometry":{"coordinates":[-2.4900663,55.9172092],"type":"Point"},"id":"GG2050-REPD-4526","properties":{"capacity_mw":48.0,"gg_project_id":"GG2050-REPD-4526","name":"Aikengall","operator":"Community Wind Power","repd_ref":"4526","repd_technology":"Wind Onshore","status":"Operational","technology":"wind_onshore"},"type":"Feature"},{"geometry":{"coordinates":[-3.8161743,55.6044993],"type":"Point"},"id":"GG2050-REPD-6708","properties":{"capacity_mw":48.0,"gg_project_id":"GG2050-REPD-6708","name":"Broken Cross (Former Surface Mine)","operator":"BayWa r.e. UK Limited","repd_ref":"6708","repd_technology":"Wind Onshore","status":"Operational","technology":"wind_onshore"},"type":"Feature"},{"geometry":{"coordinates":[-4.1653213,58.5089164],"type":"Point"},"id":"GG2050-REPD-8535","properties":{"capacity_mw":48.0,"gg_project_id":"GG2050-REPD-8535","name":"Cairnview, Bettyhill","operator":"Bettyhill 2 Wind Limited","repd_ref":"8535","repd_technology":"Wind Onshore","status":"Awaiting Construction","technology":"wind_onshore"},"type":"Feature"},{"geometry":{"coordinates":[-3.17287,55.1761486],"type":"Point"},"id":"GG2050-REPD-4633","properties":{"capacity_mw":48.0,"gg_project_id":"GG2050-REPD-4633","name":"Crossdykes","operator":"Muirhall Energy","repd_ref":"4633","repd_technology":"Wind Onshore","status":"Operational","technology":"wind_onshore"},"type":"Feature"},{"geometry":{"coordinates":[-2.5277611,55.9030818],"type":"Point"},"id":"GG2050-REPD-4631","properties":{"capacity_mw":48.0,"gg_project_id":"GG2050-REPD-4631","name":"Crystal Rig Wind Farm Phase IV","operator":"Fred Olsen Renewables","repd_ref":"4631","repd_technology":"Wind Onshore","status":"Under Construction","technology":"wind_onshore"},"type":"Feature"},{"geometry":{"coordinates":[-3.958944,55.5718435],"type":"Point"},"id":"GG2050-REPD-5455","properties":{"capacity_mw":48.0,"gg_project_id":"GG2050-REPD-5455","name":"Cumberhead Wind Farm","operator":"Octopus Renewables Infrastructure Trust","repd_ref":"5455","repd_technology":"Wind Onshore","status":"Operational","technology":"wind_onshore"},"type":"Feature"},{"geometry":{"coordinates":[-4.6242875,50.6306104],"type":"Point"},"id":"GG2050-REPD-3472","properties":{"capacity_mw":48.0,"gg_project_id":"GG2050-REPD-3472","name":"Davidstow Wind Farm","operator":"Community Windpower","repd_ref":"3472","repd_technology":"Wind Onshore","status":"Application Withdrawn","technology":"wind_onshore"},"type":"Feature"},{"geometry":{"coordinates":[-3.6000822,56.2252059],"type":"Point"},"id":"GG2050-REPD-15299","properties":{"capacity_mw":48.0,"gg_project_id":"GG2050-REPD-15299","name":"Earnieside Farmhouse, Dunning Glen - Wind Farm","operator":"Galileo Green Energy Scotland Limited","repd_ref":"15299","repd_technology":"Wind Onshore","status":"Awaiting Construction","technology":"wind_onshore"},"type":"Feature"},{"geometry":{"coordinates":[-3.4967477,55.8024324],"type":"Point"},"id":"GG2050-REPD-6291","properties":{"capacity_mw":48.0,"gg_project_id":"GG2050-REPD-6291","name":"Fauch Hill","operator":"Fauch Hill Sustainable Energy","repd_ref":"6291","repd_technology":"Wind Onshore","status":"Appeal Refused","technology":"wind_onshore"},"type":"Feature"},{"geometry":{"coordinates":[-5.4869832,55.7028474],"type":"Point"},"id":"GG2050-REPD-7345","properties":{"capacity_mw":48.0,"gg_project_id":"GG2050-REPD-7345","name":"High Constellation Wind Farm","operator":"BayWa r.e. UK Limited","repd_ref":"7345","repd_technology":"Wind Onshore","status":"Awaiting Construction","technology":"wind_onshore"},"type":"Feature"},{"geometry":{"coordinates":[-3.3410462,57.622842],"type":"Point"},"id":"GG2050-REPD-4014","properties":{"capacity_mw":48.0,"gg_project_id":"GG2050-REPD-4014","name":"Hill of Towie (Drummuir)","operator":"Renewable Energy Systems (RES)","repd_ref":"4014","repd_technology":"Wind Onshore","status":"Operational","technology":"wind_onshore"},"type":"Feature"},{"geometry":{"coordinates":[-3.3410462,57.622842],"type":"Point"},"id":"GG2050-REPD-4589","properties":{"capacity_mw":48.0,"gg_project_id":"GG2050-REPD-4589","name":"Hill of Towie II Wind Farm","operator":"Renewable Energy Systems (RES)","repd_ref":"4589","repd_technology":"Wind Onshore","status":"Planning Permission Expired","technology":"wind_onshore"},"type":"Feature"},{"geometry":{"coordinates":[-3.574729,56.2409956],"type":"Point"},"id":"GG2050-REPD-3561","properties":{"capacity_mw":48.0,"gg_project_id":"GG2050-REPD-3561","name":"Mellock Hill Wind Farm","operator":"Renewable Development Company Ltd","repd_ref":"3561","repd_technology":"Wind Onshore","status":"Application Refused","technology":"wind_onshore"},"type":"Feature"},{"geometry":{"coordinates":[-5.4562828,56.0496782],"type":"Point"},"id":"GG2050-REPD-2707","properties":{"capacity_mw":48.0,"gg_project_id":"GG2050-REPD-2707","name":"Raera Forest","operator":"RWE npower","repd_ref":"2707","repd_technology":"Wind Onshore","status":"Application Refused","technology":"wind_onshore"},"type":"Feature"},{"geometry":{"coordinates":[-3.0135025,55.6508276],"type":"Point"},"id":"GG2050-REPD-8002","properties":{"capacity_mw":48.0,"gg_project_id":"GG2050-REPD-8002","name":"Scawd Law Wind Farm","operator":"Fred Olsen Renewables","repd_ref":"8002","repd_technology":"Wind Onshore","status":"Application Submitted","technology":"wind_onshore"},"type":"Feature"},{"geometry":{"coordinates":[-4.9880055,56.3587436],"type":"Point"},"id":"GG2050-REPD-4049","properties":{"capacity_mw":48.0,"gg_project_id":"GG2050-REPD-4049","name":"Stacain","operator":"Wind Prospect","repd_ref":"4049","repd_technology":"Wind Onshore","status":"Appeal Refused","technology":"wind_onshore"},"type":"Feature"},{"geometry":{"coordinates":[-1.5096874,54.6225976],"type":"Point"},"id":"GG2050-REPD-4221","properties":{"capacity_mw":48.0,"gg_project_id":"GG2050-REPD-4221","name":"The Isles Wind Farm","operator":"E.ON Climate and Renewables","repd_ref":"4221","repd_technology":"Wind Onshore","status":"Application Withdrawn","technology":"wind_onshore"},"type":"Feature"},{"geometry":{"coordinates":[-4.7118998,55.797931],"type":"Point"},"id":"GG2050-REPD-4626","properties":{"capacity_mw":48.0,"gg_project_id":"GG2050-REPD-4626","name":"Wings Law","operator":"Wind Hydrogen","repd_ref":"4626","repd_technology":"Wind Onshore","status":"Appeal Withdrawn","technology":"wind_onshore"},"type":"Feature"},{"geometry":{"coordinates":[-5.6190501,55.6140498],"type":"Point"},"id":"GG2050-REPD-6119","properties":{"capacity_mw":47.6,"gg_project_id":"GG2050-REPD-6119","name":"Bridge House, Muasdale, Tarbert, Strathclyde","operator":"E.ON UK","repd_ref":"6119","repd_technology":"Wind Onshore","status":"Revised","technology":"wind_onshore"},"type":"Feature"},{"geometry":{"coordinates":[-3.3035303,58.4705588],"type":"Point"},"id":"GG2050-REPD-11479","properties":{"capacity_mw":47.6,"gg_project_id":"GG2050-REPD-11479","name":"Watten Wind Farm","operator":"EDF Energy Renewables","repd_ref":"11479","repd_technology":"Wind Onshore","status":"Application Withdrawn","technology":"wind_onshore"},"type":"Feature"},{"geometry":{"coordinates":[-5.0200734,55.9444626],"type":"Point"},"id":"GG2050-REPD-3009","properties":{"capacity_mw":47.5,"gg_project_id":"GG2050-REPD-3009","name":"Black Craig","operator":"Argyll Wind Farm Ltd","repd_ref":"3009","repd_technology":"Wind Onshore","status":"Application Withdrawn","technology":"wind_onshore"},"type":"Feature"},{"geometry":{"coordinates":[-4.4171982,55.3324072],"type":"Point"},"id":"GG2050-REPD-2671","properties":{"capacity_mw":47.5,"gg_project_id":"GG2050-REPD-2671","name":"Burnhead Wind Farm","operator":"Ventient (formerly Infinis)","repd_ref":"2671","repd_technology":"Wind Onshore","status":"Revised","technology":"wind_onshore"},"type":"Feature"},{"geometry":{"coordinates":[-4.8001775,57.6261863],"type":"Point"},"id":"GG2050-REPD-3497","properties":{"capacity_mw":47.5,"gg_project_id":"GG2050-REPD-3497","name":"Corriemoillie Forest","operator":"E.ON UK","repd_ref":"3497","repd_technology":"Wind Onshore","status":"Revised","technology":"wind_onshore"},"type":"Feature"},{"geometry":{"coordinates":[-3.3796038,52.6204025],"type":"Point"},"id":"GG2050-REPD-4728","properties":{"capacity_mw":47.5,"gg_project_id":"GG2050-REPD-4728","name":"Esgair Cwmowen","operator":"Pennant Walters","repd_ref":"4728","repd_technology":"Wind Onshore","status":"Application Submitted","technology":"wind_onshore"},"type":"Feature"},{"geometry":{"coordinates":[-5.375517,56.2543888],"type":"Point"},"id":"GG2050-REPD-3127","properties":{"capacity_mw":47.5,"gg_project_id":"GG2050-REPD-3127","name":"Inverliever","operator":"Scottish Power Renewables","repd_ref":"3127","repd_technology":"Wind Onshore","status":"Application Refused","technology":"wind_onshore"},"type":"Feature"},{"geometry":{"coordinates":[-4.058805,58.0404027],"type":"Point"},"id":"GG2050-REPD-3202","properties":{"capacity_mw":47.5,"gg_project_id":"GG2050-REPD-3202","name":"Kilbraur Windfarm","operator":"Renewable Development Company (RDC)","repd_ref":"3202","repd_technology":"Wind Onshore","status":"Operational","technology":"wind_onshore"},"type":"Feature"},{"geometry":{"coordinates":[-4.3217466,55.7497209],"type":"Point"},"id":"GG2050-REPD-3766","properties":{"capacity_mw":47.5,"gg_project_id":"GG2050-REPD-3766","name":"Moorhouse (Eaglesham)","operator":"Falck Renewables","repd_ref":"3766","repd_technology":"Wind Onshore","status":"Appeal Refused","technology":"wind_onshore"},"type":"Feature"},{"geometry":{"coordinates":[-2.8279249,55.6907232],"type":"Point"},"id":"GG2050-REPD-3215","properties":{"capacity_mw":47.5,"gg_project_id":"GG2050-REPD-3215","name":"Sell Moor Windfarm","operator":"RDC Scotland Ltd","repd_ref":"3215","repd_technology":"Wind Onshore","status":"Application Refused","technology":"wind_onshore"},"type":"Feature"},{"geometry":{"coordinates":[-3.5577212,51.6389586],"type":"Point"},"id":"GG2050-REPD-2633","properties":{"capacity_mw":47.5,"gg_project_id":"GG2050-REPD-2633","name":"Werfa","operator":"AMEC","repd_ref":"2633","repd_technology":"Wind Onshore","status":"Appeal Refused","technology":"wind_onshore"},"type":"Feature"},{"geometry":{"coordinates":[-3.9588617,58.0882208],"type":"Point"},"id":"GG2050-REPD-3435","properties":{"capacity_mw":47.0,"gg_project_id":"GG2050-REPD-3435","name":"Gordonbush (extension)","operator":"Scottish and Southern Energy (SSE)","repd_ref":"3435","repd_technology":"Wind Onshore","status":"Operational","technology":"wind_onshore"},"type":"Feature"},{"geometry":{"coordinates":[-6.8440531,54.9291724],"type":"Point"},"id":"GG2050-REPD-7406","properties":{"capacity_mw":46.8,"gg_project_id":"GG2050-REPD-7406","name":"Evishagaran Wind Farm","operator":"ERG UK Holding","repd_ref":"7406","repd_technology":"Wind Onshore","status":"Awaiting Construction","technology":"wind_onshore"},"type":"Feature"},{"geometry":{"coordinates":[-1.2109388,60.1601181],"type":"Point"},"id":"GG2050-REPD-6384","properties":{"capacity_mw":46.8,"gg_project_id":"GG2050-REPD-6384","name":"Mossy Hill","operator":"Peel Wind Farms (Peel Energy)","repd_ref":"6384","repd_technology":"Wind Onshore","status":"Awaiting Construction","technology":"wind_onshore"},"type":"Feature"},{"geometry":{"coordinates":[-3.1296281,57.4457744],"type":"Point"},"id":"GG2050-REPD-8468","properties":{"capacity_mw":46.2,"gg_project_id":"GG2050-REPD-8468","name":"Garbet Windfarm - Wind Farm & Storage facility","operator":"Energiekontor UK Limited / Uniper","repd_ref":"8468","repd_technology":"Wind Onshore","status":"Under Construction","technology":"wind_onshore"},"type":"Feature"},{"geometry":{"coordinates":[-3.650704,55.5112117],"type":"Point"},"id":"GG2050-REPD-6363","properties":{"capacity_mw":46.2,"gg_project_id":"GG2050-REPD-6363","name":"Priestgill Wind Farm","operator":"Muirhall Energy","repd_ref":"6363","repd_technology":"Wind Onshore","status":"Under Construction","technology":"wind_onshore"},"type":"Feature"},{"geometry":{"coordinates":[-5.2945374,56.3390111],"type":"Point"},"id":"GG2050-REPD-4619","properties":{"capacity_mw":46.0,"gg_project_id":"GG2050-REPD-4619","name":"Carraig Gheal","operator":"Green Power","repd_ref":"4619","repd_technology":"Wind Onshore","status":"Operational","technology":"wind_onshore"},"type":"Feature"},{"geometry":{"coordinates":[-4.1698996,58.0704521],"type":"Point"},"id":"GG2050-REPD-3183","properties":{"capacity_mw":46.0,"gg_project_id":"GG2050-REPD-3183","name":"Strathbora","operator":"Renewable Development Company (RDC)","repd_ref":"3183","repd_technology":"Wind Onshore","status":"Application Withdrawn","technology":"wind_onshore"},"type":"Feature"},{"geometry":{"coordinates":[-3.9864674,55.4722702],"type":"Point"},"id":"GG2050-REPD-8001","properties":{"capacity_mw":45.6,"gg_project_id":"GG2050-REPD-8001","name":"Kennoxhead Wind Farm Extension II (Penbreck) (Phase 2)","operator":"Orsted Onshore Limited","repd_ref":"8001","repd_technology":"Wind Onshore","status":"Awaiting Construction","technology":"wind_onshore"},"type":"Feature"},{"geometry":{"coordinates":[-3.6282388,55.8134049],"type":"Point"},"id":"GG2050-REPD-6327","properties":{"capacity_mw":45.6,"gg_project_id":"GG2050-REPD-6327","name":"Longhill Burn Wind Farm","operator":"EnergieKontor UK","repd_ref":"6327","repd_technology":"Wind Onshore","status":"Under Construction","technology":"wind_onshore"},"type":"Feature"},{"geometry":{"coordinates":[-1.0412574,53.6697555],"type":"Point"},"id":"GG2050-REPD-2946","properties":{"capacity_mw":45.0,"gg_project_id":"GG2050-REPD-2946","name":"Aire & Calder Wind Farm","operator":"E.ON UK","repd_ref":"2946","repd_technology":"Wind Onshore","status":"Application Withdrawn","technology":"wind_onshore"},"type":"Feature"},{"geometry":{"coordinates":[-6.4718143,57.3985529],"type":"Point"},"id":"GG2050-REPD-12163","properties":{"capacity_mw":45.0,"gg_project_id":"GG2050-REPD-12163","name":"An Cleireach, Balmeanach - Wind Farm & Battery Storage","operator":"Balmeanach Wind Farm Limited","repd_ref":"12163","repd_technology":"Wind Onshore","status":"Application Refused","technology":"wind_onshore"},"type":"Feature"},{"geometry":{"coordinates":[-5.2155581,56.2488715],"type":"Point"},"id":"GG2050-REPD-4336","properties":{"capacity_mw":45.0,"gg_project_id":"GG2050-REPD-4336","name":"Ardchonnel Wind Farm","operator":"RWE","repd_ref":"4336","repd_technology":"Wind Onshore","status":"Appeal Refused","technology":"wind_onshore"},"type":"Feature"},{"geometry":{"coordinates":[-3.2603967,55.7976603],"type":"Point"},"id":"GG2050-REPD-3268","properties":{"capacity_mw":45.0,"gg_project_id":"GG2050-REPD-3268","name":"Auchencorth Moss","operator":"E.ON UK","repd_ref":"3268","repd_technology":"Wind Onshore","status":"Application Refused","technology":"wind_onshore"},"type":"Feature"},{"geometry":{"coordinates":[-4.0260639,58.0749242],"type":"Point"},"id":"GG2050-REPD-4537","properties":{"capacity_mw":45.0,"gg_project_id":"GG2050-REPD-4537","name":"Balnacoil Wind Farm","operator":"Vento Ludens","repd_ref":"4537","repd_technology":"Wind Onshore","status":"Application Refused","technology":"wind_onshore"},"type":"Feature"},{"geometry":{"coordinates":[-3.5587402,52.561512],"type":"Point"},"id":"GG2050-REPD-4571","properties":{"capacity_mw":45.0,"gg_project_id":"GG2050-REPD-4571","name":"Carno 3","operator":"Amegni Renewables","repd_ref":"4571","repd_technology":"Wind Onshore","status":"Awaiting Construction","technology":"wind_onshore"},"type":"Feature"},{"geometry":{"coordinates":[-4.1018545,56.0444304],"type":"Point"},"id":"GG2050-REPD-2800","properties":{"capacity_mw":45.0,"gg_project_id":"GG2050-REPD-2800","name":"Carron Valley (Cairnoch Hill) Wind Farm","operator":"Partnerships for Renewables","repd_ref":"2800","repd_technology":"Wind Onshore","status":"Appeal Refused","technology":"wind_onshore"},"type":"Feature"},{"geometry":{"coordinates":[-5.3550977,56.4151668],"type":"Point"},"id":"GG2050-REPD-14548","properties":{"capacity_mw":45.0,"gg_project_id":"GG2050-REPD-14548","name":"Cruach Clenamacrie Wind Farm","operator":"Voltalia","repd_ref":"14548","repd_technology":"Wind Onshore","status":"Application Submitted","technology":"wind_onshore"},"type":"Feature"},{"geometry":{"coordinates":[-3.8901039,55.5873579],"type":"Point"},"id":"GG2050-REPD-5393","properties":{"capacity_mw":45.0,"gg_project_id":"GG2050-REPD-5393","name":"Douglas West and Dalquhandy Renewable Energy Project","operator":"Greencoat (formerly 3R Energy/Blue Energy) / BayWa r.e","repd_ref":"5393","repd_technology":"Wind Onshore","status":"Operational","technology":"wind_onshore"},"type":"Feature"},{"geometry":{"coordinates":[-3.609266,55.0697661],"type":"Point"},"id":"GG2050-REPD-7868","properties":{"capacity_mw":45.0,"gg_project_id":"GG2050-REPD-7868","name":"Harestanes South Windfarm Extension","operator":"ScottishPower Renewables","repd_ref":"7868","repd_technology":"Wind Onshore","status":"Application Submitted","technology":"wind_onshore"},"type":"Feature"},{"geometry":{"coordinates":[-0.4411308,53.6779563],"type":"Point"},"id":"GG2050-REPD-3541","properties":{"capacity_mw":45.0,"gg_project_id":"GG2050-REPD-3541","name":"Saxby Wold (Brigg Road)","operator":"Npower Renewables","repd_ref":"3541","repd_technology":"Wind Onshore","status":"Revised","technology":"wind_onshore"},"type":"Feature"},{"geometry":{"coordinates":[-4.3946549,55.6431075],"type":"Point"},"id":"GG2050-REPD-4128","properties":{"capacity_mw":45.0,"gg_project_id":"GG2050-REPD-4128","name":"Sneddon Law Community Wind Farm","operator":"Community Windpower","repd_ref":"4128","repd_technology":"Wind Onshore","status":"Under Construction","technology":"wind_onshore"},"type":"Feature"},{"geometry":{"coordinates":[-1.1345308,54.6080691],"type":"Point"},"id":"GG2050-REPD-3125","properties":{"capacity_mw":45.0,"gg_project_id":"GG2050-REPD-3125","name":"Tees Wind North","operator":"Corus","repd_ref":"3125","repd_technology":"Wind Onshore","status":"Abandoned","technology":"wind_onshore"},"type":"Feature"},{"geometry":{"coordinates":[-2.6028621,55.4562557],"type":"Point"},"id":"GG2050-REPD-5912","properties":{"capacity_mw":44.9,"gg_project_id":"GG2050-REPD-5912","name":"Highlee Hill Wind Farm","operator":"Renewable Energy Systems (RES)","repd_ref":"5912","repd_technology":"Wind Onshore","status":"Application Withdrawn","technology":"wind_onshore"},"type":"Feature"},{"geometry":{"coordinates":[-4.6174635,57.3598982],"type":"Point"},"id":"GG2050-REPD-4807","properties":{"capacity_mw":44.2,"gg_project_id":"GG2050-REPD-4807","name":"Cnoc an Eas Wind Farm","operator":"Force 9 Energy","repd_ref":"4807","repd_technology":"Wind Onshore","status":"Appeal Refused","technology":"wind_onshore"},"type":"Feature"},{"geometry":{"coordinates":[-4.6887651,57.101097],"type":"Point"},"id":"GG2050-REPD-3926","properties":{"capacity_mw":44.0,"gg_project_id":"GG2050-REPD-3926","name":"Culachy Wind Farm","operator":"Renewable Energy Systems (RES)","repd_ref":"3926","repd_technology":"Wind Onshore","status":"Revised","technology":"wind_onshore"},"type":"Feature"},{"geometry":{"coordinates":[-0.9355903,53.622302],"type":"Point"},"id":"GG2050-REPD-3928","properties":{"capacity_mw":44.0,"gg_project_id":"GG2050-REPD-3928","name":"Tween Bridge Windfarm","operator":"E.ON Renewables","repd_ref":"3928","repd_technology":"Wind Onshore","status":"Operational","technology":"wind_onshore"},"type":"Feature"},{"geometry":{"coordinates":[-5.5873528,55.573171],"type":"Point"},"id":"GG2050-REPD-4525","properties":{"capacity_mw":43.7,"gg_project_id":"GG2050-REPD-4525","name":"Beinn an Tuirc Phase 2","operator":"Scottish Power Renewables","repd_ref":"4525","repd_technology":"Wind Onshore","status":"Operational","technology":"wind_onshore"},"type":"Feature"},{"geometry":{"coordinates":[-4.0769455,58.5347501],"type":"Point"},"id":"GG2050-REPD-6362","properties":{"capacity_mw":43.2,"gg_project_id":"GG2050-REPD-6362","name":"Armadale Wind Farm","operator":"Brookfield Renewable UK","repd_ref":"6362","repd_technology":"Wind Onshore","status":"Application Withdrawn","technology":"wind_onshore"},"type":"Feature"},{"geometry":{"coordinates":[-3.2167564,57.6042197],"type":"Point"},"id":"GG2050-REPD-16878","properties":{"capacity_mw":43.2,"gg_project_id":"GG2050-REPD-16878","name":"Blackhills Wind Farm","operator":"Koehler Renewable Energy","repd_ref":"16878","repd_technology":"Wind Onshore","status":"Application Submitted","technology":"wind_onshore"},"type":"Feature"},{"geometry":{"coordinates":[-4.4265367,58.0634295],"type":"Point"},"id":"GG2050-REPD-9640","properties":{"capacity_mw":43.2,"gg_project_id":"GG2050-REPD-9640","name":"Sallachy Estate - Wind Farm","operator":"WKN Sallachy Limited","repd_ref":"9640","repd_technology":"Wind Onshore","status":"Awaiting Construction","technology":"wind_onshore"},"type":"Feature"},{"geometry":{"coordinates":[-4.6315303,57.5329107],"type":"Point"},"id":"GG2050-REPD-4675","properties":{"capacity_mw":43.0,"gg_project_id":"GG2050-REPD-4675","name":"Fairburn","operator":"Scottish and Southern Energy (SSE)","repd_ref":"4675","repd_technology":"Wind Onshore","status":"Operational","technology":"wind_onshore"},"type":"Feature"},{"geometry":{"coordinates":[-4.1785615,55.2746734],"type":"Point"},"id":"GG2050-REPD-4430","properties":{"capacity_mw":43.0,"gg_project_id":"GG2050-REPD-4430","name":"Windy Rig Wind Farm","operator":"Statkraft","repd_ref":"4430","repd_technology":"Wind Onshore","status":"Revised","technology":"wind_onshore"},"type":"Feature"},{"geometry":{"coordinates":[-4.1785615,55.2746734],"type":"Point"},"id":"GG2050-REPD-7562","properties":{"capacity_mw":43.0,"gg_project_id":"GG2050-REPD-7562","name":"Windy Rig Wind Farm","operator":"Statkraft UK","repd_ref":"7562","repd_technology":"Wind Onshore","status":"Operational","technology":"wind_onshore"},"type":"Feature"},{"geometry":{"coordinates":[-4.4922047,57.6710237],"type":"Point"},"id":"GG2050-REPD-3853","properties":{"capacity_mw":42.5,"gg_project_id":"GG2050-REPD-3853","name":"Clach Liath Wind Farm","operator":"Falck Renewables Wind Ltd","repd_ref":"3853","repd_technology":"Wind Onshore","status":"Application Refused","technology":"wind_onshore"},"type":"Feature"},{"geometry":{"coordinates":[-5.4727261,55.9464863],"type":"Point"},"id":"GG2050-REPD-3545","properties":{"capacity_mw":42.0,"gg_project_id":"GG2050-REPD-3545","name":"Alt Dearg","operator":"Npower Renewables","repd_ref":"3545","repd_technology":"Wind Onshore","status":"Application Refused","technology":"wind_onshore"},"type":"Feature"},{"geometry":{"coordinates":[-4.6430153,57.6337682],"type":"Point"},"id":"GG2050-REPD-4481","properties":{"capacity_mw":42.0,"gg_project_id":"GG2050-REPD-4481","name":"Carn Gorm Wind Farm","operator":"P I Renewables Ltd","repd_ref":"4481","repd_technology":"Wind Onshore","status":"Appeal Refused","technology":"wind_onshore"},"type":"Feature"},{"geometry":{"coordinates":[-4.9867138,55.9272978],"type":"Point"},"id":"GG2050-REPD-3010","properties":{"capacity_mw":42.0,"gg_project_id":"GG2050-REPD-3010","name":"Corlarach Hill","operator":"West Coast Energy","repd_ref":"3010","repd_technology":"Wind Onshore","status":"Appeal Refused","technology":"wind_onshore"},"type":"Feature"},{"geometry":{"coordinates":[-4.9095756,55.1806068],"type":"Point"},"id":"GG2050-REPD-4189","properties":{"capacity_mw":42.0,"gg_project_id":"GG2050-REPD-4189","name":"Dalquhandy Windfarm","operator":"Dalquhandy Wind Farm Limited","repd_ref":"4189","repd_technology":"Wind Onshore","status":"Operational","technology":"wind_onshore"},"type":"Feature"},{"geometry":{"coordinates":[-6.2513158,58.3381282],"type":"Point"},"id":"GG2050-REPD-3891","properties":{"capacity_mw":42.0,"gg_project_id":"GG2050-REPD-3891","name":"Druim Leathann Wind Farm","operator":"Forsa (formerly 2020 Renewables/Velocita)","repd_ref":"3891","repd_technology":"Wind Onshore","status":"Revised","technology":"wind_onshore"},"type":"Feature"},{"geometry":{"coordinates":[-2.347373,56.9644142],"type":"Point"},"id":"GG2050-REPD-6577","properties":{"capacity_mw":42.0,"gg_project_id":"GG2050-REPD-6577","name":"Fetteresso Wind Farm (Mid Hill 3)","operator":"Fred Olsen Renewables","repd_ref":"6577","repd_technology":"Wind Onshore","status":"Awaiting Construction","technology":"wind_onshore"},"type":"Feature"},{"geometry":{"coordinates":[-3.1404571,55.1870153],"type":"Point"},"id":"GG2050-REPD-6099","properties":{"capacity_mw":42.0,"gg_project_id":"GG2050-REPD-6099","name":"Hopsrig Wind Farm","operator":"Buccleuch Estate/ 2020 Renewables","repd_ref":"6099","repd_technology":"Wind Onshore","status":"Revised","technology":"wind_onshore"},"type":"Feature"},{"geometry":{"coordinates":[-7.2726974,54.6874744],"type":"Point"},"id":"GG2050-REPD-4207","properties":{"capacity_mw":42.0,"gg_project_id":"GG2050-REPD-4207","name":"Lisnaharney Road Wind Farm","operator":"ARC NI 3 Ltd/Windyfields (Renewable Energy International)","repd_ref":"4207","repd_technology":"Wind Onshore","status":"Appeal Refused","technology":"wind_onshore"},"type":"Feature"},{"geometry":{"coordinates":[-2.9923591,53.5330477],"type":"Point"},"id":"GG2050-REPD-2848","properties":{"capacity_mw":42.0,"gg_project_id":"GG2050-REPD-2848","name":"Lower Alt Wind Farm","operator":"Coriolis Energy / ESB","repd_ref":"2848","repd_technology":"Wind Onshore","status":"Application Refused","technology":"wind_onshore"},"type":"Feature"},{"geometry":{"coordinates":[-4.8534712,55.8554548],"type":"Point"},"id":"GG2050-REPD-7511","properties":{"capacity_mw":42.0,"gg_project_id":"GG2050-REPD-7511","name":"Rigghill Wind Farm","operator":"Burcote Wind","repd_ref":"7511","repd_technology":"Wind Onshore","status":"Application Refused","technology":"wind_onshore"},"type":"Feature"},{"geometry":{"coordinates":[-3.030054,55.1728918],"type":"Point"},"id":"GG2050-REPD-4500","properties":{"capacity_mw":42.0,"gg_project_id":"GG2050-REPD-4500","name":"Solwaybank","operator":"Renewable Energy Systems (RES)","repd_ref":"4500","repd_technology":"Wind Onshore","status":"Revised","technology":"wind_onshore"},"type":"Feature"},{"geometry":{"coordinates":[-6.8886121,55.0804299],"type":"Point"},"id":"GG2050-REPD-4142","properties":{"capacity_mw":42.0,"gg_project_id":"GG2050-REPD-4142","name":"Windyhill Road (Dunbeg) Wind Farm","operator":"Gaelectric Developments/ CGN Europe Energy","repd_ref":"4142","repd_technology":"Wind Onshore","status":"Operational","technology":"wind_onshore"},"type":"Feature"},{"geometry":{"coordinates":[-6.4322063,57.4691278],"type":"Point"},"id":"GG2050-REPD-4674","properties":{"capacity_mw":41.4,"gg_project_id":"GG2050-REPD-4674","name":"Edinbane Wind Farm","operator":"Vattenfall","repd_ref":"4674","repd_technology":"Wind Onshore","status":"Operational","technology":"wind_onshore"},"type":"Feature"},{"geometry":{"coordinates":[-3.3629576,57.5372647],"type":"Point"},"id":"GG2050-REPD-3951","properties":{"capacity_mw":41.4,"gg_project_id":"GG2050-REPD-3951","name":"Rothes Wind Farm (Extension) (II)","operator":"Fred Olsen Renewables","repd_ref":"3951","repd_technology":"Wind Onshore","status":"Operational","technology":"wind_onshore"},"type":"Feature"},{"geometry":{"coordinates":[-2.4924255,55.8079511],"type":"Point"},"id":"GG2050-REPD-4964","properties":{"capacity_mw":41.0,"gg_project_id":"GG2050-REPD-4964","name":"Fallago Rig 2 (extension)","operator":"EDF Energy Renewables","repd_ref":"4964","repd_technology":"Wind Onshore","status":"Appeal Refused","technology":"wind_onshore"},"type":"Feature"},{"geometry":{"coordinates":[-3.7135079,55.7934195],"type":"Point"},"id":"GG2050-REPD-10585","properties":{"capacity_mw":41.0,"gg_project_id":"GG2050-REPD-10585","name":"Gladsmuir Hills - Wind Farm","operator":"Wind Estate (UK) Ltd","repd_ref":"10585","repd_technology":"Wind Onshore","status":"Awaiting Construction","technology":"wind_onshore"},"type":"Feature"},{"geometry":{"coordinates":[-6.4425401,57.4431846],"type":"Point"},"id":"GG2050-REPD-16317","properties":{"capacity_mw":40.8,"gg_project_id":"GG2050-REPD-16317","name":"Ben Sca","operator":"EDP Renewables / Wind2","repd_ref":"16317","repd_technology":"Wind Onshore","status":"Application Submitted","technology":"wind_onshore"},"type":"Feature"},{"geometry":{"coordinates":[-3.4335398,53.1851658],"type":"Point"},"id":"GG2050-REPD-4082","properties":{"capacity_mw":40.0,"gg_project_id":"GG2050-REPD-4082","name":"Brenig Wind Farm","operator":"Wind Power Wales","repd_ref":"4082","repd_technology":"Wind Onshore","status":"Revised","technology":"wind_onshore"},"type":"Feature"},{"geometry":{"coordinates":[-4.6091501,57.9215427],"type":"Point"},"id":"GG2050-REPD-8057","properties":{"capacity_mw":40.0,"gg_project_id":"GG2050-REPD-8057","name":"Meall Buidhe Wind Farm","operator":"Muirden Energy","repd_ref":"8057","repd_technology":"Wind Onshore","status":"Awaiting Construction","technology":"wind_onshore"},"type":"Feature"},{"geometry":{"coordinates":[-4.8836414,57.1552277],"type":"Point"},"id":"GG2050-REPD-4682","properties":{"capacity_mw":40.0,"gg_project_id":"GG2050-REPD-4682","name":"Millennium Windfarm","operator":"Renewable Development Company (RDC) Scotland (Ltd) for FALCK RENEWABLES","repd_ref":"4682","repd_technology":"Wind Onshore","status":"Operational","technology":"wind_onshore"},"type":"Feature"},{"geometry":{"coordinates":[-4.0488014,57.3888347],"type":"Point"},"id":"GG2050-REPD-3719","properties":{"capacity_mw":40.0,"gg_project_id":"GG2050-REPD-3719","name":"Moy Wind Farm","operator":"Carbon Free Developments Ltd","repd_ref":"3719","repd_technology":"Wind Onshore","status":"Abandoned","technology":"wind_onshore"},"type":"Feature"},{"geometry":{"coordinates":[-3.9946874,55.3313833],"type":"Point"},"id":"GG2050-REPD-4509","properties":{"capacity_mw":40.0,"gg_project_id":"GG2050-REPD-4509","name":"Ulzieside","operator":"North British Wind Power","repd_ref":"4509","repd_technology":"Wind Onshore","status":"Abandoned","technology":"wind_onshore"},"type":"Feature"},{"geometry":{"coordinates":[-2.8456945,51.5657912],"type":"Point"},"id":"GG2050-REPD-9313","properties":{"capacity_mw":39.6,"gg_project_id":"GG2050-REPD-9313","name":"Abertillery - Wind farm","operator":"RWE Renewables UK Limited","repd_ref":"9313","repd_technology":"Wind Onshore","status":"Application Submitted","technology":"wind_onshore"},"type":"Feature"},{"geometry":{"coordinates":[-6.1525318,54.1771775],"type":"Point"},"id":"GG2050-REPD-5222","properties":{"capacity_mw":39.6,"gg_project_id":"GG2050-REPD-5222","name":"Gruggandoo Wind Farm","operator":"ABO Wind","repd_ref":"5222","repd_technology":"Wind Onshore","status":"Application Submitted","technology":"wind_onshore"},"type":"Feature"},{"geometry":{"coordinates":[-2.2110149,53.6548171],"type":"Point"},"id":"GG2050-REPD-4614","properties":{"capacity_mw":39.6,"gg_project_id":"GG2050-REPD-4614","name":"Rooley Moor","operator":"Coronation Power","repd_ref":"4614","repd_technology":"Wind Onshore","status":"Appeal Withdrawn","technology":"wind_onshore"},"type":"Feature"},{"geometry":{"coordinates":[-3.1265206,55.1417539],"type":"Point"},"id":"GG2050-REPD-9889","properties":{"capacity_mw":39.2,"gg_project_id":"GG2050-REPD-9889","name":"Callisterhall Wind Farm - Wind Farm & Battery Storage","operator":"Epower Limited","repd_ref":"9889","repd_technology":"Wind Onshore","status":"Application Refused","technology":"wind_onshore"},"type":"Feature"},{"geometry":{"coordinates":[-3.8902299,57.3865355],"type":"Point"},"id":"GG2050-REPD-4267","properties":{"capacity_mw":39.1,"gg_project_id":"GG2050-REPD-4267","name":"Tom Nan Clach Wind Farm","operator":"Infinergy","repd_ref":"4267","repd_technology":"Wind Onshore","status":"Revised","technology":"wind_onshore"},"type":"Feature"},{"geometry":{"coordinates":[-2.6476993,54.0880908],"type":"Point"},"id":"GG2050-REPD-3800","properties":{"capacity_mw":39.0,"gg_project_id":"GG2050-REPD-3800","name":"Claughton Moor","operator":"Community Windpower","repd_ref":"3800","repd_technology":"Wind Onshore","status":"Revised","technology":"wind_onshore"},"type":"Feature"},{"geometry":{"coordinates":[-3.5284691,55.7671218],"type":"Point"},"id":"GG2050-REPD-2725","properties":{"capacity_mw":39.0,"gg_project_id":"GG2050-REPD-2725","name":"Harrow's Law","operator":"Scottish and Southern Energy (SSE)","repd_ref":"2725","repd_technology":"Wind Onshore","status":"Appeal Refused","technology":"wind_onshore"},"type":"Feature"},{"geometry":{"coordinates":[-3.891705,57.3928835],"type":"Point"},"id":"GG2050-REPD-4420","properties":{"capacity_mw":39.0,"gg_project_id":"GG2050-REPD-4420","name":"Tom Nan Clach","operator":"Infinergy","repd_ref":"4420","repd_technology":"Wind Onshore","status":"Operational","technology":"wind_onshore"},"type":"Feature"},{"geometry":{"coordinates":[-4.0965223,55.2119546],"type":"Point"},"id":"GG2050-REPD-7654","properties":{"capacity_mw":38.4,"gg_project_id":"GG2050-REPD-7654","name":"Cornharrow Wind Farm","operator":"EnergieKontor UK","repd_ref":"7654","repd_technology":"Wind Onshore","status":"Awaiting Construction","technology":"wind_onshore"},"type":"Feature"},{"geometry":{"coordinates":[-3.3754885,57.5594978],"type":"Point"},"id":"GG2050-REPD-10775","properties":{"capacity_mw":38.4,"gg_project_id":"GG2050-REPD-10775","name":"Kellas Wind Farm","operator":"E Power Limited","repd_ref":"10775","repd_technology":"Wind Onshore","status":"Awaiting Construction","technology":"wind_onshore"},"type":"Feature"},{"geometry":{"coordinates":[-3.9576787,55.5065534],"type":"Point"},"id":"GG2050-REPD-7204","properties":{"capacity_mw":38.4,"gg_project_id":"GG2050-REPD-7204","name":"Kennoxhead Wind Farm Extension (Phase 2)","operator":"Orsted Onshore Limited","repd_ref":"7204","repd_technology":"Wind Onshore","status":"Awaiting Construction","technology":"wind_onshore"},"type":"Feature"},{"geometry":{"coordinates":[-7.4410233,54.5683111],"type":"Point"},"id":"GG2050-REPD-4107","properties":{"capacity_mw":38.4,"gg_project_id":"GG2050-REPD-4107","name":"Pollnalaght (Cornavarrow)","operator":"Energia","repd_ref":"4107","repd_technology":"Wind Onshore","status":"Operational","technology":"wind_onshore"},"type":"Feature"},{"geometry":{"coordinates":[-4.5000084,58.0019488],"type":"Point"},"id":"GG2050-REPD-3205","properties":{"capacity_mw":38.0,"gg_project_id":"GG2050-REPD-3205","name":"Achany Wind Farm","operator":"Scottish and Southern Energy (SSE)","repd_ref":"3205","repd_technology":"Wind Onshore","status":"Operational","technology":"wind_onshore"},"type":"Feature"},{"geometry":{"coordinates":[-2.8274694,55.6691611],"type":"Point"},"id":"GG2050-REPD-3605","properties":{"capacity_mw":38.0,"gg_project_id":"GG2050-REPD-3605","name":"Longpark","operator":"Wind Prospect","repd_ref":"3605","repd_technology":"Wind Onshore","status":"Operational","technology":"wind_onshore"},"type":"Feature"},{"geometry":{"coordinates":[-2.6674025,56.6732735],"type":"Point"},"id":"GG2050-REPD-3231","properties":{"capacity_mw":38.0,"gg_project_id":"GG2050-REPD-3231","name":"Montreathmont Moor","operator":"Wind Prospect & Ridgewind","repd_ref":"3231","repd_technology":"Wind Onshore","status":"Appeal Refused","technology":"wind_onshore"},"type":"Feature"},{"geometry":{"coordinates":[-3.4753926,57.446612],"type":"Point"},"id":"GG2050-REPD-10267","properties":{"capacity_mw":37.8,"gg_project_id":"GG2050-REPD-10267","name":"Berry Burn Wind Farm (extension)","operator":"Statkraft Wind UK Limited","repd_ref":"10267","repd_technology":"Wind Onshore","status":"Awaiting Construction","technology":"wind_onshore"},"type":"Feature"},{"geometry":{"coordinates":[-3.9004834,55.3197638],"type":"Point"},"id":"GG2050-REPD-6590","properties":{"capacity_mw":37.8,"gg_project_id":"GG2050-REPD-6590","name":"Twentyshilling Hill Wind Farm","operator":"Element Power","repd_ref":"6590","repd_technology":"Wind Onshore","status":"Under Construction","technology":"wind_onshore"},"type":"Feature"},{"geometry":{"coordinates":[-3.5030562,53.1089652],"type":"Point"},"id":"GG2050-REPD-5598","properties":{"capacity_mw":37.6,"gg_project_id":"GG2050-REPD-5598","name":"Brenig Wind Farm","operator":"CGNEE","repd_ref":"5598","repd_technology":"Wind Onshore","status":"Operational","technology":"wind_onshore"},"type":"Feature"},{"geometry":{"coordinates":[-6.7650282,54.9805712],"type":"Point"},"id":"GG2050-REPD-4249","properties":{"capacity_mw":37.5,"gg_project_id":"GG2050-REPD-4249","name":"Brockaghboy Wind Farm","operator":"Greencoat","repd_ref":"4249","repd_technology":"Wind Onshore","status":"Operational","technology":"wind_onshore"},"type":"Feature"},{"geometry":{"coordinates":[-4.095514,56.0708069],"type":"Point"},"id":"GG2050-REPD-3201","properties":{"capacity_mw":37.5,"gg_project_id":"GG2050-REPD-3201","name":"Earlsburn","operator":"Falck Renewables","repd_ref":"3201","repd_technology":"Wind Onshore","status":"Operational","technology":"wind_onshore"},"type":"Feature"},{"geometry":{"coordinates":[-3.4568792,52.6337809],"type":"Point"},"id":"GG2050-REPD-3939","properties":{"capacity_mw":37.5,"gg_project_id":"GG2050-REPD-3939","name":"Mynydd Waun Fawr Wind Farm","operator":"Nuon","repd_ref":"3939","repd_technology":"Wind Onshore","status":"Application Withdrawn","technology":"wind_onshore"},"type":"Feature"},{"geometry":{"coordinates":[-2.8661478,57.3664829],"type":"Point"},"id":"GG2050-REPD-4623","properties":{"capacity_mw":37.0,"gg_project_id":"GG2050-REPD-4623","name":"Clashindarroch","operator":"Vattenfall","repd_ref":"4623","repd_technology":"Wind Onshore","status":"Operational","technology":"wind_onshore"},"type":"Feature"},{"geometry":{"coordinates":[-3.2320123,56.6222471],"type":"Point"},"id":"GG2050-REPD-4009","properties":{"capacity_mw":36.8,"gg_project_id":"GG2050-REPD-4009","name":"Drumderg","operator":"Scottish and Southern Energy (SSE)","repd_ref":"4009","repd_technology":"Wind Onshore","status":"Operational","technology":"wind_onshore"},"type":"Feature"},{"geometry":{"coordinates":[-3.333869,55.1070924],"type":"Point"},"id":"GG2050-REPD-3627","properties":{"capacity_mw":36.8,"gg_project_id":"GG2050-REPD-3627","name":"Ewe Hill (extension)","operator":"Scottish Power Renewables","repd_ref":"3627","repd_technology":"Wind Onshore","status":"Operational","technology":"wind_onshore"},"type":"Feature"},{"geometry":{"coordinates":[-3.3528567,55.1220707],"type":"Point"},"id":"GG2050-REPD-4517","properties":{"capacity_mw":36.8,"gg_project_id":"GG2050-REPD-4517","name":"Minsca","operator":"Airtricity","repd_ref":"4517","repd_technology":"Wind Onshore","status":"Operational","technology":"wind_onshore"},"type":"Feature"},{"geometry":{"coordinates":[-4.4269566,57.7099877],"type":"Point"},"id":"GG2050-REPD-4013","properties":{"capacity_mw":36.8,"gg_project_id":"GG2050-REPD-4013","name":"Novar Wind Farm (Extension)","operator":"RWE npower","repd_ref":"4013","repd_technology":"Wind Onshore","status":"Operational","technology":"wind_onshore"},"type":"Feature"},{"geometry":{"coordinates":[-2.2678586,53.6689766],"type":"Point"},"id":"GG2050-REPD-4188","properties":{"capacity_mw":36.8,"gg_project_id":"GG2050-REPD-4188","name":"Scout Moor Windfarm (extension)","operator":"Peel Holdings and UUGE","repd_ref":"4188","repd_technology":"Wind Onshore","status":"Application Refused","technology":"wind_onshore"},"type":"Feature"},{"geometry":{"coordinates":[-4.9255035,55.1735099],"type":"Point"},"id":"GG2050-REPD-3864","properties":{"capacity_mw":36.8,"gg_project_id":"GG2050-REPD-3864","name":"Straid Farm Wind Park","operator":"Ecotricity","repd_ref":"3864","repd_technology":"Wind Onshore","status":"Appeal Refused","technology":"wind_onshore"},"type":"Feature"},{"geometry":{"coordinates":[-5.6665847,55.4952909],"type":"Point"},"id":"GG2050-REPD-4277","properties":{"capacity_mw":36.8,"gg_project_id":"GG2050-REPD-4277","name":"Tangy Wind Farm - repowering/Tangy 3","operator":"Scottish and Southern Energy (SSE)","repd_ref":"4277","repd_technology":"Wind Onshore","status":"Planning Permission Expired","technology":"wind_onshore"},"type":"Feature"},{"geometry":{"coordinates":[-6.7241467,54.8983294],"type":"Point"},"id":"GG2050-REPD-6143","properties":{"capacity_mw":36.3,"gg_project_id":"GG2050-REPD-6143","name":"Corlacky Hill Wind Farm","operator":"Renewable Energy Systems (RES)","repd_ref":"6143","repd_technology":"Wind Onshore","status":"Awaiting Construction","technology":"wind_onshore"},"type":"Feature"},{"geometry":{"coordinates":[-3.8462638,55.5093267],"type":"Point"},"id":"GG2050-REPD-4110","properties":{"capacity_mw":36.0,"gg_project_id":"GG2050-REPD-4110","name":"Andershaw","operator":"Statkraft UK","repd_ref":"4110","repd_technology":"Wind Onshore","status":"Operational","technology":"wind_onshore"},"type":"Feature"},{"geometry":{"coordinates":[-3.9842109,55.6240032],"type":"Point"},"id":"GG2050-REPD-4337","properties":{"capacity_mw":36.0,"gg_project_id":"GG2050-REPD-4337","name":"Auchrobert Wind Farm","operator":"Falck Renewables","repd_ref":"4337","repd_technology":"Wind Onshore","status":"Operational","technology":"wind_onshore"},"type":"Feature"},{"geometry":{"coordinates":[-4.3265827,57.9044271],"type":"Point"},"id":"GG2050-REPD-16347","properties":{"capacity_mw":36.0,"gg_project_id":"GG2050-REPD-16347","name":"Balblair Wind Farm","operator":"Wind Power North Two Limited","repd_ref":"16347","repd_technology":"Wind Onshore","status":"Application Submitted","technology":"wind_onshore"},"type":"Feature"},{"geometry":{"coordinates":[-4.0797585,52.009538],"type":"Point"},"id":"GG2050-REPD-3582","properties":{"capacity_mw":36.0,"gg_project_id":"GG2050-REPD-3582","name":"Brechfa Forest East Wind Farm","operator":"RWE Npower Renewables","repd_ref":"3582","repd_technology":"Wind Onshore","status":"Abandoned","technology":"wind_onshore"},"type":"Feature"},{"geometry":{"coordinates":[-2.9372702,55.5735727],"type":"Point"},"id":"GG2050-REPD-3256","properties":{"capacity_mw":36.0,"gg_project_id":"GG2050-REPD-3256","name":"Broadmeadows","operator":"Green Power","repd_ref":"3256","repd_technology":"Wind Onshore","status":"Appeal Refused","technology":"wind_onshore"},"type":"Feature"},{"geometry":{"coordinates":[-3.2210541,57.5771747],"type":"Point"},"id":"GG2050-REPD-3343","properties":{"capacity_mw":36.0,"gg_project_id":"GG2050-REPD-3343","name":"Brown Muir Wind Farm (resubmission)","operator":"Vento Ludens","repd_ref":"3343","repd_technology":"Wind Onshore","status":"Appeal Refused","technology":"wind_onshore"},"type":"Feature"},{"geometry":{"coordinates":[-3.2733358,52.4192262],"type":"Point"},"id":"GG2050-REPD-4570","properties":{"capacity_mw":36.0,"gg_project_id":"GG2050-REPD-4570","name":"Bryngydfa Wind Farm","operator":"Private Developer","repd_ref":"4570","repd_technology":"Wind Onshore","status":"Application Submitted","technology":"wind_onshore"},"type":"Feature"},{"geometry":{"coordinates":[-3.2205718,58.4177701],"type":"Point"},"id":"GG2050-REPD-4351","properties":{"capacity_mw":36.0,"gg_project_id":"GG2050-REPD-4351","name":"Camster II","operator":"E.ON UK","repd_ref":"4351","repd_technology":"Wind Onshore","status":"Operational","technology":"wind_onshore"},"type":"Feature"},{"geometry":{"coordinates":[-3.2452537,58.4860212],"type":"Point"},"id":"GG2050-REPD-4003","properties":{"capacity_mw":36.0,"gg_project_id":"GG2050-REPD-4003","name":"Cogle Moss Wind Farm","operator":"Muirden Energy","repd_ref":"4003","repd_technology":"Wind Onshore","status":"Planning Permission Expired","technology":"wind_onshore"},"type":"Feature"},{"geometry":{"coordinates":[-4.0965223,55.2119546],"type":"Point"},"id":"GG2050-REPD-6433","properties":{"capacity_mw":36.0,"gg_project_id":"GG2050-REPD-6433","name":"Cornharrow Wind Farm","operator":"EnergieKontor UK","repd_ref":"6433","repd_technology":"Wind Onshore","status":"Revised","technology":"wind_onshore"},"type":"Feature"},{"geometry":{"coordinates":[-4.6315303,57.5329107],"type":"Point"},"id":"GG2050-REPD-3883","properties":{"capacity_mw":36.0,"gg_project_id":"GG2050-REPD-3883","name":"Fairburn Extension","operator":"Scottish and Southern Energy (SSE)","repd_ref":"3883","repd_technology":"Wind Onshore","status":"Application Withdrawn","technology":"wind_onshore"},"type":"Feature"},{"geometry":{"coordinates":[-4.1047706,55.1657132],"type":"Point"},"id":"GG2050-REPD-6444","properties":{"capacity_mw":36.0,"gg_project_id":"GG2050-REPD-6444","name":"Glenshimmeroch Wind Farm","operator":"EnergieKontor UK","repd_ref":"6444","repd_technology":"Wind Onshore","status":"Awaiting Construction","technology":"wind_onshore"},"type":"Feature"},{"geometry":{"coordinates":[-2.1270099,55.1323022],"type":"Point"},"id":"GG2050-REPD-4044","properties":{"capacity_mw":36.0,"gg_project_id":"GG2050-REPD-4044","name":"Green Rigg","operator":"EDF/China General Nuclear Power Corporation","repd_ref":"4044","repd_technology":"Wind Onshore","status":"Operational","technology":"wind_onshore"},"type":"Feature"},{"geometry":{"coordinates":[-3.9978401,55.555964],"type":"Point"},"id":"GG2050-REPD-7261","properties":{"capacity_mw":36.0,"gg_project_id":"GG2050-REPD-7261","name":"Hare Craig Windfarm","operator":"EnergieKontor UK","repd_ref":"7261","repd_technology":"Wind Onshore","status":"Awaiting Construction","technology":"wind_onshore"},"type":"Feature"},{"geometry":{"coordinates":[-3.0715233,58.6391201],"type":"Point"},"id":"GG2050-REPD-3696","properties":{"capacity_mw":36.0,"gg_project_id":"GG2050-REPD-3696","name":"Hill of Stroupster","operator":"Npower Renewables","repd_ref":"3696","repd_technology":"Wind Onshore","status":"Application Withdrawn","technology":"wind_onshore"},"type":"Feature"},{"geometry":{"coordinates":[-2.4651315,55.7976168],"type":"Point"},"id":"GG2050-REPD-11863","properties":{"capacity_mw":36.0,"gg_project_id":"GG2050-REPD-11863","name":"Lees Hill Energy Park","operator":"Fred Olsen Renewables Limited","repd_ref":"11863","repd_technology":"Wind Onshore","status":"Application Submitted","technology":"wind_onshore"},"type":"Feature"},{"geometry":{"coordinates":[-3.000594,55.1507341],"type":"Point"},"id":"GG2050-REPD-6443","properties":{"capacity_mw":36.0,"gg_project_id":"GG2050-REPD-6443","name":"Little Hartfell Wind Farm","operator":"Energiekontor (UK) Limited","repd_ref":"6443","repd_technology":"Wind Onshore","status":"Revised","technology":"wind_onshore"},"type":"Feature"},{"geometry":{"coordinates":[-4.1813914,55.5880466],"type":"Point"},"id":"GG2050-REPD-12275","properties":{"capacity_mw":36.0,"gg_project_id":"GG2050-REPD-12275","name":"Mill Rig Wind Farm","operator":"Banks Renewables","repd_ref":"12275","repd_technology":"Wind Onshore","status":"Under Construction","technology":"wind_onshore"},"type":"Feature"},{"geometry":{"coordinates":[-4.3418496,55.3722913],"type":"Point"},"id":"GG2050-REPD-10264","properties":{"capacity_mw":36.0,"gg_project_id":"GG2050-REPD-10264","name":"Over Hill Wind Farm","operator":"EnergieKontor (EKUK)","repd_ref":"10264","repd_technology":"Wind Onshore","status":"Awaiting Construction","technology":"wind_onshore"},"type":"Feature"},{"geometry":{"coordinates":[-4.0022018,55.3472044],"type":"Point"},"id":"GG2050-REPD-11811","properties":{"capacity_mw":36.0,"gg_project_id":"GG2050-REPD-11811","name":"Rowancraig North - Wind Farm","operator":"Koehler Renewable Energy","repd_ref":"11811","repd_technology":"Wind Onshore","status":"Application Submitted","technology":"wind_onshore"},"type":"Feature"},{"geometry":{"coordinates":[-0.4661403,53.6434194],"type":"Point"},"id":"GG2050-REPD-4323","properties":{"capacity_mw":36.0,"gg_project_id":"GG2050-REPD-4323","name":"Saxby Wold Wind Farm","operator":"RWE Npower Renewables","repd_ref":"4323","repd_technology":"Wind Onshore","status":"Appeal Refused","technology":"wind_onshore"},"type":"Feature"},{"geometry":{"coordinates":[-4.2878258,57.7664909],"type":"Point"},"id":"GG2050-REPD-7476","properties":{"capacity_mw":36.0,"gg_project_id":"GG2050-REPD-7476","name":"Strathrory Wind Farm","operator":"Energiekontor UK","repd_ref":"7476","repd_technology":"Wind Onshore","status":"Awaiting Construction","technology":"wind_onshore"},"type":"Feature"},{"geometry":{"coordinates":[-4.2873789,57.7689969],"type":"Point"},"id":"GG2050-REPD-11450","properties":{"capacity_mw":36.0,"gg_project_id":"GG2050-REPD-11450","name":"Torr Leathann, Ardross - Wind Farm","operator":"Energiekontor","repd_ref":"11450","repd_technology":"Wind Onshore","status":"Application Refused","technology":"wind_onshore"},"type":"Feature"},{"geometry":{"coordinates":[-2.9674597,55.7645704],"type":"Point"},"id":"GG2050-REPD-12353","properties":{"capacity_mw":36.0,"gg_project_id":"GG2050-REPD-12353","name":"Wull Muir Wind Farm","operator":"Energiekontor UK Limited","repd_ref":"12353","repd_technology":"Wind Onshore","status":"Application Refused","technology":"wind_onshore"},"type":"Feature"},{"geometry":{"coordinates":[-4.6577361,54.8020508],"type":"Point"},"id":"GG2050-REPD-4462","properties":{"capacity_mw":35.0,"gg_project_id":"GG2050-REPD-4462","name":"Airies Farm","operator":"NTR","repd_ref":"4462","repd_technology":"Wind Onshore","status":"Operational","technology":"wind_onshore"},"type":"Feature"},{"geometry":{"coordinates":[-4.6760569,54.887041],"type":"Point"},"id":"GG2050-REPD-4486","properties":{"capacity_mw":35.0,"gg_project_id":"GG2050-REPD-4486","name":"Annabaglish Wind Farm","operator":"Renewable Energy Systems (RES)","repd_ref":"4486","repd_technology":"Wind Onshore","status":"Appeal Refused","technology":"wind_onshore"},"type":"Feature"},{"geometry":{"coordinates":[-5.643539,55.5682567],"type":"Point"},"id":"GG2050-REPD-4605","properties":{"capacity_mw":35.0,"gg_project_id":"GG2050-REPD-4605","name":"Blary Hill Wind Farm","operator":"Renewables Infrastructure Group / Renewable Energy Systems (RES)","repd_ref":"4605","repd_technology":"Wind Onshore","status":"Operational","technology":"wind_onshore"},"type":"Feature"}],"partition":1,"release":"9.1","schema":"globalgrid2050.v9.atlas-projects.v9.1","technology":"wind_onshore","type":"FeatureCollection"}
