{"feature_count":500,"features":[{"geometry":{"coordinates":[-0.6833851,53.4669802],"type":"Point"},"id":"GG2050-REPD-3188","properties":{"capacity_mw":16.0,"gg_project_id":"GG2050-REPD-3188","name":"Laughton Wind Farm","operator":"Your Energy","repd_ref":"3188","repd_technology":"Wind Onshore","status":"Revised","technology":"wind_onshore"},"type":"Feature"},{"geometry":{"coordinates":[0.2684041,52.1035864],"type":"Point"},"id":"GG2050-REPD-3518","properties":{"capacity_mw":16.0,"gg_project_id":"GG2050-REPD-3518","name":"Little Linton Farm","operator":"Enertrag UK","repd_ref":"3518","repd_technology":"Wind Onshore","status":"Appeal Refused","technology":"wind_onshore"},"type":"Feature"},{"geometry":{"coordinates":[-4.3471606,55.7637262],"type":"Point"},"id":"GG2050-REPD-4396","properties":{"capacity_mw":16.0,"gg_project_id":"GG2050-REPD-4396","name":"Loganswell Farm","operator":"Lifetime Energy","repd_ref":"4396","repd_technology":"Wind Onshore","status":"Application Withdrawn","technology":"wind_onshore"},"type":"Feature"},{"geometry":{"coordinates":[-0.0807914,52.6271998],"type":"Point"},"id":"GG2050-REPD-3178","properties":{"capacity_mw":16.0,"gg_project_id":"GG2050-REPD-3178","name":"Morris Fen (Wind)","operator":"Wind Prospect","repd_ref":"3178","repd_technology":"Wind Onshore","status":"Application Refused","technology":"wind_onshore"},"type":"Feature"},{"geometry":{"coordinates":[-3.4284766,52.5783858],"type":"Point"},"id":"GG2050-REPD-3706","properties":{"capacity_mw":16.0,"gg_project_id":"GG2050-REPD-3706","name":"Mynydd Clogau Wind Farm - Extension","operator":"Novera Energy","repd_ref":"3706","repd_technology":"Wind Onshore","status":"Application Withdrawn","technology":"wind_onshore"},"type":"Feature"},{"geometry":{"coordinates":[-1.1511099,52.37478],"type":"Point"},"id":"GG2050-REPD-3978","properties":{"capacity_mw":16.0,"gg_project_id":"GG2050-REPD-3978","name":"Yelvertoft Wind Farm","operator":"Greencoat UK Wind","repd_ref":"3978","repd_technology":"Wind Onshore","status":"Operational","technology":"wind_onshore"},"type":"Feature"},{"geometry":{"coordinates":[-5.5440101,55.6292814],"type":"Point"},"id":"GG2050-REPD-3554","properties":{"capacity_mw":15.8,"gg_project_id":"GG2050-REPD-3554","name":"Deucheran Hill","operator":"Powergen Renewables","repd_ref":"3554","repd_technology":"Wind Onshore","status":"Operational","technology":"wind_onshore"},"type":"Feature"},{"geometry":{"coordinates":[-3.5791911,52.5423064],"type":"Point"},"id":"GG2050-REPD-3277","properties":{"capacity_mw":15.6,"gg_project_id":"GG2050-REPD-3277","name":"Carno 'A'and 'B' Wind Farm, (Extension)","operator":"RWE npower","repd_ref":"3277","repd_technology":"Wind Onshore","status":"Operational","technology":"wind_onshore"},"type":"Feature"},{"geometry":{"coordinates":[-2.9301216,56.2744754],"type":"Point"},"id":"GG2050-REPD-3513","properties":{"capacity_mw":15.6,"gg_project_id":"GG2050-REPD-3513","name":"Gathercauld","operator":"Energiekontor UK","repd_ref":"3513","repd_technology":"Wind Onshore","status":"Application Refused","technology":"wind_onshore"},"type":"Feature"},{"geometry":{"coordinates":[-4.727968,54.859096],"type":"Point"},"id":"GG2050-REPD-4501","properties":{"capacity_mw":15.3,"gg_project_id":"GG2050-REPD-4501","name":"Carscreugh Renewable Energy Park","operator":"John Laing Environmental Assets Group/ REG Power Management","repd_ref":"4501","repd_technology":"Wind Onshore","status":"Operational","technology":"wind_onshore"},"type":"Feature"},{"geometry":{"coordinates":[-3.6743364,52.6398971],"type":"Point"},"id":"GG2050-REPD-2576","properties":{"capacity_mw":15.3,"gg_project_id":"GG2050-REPD-2576","name":"Cemmaes 'C' Wind Farm","operator":"Vestas","repd_ref":"2576","repd_technology":"Wind Onshore","status":"Operational","technology":"wind_onshore"},"type":"Feature"},{"geometry":{"coordinates":[-7.669531,54.6523194],"type":"Point"},"id":"GG2050-REPD-3714","properties":{"capacity_mw":15.0,"gg_project_id":"GG2050-REPD-3714","name":"Aghamore","operator":"Acorn Energy B7 Ltd","repd_ref":"3714","repd_technology":"Wind Onshore","status":"Application Refused","technology":"wind_onshore"},"type":"Feature"},{"geometry":{"coordinates":[-3.7636351,55.8493435],"type":"Point"},"id":"GG2050-REPD-4214","properties":{"capacity_mw":15.0,"gg_project_id":"GG2050-REPD-4214","name":"Benhar Windfarm","operator":"Eneco","repd_ref":"4214","repd_technology":"Wind Onshore","status":"Appeal Refused","technology":"wind_onshore"},"type":"Feature"},{"geometry":{"coordinates":[-3.7625667,55.7621894],"type":"Point"},"id":"GG2050-REPD-4580","properties":{"capacity_mw":15.0,"gg_project_id":"GG2050-REPD-4580","name":"Black Law Extension - 1b","operator":"Scottish Power Renewables","repd_ref":"4580","repd_technology":"Wind Onshore","status":"Operational","technology":"wind_onshore"},"type":"Feature"},{"geometry":{"coordinates":[-4.9428899,56.2880934],"type":"Point"},"id":"GG2050-REPD-3448","properties":{"capacity_mw":15.0,"gg_project_id":"GG2050-REPD-3448","name":"Clachan Flats Wind Farm","operator":"AMEC/ Border Winds","repd_ref":"3448","repd_technology":"Wind Onshore","status":"Operational","technology":"wind_onshore"},"type":"Feature"},{"geometry":{"coordinates":[-1.0115151,53.777681],"type":"Point"},"id":"GG2050-REPD-4352","properties":{"capacity_mw":15.0,"gg_project_id":"GG2050-REPD-4352","name":"Cleek Hall","operator":"Dillon Butters","repd_ref":"4352","repd_technology":"Wind Onshore","status":"Abandoned","technology":"wind_onshore"},"type":"Feature"},{"geometry":{"coordinates":[-5.5681374,55.5800266],"type":"Point"},"id":"GG2050-REPD-3294","properties":{"capacity_mw":15.0,"gg_project_id":"GG2050-REPD-3294","name":"Cnoc Donn Arnicle","operator":"CRE Energy/ Scottish Power","repd_ref":"3294","repd_technology":"Wind Onshore","status":"Operational","technology":"wind_onshore"},"type":"Feature"},{"geometry":{"coordinates":[-3.2954079,51.7627158],"type":"Point"},"id":"GG2050-REPD-15554","properties":{"capacity_mw":15.0,"gg_project_id":"GG2050-REPD-15554","name":"Convatec Green Manufacturing Hub","operator":"Convatec Limited","repd_ref":"15554","repd_technology":"Wind Onshore","status":"Application Refused","technology":"wind_onshore"},"type":"Feature"},{"geometry":{"coordinates":[-4.0641932,56.0397283],"type":"Point"},"id":"GG2050-REPD-3907","properties":{"capacity_mw":15.0,"gg_project_id":"GG2050-REPD-3907","name":"CRAIGANNET WIND FARM","operator":"Lomond Energy","repd_ref":"3907","repd_technology":"Wind Onshore","status":"Appeal Refused","technology":"wind_onshore"},"type":"Feature"},{"geometry":{"coordinates":[-7.7760893,54.6486097],"type":"Point"},"id":"GG2050-REPD-4562","properties":{"capacity_mw":15.0,"gg_project_id":"GG2050-REPD-4562","name":"Crighshane Extension","operator":"DW consultancy","repd_ref":"4562","repd_technology":"Wind Onshore","status":"Application Refused","technology":"wind_onshore"},"type":"Feature"},{"geometry":{"coordinates":[-7.0168108,54.5501936],"type":"Point"},"id":"GG2050-REPD-4048","properties":{"capacity_mw":15.0,"gg_project_id":"GG2050-REPD-4048","name":"Crockagarran","operator":"ESB","repd_ref":"4048","repd_technology":"Wind Onshore","status":"Operational","technology":"wind_onshore"},"type":"Feature"},{"geometry":{"coordinates":[-6.7718741,54.7394814],"type":"Point"},"id":"GG2050-REPD-4156","properties":{"capacity_mw":15.0,"gg_project_id":"GG2050-REPD-4156","name":"Crockandun","operator":"Brookfield Renewable Energy Group","repd_ref":"4156","repd_technology":"Wind Onshore","status":"Operational","technology":"wind_onshore"},"type":"Feature"},{"geometry":{"coordinates":[-2.1116592,53.6681458],"type":"Point"},"id":"GG2050-REPD-3945","properties":{"capacity_mw":15.0,"gg_project_id":"GG2050-REPD-3945","name":"Crook Hill (Calderdale MBC)","operator":"Coronation Power","repd_ref":"3945","repd_technology":"Wind Onshore","status":"Revised","technology":"wind_onshore"},"type":"Feature"},{"geometry":{"coordinates":[-7.3167004,54.9292981],"type":"Point"},"id":"GG2050-REPD-3243","properties":{"capacity_mw":15.0,"gg_project_id":"GG2050-REPD-3243","name":"Curryfree Wind Farm","operator":"ESB","repd_ref":"3243","repd_technology":"Wind Onshore","status":"Operational","technology":"wind_onshore"},"type":"Feature"},{"geometry":{"coordinates":[-3.7739244,55.8998522],"type":"Point"},"id":"GG2050-REPD-13132","properties":{"capacity_mw":15.0,"gg_project_id":"GG2050-REPD-13132","name":"Drumduff Wind Farm Extension","operator":"Green Power (International) Limited","repd_ref":"13132","repd_technology":"Wind Onshore","status":"Awaiting Construction","technology":"wind_onshore"},"type":"Feature"},{"geometry":{"coordinates":[-7.5188574,54.5961786],"type":"Point"},"id":"GG2050-REPD-4173","properties":{"capacity_mw":15.0,"gg_project_id":"GG2050-REPD-4173","name":"Dunnaree Hill Wind Farm","operator":"Scottish and Southern Energy (SSE)","repd_ref":"4173","repd_technology":"Wind Onshore","status":"Application Withdrawn","technology":"wind_onshore"},"type":"Feature"},{"geometry":{"coordinates":[-3.6318148,56.128149],"type":"Point"},"id":"GG2050-REPD-2699","properties":{"capacity_mw":15.0,"gg_project_id":"GG2050-REPD-2699","name":"Easter Muirhead Farm","operator":"ABO Wind UK","repd_ref":"2699","repd_technology":"Wind Onshore","status":"Application Refused","technology":"wind_onshore"},"type":"Feature"},{"geometry":{"coordinates":[-1.7227893,55.2296412],"type":"Point"},"id":"GG2050-REPD-4366","properties":{"capacity_mw":15.0,"gg_project_id":"GG2050-REPD-4366","name":"Fenrother Wind Farm","operator":"Energiekontor UK","repd_ref":"4366","repd_technology":"Wind Onshore","status":"Appeal Refused","technology":"wind_onshore"},"type":"Feature"},{"geometry":{"coordinates":[-6.5648681,55.001758],"type":"Point"},"id":"GG2050-REPD-3191","properties":{"capacity_mw":15.0,"gg_project_id":"GG2050-REPD-3191","name":"Garves Mountain Farm","operator":"Gravis Capital Management","repd_ref":"3191","repd_technology":"Wind Onshore","status":"Operational","technology":"wind_onshore"},"type":"Feature"},{"geometry":{"coordinates":[-3.4204951,55.5385236],"type":"Point"},"id":"GG2050-REPD-4578","properties":{"capacity_mw":15.0,"gg_project_id":"GG2050-REPD-4578","name":"Glenkerie Wind Farm Extension","operator":"Muirhall Energy (formerly Infinis)","repd_ref":"4578","repd_technology":"Wind Onshore","status":"Planning Permission Expired","technology":"wind_onshore"},"type":"Feature"},{"geometry":{"coordinates":[-2.1449114,53.6990922],"type":"Point"},"id":"GG2050-REPD-3998","properties":{"capacity_mw":15.0,"gg_project_id":"GG2050-REPD-3998","name":"Gorpley Wind Farm","operator":"Kelda Water Services","repd_ref":"3998","repd_technology":"Wind Onshore","status":"Revised","technology":"wind_onshore"},"type":"Feature"},{"geometry":{"coordinates":[-7.0197015,54.5439997],"type":"Point"},"id":"GG2050-REPD-3933","properties":{"capacity_mw":15.0,"gg_project_id":"GG2050-REPD-3933","name":"Gortfinbar","operator":"Energia Renewables","repd_ref":"3933","repd_technology":"Wind Onshore","status":"Operational","technology":"wind_onshore"},"type":"Feature"},{"geometry":{"coordinates":[-7.3830035,54.9379993],"type":"Point"},"id":"GG2050-REPD-3254","properties":{"capacity_mw":15.0,"gg_project_id":"GG2050-REPD-3254","name":"Gortmonly Wind Energy","operator":"Northern Wind Power","repd_ref":"3254","repd_technology":"Wind Onshore","status":"Application Withdrawn","technology":"wind_onshore"},"type":"Feature"},{"geometry":{"coordinates":[-4.4423004,50.9438353],"type":"Point"},"id":"GG2050-REPD-3786","properties":{"capacity_mw":15.0,"gg_project_id":"GG2050-REPD-3786","name":"Harbourcross Wind Farm","operator":"Wind Ventures","repd_ref":"3786","repd_technology":"Wind Onshore","status":"Revised","technology":"wind_onshore"},"type":"Feature"},{"geometry":{"coordinates":[1.0037871,51.0886493],"type":"Point"},"id":"GG2050-REPD-4187","properties":{"capacity_mw":15.0,"gg_project_id":"GG2050-REPD-4187","name":"Harringe Brooks Wind Park","operator":"Ecotricity","repd_ref":"4187","repd_technology":"Wind Onshore","status":"Application Submitted","technology":"wind_onshore"},"type":"Feature"},{"geometry":{"coordinates":[-2.4930877,56.8205206],"type":"Point"},"id":"GG2050-REPD-3166","properties":{"capacity_mw":15.0,"gg_project_id":"GG2050-REPD-3166","name":"Hill of Garvock Wind Energy Project","operator":"Orkney Sustainable Energy","repd_ref":"3166","repd_technology":"Wind Onshore","status":"Application Withdrawn","technology":"wind_onshore"},"type":"Feature"},{"geometry":{"coordinates":[-2.4930877,56.8205206],"type":"Point"},"id":"GG2050-REPD-3287","properties":{"capacity_mw":15.0,"gg_project_id":"GG2050-REPD-3287","name":"Hill of Garvock Wind Energy Project (2)","operator":"Orkney Sustainable Energy","repd_ref":"3287","repd_technology":"Wind Onshore","status":"Application Refused","technology":"wind_onshore"},"type":"Feature"},{"geometry":{"coordinates":[-1.1516019,53.1175039],"type":"Point"},"id":"GG2050-REPD-2938","properties":{"capacity_mw":15.0,"gg_project_id":"GG2050-REPD-2938","name":"Lindhurst Wind Farm","operator":"Npower Renewables","repd_ref":"2938","repd_technology":"Wind Onshore","status":"Operational","technology":"wind_onshore"},"type":"Feature"},{"geometry":{"coordinates":[-2.8186762,57.6158695],"type":"Point"},"id":"GG2050-REPD-5373","properties":{"capacity_mw":15.0,"gg_project_id":"GG2050-REPD-5373","name":"Lurg Hill Wind Farm","operator":"Vento Ludens","repd_ref":"5373","repd_technology":"Wind Onshore","status":"Awaiting Construction","technology":"wind_onshore"},"type":"Feature"},{"geometry":{"coordinates":[-4.8728456,55.175581],"type":"Point"},"id":"GG2050-REPD-4205","properties":{"capacity_mw":15.0,"gg_project_id":"GG2050-REPD-4205","name":"Millenderdale Wind Farm","operator":"GreenPower (International) Ltd","repd_ref":"4205","repd_technology":"Wind Onshore","status":"Appeal Refused","technology":"wind_onshore"},"type":"Feature"},{"geometry":{"coordinates":[-4.8836414,57.1552277],"type":"Point"},"id":"GG2050-REPD-2723","properties":{"capacity_mw":15.0,"gg_project_id":"GG2050-REPD-2723","name":"Millennium Extension II","operator":"West Coast Energy Ltd/Falck Renewables","repd_ref":"2723","repd_technology":"Wind Onshore","status":"Operational","technology":"wind_onshore"},"type":"Feature"},{"geometry":{"coordinates":[-7.6365033,54.197921],"type":"Point"},"id":"GG2050-REPD-4066","properties":{"capacity_mw":15.0,"gg_project_id":"GG2050-REPD-4066","name":"Molly Mountain","operator":"Erne Concrete Pumping","repd_ref":"4066","repd_technology":"Wind Onshore","status":"Operational","technology":"wind_onshore"},"type":"Feature"},{"geometry":{"coordinates":[-2.3108815,55.8842965],"type":"Point"},"id":"GG2050-REPD-3151","properties":{"capacity_mw":15.0,"gg_project_id":"GG2050-REPD-3151","name":"Monashee","operator":"West Coast Windfarms Ltd","repd_ref":"3151","repd_technology":"Wind Onshore","status":"Application Withdrawn","technology":"wind_onshore"},"type":"Feature"},{"geometry":{"coordinates":[-2.3088748,55.8510394],"type":"Point"},"id":"GG2050-REPD-3884","properties":{"capacity_mw":15.0,"gg_project_id":"GG2050-REPD-3884","name":"Monashee Wind Farm","operator":"Element Power","repd_ref":"3884","repd_technology":"Wind Onshore","status":"Application Withdrawn","technology":"wind_onshore"},"type":"Feature"},{"geometry":{"coordinates":[-4.3676271,55.7423917],"type":"Point"},"id":"GG2050-REPD-14958","properties":{"capacity_mw":15.0,"gg_project_id":"GG2050-REPD-14958","name":"Moorshield Wind Farm","operator":"Wind 2 / EDPR","repd_ref":"14958","repd_technology":"Wind Onshore","status":"Awaiting Construction","technology":"wind_onshore"},"type":"Feature"},{"geometry":{"coordinates":[-4.3579502,55.7143021],"type":"Point"},"id":"GG2050-REPD-7687","properties":{"capacity_mw":15.0,"gg_project_id":"GG2050-REPD-7687","name":"Moorshield Wind Farm","operator":"Wind 2","repd_ref":"7687","repd_technology":"Wind Onshore","status":"Revised","technology":"wind_onshore"},"type":"Feature"},{"geometry":{"coordinates":[-3.4646158,51.6063475],"type":"Point"},"id":"GG2050-REPD-5481","properties":{"capacity_mw":15.0,"gg_project_id":"GG2050-REPD-5481","name":"Mynydd Pen-y-Graig Wind Farm","operator":"Ventient (formerly Infinis)","repd_ref":"5481","repd_technology":"Wind Onshore","status":"Application Withdrawn","technology":"wind_onshore"},"type":"Feature"},{"geometry":{"coordinates":[-3.6468563,58.1218769],"type":"Point"},"id":"GG2050-REPD-6194","properties":{"capacity_mw":15.0,"gg_project_id":"GG2050-REPD-6194","name":"Navidale","operator":"Green Cat Renewables","repd_ref":"6194","repd_technology":"Wind Onshore","status":"Appeal Refused","technology":"wind_onshore"},"type":"Feature"},{"geometry":{"coordinates":[-3.9215921,55.5994951],"type":"Point"},"id":"GG2050-REPD-3676","properties":{"capacity_mw":15.0,"gg_project_id":"GG2050-REPD-3676","name":"Nutberry Wind Farm","operator":"Renantis Falck Renewables Limited","repd_ref":"3676","repd_technology":"Wind Onshore","status":"Operational","technology":"wind_onshore"},"type":"Feature"},{"geometry":{"coordinates":[-7.8959028,54.3384962],"type":"Point"},"id":"GG2050-REPD-4654","properties":{"capacity_mw":15.0,"gg_project_id":"GG2050-REPD-4654","name":"Ora More","operator":"Natural Power","repd_ref":"4654","repd_technology":"Wind Onshore","status":"Operational","technology":"wind_onshore"},"type":"Feature"},{"geometry":{"coordinates":[-0.7868979,52.0872052],"type":"Point"},"id":"GG2050-REPD-4407","properties":{"capacity_mw":15.0,"gg_project_id":"GG2050-REPD-4407","name":"Orchard Way Wind Farm","operator":"Npower Renewables","repd_ref":"4407","repd_technology":"Wind Onshore","status":"Appeal Refused","technology":"wind_onshore"},"type":"Feature"},{"geometry":{"coordinates":[-0.4519737,52.3789482],"type":"Point"},"id":"GG2050-REPD-4538","properties":{"capacity_mw":15.0,"gg_project_id":"GG2050-REPD-4538","name":"RAF Molesworth Wind Farm","operator":"RWE Npower Renewables","repd_ref":"4538","repd_technology":"Wind Onshore","status":"Application Refused","technology":"wind_onshore"},"type":"Feature"},{"geometry":{"coordinates":[-0.7976241,53.3883881],"type":"Point"},"id":"GG2050-REPD-4322","properties":{"capacity_mw":15.0,"gg_project_id":"GG2050-REPD-4322","name":"Saundby Wind Farm","operator":"Partnerships for Renewables","repd_ref":"4322","repd_technology":"Wind Onshore","status":"Application Withdrawn","technology":"wind_onshore"},"type":"Feature"},{"geometry":{"coordinates":[-4.9002585,50.4720355],"type":"Point"},"id":"GG2050-REPD-2895","properties":{"capacity_mw":15.0,"gg_project_id":"GG2050-REPD-2895","name":"Scotland Corner wind farm","operator":"Coriolis Energy","repd_ref":"2895","repd_technology":"Wind Onshore","status":"Application Refused","technology":"wind_onshore"},"type":"Feature"},{"geometry":{"coordinates":[-0.7611611,52.9587852],"type":"Point"},"id":"GG2050-REPD-4324","properties":{"capacity_mw":15.0,"gg_project_id":"GG2050-REPD-4324","name":"Sewstern Lane Wind Farm","operator":"Whirlwind Renewables","repd_ref":"4324","repd_technology":"Wind Onshore","status":"Application Refused","technology":"wind_onshore"},"type":"Feature"},{"geometry":{"coordinates":[-1.6201029,53.4876138],"type":"Point"},"id":"GG2050-REPD-3064","properties":{"capacity_mw":15.0,"gg_project_id":"GG2050-REPD-3064","name":"Sheephouse Heights Windfarm","operator":"Evelop UK Limited (previously known as Breeze Renewable Energy)","repd_ref":"3064","repd_technology":"Wind Onshore","status":"Application Refused","technology":"wind_onshore"},"type":"Feature"},{"geometry":{"coordinates":[-0.5967408,53.8349467],"type":"Point"},"id":"GG2050-REPD-4327","properties":{"capacity_mw":15.0,"gg_project_id":"GG2050-REPD-4327","name":"Sober Hill Wind Farm","operator":"West Coast Energy","repd_ref":"4327","repd_technology":"Wind Onshore","status":"Operational","technology":"wind_onshore"},"type":"Feature"},{"geometry":{"coordinates":[-1.164206,52.0881548],"type":"Point"},"id":"GG2050-REPD-4639","properties":{"capacity_mw":15.0,"gg_project_id":"GG2050-REPD-4639","name":"Spring Farm Ridge","operator":"Broadview Energy","repd_ref":"4639","repd_technology":"Wind Onshore","status":"Application Refused","technology":"wind_onshore"},"type":"Feature"},{"geometry":{"coordinates":[-1.4386908,52.2024506],"type":"Point"},"id":"GG2050-REPD-4530","properties":{"capacity_mw":15.0,"gg_project_id":"GG2050-REPD-4530","name":"Starbold Wind Farm","operator":"Broadview Energy","repd_ref":"4530","repd_technology":"Wind Onshore","status":"Appeal Refused","technology":"wind_onshore"},"type":"Feature"},{"geometry":{"coordinates":[-0.6686453,53.0137468],"type":"Point"},"id":"GG2050-REPD-4197","properties":{"capacity_mw":15.0,"gg_project_id":"GG2050-REPD-4197","name":"Temple Hill Wind Farm","operator":"RWE / npower renewables","repd_ref":"4197","repd_technology":"Wind Onshore","status":"Application Refused","technology":"wind_onshore"},"type":"Feature"},{"geometry":{"coordinates":[-2.1590031,53.7006293],"type":"Point"},"id":"GG2050-REPD-3483","properties":{"capacity_mw":15.0,"gg_project_id":"GG2050-REPD-3483","name":"Todmorden Moor","operator":"Coronation Power","repd_ref":"3483","repd_technology":"Wind Onshore","status":"Revised","technology":"wind_onshore"},"type":"Feature"},{"geometry":{"coordinates":[0.0482368,52.6946937],"type":"Point"},"id":"GG2050-REPD-3785","properties":{"capacity_mw":15.0,"gg_project_id":"GG2050-REPD-3785","name":"Treading Wind Farm - Fenland","operator":"Wind Ventures","repd_ref":"3785","repd_technology":"Wind Onshore","status":"Appeal Refused","technology":"wind_onshore"},"type":"Feature"},{"geometry":{"coordinates":[-2.381001,55.4941772],"type":"Point"},"id":"GG2050-REPD-3689","properties":{"capacity_mw":15.0,"gg_project_id":"GG2050-REPD-3689","name":"Whitton Farm","operator":"Vattenfall","repd_ref":"3689","repd_technology":"Wind Onshore","status":"Application Refused","technology":"wind_onshore"},"type":"Feature"},{"geometry":{"coordinates":[-1.7963879,55.2752541],"type":"Point"},"id":"GG2050-REPD-3754","properties":{"capacity_mw":15.0,"gg_project_id":"GG2050-REPD-3754","name":"Wingates Wind Farm","operator":"Ventient (formerly Infinis)","repd_ref":"3754","repd_technology":"Wind Onshore","status":"Operational","technology":"wind_onshore"},"type":"Feature"},{"geometry":{"coordinates":[-4.4084512,57.6242137],"type":"Point"},"id":"GG2050-REPD-4308","properties":{"capacity_mw":15.0,"gg_project_id":"GG2050-REPD-4308","name":"Woodlands Wind Farm","operator":"Woodlands Wind Farm Ltd","repd_ref":"4308","repd_technology":"Wind Onshore","status":"Application Withdrawn","technology":"wind_onshore"},"type":"Feature"},{"geometry":{"coordinates":[-5.6041163,55.5915613],"type":"Point"},"id":"GG2050-REPD-3451","properties":{"capacity_mw":14.9,"gg_project_id":"GG2050-REPD-3451","name":"Largie Wind Farm","operator":"Eurus Energy / Ecogen","repd_ref":"3451","repd_technology":"Wind Onshore","status":"Application Refused","technology":"wind_onshore"},"type":"Feature"},{"geometry":{"coordinates":[-3.4347669,52.4092852],"type":"Point"},"id":"GG2050-REPD-2561","properties":{"capacity_mw":14.8,"gg_project_id":"GG2050-REPD-2561","name":"Hirddywell Windfarm","operator":"CELTPOWER LTD","repd_ref":"2561","repd_technology":"Wind Onshore","status":"Application Withdrawn","technology":"wind_onshore"},"type":"Feature"},{"geometry":{"coordinates":[-1.935174,54.4628603],"type":"Point"},"id":"GG2050-REPD-2599","properties":{"capacity_mw":14.7,"gg_project_id":"GG2050-REPD-2599","name":"High Moor Wind Farm","operator":"National Windpower","repd_ref":"2599","repd_technology":"Wind Onshore","status":"Application Refused","technology":"wind_onshore"},"type":"Feature"},{"geometry":{"coordinates":[-3.4284766,52.5783858],"type":"Point"},"id":"GG2050-REPD-4684","properties":{"capacity_mw":14.5,"gg_project_id":"GG2050-REPD-4684","name":"Mynydd Clogau Wind Farm","operator":"Renewable Energy Systems (RES)","repd_ref":"4684","repd_technology":"Wind Onshore","status":"Operational","technology":"wind_onshore"},"type":"Feature"},{"geometry":{"coordinates":[-4.7388178,55.6332784],"type":"Point"},"id":"GG2050-REPD-11082","properties":{"capacity_mw":14.4,"gg_project_id":"GG2050-REPD-11082","name":"Ardeer Peninsula, Ardeer - Wind Turbines","operator":"The Farm Energy Partnership","repd_ref":"11082","repd_technology":"Wind Onshore","status":"Revised","technology":"wind_onshore"},"type":"Feature"},{"geometry":{"coordinates":[-0.6518397,52.3615541],"type":"Point"},"id":"GG2050-REPD-4210","properties":{"capacity_mw":14.4,"gg_project_id":"GG2050-REPD-4210","name":"Burton Wold Wind Farm - Northern Extension","operator":"John Laing Environmental Assets Group","repd_ref":"4210","repd_technology":"Wind Onshore","status":"Operational","technology":"wind_onshore"},"type":"Feature"},{"geometry":{"coordinates":[-4.988102,51.7116251],"type":"Point"},"id":"GG2050-REPD-10304","properties":{"capacity_mw":14.4,"gg_project_id":"GG2050-REPD-10304","name":"Dragon Energy Park - Wind Farm","operator":"Dragon LNG","repd_ref":"10304","repd_technology":"Wind Onshore","status":"Under Construction","technology":"wind_onshore"},"type":"Feature"},{"geometry":{"coordinates":[-2.894904,55.8253942],"type":"Point"},"id":"GG2050-REPD-3909","properties":{"capacity_mw":14.4,"gg_project_id":"GG2050-REPD-3909","name":"Gilston Wind Farm (Borders)","operator":"Ridgewind","repd_ref":"3909","repd_technology":"Wind Onshore","status":"Appeal Refused","technology":"wind_onshore"},"type":"Feature"},{"geometry":{"coordinates":[-3.2741484,52.2345204],"type":"Point"},"id":"GG2050-REPD-4377","properties":{"capacity_mw":14.4,"gg_project_id":"GG2050-REPD-4377","name":"Hendy Wind Farm","operator":"Njord Energy Ltd","repd_ref":"4377","repd_technology":"Wind Onshore","status":"Under Construction","technology":"wind_onshore"},"type":"Feature"},{"geometry":{"coordinates":[-2.6598221,57.4041683],"type":"Point"},"id":"GG2050-REPD-18910","properties":{"capacity_mw":14.4,"gg_project_id":"GG2050-REPD-18910","name":"Hill of Stoneyfield - Wind Turbines","operator":"Wind 2 Limited","repd_ref":"18910","repd_technology":"Wind Onshore","status":"Application Submitted","technology":"wind_onshore"},"type":"Feature"},{"geometry":{"coordinates":[-0.7554075,52.4501957],"type":"Point"},"id":"GG2050-REPD-4513","properties":{"capacity_mw":14.4,"gg_project_id":"GG2050-REPD-4513","name":"New Albion Wind Farm","operator":"John Laing Environmental Assets Group","repd_ref":"4513","repd_technology":"Wind Onshore","status":"Operational","technology":"wind_onshore"},"type":"Feature"},{"geometry":{"coordinates":[0.7320519,52.6292214],"type":"Point"},"id":"GG2050-REPD-4686","properties":{"capacity_mw":14.4,"gg_project_id":"GG2050-REPD-4686","name":"North Pickenham","operator":"Foresight Group","repd_ref":"4686","repd_technology":"Wind Onshore","status":"Operational","technology":"wind_onshore"},"type":"Feature"},{"geometry":{"coordinates":[-0.0414964,52.6448805],"type":"Point"},"id":"GG2050-REPD-4080","properties":{"capacity_mw":14.4,"gg_project_id":"GG2050-REPD-4080","name":"Nutsgrove Wind Farm","operator":"WPR Wind Ltd","repd_ref":"4080","repd_technology":"Wind Onshore","status":"Abandoned","technology":"wind_onshore"},"type":"Feature"},{"geometry":{"coordinates":[-3.5782653,55.8278413],"type":"Point"},"id":"GG2050-REPD-8847","properties":{"capacity_mw":14.4,"gg_project_id":"GG2050-REPD-8847","name":"Pearie Law 2 - Wind turbines","operator":"Wind Estate (UK) Ltd","repd_ref":"8847","repd_technology":"Wind Onshore","status":"Awaiting Construction","technology":"wind_onshore"},"type":"Feature"},{"geometry":{"coordinates":[-3.3134139,56.6549093],"type":"Point"},"id":"GG2050-REPD-4599","properties":{"capacity_mw":14.4,"gg_project_id":"GG2050-REPD-4599","name":"Tullymurdoch Wind Farm","operator":"Temporis Capital","repd_ref":"4599","repd_technology":"Wind Onshore","status":"Operational","technology":"wind_onshore"},"type":"Feature"},{"geometry":{"coordinates":[-4.1342213,55.5782719],"type":"Point"},"id":"GG2050-REPD-4055","properties":{"capacity_mw":14.3,"gg_project_id":"GG2050-REPD-4055","name":"Bankend Rig","operator":"I & H Brown Ltd","repd_ref":"4055","repd_technology":"Wind Onshore","status":"Operational","technology":"wind_onshore"},"type":"Feature"},{"geometry":{"coordinates":[-3.5766552,51.6432019],"type":"Point"},"id":"GG2050-REPD-3080","properties":{"capacity_mw":14.3,"gg_project_id":"GG2050-REPD-3080","name":"Werfa Wind Farm","operator":"Amec Wind","repd_ref":"3080","repd_technology":"Wind Onshore","status":"Application Refused","technology":"wind_onshore"},"type":"Feature"},{"geometry":{"coordinates":[-3.2387425,56.6704633],"type":"Point"},"id":"GG2050-REPD-4098","properties":{"capacity_mw":14.0,"gg_project_id":"GG2050-REPD-4098","name":"Bamff Wind Farm","operator":"Scottish Power Renewables","repd_ref":"4098","repd_technology":"Wind Onshore","status":"Appeal Refused","technology":"wind_onshore"},"type":"Feature"},{"geometry":{"coordinates":[-1.3117605,51.1887007],"type":"Point"},"id":"GG2050-REPD-4095","properties":{"capacity_mw":14.0,"gg_project_id":"GG2050-REPD-4095","name":"Bullington Cross Wind Farm (7 of 14 turbines Winchester City Council)","operator":"EDF","repd_ref":"4095","repd_technology":"Wind Onshore","status":"Appeal Withdrawn","technology":"wind_onshore"},"type":"Feature"},{"geometry":{"coordinates":[0.1149135,52.6029622],"type":"Point"},"id":"GG2050-REPD-3479","properties":{"capacity_mw":14.0,"gg_project_id":"GG2050-REPD-3479","name":"Coldham Hall","operator":"Co-op","repd_ref":"3479","repd_technology":"Wind Onshore","status":"Operational","technology":"wind_onshore"},"type":"Feature"},{"geometry":{"coordinates":[-2.1074264,53.6701271],"type":"Point"},"id":"GG2050-REPD-3482","properties":{"capacity_mw":14.0,"gg_project_id":"GG2050-REPD-3482","name":"Crook Hill (Rochdale MBC)","operator":"Coronation Power","repd_ref":"3482","repd_technology":"Wind Onshore","status":"Revised","technology":"wind_onshore"},"type":"Feature"},{"geometry":{"coordinates":[-0.6787972,53.5990956],"type":"Point"},"id":"GG2050-REPD-2690","properties":{"capacity_mw":14.0,"gg_project_id":"GG2050-REPD-2690","name":"Flixborough Grange Farmhouse","operator":"Grange Wind Farm Ltd","repd_ref":"2690","repd_technology":"Wind Onshore","status":"Revised","technology":"wind_onshore"},"type":"Feature"},{"geometry":{"coordinates":[-3.7347788,56.2118969],"type":"Point"},"id":"GG2050-REPD-3913","properties":{"capacity_mw":14.0,"gg_project_id":"GG2050-REPD-3913","name":"Frandy Hill","operator":"Wind Prospect Developments","repd_ref":"3913","repd_technology":"Wind Onshore","status":"Appeal Refused","technology":"wind_onshore"},"type":"Feature"},{"geometry":{"coordinates":[-2.6530704,57.4091261],"type":"Point"},"id":"GG2050-REPD-5587","properties":{"capacity_mw":14.0,"gg_project_id":"GG2050-REPD-5587","name":"Glens of Foudland Wind Farm (Extension)","operator":"GLID Wind Farms","repd_ref":"5587","repd_technology":"Wind Onshore","status":"Application Withdrawn","technology":"wind_onshore"},"type":"Feature"},{"geometry":{"coordinates":[-3.5724422,55.3025089],"type":"Point"},"id":"GG2050-REPD-4590","properties":{"capacity_mw":14.0,"gg_project_id":"GG2050-REPD-4590","name":"Harestanes Wind Farm Extension","operator":"Scottish Power Renewables","repd_ref":"4590","repd_technology":"Wind Onshore","status":"Application Refused","technology":"wind_onshore"},"type":"Feature"},{"geometry":{"coordinates":[-4.1206196,54.8942457],"type":"Point"},"id":"GG2050-REPD-4459","properties":{"capacity_mw":14.0,"gg_project_id":"GG2050-REPD-4459","name":"Knockendurrick Wind Farm","operator":"Banks Renewables","repd_ref":"4459","repd_technology":"Wind Onshore","status":"Application Refused","technology":"wind_onshore"},"type":"Feature"},{"geometry":{"coordinates":[-2.8485058,55.6736899],"type":"Point"},"id":"GG2050-REPD-4576","properties":{"capacity_mw":14.0,"gg_project_id":"GG2050-REPD-4576","name":"Longpark Wind Farm Extension","operator":"Wind Prospect","repd_ref":"4576","repd_technology":"Wind Onshore","status":"Application Withdrawn","technology":"wind_onshore"},"type":"Feature"},{"geometry":{"coordinates":[-0.8544158,53.3447379],"type":"Point"},"id":"GG2050-REPD-3894","properties":{"capacity_mw":14.0,"gg_project_id":"GG2050-REPD-3894","name":"Maumhill Wind Farm","operator":"EDF","repd_ref":"3894","repd_technology":"Wind Onshore","status":"Revised","technology":"wind_onshore"},"type":"Feature"},{"geometry":{"coordinates":[-2.2783137,57.018819],"type":"Point"},"id":"GG2050-REPD-3573","properties":{"capacity_mw":14.0,"gg_project_id":"GG2050-REPD-3573","name":"Meikle Carewe","operator":"Renewable Energy Systems (RES)","repd_ref":"3573","repd_technology":"Wind Onshore","status":"Revised","technology":"wind_onshore"},"type":"Feature"},{"geometry":{"coordinates":[-0.6865443,52.1327938],"type":"Point"},"id":"GG2050-REPD-2968","properties":{"capacity_mw":14.0,"gg_project_id":"GG2050-REPD-2968","name":"Milton Keynes Wind Farm","operator":"Gravis Capital Management","repd_ref":"2968","repd_technology":"Wind Onshore","status":"Operational","technology":"wind_onshore"},"type":"Feature"},{"geometry":{"coordinates":[-0.0279327,53.777547],"type":"Point"},"id":"GG2050-REPD-3515","properties":{"capacity_mw":14.0,"gg_project_id":"GG2050-REPD-3515","name":"Monkwith Wind Farm","operator":"Energiekontor UK","repd_ref":"3515","repd_technology":"Wind Onshore","status":"Revised","technology":"wind_onshore"},"type":"Feature"},{"geometry":{"coordinates":[-3.6113178,55.8163865],"type":"Point"},"id":"GG2050-REPD-3232","properties":{"capacity_mw":14.0,"gg_project_id":"GG2050-REPD-3232","name":"Pates Hill","operator":"Your Energy","repd_ref":"3232","repd_technology":"Wind Onshore","status":"Operational","technology":"wind_onshore"},"type":"Feature"},{"geometry":{"coordinates":[-2.4175068,52.9576272],"type":"Point"},"id":"GG2050-REPD-3059","properties":{"capacity_mw":14.0,"gg_project_id":"GG2050-REPD-3059","name":"Poplar Lane Wind Farm","operator":"Nuon Renewables","repd_ref":"3059","repd_technology":"Wind Onshore","status":"Appeal Refused","technology":"wind_onshore"},"type":"Feature"},{"geometry":{"coordinates":[1.2230954,52.4088036],"type":"Point"},"id":"GG2050-REPD-3025","properties":{"capacity_mw":14.0,"gg_project_id":"GG2050-REPD-3025","name":"Pulham Airfield","operator":"SLP Energy","repd_ref":"3025","repd_technology":"Wind Onshore","status":"Application Withdrawn","technology":"wind_onshore"},"type":"Feature"},{"geometry":{"coordinates":[-7.4063068,54.6911915],"type":"Point"},"id":"GG2050-REPD-2929","properties":{"capacity_mw":14.0,"gg_project_id":"GG2050-REPD-2929","name":"Rakelly","operator":"Canavan Associates","repd_ref":"2929","repd_technology":"Wind Onshore","status":"Application Refused","technology":"wind_onshore"},"type":"Feature"},{"geometry":{"coordinates":[-7.0958526,54.4886342],"type":"Point"},"id":"GG2050-REPD-8106","properties":{"capacity_mw":14.0,"gg_project_id":"GG2050-REPD-8106","name":"Shantavy Scotch","operator":"Brookfield Renewable","repd_ref":"8106","repd_technology":"Wind Onshore","status":"Awaiting Construction","technology":"wind_onshore"},"type":"Feature"},{"geometry":{"coordinates":[-1.014568,53.1510578],"type":"Point"},"id":"GG2050-REPD-3527","properties":{"capacity_mw":14.0,"gg_project_id":"GG2050-REPD-3527","name":"Stonish Hill","operator":"Harworth Power","repd_ref":"3527","repd_technology":"Wind Onshore","status":"Revised","technology":"wind_onshore"},"type":"Feature"},{"geometry":{"coordinates":[0.1661569,52.750618],"type":"Point"},"id":"GG2050-REPD-3671","properties":{"capacity_mw":14.0,"gg_project_id":"GG2050-REPD-3671","name":"The Grange Wind Farm","operator":"Renewable Energy Systems (RES)","repd_ref":"3671","repd_technology":"Wind Onshore","status":"Operational","technology":"wind_onshore"},"type":"Feature"},{"geometry":{"coordinates":[-1.3969059,54.6635809],"type":"Point"},"id":"GG2050-REPD-3606","properties":{"capacity_mw":14.0,"gg_project_id":"GG2050-REPD-3606","name":"Walkway","operator":"Wind Prospect","repd_ref":"3606","repd_technology":"Wind Onshore","status":"Operational","technology":"wind_onshore"},"type":"Feature"},{"geometry":{"coordinates":[0.1406344,52.5925645],"type":"Point"},"id":"GG2050-REPD-3480","properties":{"capacity_mw":14.0,"gg_project_id":"GG2050-REPD-3480","name":"Whitemill Wind Farm","operator":"Co-operative Energy","repd_ref":"3480","repd_technology":"Wind Onshore","status":"Operational","technology":"wind_onshore"},"type":"Feature"},{"geometry":{"coordinates":[-1.8921076,54.6487669],"type":"Point"},"id":"GG2050-REPD-4429","properties":{"capacity_mw":14.0,"gg_project_id":"GG2050-REPD-4429","name":"Windy Bank Windfarm","operator":"Banks Renewables","repd_ref":"4429","repd_technology":"Wind Onshore","status":"Application Refused","technology":"wind_onshore"},"type":"Feature"},{"geometry":{"coordinates":[-2.1831462,50.6929346],"type":"Point"},"id":"GG2050-REPD-4117","properties":{"capacity_mw":13.8,"gg_project_id":"GG2050-REPD-4117","name":"Alaska Wind Farm","operator":"Infinergy","repd_ref":"4117","repd_technology":"Wind Onshore","status":"Revised","technology":"wind_onshore"},"type":"Feature"},{"geometry":{"coordinates":[-2.0250876,55.6372932],"type":"Point"},"id":"GG2050-REPD-4163","properties":{"capacity_mw":13.8,"gg_project_id":"GG2050-REPD-4163","name":"Barmoor South Wind Farm","operator":"EDF","repd_ref":"4163","repd_technology":"Wind Onshore","status":"Operational","technology":"wind_onshore"},"type":"Feature"},{"geometry":{"coordinates":[-4.4091886,55.6960052],"type":"Point"},"id":"GG2050-REPD-3342","properties":{"capacity_mw":13.8,"gg_project_id":"GG2050-REPD-3342","name":"Blair Data Centre","operator":"Green Cat Renewables","repd_ref":"3342","repd_technology":"Wind Onshore","status":"Appeal Refused","technology":"wind_onshore"},"type":"Feature"},{"geometry":{"coordinates":[-3.0088792,57.5298386],"type":"Point"},"id":"GG2050-REPD-3620","properties":{"capacity_mw":13.8,"gg_project_id":"GG2050-REPD-3620","name":"Bodinfinnoch Wind Farm","operator":"Bidwells","repd_ref":"3620","repd_technology":"Wind Onshore","status":"Appeal Refused","technology":"wind_onshore"},"type":"Feature"},{"geometry":{"coordinates":[-3.5942703,52.4195589],"type":"Point"},"id":"GG2050-REPD-2873","properties":{"capacity_mw":13.8,"gg_project_id":"GG2050-REPD-2873","name":"Bryn Blaen Wind Farm","operator":"Njord Energy","repd_ref":"2873","repd_technology":"Wind Onshore","status":"Operational","technology":"wind_onshore"},"type":"Feature"},{"geometry":{"coordinates":[-8.0381439,54.4342004],"type":"Point"},"id":"GG2050-REPD-2716","properties":{"capacity_mw":13.8,"gg_project_id":"GG2050-REPD-2716","name":"Callagheen Ext","operator":"Scottish Power Renewables","repd_ref":"2716","repd_technology":"Wind Onshore","status":"Application Withdrawn","technology":"wind_onshore"},"type":"Feature"},{"geometry":{"coordinates":[-6.7050628,55.0418922],"type":"Point"},"id":"GG2050-REPD-4190","properties":{"capacity_mw":13.8,"gg_project_id":"GG2050-REPD-4190","name":"Cam Burn Wind Farm","operator":"TCI Renewables","repd_ref":"4190","repd_technology":"Wind Onshore","status":"Abandoned","technology":"wind_onshore"},"type":"Feature"},{"geometry":{"coordinates":[-5.9118015,54.7312968],"type":"Point"},"id":"GG2050-REPD-3934","properties":{"capacity_mw":13.8,"gg_project_id":"GG2050-REPD-3934","name":"Carn Hill","operator":"Gaelectric Developments/ CGN Europe Energy","repd_ref":"3934","repd_technology":"Wind Onshore","status":"Operational","technology":"wind_onshore"},"type":"Feature"},{"geometry":{"coordinates":[-6.1075892,54.8540497],"type":"Point"},"id":"GG2050-REPD-4560","properties":{"capacity_mw":13.8,"gg_project_id":"GG2050-REPD-4560","name":"Cloghinarney","operator":"Cloghinarney Wind Farm","repd_ref":"4560","repd_technology":"Wind Onshore","status":"Appeal Refused","technology":"wind_onshore"},"type":"Feature"},{"geometry":{"coordinates":[-7.3191358,54.8139346],"type":"Point"},"id":"GG2050-REPD-4564","properties":{"capacity_mw":13.8,"gg_project_id":"GG2050-REPD-4564","name":"Craignapapple Wind Farm","operator":"Brookfield Renewable Energy Group","repd_ref":"4564","repd_technology":"Wind Onshore","status":"Awaiting Construction","technology":"wind_onshore"},"type":"Feature"},{"geometry":{"coordinates":[-6.9791093,54.622596],"type":"Point"},"id":"GG2050-REPD-4653","properties":{"capacity_mw":13.8,"gg_project_id":"GG2050-REPD-4653","name":"Cregganconroe","operator":"Gaelectric Developments/ CGN Europe Energy","repd_ref":"4653","repd_technology":"Wind Onshore","status":"Operational","technology":"wind_onshore"},"type":"Feature"},{"geometry":{"coordinates":[-2.5344796,55.9264137],"type":"Point"},"id":"GG2050-REPD-4215","properties":{"capacity_mw":13.8,"gg_project_id":"GG2050-REPD-4215","name":"Crystal Rig Wind Farm Phase III","operator":"Fred Olsen Renewables","repd_ref":"4215","repd_technology":"Wind Onshore","status":"Operational","technology":"wind_onshore"},"type":"Feature"},{"geometry":{"coordinates":[-7.2136144,54.8837953],"type":"Point"},"id":"GG2050-REPD-4264","properties":{"capacity_mw":13.8,"gg_project_id":"GG2050-REPD-4264","name":"Eglish Mountain","operator":"ESB (Northern Wind Power)","repd_ref":"4264","repd_technology":"Wind Onshore","status":"Operational","technology":"wind_onshore"},"type":"Feature"},{"geometry":{"coordinates":[-3.333869,55.1070924],"type":"Point"},"id":"GG2050-REPD-4015","properties":{"capacity_mw":13.8,"gg_project_id":"GG2050-REPD-4015","name":"Ewe Hill","operator":"Scottish Power Renewables","repd_ref":"4015","repd_technology":"Wind Onshore","status":"Operational","technology":"wind_onshore"},"type":"Feature"},{"geometry":{"coordinates":[-5.9382059,54.9158883],"type":"Point"},"id":"GG2050-REPD-4237","properties":{"capacity_mw":13.8,"gg_project_id":"GG2050-REPD-4237","name":"Feystown Wind Farm","operator":"ABO Wind NI","repd_ref":"4237","repd_technology":"Wind Onshore","status":"Appeal Refused","technology":"wind_onshore"},"type":"Feature"},{"geometry":{"coordinates":[-7.0096064,54.5668965],"type":"Point"},"id":"GG2050-REPD-4245","properties":{"capacity_mw":13.8,"gg_project_id":"GG2050-REPD-4245","name":"Inishative","operator":"Gaelectric Developments/ CGN Europe Energy","repd_ref":"4245","repd_technology":"Wind Onshore","status":"Operational","technology":"wind_onshore"},"type":"Feature"},{"geometry":{"coordinates":[0.6873907,52.8840836],"type":"Point"},"id":"GG2050-REPD-4649","properties":{"capacity_mw":13.8,"gg_project_id":"GG2050-REPD-4649","name":"Jack's Lane Wind Farm","operator":"Aviva","repd_ref":"4649","repd_technology":"Wind Onshore","status":"Operational","technology":"wind_onshore"},"type":"Feature"},{"geometry":{"coordinates":[-2.822274,56.3426412],"type":"Point"},"id":"GG2050-REPD-4635","properties":{"capacity_mw":13.8,"gg_project_id":"GG2050-REPD-4635","name":"Kenly Wind Farm (University of St Andrew's)","operator":"University of St Andrews","repd_ref":"4635","repd_technology":"Wind Onshore","status":"Revised","technology":"wind_onshore"},"type":"Feature"},{"geometry":{"coordinates":[-7.3712622,54.8023447],"type":"Point"},"id":"GG2050-REPD-4150","properties":{"capacity_mw":13.8,"gg_project_id":"GG2050-REPD-4150","name":"Koram Hill","operator":"WYG","repd_ref":"4150","repd_technology":"Wind Onshore","status":"Application Withdrawn","technology":"wind_onshore"},"type":"Feature"},{"geometry":{"coordinates":[-3.4197038,57.5381485],"type":"Point"},"id":"GG2050-REPD-4305","properties":{"capacity_mw":13.8,"gg_project_id":"GG2050-REPD-4305","name":"Meikle Hill wind farm","operator":"Brookfield Renewable Energy Group (PNE Wind UK)","repd_ref":"4305","repd_technology":"Wind Onshore","status":"Planning Permission Expired","technology":"wind_onshore"},"type":"Feature"},{"geometry":{"coordinates":[-3.0430842,56.6680426],"type":"Point"},"id":"GG2050-REPD-2703","properties":{"capacity_mw":13.8,"gg_project_id":"GG2050-REPD-2703","name":"Mile Hill","operator":"Airtricity Developments","repd_ref":"2703","repd_technology":"Wind Onshore","status":"Application Withdrawn","technology":"wind_onshore"},"type":"Feature"},{"geometry":{"coordinates":[1.3934338,52.19838],"type":"Point"},"id":"GG2050-REPD-3262","properties":{"capacity_mw":13.8,"gg_project_id":"GG2050-REPD-3262","name":"Parham Airfield (wind)","operator":"Your Energy","repd_ref":"3262","repd_technology":"Wind Onshore","status":"Abandoned","technology":"wind_onshore"},"type":"Feature"},{"geometry":{"coordinates":[-6.5107738,58.2571975],"type":"Point"},"id":"GG2050-REPD-4063","properties":{"capacity_mw":13.8,"gg_project_id":"GG2050-REPD-4063","name":"Pentland Road Wind Farm","operator":"Arnish Electric Ltd / Farm Energy Ltd","repd_ref":"4063","repd_technology":"Wind Onshore","status":"Operational","technology":"wind_onshore"},"type":"Feature"},{"geometry":{"coordinates":[-6.3000047,54.6333317],"type":"Point"},"id":"GG2050-REPD-4108","properties":{"capacity_mw":13.8,"gg_project_id":"GG2050-REPD-4108","name":"Seegronan","operator":"Seegronan Windfarm","repd_ref":"4108","repd_technology":"Wind Onshore","status":"Operational","technology":"wind_onshore"},"type":"Feature"},{"geometry":{"coordinates":[-6.6153978,54.2094172],"type":"Point"},"id":"GG2050-REPD-6188","properties":{"capacity_mw":13.8,"gg_project_id":"GG2050-REPD-6188","name":"Tullyneil","operator":"Gaelectric","repd_ref":"6188","repd_technology":"Wind Onshore","status":"Application Withdrawn","technology":"wind_onshore"},"type":"Feature"},{"geometry":{"coordinates":[-2.1116592,53.6681458],"type":"Point"},"id":"GG2050-REPD-4354","properties":{"capacity_mw":13.6,"gg_project_id":"GG2050-REPD-4354","name":"Crook Hill (Calderdale MBC) 1 of 2","operator":"Infrared Capital Partners","repd_ref":"4354","repd_technology":"Wind Onshore","status":"Operational","technology":"wind_onshore"},"type":"Feature"},{"geometry":{"coordinates":[-5.5927586,55.3490269],"type":"Point"},"id":"GG2050-REPD-3012","properties":{"capacity_mw":13.6,"gg_project_id":"GG2050-REPD-3012","name":"Kilchattan","operator":"Wind Prospect & Ridgewind","repd_ref":"3012","repd_technology":"Wind Onshore","status":"Appeal Refused","technology":"wind_onshore"},"type":"Feature"},{"geometry":{"coordinates":[-3.5040973,51.6805802],"type":"Point"},"id":"GG2050-REPD-4198","properties":{"capacity_mw":13.5,"gg_project_id":"GG2050-REPD-4198","name":"Abergorki Wind Farm","operator":"Thrive Renewables","repd_ref":"4198","repd_technology":"Wind Onshore","status":"Awaiting Construction","technology":"wind_onshore"},"type":"Feature"},{"geometry":{"coordinates":[-3.7067187,51.7363214],"type":"Point"},"id":"GG2050-REPD-3974","properties":{"capacity_mw":13.5,"gg_project_id":"GG2050-REPD-3974","name":"Dulais Valley","operator":"Acciona Energy","repd_ref":"3974","repd_technology":"Wind Onshore","status":"Application Refused","technology":"wind_onshore"},"type":"Feature"},{"geometry":{"coordinates":[-3.8181145,55.876858],"type":"Point"},"id":"GG2050-REPD-5348","properties":{"capacity_mw":13.2,"gg_project_id":"GG2050-REPD-5348","name":"Forrestfield Wind Farm","operator":"West Cost Energy","repd_ref":"5348","repd_technology":"Wind Onshore","status":"Application Submitted","technology":"wind_onshore"},"type":"Feature"},{"geometry":{"coordinates":[-3.3284978,58.3465715],"type":"Point"},"id":"GG2050-REPD-20387","properties":{"capacity_mw":13.2,"gg_project_id":"GG2050-REPD-20387","name":"Golticlay Wind Farm 2","operator":"RWE Renewables UK Limited","repd_ref":"20387","repd_technology":"Wind Onshore","status":"No Application Required","technology":"wind_onshore"},"type":"Feature"},{"geometry":{"coordinates":[-2.9153425,55.0095713],"type":"Point"},"id":"GG2050-REPD-4316","properties":{"capacity_mw":13.2,"gg_project_id":"GG2050-REPD-4316","name":"Hallburn Farm","operator":"REG Windpower/ BlackRock","repd_ref":"4316","repd_technology":"Wind Onshore","status":"Operational","technology":"wind_onshore"},"type":"Feature"},{"geometry":{"coordinates":[-4.1262828,55.3628046],"type":"Point"},"id":"GG2050-REPD-2711","properties":{"capacity_mw":13.2,"gg_project_id":"GG2050-REPD-2711","name":"Hare Hill (East Ayrshire)","operator":"Scottish Power Renewables","repd_ref":"2711","repd_technology":"Wind Onshore","status":"Operational","technology":"wind_onshore"},"type":"Feature"},{"geometry":{"coordinates":[-3.4433541,58.2999385],"type":"Point"},"id":"GG2050-REPD-3126","properties":{"capacity_mw":13.0,"gg_project_id":"GG2050-REPD-3126","name":"Boulfruich","operator":"Private Developer","repd_ref":"3126","repd_technology":"Wind Onshore","status":"Operational","technology":"wind_onshore"},"type":"Feature"},{"geometry":{"coordinates":[-0.909946,52.3504878],"type":"Point"},"id":"GG2050-REPD-3066","properties":{"capacity_mw":13.0,"gg_project_id":"GG2050-REPD-3066","name":"Brixworth Windfarm","operator":"Bolsterstone Plc","repd_ref":"3066","repd_technology":"Wind Onshore","status":"Application Withdrawn","technology":"wind_onshore"},"type":"Feature"},{"geometry":{"coordinates":[-4.8880142,55.7359911],"type":"Point"},"id":"GG2050-REPD-4609","properties":{"capacity_mw":13.0,"gg_project_id":"GG2050-REPD-4609","name":"Hunterston Test Centre","operator":"Scottish Enterprise/SSE","repd_ref":"4609","repd_technology":"Wind Onshore","status":"Decommissioned","technology":"wind_onshore"},"type":"Feature"},{"geometry":{"coordinates":[-3.6084909,56.2765039],"type":"Point"},"id":"GG2050-REPD-3273","properties":{"capacity_mw":13.0,"gg_project_id":"GG2050-REPD-3273","name":"Snowgoat Glen Wind Farm II","operator":"RWE npower","repd_ref":"3273","repd_technology":"Wind Onshore","status":"Application Refused","technology":"wind_onshore"},"type":"Feature"},{"geometry":{"coordinates":[-5.0256761,51.6819805],"type":"Point"},"id":"GG2050-REPD-10084","properties":{"capacity_mw":12.9,"gg_project_id":"GG2050-REPD-10084","name":"Rhoscrowther - Turbine Wind Farm","operator":"Rhoscrowther Wind Farm Limited","repd_ref":"10084","repd_technology":"Wind Onshore","status":"Application Refused","technology":"wind_onshore"},"type":"Feature"},{"geometry":{"coordinates":[-5.6665847,55.4952909],"type":"Point"},"id":"GG2050-REPD-3467","properties":{"capacity_mw":12.8,"gg_project_id":"GG2050-REPD-3467","name":"Tangy Wind Farm/Tangy 1","operator":"Border Wind / Scottish and Southern (SSE)","repd_ref":"3467","repd_technology":"Wind Onshore","status":"Operational","technology":"wind_onshore"},"type":"Feature"},{"geometry":{"coordinates":[-7.1448931,54.945872],"type":"Point"},"id":"GG2050-REPD-4565","properties":{"capacity_mw":12.6,"gg_project_id":"GG2050-REPD-4565","name":"Barr Cregg Wind Farm","operator":"Renewable Energy Systems (RES)","repd_ref":"4565","repd_technology":"Wind Onshore","status":"Awaiting Construction","technology":"wind_onshore"},"type":"Feature"},{"geometry":{"coordinates":[-4.4917508,58.2183891],"type":"Point"},"id":"GG2050-REPD-11376","properties":{"capacity_mw":12.6,"gg_project_id":"GG2050-REPD-11376","name":"Creag Riabhach Wind Farm Extension & Battery Storage","operator":"Creag Riabhach Wind Farm Limited","repd_ref":"11376","repd_technology":"Wind Onshore","status":"Awaiting Construction","technology":"wind_onshore"},"type":"Feature"},{"geometry":{"coordinates":[-3.8278911,55.8498433],"type":"Point"},"id":"GG2050-REPD-9727","properties":{"capacity_mw":12.6,"gg_project_id":"GG2050-REPD-9727","name":"Forrest Road, Salsburgh - Wind Farm","operator":"Wind Estate (UK) Ltd","repd_ref":"9727","repd_technology":"Wind Onshore","status":"Revised","technology":"wind_onshore"},"type":"Feature"},{"geometry":{"coordinates":[-3.959661,54.8568536],"type":"Point"},"id":"GG2050-REPD-4515","properties":{"capacity_mw":12.5,"gg_project_id":"GG2050-REPD-4515","name":"Barcloy Hill Wind Farm","operator":"Renewable Energy Systems (RES)","repd_ref":"4515","repd_technology":"Wind Onshore","status":"Appeal Refused","technology":"wind_onshore"},"type":"Feature"},{"geometry":{"coordinates":[-2.173889,53.9708481],"type":"Point"},"id":"GG2050-REPD-3069","properties":{"capacity_mw":12.5,"gg_project_id":"GG2050-REPD-3069","name":"Brightenber Hill","operator":"Energiekontor UK","repd_ref":"3069","repd_technology":"Wind Onshore","status":"Revised","technology":"wind_onshore"},"type":"Feature"},{"geometry":{"coordinates":[-0.5365965,52.3011849],"type":"Point"},"id":"GG2050-REPD-3946","properties":{"capacity_mw":12.5,"gg_project_id":"GG2050-REPD-3946","name":"Chelveston Renewable Energy Park Wind Farm (East Northamptonshire)","operator":"Chelveston Renewable Energy","repd_ref":"3946","repd_technology":"Wind Onshore","status":"Operational","technology":"wind_onshore"},"type":"Feature"},{"geometry":{"coordinates":[-6.7655178,55.0763501],"type":"Point"},"id":"GG2050-REPD-4559","properties":{"capacity_mw":12.5,"gg_project_id":"GG2050-REPD-4559","name":"Croaghan","operator":"North Power Croaghan Ltd","repd_ref":"4559","repd_technology":"Wind Onshore","status":"Application Withdrawn","technology":"wind_onshore"},"type":"Feature"},{"geometry":{"coordinates":[-7.0494041,54.5688914],"type":"Point"},"id":"GG2050-REPD-4320","properties":{"capacity_mw":12.5,"gg_project_id":"GG2050-REPD-4320","name":"Crockdun","operator":"ESB (Northern Wind Power)","repd_ref":"4320","repd_technology":"Wind Onshore","status":"Operational","technology":"wind_onshore"},"type":"Feature"},{"geometry":{"coordinates":[-3.044075,56.2397295],"type":"Point"},"id":"GG2050-REPD-2760","properties":{"capacity_mw":12.5,"gg_project_id":"GG2050-REPD-2760","name":"Devon Wood","operator":"East Fife Wind Energy","repd_ref":"2760","repd_technology":"Wind Onshore","status":"Appeal Refused","technology":"wind_onshore"},"type":"Feature"},{"geometry":{"coordinates":[-2.8879389,56.5443201],"type":"Point"},"id":"GG2050-REPD-3347","properties":{"capacity_mw":12.5,"gg_project_id":"GG2050-REPD-3347","name":"Dodd Hill","operator":"West Coast Energy","repd_ref":"3347","repd_technology":"Wind Onshore","status":"Appeal Refused","technology":"wind_onshore"},"type":"Feature"},{"geometry":{"coordinates":[-2.4827608,57.461922],"type":"Point"},"id":"GG2050-REPD-3666","properties":{"capacity_mw":12.5,"gg_project_id":"GG2050-REPD-3666","name":"Gordonstown Hill Wind Farm","operator":"Ventient (formerly Infinis)","repd_ref":"3666","repd_technology":"Wind Onshore","status":"Operational","technology":"wind_onshore"},"type":"Feature"},{"geometry":{"coordinates":[-0.0878029,52.056447],"type":"Point"},"id":"GG2050-REPD-4380","properties":{"capacity_mw":12.5,"gg_project_id":"GG2050-REPD-4380","name":"Highfield Wind Farm","operator":"Highfield Wind Energy Limited","repd_ref":"4380","repd_technology":"Wind Onshore","status":"Appeal Withdrawn","technology":"wind_onshore"},"type":"Feature"},{"geometry":{"coordinates":[-0.959765,52.4028388],"type":"Point"},"id":"GG2050-REPD-4084","properties":{"capacity_mw":12.5,"gg_project_id":"GG2050-REPD-4084","name":"Kelmarsh Wind Farm (Resubmission)","operator":"Blue Energy","repd_ref":"4084","repd_technology":"Wind Onshore","status":"Operational","technology":"wind_onshore"},"type":"Feature"},{"geometry":{"coordinates":[-2.789756,56.2720993],"type":"Point"},"id":"GG2050-REPD-3844","properties":{"capacity_mw":12.5,"gg_project_id":"GG2050-REPD-3844","name":"Lingo Wind Farm","operator":"Lingo Wind Energy Ltd","repd_ref":"3844","repd_technology":"Wind Onshore","status":"Appeal Refused","technology":"wind_onshore"},"type":"Feature"},{"geometry":{"coordinates":[-0.2897717,53.9987073],"type":"Point"},"id":"GG2050-REPD-4298","properties":{"capacity_mw":12.5,"gg_project_id":"GG2050-REPD-4298","name":"Lissett Airfield Wind Farm Extension","operator":"Energiekontor UK","repd_ref":"4298","repd_technology":"Wind Onshore","status":"Appeal Withdrawn","technology":"wind_onshore"},"type":"Feature"},{"geometry":{"coordinates":[-3.8472387,51.7784013],"type":"Point"},"id":"GG2050-REPD-3211","properties":{"capacity_mw":12.5,"gg_project_id":"GG2050-REPD-3211","name":"Mynydd Y Gwrhyd Windfarm","operator":"Awel Aman Tawe","repd_ref":"3211","repd_technology":"Wind Onshore","status":"Revised","technology":"wind_onshore"},"type":"Feature"},{"geometry":{"coordinates":[-3.4988091,56.1372927],"type":"Point"},"id":"GG2050-REPD-4608","properties":{"capacity_mw":12.5,"gg_project_id":"GG2050-REPD-4608","name":"Outh Muir Wind Farm","operator":"REG Windpower","repd_ref":"4608","repd_technology":"Wind Onshore","status":"Appeal Refused","technology":"wind_onshore"},"type":"Feature"},{"geometry":{"coordinates":[-1.3205701,54.646767],"type":"Point"},"id":"GG2050-REPD-4415","properties":{"capacity_mw":12.5,"gg_project_id":"GG2050-REPD-4415","name":"Red Gap Moor Wind Farm","operator":"Capital Dynamics","repd_ref":"4415","repd_technology":"Wind Onshore","status":"Operational","technology":"wind_onshore"},"type":"Feature"},{"geometry":{"coordinates":[-1.5284877,53.150982],"type":"Point"},"id":"GG2050-REPD-2705","properties":{"capacity_mw":12.5,"gg_project_id":"GG2050-REPD-2705","name":"Rushley Lodge Farm","operator":"Derbyshire wind Energy","repd_ref":"2705","repd_technology":"Wind Onshore","status":"Appeal Refused","technology":"wind_onshore"},"type":"Feature"},{"geometry":{"coordinates":[0.2714476,50.8276326],"type":"Point"},"id":"GG2050-REPD-3725","properties":{"capacity_mw":12.5,"gg_project_id":"GG2050-REPD-3725","name":"Shepham Lane","operator":"Galliford Try Renewables (GTR)","repd_ref":"3725","repd_technology":"Wind Onshore","status":"Revised","technology":"wind_onshore"},"type":"Feature"},{"geometry":{"coordinates":[-0.7997748,53.795218],"type":"Point"},"id":"GG2050-REPD-3700","properties":{"capacity_mw":12.5,"gg_project_id":"GG2050-REPD-3700","name":"Spaldington Airfield","operator":"Falck Renewables","repd_ref":"3700","repd_technology":"Wind Onshore","status":"Operational","technology":"wind_onshore"},"type":"Feature"},{"geometry":{"coordinates":[-5.03962,50.3210571],"type":"Point"},"id":"GG2050-REPD-3484","properties":{"capacity_mw":12.5,"gg_project_id":"GG2050-REPD-3484","name":"Truthan Barton Wind Farm","operator":"Coronation Power","repd_ref":"3484","repd_technology":"Wind Onshore","status":"Appeal Refused","technology":"wind_onshore"},"type":"Feature"},{"geometry":{"coordinates":[-1.4532896,50.6824816],"type":"Point"},"id":"GG2050-REPD-3755","properties":{"capacity_mw":12.5,"gg_project_id":"GG2050-REPD-3755","name":"Vectis wind farm","operator":"Infinergy","repd_ref":"3755","repd_technology":"Wind Onshore","status":"Application Refused","technology":"wind_onshore"},"type":"Feature"},{"geometry":{"coordinates":[-1.1069419,52.3265176],"type":"Point"},"id":"GG2050-REPD-4424","properties":{"capacity_mw":12.5,"gg_project_id":"GG2050-REPD-4424","name":"Watford Lodge","operator":"Broadview Energy","repd_ref":"4424","repd_technology":"Wind Onshore","status":"Operational","technology":"wind_onshore"},"type":"Feature"},{"geometry":{"coordinates":[-2.2962062,50.7621794],"type":"Point"},"id":"GG2050-REPD-3318","properties":{"capacity_mw":12.5,"gg_project_id":"GG2050-REPD-3318","name":"West Dorset Wind Farm","operator":"West Coast Energy","repd_ref":"3318","repd_technology":"Wind Onshore","status":"Revised","technology":"wind_onshore"},"type":"Feature"},{"geometry":{"coordinates":[-2.2940935,50.7576434],"type":"Point"},"id":"GG2050-REPD-4428","properties":{"capacity_mw":12.5,"gg_project_id":"GG2050-REPD-4428","name":"West Dorset Wind Farm","operator":"West Dorset Wind Energy","repd_ref":"4428","repd_technology":"Wind Onshore","status":"Application Withdrawn","technology":"wind_onshore"},"type":"Feature"},{"geometry":{"coordinates":[-2.6915118,57.4511045],"type":"Point"},"id":"GG2050-REPD-3200","properties":{"capacity_mw":12.3,"gg_project_id":"GG2050-REPD-3200","name":"Dummuie","operator":"Tetro Energy Ltd (ECO2)","repd_ref":"3200","repd_technology":"Wind Onshore","status":"Operational","technology":"wind_onshore"},"type":"Feature"},{"geometry":{"coordinates":[-0.7001214,53.6379185],"type":"Point"},"id":"GG2050-REPD-4069","properties":{"capacity_mw":12.3,"gg_project_id":"GG2050-REPD-4069","name":"Grange","operator":"Octopus Investements/Blue Energy","repd_ref":"4069","repd_technology":"Wind Onshore","status":"Operational","technology":"wind_onshore"},"type":"Feature"},{"geometry":{"coordinates":[-1.646496,53.0924674],"type":"Point"},"id":"GG2050-REPD-4276","properties":{"capacity_mw":12.3,"gg_project_id":"GG2050-REPD-4276","name":"Griffe Grange Wind Farm","operator":"Njord Energy Ltd","repd_ref":"4276","repd_technology":"Wind Onshore","status":"Appeal Refused","technology":"wind_onshore"},"type":"Feature"},{"geometry":{"coordinates":[-2.7249907,56.3097814],"type":"Point"},"id":"GG2050-REPD-6082","properties":{"capacity_mw":12.3,"gg_project_id":"GG2050-REPD-6082","name":"Kenly Wind Farm","operator":"University of St Andrews","repd_ref":"6082","repd_technology":"Wind Onshore","status":"Awaiting Construction","technology":"wind_onshore"},"type":"Feature"},{"geometry":{"coordinates":[-3.5857655,55.7669349],"type":"Point"},"id":"GG2050-REPD-4683","properties":{"capacity_mw":12.3,"gg_project_id":"GG2050-REPD-4683","name":"Muirhall","operator":"Lomond Energy","repd_ref":"4683","repd_technology":"Wind Onshore","status":"Operational","technology":"wind_onshore"},"type":"Feature"},{"geometry":{"coordinates":[-2.1590031,53.7006293],"type":"Point"},"id":"GG2050-REPD-4419","properties":{"capacity_mw":12.3,"gg_project_id":"GG2050-REPD-4419","name":"Todmorden Moor","operator":"Todmorden Moor Wind Farm Ltd","repd_ref":"4419","repd_technology":"Wind Onshore","status":"Operational","technology":"wind_onshore"},"type":"Feature"},{"geometry":{"coordinates":[-1.0622385,52.3657474],"type":"Point"},"id":"GG2050-REPD-4164","properties":{"capacity_mw":12.3,"gg_project_id":"GG2050-REPD-4164","name":"Winwick","operator":"Blue Energy","repd_ref":"4164","repd_technology":"Wind Onshore","status":"Operational","technology":"wind_onshore"},"type":"Feature"},{"geometry":{"coordinates":[-7.6535472,54.4570488],"type":"Point"},"id":"GG2050-REPD-3599","properties":{"capacity_mw":12.1,"gg_project_id":"GG2050-REPD-3599","name":"Carricknabrattoge","operator":"Wind Developments","repd_ref":"3599","repd_technology":"Wind Onshore","status":"Application Withdrawn","technology":"wind_onshore"},"type":"Feature"},{"geometry":{"coordinates":[-2.6388196,54.27605],"type":"Point"},"id":"GG2050-REPD-3986","properties":{"capacity_mw":12.0,"gg_project_id":"GG2050-REPD-3986","name":"Armistead Wind Farm","operator":"Banks Renewables","repd_ref":"3986","repd_technology":"Wind Onshore","status":"Operational","technology":"wind_onshore"},"type":"Feature"},{"geometry":{"coordinates":[-2.6567419,53.2919305],"type":"Point"},"id":"GG2050-REPD-3967","properties":{"capacity_mw":12.0,"gg_project_id":"GG2050-REPD-3967","name":"Aston Grange Farm","operator":"Tegni Cymru","repd_ref":"3967","repd_technology":"Wind Onshore","status":"Appeal Refused","technology":"wind_onshore"},"type":"Feature"},{"geometry":{"coordinates":[0.2554275,53.1361128],"type":"Point"},"id":"GG2050-REPD-4180","properties":{"capacity_mw":12.0,"gg_project_id":"GG2050-REPD-4180","name":"Bank House Farm","operator":"REG Windpower","repd_ref":"4180","repd_technology":"Wind Onshore","status":"Application Withdrawn","technology":"wind_onshore"},"type":"Feature"},{"geometry":{"coordinates":[-6.8785297,54.6899972],"type":"Point"},"id":"GG2050-REPD-4998","properties":{"capacity_mw":12.0,"gg_project_id":"GG2050-REPD-4998","name":"Beltonanean Wind Farm","operator":"Island Renewable Energy","repd_ref":"4998","repd_technology":"Wind Onshore","status":"Appeal Withdrawn","technology":"wind_onshore"},"type":"Feature"},{"geometry":{"coordinates":[-3.6180333,50.9817774],"type":"Point"},"id":"GG2050-REPD-3051","properties":{"capacity_mw":12.0,"gg_project_id":"GG2050-REPD-3051","name":"Bickham Moor Wind Farm","operator":"Coronation Power Limited","repd_ref":"3051","repd_technology":"Wind Onshore","status":"Appeal Refused","technology":"wind_onshore"},"type":"Feature"},{"geometry":{"coordinates":[-2.2126475,50.8016594],"type":"Point"},"id":"GG2050-REPD-4344","properties":{"capacity_mw":12.0,"gg_project_id":"GG2050-REPD-4344","name":"Blandford Hill Wind Farm","operator":"REG Windpower","repd_ref":"4344","repd_technology":"Wind Onshore","status":"Application Refused","technology":"wind_onshore"},"type":"Feature"},{"geometry":{"coordinates":[-6.3958217,55.1184923],"type":"Point"},"id":"GG2050-REPD-4143","properties":{"capacity_mw":12.0,"gg_project_id":"GG2050-REPD-4143","name":"Cloonty Wind Farm","operator":"Gaelectric Developments/ CGN Europe Energy","repd_ref":"4143","repd_technology":"Wind Onshore","status":"Operational","technology":"wind_onshore"},"type":"Feature"},{"geometry":{"coordinates":[0.1067778,52.8361683],"type":"Point"},"id":"GG2050-REPD-3133","properties":{"capacity_mw":12.0,"gg_project_id":"GG2050-REPD-3133","name":"Gedney Marsh","operator":"Wind Prospect","repd_ref":"3133","repd_technology":"Wind Onshore","status":"Operational","technology":"wind_onshore"},"type":"Feature"},{"geometry":{"coordinates":[-0.1088028,52.5185614],"type":"Point"},"id":"GG2050-REPD-3765","properties":{"capacity_mw":12.0,"gg_project_id":"GG2050-REPD-3765","name":"Glass moor Extension","operator":"EDF/China General Nuclear Power Corporation","repd_ref":"3765","repd_technology":"Wind Onshore","status":"Operational","technology":"wind_onshore"},"type":"Feature"},{"geometry":{"coordinates":[-5.2002126,50.0503621],"type":"Point"},"id":"GG2050-REPD-3061","properties":{"capacity_mw":12.0,"gg_project_id":"GG2050-REPD-3061","name":"Goonhilly Downs Wind Farm Repower","operator":"REG Windpower (previously Cornwall Light & Power)","repd_ref":"3061","repd_technology":"Wind Onshore","status":"Operational","technology":"wind_onshore"},"type":"Feature"},{"geometry":{"coordinates":[1.0558985,52.8016778],"type":"Point"},"id":"GG2050-REPD-3193","properties":{"capacity_mw":12.0,"gg_project_id":"GG2050-REPD-3193","name":"Guestwick","operator":"Enertrag","repd_ref":"3193","repd_technology":"Wind Onshore","status":"Application Refused","technology":"wind_onshore"},"type":"Feature"},{"geometry":{"coordinates":[-2.9153425,55.0095713],"type":"Point"},"id":"GG2050-REPD-3737","properties":{"capacity_mw":12.0,"gg_project_id":"GG2050-REPD-3737","name":"Hallburn Farm","operator":"REG Wind Power","repd_ref":"3737","repd_technology":"Wind Onshore","status":"Revised","technology":"wind_onshore"},"type":"Feature"},{"geometry":{"coordinates":[-4.3216307,50.7145679],"type":"Point"},"id":"GG2050-REPD-4602","properties":{"capacity_mw":12.0,"gg_project_id":"GG2050-REPD-4602","name":"Hollow Panson Wind Farm","operator":"EDF Energy Renewables","repd_ref":"4602","repd_technology":"Wind Onshore","status":"Application Withdrawn","technology":"wind_onshore"},"type":"Feature"},{"geometry":{"coordinates":[-1.9143907,54.8859655],"type":"Point"},"id":"GG2050-REPD-3938","properties":{"capacity_mw":12.0,"gg_project_id":"GG2050-REPD-3938","name":"Kiln Pit Hill Windfarm","operator":"Npower Renewables","repd_ref":"3938","repd_technology":"Wind Onshore","status":"Operational","technology":"wind_onshore"},"type":"Feature"},{"geometry":{"coordinates":[-2.2749491,52.7329116],"type":"Point"},"id":"GG2050-REPD-3601","properties":{"capacity_mw":12.0,"gg_project_id":"GG2050-REPD-3601","name":"King's Street","operator":"Wind Prospect","repd_ref":"3601","repd_technology":"Wind Onshore","status":"Application Refused","technology":"wind_onshore"},"type":"Feature"},{"geometry":{"coordinates":[-3.3968384,56.0895618],"type":"Point"},"id":"GG2050-REPD-3816","properties":{"capacity_mw":12.0,"gg_project_id":"GG2050-REPD-3816","name":"Kingdom of Fife Community Wind Park","operator":"Atmos Consulting Ltd","repd_ref":"3816","repd_technology":"Wind Onshore","status":"Application Refused","technology":"wind_onshore"},"type":"Feature"},{"geometry":{"coordinates":[-3.7775028,51.7527344],"type":"Point"},"id":"GG2050-REPD-5817","properties":{"capacity_mw":12.0,"gg_project_id":"GG2050-REPD-5817","name":"Land South of Ystalyfera","operator":"West Coast Energy","repd_ref":"5817","repd_technology":"Wind Onshore","status":"Application Refused","technology":"wind_onshore"},"type":"Feature"},{"geometry":{"coordinates":[0.3067133,53.2496744],"type":"Point"},"id":"GG2050-REPD-3442","properties":{"capacity_mw":12.0,"gg_project_id":"GG2050-REPD-3442","name":"Langham Wind Farm","operator":"RWE Generation UK Plc","repd_ref":"3442","repd_technology":"Wind Onshore","status":"Appeal Refused","technology":"wind_onshore"},"type":"Feature"},{"geometry":{"coordinates":[-3.2974289,54.2093904],"type":"Point"},"id":"GG2050-REPD-4158","properties":{"capacity_mw":12.0,"gg_project_id":"GG2050-REPD-4158","name":"Langthwaite Farm","operator":"REG Windpower (previously Cornwall Light and Power)","repd_ref":"4158","repd_technology":"Wind Onshore","status":"Application Submitted","technology":"wind_onshore"},"type":"Feature"},{"geometry":{"coordinates":[-7.8073401,54.6927778],"type":"Point"},"id":"GG2050-REPD-4153","properties":{"capacity_mw":12.0,"gg_project_id":"GG2050-REPD-4153","name":"Meenakeeran","operator":"ESB (Northern Wind Power)","repd_ref":"4153","repd_technology":"Wind Onshore","status":"Planning Permission Expired","technology":"wind_onshore"},"type":"Feature"},{"geometry":{"coordinates":[-2.9056252,57.476715],"type":"Point"},"id":"GG2050-REPD-4191","properties":{"capacity_mw":12.0,"gg_project_id":"GG2050-REPD-4191","name":"Meikleton Wind Farm","operator":"Burcote Wind","repd_ref":"4191","repd_technology":"Wind Onshore","status":"Revised","technology":"wind_onshore"},"type":"Feature"},{"geometry":{"coordinates":[-2.2431109,57.4276159],"type":"Point"},"id":"GG2050-REPD-3548","properties":{"capacity_mw":12.0,"gg_project_id":"GG2050-REPD-3548","name":"Methlick Farmers Wind Energy Project","operator":"Orkney Sustainable Energy","repd_ref":"3548","repd_technology":"Wind Onshore","status":"Operational","technology":"wind_onshore"},"type":"Feature"},{"geometry":{"coordinates":[-4.3426165,55.7751375],"type":"Point"},"id":"GG2050-REPD-3702","properties":{"capacity_mw":12.0,"gg_project_id":"GG2050-REPD-3702","name":"Middleton Wind Farm","operator":"Scottish Power Renewables","repd_ref":"3702","repd_technology":"Wind Onshore","status":"Operational","technology":"wind_onshore"},"type":"Feature"},{"geometry":{"coordinates":[-7.134075,54.9791393],"type":"Point"},"id":"GG2050-REPD-4155","properties":{"capacity_mw":12.0,"gg_project_id":"GG2050-REPD-4155","name":"Monnaboy Wind Farm","operator":"Gaelectric Developments/ CGN Europe Energy","repd_ref":"4155","repd_technology":"Wind Onshore","status":"Operational","technology":"wind_onshore"},"type":"Feature"},{"geometry":{"coordinates":[-1.4972378,54.5746465],"type":"Point"},"id":"GG2050-REPD-4642","properties":{"capacity_mw":12.0,"gg_project_id":"GG2050-REPD-4642","name":"Moor House Wind Farm","operator":"Banks Renewables","repd_ref":"4642","repd_technology":"Wind Onshore","status":"Operational","technology":"wind_onshore"},"type":"Feature"},{"geometry":{"coordinates":[-2.7853766,55.6956573],"type":"Point"},"id":"GG2050-REPD-4086","properties":{"capacity_mw":12.0,"gg_project_id":"GG2050-REPD-4086","name":"Muircleugh Farm","operator":"Airvolution Energy","repd_ref":"4086","repd_technology":"Wind Onshore","status":"Revised","technology":"wind_onshore"},"type":"Feature"},{"geometry":{"coordinates":[-3.4496059,51.560369],"type":"Point"},"id":"GG2050-REPD-4194","properties":{"capacity_mw":12.0,"gg_project_id":"GG2050-REPD-4194","name":"Mynydd Portref Wind Farm extension","operator":"REG Windpower","repd_ref":"4194","repd_technology":"Wind Onshore","status":"Operational","technology":"wind_onshore"},"type":"Feature"},{"geometry":{"coordinates":[-0.2858521,52.8817849],"type":"Point"},"id":"GG2050-REPD-2714","properties":{"capacity_mw":12.0,"gg_project_id":"GG2050-REPD-2714","name":"Neslam Wind Farm","operator":"Cumbria Wind Farms","repd_ref":"2714","repd_technology":"Wind Onshore","status":"Application Withdrawn","technology":"wind_onshore"},"type":"Feature"},{"geometry":{"coordinates":[-3.5707214,51.6387854],"type":"Point"},"id":"GG2050-REPD-2631","properties":{"capacity_mw":12.0,"gg_project_id":"GG2050-REPD-2631","name":"Ogmore & Garw","operator":"AMEC","repd_ref":"2631","repd_technology":"Wind Onshore","status":"Application Refused","technology":"wind_onshore"},"type":"Feature"},{"geometry":{"coordinates":[-3.6565572,56.4153267],"type":"Point"},"id":"GG2050-REPD-5151","properties":{"capacity_mw":12.0,"gg_project_id":"GG2050-REPD-5151","name":"Parks of Kellour Wind Farm","operator":"SRL","repd_ref":"5151","repd_technology":"Wind Onshore","status":"Application Refused","technology":"wind_onshore"},"type":"Feature"},{"geometry":{"coordinates":[-2.9160526,51.2577505],"type":"Point"},"id":"GG2050-REPD-4413","properties":{"capacity_mw":12.0,"gg_project_id":"GG2050-REPD-4413","name":"Pilrow","operator":"Broadview Energy Limited","repd_ref":"4413","repd_technology":"Wind Onshore","status":"Appeal Refused","technology":"wind_onshore"},"type":"Feature"},{"geometry":{"coordinates":[-1.3125027,53.687978],"type":"Point"},"id":"GG2050-REPD-3455","properties":{"capacity_mw":12.0,"gg_project_id":"GG2050-REPD-3455","name":"Pontefract Wind Farm","operator":"Banks Development","repd_ref":"3455","repd_technology":"Wind Onshore","status":"Appeal Refused","technology":"wind_onshore"},"type":"Feature"},{"geometry":{"coordinates":[-3.7823928,56.2042106],"type":"Point"},"id":"GG2050-REPD-4223","properties":{"capacity_mw":12.0,"gg_project_id":"GG2050-REPD-4223","name":"Rhodders Wind Farm","operator":"EDF/Wind Prospect","repd_ref":"4223","repd_technology":"Wind Onshore","status":"Operational","technology":"wind_onshore"},"type":"Feature"},{"geometry":{"coordinates":[-1.2581501,53.1981377],"type":"Point"},"id":"GG2050-REPD-4533","properties":{"capacity_mw":12.0,"gg_project_id":"GG2050-REPD-4533","name":"Roseland Community Wind Farm","operator":"Roseland Community Energy Trust","repd_ref":"4533","repd_technology":"Wind Onshore","status":"Application Refused","technology":"wind_onshore"},"type":"Feature"},{"geometry":{"coordinates":[-0.9217328,51.4164949],"type":"Point"},"id":"GG2050-REPD-3071","properties":{"capacity_mw":12.0,"gg_project_id":"GG2050-REPD-3071","name":"Rushy Mead (University of Reading)","operator":"Partnerships for Renewables/University of Reading","repd_ref":"3071","repd_technology":"Wind Onshore","status":"Application Refused","technology":"wind_onshore"},"type":"Feature"},{"geometry":{"coordinates":[-3.201145,55.7735787],"type":"Point"},"id":"GG2050-REPD-2765","properties":{"capacity_mw":12.0,"gg_project_id":"GG2050-REPD-2765","name":"Spurlens Rig Wind Cluster","operator":"Lomond Energy","repd_ref":"2765","repd_technology":"Wind Onshore","status":"Application Refused","technology":"wind_onshore"},"type":"Feature"},{"geometry":{"coordinates":[-3.7573204,55.8301219],"type":"Point"},"id":"GG2050-REPD-4257","properties":{"capacity_mw":12.0,"gg_project_id":"GG2050-REPD-4257","name":"Starryshaw Wind Farm","operator":"WilloWind Energy Ltd","repd_ref":"4257","repd_technology":"Wind Onshore","status":"Application Refused","technology":"wind_onshore"},"type":"Feature"},{"geometry":{"coordinates":[1.3149207,52.5070925],"type":"Point"},"id":"GG2050-REPD-4536","properties":{"capacity_mw":12.0,"gg_project_id":"GG2050-REPD-4536","name":"Streetwood Wind Farm","operator":"TCI Renewables","repd_ref":"4536","repd_technology":"Wind Onshore","status":"Application Refused","technology":"wind_onshore"},"type":"Feature"},{"geometry":{"coordinates":[0.680901,52.6627628],"type":"Point"},"id":"GG2050-REPD-2994","properties":{"capacity_mw":12.0,"gg_project_id":"GG2050-REPD-2994","name":"Swaffham Extension","operator":"Ecotricity","repd_ref":"2994","repd_technology":"Wind Onshore","status":"Application Refused","technology":"wind_onshore"},"type":"Feature"},{"geometry":{"coordinates":[-3.3595003,54.7068807],"type":"Point"},"id":"GG2050-REPD-4104","properties":{"capacity_mw":12.0,"gg_project_id":"GG2050-REPD-4104","name":"Tallentire Hill","operator":"The Renewables Infrastructure Group (TRIG)","repd_ref":"4104","repd_technology":"Wind Onshore","status":"Operational","technology":"wind_onshore"},"type":"Feature"},{"geometry":{"coordinates":[-0.3061539,54.0694116],"type":"Point"},"id":"GG2050-REPD-3823","properties":{"capacity_mw":12.0,"gg_project_id":"GG2050-REPD-3823","name":"Thornholme Wind Farm","operator":"Wind Prospect Developments","repd_ref":"3823","repd_technology":"Wind Onshore","status":"Appeal Refused","technology":"wind_onshore"},"type":"Feature"},{"geometry":{"coordinates":[-3.3040048,54.7399618],"type":"Point"},"id":"GG2050-REPD-3463","properties":{"capacity_mw":12.0,"gg_project_id":"GG2050-REPD-3463","name":"Threapland Lees","operator":"BT","repd_ref":"3463","repd_technology":"Wind Onshore","status":"Application Withdrawn","technology":"wind_onshore"},"type":"Feature"},{"geometry":{"coordinates":[0.3368486,51.4572869],"type":"Point"},"id":"GG2050-REPD-3982","properties":{"capacity_mw":12.0,"gg_project_id":"GG2050-REPD-3982","name":"Tilbury Docks","operator":"Scottish Equity Partners","repd_ref":"3982","repd_technology":"Wind Onshore","status":"Operational","technology":"wind_onshore"},"type":"Feature"},{"geometry":{"coordinates":[-3.862117,56.0324935],"type":"Point"},"id":"GG2050-REPD-3415","properties":{"capacity_mw":12.0,"gg_project_id":"GG2050-REPD-3415","name":"Tod Hill Farm Wind Turbines","operator":"Falkirk Tod Hill Wind Limited","repd_ref":"3415","repd_technology":"Wind Onshore","status":"Operational","technology":"wind_onshore"},"type":"Feature"},{"geometry":{"coordinates":[-3.7775028,51.7527344],"type":"Point"},"id":"GG2050-REPD-5788","properties":{"capacity_mw":12.0,"gg_project_id":"GG2050-REPD-5788","name":"Varteg Hill","operator":"Engie","repd_ref":"5788","repd_technology":"Wind Onshore","status":"Application Refused","technology":"wind_onshore"},"type":"Feature"},{"geometry":{"coordinates":[0.1716585,53.0957734],"type":"Point"},"id":"GG2050-REPD-3808","properties":{"capacity_mw":12.0,"gg_project_id":"GG2050-REPD-3808","name":"Wainfleet Wind Farm","operator":"RWE Npower Renewables","repd_ref":"3808","repd_technology":"Wind Onshore","status":"Application Withdrawn","technology":"wind_onshore"},"type":"Feature"},{"geometry":{"coordinates":[-3.3498677,54.7743038],"type":"Point"},"id":"GG2050-REPD-2961","properties":{"capacity_mw":12.0,"gg_project_id":"GG2050-REPD-2961","name":"Warwick Hall","operator":"Broadview Renewables","repd_ref":"2961","repd_technology":"Wind Onshore","status":"Application Refused","technology":"wind_onshore"},"type":"Feature"},{"geometry":{"coordinates":[-3.5233994,54.559734],"type":"Point"},"id":"GG2050-REPD-4127","properties":{"capacity_mw":12.0,"gg_project_id":"GG2050-REPD-4127","name":"Weddicar Rigg Wind Farm","operator":"Banks Renewables","repd_ref":"4127","repd_technology":"Wind Onshore","status":"Appeal Refused","technology":"wind_onshore"},"type":"Feature"},{"geometry":{"coordinates":[-1.4655798,50.6846159],"type":"Point"},"id":"GG2050-REPD-3115","properties":{"capacity_mw":12.0,"gg_project_id":"GG2050-REPD-3115","name":"Wellow Wind Farm","operator":"Your Energy","repd_ref":"3115","repd_technology":"Wind Onshore","status":"Application Refused","technology":"wind_onshore"},"type":"Feature"},{"geometry":{"coordinates":[-3.749311,58.1029762],"type":"Point"},"id":"GG2050-REPD-3293","properties":{"capacity_mw":12.0,"gg_project_id":"GG2050-REPD-3293","name":"West Garty Wind Farm","operator":"Micon Wind Turbines (UK) Ltd","repd_ref":"3293","repd_technology":"Wind Onshore","status":"Revised","technology":"wind_onshore"},"type":"Feature"},{"geometry":{"coordinates":[-2.2441418,53.7553132],"type":"Point"},"id":"GG2050-REPD-3499","properties":{"capacity_mw":12.0,"gg_project_id":"GG2050-REPD-3499","name":"White Hill","operator":"E.ON UK","repd_ref":"3499","repd_technology":"Wind Onshore","status":"Application Refused","technology":"wind_onshore"},"type":"Feature"},{"geometry":{"coordinates":[-4.2867777,55.677154],"type":"Point"},"id":"GG2050-REPD-4232","properties":{"capacity_mw":12.0,"gg_project_id":"GG2050-REPD-4232","name":"Whitelee Windfarm Extension Phase 3","operator":"Scottish Power Renewables","repd_ref":"4232","repd_technology":"Wind Onshore","status":"Appeal Refused","technology":"wind_onshore"},"type":"Feature"},{"geometry":{"coordinates":[-3.4632781,51.5943869],"type":"Point"},"id":"GG2050-REPD-2926","properties":{"capacity_mw":11.9,"gg_project_id":"GG2050-REPD-2926","name":"Trane Renewable Energy Park","operator":"Gamesa Energy","repd_ref":"2926","repd_technology":"Wind Onshore","status":"Application Withdrawn","technology":"wind_onshore"},"type":"Feature"},{"geometry":{"coordinates":[-6.9995546,54.9701896],"type":"Point"},"id":"GG2050-REPD-3244","properties":{"capacity_mw":11.7,"gg_project_id":"GG2050-REPD-3244","name":"Altahullion Phase II","operator":"B9 Energy / RES","repd_ref":"3244","repd_technology":"Wind Onshore","status":"Operational","technology":"wind_onshore"},"type":"Feature"},{"geometry":{"coordinates":[-3.7249757,53.1363419],"type":"Point"},"id":"GG2050-REPD-3172","properties":{"capacity_mw":11.7,"gg_project_id":"GG2050-REPD-3172","name":"Moel Maelogen A Phase 2","operator":"John Laing Environmental Assets Group","repd_ref":"3172","repd_technology":"Wind Onshore","status":"Operational","technology":"wind_onshore"},"type":"Feature"},{"geometry":{"coordinates":[0.2655624,53.1835091],"type":"Point"},"id":"GG2050-REPD-4406","properties":{"capacity_mw":11.7,"gg_project_id":"GG2050-REPD-4406","name":"Orby Windfarm","operator":"Mark Caudwell Ltd","repd_ref":"4406","repd_technology":"Wind Onshore","status":"Application Refused","technology":"wind_onshore"},"type":"Feature"},{"geometry":{"coordinates":[-6.2153028,54.9417999],"type":"Point"},"id":"GG2050-REPD-2990","properties":{"capacity_mw":11.7,"gg_project_id":"GG2050-REPD-2990","name":"Rathsherry","operator":"Wheel House Energy","repd_ref":"2990","repd_technology":"Wind Onshore","status":"Revised","technology":"wind_onshore"},"type":"Feature"},{"geometry":{"coordinates":[-6.0259333,54.6465641],"type":"Point"},"id":"GG2050-REPD-4902","properties":{"capacity_mw":11.5,"gg_project_id":"GG2050-REPD-4902","name":"Ballyutoag Wind Farm","operator":"BSI Wind (formerly TCI Renewables)","repd_ref":"4902","repd_technology":"Wind Onshore","status":"Awaiting Construction","technology":"wind_onshore"},"type":"Feature"},{"geometry":{"coordinates":[1.5311326,52.3664911],"type":"Point"},"id":"GG2050-REPD-3966","properties":{"capacity_mw":11.5,"gg_project_id":"GG2050-REPD-3966","name":"Bernard Matthews Wind Farm","operator":"Bernard Matthews","repd_ref":"3966","repd_technology":"Wind Onshore","status":"Application Withdrawn","technology":"wind_onshore"},"type":"Feature"},{"geometry":{"coordinates":[-3.3853773,54.7829806],"type":"Point"},"id":"GG2050-REPD-2933","properties":{"capacity_mw":11.5,"gg_project_id":"GG2050-REPD-2933","name":"Brownrigg Hall Wind Farm","operator":"Nuon Renewables","repd_ref":"2933","repd_technology":"Wind Onshore","status":"Application Refused","technology":"wind_onshore"},"type":"Feature"},{"geometry":{"coordinates":[-3.3332764,58.4578755],"type":"Point"},"id":"GG2050-REPD-3345","properties":{"capacity_mw":11.5,"gg_project_id":"GG2050-REPD-3345","name":"Cnoc Morail","operator":"Wpd Scotland Limited","repd_ref":"3345","repd_technology":"Wind Onshore","status":"Application Refused","technology":"wind_onshore"},"type":"Feature"},{"geometry":{"coordinates":[-4.8486268,56.0263653],"type":"Point"},"id":"GG2050-REPD-3081","properties":{"capacity_mw":11.5,"gg_project_id":"GG2050-REPD-3081","name":"Cove Community Wind Farm","operator":"Roseneath Peninsula West Community Development Trust","repd_ref":"3081","repd_technology":"Wind Onshore","status":"Application Withdrawn","technology":"wind_onshore"},"type":"Feature"},{"geometry":{"coordinates":[-3.1475846,54.2091406],"type":"Point"},"id":"GG2050-REPD-4177","properties":{"capacity_mw":11.5,"gg_project_id":"GG2050-REPD-4177","name":"Furness Wind Farm/High Winds (Harlock Repowering)","operator":"Baywind Co-op & Energy4All & Belltown Power","repd_ref":"4177","repd_technology":"Wind Onshore","status":"Operational","technology":"wind_onshore"},"type":"Feature"},{"geometry":{"coordinates":[-1.9795976,52.1461269],"type":"Point"},"id":"GG2050-REPD-3587","properties":{"capacity_mw":11.5,"gg_project_id":"GG2050-REPD-3587","name":"Lenchwick","operator":"Scottish Power Renewables","repd_ref":"3587","repd_technology":"Wind Onshore","status":"Application Refused","technology":"wind_onshore"},"type":"Feature"},{"geometry":{"coordinates":[-5.0256761,51.6819805],"type":"Point"},"id":"GG2050-REPD-4275","properties":{"capacity_mw":11.5,"gg_project_id":"GG2050-REPD-4275","name":"Rhoscrowther Wind Farm","operator":"Njord Energy","repd_ref":"4275","repd_technology":"Wind Onshore","status":"Revised","technology":"wind_onshore"},"type":"Feature"},{"geometry":{"coordinates":[0.0957872,53.6604043],"type":"Point"},"id":"GG2050-REPD-4176","properties":{"capacity_mw":11.5,"gg_project_id":"GG2050-REPD-4176","name":"Skeffling Wind Farm","operator":"BT - Wind for Change","repd_ref":"4176","repd_technology":"Wind Onshore","status":"Application Withdrawn","technology":"wind_onshore"},"type":"Feature"},{"geometry":{"coordinates":[-7.2889027,54.9203],"type":"Point"},"id":"GG2050-REPD-4220","properties":{"capacity_mw":11.5,"gg_project_id":"GG2050-REPD-4220","name":"Slieve Kirk Ext","operator":"Scottish and Southern Energy (SSE)","repd_ref":"4220","repd_technology":"Wind Onshore","status":"Planning Permission Expired","technology":"wind_onshore"},"type":"Feature"},{"geometry":{"coordinates":[-6.7596942,54.9954813],"type":"Point"},"id":"GG2050-REPD-4423","properties":{"capacity_mw":11.5,"gg_project_id":"GG2050-REPD-4423","name":"Upper Ballyrogan Wind Farm","operator":"TCI Renewables","repd_ref":"4423","repd_technology":"Wind Onshore","status":"Abandoned","technology":"wind_onshore"},"type":"Feature"},{"geometry":{"coordinates":[1.5311326,52.3664911],"type":"Point"},"id":"GG2050-REPD-4097","properties":{"capacity_mw":11.5,"gg_project_id":"GG2050-REPD-4097","name":"Upper Holton Wind Farm","operator":"Temporis Capital","repd_ref":"4097","repd_technology":"Wind Onshore","status":"Operational","technology":"wind_onshore"},"type":"Feature"},{"geometry":{"coordinates":[-3.6349775,55.419479],"type":"Point"},"id":"GG2050-REPD-4355","properties":{"capacity_mw":11.4,"gg_project_id":"GG2050-REPD-4355","name":"Crookedstane Farm","operator":"BayWa r.e. (formerly Forsa)","repd_ref":"4355","repd_technology":"Wind Onshore","status":"Planning Permission Expired","technology":"wind_onshore"},"type":"Feature"},{"geometry":{"coordinates":[-4.1311694,55.6100689],"type":"Point"},"id":"GG2050-REPD-12041","properties":{"capacity_mw":11.4,"gg_project_id":"GG2050-REPD-12041","name":"Dungavel House, IRC Muirkirk Road - Wind Farm","operator":"Clean Earth Energy Limited","repd_ref":"12041","repd_technology":"Wind Onshore","status":"Awaiting Construction","technology":"wind_onshore"},"type":"Feature"},{"geometry":{"coordinates":[0.0356186,53.6951274],"type":"Point"},"id":"GG2050-REPD-2662","properties":{"capacity_mw":11.4,"gg_project_id":"GG2050-REPD-2662","name":"Eastfield Farm Wind Farm","operator":"Renewable Energy Systems (RES)","repd_ref":"2662","repd_technology":"Wind Onshore","status":"Application Refused","technology":"wind_onshore"},"type":"Feature"},{"geometry":{"coordinates":[-3.6159324,55.3759843],"type":"Point"},"id":"GG2050-REPD-4394","properties":{"capacity_mw":11.4,"gg_project_id":"GG2050-REPD-4394","name":"Lion Hill Wind Farm (Crookedstane Farm 2)","operator":"BayWa r.e. (formerly Forsa)","repd_ref":"4394","repd_technology":"Wind Onshore","status":"Planning Permission Expired","technology":"wind_onshore"},"type":"Feature"},{"geometry":{"coordinates":[-2.2966918,57.6137178],"type":"Point"},"id":"GG2050-REPD-3762","properties":{"capacity_mw":11.3,"gg_project_id":"GG2050-REPD-3762","name":"Hill of Fishrie","operator":"Novera Energy","repd_ref":"3762","repd_technology":"Wind Onshore","status":"Application Refused","technology":"wind_onshore"},"type":"Feature"},{"geometry":{"coordinates":[-2.203138,55.6057417],"type":"Point"},"id":"GG2050-REPD-2600","properties":{"capacity_mw":11.2,"gg_project_id":"GG2050-REPD-2600","name":"Moneylaws Hill","operator":"ANGOLD ASSOCIATES","repd_ref":"2600","repd_technology":"Wind Onshore","status":"Application Withdrawn","technology":"wind_onshore"},"type":"Feature"},{"geometry":{"coordinates":[-2.6942486,59.2047511],"type":"Point"},"id":"GG2050-REPD-4036","properties":{"capacity_mw":11.0,"gg_project_id":"GG2050-REPD-4036","name":"Spurness Wind Farm","operator":"Scottish and Southern Energy (SSE)","repd_ref":"4036","repd_technology":"Wind Onshore","status":"Decommissioned","technology":"wind_onshore"},"type":"Feature"},{"geometry":{"coordinates":[-7.3985291,54.3031006],"type":"Point"},"id":"GG2050-REPD-4152","properties":{"capacity_mw":11.0,"gg_project_id":"GG2050-REPD-4152","name":"Teiges","operator":"Energia","repd_ref":"4152","repd_technology":"Wind Onshore","status":"Operational","technology":"wind_onshore"},"type":"Feature"},{"geometry":{"coordinates":[-0.1568259,51.3925021],"type":"Point"},"id":"GG2050-REPD-4037","properties":{"capacity_mw":11.0,"gg_project_id":"GG2050-REPD-4037","name":"Willow Lane Wind Turbines","operator":"Chancerygate","repd_ref":"4037","repd_technology":"Wind Onshore","status":"Abandoned","technology":"wind_onshore"},"type":"Feature"},{"geometry":{"coordinates":[-5.4773713,55.9334352],"type":"Point"},"id":"GG2050-REPD-3758","properties":{"capacity_mw":10.8,"gg_project_id":"GG2050-REPD-3758","name":"Allt Dearg Wind Farmers LLP","operator":"Ormsary and Stronachullin Estates (Allt Dearg Wind Farmers LLP)","repd_ref":"3758","repd_technology":"Wind Onshore","status":"Operational","technology":"wind_onshore"},"type":"Feature"},{"geometry":{"coordinates":[-3.7599669,56.2091147],"type":"Point"},"id":"GG2050-REPD-6324","properties":{"capacity_mw":10.8,"gg_project_id":"GG2050-REPD-6324","name":"Burnfoot East Wind Farm (further extension)","operator":"Wind Prospect Developments","repd_ref":"6324","repd_technology":"Wind Onshore","status":"Operational","technology":"wind_onshore"},"type":"Feature"},{"geometry":{"coordinates":[0.5368179,52.8865065],"type":"Point"},"id":"GG2050-REPD-3154","properties":{"capacity_mw":10.8,"gg_project_id":"GG2050-REPD-3154","name":"Sedgeford","operator":"Ecotricity","repd_ref":"3154","repd_technology":"Wind Onshore","status":"Application Withdrawn","technology":"wind_onshore"},"type":"Feature"},{"geometry":{"coordinates":[-2.0368544,53.5910196],"type":"Point"},"id":"GG2050-REPD-3221","properties":{"capacity_mw":10.5,"gg_project_id":"GG2050-REPD-3221","name":"Denshaw Windfarm","operator":"E. ON UK Renewables","repd_ref":"3221","repd_technology":"Wind Onshore","status":"Application Refused","technology":"wind_onshore"},"type":"Feature"},{"geometry":{"coordinates":[-3.7194344,58.116858],"type":"Point"},"id":"GG2050-REPD-3569","properties":{"capacity_mw":10.5,"gg_project_id":"GG2050-REPD-3569","name":"Gartymore Wind Farm","operator":"Renewable Energy Systems (RES)","repd_ref":"3569","repd_technology":"Wind Onshore","status":"Application Refused","technology":"wind_onshore"},"type":"Feature"},{"geometry":{"coordinates":[-7.6052129,54.6342958],"type":"Point"},"id":"GG2050-REPD-4680","properties":{"capacity_mw":10.5,"gg_project_id":"GG2050-REPD-4680","name":"Lough Hill","operator":"B9 / Renewable Energy Systems (RES)","repd_ref":"4680","repd_technology":"Wind Onshore","status":"Operational","technology":"wind_onshore"},"type":"Feature"},{"geometry":{"coordinates":[-6.9498424,54.6709474],"type":"Point"},"id":"GG2050-REPD-2958","properties":{"capacity_mw":10.5,"gg_project_id":"GG2050-REPD-2958","name":"Mullaghturk Mountain","operator":"Unknown","repd_ref":"2958","repd_technology":"Wind Onshore","status":"Application Refused","technology":"wind_onshore"},"type":"Feature"},{"geometry":{"coordinates":[-4.8212643,50.495576],"type":"Point"},"id":"GG2050-REPD-4007","properties":{"capacity_mw":10.4,"gg_project_id":"GG2050-REPD-4007","name":"St. Breock Re-Power","operator":"Renewable Energy Generation Limited - previously E.on","repd_ref":"4007","repd_technology":"Wind Onshore","status":"Revised","technology":"wind_onshore"},"type":"Feature"},{"geometry":{"coordinates":[-3.2746449,54.7230814],"type":"Point"},"id":"GG2050-REPD-2618","properties":{"capacity_mw":10.4,"gg_project_id":"GG2050-REPD-2618","name":"Wharrels Hill Wind Farm","operator":"Wharrels Hill Windfarm Ltd/ National Windpower","repd_ref":"2618","repd_technology":"Wind Onshore","status":"Operational","technology":"wind_onshore"},"type":"Feature"},{"geometry":{"coordinates":[-3.8852307,55.3517077],"type":"Point"},"id":"GG2050-REPD-13249","properties":{"capacity_mw":10.35,"gg_project_id":"GG2050-REPD-13249","name":"Herds Hill Wind Farm - Wind Turbines","operator":"Drumbuie Renewables","repd_ref":"13249","repd_technology":"Wind Onshore","status":"Application Submitted","technology":"wind_onshore"},"type":"Feature"},{"geometry":{"coordinates":[-3.7021425,55.1689904],"type":"Point"},"id":"GG2050-REPD-4453","properties":{"capacity_mw":10.3,"gg_project_id":"GG2050-REPD-4453","name":"Blackwood Wind Farm","operator":"Force 9 Energy","repd_ref":"4453","repd_technology":"Wind Onshore","status":"Appeal Refused","technology":"wind_onshore"},"type":"Feature"},{"geometry":{"coordinates":[0.0606018,52.5350731],"type":"Point"},"id":"GG2050-REPD-4345","properties":{"capacity_mw":10.3,"gg_project_id":"GG2050-REPD-4345","name":"Boardinghouse Wind Farm","operator":"Ecogen","repd_ref":"4345","repd_technology":"Wind Onshore","status":"Operational","technology":"wind_onshore"},"type":"Feature"},{"geometry":{"coordinates":[1.110898,51.8091836],"type":"Point"},"id":"GG2050-REPD-3943","properties":{"capacity_mw":10.3,"gg_project_id":"GG2050-REPD-3943","name":"Earl's Hall","operator":"Greencoat UK Wind","repd_ref":"3943","repd_technology":"Wind Onshore","status":"Operational","technology":"wind_onshore"},"type":"Feature"},{"geometry":{"coordinates":[-1.3355208,53.8119025],"type":"Point"},"id":"GG2050-REPD-4658","properties":{"capacity_mw":10.3,"gg_project_id":"GG2050-REPD-4658","name":"Hook Moor","operator":"Banks Renewables","repd_ref":"4658","repd_technology":"Wind Onshore","status":"Operational","technology":"wind_onshore"},"type":"Feature"},{"geometry":{"coordinates":[-1.014568,53.1510578],"type":"Point"},"id":"GG2050-REPD-3739","properties":{"capacity_mw":10.3,"gg_project_id":"GG2050-REPD-3739","name":"Stonish Hill (Bilsthorpe)","operator":"REG Power Management (John Laing/Peel Energy)","repd_ref":"3739","repd_technology":"Wind Onshore","status":"Operational","technology":"wind_onshore"},"type":"Feature"},{"geometry":{"coordinates":[-4.1588402,55.5779125],"type":"Point"},"id":"GG2050-REPD-5414","properties":{"capacity_mw":10.2,"gg_project_id":"GG2050-REPD-5414","name":"Bankend Rig II Wind Farm","operator":"Wilson Renewables II","repd_ref":"5414","repd_technology":"Wind Onshore","status":"Revised","technology":"wind_onshore"},"type":"Feature"},{"geometry":{"coordinates":[-4.14718,55.5988427],"type":"Point"},"id":"GG2050-REPD-9459","properties":{"capacity_mw":10.2,"gg_project_id":"GG2050-REPD-9459","name":"Bankend Rig II Wind Farm","operator":"Wilson Renewables II Llp","repd_ref":"9459","repd_technology":"Wind Onshore","status":"Awaiting Construction","technology":"wind_onshore"},"type":"Feature"},{"geometry":{"coordinates":[-4.1588402,55.5779125],"type":"Point"},"id":"GG2050-REPD-5174","properties":{"capacity_mw":10.2,"gg_project_id":"GG2050-REPD-5174","name":"Bankend Wind Farm (extension)","operator":"Wilson Renewables","repd_ref":"5174","repd_technology":"Wind Onshore","status":"Revised","technology":"wind_onshore"},"type":"Feature"},{"geometry":{"coordinates":[-0.113482,53.7491956],"type":"Point"},"id":"GG2050-REPD-3992","properties":{"capacity_mw":10.2,"gg_project_id":"GG2050-REPD-3992","name":"Burton Pidsea (Wadworth Hill) Wind Farm","operator":"Aeolian Holderness Ltd","repd_ref":"3992","repd_technology":"Wind Onshore","status":"Operational","technology":"wind_onshore"},"type":"Feature"},{"geometry":{"coordinates":[-2.6258029,54.3240659],"type":"Point"},"id":"GG2050-REPD-4090","properties":{"capacity_mw":10.2,"gg_project_id":"GG2050-REPD-4090","name":"Killington Wind Farm","operator":"Banks Renewables","repd_ref":"4090","repd_technology":"Wind Onshore","status":"Abandoned","technology":"wind_onshore"},"type":"Feature"},{"geometry":{"coordinates":[-3.9710006,52.4662965],"type":"Point"},"id":"GG2050-REPD-2559","properties":{"capacity_mw":10.2,"gg_project_id":"GG2050-REPD-2559","name":"Mynydd Gorddu Wind Farm","operator":"Cynllun Trydan Gwynt","repd_ref":"2559","repd_technology":"Wind Onshore","status":"Operational","technology":"wind_onshore"},"type":"Feature"},{"geometry":{"coordinates":[-2.1671048,53.7001688],"type":"Point"},"id":"GG2050-REPD-4655","properties":{"capacity_mw":10.2,"gg_project_id":"GG2050-REPD-4655","name":"Reaps Moss Wind Farm","operator":"Infrared Capital Partners","repd_ref":"4655","repd_technology":"Wind Onshore","status":"Operational","technology":"wind_onshore"},"type":"Feature"},{"geometry":{"coordinates":[-1.8596912,55.3299763],"type":"Point"},"id":"GG2050-REPD-3563","properties":{"capacity_mw":10.1,"gg_project_id":"GG2050-REPD-3563","name":"Debdon Farm Wind Farm","operator":"Renewable Energy Systems (RES)","repd_ref":"3563","repd_technology":"Wind Onshore","status":"Application Refused","technology":"wind_onshore"},"type":"Feature"},{"geometry":{"coordinates":[-2.0997989,53.6449668],"type":"Point"},"id":"GG2050-REPD-2663","properties":{"capacity_mw":10.1,"gg_project_id":"GG2050-REPD-2663","name":"Great Hill Wind Farm","operator":"Eastern Wind Farms Ltd/ RES","repd_ref":"2663","repd_technology":"Wind Onshore","status":"Application Refused","technology":"wind_onshore"},"type":"Feature"},{"geometry":{"coordinates":[-4.6752507,50.6564346],"type":"Point"},"id":"GG2050-REPD-2648","properties":{"capacity_mw":10.1,"gg_project_id":"GG2050-REPD-2648","name":"Worthy Vale Manor","operator":"Worthyvale Manor Partnership","repd_ref":"2648","repd_technology":"Wind Onshore","status":"Application Refused","technology":"wind_onshore"},"type":"Feature"},{"geometry":{"coordinates":[-3.454593,58.4489216],"type":"Point"},"id":"GG2050-REPD-4330","properties":{"capacity_mw":10.0,"gg_project_id":"GG2050-REPD-4330","name":"Achlachan Wind Farm","operator":"Whirlwind Renewables","repd_ref":"4330","repd_technology":"Wind Onshore","status":"Operational","technology":"wind_onshore"},"type":"Feature"},{"geometry":{"coordinates":[0.2376276,53.2675704],"type":"Point"},"id":"GG2050-REPD-4217","properties":{"capacity_mw":10.0,"gg_project_id":"GG2050-REPD-4217","name":"Asserby wind farm","operator":"Energiekontor UK","repd_ref":"4217","repd_technology":"Wind Onshore","status":"Application Refused","technology":"wind_onshore"},"type":"Feature"},{"geometry":{"coordinates":[-3.2100227,56.3114099],"type":"Point"},"id":"GG2050-REPD-3514","properties":{"capacity_mw":10.0,"gg_project_id":"GG2050-REPD-3514","name":"Auchtermuchty Wind Farm","operator":"Energiekontor UK","repd_ref":"3514","repd_technology":"Wind Onshore","status":"Application Refused","technology":"wind_onshore"},"type":"Feature"},{"geometry":{"coordinates":[-0.5791869,52.442618],"type":"Point"},"id":"GG2050-REPD-3825","properties":{"capacity_mw":10.0,"gg_project_id":"GG2050-REPD-3825","name":"Barnwell Manor Wind Farm","operator":"Barnwell Manor Wind Energy Ltd","repd_ref":"3825","repd_technology":"Wind Onshore","status":"Appeal Refused","technology":"wind_onshore"},"type":"Feature"},{"geometry":{"coordinates":[-3.3296235,56.3061402],"type":"Point"},"id":"GG2050-REPD-4817","properties":{"capacity_mw":10.0,"gg_project_id":"GG2050-REPD-4817","name":"Binn Eco Park - Wind Farm","operator":"Binn Eco Park","repd_ref":"4817","repd_technology":"Wind Onshore","status":"Operational","technology":"wind_onshore"},"type":"Feature"},{"geometry":{"coordinates":[-3.3296235,56.3061402],"type":"Point"},"id":"GG2050-REPD-6664","properties":{"capacity_mw":10.0,"gg_project_id":"GG2050-REPD-6664","name":"Binn Eco Park Wind Farm","operator":"Green Cat Renewables","repd_ref":"6664","repd_technology":"Wind Onshore","status":"Application Refused","technology":"wind_onshore"},"type":"Feature"},{"geometry":{"coordinates":[-6.7230781,54.9298054],"type":"Point"},"id":"GG2050-REPD-7640","properties":{"capacity_mw":10.0,"gg_project_id":"GG2050-REPD-7640","name":"Brockaghboy Wind Farm (Further Extension)","operator":"Brockaghboy Windfarm","repd_ref":"7640","repd_technology":"Wind Onshore","status":"Awaiting Construction","technology":"wind_onshore"},"type":"Feature"},{"geometry":{"coordinates":[-6.869209,54.8991125],"type":"Point"},"id":"GG2050-REPD-2888","properties":{"capacity_mw":10.0,"gg_project_id":"GG2050-REPD-2888","name":"Brockaghboy Wind Farm - extension","operator":"Greencoat","repd_ref":"2888","repd_technology":"Wind Onshore","status":"Operational","technology":"wind_onshore"},"type":"Feature"},{"geometry":{"coordinates":[-2.8992396,57.4638701],"type":"Point"},"id":"GG2050-REPD-4350","properties":{"capacity_mw":10.0,"gg_project_id":"GG2050-REPD-4350","name":"Cairnborrow","operator":"Engie (GDF Suez)","repd_ref":"4350","repd_technology":"Wind Onshore","status":"Operational","technology":"wind_onshore"},"type":"Feature"},{"geometry":{"coordinates":[-5.1874622,50.1799061],"type":"Point"},"id":"GG2050-REPD-3077","properties":{"capacity_mw":10.0,"gg_project_id":"GG2050-REPD-3077","name":"Carn Vean","operator":"Unknown","repd_ref":"3077","repd_technology":"Wind Onshore","status":"Operational","technology":"wind_onshore"},"type":"Feature"},{"geometry":{"coordinates":[-0.5372931,52.30764],"type":"Point"},"id":"GG2050-REPD-3795","properties":{"capacity_mw":10.0,"gg_project_id":"GG2050-REPD-3795","name":"Chelveston Renewable Energy Park Wind Farm (Bedford)","operator":"Chelveston Renewable Energy Ltd","repd_ref":"3795","repd_technology":"Wind Onshore","status":"Operational","technology":"wind_onshore"},"type":"Feature"},{"geometry":{"coordinates":[-2.1526949,57.4492714],"type":"Point"},"id":"GG2050-REPD-3076","properties":{"capacity_mw":10.0,"gg_project_id":"GG2050-REPD-3076","name":"Cloffrickford Farm","operator":"Private Developer","repd_ref":"3076","repd_technology":"Wind Onshore","status":"Application Withdrawn","technology":"wind_onshore"},"type":"Feature"},{"geometry":{"coordinates":[-3.0689925,55.1641183],"type":"Point"},"id":"GG2050-REPD-4524","properties":{"capacity_mw":10.0,"gg_project_id":"GG2050-REPD-4524","name":"Craig Wind Farm","operator":"Craig Wind Farm Co","repd_ref":"4524","repd_technology":"Wind Onshore","status":"Operational","technology":"wind_onshore"},"type":"Feature"},{"geometry":{"coordinates":[-0.8965875,52.7315524],"type":"Point"},"id":"GG2050-REPD-4555","properties":{"capacity_mw":10.0,"gg_project_id":"GG2050-REPD-4555","name":"Crown Hill Wind Farm","operator":"Crown Hill Wind Farm Limited","repd_ref":"4555","repd_technology":"Wind Onshore","status":"Application Withdrawn","technology":"wind_onshore"},"type":"Feature"},{"geometry":{"coordinates":[-0.0437226,53.4537241],"type":"Point"},"id":"GG2050-REPD-4311","properties":{"capacity_mw":10.0,"gg_project_id":"GG2050-REPD-4311","name":"Damwells Farm","operator":"Lantanier UK","repd_ref":"4311","repd_technology":"Wind Onshore","status":"Application Withdrawn","technology":"wind_onshore"},"type":"Feature"},{"geometry":{"coordinates":[-1.7164968,53.5620803],"type":"Point"},"id":"GG2050-REPD-3728","properties":{"capacity_mw":10.0,"gg_project_id":"GG2050-REPD-3728","name":"Dearne Head Wind Farm","operator":"Unknown","repd_ref":"3728","repd_technology":"Wind Onshore","status":"Revised","technology":"wind_onshore"},"type":"Feature"},{"geometry":{"coordinates":[-4.9738517,50.4597421],"type":"Point"},"id":"GG2050-REPD-3736","properties":{"capacity_mw":10.0,"gg_project_id":"GG2050-REPD-3736","name":"Denzell Downs","operator":"REG Windpower","repd_ref":"3736","repd_technology":"Wind Onshore","status":"Revised","technology":"wind_onshore"},"type":"Feature"},{"geometry":{"coordinates":[-4.9615151,50.4659489],"type":"Point"},"id":"GG2050-REPD-4651","properties":{"capacity_mw":10.0,"gg_project_id":"GG2050-REPD-4651","name":"Denzell Downs Wind Farm","operator":"REG Windpower / BlackRock","repd_ref":"4651","repd_technology":"Wind Onshore","status":"Operational","technology":"wind_onshore"},"type":"Feature"},{"geometry":{"coordinates":[-0.7427749,51.9453205],"type":"Point"},"id":"GG2050-REPD-4531","properties":{"capacity_mw":10.0,"gg_project_id":"GG2050-REPD-4531","name":"Dorcas Lane Wind Farm","operator":"EDF","repd_ref":"4531","repd_technology":"Wind Onshore","status":"Application Refused","technology":"wind_onshore"},"type":"Feature"},{"geometry":{"coordinates":[-5.1604974,56.8758339],"type":"Point"},"id":"GG2050-REPD-3930","properties":{"capacity_mw":10.0,"gg_project_id":"GG2050-REPD-3930","name":"Druim Fada","operator":"North British Windpower","repd_ref":"3930","repd_technology":"Wind Onshore","status":"Planning Permission Expired","technology":"wind_onshore"},"type":"Feature"},{"geometry":{"coordinates":[-4.4416434,55.324802],"type":"Point"},"id":"GG2050-REPD-7769","properties":{"capacity_mw":10.0,"gg_project_id":"GG2050-REPD-7769","name":"Enoch Hill 2 Windfarm","operator":"RWE Renewables Uk Limited","repd_ref":"7769","repd_technology":"Wind Onshore","status":"Awaiting Construction","technology":"wind_onshore"},"type":"Feature"},{"geometry":{"coordinates":[-3.4946614,51.6110042],"type":"Point"},"id":"GG2050-REPD-3956","properties":{"capacity_mw":10.0,"gg_project_id":"GG2050-REPD-3956","name":"Fforch Nest Wind Farm pt1","operator":"Pennant Walters","repd_ref":"3956","repd_technology":"Wind Onshore","status":"Operational","technology":"wind_onshore"},"type":"Feature"},{"geometry":{"coordinates":[-3.4181287,54.6968348],"type":"Point"},"id":"GG2050-REPD-3053","properties":{"capacity_mw":10.0,"gg_project_id":"GG2050-REPD-3053","name":"Fleeter Wood Wind Farm","operator":"Novera Energy","repd_ref":"3053","repd_technology":"Wind Onshore","status":"Abandoned","technology":"wind_onshore"},"type":"Feature"},{"geometry":{"coordinates":[-0.822561,53.0330887],"type":"Point"},"id":"GG2050-REPD-4556","properties":{"capacity_mw":10.0,"gg_project_id":"GG2050-REPD-4556","name":"Fox Covert Wind Farm","operator":"Wind Prospect Developments","repd_ref":"4556","repd_technology":"Wind Onshore","status":"Application Refused","technology":"wind_onshore"},"type":"Feature"},{"geometry":{"coordinates":[-2.9508094,56.5642495],"type":"Point"},"id":"GG2050-REPD-2827","properties":{"capacity_mw":10.0,"gg_project_id":"GG2050-REPD-2827","name":"Frawney Wind Farm","operator":"Polar Energy (Finlarg) Ltd","repd_ref":"2827","repd_technology":"Wind Onshore","status":"Revised","technology":"wind_onshore"},"type":"Feature"},{"geometry":{"coordinates":[-4.7511018,57.2790836],"type":"Point"},"id":"GG2050-REPD-3746","properties":{"capacity_mw":10.0,"gg_project_id":"GG2050-REPD-3746","name":"Glenurquhart and Strathglass Wind Farm project","operator":"Corrimony Energy Ltd & Soirbheas","repd_ref":"3746","repd_technology":"Wind Onshore","status":"Operational","technology":"wind_onshore"},"type":"Feature"},{"geometry":{"coordinates":[-3.6474828,56.2404974],"type":"Point"},"id":"GG2050-REPD-4810","properties":{"capacity_mw":10.0,"gg_project_id":"GG2050-REPD-4810","name":"Green knowes Windfarm Ext.","operator":"Scottish Power Renewables","repd_ref":"4810","repd_technology":"Wind Onshore","status":"Application Withdrawn","technology":"wind_onshore"},"type":"Feature"},{"geometry":{"coordinates":[-4.4423004,50.9438353],"type":"Point"},"id":"GG2050-REPD-4304","properties":{"capacity_mw":10.0,"gg_project_id":"GG2050-REPD-4304","name":"Harbourcross wind farm","operator":"Harbourcross Wind Farm Ltd","repd_ref":"4304","repd_technology":"Wind Onshore","status":"Application Refused","technology":"wind_onshore"},"type":"Feature"},{"geometry":{"coordinates":[-1.4096089,54.7657777],"type":"Point"},"id":"GG2050-REPD-3507","properties":{"capacity_mw":10.0,"gg_project_id":"GG2050-REPD-3507","name":"Haswell Moor","operator":"E.ON UK Renewables Developments Ltd","repd_ref":"3507","repd_technology":"Wind Onshore","status":"Operational","technology":"wind_onshore"},"type":"Feature"},{"geometry":{"coordinates":[-3.3233623,54.2459684],"type":"Point"},"id":"GG2050-REPD-2706","properties":{"capacity_mw":10.0,"gg_project_id":"GG2050-REPD-2706","name":"Haverigg Prison","operator":"Partnerships for Renewables","repd_ref":"2706","repd_technology":"Wind Onshore","status":"Revised","technology":"wind_onshore"},"type":"Feature"},{"geometry":{"coordinates":[-2.8618527,54.7651383],"type":"Point"},"id":"GG2050-REPD-4473","properties":{"capacity_mw":10.0,"gg_project_id":"GG2050-REPD-4473","name":"Hay Close Wind Farm","operator":"REG Windpower","repd_ref":"4473","repd_technology":"Wind Onshore","status":"Appeal Withdrawn","technology":"wind_onshore"},"type":"Feature"},{"geometry":{"coordinates":[1.6798721,52.6869987],"type":"Point"},"id":"GG2050-REPD-2764","properties":{"capacity_mw":10.0,"gg_project_id":"GG2050-REPD-2764","name":"Hemsby Wind Farm","operator":"Sea & Land Power and Energy Ltd","repd_ref":"2764","repd_technology":"Wind Onshore","status":"Application Refused","technology":"wind_onshore"},"type":"Feature"},{"geometry":{"coordinates":[1.6781508,52.6874749],"type":"Point"},"id":"GG2050-REPD-3035","properties":{"capacity_mw":10.0,"gg_project_id":"GG2050-REPD-3035","name":"Hemsby Wind Farm","operator":"SLP Energy","repd_ref":"3035","repd_technology":"Wind Onshore","status":"Revised","technology":"wind_onshore"},"type":"Feature"},{"geometry":{"coordinates":[-1.3477177,60.3888542],"type":"Point"},"id":"GG2050-REPD-20622","properties":{"capacity_mw":10.0,"gg_project_id":"GG2050-REPD-20622","name":"Hill Of Wethersta - Wind Turbines","operator":"Wetha Wind Limited","repd_ref":"20622","repd_technology":"Wind Onshore","status":"Application Submitted","technology":"wind_onshore"},"type":"Feature"},{"geometry":{"coordinates":[-2.9670203,51.2465049],"type":"Point"},"id":"GG2050-REPD-2919","properties":{"capacity_mw":10.0,"gg_project_id":"GG2050-REPD-2919","name":"Inner Farm","operator":"Ecotricity","repd_ref":"2919","repd_technology":"Wind Onshore","status":"Application Refused","technology":"wind_onshore"},"type":"Feature"},{"geometry":{"coordinates":[-1.1669167,52.3942486],"type":"Point"},"id":"GG2050-REPD-3814","properties":{"capacity_mw":10.0,"gg_project_id":"GG2050-REPD-3814","name":"Lilbourne Wind Farm","operator":"Cetis","repd_ref":"3814","repd_technology":"Wind Onshore","status":"Operational","technology":"wind_onshore"},"type":"Feature"},{"geometry":{"coordinates":[0.0023579,53.4817377],"type":"Point"},"id":"GG2050-REPD-4397","properties":{"capacity_mw":10.0,"gg_project_id":"GG2050-REPD-4397","name":"Louth Canal Wind Farm","operator":"Partnerships for Renewables","repd_ref":"4397","repd_technology":"Wind Onshore","status":"Appeal Refused","technology":"wind_onshore"},"type":"Feature"},{"geometry":{"coordinates":[-7.7163976,54.6432773],"type":"Point"},"id":"GG2050-REPD-4285","properties":{"capacity_mw":10.0,"gg_project_id":"GG2050-REPD-4285","name":"Meenamullen Wind Farm","operator":"Renewable Energy Systems (RES)","repd_ref":"4285","repd_technology":"Wind Onshore","status":"Application Refused","technology":"wind_onshore"},"type":"Feature"},{"geometry":{"coordinates":[-2.2783137,57.018819],"type":"Point"},"id":"GG2050-REPD-4109","properties":{"capacity_mw":10.0,"gg_project_id":"GG2050-REPD-4109","name":"Meikle Carewe","operator":"The Renewables Infrastructure Group (TRIG)","repd_ref":"4109","repd_technology":"Wind Onshore","status":"Operational","technology":"wind_onshore"},"type":"Feature"},{"geometry":{"coordinates":[-4.8911708,57.1502009],"type":"Point"},"id":"GG2050-REPD-3598","properties":{"capacity_mw":10.0,"gg_project_id":"GG2050-REPD-3598","name":"Millennium Extension","operator":"West Coast Energy /Falck Renewables","repd_ref":"3598","repd_technology":"Wind Onshore","status":"Operational","technology":"wind_onshore"},"type":"Feature"},{"geometry":{"coordinates":[-5.8885879,54.8493818],"type":"Point"},"id":"GG2050-REPD-4216","properties":{"capacity_mw":10.0,"gg_project_id":"GG2050-REPD-4216","name":"Mullaghsandall Road wind farm","operator":"Apamore Services","repd_ref":"4216","repd_technology":"Wind Onshore","status":"Appeal Refused","technology":"wind_onshore"},"type":"Feature"},{"geometry":{"coordinates":[-3.7851919,51.7210375],"type":"Point"},"id":"GG2050-REPD-4231","properties":{"capacity_mw":10.0,"gg_project_id":"GG2050-REPD-4231","name":"Mynydd Marchywel Wind Farm","operator":"Renewable Energy Systems (RES)","repd_ref":"4231","repd_technology":"Wind Onshore","status":"Appeal Refused","technology":"wind_onshore"},"type":"Feature"},{"geometry":{"coordinates":[-3.9609455,57.7286227],"type":"Point"},"id":"GG2050-REPD-3960","properties":{"capacity_mw":10.0,"gg_project_id":"GG2050-REPD-3960","name":"Nigg Hill","operator":"Falck Renewables/RDC","repd_ref":"3960","repd_technology":"Wind Onshore","status":"Application Refused","technology":"wind_onshore"},"type":"Feature"},{"geometry":{"coordinates":[1.3205768,51.1643586],"type":"Point"},"id":"GG2050-REPD-3033","properties":{"capacity_mw":10.0,"gg_project_id":"GG2050-REPD-3033","name":"North Dover Wind Park","operator":"Ecotricity","repd_ref":"3033","repd_technology":"Wind Onshore","status":"Application Refused","technology":"wind_onshore"},"type":"Feature"},{"geometry":{"coordinates":[-3.0049583,53.4495981],"type":"Point"},"id":"GG2050-REPD-3533","properties":{"capacity_mw":10.0,"gg_project_id":"GG2050-REPD-3533","name":"Port of Liverpool - wind","operator":"Mersey Docks and Harbour Company","repd_ref":"3533","repd_technology":"Wind Onshore","status":"Operational","technology":"wind_onshore"},"type":"Feature"},{"geometry":{"coordinates":[-0.9252199,53.6787659],"type":"Point"},"id":"GG2050-REPD-4548","properties":{"capacity_mw":10.0,"gg_project_id":"GG2050-REPD-4548","name":"Rawcliffe Bridge Wind Farm","operator":"Airvolution Energy","repd_ref":"4548","repd_technology":"Wind Onshore","status":"Application Refused","technology":"wind_onshore"},"type":"Feature"},{"geometry":{"coordinates":[-1.8360599,55.227689],"type":"Point"},"id":"GG2050-REPD-4202","properties":{"capacity_mw":10.0,"gg_project_id":"GG2050-REPD-4202","name":"Rayburn Wind Farm","operator":"Renewable Energy Systems (RES)","repd_ref":"4202","repd_technology":"Wind Onshore","status":"Application Refused","technology":"wind_onshore"},"type":"Feature"},{"geometry":{"coordinates":[-0.7772936,51.9664268],"type":"Point"},"id":"GG2050-REPD-4239","properties":{"capacity_mw":10.0,"gg_project_id":"GG2050-REPD-4239","name":"Salden Wind Farm","operator":"North Bucks Wind Energy Ltd","repd_ref":"4239","repd_technology":"Wind Onshore","status":"Application Refused","technology":"wind_onshore"},"type":"Feature"},{"geometry":{"coordinates":[-0.6099287,53.8451227],"type":"Point"},"id":"GG2050-REPD-3335","properties":{"capacity_mw":10.0,"gg_project_id":"GG2050-REPD-3335","name":"Sancton Hill","operator":"Cornwall Light and Power","repd_ref":"3335","repd_technology":"Wind Onshore","status":"Revised","technology":"wind_onshore"},"type":"Feature"},{"geometry":{"coordinates":[-0.6099287,53.8451227],"type":"Point"},"id":"GG2050-REPD-3735","properties":{"capacity_mw":10.0,"gg_project_id":"GG2050-REPD-3735","name":"Sancton Hill","operator":"REG Windpower (previously Cornwall Light and Power)","repd_ref":"3735","repd_technology":"Wind Onshore","status":"Operational","technology":"wind_onshore"},"type":"Feature"},{"geometry":{"coordinates":[-1.3197342,54.7172371],"type":"Point"},"id":"GG2050-REPD-4641","properties":{"capacity_mw":10.0,"gg_project_id":"GG2050-REPD-4641","name":"Sheraton Wind Farm (Durham)","operator":"EDF Renewables","repd_ref":"4641","repd_technology":"Wind Onshore","status":"Application Refused","technology":"wind_onshore"},"type":"Feature"},{"geometry":{"coordinates":[-2.3099164,51.0659968],"type":"Point"},"id":"GG2050-REPD-3731","properties":{"capacity_mw":10.0,"gg_project_id":"GG2050-REPD-3731","name":"Silton Wind Farm","operator":"Ecotricity / Next Generation","repd_ref":"3731","repd_technology":"Wind Onshore","status":"Appeal Refused","technology":"wind_onshore"},"type":"Feature"},{"geometry":{"coordinates":[-3.6895133,58.5417083],"type":"Point"},"id":"GG2050-REPD-3203","properties":{"capacity_mw":10.0,"gg_project_id":"GG2050-REPD-3203","name":"South Shebster","operator":"Private Developer","repd_ref":"3203","repd_technology":"Wind Onshore","status":"Application Refused","technology":"wind_onshore"},"type":"Feature"},{"geometry":{"coordinates":[-2.6925173,59.1892961],"type":"Point"},"id":"GG2050-REPD-3837","properties":{"capacity_mw":10.0,"gg_project_id":"GG2050-REPD-3837","name":"Spurness Wind Farm Repowering","operator":"Scottish and Southern Energy (SSE)","repd_ref":"3837","repd_technology":"Wind Onshore","status":"Operational","technology":"wind_onshore"},"type":"Feature"},{"geometry":{"coordinates":[-4.8212643,50.495576],"type":"Point"},"id":"GG2050-REPD-4604","properties":{"capacity_mw":10.0,"gg_project_id":"GG2050-REPD-4604","name":"St. Breock Re-Power","operator":"REG & Blackrock","repd_ref":"4604","repd_technology":"Wind Onshore","status":"Operational","technology":"wind_onshore"},"type":"Feature"},{"geometry":{"coordinates":[-2.5285712,51.6478518],"type":"Point"},"id":"GG2050-REPD-2759","properties":{"capacity_mw":10.0,"gg_project_id":"GG2050-REPD-2759","name":"Stoneyard Lane Wind Farm","operator":"Wind Prospect","repd_ref":"2759","repd_technology":"Wind Onshore","status":"Appeal Refused","technology":"wind_onshore"},"type":"Feature"},{"geometry":{"coordinates":[-1.7580596,55.1950306],"type":"Point"},"id":"GG2050-REPD-2744","properties":{"capacity_mw":10.0,"gg_project_id":"GG2050-REPD-2744","name":"Todd Hill Wind Farm","operator":"Novera Energy","repd_ref":"2744","repd_technology":"Wind Onshore","status":"Application Refused","technology":"wind_onshore"},"type":"Feature"},{"geometry":{"coordinates":[-2.4048938,56.8274229],"type":"Point"},"id":"GG2050-REPD-4422","properties":{"capacity_mw":10.0,"gg_project_id":"GG2050-REPD-4422","name":"Tullo Wind Farm South (Ext.)","operator":"Eneco","repd_ref":"4422","repd_technology":"Wind Onshore","status":"Operational","technology":"wind_onshore"},"type":"Feature"},{"geometry":{"coordinates":[-1.1170082,52.3043868],"type":"Point"},"id":"GG2050-REPD-3831","properties":{"capacity_mw":10.0,"gg_project_id":"GG2050-REPD-3831","name":"Watford Gap Wind Farm","operator":"Gamesa Energy","repd_ref":"3831","repd_technology":"Wind Onshore","status":"Application Refused","technology":"wind_onshore"},"type":"Feature"},{"geometry":{"coordinates":[-3.2256849,58.4392873],"type":"Point"},"id":"GG2050-REPD-3757","properties":{"capacity_mw":10.0,"gg_project_id":"GG2050-REPD-3757","name":"Wathegar wind farm","operator":"Private Developer","repd_ref":"3757","repd_technology":"Wind Onshore","status":"Operational","technology":"wind_onshore"},"type":"Feature"},{"geometry":{"coordinates":[-3.2949304,56.145286],"type":"Point"},"id":"GG2050-REPD-3684","properties":{"capacity_mw":10.0,"gg_project_id":"GG2050-REPD-3684","name":"Westfield","operator":"Ventient (formerly Infinis)","repd_ref":"3684","repd_technology":"Wind Onshore","status":"Operational","technology":"wind_onshore"},"type":"Feature"},{"geometry":{"coordinates":[-3.3466664,54.7879102],"type":"Point"},"id":"GG2050-REPD-3039","properties":{"capacity_mw":10.0,"gg_project_id":"GG2050-REPD-3039","name":"Westnewton (withdrawn)","operator":"Unknown","repd_ref":"3039","repd_technology":"Wind Onshore","status":"Application Withdrawn","technology":"wind_onshore"},"type":"Feature"},{"geometry":{"coordinates":[-0.1478403,52.5992622],"type":"Point"},"id":"GG2050-REPD-4313","properties":{"capacity_mw":10.0,"gg_project_id":"GG2050-REPD-4313","name":"Willow Hall Farm","operator":"REG Windpower","repd_ref":"4313","repd_technology":"Wind Onshore","status":"Application Withdrawn","technology":"wind_onshore"},"type":"Feature"},{"geometry":{"coordinates":[-2.9543049,51.1859301],"type":"Point"},"id":"GG2050-REPD-4433","properties":{"capacity_mw":10.0,"gg_project_id":"GG2050-REPD-4433","name":"Withy End","operator":"EDF Energy Renewables","repd_ref":"4433","repd_technology":"Wind Onshore","status":"Application Refused","technology":"wind_onshore"},"type":"Feature"},{"geometry":{"coordinates":[-2.9590934,51.1898296],"type":"Point"},"id":"GG2050-REPD-2762","properties":{"capacity_mw":10.0,"gg_project_id":"GG2050-REPD-2762","name":"Withy Farm","operator":"EDF Energy","repd_ref":"2762","repd_technology":"Wind Onshore","status":"Revised","technology":"wind_onshore"},"type":"Feature"},{"geometry":{"coordinates":[-0.3079588,52.3398498],"type":"Point"},"id":"GG2050-REPD-4175","properties":{"capacity_mw":10.0,"gg_project_id":"GG2050-REPD-4175","name":"Woolley Hill Wind Farm","operator":"Aviva","repd_ref":"4175","repd_technology":"Wind Onshore","status":"Operational","technology":"wind_onshore"},"type":"Feature"},{"geometry":{"coordinates":[-3.5655919,52.3671654],"type":"Point"},"id":"GG2050-REPD-3015","properties":{"capacity_mw":9.9,"gg_project_id":"GG2050-REPD-3015","name":"Bryn titli Windfarm","operator":"Innogy","repd_ref":"3015","repd_technology":"Wind Onshore","status":"Operational","technology":"wind_onshore"},"type":"Feature"},{"geometry":{"coordinates":[-4.2670788,53.2953786],"type":"Point"},"id":"GG2050-REPD-2578","properties":{"capacity_mw":9.9,"gg_project_id":"GG2050-REPD-2578","name":"Prysan Wind Farm","operator":"South Western Power / Renewable Energy Systems (RES) / NOVERA","repd_ref":"2578","repd_technology":"Wind Onshore","status":"Application Refused","technology":"wind_onshore"},"type":"Feature"},{"geometry":{"coordinates":[-4.4013863,53.4067802],"type":"Point"},"id":"GG2050-REPD-4312","properties":{"capacity_mw":9.9,"gg_project_id":"GG2050-REPD-4312","name":"Rhyd-y-Groes Wind Farm - repowering","operator":"E.On / Eurus (TPG Wind)","repd_ref":"4312","repd_technology":"Wind Onshore","status":"Awaiting Construction","technology":"wind_onshore"},"type":"Feature"},{"geometry":{"coordinates":[-4.9556273,50.4702905],"type":"Point"},"id":"GG2050-REPD-3392","properties":{"capacity_mw":9.8,"gg_project_id":"GG2050-REPD-3392","name":"Bears Down Wind Farm","operator":"Natural Power","repd_ref":"3392","repd_technology":"Wind Onshore","status":"Operational","technology":"wind_onshore"},"type":"Feature"},{"geometry":{"coordinates":[-3.3043479,51.7229728],"type":"Point"},"id":"GG2050-REPD-2642","properties":{"capacity_mw":9.8,"gg_project_id":"GG2050-REPD-2642","name":"Gelligaer 'A' Wind Farm","operator":"South Wales Power / SWALEC","repd_ref":"2642","repd_technology":"Wind Onshore","status":"Application Withdrawn","technology":"wind_onshore"},"type":"Feature"},{"geometry":{"coordinates":[-3.3043479,51.7229728],"type":"Point"},"id":"GG2050-REPD-2645","properties":{"capacity_mw":9.8,"gg_project_id":"GG2050-REPD-2645","name":"Gelligaer 'B' Wind Farm","operator":"South Wales Power / SWALEC","repd_ref":"2645","repd_technology":"Wind Onshore","status":"Application Withdrawn","technology":"wind_onshore"},"type":"Feature"},{"geometry":{"coordinates":[-5.0240811,51.9547984],"type":"Point"},"id":"GG2050-REPD-2640","properties":{"capacity_mw":9.8,"gg_project_id":"GG2050-REPD-2640","name":"Jordanston Wind Farm","operator":"RWE npower","repd_ref":"2640","repd_technology":"Wind Onshore","status":"Application Refused","technology":"wind_onshore"},"type":"Feature"},{"geometry":{"coordinates":[-2.6044351,54.3400375],"type":"Point"},"id":"GG2050-REPD-2605","properties":{"capacity_mw":9.7,"gg_project_id":"GG2050-REPD-2605","name":"Firbank Wind Farm","operator":"Colham Energy Ltd","repd_ref":"2605","repd_technology":"Wind Onshore","status":"Application Refused","technology":"wind_onshore"},"type":"Feature"},{"geometry":{"coordinates":[-4.7388178,55.6332784],"type":"Point"},"id":"GG2050-REPD-14871","properties":{"capacity_mw":9.6,"gg_project_id":"GG2050-REPD-14871","name":"Ardeer Peninsula, Ardeer - Wind Turbines","operator":"The Farm Energy Partnership","repd_ref":"14871","repd_technology":"Wind Onshore","status":"Awaiting Construction","technology":"wind_onshore"},"type":"Feature"},{"geometry":{"coordinates":[0.2384254,53.3212837],"type":"Point"},"id":"GG2050-REPD-3157","properties":{"capacity_mw":9.6,"gg_project_id":"GG2050-REPD-3157","name":"Bambers Farm","operator":"Ecotricity","repd_ref":"3157","repd_technology":"Wind Onshore","status":"Operational","technology":"wind_onshore"},"type":"Feature"},{"geometry":{"coordinates":[-3.3598531,58.5424785],"type":"Point"},"id":"GG2050-REPD-10846","properties":{"capacity_mw":9.6,"gg_project_id":"GG2050-REPD-10846","name":"Castletown - Wind Farm","operator":"Wind 2 Limited","repd_ref":"10846","repd_technology":"Wind Onshore","status":"Application Submitted","technology":"wind_onshore"},"type":"Feature"},{"geometry":{"coordinates":[-2.1499837,53.7496619],"type":"Point"},"id":"GG2050-REPD-3079","properties":{"capacity_mw":9.6,"gg_project_id":"GG2050-REPD-3079","name":"Coal Clough Wind Farm","operator":"Renewable Energy Systems (RES)","repd_ref":"3079","repd_technology":"Wind Onshore","status":"Operational","technology":"wind_onshore"},"type":"Feature"},{"geometry":{"coordinates":[-2.6103615,57.3441335],"type":"Point"},"id":"GG2050-REPD-3911","properties":{"capacity_mw":9.6,"gg_project_id":"GG2050-REPD-3911","name":"Hill of Tillymorgan (Kirkton Farm) Wind turbines","operator":"LocoGen/ Green Cat Renewables","repd_ref":"3911","repd_technology":"Wind Onshore","status":"Operational","technology":"wind_onshore"},"type":"Feature"},{"geometry":{"coordinates":[-3.4328792,56.3054107],"type":"Point"},"id":"GG2050-REPD-3581","properties":{"capacity_mw":9.6,"gg_project_id":"GG2050-REPD-3581","name":"Lochelbank Wind Farm II","operator":"RWE npower","repd_ref":"3581","repd_technology":"Wind Onshore","status":"Operational","technology":"wind_onshore"},"type":"Feature"},{"geometry":{"coordinates":[-1.2740583,60.457493],"type":"Point"},"id":"GG2050-REPD-17510","properties":{"capacity_mw":9.6,"gg_project_id":"GG2050-REPD-17510","name":"Sullom Voe Terminal, Callbackness - Wind Turbines","operator":"EnQuest Plc","repd_ref":"17510","repd_technology":"Wind Onshore","status":"Application Submitted","technology":"wind_onshore"},"type":"Feature"},{"geometry":{"coordinates":[-3.5139715,54.6870739],"type":"Point"},"id":"GG2050-REPD-3048","properties":{"capacity_mw":9.5,"gg_project_id":"GG2050-REPD-3048","name":"Land at Flimby Hall Farm","operator":"Flimby Wind Energy Ltd","repd_ref":"3048","repd_technology":"Wind Onshore","status":"Revised","technology":"wind_onshore"},"type":"Feature"},{"geometry":{"coordinates":[-4.0291556,52.3068549],"type":"Point"},"id":"GG2050-REPD-3229","properties":{"capacity_mw":9.4,"gg_project_id":"GG2050-REPD-3229","name":"Llangwyryfon","operator":"Westbury Windfarms","repd_ref":"3229","repd_technology":"Wind Onshore","status":"Operational","technology":"wind_onshore"},"type":"Feature"},{"geometry":{"coordinates":[-3.4597357,51.5563948],"type":"Point"},"id":"GG2050-REPD-3931","properties":{"capacity_mw":9.4,"gg_project_id":"GG2050-REPD-3931","name":"Mynydd Portref","operator":"Gresham House","repd_ref":"3931","repd_technology":"Wind Onshore","status":"Operational","technology":"wind_onshore"},"type":"Feature"},{"geometry":{"coordinates":[-2.1776838,50.6860996],"type":"Point"},"id":"GG2050-REPD-4333","properties":{"capacity_mw":9.2,"gg_project_id":"GG2050-REPD-4333","name":"Alaska Wind Farm","operator":"Alaska (formerly Purbeck Wind Farm LLP c/o Infinergy)","repd_ref":"4333","repd_technology":"Wind Onshore","status":"Operational","technology":"wind_onshore"},"type":"Feature"},{"geometry":{"coordinates":[-3.0442638,56.5619902],"type":"Point"},"id":"GG2050-REPD-9864","properties":{"capacity_mw":9.2,"gg_project_id":"GG2050-REPD-9864","name":"Ark Hill Wind Farm","operator":"Ark Hill Wind Farm 2 Limited","repd_ref":"9864","repd_technology":"Wind Onshore","status":"Application Submitted","technology":"wind_onshore"},"type":"Feature"},{"geometry":{"coordinates":[-4.7441962,55.6801703],"type":"Point"},"id":"GG2050-REPD-4774","properties":{"capacity_mw":9.2,"gg_project_id":"GG2050-REPD-4774","name":"Auld Clay","operator":"Amec Foster Wheeler","repd_ref":"4774","repd_technology":"Wind Onshore","status":"Application Refused","technology":"wind_onshore"},"type":"Feature"},{"geometry":{"coordinates":[-7.0988567,54.6613148],"type":"Point"},"id":"GG2050-REPD-6186","properties":{"capacity_mw":9.2,"gg_project_id":"GG2050-REPD-6186","name":"Barony","operator":"Island Renewable Energy","repd_ref":"6186","repd_technology":"Wind Onshore","status":"Appeal Refused","technology":"wind_onshore"},"type":"Feature"},{"geometry":{"coordinates":[-2.9876607,51.1954278],"type":"Point"},"id":"GG2050-REPD-4148","properties":{"capacity_mw":9.2,"gg_project_id":"GG2050-REPD-4148","name":"Black Ditch","operator":"Ecotricity","repd_ref":"4148","repd_technology":"Wind Onshore","status":"Application Refused","technology":"wind_onshore"},"type":"Feature"},{"geometry":{"coordinates":[-6.2958594,55.1934193],"type":"Point"},"id":"GG2050-REPD-4185","properties":{"capacity_mw":9.2,"gg_project_id":"GG2050-REPD-4185","name":"Carneatly","operator":"North Power Ltd","repd_ref":"4185","repd_technology":"Wind Onshore","status":"Application Withdrawn","technology":"wind_onshore"},"type":"Feature"},{"geometry":{"coordinates":[-2.1436701,57.4466142],"type":"Point"},"id":"GG2050-REPD-2685","properties":{"capacity_mw":9.2,"gg_project_id":"GG2050-REPD-2685","name":"Cloffrickford","operator":"Skelmonae Windfarm Ltd","repd_ref":"2685","repd_technology":"Wind Onshore","status":"Application Withdrawn","technology":"wind_onshore"},"type":"Feature"},{"geometry":{"coordinates":[-4.7053058,50.6377508],"type":"Point"},"id":"GG2050-REPD-3019","properties":{"capacity_mw":9.2,"gg_project_id":"GG2050-REPD-3019","name":"Delabole (Repowering)","operator":"Good Energy Generation","repd_ref":"3019","repd_technology":"Wind Onshore","status":"Operational","technology":"wind_onshore"},"type":"Feature"},{"geometry":{"coordinates":[-1.231896,51.9589221],"type":"Point"},"id":"GG2050-REPD-4367","properties":{"capacity_mw":9.2,"gg_project_id":"GG2050-REPD-4367","name":"Fewcott Wind Farm","operator":"Bolsterstone Plc","repd_ref":"4367","repd_technology":"Wind Onshore","status":"Abandoned","technology":"wind_onshore"},"type":"Feature"},{"geometry":{"coordinates":[-2.9511616,56.5685593],"type":"Point"},"id":"GG2050-REPD-4541","properties":{"capacity_mw":9.2,"gg_project_id":"GG2050-REPD-4541","name":"Frawney Wind Farm","operator":"Polar Energy (Finlarg) Ltd","repd_ref":"4541","repd_technology":"Wind Onshore","status":"Application Refused","technology":"wind_onshore"},"type":"Feature"},{"geometry":{"coordinates":[-4.2714515,50.9186851],"type":"Point"},"id":"GG2050-REPD-4624","properties":{"capacity_mw":9.2,"gg_project_id":"GG2050-REPD-4624","name":"Galsworthy Wind Park","operator":"Ecotricity","repd_ref":"4624","repd_technology":"Wind Onshore","status":"Operational","technology":"wind_onshore"},"type":"Feature"},{"geometry":{"coordinates":[-2.1573968,53.7004337],"type":"Point"},"id":"GG2050-REPD-4543","properties":{"capacity_mw":9.2,"gg_project_id":"GG2050-REPD-4543","name":"Gorpley Wind Farm","operator":"Kelda Water Services","repd_ref":"4543","repd_technology":"Wind Onshore","status":"Appeal Withdrawn","technology":"wind_onshore"},"type":"Feature"},{"geometry":{"coordinates":[-7.6735237,54.6676681],"type":"Point"},"id":"GG2050-REPD-4149","properties":{"capacity_mw":9.2,"gg_project_id":"GG2050-REPD-4149","name":"Gronan","operator":"DW Consultancy","repd_ref":"4149","repd_technology":"Wind Onshore","status":"Awaiting Construction","technology":"wind_onshore"},"type":"Feature"},{"geometry":{"coordinates":[-3.3475199,54.853283],"type":"Point"},"id":"GG2050-REPD-3002","properties":{"capacity_mw":9.2,"gg_project_id":"GG2050-REPD-3002","name":"Hellrigg Wind farm","operator":"Npower Renewables","repd_ref":"3002","repd_technology":"Wind Onshore","status":"Operational","technology":"wind_onshore"},"type":"Feature"},{"geometry":{"coordinates":[-1.899263,57.582238],"type":"Point"},"id":"GG2050-REPD-3802","properties":{"capacity_mw":9.2,"gg_project_id":"GG2050-REPD-3802","name":"Land at Overside and Greenwellheads Farms","operator":"Greenside Wind Energy Ltd","repd_ref":"3802","repd_technology":"Wind Onshore","status":"Operational","technology":"wind_onshore"},"type":"Feature"},{"geometry":{"coordinates":[-3.5080694,54.6103026],"type":"Point"},"id":"GG2050-REPD-3794","properties":{"capacity_mw":9.2,"gg_project_id":"GG2050-REPD-3794","name":"Lillyhall Wind Farm","operator":"FCC Environment","repd_ref":"3794","repd_technology":"Wind Onshore","status":"Application Refused","technology":"wind_onshore"},"type":"Feature"},{"geometry":{"coordinates":[-3.2629438,58.5950695],"type":"Point"},"id":"GG2050-REPD-4299","properties":{"capacity_mw":9.2,"gg_project_id":"GG2050-REPD-4299","name":"Lochend Wind Farm","operator":"Wind Harvest","repd_ref":"4299","repd_technology":"Wind Onshore","status":"Operational","technology":"wind_onshore"},"type":"Feature"},{"geometry":{"coordinates":[-2.2500733,57.3424283],"type":"Point"},"id":"GG2050-REPD-2701","properties":{"capacity_mw":9.2,"gg_project_id":"GG2050-REPD-2701","name":"Mains of Cairnbrogie","operator":"Private Developer","repd_ref":"2701","repd_technology":"Wind Onshore","status":"Appeal Refused","technology":"wind_onshore"},"type":"Feature"},{"geometry":{"coordinates":[-4.4667215,55.75413],"type":"Point"},"id":"GG2050-REPD-3857","properties":{"capacity_mw":9.2,"gg_project_id":"GG2050-REPD-3857","name":"NEILSTON WIND FARM","operator":"Renewables Infrastructure Group","repd_ref":"3857","repd_technology":"Wind Onshore","status":"Operational","technology":"wind_onshore"},"type":"Feature"},{"geometry":{"coordinates":[-1.9368425,53.774151],"type":"Point"},"id":"GG2050-REPD-2925","properties":{"capacity_mw":9.2,"gg_project_id":"GG2050-REPD-2925","name":"Ovenden Moor","operator":"Unknown","repd_ref":"2925","repd_technology":"Wind Onshore","status":"Decommissioned","technology":"wind_onshore"},"type":"Feature"},{"geometry":{"coordinates":[-3.1795256,52.2098173],"type":"Point"},"id":"GG2050-REPD-2668","properties":{"capacity_mw":9.2,"gg_project_id":"GG2050-REPD-2668","name":"Pentre Tump","operator":"Private Developer","repd_ref":"2668","repd_technology":"Wind Onshore","status":"Revised","technology":"wind_onshore"},"type":"Feature"},{"geometry":{"coordinates":[-1.043958,52.6962067],"type":"Point"},"id":"GG2050-REPD-2755","properties":{"capacity_mw":9.2,"gg_project_id":"GG2050-REPD-2755","name":"Queniborough wind farm","operator":"Private Developer","repd_ref":"2755","repd_technology":"Wind Onshore","status":"Application Refused","technology":"wind_onshore"},"type":"Feature"},{"geometry":{"coordinates":[-2.999929,52.3195436],"type":"Point"},"id":"GG2050-REPD-4254","properties":{"capacity_mw":9.2,"gg_project_id":"GG2050-REPD-4254","name":"Reeves Hill","operator":"Bolsterstone Innovative Energy","repd_ref":"4254","repd_technology":"Wind Onshore","status":"Planning Permission Expired","technology":"wind_onshore"},"type":"Feature"},{"geometry":{"coordinates":[-7.5596109,54.6063959],"type":"Point"},"id":"GG2050-REPD-4053","properties":{"capacity_mw":9.2,"gg_project_id":"GG2050-REPD-4053","name":"Thornog Windfarm","operator":"Energia Renewables","repd_ref":"4053","repd_technology":"Wind Onshore","status":"Operational","technology":"wind_onshore"},"type":"Feature"},{"geometry":{"coordinates":[-7.5596109,54.6063959],"type":"Point"},"id":"GG2050-REPD-4081","properties":{"capacity_mw":9.2,"gg_project_id":"GG2050-REPD-4081","name":"Thornog Windfarm Extension","operator":"Energia Renewables","repd_ref":"4081","repd_technology":"Wind Onshore","status":"Operational","technology":"wind_onshore"},"type":"Feature"},{"geometry":{"coordinates":[-3.2794156,56.6369707],"type":"Point"},"id":"GG2050-REPD-3396","properties":{"capacity_mw":9.2,"gg_project_id":"GG2050-REPD-3396","name":"Welton Of Creuchies","operator":"Green Cat Renewables","repd_ref":"3396","repd_technology":"Wind Onshore","status":"Operational","technology":"wind_onshore"},"type":"Feature"},{"geometry":{"coordinates":[-3.2744959,56.637093],"type":"Point"},"id":"GG2050-REPD-5649","properties":{"capacity_mw":9.2,"gg_project_id":"GG2050-REPD-5649","name":"Welton of Creuchies","operator":"Private Developer","repd_ref":"5649","repd_technology":"Wind Onshore","status":"Application Withdrawn","technology":"wind_onshore"},"type":"Feature"},{"geometry":{"coordinates":[-3.4059317,53.0254682],"type":"Point"},"id":"GG2050-REPD-3592","properties":{"capacity_mw":9.2,"gg_project_id":"GG2050-REPD-3592","name":"Wern Ddu Wind Farm","operator":"Tegni","repd_ref":"3592","repd_technology":"Wind Onshore","status":"Operational","technology":"wind_onshore"},"type":"Feature"},{"geometry":{"coordinates":[-6.106581,54.8096616],"type":"Point"},"id":"GG2050-REPD-4566","properties":{"capacity_mw":9.2,"gg_project_id":"GG2050-REPD-4566","name":"Whappstown Wind Farm","operator":"TCI Renewables","repd_ref":"4566","repd_technology":"Wind Onshore","status":"Revised","technology":"wind_onshore"},"type":"Feature"},{"geometry":{"coordinates":[-4.5164663,54.8724932],"type":"Point"},"id":"GG2050-REPD-4445","properties":{"capacity_mw":9.1,"gg_project_id":"GG2050-REPD-4445","name":"Balmurrie Fell Wind Farm","operator":"Scottish Southern Energy","repd_ref":"4445","repd_technology":"Wind Onshore","status":"Operational","technology":"wind_onshore"},"type":"Feature"},{"geometry":{"coordinates":[-4.4412529,51.9971115],"type":"Point"},"id":"GG2050-REPD-3240","properties":{"capacity_mw":9.1,"gg_project_id":"GG2050-REPD-3240","name":"Blaen Bowi Wind Farm (Extension)","operator":"Windjen Power Ltd / Dulas Ltd","repd_ref":"3240","repd_technology":"Wind Onshore","status":"Appeal Refused","technology":"wind_onshore"},"type":"Feature"},{"geometry":{"coordinates":[-2.6987992,51.5029091],"type":"Point"},"id":"GG2050-REPD-4159","properties":{"capacity_mw":9.0,"gg_project_id":"GG2050-REPD-4159","name":"Avonmouth Port - extension","operator":"Bristol Port Company","repd_ref":"4159","repd_technology":"Wind Onshore","status":"Operational","technology":"wind_onshore"},"type":"Feature"},{"geometry":{"coordinates":[-5.7612421,55.4057743],"type":"Point"},"id":"GG2050-REPD-3007","properties":{"capacity_mw":9.0,"gg_project_id":"GG2050-REPD-3007","name":"Ballygroggan Farm","operator":"Unknown","repd_ref":"3007","repd_technology":"Wind Onshore","status":"Application Refused","technology":"wind_onshore"},"type":"Feature"},{"geometry":{"coordinates":[-4.4266562,57.7055006],"type":"Point"},"id":"GG2050-REPD-3296","properties":{"capacity_mw":9.0,"gg_project_id":"GG2050-REPD-3296","name":"Bendealt Wind Farm, Highland","operator":"RWE npower","repd_ref":"3296","repd_technology":"Wind Onshore","status":"Operational","technology":"wind_onshore"},"type":"Feature"},{"geometry":{"coordinates":[0.1108688,52.3492034],"type":"Point"},"id":"GG2050-REPD-4341","properties":{"capacity_mw":9.0,"gg_project_id":"GG2050-REPD-4341","name":"Berry Fen Wind Farm","operator":"REG Windpower","repd_ref":"4341","repd_technology":"Wind Onshore","status":"Application Withdrawn","technology":"wind_onshore"},"type":"Feature"},{"geometry":{"coordinates":[-7.3900252,54.676232],"type":"Point"},"id":"GG2050-REPD-4725","properties":{"capacity_mw":9.0,"gg_project_id":"GG2050-REPD-4725","name":"Bessy Bell 2 Extension","operator":"Scottish and Southern Energy (SSE)","repd_ref":"4725","repd_technology":"Wind Onshore","status":"Planning Permission Expired","technology":"wind_onshore"},"type":"Feature"},{"geometry":{"coordinates":[-7.4265394,54.7050357],"type":"Point"},"id":"GG2050-REPD-3168","properties":{"capacity_mw":9.0,"gg_project_id":"GG2050-REPD-3168","name":"Bessy Bell Extension","operator":"Bessy Bell Windfarm","repd_ref":"3168","repd_technology":"Wind Onshore","status":"Operational","technology":"wind_onshore"},"type":"Feature"},{"geometry":{"coordinates":[-0.3890098,52.3186219],"type":"Point"},"id":"GG2050-REPD-3898","properties":{"capacity_mw":9.0,"gg_project_id":"GG2050-REPD-3898","name":"Bicton Wind Farm","operator":"Broadview Energy","repd_ref":"3898","repd_technology":"Wind Onshore","status":"Application Refused","technology":"wind_onshore"},"type":"Feature"},{"geometry":{"coordinates":[-7.6053658,54.6413635],"type":"Point"},"id":"GG2050-REPD-3113","properties":{"capacity_mw":9.0,"gg_project_id":"GG2050-REPD-3113","name":"Bin Mountain","operator":"Greencoat UK Wind","repd_ref":"3113","repd_technology":"Wind Onshore","status":"Operational","technology":"wind_onshore"},"type":"Feature"},{"geometry":{"coordinates":[-4.0900006,55.7416063],"type":"Point"},"id":"GG2050-REPD-3810","properties":{"capacity_mw":9.0,"gg_project_id":"GG2050-REPD-3810","name":"Blantyre Muir Wind Farm","operator":"Blantyre Muir Wind Energy Ltd","repd_ref":"3810","repd_technology":"Wind Onshore","status":"Operational","technology":"wind_onshore"},"type":"Feature"},{"geometry":{"coordinates":[-6.9266316,54.544434],"type":"Point"},"id":"GG2050-REPD-2719","properties":{"capacity_mw":9.0,"gg_project_id":"GG2050-REPD-2719","name":"Cappagh","operator":"Gaelectric Developments","repd_ref":"2719","repd_technology":"Wind Onshore","status":"Application Withdrawn","technology":"wind_onshore"},"type":"Feature"},{"geometry":{"coordinates":[-1.3817959,50.6522413],"type":"Point"},"id":"GG2050-REPD-3107","properties":{"capacity_mw":9.0,"gg_project_id":"GG2050-REPD-3107","name":"Cheverton Down Farm","operator":"Private Developer","repd_ref":"3107","repd_technology":"Wind Onshore","status":"Revised","technology":"wind_onshore"},"type":"Feature"},{"geometry":{"coordinates":[1.5497158,52.445499],"type":"Point"},"id":"GG2050-REPD-2750","properties":{"capacity_mw":9.0,"gg_project_id":"GG2050-REPD-2750","name":"Devonshire Farm","operator":"SRL","repd_ref":"2750","repd_technology":"Wind Onshore","status":"Revised","technology":"wind_onshore"},"type":"Feature"},{"geometry":{"coordinates":[1.5497158,52.445499],"type":"Point"},"id":"GG2050-REPD-3394","properties":{"capacity_mw":9.0,"gg_project_id":"GG2050-REPD-3394","name":"Devonshire Farm","operator":"Unknown","repd_ref":"3394","repd_technology":"Wind Onshore","status":"Application Refused","technology":"wind_onshore"},"type":"Feature"},{"geometry":{"coordinates":[-3.8278911,55.8498433],"type":"Point"},"id":"GG2050-REPD-15125","properties":{"capacity_mw":9.0,"gg_project_id":"GG2050-REPD-15125","name":"Dewshill Wind Farm","operator":"Wind Estate (UK) Ltd","repd_ref":"15125","repd_technology":"Wind Onshore","status":"Awaiting Construction","technology":"wind_onshore"},"type":"Feature"},{"geometry":{"coordinates":[-6.8790379,55.0806258],"type":"Point"},"id":"GG2050-REPD-6187","properties":{"capacity_mw":9.0,"gg_project_id":"GG2050-REPD-6187","name":"Dunbeg Extension","operator":"Gaelectric","repd_ref":"6187","repd_technology":"Wind Onshore","status":"Awaiting Construction","technology":"wind_onshore"},"type":"Feature"},{"geometry":{"coordinates":[-3.4132715,54.6704862],"type":"Point"},"id":"GG2050-REPD-2712","properties":{"capacity_mw":9.0,"gg_project_id":"GG2050-REPD-2712","name":"Former Broughton Lodge Resubmission","operator":"Peel Energy","repd_ref":"2712","repd_technology":"Wind Onshore","status":"Application Refused","technology":"wind_onshore"},"type":"Feature"},{"geometry":{"coordinates":[1.5403879,52.4398696],"type":"Point"},"id":"GG2050-REPD-2748","properties":{"capacity_mw":9.0,"gg_project_id":"GG2050-REPD-2748","name":"Granary farm","operator":"Stamford Renewables","repd_ref":"2748","repd_technology":"Wind Onshore","status":"Revised","technology":"wind_onshore"},"type":"Feature"},{"geometry":{"coordinates":[1.5363753,52.4368148],"type":"Point"},"id":"GG2050-REPD-3393","properties":{"capacity_mw":9.0,"gg_project_id":"GG2050-REPD-3393","name":"Granary farm","operator":"Brian Barker","repd_ref":"3393","repd_technology":"Wind Onshore","status":"Application Refused","technology":"wind_onshore"},"type":"Feature"},{"geometry":{"coordinates":[-3.3218544,54.1968831],"type":"Point"},"id":"GG2050-REPD-5077","properties":{"capacity_mw":9.0,"gg_project_id":"GG2050-REPD-5077","name":"Haverigg Prison","operator":"Partnerships for Renewables","repd_ref":"5077","repd_technology":"Wind Onshore","status":"Abandoned","technology":"wind_onshore"},"type":"Feature"},{"geometry":{"coordinates":[-0.8141971,53.048234],"type":"Point"},"id":"GG2050-REPD-4532","properties":{"capacity_mw":9.0,"gg_project_id":"GG2050-REPD-4532","name":"Hawton Wind Farm","operator":"Temporis Capital","repd_ref":"4532","repd_technology":"Wind Onshore","status":"Operational","technology":"wind_onshore"},"type":"Feature"},{"geometry":{"coordinates":[-2.5634009,54.5782146],"type":"Point"},"id":"GG2050-REPD-2995","properties":{"capacity_mw":9.0,"gg_project_id":"GG2050-REPD-2995","name":"Hoff Moor","operator":"Npower Renewables","repd_ref":"2995","repd_technology":"Wind Onshore","status":"Application Refused","technology":"wind_onshore"},"type":"Feature"},{"geometry":{"coordinates":[-3.5455248,54.6629569],"type":"Point"},"id":"GG2050-REPD-4719","properties":{"capacity_mw":9.0,"gg_project_id":"GG2050-REPD-4719","name":"Iggesund Wind Farm","operator":"Iggesund Paperboard","repd_ref":"4719","repd_technology":"Wind Onshore","status":"Application Refused","technology":"wind_onshore"},"type":"Feature"},{"geometry":{"coordinates":[1.5107932,52.4491536],"type":"Point"},"id":"GG2050-REPD-2749","properties":{"capacity_mw":9.0,"gg_project_id":"GG2050-REPD-2749","name":"Laurels Farm","operator":"Stamford Renewables","repd_ref":"2749","repd_technology":"Wind Onshore","status":"Revised","technology":"wind_onshore"},"type":"Feature"},{"geometry":{"coordinates":[1.5107932,52.4491536],"type":"Point"},"id":"GG2050-REPD-3730","properties":{"capacity_mw":9.0,"gg_project_id":"GG2050-REPD-3730","name":"Laurels Farm","operator":"Stamford Renewables","repd_ref":"3730","repd_technology":"Wind Onshore","status":"Revised","technology":"wind_onshore"},"type":"Feature"},{"geometry":{"coordinates":[-0.6533366,52.2150739],"type":"Point"},"id":"GG2050-REPD-3771","properties":{"capacity_mw":9.0,"gg_project_id":"GG2050-REPD-3771","name":"Nun Wood (Milton Keynes)","operator":"Npower Renewables","repd_ref":"3771","repd_technology":"Wind Onshore","status":"Appeal Refused","technology":"wind_onshore"},"type":"Feature"},{"geometry":{"coordinates":[-0.6622706,52.2192844],"type":"Point"},"id":"GG2050-REPD-3774","properties":{"capacity_mw":9.0,"gg_project_id":"GG2050-REPD-3774","name":"Nun Wood (Wellingborough)","operator":"Npower Renewables","repd_ref":"3774","repd_technology":"Wind Onshore","status":"Appeal Refused","technology":"wind_onshore"},"type":"Feature"},{"geometry":{"coordinates":[0.0994461,53.6688537],"type":"Point"},"id":"GG2050-REPD-2659","properties":{"capacity_mw":9.0,"gg_project_id":"GG2050-REPD-2659","name":"Out Newton Wind Farm","operator":"Powergen Renewables Developments Ltd","repd_ref":"2659","repd_technology":"Wind Onshore","status":"Operational","technology":"wind_onshore"},"type":"Feature"},{"geometry":{"coordinates":[-6.4806768,58.2079473],"type":"Point"},"id":"GG2050-REPD-4272","properties":{"capacity_mw":9.0,"gg_project_id":"GG2050-REPD-4272","name":"Point Wind / Beinn Ghrideag Farm","operator":"Point Power & Energy Ltd / SgurrEnergy","repd_ref":"4272","repd_technology":"Wind Onshore","status":"Operational","technology":"wind_onshore"},"type":"Feature"},{"geometry":{"coordinates":[-3.8407596,55.5823752],"type":"Point"},"id":"GG2050-REPD-3868","properties":{"capacity_mw":9.0,"gg_project_id":"GG2050-REPD-3868","name":"Poniel Wind Turbines","operator":"3R Energy (formerly Lantern Bidco)","repd_ref":"3868","repd_technology":"Wind Onshore","status":"Application Withdrawn","technology":"wind_onshore"},"type":"Feature"},{"geometry":{"coordinates":[-2.9191217,54.0355412],"type":"Point"},"id":"GG2050-REPD-3871","properties":{"capacity_mw":9.0,"gg_project_id":"GG2050-REPD-3871","name":"Port Of Heysham Wind Farm","operator":"Peel Energy","repd_ref":"3871","repd_technology":"Wind Onshore","status":"Application Withdrawn","technology":"wind_onshore"},"type":"Feature"},{"geometry":{"coordinates":[-2.1680947,53.7015157],"type":"Point"},"id":"GG2050-REPD-2609","properties":{"capacity_mw":9.0,"gg_project_id":"GG2050-REPD-2609","name":"Reaps Moss Wind Farm","operator":"S B ENERGY LTD","repd_ref":"2609","repd_technology":"Wind Onshore","status":"Revised","technology":"wind_onshore"},"type":"Feature"},{"geometry":{"coordinates":[-6.3000047,54.6333317],"type":"Point"},"id":"GG2050-REPD-3325","properties":{"capacity_mw":9.0,"gg_project_id":"GG2050-REPD-3325","name":"Seegronan Wind Farm Extension","operator":"Seegronan Windfarm","repd_ref":"3325","repd_technology":"Wind Onshore","status":"Awaiting Construction","technology":"wind_onshore"},"type":"Feature"},{"geometry":{"coordinates":[-4.7894635,55.6634994],"type":"Point"},"id":"GG2050-REPD-4315","properties":{"capacity_mw":9.0,"gg_project_id":"GG2050-REPD-4315","name":"Sorbie Farm","operator":"Energiekontor","repd_ref":"4315","repd_technology":"Wind Onshore","status":"Under Construction","technology":"wind_onshore"},"type":"Feature"},{"geometry":{"coordinates":[-3.4648126,51.5693879],"type":"Point"},"id":"GG2050-REPD-2776","properties":{"capacity_mw":9.0,"gg_project_id":"GG2050-REPD-2776","name":"Taff Ely Wind Farm","operator":"Npower Renewables","repd_ref":"2776","repd_technology":"Wind Onshore","status":"Operational","technology":"wind_onshore"},"type":"Feature"},{"geometry":{"coordinates":[-7.6955798,54.5471356],"type":"Point"},"id":"GG2050-REPD-4688","properties":{"capacity_mw":9.0,"gg_project_id":"GG2050-REPD-4688","name":"Tappaghan Extension","operator":"Greencoat UK Wind","repd_ref":"4688","repd_technology":"Wind Onshore","status":"Operational","technology":"wind_onshore"},"type":"Feature"},{"geometry":{"coordinates":[1.1850115,52.4256024],"type":"Point"},"id":"GG2050-REPD-3977","properties":{"capacity_mw":9.0,"gg_project_id":"GG2050-REPD-3977","name":"Tivetshall St Mary Wind Farm","operator":"Enertrag UK","repd_ref":"3977","repd_technology":"Wind Onshore","status":"Application Withdrawn","technology":"wind_onshore"},"type":"Feature"},{"geometry":{"coordinates":[-3.7460805,55.8717993],"type":"Point"},"id":"GG2050-REPD-3799","properties":{"capacity_mw":9.0,"gg_project_id":"GG2050-REPD-3799","name":"Torrance Farm","operator":"Future Spectrum Ltd","repd_ref":"3799","repd_technology":"Wind Onshore","status":"Operational","technology":"wind_onshore"},"type":"Feature"},{"geometry":{"coordinates":[-0.1719299,52.5579633],"type":"Point"},"id":"GG2050-REPD-3021","properties":{"capacity_mw":9.0,"gg_project_id":"GG2050-REPD-3021","name":"Whittlesey","operator":"REG Windpower (previously Cornwall Light and Power)","repd_ref":"3021","repd_technology":"Wind Onshore","status":"Operational","technology":"wind_onshore"},"type":"Feature"},{"geometry":{"coordinates":[-7.0699227,54.9321398],"type":"Point"},"id":"GG2050-REPD-15152","properties":{"capacity_mw":8.8,"gg_project_id":"GG2050-REPD-15152","name":"62 Muldonagh Road, Claudy - Wind Turbine","operator":"Unknown","repd_ref":"15152","repd_technology":"Wind Onshore","status":"Application Submitted","technology":"wind_onshore"},"type":"Feature"},{"geometry":{"coordinates":[-5.7853528,54.4940916],"type":"Point"},"id":"GG2050-REPD-16646","properties":{"capacity_mw":8.8,"gg_project_id":"GG2050-REPD-16646","name":"Carrickmannon Road, Ballygowan - Wind Turbine","operator":"Unknown","repd_ref":"16646","repd_technology":"Wind Onshore","status":"Application Submitted","technology":"wind_onshore"},"type":"Feature"},{"geometry":{"coordinates":[-3.0971805,54.7634621],"type":"Point"},"id":"GG2050-REPD-3490","properties":{"capacity_mw":8.8,"gg_project_id":"GG2050-REPD-3490","name":"Hilltop Wind Farm","operator":"Cumbria Wind Farms","repd_ref":"3490","repd_technology":"Wind Onshore","status":"Application Refused","technology":"wind_onshore"},"type":"Feature"},{"geometry":{"coordinates":[0.8632499,51.3960409],"type":"Point"},"id":"GG2050-REPD-4403","properties":{"capacity_mw":8.8,"gg_project_id":"GG2050-REPD-4403","name":"New Rides Wind Farm","operator":"Airvolution Energy","repd_ref":"4403","repd_technology":"Wind Onshore","status":"Operational","technology":"wind_onshore"},"type":"Feature"},{"geometry":{"coordinates":[-3.5040592,54.6287774],"type":"Point"},"id":"GG2050-REPD-3492","properties":{"capacity_mw":8.8,"gg_project_id":"GG2050-REPD-3492","name":"Winscales Phase I and II","operator":"Cumbria Wind Farms","repd_ref":"3492","repd_technology":"Wind Onshore","status":"Operational","technology":"wind_onshore"},"type":"Feature"},{"geometry":{"coordinates":[-6.0806104,54.804297],"type":"Point"},"id":"GG2050-REPD-3242","properties":{"capacity_mw":8.8,"gg_project_id":"GG2050-REPD-3242","name":"Wolf Bog Wind Farm","operator":"B9 Energy / RES","repd_ref":"3242","repd_technology":"Wind Onshore","status":"Operational","technology":"wind_onshore"},"type":"Feature"},{"geometry":{"coordinates":[-0.6088793,52.2362715],"type":"Point"},"id":"GG2050-REPD-4116","properties":{"capacity_mw":8.6,"gg_project_id":"GG2050-REPD-4116","name":"Airfield Farm (Podington)","operator":"Airvolution Energy","repd_ref":"4116","repd_technology":"Wind Onshore","status":"Operational","technology":"wind_onshore"},"type":"Feature"},{"geometry":{"coordinates":[-0.6502461,52.3502345],"type":"Point"},"id":"GG2050-REPD-3821","properties":{"capacity_mw":8.6,"gg_project_id":"GG2050-REPD-3821","name":"Burton Wold Wind Farm Extension (Southern)","operator":"Infinergy","repd_ref":"3821","repd_technology":"Wind Onshore","status":"Abandoned","technology":"wind_onshore"},"type":"Feature"},{"geometry":{"coordinates":[-1.4021087,53.573974],"type":"Point"},"id":"GG2050-REPD-4410","properties":{"capacity_mw":8.6,"gg_project_id":"GG2050-REPD-4410","name":"Park Spring Wind Farm","operator":"EDF Energy Renewables","repd_ref":"4410","repd_technology":"Wind Onshore","status":"Operational","technology":"wind_onshore"},"type":"Feature"},{"geometry":{"coordinates":[-3.4802638,58.4701948],"type":"Point"},"id":"GG2050-REPD-18893","properties":{"capacity_mw":8.52,"gg_project_id":"GG2050-REPD-18893","name":"Achlachan Wind Farm 2, Watten - Wind Farm","operator":"Whirlwind Renewables","repd_ref":"18893","repd_technology":"Wind Onshore","status":"Awaiting Construction","technology":"wind_onshore"},"type":"Feature"},{"geometry":{"coordinates":[-4.6053356,55.5898153],"type":"Point"},"id":"GG2050-REPD-13098","properties":{"capacity_mw":8.52,"gg_project_id":"GG2050-REPD-13098","name":"Olympic Business Park, Dundonald - 2 Wind Turbines","operator":"The Farm Energy Partnership","repd_ref":"13098","repd_technology":"Wind Onshore","status":"Application Refused","technology":"wind_onshore"},"type":"Feature"},{"geometry":{"coordinates":[-3.7789741,55.9042905],"type":"Point"},"id":"GG2050-REPD-4218","properties":{"capacity_mw":8.5,"gg_project_id":"GG2050-REPD-4218","name":"Drumduff","operator":"Green Breeze Energy Ltd","repd_ref":"4218","repd_technology":"Wind Onshore","status":"Operational","technology":"wind_onshore"},"type":"Feature"},{"geometry":{"coordinates":[-4.7893366,54.8766877],"type":"Point"},"id":"GG2050-REPD-8400","properties":{"capacity_mw":8.4,"gg_project_id":"GG2050-REPD-8400","name":"Barlockhart Moor Wind Turbines","operator":"Barlockhart Moor Wind Energy Limited","repd_ref":"8400","repd_technology":"Wind Onshore","status":"Awaiting Construction","technology":"wind_onshore"},"type":"Feature"},{"geometry":{"coordinates":[-6.4321613,57.4698579],"type":"Point"},"id":"GG2050-REPD-8537","properties":{"capacity_mw":8.4,"gg_project_id":"GG2050-REPD-8537","name":"Ben Sca 2 Wind Turbines","operator":"Ben Sca Wind Farms Limited","repd_ref":"8537","repd_technology":"Wind Onshore","status":"Revised","technology":"wind_onshore"},"type":"Feature"},{"geometry":{"coordinates":[-3.7759718,55.8396403],"type":"Point"},"id":"GG2050-REPD-6819","properties":{"capacity_mw":8.4,"gg_project_id":"GG2050-REPD-6819","name":"Brownhill Farm","operator":"Wind Estate","repd_ref":"6819","repd_technology":"Wind Onshore","status":"Revised","technology":"wind_onshore"},"type":"Feature"},{"geometry":{"coordinates":[-3.7759718,55.8396403],"type":"Point"},"id":"GG2050-REPD-7991","properties":{"capacity_mw":8.4,"gg_project_id":"GG2050-REPD-7991","name":"Brownhill Farm","operator":"Wind Estate","repd_ref":"7991","repd_technology":"Wind Onshore","status":"Under Construction","technology":"wind_onshore"},"type":"Feature"},{"geometry":{"coordinates":[-3.0919651,59.0891193],"type":"Point"},"id":"GG2050-REPD-6643","properties":{"capacity_mw":8.4,"gg_project_id":"GG2050-REPD-6643","name":"Hammars Hill Wind Farm Extension","operator":"Hammars Hill Energy","repd_ref":"6643","repd_technology":"Wind Onshore","status":"Planning Permission Expired","technology":"wind_onshore"},"type":"Feature"},{"geometry":{"coordinates":[-4.5337462,51.7591813],"type":"Point"},"id":"GG2050-REPD-2950","properties":{"capacity_mw":8.4,"gg_project_id":"GG2050-REPD-2950","name":"Parc Cynog Extension","operator":"Nuon","repd_ref":"2950","repd_technology":"Wind Onshore","status":"Operational","technology":"wind_onshore"},"type":"Feature"},{"geometry":{"coordinates":[-3.8437509,55.7745319],"type":"Point"},"id":"GG2050-REPD-15144","properties":{"capacity_mw":8.4,"gg_project_id":"GG2050-REPD-15144","name":"Watsonhead Wind Farm","operator":"Green Cat Renewables","repd_ref":"15144","repd_technology":"Wind Onshore","status":"Operational","technology":"wind_onshore"},"type":"Feature"},{"geometry":{"coordinates":[-3.6055464,55.7583926],"type":"Point"},"id":"GG2050-REPD-4281","properties":{"capacity_mw":8.3,"gg_project_id":"GG2050-REPD-4281","name":"Muirhall South","operator":"Muirhall Energy","repd_ref":"4281","repd_technology":"Wind Onshore","status":"Operational","technology":"wind_onshore"},"type":"Feature"},{"geometry":{"coordinates":[-2.6734974,51.5115272],"type":"Point"},"id":"GG2050-REPD-3664","properties":{"capacity_mw":8.2,"gg_project_id":"GG2050-REPD-3664","name":"Avonmouth Wind Power","operator":"Wessex Water Engineering Services","repd_ref":"3664","repd_technology":"Wind Onshore","status":"Operational","technology":"wind_onshore"},"type":"Feature"},{"geometry":{"coordinates":[-4.7650514,54.8772164],"type":"Point"},"id":"GG2050-REPD-4491","properties":{"capacity_mw":8.2,"gg_project_id":"GG2050-REPD-4491","name":"BARLOCKHART MOOR - extension","operator":"West Coast Energy","repd_ref":"4491","repd_technology":"Wind Onshore","status":"Planning Permission Expired","technology":"wind_onshore"},"type":"Feature"},{"geometry":{"coordinates":[0.6907598,52.8568782],"type":"Point"},"id":"GG2050-REPD-4657","properties":{"capacity_mw":8.2,"gg_project_id":"GG2050-REPD-4657","name":"Chiplow","operator":"Blue Energy","repd_ref":"4657","repd_technology":"Wind Onshore","status":"Operational","technology":"wind_onshore"},"type":"Feature"},{"geometry":{"coordinates":[-0.6332278,51.9522011],"type":"Point"},"id":"GG2050-REPD-20963","properties":{"capacity_mw":8.2,"gg_project_id":"GG2050-REPD-20963","name":"Eastern Way","operator":"Arnold White Estates Limited","repd_ref":"20963","repd_technology":"Wind Onshore","status":"Application Submitted","technology":"wind_onshore"},"type":"Feature"},{"geometry":{"coordinates":[-1.4271576,54.8272853],"type":"Point"},"id":"GG2050-REPD-3504","properties":{"capacity_mw":8.2,"gg_project_id":"GG2050-REPD-3504","name":"Great Eppleton Farm Repowering","operator":"E.ON UK","repd_ref":"3504","repd_technology":"Wind Onshore","status":"Operational","technology":"wind_onshore"},"type":"Feature"},{"geometry":{"coordinates":[-2.3845521,53.7187226],"type":"Point"},"id":"GG2050-REPD-4384","properties":{"capacity_mw":8.2,"gg_project_id":"GG2050-REPD-4384","name":"Hyndburn Wind Farm Extension","operator":"Energiekontor UK","repd_ref":"4384","repd_technology":"Wind Onshore","status":"Awaiting Construction","technology":"wind_onshore"},"type":"Feature"},{"geometry":{"coordinates":[0.7478733,51.4430456],"type":"Point"},"id":"GG2050-REPD-3738","properties":{"capacity_mw":8.2,"gg_project_id":"GG2050-REPD-3738","name":"Port of Sheerness Wind Farm (was Lappel Bank)","operator":"Peel Energy","repd_ref":"3738","repd_technology":"Wind Onshore","status":"Operational","technology":"wind_onshore"},"type":"Feature"},{"geometry":{"coordinates":[-1.6182472,55.2498739],"type":"Point"},"id":"GG2050-REPD-4167","properties":{"capacity_mw":8.2,"gg_project_id":"GG2050-REPD-4167","name":"Sisters","operator":"Infinis (formerly Novera Energy)","repd_ref":"4167","repd_technology":"Wind Onshore","status":"Operational","technology":"wind_onshore"},"type":"Feature"},{"geometry":{"coordinates":[-4.9964654,51.7021391],"type":"Point"},"id":"GG2050-REPD-4661","properties":{"capacity_mw":8.2,"gg_project_id":"GG2050-REPD-4661","name":"Wear Point","operator":"John Laing Environmental Assets Group","repd_ref":"4661","repd_technology":"Wind Onshore","status":"Operational","technology":"wind_onshore"},"type":"Feature"},{"geometry":{"coordinates":[-0.1656291,53.8590188],"type":"Point"},"id":"GG2050-REPD-4432","properties":{"capacity_mw":8.2,"gg_project_id":"GG2050-REPD-4432","name":"Withernwick extension","operator":"Energiekontor UK","repd_ref":"4432","repd_technology":"Wind Onshore","status":"Operational","technology":"wind_onshore"},"type":"Feature"},{"geometry":{"coordinates":[-4.7879071,54.8656989],"type":"Point"},"id":"GG2050-REPD-4435","properties":{"capacity_mw":8.1,"gg_project_id":"GG2050-REPD-4435","name":"Barlockhart Moor","operator":"West Coast Energy","repd_ref":"4435","repd_technology":"Wind Onshore","status":"Operational","technology":"wind_onshore"},"type":"Feature"},{"geometry":{"coordinates":[-5.5682602,56.3271518],"type":"Point"},"id":"GG2050-REPD-3906","properties":{"capacity_mw":8.1,"gg_project_id":"GG2050-REPD-3906","name":"CLACHAN SEIL WIND FARM","operator":"Green Cat Renewables","repd_ref":"3906","repd_technology":"Wind Onshore","status":"Application Refused","technology":"wind_onshore"},"type":"Feature"},{"geometry":{"coordinates":[0.8647278,50.9680173],"type":"Point"},"id":"GG2050-REPD-4592","properties":{"capacity_mw":8.0,"gg_project_id":"GG2050-REPD-4592","name":"Agney Farm","operator":"Airvolution Energy","repd_ref":"4592","repd_technology":"Wind Onshore","status":"Appeal Withdrawn","technology":"wind_onshore"},"type":"Feature"},{"geometry":{"coordinates":[-1.7607158,54.7502177],"type":"Point"},"id":"GG2050-REPD-2983","properties":{"capacity_mw":8.0,"gg_project_id":"GG2050-REPD-2983","name":"Broom Hill Farm","operator":"EDF Energy","repd_ref":"2983","repd_technology":"Wind Onshore","status":"Operational","technology":"wind_onshore"},"type":"Feature"},{"geometry":{"coordinates":[-1.3899701,54.3715483],"type":"Point"},"id":"GG2050-REPD-4145","properties":{"capacity_mw":8.0,"gg_project_id":"GG2050-REPD-4145","name":"Bullamoor","operator":"Muirhall Energy (formerly Infinis)","repd_ref":"4145","repd_technology":"Wind Onshore","status":"Planning Permission Expired","technology":"wind_onshore"},"type":"Feature"},{"geometry":{"coordinates":[-1.3117605,51.1887007],"type":"Point"},"id":"GG2050-REPD-4096","properties":{"capacity_mw":8.0,"gg_project_id":"GG2050-REPD-4096","name":"Bullington Cross Wind Farm (Basingstoke and Deane)","operator":"EDF","repd_ref":"4096","repd_technology":"Wind Onshore","status":"Appeal Withdrawn","technology":"wind_onshore"},"type":"Feature"},{"geometry":{"coordinates":[-1.6335878,53.0844551],"type":"Point"},"id":"GG2050-REPD-4665","properties":{"capacity_mw":8.0,"gg_project_id":"GG2050-REPD-4665","name":"Carsington Pasture","operator":"Carsington Wind Energy Limited","repd_ref":"4665","repd_technology":"Wind Onshore","status":"Operational","technology":"wind_onshore"},"type":"Feature"},{"geometry":{"coordinates":[-1.7042279,53.5613406],"type":"Point"},"id":"GG2050-REPD-3082","properties":{"capacity_mw":8.0,"gg_project_id":"GG2050-REPD-3082","name":"Dearne Head Wind Farm","operator":"Pure Renewable Energy Limited","repd_ref":"3082","repd_technology":"Wind Onshore","status":"Application Refused","technology":"wind_onshore"},"type":"Feature"},{"geometry":{"coordinates":[-6.0638146,54.778464],"type":"Point"},"id":"GG2050-REPD-4046","properties":{"capacity_mw":8.0,"gg_project_id":"GG2050-REPD-4046","name":"Drumadarragh Wind Farm","operator":"Drumdarragh Windfarm Ltd","repd_ref":"4046","repd_technology":"Wind Onshore","status":"Appeal Refused","technology":"wind_onshore"},"type":"Feature"},{"geometry":{"coordinates":[-0.102945,52.6656785],"type":"Point"},"id":"GG2050-REPD-4271","properties":{"capacity_mw":8.0,"gg_project_id":"GG2050-REPD-4271","name":"French Farm 2 (Extension)","operator":"REG Windpower","repd_ref":"4271","repd_technology":"Wind Onshore","status":"Application Refused","technology":"wind_onshore"},"type":"Feature"},{"geometry":{"coordinates":[-7.4934489,54.3758821],"type":"Point"},"id":"GG2050-REPD-4284","properties":{"capacity_mw":8.0,"gg_project_id":"GG2050-REPD-4284","name":"Garranbane Wind Farm","operator":"Garranbane Wind Farm Ltd","repd_ref":"4284","repd_technology":"Wind Onshore","status":"Appeal Withdrawn","technology":"wind_onshore"},"type":"Feature"},{"geometry":{"coordinates":[-1.254957,53.576582],"type":"Point"},"id":"GG2050-REPD-3957","properties":{"capacity_mw":8.0,"gg_project_id":"GG2050-REPD-3957","name":"Hampole Wind Farm","operator":"Good Energy (previously nPower Renewables)","repd_ref":"3957","repd_technology":"Wind Onshore","status":"Operational","technology":"wind_onshore"},"type":"Feature"},{"geometry":{"coordinates":[-4.6540537,50.6569197],"type":"Point"},"id":"GG2050-REPD-3029","properties":{"capacity_mw":8.0,"gg_project_id":"GG2050-REPD-3029","name":"Hendraburnick","operator":"Ecotricity","repd_ref":"3029","repd_technology":"Wind Onshore","status":"Application Withdrawn","technology":"wind_onshore"},"type":"Feature"},{"geometry":{"coordinates":[-1.6188172,53.9961474],"type":"Point"},"id":"GG2050-REPD-4551","properties":{"capacity_mw":8.0,"gg_project_id":"GG2050-REPD-4551","name":"High Boar Wind Farm","operator":"Tapar","repd_ref":"4551","repd_technology":"Wind Onshore","status":"Application Refused","technology":"wind_onshore"},"type":"Feature"},{"geometry":{"coordinates":[-2.8545886,57.3863067],"type":"Point"},"id":"GG2050-REPD-2693","properties":{"capacity_mw":8.0,"gg_project_id":"GG2050-REPD-2693","name":"Hill of Corskie","operator":"Oosterhof & Co","repd_ref":"2693","repd_technology":"Wind Onshore","status":"Revised","technology":"wind_onshore"},"type":"Feature"},{"geometry":{"coordinates":[-3.5731067,58.5319589],"type":"Point"},"id":"GG2050-REPD-3182","properties":{"capacity_mw":8.0,"gg_project_id":"GG2050-REPD-3182","name":"Hill of Lieurary","operator":"Scotrenewables","repd_ref":"3182","repd_technology":"Wind Onshore","status":"Application Refused","technology":"wind_onshore"},"type":"Feature"},{"geometry":{"coordinates":[-1.6706204,52.6851201],"type":"Point"},"id":"GG2050-REPD-2729","properties":{"capacity_mw":8.0,"gg_project_id":"GG2050-REPD-2729","name":"Hogs Hill","operator":"Prowind","repd_ref":"2729","repd_technology":"Wind Onshore","status":"Revised","technology":"wind_onshore"},"type":"Feature"},{"geometry":{"coordinates":[-4.884172,55.7340139],"type":"Point"},"id":"GG2050-REPD-6080","properties":{"capacity_mw":8.0,"gg_project_id":"GG2050-REPD-6080","name":"Hunterston Test Centre (Phase 2)","operator":"Scottish Enterprise/SSE","repd_ref":"6080","repd_technology":"Wind Onshore","status":"Application Withdrawn","technology":"wind_onshore"},"type":"Feature"},{"geometry":{"coordinates":[-1.3262606,54.5462078],"type":"Point"},"id":"GG2050-REPD-4390","properties":{"capacity_mw":8.0,"gg_project_id":"GG2050-REPD-4390","name":"Lambs Hill","operator":"Banks Renewables","repd_ref":"4390","repd_technology":"Wind Onshore","status":"Operational","technology":"wind_onshore"},"type":"Feature"},{"geometry":{"coordinates":[-0.2614471,54.0347689],"type":"Point"},"id":"GG2050-REPD-4259","properties":{"capacity_mw":8.0,"gg_project_id":"GG2050-REPD-4259","name":"Land South Of Demming Farm","operator":"Airvolution Energy","repd_ref":"4259","repd_technology":"Wind Onshore","status":"Application Refused","technology":"wind_onshore"},"type":"Feature"},{"geometry":{"coordinates":[-1.6757997,54.8237371],"type":"Point"},"id":"GG2050-REPD-3248","properties":{"capacity_mw":8.0,"gg_project_id":"GG2050-REPD-3248","name":"Langley Moor","operator":"EDF Energy","repd_ref":"3248","repd_technology":"Wind Onshore","status":"Operational","technology":"wind_onshore"},"type":"Feature"},{"geometry":{"coordinates":[-1.1791644,52.502397],"type":"Point"},"id":"GG2050-REPD-3682","properties":{"capacity_mw":8.0,"gg_project_id":"GG2050-REPD-3682","name":"Low Spinney Wind Farm","operator":"Infinis, previously Broadview Energy Developments","repd_ref":"3682","repd_technology":"Wind Onshore","status":"Operational","technology":"wind_onshore"},"type":"Feature"},{"geometry":{"coordinates":[-2.3357904,52.9547131],"type":"Point"},"id":"GG2050-REPD-3067","properties":{"capacity_mw":8.0,"gg_project_id":"GG2050-REPD-3067","name":"Maer Hills Wind Farm","operator":"Claymoss Properties Limited","repd_ref":"3067","repd_technology":"Wind Onshore","status":"Abandoned","technology":"wind_onshore"},"type":"Feature"},{"geometry":{"coordinates":[-1.2397138,53.5330355],"type":"Point"},"id":"GG2050-REPD-3963","properties":{"capacity_mw":8.0,"gg_project_id":"GG2050-REPD-3963","name":"Marr Windfarm","operator":"Banks Renewables","repd_ref":"3963","repd_technology":"Wind Onshore","status":"Operational","technology":"wind_onshore"},"type":"Feature"},{"geometry":{"coordinates":[-3.7457392,51.58298],"type":"Point"},"id":"GG2050-REPD-4193","properties":{"capacity_mw":8.0,"gg_project_id":"GG2050-REPD-4193","name":"Mynydd Brombil Wind Farm","operator":"REG Windpower","repd_ref":"4193","repd_technology":"Wind Onshore","status":"Operational","technology":"wind_onshore"},"type":"Feature"},{"geometry":{"coordinates":[-0.1223895,52.4681395],"type":"Point"},"id":"GG2050-REPD-4414","properties":{"capacity_mw":8.0,"gg_project_id":"GG2050-REPD-4414","name":"Ramsey Wind Farm Extension","operator":"REG Windpower","repd_ref":"4414","repd_technology":"Wind Onshore","status":"Operational","technology":"wind_onshore"},"type":"Feature"},{"geometry":{"coordinates":[-2.3099164,51.0659968],"type":"Point"},"id":"GG2050-REPD-3055","properties":{"capacity_mw":8.0,"gg_project_id":"GG2050-REPD-3055","name":"Silton Wind Park","operator":"Ecotricity / Next Generation","repd_ref":"3055","repd_technology":"Wind Onshore","status":"Revised","technology":"wind_onshore"},"type":"Feature"},{"geometry":{"coordinates":[-1.2378225,52.4344549],"type":"Point"},"id":"GG2050-REPD-5221","properties":{"capacity_mw":8.0,"gg_project_id":"GG2050-REPD-5221","name":"Swift Wind Farm","operator":"Renewable Energy Systems (RES)","repd_ref":"5221","repd_technology":"Wind Onshore","status":"Application Withdrawn","technology":"wind_onshore"},"type":"Feature"},{"geometry":{"coordinates":[-1.2560335,52.4300307],"type":"Point"},"id":"GG2050-REPD-3899","properties":{"capacity_mw":8.0,"gg_project_id":"GG2050-REPD-3899","name":"Swift Wind Farm (Bransford Bridge)","operator":"Renewable Energy Systems (RES)","repd_ref":"3899","repd_technology":"Wind Onshore","status":"Appeal Refused","technology":"wind_onshore"},"type":"Feature"},{"geometry":{"coordinates":[-1.7079095,55.1359821],"type":"Point"},"id":"GG2050-REPD-3869","properties":{"capacity_mw":8.0,"gg_project_id":"GG2050-REPD-3869","name":"Tranwell Airfield Wind Farm","operator":"Wind Ventures","repd_ref":"3869","repd_technology":"Wind Onshore","status":"Application Refused","technology":"wind_onshore"},"type":"Feature"},{"geometry":{"coordinates":[-4.9940162,51.6560712],"type":"Point"},"id":"GG2050-REPD-2629","properties":{"capacity_mw":7.9,"gg_project_id":"GG2050-REPD-2629","name":"Corston Windfarm","operator":"NOVERA / Renewable Energy Systems (RES)","repd_ref":"2629","repd_technology":"Wind Onshore","status":"Application Refused","technology":"wind_onshore"},"type":"Feature"},{"geometry":{"coordinates":[-5.2977141,56.3823478],"type":"Point"},"id":"GG2050-REPD-3295","properties":{"capacity_mw":7.8,"gg_project_id":"GG2050-REPD-3295","name":"Beinn Ghlas Wind Farm","operator":"RWE npower","repd_ref":"3295","repd_technology":"Wind Onshore","status":"Operational","technology":"wind_onshore"},"type":"Feature"},{"geometry":{"coordinates":[-4.9018343,51.9551793],"type":"Point"},"id":"GG2050-REPD-2643","properties":{"capacity_mw":7.8,"gg_project_id":"GG2050-REPD-2643","name":"Cilciffeth 'A' Wind Farm","operator":"South Wales Power / SWALEC / National Windpower","repd_ref":"2643","repd_technology":"Wind Onshore","status":"Application Refused","technology":"wind_onshore"},"type":"Feature"},{"geometry":{"coordinates":[-4.8974744,51.9552868],"type":"Point"},"id":"GG2050-REPD-2646","properties":{"capacity_mw":7.8,"gg_project_id":"GG2050-REPD-2646","name":"Cilciffeth 'B' Wind Farm","operator":"South Wales Power / SWALEC / National Windpower","repd_ref":"2646","repd_technology":"Wind Onshore","status":"Application Refused","technology":"wind_onshore"},"type":"Feature"},{"geometry":{"coordinates":[-5.0871273,54.8684711],"type":"Point"},"id":"GG2050-REPD-4528","properties":{"capacity_mw":7.8,"gg_project_id":"GG2050-REPD-4528","name":"Craigenlee Wind Farm","operator":"RWE npower","repd_ref":"4528","repd_technology":"Wind Onshore","status":"Application Withdrawn","technology":"wind_onshore"},"type":"Feature"}],"partition":3,"release":"9.1","schema":"globalgrid2050.v9.atlas-projects.v9.1","technology":"wind_onshore","type":"FeatureCollection"}
