{"type":"FeatureCollection","crs":{"type":"name","properties":{"name":"EPSG:4326"}},"features":[{"type":"Feature","id":1,"geometry":{"type":"Polygon","coordinates":[[[-3.67755298699996,54.7522049990001],[-3.69013698699996,54.7443099980001],[-3.69183701699995,54.7447469410001],[-3.70505798799996,54.748144999],[-3.70505664399997,54.748146653],[-3.70173298799995,54.7522369980001],[-3.73993698799995,54.7629299980001],[-3.68454198799998,54.782792999],[-3.66930798799996,54.772747999],[-3.67755298699996,54.7522049990001]]]},"properties":{"Property_Description":"Robin Rigg East","Tenant_Name":"RWE Renewables UK","Lease_Type_Description":"Lease Marine","Property_Classification":"Wind Farm","Project_Phase":"Operational","Capacity_MW":84,"OBJECTID_1":1,"Shape__Area":0.0013757320141962737,"Shape__Length":0.17443830929643878}},{"type":"Feature","id":2,"geometry":{"type":"Polygon","coordinates":[[[-3.74204998699997,54.734299999],[-3.75653198699996,54.753459999],[-3.73993698799995,54.7629299980001],[-3.70173298799995,54.7522369980001],[-3.70505798799996,54.748146999],[-3.70505664399997,54.748146653],[-3.69183701699995,54.7447469410001],[-3.69013798799995,54.7443099990001],[-3.70257998799997,54.7353729980001],[-3.74204998699997,54.734299999]]]},"properties":{"Property_Description":"Robin Rigg West","Tenant_Name":"RWE Renewables UK","Lease_Type_Description":"Lease Marine","Property_Classification":"Wind Farm","Project_Phase":"Operational","Capacity_MW":90,"OBJECTID_1":2,"Shape__Area":0.001182332076538728,"Shape__Length":0.15827667434796333}},{"type":"Feature","id":3,"geometry":{"type":"Polygon","coordinates":[[[-2.82026844699993,58.1830313140001],[-2.82011809699998,58.1830287660001],[-2.81996876399995,58.1830192090001],[-2.81982161399998,58.1830027170001],[-2.81967779899998,58.182979421],[-2.81953844599997,58.182949502],[-2.81940464299993,58.1829131960001],[-2.81927743999995,58.182870784],[-2.81915783099993,58.1828226010001],[-2.81904675399994,58.1827690220001],[-2.81894507499993,58.182710468],[-2.81885359199993,58.1826473950001],[-2.81877302099997,58.1825803],[-2.81870399099995,58.1825097060001],[-2.81864704699996,58.1824361650001],[-2.81860262999993,58.1823602530001],[-2.81857108699995,58.182282565],[-2.81855266699995,58.1822037090001],[-2.81854751199995,58.182124301],[-2.81855566599995,58.1820449640001],[-2.81857706199997,58.181966317],[-2.81861153399996,58.181888977],[-2.81865880999993,58.1818135490001],[-2.81871852199993,58.1817406230001],[-2.81879020099996,58.181670771],[-2.81887328899995,58.1816045370001],[-2.81896713299994,58.181542441],[-2.81907099699993,58.18148497],[-2.81918407199993,58.1814325720001],[-2.81930547199994,58.1813856580001],[-2.81943424499997,58.1813445940001],[-2.81956938099995,58.1813097030001],[-2.81970983199994,58.1812812570001],[-2.81985448899997,58.1812594790001],[-2.82000222599993,58.181244539],[-2.82015188399993,58.1812365550001],[-2.82030228799994,58.181235588],[-2.82045227099997,58.181241646],[-2.82060065199994,58.1812546830001],[-2.82074626999997,58.1812745940001],[-2.82088798599995,58.1813012270001],[-2.82102469299997,58.181334371],[-2.82115531799997,58.1813737670001],[-2.82127884499994,58.1814191070001],[-2.82139429999995,58.1814700360001],[-2.82150078099994,58.181526155],[-2.82159745799993,58.181587026],[-2.82168357299997,58.181652172],[-2.82175844799997,58.1817210830001],[-2.82182150299997,58.181793219],[-2.82187223899996,58.1818680170001],[-2.82191026199996,58.1819448910001],[-2.82193527499993,58.18202324],[-2.82194708199995,58.1821024490001],[-2.82194558899994,58.1821818990001],[-2.82193080699994,58.182260969],[-2.82190285299993,58.18233904],[-2.82186194699995,58.1824155],[-2.82180840399997,58.182489751],[-2.82174264999998,58.1825612110001],[-2.82166519399993,58.1826293220001],[-2.82157664299996,58.182693552],[-2.82147769399995,58.1827533960001],[-2.82136911799995,58.1828083870001],[-2.82125176299996,58.182858093],[-2.82112655299994,58.182902127],[-2.82099446299998,58.1829401430001],[-2.82085652999996,58.1829718440001],[-2.82071383099998,58.1829969820001],[-2.82056748399998,58.1830153600001],[-2.82041863399996,58.183026834],[-2.82026844699993,58.1830313140001]]]},"properties":{"Property_Description":"Moray East Met Mast","Tenant_Name":"Moray Offshore Wind Farm","Lease_Type_Description":"Lease Marine","Property_Classification":"Substation","Project_Phase":"Operational","Capacity_MW":0,"OBJECTID_1":3,"Shape__Area":4.7912997445109795E-06,"Shape__Length":0.0083562557167221555}},{"type":"Feature","id":4,"geometry":{"type":"Polygon","coordinates":[[[-3.02072047399997,56.1732769440001],[-3.02058089499997,56.1733228950001],[-3.02036544999993,56.1733931850001],[-3.02026495499996,56.173422637],[-3.02024765199997,56.173427707],[-3.02013114899995,56.1734618500001],[-3.01976372199994,56.1738208830001],[-3.01972982999996,56.1738349650001],[-3.01965856999993,56.1738769780001],[-3.01805892099998,56.1742970770001],[-3.01707198699995,56.173414],[-3.01977998599995,56.1724520010001],[-3.02072047399997,56.1732769440001]]]},"properties":{"Property_Description":"Methil Demo","Tenant_Name":"ORE Catapult Ltd","Lease_Type_Description":"Lease Marine","Property_Classification":"Wind Farm","Project_Phase":"Operational","Capacity_MW":7,"OBJECTID_1":4,"Shape__Area":3.4359991190058281E-06,"Shape__Length":0.0083539102050918732}},{"type":"Feature","id":5,"geometry":{"type":"Polygon","coordinates":[[[-2.23566563799994,56.4369374010001],[-2.23589510699998,56.4368119220001],[-2.23613339999997,56.4366915940001],[-2.23638013499993,56.43657661],[-2.23663492299994,56.436467151],[-2.23689736799997,56.4363633900001],[-2.23716704599997,56.436265489],[-2.23744353899997,56.4361736070001],[-2.23772640299995,56.4360878840001],[-2.23801519699992,56.43600846],[-2.23830945499998,56.4359354580001],[-2.23860872299997,56.4358689950001],[-2.23891252299995,56.4358091770001],[-2.23922037099993,56.4357560940001],[-2.23953178699998,56.435709833],[-2.23984627499993,56.4356704680001],[-2.24016333999998,56.4356380610001],[-2.24048247799993,56.4356126590001],[-2.24080318599994,56.4355943090001],[-2.24112496099997,56.435583034],[-2.24144728499994,56.4355788570001],[-2.24176965699996,56.4355817790001],[-2.24209156499995,56.4355918000001],[-2.24241249599993,56.4356089020001],[-2.24273195099994,56.4356330570001],[-2.24304941699995,56.43566423],[-2.24319514299998,56.435681877],[-2.24917383099995,56.4414804080001],[-2.24913571099995,56.4415453240001],[-2.24902384299997,56.4417128540001],[-2.24890003699994,56.441877785],[-2.24876449599998,56.4420398610001],[-2.24861742099995,56.4421988240001],[-2.24845905699993,56.442354423],[-2.24828964799997,56.442506409],[-2.24810945999997,56.442654545],[-2.24791878399998,56.4427985950001],[-2.24771791699993,56.442938333],[-2.24750717999996,56.4430735380001],[-2.24728689799997,56.4432039930001],[-2.24705742899994,56.4433294930001],[-2.24681913199993,56.4434498410001],[-2.24657238499998,56.4435648450001],[-2.24631757399993,56.4436743250001],[-2.24605510599997,56.4437781070001],[-2.24578539699996,56.4438760260001],[-2.24550886999998,56.4439679290001],[-2.24522596499997,56.444053667],[-2.24493712699996,56.4441331080001],[-2.24464281599995,56.4442061250001],[-2.24434349199993,56.4442726030001],[-2.24403963399993,56.4443324360001],[-2.24373172199995,56.4443855310001],[-2.24342023999998,56.4444318000001],[-2.24310568299995,56.444471176],[-2.24278854999994,56.444503592],[-2.24246933699993,56.4445289970001],[-2.24214855599996,56.4445473530001],[-2.24182670699997,56.4445586310001],[-2.24150430399993,56.44456281],[-2.24118185999993,56.4445598870001],[-2.24085987399997,56.4445498640001],[-2.24053886599995,56.444532758],[-2.24021933999995,56.444508596],[-2.23990180099997,56.444477416],[-2.23958675199998,56.4444392680001],[-2.23927469099993,56.444394211],[-2.23896611099997,56.4443423170001],[-2.23866150199996,56.4442836690001],[-2.23836134299995,56.444218359],[-2.23806611199996,56.4441464920001],[-2.23777627399994,56.4440681780001],[-2.23749228399993,56.4439835410001],[-2.23721459699993,56.4438927190001],[-2.23694364999994,56.443795853],[-2.23667987299996,56.4436930960001],[-2.23642367799994,56.4435846120001],[-2.23617547599997,56.443470571],[-2.23593565499993,56.443351154],[-2.23570459799993,56.4432265500001],[-2.23548266899996,56.443096956],[-2.23527021899997,56.4429625770001],[-2.23506758099995,56.4428236250001],[-2.23487507999994,56.4426803210001],[-2.23469301999995,56.442532891],[-2.23452168399996,56.442381568],[-2.23436134599996,56.442226589],[-2.23421225999994,56.4420682040001],[-2.23407466099997,56.44190666],[-2.23394876799995,56.4417422130001],[-2.23383477599998,56.4415751240001],[-2.23373286699996,56.4414056570001],[-2.23364320399997,56.4412340790001],[-2.23356592899995,56.441060663],[-2.23350115799997,56.4408856810001],[-2.23344899899996,56.4407094110001],[-2.23340953499996,56.440532133],[-2.23338282099996,56.4403541250001],[-2.23336890899998,56.440175669],[-2.23336781199993,56.4399970490001],[-2.23337953499993,56.439818545],[-2.23340406299997,56.4396404410001],[-2.23344135099995,56.439463017],[-2.23349134499995,56.4392865550001],[-2.23355396199997,56.4391113340001],[-2.23362910099996,56.4389376290001],[-2.23371664899997,56.4387657180001],[-2.23381646699994,56.43859587],[-2.23392838899997,56.438428355],[-2.23405224699997,56.438263437],[-2.23418784299997,56.4381013770001],[-2.23433495599994,56.4379424320001],[-2.23449336199997,56.4377868510001],[-2.23466280499997,56.437634883],[-2.23484301999997,56.4374867670001],[-2.23503371999993,56.4373427360001],[-2.23523460499996,56.437203018],[-2.23544535699995,56.437067837],[-2.23566563799994,56.4369374010001]]]},"properties":{"Property_Description":"Inch Cape Met Mast","Tenant_Name":"Inch Cape Offshore Ltd","Lease_Type_Description":"Lease Marine","Property_Classification":"Substation","Project_Phase":"Consented","Capacity_MW":0,"OBJECTID_1":5,"Shape__Area":0.00010198785874138139,"Shape__Length":0.0388692551200669}},{"type":"Feature","id":6,"geometry":{"type":"Polygon","coordinates":[[[-3.00085598699997,56.1637150000001],[-3.00493898599996,56.1617140000001],[-3.00631198599996,56.162467],[-3.00875798699997,56.162429],[-3.01330498699997,56.1596060000001],[-3.01136198599994,56.15858],[-3.01736898599995,56.155602],[-3.01901098699994,56.1555880000001],[-3.01909498699996,56.158759],[-3.01578598699996,56.1608890000001],[-3.01531298699996,56.16065],[-3.01321998699996,56.1606760000001],[-3.00846698699996,56.1636260000001],[-3.01016598699994,56.164547],[-3.00717398599994,56.1664850000001],[-3.00636598699998,56.1670040000001],[-3.00085598699997,56.1637150000001]]]},"properties":{"Property_Description":"Forthwind","Tenant_Name":"Forthwind Ltd","Lease_Type_Description":"Agreement/Option for Lease","Property_Classification":"Wind Farm","Project_Phase":"Consented","Capacity_MW":12,"OBJECTID_1":6,"Shape__Area":5.4548821040611983E-05,"Shape__Length":0.05265448494948765}},{"type":"Feature","id":7,"geometry":{"type":"Polygon","coordinates":[[[-2.79432799999995,58.2579865180001],[-2.79679998599994,58.256100002],[-2.79758345199997,58.255537513],[-2.79785316899995,58.25534387],[-2.80069998599993,58.2533000020001],[-2.80409600099995,58.2508618370001],[-2.80429320799993,58.2507202530001],[-2.80459998599997,58.2505000020001],[-2.80869998699995,58.247700002],[-2.80920126799992,58.247389684],[-2.80921092199998,58.247383708],[-2.81079998599995,58.246400002],[-2.81216076499993,58.2454474570001],[-2.81219044899996,58.2454266780001],[-2.81279998599996,58.245000002],[-2.81699998599993,58.242300002],[-2.82129998699997,58.2397000020001],[-2.82239788799995,58.2390726290001],[-2.82252908599997,58.2389976590001],[-2.82269998599998,58.238900002],[-2.82273983099998,58.2388701190001],[-2.82283757499994,58.2387968100001],[-2.82349998599994,58.2383000020001],[-2.82749998599996,58.2356000020001],[-2.83159998599996,58.2329000020001],[-2.83403164599997,58.2313731450001],[-2.83412486399993,58.231314614],[-2.83589998499997,58.2302000020001],[-2.84019998699995,58.227600002],[-2.84257890899994,58.2261462160001],[-2.84258677999998,58.2261414060001],[-2.84379998599996,58.2254000020001],[-2.84431883099995,58.2251169950001],[-2.84440404299994,58.2250705160001],[-2.84489998599997,58.2248000020001],[-2.84793530099995,58.2230462640001],[-2.84832691299994,58.2228200000001],[-2.84939998599998,58.2222000020001],[-2.85389998699998,58.2197000020001],[-2.85859998599994,58.217200002],[-2.86329998599996,58.2148000020001],[-2.86809998499996,58.212400002],[-2.86915978299993,58.2119025470001],[-2.86990770699992,58.2115514800001],[-2.87299998599997,58.210100002],[-2.87750873999994,58.207983649],[-2.87789998599993,58.2078000020001],[-2.88299998599996,58.2055000020001],[-2.88639998599996,58.204000002],[-2.88657438199994,58.203912804],[-2.88659998599996,58.2039000020001],[-2.88705647299997,58.2035722680001],[-2.89049998599995,58.201100002],[-2.89239059499994,58.199854966],[-2.89459998599995,58.198400002],[-2.89549181399997,58.1977514000001],[-2.89569998599995,58.1976000020001],[-2.89584241099993,58.1975050520001],[-2.89599998699993,58.1974000020001],[-2.89606138599993,58.1973386020001],[-2.89629998599997,58.1971000020001],[-2.89659998499997,58.1969000020001],[-2.90039998699996,58.1940000020001],[-2.90214000199995,58.1927507610001],[-2.90429998599996,58.1912000020001],[-2.90720568099994,58.1891138610001],[-2.90819998599994,58.188400002],[-2.91229998599994,58.1856000020001],[-2.91639998599993,58.1829000020001],[-2.91760138799998,58.182156277],[-2.92059998599996,58.1803000020001],[-2.92392626099996,58.1782114100001],[-2.92489998699995,58.1776000020001],[-2.92929998599993,58.175000002],[-2.92986127599994,58.174688175],[-2.93379998499995,58.172500002],[-2.93620304799992,58.1711115670001],[-2.93829998699994,58.1699000020001],[-2.94061656299994,58.1687170690001],[-2.94299998699995,58.1675000020001],[-2.94635836099997,58.1657136330001],[-2.94769998699996,58.1650000020001],[-2.94889998699995,58.164400002],[-2.94892423599993,58.164415159],[-2.94969998699997,58.1649000020001],[-2.95279998599995,58.1670000020001],[-2.97429998599995,58.1819000020001],[-2.97349998599998,58.1851000020001],[-2.97649998699995,58.187000002],[-2.98079998499998,58.1881000020001],[-2.98629998699994,58.187500002],[-3.01209998499996,58.1973000020001],[-3.00389998499998,58.2048000020001],[-3.00019998699997,58.2118000020001],[-2.98539998599995,58.2290000020001],[-2.97139998499995,58.2428000020001],[-2.95809998599998,58.2565000020001],[-2.93799998599997,58.270600002],[-2.91959998599998,58.286900002],[-2.91589998499995,58.3063000020001],[-2.89259998699993,58.317000002],[-2.88069998699996,58.3221000020001],[-2.86709998599997,58.326500003],[-2.84969998599996,58.328800002],[-2.83759998599993,58.3273000020001],[-2.80979998499993,58.3196000020001],[-2.78429998599995,58.3131000020001],[-2.78269998499997,58.312700002],[-2.78019998599996,58.3121000020001],[-2.75419998699994,58.300900002],[-2.75219998499995,58.3001000020001],[-2.75257783299998,58.299495446],[-2.75257800799994,58.299495166],[-2.75269998499994,58.2993000020001],[-2.75360449699997,58.2981422290001],[-2.75361296799997,58.2981313830001],[-2.75519998599998,58.2961000020001],[-2.75700026999993,58.2937956380001],[-2.75740829299997,58.2932733690001],[-2.75769998599998,58.2929000020001],[-2.75840554699994,58.29206378],[-2.75905001399997,58.2912999690001],[-2.76039998599992,58.2897000020001],[-2.76228657199994,58.2875439050001],[-2.76232529499993,58.287499649],[-2.76319998599996,58.2865000020001],[-2.76335314199997,58.286336636],[-2.76337657799996,58.286311637],[-2.76469998499994,58.284900002],[-2.76618048299997,58.2832453290001],[-2.76624437499993,58.2831739200001],[-2.76639998599995,58.2830000020001],[-2.76714506499997,58.282230086],[-2.76723213599996,58.2821401140001],[-2.76939998599994,58.279900002],[-2.77249998599996,58.2768000020001],[-2.77569998599995,58.273800002],[-2.77733604999997,58.2722150650001],[-2.77740931499994,58.2721440890001],[-2.77889998499995,58.2707000020001],[-2.78096818099993,58.268935953],[-2.78105531899996,58.2688616290001],[-2.78229998699993,58.2678000020001],[-2.78579998499993,58.2648000020001],[-2.78939998699997,58.2619000020001],[-2.79299083399997,58.2590073740001],[-2.79299998599993,58.2590000020001],[-2.79300570799995,58.258995634],[-2.79326424199996,58.2587983330001],[-2.79368399499998,58.2584779950001],[-2.79432799999995,58.2579865180001]],[[-2.89573597299994,58.2559503790001],[-2.89558601799996,58.2559584530001],[-2.89543800599995,58.2559734810001],[-2.89529308999994,58.255995345],[-2.89515240899993,58.2560238740001],[-2.89501706099998,58.256058845],[-2.89488810599994,58.256099985],[-2.89476655199996,58.2561469720001],[-2.89465335499995,58.256199436],[-2.89454939399997,58.2562569680001],[-2.89445548699996,58.2563191190001],[-2.89437236899994,58.256385401],[-2.89430068799993,58.2564552950001],[-2.89424100699995,58.256528255],[-2.89419379399993,58.25660371],[-2.89415941599998,58.2566810700001],[-2.89413814399995,58.256759727],[-2.89413014499996,58.256839068],[-2.89413547999993,58.2569184720001],[-2.89415410699996,58.2569973160001],[-2.89418588299998,58.2570749830001],[-2.89423055799995,58.2571508670001],[-2.89428777899997,58.2572243720001],[-2.89435710399994,58.2572949240001],[-2.89443798799994,58.2573619710001],[-2.89452979799995,58.257424987],[-2.89463181399998,58.257483479],[-2.89474324099996,58.2575369910001],[-2.89486320399993,58.2575851020001],[-2.89499076599998,58.2576274360001],[-2.89512492599994,58.2576636630001],[-2.89526463699997,58.257693497],[-2.89540880299995,58.257716707],[-2.89555629699993,58.2577331100001],[-2.89570596499993,58.257742578],[-2.89585663499997,58.2577450360001],[-2.89600712699996,58.257740466],[-2.89615626299997,58.2577289050001],[-2.89630287599994,58.257710439],[-2.89644582199998,58.257685216],[-2.89658397799997,58.257653433],[-2.89671626299997,58.257615339],[-2.89684164199997,58.257571231],[-2.89695913299994,58.2575214560001],[-2.89706781999996,58.2574664000001],[-2.89716684999996,58.2574064980001],[-2.89725544799995,58.257342217],[-2.89733291799996,58.257274061],[-2.89739865799993,58.257202562],[-2.89745215199997,58.2571282800001],[-2.89749298099997,58.257051797],[-2.89752082599995,58.2569737110001],[-2.89753546899993,58.256894634],[-2.89753679499995,58.2568151840001],[-2.89752479299995,58.256735984],[-2.89749956099996,58.2566576520001],[-2.89746129199995,58.256580802],[-2.89741028599997,58.2565060360001],[-2.89734694699996,58.256433938],[-2.89727176399992,58.256365073],[-2.89718532999996,58.2562999800001],[-2.89708832099996,58.256239168],[-2.89698149399993,58.2561831130001],[-2.89686568899998,58.2561322540001],[-2.89674180799994,58.256086989],[-2.89661082299995,58.2560476720001],[-2.89647375799996,58.2560146100001],[-2.89633168699993,58.2559880630001],[-2.89618571899996,58.255968238],[-2.89603700099997,58.2559552910001],[-2.89588669199998,58.255949322],[-2.89573597299994,58.2559503790001]],[[-2.88047437799997,58.249173365],[-2.88032444999993,58.2491814210001],[-2.88017645699995,58.249196431],[-2.88003156099995,58.2492182780001],[-2.87989089299992,58.2492467910001],[-2.87975555599996,58.2492817460001],[-2.87962660699998,58.2493228700001],[-2.87950505799995,58.2493698420001],[-2.87939185799996,58.2494222930001],[-2.87928789199998,58.2494798130001],[-2.87919397599995,58.2495419530001],[-2.87911084499996,58.249608225],[-2.87903914899994,58.249678111],[-2.87897944799994,58.2497510640001],[-2.87893221099995,58.2498265140001],[-2.87889780699993,58.249903869],[-2.87887650499994,58.2499825240001],[-2.87886847299995,58.250061864],[-2.87887377199996,58.250141268],[-2.87889236199993,58.250220115],[-2.87892409799997,58.250297786],[-2.87896872999994,58.250373675],[-2.87902591299996,58.2504471880001],[-2.87909519199997,58.250517748],[-2.87917603199998,58.250584804],[-2.87926779699995,58.250647832],[-2.87936977099997,58.250706338],[-2.87948115199993,58.2507598610001],[-2.87960107099997,58.250807987],[-2.87972858999996,58.250850337],[-2.87986270999994,58.2508865790001],[-2.88000238099994,58.2509164310001],[-2.88014650999997,58.250939658],[-2.88029396799993,58.250956079],[-2.88044360399994,58.2509655640001],[-2.88059424399995,58.2509680410001],[-2.88074470999993,58.2509634890001],[-2.88089382199996,58.2509519440001],[-2.88104041799994,58.2509334970001],[-2.88118334599994,58.250908291],[-2.88132148799997,58.2508765250001],[-2.88145376299997,58.250838446],[-2.88157913799995,58.2507943530001],[-2.88169662999996,58.2507445910001],[-2.88180531999996,58.2506895490001],[-2.88190435599995,58.2506296590001],[-2.88199296399995,58.250565388],[-2.88207045099995,58.2504972410001],[-2.88213620899995,58.25042575],[-2.88218972499993,58.2503514750001],[-2.88223057999994,58.250274996],[-2.88225845099993,58.2501969140001],[-2.88227312499993,58.2501178380001],[-2.88227448499993,58.2500383880001],[-2.88226252199996,58.2499591860001],[-2.88223732699993,58.2498808510001],[-2.88219909699995,58.2498039960001],[-2.88214813599996,58.2497292240001],[-2.88208483799997,58.2496571180001],[-2.88200970099996,58.2495882440001],[-2.88192331099998,58.2495231410001],[-2.88182634699996,58.2494623170001],[-2.88171956399998,58.24940625],[-2.88160380199997,58.249355376],[-2.88147996299995,58.249310096],[-2.88134902199994,58.249270763],[-2.88121199699998,58.2492376850001],[-2.88106996299996,58.249211121],[-2.88092403299993,58.2491912790001],[-2.88077534699994,58.2491783140001],[-2.88062506899996,58.2491723270001],[-2.88047437799997,58.249173365]]]},"properties":{"Property_Description":"Beatrice Offshore Wind Farm","Tenant_Name":"Beatrice Offshore Wind Farm","Lease_Type_Description":"Lease Marine","Property_Classification":"Wind Farm","Project_Phase":"Operational","Capacity_MW":588,"OBJECTID_1":7,"Shape__Area":0.020103013368142797,"Shape__Length":0.65469757778751481}},{"type":"Feature","id":8,"geometry":{"type":"MultiPolygon","coordinates":[[[[-2.89573597299994,58.2559503790001],[-2.89588669199998,58.255949322],[-2.89603700099997,58.2559552910001],[-2.89618571899996,58.255968238],[-2.89633168699993,58.2559880630001],[-2.89647375799996,58.2560146100001],[-2.89661082299995,58.2560476720001],[-2.89674180799994,58.256086989],[-2.89686568899998,58.2561322540001],[-2.89698149399993,58.2561831130001],[-2.89708832099996,58.256239168],[-2.89718532999996,58.2562999800001],[-2.89727176399992,58.256365073],[-2.89734694699996,58.256433938],[-2.89741028599997,58.2565060360001],[-2.89746129199995,58.256580802],[-2.89749956099996,58.2566576520001],[-2.89752479299995,58.256735984],[-2.89753679499995,58.2568151840001],[-2.89753546899993,58.256894634],[-2.89752082599995,58.2569737110001],[-2.89749298099997,58.257051797],[-2.89745215199997,58.2571282800001],[-2.89739865799993,58.257202562],[-2.89733291799996,58.257274061],[-2.89725544799995,58.257342217],[-2.89716684999996,58.2574064980001],[-2.89706781999996,58.2574664000001],[-2.89695913299994,58.2575214560001],[-2.89684164199997,58.257571231],[-2.89671626299997,58.257615339],[-2.89658397799997,58.257653433],[-2.89644582199998,58.257685216],[-2.89630287599994,58.257710439],[-2.89615626299997,58.2577289050001],[-2.89600712699996,58.257740466],[-2.89585663499997,58.2577450360001],[-2.89570596499993,58.257742578],[-2.89555629699993,58.2577331100001],[-2.89540880299995,58.257716707],[-2.89526463699997,58.257693497],[-2.89512492599994,58.2576636630001],[-2.89499076599998,58.2576274360001],[-2.89486320399993,58.2575851020001],[-2.89474324099996,58.2575369910001],[-2.89463181399998,58.257483479],[-2.89452979799995,58.257424987],[-2.89443798799994,58.2573619710001],[-2.89435710399994,58.2572949240001],[-2.89428777899997,58.2572243720001],[-2.89423055799995,58.2571508670001],[-2.89418588299998,58.2570749830001],[-2.89415410699996,58.2569973160001],[-2.89413547999993,58.2569184720001],[-2.89413014499996,58.256839068],[-2.89413814399995,58.256759727],[-2.89415941599998,58.2566810700001],[-2.89419379399993,58.25660371],[-2.89424100699995,58.256528255],[-2.89430068799993,58.2564552950001],[-2.89437236899994,58.256385401],[-2.89445548699996,58.2563191190001],[-2.89454939399997,58.2562569680001],[-2.89465335499995,58.256199436],[-2.89476655199996,58.2561469720001],[-2.89488810599994,58.256099985],[-2.89501706099998,58.256058845],[-2.89515240899993,58.2560238740001],[-2.89529308999994,58.255995345],[-2.89543800599995,58.2559734810001],[-2.89558601799996,58.2559584530001],[-2.89573597299994,58.2559503790001]]],[[[-2.88047437799997,58.249173365],[-2.88062506899996,58.2491723270001],[-2.88077534699994,58.2491783140001],[-2.88092403299993,58.2491912790001],[-2.88106996299996,58.249211121],[-2.88121199699998,58.2492376850001],[-2.88134902199994,58.249270763],[-2.88147996299995,58.249310096],[-2.88160380199997,58.249355376],[-2.88171956399998,58.24940625],[-2.88182634699996,58.2494623170001],[-2.88192331099998,58.2495231410001],[-2.88200970099996,58.2495882440001],[-2.88208483799997,58.2496571180001],[-2.88214813599996,58.2497292240001],[-2.88219909699995,58.2498039960001],[-2.88223732699993,58.2498808510001],[-2.88226252199996,58.2499591860001],[-2.88227448499993,58.2500383880001],[-2.88227312499993,58.2501178380001],[-2.88225845099993,58.2501969140001],[-2.88223057999994,58.250274996],[-2.88218972499993,58.2503514750001],[-2.88213620899995,58.25042575],[-2.88207045099995,58.2504972410001],[-2.88199296399995,58.250565388],[-2.88190435599995,58.2506296590001],[-2.88180531999996,58.2506895490001],[-2.88169662999996,58.2507445910001],[-2.88157913799995,58.2507943530001],[-2.88145376299997,58.250838446],[-2.88132148799997,58.2508765250001],[-2.88118334599994,58.250908291],[-2.88104041799994,58.2509334970001],[-2.88089382199996,58.2509519440001],[-2.88074470999993,58.2509634890001],[-2.88059424399995,58.2509680410001],[-2.88044360399994,58.2509655640001],[-2.88029396799993,58.250956079],[-2.88014650999997,58.250939658],[-2.88000238099994,58.2509164310001],[-2.87986270999994,58.2508865790001],[-2.87972858999996,58.250850337],[-2.87960107099997,58.250807987],[-2.87948115199993,58.2507598610001],[-2.87936977099997,58.250706338],[-2.87926779699995,58.250647832],[-2.87917603199998,58.250584804],[-2.87909519199997,58.250517748],[-2.87902591299996,58.2504471880001],[-2.87896872999994,58.250373675],[-2.87892409799997,58.250297786],[-2.87889236199993,58.250220115],[-2.87887377199996,58.250141268],[-2.87886847299995,58.250061864],[-2.87887650499994,58.2499825240001],[-2.87889780699993,58.249903869],[-2.87893221099995,58.2498265140001],[-2.87897944799994,58.2497510640001],[-2.87903914899994,58.249678111],[-2.87911084499996,58.249608225],[-2.87919397599995,58.2495419530001],[-2.87928789199998,58.2494798130001],[-2.87939185799996,58.2494222930001],[-2.87950505799995,58.2493698420001],[-2.87962660699998,58.2493228700001],[-2.87975555599996,58.2492817460001],[-2.87989089299992,58.2492467910001],[-2.88003156099995,58.2492182780001],[-2.88017645699995,58.249196431],[-2.88032444999993,58.2491814210001],[-2.88047437799997,58.249173365]]]]},"properties":{"Property_Description":"Beatrice OFTO","Tenant_Name":"TC Beatrice OFTO Limited","Lease_Type_Description":"Lease Marine","Property_Classification":"OFTO","Project_Phase":"Operational","Capacity_MW":0,"OBJECTID_1":8,"Shape__Area":9.6016301824874972E-06,"Shape__Length":0.016736646418927602}},{"type":"Feature","id":9,"geometry":{"type":"Polygon","coordinates":[[[-1.97800061099997,57.2060012840001],[-2.04535290699994,57.1973590870001],[-2.01518818699998,57.2453823110001],[-1.94774243299997,57.254007341],[-1.97800061099997,57.2060012840001]]]},"properties":{"Property_Description":"Aberdeen Offshore Wind Farm","Tenant_Name":"Aberdeen Offshore WindFarm Ltd","Lease_Type_Description":"Lease Marine","Property_Classification":"Wind Farm","Project_Phase":"Operational","Capacity_MW":97,"OBJECTID_1":9,"Shape__Area":0.0029753059814794369,"Shape__Length":0.24935678558505711}},{"type":"Feature","id":10,"geometry":{"type":"Polygon","coordinates":[[[-1.31151659199998,57.4837166730001],[-1.37994992599994,57.4600500060001],[-1.39603325899998,57.473616673],[-1.39649521999996,57.4742390760001],[-1.39646980599997,57.4746879090001],[-1.39640982099996,57.475914937],[-1.39638840599997,57.4766047840001],[-1.39638286599995,57.476747704],[-1.39636649099998,57.4772466420001],[-1.39635806399997,57.4773057840001],[-1.39634442999994,57.477386815],[-1.39623516099994,57.478065004],[-1.39621859899995,57.478163382],[-1.39605371299996,57.4792091780001],[-1.39603568599995,57.479286298],[-1.39572490799998,57.4807014290001],[-1.39546758199998,57.481916734],[-1.39533450499994,57.482603607],[-1.39530594899998,57.4827453170001],[-1.39504097799994,57.48416352],[-1.39482270499997,57.485382734],[-1.39471205199993,57.486069731],[-1.39468801299995,57.4862120780001],[-1.39446919099993,57.4876311680001],[-1.39429014899997,57.4888541540001],[-1.39420177099993,57.4895420030001],[-1.39418238499997,57.4896842650001],[-1.39400954199994,57.491105417],[-1.39387011499997,57.4923299590001],[-1.39380394699998,57.4930196120001],[-1.39378906599995,57.4931630310001],[-1.39366227899995,57.4945857070001],[-1.39356276999996,57.495809084],[-1.39351902499993,57.496497882],[-1.39350876599997,57.496641751],[-1.39342811899996,57.49806499],[-1.39336818599998,57.4992904790001],[-1.39336353799996,57.499440077],[-1.39335196499997,57.4998126020001],[-1.39288326599996,57.4998166730001],[-1.38388325799997,57.505033338],[-1.32569992499998,57.4952500050001],[-1.31151659199998,57.4837166730001]]]},"properties":{"Property_Description":"Buchan Deep Demo","Tenant_Name":"Hywind (Scotland) Ltd","Lease_Type_Description":"Lease Marine","Property_Classification":"Wind Farm","Project_Phase":"Operational","Capacity_MW":30,"OBJECTID_1":10,"Shape__Area":0.00230529514483635,"Shape__Length":0.20818741217074938}},{"type":"Feature","id":11,"geometry":{"type":"Polygon","coordinates":[[[-3.84968970899996,58.6516288920001],[-3.84936248599996,58.6381586140001],[-3.89242193099994,58.637867225],[-3.89276470899995,58.6513372250001],[-3.89333831999994,58.673787503],[-3.85023581899998,58.674079169],[-3.84968970899996,58.6516288920001]]]},"properties":{"Property_Description":"Pentland Floating Offshore WF","Tenant_Name":"Highland Wind Ltd","Lease_Type_Description":"Agreement/Option for Lease","Property_Classification":"Wind Farm","Project_Phase":"Consented","Capacity_MW":100,"OBJECTID_1":11,"Shape__Area":0.0015477368338565611,"Shape__Length":0.15802705428554636}},{"type":"Feature","id":12,"geometry":{"type":"Polygon","coordinates":[[[-3.68403833699995,54.746514672],[-3.68650062599994,54.744777852],[-3.68764723499993,54.7439690050001],[-3.69011044999996,54.742231245],[-3.69011945999995,54.742234968],[-3.69015317899994,54.7422489100001],[-3.69019500899998,54.742266192],[-3.69024736499995,54.7422878840001],[-3.69028611199997,54.742304022],[-3.69032601299995,54.742320711],[-3.69036275499997,54.742336068],[-3.69039255099995,54.742348516],[-3.69043595999995,54.742366631],[-3.69047752899996,54.7423839690001],[-3.69051852699994,54.742400923],[-3.69057663399997,54.7424245880001],[-3.69063309299997,54.742447424],[-3.69068412599995,54.742467973],[-3.69073487699995,54.742488354],[-3.69077809699996,54.742505717],[-3.69081535799995,54.742520664],[-3.69085219199997,54.742535434],[-3.69088858599997,54.7425500050001],[-3.69093411299997,54.7425682250001],[-3.69098880499996,54.742590148],[-3.69103342999995,54.7426080830001],[-3.69107462299996,54.7426247450001],[-3.69112386799998,54.7426447930001],[-3.69117315899996,54.7426649770001],[-3.69123384199997,54.7426899390001],[-3.69127529699995,54.74270706],[-3.69131731599992,54.7427244840001],[-3.69135714699996,54.7427410070001],[-3.69140213599997,54.74275973],[-3.69144517199993,54.7427775840001],[-3.69148449699998,54.7427939520001],[-3.69152028299993,54.7428088030001],[-3.69155268399993,54.742822264],[-3.69158598699994,54.742836099],[-3.69162410599995,54.7428519690001],[-3.69167630799996,54.7428736680001],[-3.69172577099994,54.7428943040001],[-3.69176504099994,54.742910663],[-3.69180059599995,54.7429254740001],[-3.69183305799993,54.7429389530001],[-3.69186588699995,54.7429525410001],[-3.69191926799994,54.742974415],[-3.69196977999997,54.7429946500001],[-3.69013781499996,54.7443103730001],[-3.69013590599997,54.7443103750001],[-3.68558827799995,54.747164087],[-3.68557337699997,54.7471574480001],[-3.68554062999993,54.747142943],[-3.68550610899996,54.7471280330001],[-3.68547569399993,54.747115502],[-3.68544479399998,54.7471027810001],[-3.68540257699993,54.74708524],[-3.68536457599993,54.7470692810001],[-3.68532400999993,54.7470520210001],[-3.68528538099997,54.747035393],[-3.68524740099997,54.747019004],[-3.68520857699997,54.7470024620001],[-3.68517911699996,54.746989806],[-3.68514488499994,54.746974929],[-3.68511275799995,54.746960825],[-3.68507930899995,54.7469461740001],[-3.68503362299998,54.7469270560001],[-3.68500029099994,54.7469137160001],[-3.68496894399993,54.7469012700001],[-3.68491254399993,54.746878495],[-3.68486465399997,54.746858973],[-3.68484260399993,54.7468501130001],[-3.68481698899996,54.746839837],[-3.68478609499994,54.7468274720001],[-3.68475406199997,54.7468146100001],[-3.68472156999997,54.7468014460001],[-3.68467494399994,54.746782248],[-3.68461917899998,54.746758857],[-3.68457499699997,54.746739996],[-3.68453020799996,54.746720662],[-3.68447855999995,54.7466984120001],[-3.68444311999997,54.746683175],[-3.68441402299993,54.7466708210001],[-3.68436723499997,54.7466518310001],[-3.68431514399992,54.7466302930001],[-3.68424908999998,54.746602345],[-3.68420920599993,54.7465852130001],[-3.68417511599995,54.7465708500001],[-3.68411606199993,54.7465466680001],[-3.68407633499993,54.7465303480001],[-3.68403923799997,54.746515039],[-3.68403833699995,54.746514672]]]},"properties":{"Property_Description":"Robin Rigg OFTO","Tenant_Name":"TC Robin Rigg OFTO Ltd","Lease_Type_Description":"Lease Marine","Property_Classification":"OFTO","Project_Phase":"Operational","Capacity_MW":0,"OBJECTID_1":12,"Shape__Area":1.1977570636645396E-05,"Shape__Length":0.018747712430217195}},{"type":"Feature","id":13,"geometry":{"type":"Polygon","coordinates":[[[-1.90576942999996,56.9879166680001],[-1.85950554199997,57.040216668],[-1.80092220699993,57.0247694440001],[-1.84666665299994,56.9731833340001],[-1.90576942999996,56.9879166680001]]]},"properties":{"Property_Description":"Kincardine","Tenant_Name":"Kincardine Offshore WF Ltd","Lease_Type_Description":"Lease Marine","Property_Classification":"Wind Farm","Project_Phase":"Operational","Capacity_MW":50,"OBJECTID_1":13,"Shape__Area":0.0037507038093664846,"Shape__Length":0.26026986996113566}},{"type":"Feature","id":14,"geometry":{"type":"Polygon","coordinates":[[[-2.56343274199997,57.6745227230001],[-2.56342467499996,57.6745468810001],[-2.56341320899998,57.674564268],[-2.56340833599995,57.6745743500001],[-2.56340664599998,57.674584328],[-2.56340865899995,57.6745951880001],[-2.56340851899995,57.6745969850001],[-2.56341201599997,57.674606221],[-2.56341540999995,57.6746089010001],[-2.56342053899994,57.674615256],[-2.56342949399993,57.674619707],[-2.56343119999997,57.6746215860001],[-2.56344623199993,57.674628705],[-2.56346175399995,57.6746350130001],[-2.56347877199994,57.674640416],[-2.56349240799995,57.6746440380001],[-2.56351956899994,57.674654876],[-2.56353004899995,57.674660309],[-2.56353347099997,57.6746647850001],[-2.56353375199996,57.674672059],[-2.56353046899994,57.674676565],[-2.56353066499997,57.67467845],[-2.56351704899993,57.6746977340001],[-2.56351385099993,57.674707718],[-2.56353613399995,57.6747175],[-2.56357345199996,57.674723801],[-2.56357924599996,57.6747315900001],[-2.56362019599993,57.6747864700001],[-2.56363568999996,57.6748017610001],[-2.56362061699997,57.674813595],[-2.56359213399998,57.674825668],[-2.56355978099998,57.6748367710001],[-2.56354460999995,57.6748423180001],[-2.56351070499994,57.674850733],[-2.56348196599993,57.674857059],[-2.56344975099995,57.6748662740001],[-2.56344315899997,57.6748736690001],[-2.56344320099993,57.6748763640001],[-2.56343308999993,57.6748946430001],[-2.56342500499994,57.6749139020001],[-2.56341683399995,57.6749383700001],[-2.56341394599997,57.6749575160001],[-2.56341244199996,57.6749794400001],[-2.56343685199994,57.6750074460001],[-2.56348142699994,57.675049195],[-2.56349850299995,57.6750691500001],[-2.56350025199993,57.675073813],[-2.56350716799994,57.6750873460001],[-2.56351101299992,57.675097389],[-2.56351087299993,57.6750991860001],[-2.56350931099996,57.675106559],[-2.56350768999994,57.675110159],[-2.56350105499996,57.6751147700001],[-2.56349608099993,57.6751183850001],[-2.56346900699998,57.6751347630001],[-2.56345062499997,57.6751494870001],[-2.56342701799997,57.6751732160001],[-2.56342049599994,57.6751851020001],[-2.56341893199993,57.6751923840001],[-2.56341225599994,57.675205169],[-2.56341403199997,57.675211539],[-2.56341746799995,57.675216913],[-2.56342431499996,57.675225955],[-2.56343298099995,57.675233371],[-2.56343468499995,57.6752351600001],[-2.56344696699995,57.675248669],[-2.56344875599996,57.675255937],[-2.56344885499993,57.6752623140001],[-2.56344723599994,57.675266004],[-2.56344219599993,57.6752761770001],[-2.56342552899997,57.675293407],[-2.56341711999994,57.675302517],[-2.56341545799995,57.6753034230001],[-2.56336538099993,57.675360954],[-2.56332543399998,57.675423021],[-2.56331880199997,57.6754385900001],[-2.56332077299993,57.6754467550001],[-2.56332085899993,57.675452324],[-2.56332605699993,57.675473948],[-2.56332315799995,57.675503244],[-2.56331990599995,57.675520594],[-2.56332204399996,57.6755286690001],[-2.56332376299997,57.675531446],[-2.56333055199997,57.6755367150001],[-2.56334410899996,57.675545997],[-2.56335954799994,57.6755576950001],[-2.56336999599995,57.6755611520001],[-2.56338008499995,57.675562993],[-2.56339032499994,57.675563846],[-2.56339870899996,57.6755638980001],[-2.56341747199997,57.675562916],[-2.56343437599998,57.675560955],[-2.56346170299997,57.6755608330001],[-2.56351258799998,57.675566175],[-2.56352116599993,57.6755679340001],[-2.56354179999994,57.6755686500001],[-2.56355343899997,57.6755731790001],[-2.56356559599993,57.6755786940001],[-2.56357407799993,57.6755850340001],[-2.56358107999995,57.6755932670001],[-2.56358605199995,57.6756003410001],[-2.56359117999995,57.6756066950001],[-2.56360370199997,57.6756248740001],[-2.56360871999993,57.6756349120001],[-2.56362465199993,57.6756567580001],[-2.56363469699994,57.6756665940001],[-2.56363656899993,57.675668382],[-2.56366409599997,57.675691973],[-2.56368970999995,57.675711081],[-2.56372598399997,57.67573643],[-2.56373949499994,57.6757427470001],[-2.56374304399998,57.6757445280001],[-2.56375632999993,57.675747163],[-2.56376826099995,57.6757489070001],[-2.56376995199997,57.675749797],[-2.56379227999997,57.6757516740001],[-2.56381257899994,57.675752392],[-2.56383470899993,57.6757522930001],[-2.56384156999997,57.6757514540001],[-2.56387543399995,57.6757512140001],[-2.56389092899997,57.675744857],[-2.56391101499997,57.6757319220001],[-2.56392110099995,57.6757228050001],[-2.56392607499993,57.6757191900001],[-2.56394099099992,57.6756972060001],[-2.56395620099994,57.675672616],[-2.56395780699995,57.6756680280001],[-2.56397565499998,57.6756297730001],[-2.56399385299994,57.6756031940001],[-2.56400924799993,57.6755904600001],[-2.56401416599994,57.6755832520001],[-2.56401755799993,57.675574973],[-2.56402253099998,57.6755712680001],[-2.56402919299995,57.675568454],[-2.56404288499994,57.6755648000001],[-2.56404790099998,57.675563879],[-2.56405811499997,57.675563025],[-2.56408191999998,57.6755628290001],[-2.56411768599997,57.6755662630001],[-2.56412626399998,57.6755680210001],[-2.56420113699994,57.675574155],[-2.56422982099997,57.675575015],[-2.56424523099997,57.675574048],[-2.56425358199994,57.675572034],[-2.56425708899997,57.67557112],[-2.56426189399997,57.675567416],[-2.56426535899993,57.675563808],[-2.56426702099998,57.6755629020001],[-2.56427707999995,57.6755520780001],[-2.56429045899995,57.6755283050001],[-2.56429376999995,57.6755255960001],[-2.56431877299997,57.675494584],[-2.56434535299996,57.6754679680001],[-2.56436904399993,57.6754496280001],[-2.56437270399994,57.675447815],[-2.56441956999993,57.675410329],[-2.56442455599995,57.6754075220001],[-2.56446335099997,57.6753901020001],[-2.56452879899996,57.675361605],[-2.56456126499995,57.675346909],[-2.56457636599993,57.6753368710001],[-2.56457802799997,57.675335965],[-2.56458129599997,57.675330472],[-2.56458121199995,57.675325082],[-2.56458278799994,57.6753186080001],[-2.56458258999993,57.675305854],[-2.56457922199996,57.6752941020001],[-2.56457917999995,57.675291407],[-2.56457374099995,57.6752758920001],[-2.56457032899993,57.6752613560001],[-2.56457190499998,57.6752548810001],[-2.56457683699995,57.675248572],[-2.56458013299994,57.675244874],[-2.56459341599998,57.675225772],[-2.56459506299996,57.6752238780001],[-2.56460665699996,57.6752146650001],[-2.56462044399996,57.6752064290001],[-2.56462890899996,57.675200912],[-2.56465897199996,57.6751826330001],[-2.56466578899995,57.6751790100001],[-2.56468935499993,57.6751634550001],[-2.56469720299998,57.6751539270001],[-2.56469774799996,57.675153267],[-2.56469940999995,57.6751523620001],[-2.56470647799995,57.675143258],[-2.56470808499995,57.675138759],[-2.56470945099994,57.675129591],[-2.56470216399993,57.6750922570001],[-2.56469830499998,57.6750813150001],[-2.56469601099997,57.6750772720001],[-2.56468951399995,57.675065815],[-2.56468255599998,57.6750496780001],[-2.56468910399997,57.675039498],[-2.56469531999994,57.67503286],[-2.56469603099993,57.675032102],[-2.56470634299995,57.6750267560001],[-2.56471632999995,57.6750221300001],[-2.56472819199996,57.6750193830001],[-2.56473320899994,57.675018552],[-2.56473973299995,57.6750176250001],[-2.56474625899995,57.6750167870001],[-2.56476284599995,57.675016084],[-2.56478063199995,57.675016993],[-2.56479709299992,57.675018896],[-2.56482970599995,57.6750244990001],[-2.56483776699997,57.6750253610001],[-2.56488848799995,57.675030973],[-2.56494087299995,57.675035769],[-2.56494762499995,57.6750279240001],[-2.56505697499995,57.675040999],[-2.56507492899993,57.675041907],[-2.56509291399993,57.6750447910001],[-2.56510494599996,57.675046793],[-2.56494163399998,57.6751649490001],[-2.56418478099994,57.675646354],[-2.56416546599996,57.675658211],[-2.55797055599993,57.679328819],[-2.55746103099995,57.6796306750001],[-2.55893965999996,57.680093979],[-2.55750221299996,57.6809455520001],[-2.55676532699994,57.681382076],[-2.55598060199998,57.6818469230001],[-2.55585994099994,57.68192456],[-2.55578115499998,57.681984636],[-2.55571180299995,57.6820479630001],[-2.55565234999995,57.6821141140001],[-2.55560319499995,57.682182649],[-2.55556466599995,57.6822531060001],[-2.55553702199995,57.682325016],[-2.55551421799993,57.6824252930001],[-2.55546572899993,57.682748094],[-2.55541454899998,57.683088802],[-2.55540644899997,57.683142715],[-2.55377671199994,57.682792228],[-2.55162469299995,57.6971082200001],[-2.55161320799994,57.697266412],[-2.55162547799995,57.6974152510001],[-2.55166295199996,57.697572284],[-2.55244281899996,57.7000255900001],[-2.55249930299993,57.700169503],[-2.55257178099993,57.7003023460001],[-2.55266886799996,57.7004399100001],[-2.56374525399997,57.7144677310001],[-2.56375542699993,57.714481219],[-2.56386214599996,57.7146308540001],[-2.56388133499996,57.7146609110001],[-2.56396729199997,57.714812926],[-2.56397822699995,57.714834119],[-2.56398246499998,57.714843638],[-2.56404813099994,57.7149985250001],[-2.56405920699996,57.7150297300001],[-2.56410425399997,57.715186712],[-2.56410812899998,57.7152019550001],[-2.56531661399993,57.7207034470001],[-2.56536278799996,57.7208583840001],[-2.56542847999998,57.721001792],[-2.56551596599996,57.721141829],[-2.56562465199994,57.7212775470001],[-2.56576189199995,57.7214161960001],[-2.57327897999994,57.7283080830001],[-2.57340478199995,57.7284253810001],[-2.57341584099993,57.728436027],[-2.58740877599996,57.7424268660001],[-2.58755494899998,57.742560396],[-2.58892885099993,57.743711922],[-2.59141202599994,57.745792953],[-2.59142685699993,57.7458058560001],[-2.59157105399993,57.745936183],[-2.59158661799995,57.745950872],[-2.59159823399995,57.7459627530001],[-2.59172567599995,57.746097981],[-2.59174944399996,57.746125469],[-2.59185955399994,57.74626498],[-2.59186931699998,57.7462779090001],[-2.59678574599997,57.7531432760001],[-2.59679303599995,57.7531538480001],[-2.59686343299995,57.753260035],[-2.59687651199994,57.753281454],[-2.59692775499997,57.75337311],[-2.60420275799993,57.7635151630001],[-2.60421176599993,57.7635283290001],[-2.60429798099995,57.7636607000001],[-2.60431366799997,57.7636874470001],[-2.60438426399998,57.7638224340001],[-2.60439008699996,57.7638341800001],[-2.60439679799993,57.7638496530001],[-2.60445149999993,57.763986732],[-2.60445656999997,57.764000487],[-2.60630362699993,57.7694583100001],[-2.60635753299994,57.7695905910001],[-2.60642885299995,57.769720498],[-2.60817509799995,57.7725281830001],[-2.60818501299997,57.772545248],[-2.60827776199994,57.7727168980001],[-2.60828553399995,57.7727323020001],[-2.60829374299993,57.772751596],[-2.60836065999996,57.772926641],[-2.60837142699995,57.7729619070001],[-2.60841219099996,57.773139692],[-2.60841549299994,57.7731570180001],[-2.60949846399996,57.780186459],[-2.60952426399996,57.7803069380001],[-2.60956433499996,57.7804262980001],[-2.61272477299997,57.788375618],[-2.61278547099994,57.7885065830001],[-2.61625380199996,57.795044347],[-2.61633831999995,57.7951831560001],[-2.61643632599993,57.7953101640001],[-2.61655222299993,57.7954327990001],[-2.61668533399995,57.7955503480001],[-2.61683488099993,57.79566212],[-2.61699998799998,57.7957674620001],[-2.61719093599993,57.7958719100001],[-2.64449963199996,57.8097009030001],[-2.64452169799995,57.809712489],[-2.64473827899997,57.809830472],[-2.64475365599998,57.809839072],[-2.64477993899993,57.8098549010001],[-2.64497969099995,57.809981061],[-2.64501787699993,57.8100070630001],[-2.64520094299996,57.8101416270001],[-2.64523421399997,57.810168145],[-2.64539715399997,57.810308573],[-2.64542126399994,57.810330741],[-2.64542778599997,57.8103372800001],[-2.64555801099993,57.8104704890001],[-2.65299891699993,57.8169852880001],[-2.65301529899995,57.8170002730001],[-2.65317365799996,57.817151762],[-2.65317824999994,57.817156213],[-2.65320311499994,57.817182691],[-2.65333908899993,57.81734025],[-2.65335873399994,57.8173649280001],[-2.65336398299996,57.8173723],[-2.65347676099998,57.8175349910001],[-2.65349694499997,57.8175679710001],[-2.65358585599995,57.817734822],[-2.65359256599993,57.8177481980001],[-2.65360120699995,57.8177685310001],[-2.65366571999994,57.8179385460001],[-2.65367615199995,57.8179727940001],[-2.65371597599994,57.818145395],[-2.65371922499997,57.818162214],[-2.65506083499997,57.826675191],[-2.65506292299995,57.8266923790001],[-2.65507761799995,57.8268643910001],[-2.65507847999993,57.8268871280001],[-2.65507808299998,57.8268988250001],[-2.65506803099993,57.827070931],[-2.65506354799993,57.827105288],[-2.65502880799994,57.827276478],[-2.65502651099996,57.8272866940001],[-2.65502471799994,57.827293561],[-2.65381418999993,57.8316788340001],[-2.65378438299996,57.831826414],[-2.65377665399996,57.8319660450001],[-2.65378928999996,57.832105577],[-2.65382221599998,57.8322441610001],[-2.65387523399994,57.8323809600001],[-2.65395257999995,57.8325235450001],[-2.65485879699997,57.833979453],[-2.65486834399996,57.83399583],[-2.65495791199993,57.834160496],[-2.65496586299997,57.8341761660001],[-2.65497345399996,57.8341937660001],[-2.65503920999993,57.8343615970001],[-2.65504518599994,57.8343784480001],[-2.65949968799993,57.848397058],[-2.65950217499994,57.848405348],[-2.65952557499998,57.8484883510001],[-2.65952776899996,57.8484966620001],[-2.66230612299995,57.8597789630001],[-2.66230742499994,57.859784533],[-2.66232234999995,57.8598531170001],[-2.66232372099995,57.8598598620001],[-2.66275924599995,57.8621657360001],[-2.66308108399994,57.8638695170001],[-2.66452632199997,57.871518462],[-2.66452816399993,57.8715295920001],[-2.66454397599995,57.8716410040001],[-2.66454609699997,57.8716633230001],[-2.66455148999995,57.8717750160001],[-2.66455176799997,57.871786188],[-2.66455660599996,57.8748638260001],[-2.66456153599995,57.8749623260001],[-2.66457599899996,57.8750605600001],[-2.66758251599992,57.8903855500001],[-2.66758414799995,57.8903947800001],[-2.66759866099994,57.890487136],[-2.66759993399995,57.890496377],[-2.66939865999996,57.9057064520001],[-2.66940307999994,57.9057394860001],[-2.67054774799993,57.913407417],[-2.67054952999996,57.9134225940001],[-2.67056250499996,57.9135744710001],[-2.67056336699994,57.9135970580001],[-2.67056316599997,57.913604875],[-2.67055680299995,57.91375687],[-2.67055359699998,57.913787229],[-2.67052792399994,57.9139386470001],[-2.67052487399997,57.9139537660001],[-2.66914023699997,57.9198720810001],[-2.66911643299994,57.9200214590001],[-2.66911483799993,57.9201625420001],[-2.66913526099995,57.9203120620001],[-2.66991861499997,57.924023161],[-2.66994215599993,57.924115445],[-2.67150966099996,57.929351217],[-2.67151336599994,57.929364949],[-2.67154673499994,57.929503933],[-2.67155141599994,57.9295301490001],[-2.67156842899993,57.92966856],[-2.67157022199996,57.9296962830001],[-2.67157113699994,57.929836869],[-2.67157082799997,57.929848862],[-2.67051145399995,57.9504158510001],[-2.66973817399997,57.965413079],[-2.66815068699998,57.9961606750001],[-2.66814981799996,57.9961813],[-2.66728854599995,58.0227104080001],[-2.66729201199996,58.0228332780001],[-2.66730929199997,58.022948564],[-2.66734247199997,58.023070182],[-2.67250782999997,58.038477824],[-2.67254094099997,58.0385576620001],[-2.67258108799996,58.038627122],[-2.67263169299997,58.038694633],[-2.67269242399993,58.038759751],[-2.67276288699998,58.0388220560001],[-2.67284261499998,58.0388811330001],[-2.67293108899997,58.0389365980001],[-2.67302772999994,58.0389880880001],[-2.67313190299996,58.0390352650001],[-2.67325682899997,58.0390831490001],[-2.67408661299993,58.039374842],[-2.67488297199998,58.039654775],[-2.67491358599995,58.0396660580001],[-2.67509437899997,58.0397358710001],[-2.67513883799995,58.0397542700001],[-2.67515265599997,58.039760528],[-2.67532117099995,58.0398385020001],[-2.67537513099995,58.0398657800001],[-2.67553006199995,58.03995131],[-2.67553945699996,58.0399565810001],[-2.67557928699995,58.039980997],[-2.67571943699994,58.040073422],[-2.67574699999994,58.0400926340001],[-2.67576355199998,58.0401052930001],[-2.67588783299993,58.040203897],[-2.67592649299996,58.0402377],[-2.67603460899994,58.040342369],[-2.67606684399993,58.040377194],[-2.67615662599997,58.0404858210001],[-2.67616987799994,58.0405027910001],[-2.67618351699997,58.0405226890001],[-2.67625493799994,58.0406350820001],[-2.67627464699996,58.0406709870001],[-2.67632812099993,58.040788358],[-2.67633607299996,58.0408076730001],[-2.67843465599998,58.0465026730001],[-2.67843994499998,58.046518528],[-2.67848745799995,58.0466775340001],[-2.67849170899996,58.046693648],[-2.67849480499996,58.0467094970001],[-2.67852070999993,58.0468699],[-2.67852275699994,58.0468859640001],[-2.67915242199996,58.0536146680001],[-2.68128805999993,58.0764178530001],[-2.68131714599997,58.0765829540001],[-2.68136987499997,58.076736484],[-2.68144756099997,58.076887007],[-2.68154962099993,58.0770333900001],[-2.68167528099997,58.0771745270001],[-2.68182359399998,58.077309353],[-2.68199343999993,58.0774368470001],[-2.68218353599997,58.0775560500001],[-2.68240553099997,58.0776729470001],[-2.68270062999994,58.0778153850001],[-2.68272440599998,58.077827315],[-2.68295777599997,58.0779490210001],[-2.68298374999995,58.077963175],[-2.68300264299995,58.077974301],[-2.68321758299993,58.078105189],[-2.68325862599994,58.078132225],[-2.68345384999998,58.0782715110001],[-2.68346138599998,58.0782769720001],[-2.68349083599998,58.078300147],[-2.68366518199997,58.0784470030001],[-2.68369235299997,58.0784715870001],[-2.68369788299998,58.0784770650001],[-2.68385030799993,58.078630612],[-2.68387853199994,58.078661923],[-2.68400812599998,58.078821245],[-2.68401987699997,58.0788364540001],[-2.68876448599997,58.0853497190001],[-2.68923345599995,58.0859933690001],[-2.69109199799993,58.088543928],[-2.69110278199997,58.088559585],[-2.69120509699997,58.0887171580001],[-2.69122333899998,58.0887490530001],[-2.69130439199995,58.0889124380001],[-2.69131703499994,58.0889427330001],[-2.69137422299997,58.089106588],[-2.69137936799996,58.0891230300001],[-2.69367927399998,58.09742392],[-2.69518580199997,58.1028592230001],[-2.69538735099997,58.10358625],[-2.69544374699996,58.1037434680001],[-2.69552482499995,58.1038976310001],[-2.69669409799997,58.105806989],[-2.69687672299995,58.1060668910001],[-2.69709274299993,58.106308965],[-2.69734689799998,58.1065404290001],[-2.69763734499998,58.106759605],[-2.69796197899996,58.1069649030001],[-2.69831843999998,58.107154832],[-2.69870414499997,58.1073280140001],[-2.69911629999996,58.1074831930001],[-2.69955190899998,58.107619243],[-2.70000781299996,58.107735178],[-2.70048070399997,58.1078301530001],[-2.70096715099993,58.107903483],[-2.70146362299994,58.1079546330001],[-2.70196651999993,58.1079832340001],[-2.70247219099997,58.1079890770001],[-2.70297696499995,58.1079721190001],[-2.70347718299996,58.107932485],[-2.70396921299994,58.1078704610001],[-2.70446666399994,58.107783495],[-2.73403965799997,58.1018583480001],[-2.73407344899994,58.101852002],[-2.73462178099993,58.1017558840001],[-2.73468687899998,58.101746151],[-2.73524463599995,58.101675377],[-2.73528667699998,58.1016706350001],[-2.73531499899997,58.1016680980001],[-2.73588204899994,58.101622508],[-2.73595331899998,58.1016183990001],[-2.73652868899995,58.101598214],[-2.73659728999996,58.1015974090001],[-2.73717074499996,58.1016029800001],[-2.73721174899993,58.1016039030001],[-2.73724230999994,58.1016052780001],[-2.73781282999994,58.101636462],[-2.73788376899995,58.1016419520001],[-2.73844934699997,58.1016987350001],[-2.73851708699993,58.101707166],[-2.73906956299993,58.1017887240001],[-2.73910697099996,58.101794741],[-2.73913775199998,58.101800456],[-2.73967524999995,58.1019064180001],[-2.73974131799997,58.1019211540001],[-2.74026102399995,58.1020510210001],[-2.74032348299994,58.1020684000001],[-2.74081964499993,58.1022207300001],[-2.74085136699995,58.1022309680001],[-2.74088009199994,58.1022411420001],[-2.74135018899995,58.1024151070001],[-2.74140716399995,58.1024381490001],[-2.74184796099996,58.102632559],[-2.74190093399994,58.102658008],[-2.74230904199993,58.102871367],[-2.74233357299994,58.102884735],[-2.74235788399994,58.102899156],[-2.74273050699998,58.1031299950001],[-2.74277426399993,58.1031595160001],[-2.74310921699993,58.1034065360001],[-2.74314852899994,58.1034382780001],[-2.74344247199997,58.103699018],[-2.74345895299996,58.10371431],[-2.74347657999994,58.103732403],[-2.74372788799997,58.1040053520001],[-2.74374291499993,58.104022587],[-2.75069046199997,58.112453492],[-2.75079644799996,58.1125681180001],[-2.75091135899993,58.112668985],[-2.75104247999997,58.1127641520001],[-2.75118881099996,58.112852891],[-2.75134923399997,58.1129345260001],[-2.75152251899993,58.1130084320001],[-2.75172277099995,58.1130795190001],[-2.75283399099993,58.1134377210001],[-2.75284988699997,58.1134429730001],[-2.75286457099998,58.1134480590001],[-2.75310575399993,58.1135334910001],[-2.75316427199994,58.1135561940001],[-2.75339078499997,58.113652217],[-2.75340356799995,58.1136577440001],[-2.75344542399995,58.1136774820001],[-2.75365561099994,58.1137833940001],[-2.75369117099996,58.113802413],[-2.75370597099993,58.1138110360001],[-2.75389829699998,58.1139260620001],[-2.75394400899995,58.1139558790001],[-2.75411706699992,58.114079179],[-2.75412418299993,58.1140843250001],[-2.75415780599997,58.114110957],[-2.75431032999995,58.114241631],[-2.75433348099995,58.114262727],[-2.75434578399995,58.1142751310001],[-2.75447666199995,58.1144122220001],[-2.75450658299997,58.114447205],[-2.75461624899998,58.1145915750001],[-2.75463901499995,58.1146259160001],[-2.75472388599997,58.1147727960001],[-2.75473508399995,58.1147940210001],[-2.75474211799997,58.1148099600001],[-2.75480297199994,58.1149601390001],[-2.75481514099994,58.1149979960001],[-2.75485172299994,58.1151511990001],[-2.75485530899994,58.1151694770001],[-2.75505646799996,58.116449865],[-2.75512463999996,58.1168837600001],[-2.75517514699993,58.117205223],[-2.75520839099994,58.1173497660001],[-2.75525918499994,58.1174841390001],[-2.75532919299997,58.1176160700001],[-2.75541800399998,58.117744793],[-2.75552510499995,58.1178695580001],[-2.75564986999996,58.117989639],[-2.75580044299994,58.1181115140001],[-2.75739974899994,58.1193040100001],[-2.75785584499994,58.119644071],[-2.75915579899993,58.120613265],[-2.75917397099994,58.1206273720001],[-2.75935054699994,58.120770226],[-2.75938378399997,58.120799484],[-2.75954017799995,58.1209498270001],[-2.75955436499993,58.120964133],[-2.76251854099996,58.1240888150001],[-2.76263654499996,58.1242032690001],[-2.76276124199995,58.12430672],[-2.76290761799993,58.1244116030001],[-2.76436607199997,58.125385147],[-2.76438930899997,58.1254014030001],[-2.76444611399995,58.125449125],[-2.76449116599997,58.1255002390001],[-2.76452375299993,58.1255539360001],[-2.76454336299997,58.125609372],[-2.76454968499996,58.12566567],[-2.76454261899994,58.1257219440001],[-2.76452227999994,58.125777305],[-2.76448898399997,58.1258308810001],[-2.76444325899996,58.1258818270001],[-2.76438582499998,58.125929339],[-2.76431758799993,58.1259726690001],[-2.76423962399997,58.126011132],[-2.76415316199996,58.1260441220001],[-2.76405956599996,58.126071118],[-2.76396031199994,58.1260916960001],[-2.76385696599993,58.1261055300001],[-2.76375115799993,58.126112403],[-2.76364455599997,58.126112205],[-2.76353884099996,58.1261049400001],[-2.76343568099998,58.1260907240001],[-2.76333670299994,58.126069778],[-2.76324346699994,58.126042436],[-2.76315744299995,58.126009126],[-2.76307999099993,58.1259703750001],[-2.76303556499994,58.1259430490001],[-2.76156811699997,58.1249634760001],[-2.76155049599993,58.124951292],[-2.76137827799994,58.124827888],[-2.76137266299997,58.124823818],[-2.76134544999996,58.124802602],[-2.76118955899994,58.124673267],[-2.76116006499996,58.124646849],[-2.76102118399996,58.124512139],[-2.76100778199998,58.1244985920001],[-2.75861546599998,58.1219766730001],[-2.75804443999994,58.1213746500001],[-2.75791222999993,58.1212475560001],[-2.75776215699995,58.121126141],[-2.75535333299996,58.1193301180001],[-2.75440681499992,58.1186243280001],[-2.75438858099994,58.118610167],[-2.75421142299996,58.118466767],[-2.75417808599997,58.1184373940001],[-2.75402135699994,58.118286541],[-2.75399309299996,58.118256628],[-2.75385919899998,58.1181006410001],[-2.75384168699998,58.1180787150001],[-2.75383468899997,58.1180689270001],[-2.75372366099998,58.1179079930001],[-2.75370379199995,58.117875381],[-2.75361627299998,58.117710435],[-2.75361057799995,58.1176991350001],[-2.75360116099995,58.117677116],[-2.75353766499995,58.1175091200001],[-2.75352744499997,58.1174754960001],[-2.75348828999995,58.117305222],[-2.75348499199993,58.1172881750001],[-2.75341807299998,58.116862134],[-2.75316541199993,58.1152534550001],[-2.75313585599997,58.1151296670001],[-2.75309023499995,58.1150170670001],[-2.75302660399996,58.114906938],[-2.75294543199993,58.1148000910001],[-2.75284730699997,58.1146973020001],[-2.75273295299996,58.1145993260001],[-2.75260320099994,58.114506878],[-2.75245899999993,58.1144206330001],[-2.75230140799994,58.1143412210001],[-2.75213157199994,58.114269225],[-2.75193564399996,58.114199822],[-2.75187212199995,58.1141793460001],[-2.75082405499995,58.1138414980001],[-2.75080815899997,58.1138362450001],[-2.75079278699997,58.113830916],[-2.75054627399993,58.1137434060001],[-2.75048651199995,58.1137201230001],[-2.75025539199993,58.1136215500001],[-2.75024454299995,58.1136168450001],[-2.75019970399995,58.1135955940001],[-2.74998573899995,58.1134867100001],[-2.74995316599995,58.1134692030001],[-2.74993454799994,58.1134582780001],[-2.74973937899995,58.1133399180001],[-2.74969307699996,58.1133092260001],[-2.74951684299998,58.113181308],[-2.74947713899996,58.1131495810001],[-2.74932387899997,58.113015047],[-2.74930546999997,58.1129980600001],[-2.74928838199997,58.112980561],[-2.74915791799998,58.1128394560001],[-2.74914233699997,58.1128216280001],[-2.74219483399997,58.104390337],[-2.74196711199994,58.104142993],[-2.74170995099996,58.103914871],[-2.74141732399994,58.1036990590001],[-2.74109132199993,58.103497098],[-2.74073427299993,58.103310428],[-2.74034872699997,58.1031403850001],[-2.73993744299997,58.102988183],[-2.73950334899996,58.102854908],[-2.73904955099994,58.1027415120001],[-2.73857929299993,58.1026488040001],[-2.73809592599997,58.102577448],[-2.73760290599995,58.1025279510001],[-2.73710375399997,58.1025006680001],[-2.73660203299994,58.102495794],[-2.73610132499994,58.102513365],[-2.73560520499996,58.1025532520001],[-2.73511722099994,58.1026151730001],[-2.73462381499996,58.1027016720001],[-2.70505008699996,58.1086269800001],[-2.70501601699993,58.108633366],[-2.70446332999995,58.108729978],[-2.70439753099993,58.1087397750001],[-2.70383512599994,58.1088106700001],[-2.70379388699996,58.1088152990001],[-2.70376417599994,58.1088179400001],[-2.70319240999993,58.108863243],[-2.70312054799996,58.10886729],[-2.70254147599996,58.1088867400001],[-2.70247131999997,58.108887467],[-2.70189331899996,58.1088807880001],[-2.70185482699998,58.1088798800001],[-2.70182120499993,58.108878325],[-2.70124637899994,58.1088456350001],[-2.70117491899993,58.1088399320001],[-2.70060714799996,58.1087814360001],[-2.70053714899996,58.108772565],[-2.69998112599995,58.108688746],[-2.69994775599997,58.1086833210001],[-2.69991253099994,58.108676712],[-2.69937200299995,58.108568152],[-2.69930696099993,58.108553418],[-2.69878447599996,58.108420553],[-2.69872073199997,58.108402536],[-2.69822282299998,58.1082470260001],[-2.69819617499996,58.108238349],[-2.69816220399997,58.1082262020001],[-2.69769110699997,58.108048829],[-2.69763660699994,58.108026485],[-2.69719318899996,58.107827398],[-2.69714012099996,58.1078014330001],[-2.69673268299994,58.107584339],[-2.69671351099993,58.1075737850001],[-2.69668398399995,58.1075560790001],[-2.69631293099997,58.1073214190001],[-2.69627491299997,58.107295509],[-2.69626895199997,58.107291069],[-2.69593697399995,58.1070405460001],[-2.69589803299993,58.1070083220001],[-2.69560754099996,58.106743754],[-2.69559575699998,58.1067326630001],[-2.69557392299993,58.1067098950001],[-2.69532701999998,58.1064332],[-2.69530392599995,58.1064048310001],[-2.69529896799997,58.1063979480001],[-2.69509744699997,58.106111136],[-2.69508557399996,58.1060930680001],[-2.69390531599993,58.1041656340001],[-2.69389505699996,58.104147599],[-2.69379966699995,58.1039662060001],[-2.69379429199995,58.1039554750001],[-2.69378347899993,58.1039295350001],[-2.69371713099997,58.1037445490001],[-2.69371123099995,58.1037259780001],[-2.69196357899995,58.0974197850001],[-2.69014078199996,58.090840045],[-2.68970361199996,58.0892616340001],[-2.68965501399992,58.089122371],[-2.68959105299996,58.088993466],[-2.68950409999997,58.088859541],[-2.68634485899997,58.0845234750001],[-2.68198724599995,58.084752425],[-2.68569731999997,58.091692257],[-2.68669975999995,58.093566878],[-2.68670617399994,58.0935795760001],[-2.68670866299993,58.0935849510001],[-2.68679054899997,58.0937665700001],[-2.68680405999993,58.09380322],[-2.68685716899995,58.0939878130001],[-2.68686064199994,58.0940012340001],[-2.68686175599993,58.094006332],[-2.68773737399994,58.098219488],[-2.69018377299994,58.1099854],[-2.69023030599993,58.1101479850001],[-2.69130106299997,58.113078117],[-2.69508947399993,58.1234412110001],[-2.69509566699998,58.123460353],[-2.69514972899998,58.1236523840001],[-2.69515276999994,58.1236642750001],[-2.69515739399998,58.123691003],[-2.69517990099996,58.1238847870001],[-2.69518149099997,58.1239143620001],[-2.69518123299997,58.123923608],[-2.69517201899993,58.124117697],[-2.69516700499997,58.1241564380001],[-2.69512613699993,58.1243493810001],[-2.69512423399993,58.1243576630001],[-2.69512126099994,58.1243686290001],[-2.69432270799996,58.127074964],[-2.69233749899996,58.1338011290001],[-2.69230262699995,58.133965995],[-2.69229540899994,58.1341220690001],[-2.69231384599993,58.1342778850001],[-2.69235779699994,58.134432265],[-2.69242693299998,58.1345840440001],[-2.69252072799998,58.1347320730001],[-2.69264584699994,58.134884196],[-2.69872592099995,58.1414757920001],[-2.69873880899996,58.1414904210001],[-2.69886267299995,58.1416379020001],[-2.69887752999995,58.141656733],[-2.69888542699994,58.1416678510001],[-2.69898894199997,58.1418196550001],[-2.69900756999994,58.1418503890001],[-2.69909020099993,58.1420057340001],[-2.69909618099996,58.142017595],[-2.69910460399996,58.142037095],[-2.69916592699997,58.142195176],[-2.69917152299996,58.142211043],[-2.70042565499995,58.146159679],[-2.70254661799993,58.1528355090001],[-2.70262293099995,58.153043811],[-2.70330640599997,58.154689046],[-2.70364516899997,58.155370562],[-2.70408206699994,58.1560265850001],[-2.70461860999995,58.1566616150001],[-2.70525123499993,58.1572714370001],[-2.70597574199996,58.1578519930001],[-2.70678731999993,58.1583994260001],[-2.70768057799995,58.158910098],[-2.70864958199996,58.1593806120001],[-2.70970157399995,58.1598134710001],[-2.71284906399995,58.161002823],[-2.71287326699996,58.161012316],[-2.71311205699993,58.1611094850001],[-2.71313809099996,58.161120517],[-2.71315848299997,58.1611298030001],[-2.71338363899997,58.1612356740001],[-2.71342722199995,58.1612576790001],[-2.71363761399994,58.16137172],[-2.71365111499995,58.1613792090001],[-2.71367813699993,58.1613953030001],[-2.71387270299994,58.1615169390001],[-2.71389174999996,58.161529284],[-2.71899164899997,58.1649566350001],[-2.71901023499993,58.1649696000001],[-2.71919309099997,58.1651020830001],[-2.71922602299998,58.1651279340001],[-2.71938890299998,58.165265907],[-2.71941428699995,58.1652889000001],[-2.71941956799998,58.1652941080001],[-2.71956312499998,58.1654379490001],[-2.71958984699995,58.165467248],[-2.71971332799995,58.1656162030001],[-2.71972636399994,58.1656328240001],[-2.71973596699996,58.165646445],[-2.71983872599998,58.165799731],[-2.71984847599992,58.165815158],[-2.72569481499994,58.1756515880001],[-2.72658886099993,58.1771553130001],[-2.72659754399996,58.1771708970001],[-2.72667900899995,58.177327507],[-2.72668353599994,58.177336584],[-2.72669314699993,58.1773591190001],[-2.72675296799997,58.1775184300001],[-2.72675840499994,58.177534419],[-2.72752866199994,58.180061198],[-2.73810700399997,58.2147261360001],[-2.73811155699997,58.214743088],[-2.73815099999996,58.2149133980001],[-2.73815641499993,58.2149475840001],[-2.73817110399995,58.21511895],[-2.73817196899995,58.2151409890001],[-2.73817155899997,58.2151532600001],[-2.73816141399993,58.215324717],[-2.73815690599997,58.21535894],[-2.73812198999997,58.2155294870001],[-2.73811978099997,58.2155392650001],[-2.73811787999995,58.215546508],[-2.73778571699995,58.216739902],[-2.73776718399995,58.2167880150001],[-2.73773376299994,58.2168415840001],[-2.73768788099994,58.2168925190001],[-2.73763026499995,58.2169400180001],[-2.73756181999994,58.216983332],[-2.73748362799995,58.217021779],[-2.73739691899993,58.2170547490001],[-2.73730306399995,58.2170817260001],[-2.73720354099993,58.217102282],[-2.73709991999993,58.2171160950001],[-2.73699383699994,58.217122945],[-2.73688696199997,58.2171227250001],[-2.73678098199997,58.2171154380001],[-2.73667756999993,58.2171011990001],[-2.73657835299997,58.217080233],[-2.73648490099993,58.2170528710001],[-2.73639868299995,58.217019544],[-2.73632106099996,58.2169807770001],[-2.73625325999996,58.216937182],[-2.73619634699998,58.216889447],[-2.73615122099994,58.2168383250001],[-2.73611859299996,58.2167846200001],[-2.73609897799997,58.2167291820001],[-2.73609268399997,58.2166728820001],[-2.73609981299995,58.2166166110001],[-2.73610171599995,58.216609368],[-2.73643157099997,58.215424467],[-2.73646125299996,58.2152795170001],[-2.73646937499996,58.2151423770001],[-2.73645763099995,58.21500531],[-2.73642412199996,58.214860592],[-2.73595504299993,58.213324642],[-2.73562978599995,58.21225954],[-2.73348430199997,58.205232235],[-2.73334662799994,58.2047812050001],[-2.73309605799994,58.2039602850001],[-2.72580531199998,58.1800575080001],[-2.72508226499997,58.1776852200001],[-2.72503142699998,58.177549818],[-2.72496219399994,58.177416711],[-2.71823149399995,58.1660919810001],[-2.71814416099994,58.1659617000001],[-2.71804539499993,58.1658425540001],[-2.71793057399998,58.1657275000001],[-2.71780029499996,58.1656171380001],[-2.71764616699994,58.1655054730001],[-2.71256514799995,58.1620907240001],[-2.71239978299997,58.161987341],[-2.71223149599996,58.161896122],[-2.71205140099994,58.161811437],[-2.71184844599998,58.161728849],[-2.70869909399994,58.1605387800001],[-2.70867133399997,58.1605278310001],[-2.70757831899994,58.1600780860001],[-2.70755584399996,58.16006851],[-2.70752544699997,58.1600544400001],[-2.70650539599995,58.159559131],[-2.70645733599997,58.159533852],[-2.70551603399997,58.1589957050001],[-2.70547113199996,58.1589678350001],[-2.70461680999995,58.1583915570001],[-2.70459604099995,58.1583769440001],[-2.70457635199995,58.158361846],[-2.70381369399996,58.1577506990001],[-2.70377794999996,58.157719345],[-2.70311134799994,58.1570767430001],[-2.70308122499995,58.1570446040001],[-2.70251644099994,58.1563761150001],[-2.70250088999995,58.1563564690001],[-2.70249080299993,58.156342109],[-2.70203091799993,58.155651522],[-2.70201060499994,58.1556165270001],[-2.70165760299994,58.1549062560001],[-2.70165054899996,58.154890638],[-2.70155900799995,58.154670265],[-2.70096116599996,58.153230997],[-2.70095689399994,58.1532200620001],[-2.70087657299996,58.153000793],[-2.70087281399998,58.152989802],[-2.69749898299995,58.1423677450001],[-2.69744686999996,58.1422333890001],[-2.69738077999995,58.1421091330001],[-2.69729798599997,58.141987708],[-2.69719271499997,58.1418623610001],[-2.69111145599993,58.1352691700001],[-2.69109599799998,58.1352514390001],[-2.69094878299995,58.1350724440001],[-2.69093650999997,58.1350567120001],[-2.69092231099995,58.1350360010001],[-2.69080504599998,58.1348509210001],[-2.69078570899995,58.134815658],[-2.69069822799997,58.134623633],[-2.69068407499998,58.1345853170001],[-2.69062913299996,58.1343922950001],[-2.69062588599996,58.1343796780001],[-2.69062132699997,58.1343534750001],[-2.69059828599995,58.134158658],[-2.69059663899998,58.1341285600001],[-2.69059688399994,58.1341196270001],[-2.69060591599992,58.133924489],[-2.69061092899994,58.1338855400001],[-2.69065196799994,58.1336915530001],[-2.69065389399998,58.1336831660001],[-2.69065686899995,58.1336722010001],[-2.69264523699997,58.1269364140001],[-2.69344108099995,58.1242396860001],[-2.69347582299997,58.124075707],[-2.69348319899996,58.1239204710001],[-2.69346520499994,58.12376548],[-2.69341926499993,58.1236022750001],[-2.68856090299994,58.1103095490001],[-2.68855503899994,58.11029154],[-2.68850333899996,58.1101108820001],[-2.68849997899997,58.110097857],[-2.68849886399994,58.1100927590001],[-2.68683787999993,58.102103318],[-2.68661045099998,58.101009092],[-2.68583223799993,58.0972643710001],[-2.68517763399996,58.0941138470001],[-2.68513250199993,58.0939569610001],[-2.68506291399996,58.0938026040001],[-2.68025628399994,58.0848112940001],[-2.67959439399993,58.084788738],[-2.67964740799994,58.084943734],[-2.67965479699996,58.084969619],[-2.67965595099997,58.0849749110001],[-2.67968832099996,58.0851314940001],[-2.67969271499993,58.0851629110001],[-2.67970428199993,58.08532031],[-2.67970491499995,58.0853360630001],[-2.67974359099998,58.090713484],[-2.67974326399997,58.090725896],[-2.67973565699998,58.090869168],[-2.67973240899994,58.090897785],[-2.67970755599993,58.091040508],[-2.67970463999995,58.091054758],[-2.67969824399995,58.0910819600001],[-2.67857807099995,58.095845626],[-2.67756100899993,58.1001696820001],[-2.67582813999996,58.1075345410001],[-2.67229736099995,58.1225311320001],[-2.67128425899995,58.126831806],[-2.66661031499996,58.146659282],[-2.66660505899995,58.146677901],[-2.66654042099998,58.1468778870001],[-2.66652445499994,58.1469168030001],[-2.66642557199998,58.1471136220001],[-2.66641488099998,58.147133114],[-2.66150519599995,58.1553812060001],[-2.66144176199992,58.1555013180001],[-2.66139615399993,58.1556161770001],[-2.66136287599994,58.1557396330001],[-2.65966432599993,58.163953131],[-2.65966222499998,58.1639623930001],[-2.65963934899997,58.164055112],[-2.65963743699996,58.164062367],[-2.65925980099996,58.165414866],[-2.65924112799996,58.165463189],[-2.65920763799994,58.1655167370001],[-2.65916171099997,58.1655676450001],[-2.65910407299998,58.165615109],[-2.65903563199993,58.1656583810001],[-2.65895746699994,58.1656967800001],[-2.65887081099993,58.1657296970001],[-2.65877703299998,58.1657566170001],[-2.65867760699996,58.1657771120001],[-2.65857410599995,58.1657908610001],[-2.65846815999993,58.165797646],[-2.65836144099995,58.1657973600001],[-2.65825562999993,58.165790009],[-2.65815239699998,58.1657757070001],[-2.65805337199993,58.165754679],[-2.65796011199996,58.16572726],[-2.65787409399996,58.1656938790001],[-2.65779666899994,58.1656550650001],[-2.65772906099994,58.1656114290001],[-2.65767233599996,58.1655636580001],[-2.65762738599994,58.1655125070001],[-2.65759492399997,58.1654587830001],[-2.65757545899993,58.165403332],[-2.65756929899993,58.165347029],[-2.65757654099997,58.165290762],[-2.65757839499997,58.1652837410001],[-2.65795504699997,58.1639349880001],[-2.65797580399993,58.1638508790001],[-2.65829155199998,58.1623246890001],[-2.65835373399995,58.1620241110001],[-2.65860727399996,58.160798497],[-2.65967528799996,58.1556347470001],[-2.65967812899993,58.1556226010001],[-2.65971791499993,58.155474934],[-2.65972753899996,58.155446032],[-2.65978456199997,58.1553024390001],[-2.65979420899993,58.155280824],[-2.65979773599997,58.1552739350001],[-2.65987237399997,58.155132617],[-2.65988027599997,58.155118551],[-2.66069208399995,58.153755124],[-2.66088057199994,58.153438544],[-2.66124380999997,58.152828442],[-2.66478870399993,58.146873203],[-2.66487243799997,58.146706556],[-2.66492737999994,58.1465365930001],[-2.66957438399993,58.126827387],[-2.67195730799995,58.1167121510001],[-2.67801988499997,58.0909508830001],[-2.67804101399997,58.0908295770001],[-2.67804748499998,58.0907078050001],[-2.67800917199997,58.085347353],[-2.67799934999994,58.0852135750001],[-2.67797346299994,58.0850883260001],[-2.67792841099993,58.084956591],[-2.67591691299998,58.0800601330001],[-2.67591045299997,58.0800427670001],[-2.67585234899997,58.0798685120001],[-2.67584560799997,58.0798445410001],[-2.67584332799993,58.0798334460001],[-2.67581130699995,58.079657308],[-2.67580876099993,58.079639662],[-2.67491602299998,58.0712907450001],[-2.67257491599997,58.0493783000001],[-2.67187079899998,58.0427826850001],[-2.67186246999995,58.0427373540001],[-2.67185028599994,58.0427015110001],[-2.67183266199993,58.042666307],[-2.67180971199997,58.0426319790001],[-2.67178158999997,58.042598753],[-2.67174847299998,58.042566842],[-2.67171059099996,58.042536462],[-2.67166818799996,58.042507814],[-2.67162153899994,58.0424810810001],[-2.67157095899995,58.042456443],[-2.67151677499993,58.0424340610001],[-2.67144495899993,58.0424090760001],[-2.66940591899993,58.0417608910001],[-2.66938407899994,58.0417537070001],[-2.66937609399997,58.041750957],[-2.66925837799994,58.041709913],[-2.66920117499996,58.0416881090001],[-2.66909029899995,58.0416420180001],[-2.66906975499995,58.0416332],[-2.66903671699993,58.041617769],[-2.66893344699997,58.041566952],[-2.66888658799996,58.041542001],[-2.66878890899994,58.0414852370001],[-2.66874363599993,58.0414566140001],[-2.66865766899997,58.041397428],[-2.66864101599998,58.041385565],[-2.66861705099996,58.0413669180001],[-2.66854065399997,58.0413041480001],[-2.66850650999993,58.0412734860001],[-2.66843865099997,58.041206023],[-2.66840811799995,58.0411723610001],[-2.66835238399995,58.0411037470001],[-2.66834123899997,58.041089346],[-2.66832723099998,58.041068856],[-2.66828244199996,58.040998023],[-2.66826346399995,58.040963467],[-2.66822931199994,58.040889581],[-2.66822164099995,58.0408713510001],[-2.66224496099994,58.0251268750001],[-2.66223958599994,58.0251112940001],[-2.66219103999993,58.024955054],[-2.66218592099995,58.024936064],[-2.66218341299998,58.024923647],[-2.66215574099994,58.0247659830001],[-2.66215230499995,58.024734364],[-2.66214564399996,58.0245760560001],[-2.66214547399994,58.024562003],[-2.66238684199993,58.0146675450001],[-2.66278864099996,57.998183354],[-2.66317537899994,57.9823016500001],[-2.66317913699993,57.9821472360001],[-2.66380780699996,57.9562977850001],[-2.66403405899996,57.946984985],[-2.66403433499994,57.9469494470001],[-2.66400021099997,57.943064518],[-2.66393493399994,57.9356309140001],[-2.66393560699993,57.9356129220001],[-2.66395084299995,57.9354115520001],[-2.66395321599992,57.935391435],[-2.66464690699996,57.9310661530001],[-2.66465969399997,57.9309239340001],[-2.66465293399995,57.9307899830001],[-2.66462582499997,57.930648331],[-2.66351648399996,57.9264226270001],[-2.66351403099998,57.9264123840001],[-2.66348748899998,57.926285594],[-2.66348358599993,57.9262606090001],[-2.66347063299997,57.9261354390001],[-2.66346966599997,57.926122912],[-2.66334217699995,57.9236190280001],[-2.66252930599995,57.9076462030001],[-2.66252687599996,57.9076105600001],[-2.66171872199993,57.8994035310001],[-2.66166285399993,57.89883603],[-2.65916263999998,57.873421498],[-2.65914199699995,57.8732917340001],[-2.65605626999997,57.8592721420001],[-2.65458759599994,57.8525955750001],[-2.65230582999993,57.8422178070001],[-2.65228233299996,57.842128271],[-2.65029919699992,57.8356326910001],[-2.65026352499996,57.8355327140001],[-2.65021791499993,57.8354338950001],[-2.64883028799994,57.8327389990001],[-2.64882560299998,57.8327294920001],[-2.64882135799996,57.8327200510001],[-2.64873982999995,57.8325296250001],[-2.64872664499995,57.8324911970001],[-2.64867644999993,57.8322977130001],[-2.64867460599993,57.832290126],[-2.64866957599997,57.832258821],[-2.64865109299996,57.8320637410001],[-2.64865003099993,57.83203874],[-2.64865058099997,57.8320246750001],[-2.64866394899997,57.831829477],[-2.64866608199998,57.8318099730001],[-2.64894246199998,57.829971458],[-2.64895384499994,57.8298076140001],[-2.64893970999998,57.8296535000001],[-2.64889839699993,57.829491031],[-2.64794440199995,57.8266586250001],[-2.64788036499993,57.826505119],[-2.64779800999997,57.826363793],[-2.64769412599998,57.8262265640001],[-2.64756941999997,57.8260943660001],[-2.64741567699997,57.8259601870001],[-2.64641828099997,57.8251652440001],[-2.64639927999997,57.8251493910001],[-2.64621556399993,57.8249887920001],[-2.64619432499995,57.8249691240001],[-2.64618137399998,57.824955876],[-2.64602350299998,57.8247876360001],[-2.64599459999994,57.8247533110001],[-2.64586235599995,57.824576817],[-2.64584026799997,57.8245431180001],[-2.64573722299997,57.8243631820001],[-2.64572584399997,57.8243413590001],[-2.64571945699993,57.824326764],[-2.64564500799997,57.824142857],[-2.64563301899994,57.824105778],[-2.64558724199998,57.8239173010001],[-2.64558155699996,57.8238817020001],[-2.64556565999993,57.8236937460001],[-2.64556481699998,57.8236711490001],[-2.64556543499998,57.8236561190001],[-2.64557908299997,57.8234681120001],[-2.64558118699995,57.823449327],[-2.64624324699997,57.8190766340001],[-2.64625484099997,57.818916916],[-2.64624214399993,57.818766646],[-2.64620592899996,57.8186174690001],[-2.64614644599993,57.8184704330001],[-2.64606411699998,57.818326568],[-2.64595951799993,57.818186886],[-2.64582548799996,57.818043941],[-2.63743353899997,57.8099567740001],[-2.63729191799996,57.8098317990001],[-2.63714217799998,57.809719967],[-2.63697685499994,57.8096145760001],[-2.63678565599997,57.809510087],[-2.62873959799992,57.8054363620001],[-2.61306555199997,57.7974964730001],[-2.61304031499998,57.7974831320001],[-2.61279330399998,57.7973469290001],[-2.61278113099996,57.797340073],[-2.61274609699996,57.7973185970001],[-2.61252148999995,57.7971717520001],[-2.61248965699997,57.7971495670001],[-2.61247892999995,57.7971413980001],[-2.61227832199995,57.79698496],[-2.61224070799994,57.796952794],[-2.61206553499994,57.796787878],[-2.61205778799996,57.7967804190001],[-2.61203313999994,57.7967541360001],[-2.61188464499998,57.7965819170001],[-2.61186486599996,57.7965570320001],[-2.61185769599996,57.7965468350001],[-2.61173694099995,57.796368541],[-2.61172556899993,57.7963505750001],[-2.60269648999997,57.7810181560001],[-2.60209419699993,57.779994909],[-2.59921783199997,57.7751073540001],[-2.59920981299996,57.7750928790001],[-2.59913418499997,57.7749474400001],[-2.59912869699997,57.774936338],[-2.59912089799997,57.774918094],[-2.59906373399997,57.774770269],[-2.59905848299996,57.7747554370001],[-2.59693504799998,57.768150131],[-2.59687986799997,57.768010136],[-2.59680961899994,57.767880834],[-2.59672144099994,57.767754709],[-2.59660922299997,57.7676248160001],[-2.59547261299997,57.766429073],[-2.59545737899992,57.7664121820001],[-2.59531170799994,57.7662416480001],[-2.59529300199995,57.766217979],[-2.59528526499997,57.766206923],[-2.59516671799997,57.76603049],[-2.59514578599993,57.765994704],[-2.59505519199996,57.765813603],[-2.59505184899996,57.7658067020001],[-2.59503991799994,57.765777009],[-2.59497790599994,57.765592499],[-2.59497242599997,57.765573981],[-2.59430331999994,57.7629600450001],[-2.59344342699995,57.759600225],[-2.59341312199996,57.7595012470001],[-2.59337313099996,57.7594032580001],[-2.59043671499995,57.753017438],[-2.58936930999994,57.7506955800001],[-2.58927862399997,57.7505293740001],[-2.58733202399998,57.7474575410001],[-2.58724157199993,57.7473409510001],[-2.58713674199993,57.74722869],[-2.58701005099994,57.7471138550001],[-2.58556012399993,57.7458986450001],[-2.58324475099994,57.743957886],[-2.58323103999993,57.74394599],[-2.58309745999998,57.743825933],[-2.58308445299997,57.743813818],[-2.56106870499997,57.722533953],[-2.56105437099995,57.7225193180001],[-2.56089912699997,57.7223533100001],[-2.56087066899994,57.7223194480001],[-2.56073992899996,57.7221449050001],[-2.56071845099996,57.722112146],[-2.56061640299993,57.7219347290001],[-2.56060688299993,57.7219168730001],[-2.55611247099995,57.7127721270001],[-2.55602289299998,57.7126169810001],[-2.55590899899994,57.712466471],[-2.55172725799997,57.7075515940001],[-2.55171799699997,57.7075402990001],[-2.55162830899997,57.7074266980001],[-2.55161902399993,57.7074144370001],[-2.55161154299998,57.707403723],[-2.55153364099993,57.7072876560001],[-2.55152614799994,57.7072759920001],[-2.54615300499995,57.6985199210001],[-2.54614153799997,57.698499623],[-2.54604442299996,57.6983118530001],[-2.54603897699997,57.6983007740001],[-2.54602806199995,57.6982738840001],[-2.54596171499998,57.698082313],[-2.54595358299997,57.6980537320001],[-2.54595156199997,57.698043727],[-2.54591647899997,57.697849798],[-2.54591261199994,57.697810884],[-2.54590906099997,57.6976160560001],[-2.54590903999997,57.6976086650001],[-2.54591150799996,57.6975771130001],[-2.54593950999993,57.6973828550001],[-2.54594309699996,57.6973634620001],[-2.54926031699995,57.682679627],[-2.54926157799997,57.6826743080001],[-2.54926554199994,57.682660099],[-2.54932576899995,57.682465527],[-2.54934099099995,57.6824269350001],[-2.54943347099993,57.682234679],[-2.54945434199993,57.682198213],[-2.54957713699997,57.6820122760001],[-2.54959008399993,57.6819939530001],[-2.54960472099998,57.6819757040001],[-2.54966287899992,57.6819073930001],[-2.54858818499997,57.68167621],[-2.54810511199997,57.6815722910001],[-2.54812857699994,57.681544731],[-2.54816254199994,57.6815048380001],[-2.54817290799997,57.681492663],[-2.54823175999996,57.6814235410001],[-2.54824998499993,57.6814026110001],[-2.54833216799994,57.681318133],[-2.54851520999995,57.681145185],[-2.54861342299995,57.681060148],[-2.54863103899993,57.6810462760001],[-2.54882986499996,57.6808917930001],[-2.54884002699993,57.680883898],[-2.54893030599993,57.6808181100001],[-2.54897328399994,57.6807895150001],[-2.54920805999996,57.6806375840001],[-2.54928036199993,57.680592834],[-2.54934692699993,57.6805534170001],[-2.55080663999996,57.679689028],[-2.55150769299996,57.67927387],[-2.55317352699996,57.678287089],[-2.55465204099994,57.6787504420001],[-2.55563277699997,57.678169434],[-2.55875821499995,57.676317689],[-2.56188333299997,57.674465867],[-2.56190053099994,57.6744559860001],[-2.56237474899996,57.6741938800001],[-2.56240127499996,57.6741995340001],[-2.56240732899994,57.6742008240001],[-2.56244094099998,57.674206064],[-2.56245101399998,57.674206917],[-2.56249809399998,57.67421569],[-2.56253000199996,57.674219141],[-2.56255686699996,57.674221716],[-2.56261895099993,57.674225033],[-2.56262399499997,57.674225909],[-2.56265423999997,57.6742302660001],[-2.56266095999996,57.6742311340001],[-2.56268283799994,57.674236426],[-2.56270137599995,57.6742426320001],[-2.56271146599994,57.674244608],[-2.56272828299996,57.6742479010001],[-2.56274507499995,57.674249623],[-2.56276185399997,57.6742504470001],[-2.56277691399993,57.6742485830001],[-2.56279028399996,57.674245829],[-2.56282703999995,57.6742375810001],[-2.56285038599998,57.6742293930001],[-2.56285372499997,57.6742284800001],[-2.56286701099998,57.6742203370001],[-2.56287866199995,57.674214895],[-2.56289200399993,57.6742103450001],[-2.56290703699995,57.6742066850001],[-2.56292375999993,57.6742039160001],[-2.56293045099994,57.674202988],[-2.56293564799995,57.674213744],[-2.56294252099997,57.6742244920001],[-2.56294421099994,57.6742253830001],[-2.56295276099996,57.6742361240001],[-2.56295784599996,57.6742396940001],[-2.56296631199996,57.6742450460001],[-2.56296967799994,57.6742459290001],[-2.56297970899993,57.6742440880001],[-2.56298471099996,57.674242269],[-2.56303145599998,57.6742294860001],[-2.56306986199996,57.6742194340001],[-2.56308310599997,57.674208596],[-2.56309309499994,57.6742040600001],[-2.56309809699997,57.674202242],[-2.56310811399993,57.6741995020001],[-2.56311648199994,57.6741985670001],[-2.56312487799994,57.6741994280001],[-2.56313161199995,57.674201194],[-2.56313666899996,57.674202968],[-2.56314343099996,57.674206531],[-2.56314852999998,57.6742110000001],[-2.56315195199994,57.674215476],[-2.56315712099996,57.674224435],[-2.56316073799997,57.674241485],[-2.56316244299995,57.674243274],[-2.56317670899995,57.6742874940001],[-2.56318377799994,57.674321686],[-2.56318546899996,57.6743334450001],[-2.56318940899996,57.674371244],[-2.56318949199994,57.6743766330001],[-2.56319356699993,57.6744231440001],[-2.56319738399998,57.674442259],[-2.56321272599996,57.6744477600001],[-2.56322098299995,57.674450418],[-2.56323812499994,57.674453037],[-2.56325677399997,57.6744555590001],[-2.56326029399997,57.6744555430001],[-2.56328059599997,57.67445653],[-2.56329769599995,57.6744564540001],[-2.56334717799996,57.6744579400001],[-2.56338617099993,57.6744641440001],[-2.56339797899994,57.674468763],[-2.56341013499997,57.674474188],[-2.56341519199998,57.674475962],[-2.56342906699996,57.674484164],[-2.56343077099996,57.674485953],[-2.56344094199994,57.6744930930001],[-2.56344109799994,57.674503153],[-2.56343770499996,57.674511432],[-2.56343281799997,57.6745206160001],[-2.56343284599996,57.674522412],[-2.56343274199997,57.6745227230001]]]},"properties":{"Property_Description":"Moray East OFTO","Tenant_Name":"TC Moray East OFTO Limited","Lease_Type_Description":"Lease Marine","Property_Classification":"OFTO","Project_Phase":"Operational","Capacity_MW":0,"OBJECTID_1":14,"Shape__Area":0.0031074166881239762,"Shape__Length":1.6332057519007455}},{"type":"Feature","id":15,"geometry":{"type":"Polygon","coordinates":[[[-2.57107755099997,58.2190206220001],[-2.56972625099996,58.1346684420001],[-2.64061659599997,58.120546248],[-2.64406928899996,58.119857138],[-2.65521072499996,58.1176326470001],[-2.67255667999996,58.1141669670001],[-2.66492737999994,58.1465365930001],[-2.66487243799997,58.146706556],[-2.66478870399993,58.146873203],[-2.66124380999997,58.152828442],[-2.66088057199994,58.153438544],[-2.66069208399995,58.153755124],[-2.65988027599997,58.155118551],[-2.65987237399997,58.155132617],[-2.65979773599997,58.1552739350001],[-2.65979420899993,58.155280824],[-2.65978456199997,58.1553024390001],[-2.65972753899996,58.155446032],[-2.65971791499993,58.155474934],[-2.65967812899993,58.1556226010001],[-2.65967528799996,58.1556347470001],[-2.65860727399996,58.160798497],[-2.65835373399995,58.1620241110001],[-2.65829155199998,58.1623246890001],[-2.65797580399993,58.1638508790001],[-2.65795504699997,58.1639349880001],[-2.65757839499997,58.1652837410001],[-2.65757654099997,58.165290762],[-2.65756929899993,58.165347029],[-2.65757545899993,58.165403332],[-2.65759492399997,58.1654587830001],[-2.65762738599994,58.1655125070001],[-2.65767233599996,58.1655636580001],[-2.65772906099994,58.1656114290001],[-2.65779666899994,58.1656550650001],[-2.65787409399996,58.1656938790001],[-2.65796011199996,58.16572726],[-2.65805337199993,58.165754679],[-2.65815239699998,58.1657757070001],[-2.65825562999993,58.165790009],[-2.65836144099995,58.1657973600001],[-2.65846815999993,58.165797646],[-2.65857410599995,58.1657908610001],[-2.65867760699996,58.1657771120001],[-2.65877703299998,58.1657566170001],[-2.65887081099993,58.1657296970001],[-2.65895746699994,58.1656967800001],[-2.65903563199993,58.1656583810001],[-2.65910407299998,58.165615109],[-2.65916171099997,58.1655676450001],[-2.65920763799994,58.1655167370001],[-2.65924112799996,58.165463189],[-2.65925980099996,58.165414866],[-2.65963743699996,58.164062367],[-2.65963934899997,58.164055112],[-2.65966222499998,58.1639623930001],[-2.65966432599993,58.163953131],[-2.66136287599994,58.1557396330001],[-2.66139615399993,58.1556161770001],[-2.66144176199992,58.1555013180001],[-2.66150519599995,58.1553812060001],[-2.66641488099998,58.147133114],[-2.66642557199998,58.1471136220001],[-2.66652445499994,58.1469168030001],[-2.66654042099998,58.1468778870001],[-2.66660505899995,58.146677901],[-2.66661031499996,58.146659282],[-2.67435144399997,58.1138082040001],[-2.68878463299995,58.110921911],[-2.69341926499993,58.1236022750001],[-2.69346520499994,58.12376548],[-2.69348319899996,58.1239204710001],[-2.69347582299997,58.124075707],[-2.69344108099995,58.1242396860001],[-2.69264523699997,58.1269364140001],[-2.69065686899995,58.1336722010001],[-2.69065389399998,58.1336831660001],[-2.69065196799994,58.1336915530001],[-2.69061092899994,58.1338855400001],[-2.69060591599992,58.133924489],[-2.69059688399994,58.1341196270001],[-2.69059663899998,58.1341285600001],[-2.69059828599995,58.134158658],[-2.69062132699997,58.1343534750001],[-2.69062588599996,58.1343796780001],[-2.69062913299996,58.1343922950001],[-2.69068407499998,58.1345853170001],[-2.69069822799997,58.134623633],[-2.69078570899995,58.134815658],[-2.69080504599998,58.1348509210001],[-2.69092231099995,58.1350360010001],[-2.69093650999997,58.1350567120001],[-2.69094878299995,58.1350724440001],[-2.69109599799998,58.1352514390001],[-2.69111145599993,58.1352691700001],[-2.69719271499997,58.1418623610001],[-2.69729798599997,58.141987708],[-2.69738077999995,58.1421091330001],[-2.69744686999996,58.1422333890001],[-2.69749898299995,58.1423677450001],[-2.70087281399998,58.152989802],[-2.70087657299996,58.153000793],[-2.70095689399994,58.1532200620001],[-2.70096116599996,58.153230997],[-2.70165054899996,58.154890638],[-2.70165760299994,58.1549062560001],[-2.70201060499994,58.1556165270001],[-2.70203091799993,58.155651522],[-2.70249080299993,58.156342109],[-2.70250088999995,58.1563564690001],[-2.70251644099994,58.1563761150001],[-2.70308122499995,58.1570446040001],[-2.70311134799994,58.1570767430001],[-2.70377794999996,58.157719345],[-2.70381369399996,58.1577506990001],[-2.70457635199995,58.158361846],[-2.70459604099995,58.1583769440001],[-2.70461680999995,58.1583915570001],[-2.70547113199996,58.1589678350001],[-2.70551603399997,58.1589957050001],[-2.70645733599997,58.159533852],[-2.70650539599995,58.159559131],[-2.70752544699997,58.1600544400001],[-2.70755584399996,58.16006851],[-2.70757831899994,58.1600780860001],[-2.70867133399997,58.1605278310001],[-2.70869909399994,58.1605387800001],[-2.71184844599998,58.161728849],[-2.71205140099994,58.161811437],[-2.71223149599996,58.161896122],[-2.71239978299997,58.161987341],[-2.71256514799995,58.1620907240001],[-2.71764616699994,58.1655054730001],[-2.71780029499996,58.1656171380001],[-2.71793057399998,58.1657275000001],[-2.71804539499993,58.1658425540001],[-2.71814416099994,58.1659617000001],[-2.71823149399995,58.1660919810001],[-2.72496219399994,58.177416711],[-2.72503142699998,58.177549818],[-2.72508226499997,58.1776852200001],[-2.73309605799994,58.2039602850001],[-2.73334662799994,58.2047812050001],[-2.73348430199997,58.205232235],[-2.73562978599995,58.21225954],[-2.73595504299993,58.213324642],[-2.73642412199996,58.214860592],[-2.73645763099995,58.21500531],[-2.73646937499996,58.2151423770001],[-2.73646125299996,58.2152795170001],[-2.73643157099997,58.215424467],[-2.73610171599995,58.216609368],[-2.73609981299995,58.2166166110001],[-2.73609268399997,58.2166728820001],[-2.73609897799997,58.2167291820001],[-2.73611859299996,58.2167846200001],[-2.73615122099994,58.2168383250001],[-2.73619634699998,58.216889447],[-2.73625325999996,58.216937182],[-2.73632106099996,58.2169807770001],[-2.73639868299995,58.217019544],[-2.73648490099993,58.2170528710001],[-2.73657835299997,58.217080233],[-2.73667756999993,58.2171011990001],[-2.73678098199997,58.2171154380001],[-2.73688696199997,58.2171227250001],[-2.73699383699994,58.217122945],[-2.73709991999993,58.2171160950001],[-2.73720354099993,58.217102282],[-2.73730306399995,58.2170817260001],[-2.73739691899993,58.2170547490001],[-2.73748362799995,58.217021779],[-2.73756181999994,58.216983332],[-2.73763026499995,58.2169400180001],[-2.73768788099994,58.2168925190001],[-2.73773376299994,58.2168415840001],[-2.73776718399995,58.2167880150001],[-2.73778571699995,58.216739902],[-2.73811787999995,58.215546508],[-2.73811978099997,58.2155392650001],[-2.73812198999997,58.2155294870001],[-2.73815690599997,58.21535894],[-2.73816141399993,58.215324717],[-2.73817155899997,58.2151532600001],[-2.73817196899995,58.2151409890001],[-2.73817110399995,58.21511895],[-2.73815641499993,58.2149475840001],[-2.73815099999996,58.2149133980001],[-2.73811155699997,58.214743088],[-2.73810700399997,58.2147261360001],[-2.72675840499994,58.177534419],[-2.72675296799997,58.1775184300001],[-2.72669314699993,58.1773591190001],[-2.72668353599994,58.177336584],[-2.72667900899995,58.177327507],[-2.72659754399996,58.1771708970001],[-2.72658886099993,58.1771553130001],[-2.71984847599992,58.165815158],[-2.71983872599998,58.165799731],[-2.71973596699996,58.165646445],[-2.71972636399994,58.1656328240001],[-2.71971332799995,58.1656162030001],[-2.71958984699995,58.165467248],[-2.71956312499998,58.1654379490001],[-2.71941956799998,58.1652941080001],[-2.71941428699995,58.1652889000001],[-2.71938890299998,58.165265907],[-2.71922602299998,58.1651279340001],[-2.71919309099997,58.1651020830001],[-2.71901023499993,58.1649696000001],[-2.71899164899997,58.1649566350001],[-2.71389174999996,58.161529284],[-2.71387270299994,58.1615169390001],[-2.71367813699993,58.1613953030001],[-2.71365111499995,58.1613792090001],[-2.71363761399994,58.16137172],[-2.71342722199995,58.1612576790001],[-2.71338363899997,58.1612356740001],[-2.71315848299997,58.1611298030001],[-2.71313809099996,58.161120517],[-2.71311205699993,58.1611094850001],[-2.71287326699996,58.161012316],[-2.71284906399995,58.161002823],[-2.70970157399995,58.1598134710001],[-2.70864958199996,58.1593806120001],[-2.70768057799995,58.158910098],[-2.70678731999993,58.1583994260001],[-2.70597574199996,58.1578519930001],[-2.70525123499993,58.1572714370001],[-2.70461860999995,58.1566616150001],[-2.70408206699994,58.1560265850001],[-2.70364516899997,58.155370562],[-2.70330640599997,58.154689046],[-2.70262293099995,58.153043811],[-2.70254661799993,58.1528355090001],[-2.69917152299996,58.142211043],[-2.69916592699997,58.142195176],[-2.69910460399996,58.142037095],[-2.69909618099996,58.142017595],[-2.69909020099993,58.1420057340001],[-2.69900756999994,58.1418503890001],[-2.69898894199997,58.1418196550001],[-2.69888542699994,58.1416678510001],[-2.69887752999995,58.141656733],[-2.69886267299995,58.1416379020001],[-2.69873880899996,58.1414904210001],[-2.69872592099995,58.1414757920001],[-2.69264584699994,58.134884196],[-2.69252072799998,58.1347320730001],[-2.69242693299998,58.1345840440001],[-2.69235779699994,58.134432265],[-2.69231384599993,58.1342778850001],[-2.69229540899994,58.1341220690001],[-2.69230262699995,58.133965995],[-2.69233749899996,58.1338011290001],[-2.69432270799996,58.127074964],[-2.69512126099994,58.1243686290001],[-2.69512423399993,58.1243576630001],[-2.69512613699993,58.1243493810001],[-2.69516700499997,58.1241564380001],[-2.69517201899993,58.124117697],[-2.69518123299997,58.123923608],[-2.69518149099997,58.1239143620001],[-2.69517990099996,58.1238847870001],[-2.69515739399998,58.123691003],[-2.69515276999994,58.1236642750001],[-2.69514972899998,58.1236523840001],[-2.69509566699998,58.123460353],[-2.69508947399993,58.1234412110001],[-2.69039535499996,58.1105996740001],[-2.69415351699996,58.1098477260001],[-2.69420367699996,58.1098376890001],[-2.69807299999997,58.1090633470001],[-2.69807358799994,58.1090632300001],[-2.69813066099994,58.1090518070001],[-2.69996096099993,58.108685468],[-2.69998112599995,58.108688746],[-2.70053714899996,58.108772565],[-2.70060714799996,58.1087814360001],[-2.70117491899993,58.1088399320001],[-2.70124637899994,58.1088456350001],[-2.70182120499993,58.108878325],[-2.70185482699998,58.1088798800001],[-2.70189331899996,58.1088807880001],[-2.70247131999997,58.108887467],[-2.70254147599996,58.1088867400001],[-2.70312054799996,58.10886729],[-2.70319240999993,58.108863243],[-2.70376417599994,58.1088179400001],[-2.70379388699996,58.1088152990001],[-2.70383512599994,58.1088106700001],[-2.70439753099993,58.1087397750001],[-2.70446332999995,58.108729978],[-2.70501601699993,58.108633366],[-2.70505008699996,58.1086269800001],[-2.73462381499996,58.1027016720001],[-2.73511722099994,58.1026151730001],[-2.73560520499996,58.1025532520001],[-2.73610132499994,58.102513365],[-2.73660203299994,58.102495794],[-2.73710375399997,58.1025006680001],[-2.73760290599995,58.1025279510001],[-2.73809592599997,58.102577448],[-2.73857929299993,58.1026488040001],[-2.73904955099994,58.1027415120001],[-2.73950334899996,58.102854908],[-2.73993744299997,58.102988183],[-2.74034872699997,58.1031403850001],[-2.74073427299993,58.103310428],[-2.74109132199993,58.103497098],[-2.74141732399994,58.1036990590001],[-2.74170995099996,58.103914871],[-2.74196711199994,58.104142993],[-2.74219483399997,58.104390337],[-2.74914233699997,58.1128216280001],[-2.74915791799998,58.1128394560001],[-2.74928838199997,58.112980561],[-2.74930546999997,58.1129980600001],[-2.74932387899997,58.113015047],[-2.74947713899996,58.1131495810001],[-2.74951684299998,58.113181308],[-2.74969307699996,58.1133092260001],[-2.74973937899995,58.1133399180001],[-2.74993454799994,58.1134582780001],[-2.74995316599995,58.1134692030001],[-2.74998573899995,58.1134867100001],[-2.75019970399995,58.1135955940001],[-2.75024454299995,58.1136168450001],[-2.75025539199993,58.1136215500001],[-2.75048651199995,58.1137201230001],[-2.75054627399993,58.1137434060001],[-2.75079278699997,58.113830916],[-2.75080815899997,58.1138362450001],[-2.75082405499995,58.1138414980001],[-2.75187212199995,58.1141793460001],[-2.75193564399996,58.114199822],[-2.75213157199994,58.114269225],[-2.75230140799994,58.1143412210001],[-2.75245899999993,58.1144206330001],[-2.75260320099994,58.114506878],[-2.75273295299996,58.1145993260001],[-2.75284730699997,58.1146973020001],[-2.75294543199993,58.1148000910001],[-2.75302660399996,58.114906938],[-2.75309023499995,58.1150170670001],[-2.75313585599997,58.1151296670001],[-2.75316541199993,58.1152534550001],[-2.75341807299998,58.116862134],[-2.75348499199993,58.1172881750001],[-2.75348828999995,58.117305222],[-2.75352744499997,58.1174754960001],[-2.75353766499995,58.1175091200001],[-2.75360116099995,58.117677116],[-2.75361057799995,58.1176991350001],[-2.75361627299998,58.117710435],[-2.75370379199995,58.117875381],[-2.75372366099998,58.1179079930001],[-2.75383468899997,58.1180689270001],[-2.75384168699998,58.1180787150001],[-2.75385919899998,58.1181006410001],[-2.75399309299996,58.118256628],[-2.75402135699994,58.118286541],[-2.75417808599997,58.1184373940001],[-2.75421142299996,58.118466767],[-2.75438858099994,58.118610167],[-2.75440681499992,58.1186243280001],[-2.75535333299996,58.1193301180001],[-2.75776215699995,58.121126141],[-2.75791222999993,58.1212475560001],[-2.75804443999994,58.1213746500001],[-2.75861546599998,58.1219766730001],[-2.76100778199998,58.1244985920001],[-2.76102118399996,58.124512139],[-2.76116006499996,58.124646849],[-2.76118955899994,58.124673267],[-2.76134544999996,58.124802602],[-2.76137266299997,58.124823818],[-2.76137827799994,58.124827888],[-2.76155049599993,58.124951292],[-2.76156811699997,58.1249634760001],[-2.76303556499994,58.1259430490001],[-2.76307999099993,58.1259703750001],[-2.76315744299995,58.126009126],[-2.76324346699994,58.126042436],[-2.76333670299994,58.126069778],[-2.76343568099998,58.1260907240001],[-2.76353884099996,58.1261049400001],[-2.76364455599997,58.126112205],[-2.76375115799993,58.126112403],[-2.76385696599993,58.1261055300001],[-2.76396031199994,58.1260916960001],[-2.76405956599996,58.126071118],[-2.76415316199996,58.1260441220001],[-2.76423962399997,58.126011132],[-2.76431758799993,58.1259726690001],[-2.76438582499998,58.125929339],[-2.76444325899996,58.1258818270001],[-2.76448898399997,58.1258308810001],[-2.76452227999994,58.125777305],[-2.76454261899994,58.1257219440001],[-2.76454968499996,58.12566567],[-2.76454336299997,58.125609372],[-2.76452375299993,58.1255539360001],[-2.76449116599997,58.1255002390001],[-2.76444611399995,58.125449125],[-2.76438930899997,58.1254014030001],[-2.76436607199997,58.125385147],[-2.76290761799993,58.1244116030001],[-2.76276124199995,58.12430672],[-2.76263654499996,58.1242032690001],[-2.76251854099996,58.1240888150001],[-2.75955436499993,58.120964133],[-2.75954017799995,58.1209498270001],[-2.75938378399997,58.120799484],[-2.75935054699994,58.120770226],[-2.75917397099994,58.1206273720001],[-2.75915579899993,58.120613265],[-2.75785584499994,58.119644071],[-2.75739974899994,58.1193040100001],[-2.75580044299994,58.1181115140001],[-2.75564986999996,58.117989639],[-2.75552510499995,58.1178695580001],[-2.75541800399998,58.117744793],[-2.75532919299997,58.1176160700001],[-2.75525918499994,58.1174841390001],[-2.75520839099994,58.1173497660001],[-2.75517514699993,58.117205223],[-2.75512463999996,58.1168837600001],[-2.75505646799996,58.116449865],[-2.75485530899994,58.1151694770001],[-2.75485172299994,58.1151511990001],[-2.75481514099994,58.1149979960001],[-2.75480297199994,58.1149601390001],[-2.75474211799997,58.1148099600001],[-2.75473508399995,58.1147940210001],[-2.75472388599997,58.1147727960001],[-2.75463901499995,58.1146259160001],[-2.75461624899998,58.1145915750001],[-2.75450658299997,58.114447205],[-2.75447666199995,58.1144122220001],[-2.75434578399995,58.1142751310001],[-2.75433348099995,58.114262727],[-2.75431032999995,58.114241631],[-2.75415780599997,58.114110957],[-2.75412418299993,58.1140843250001],[-2.75411706699992,58.114079179],[-2.75394400899995,58.1139558790001],[-2.75389829699998,58.1139260620001],[-2.75370597099993,58.1138110360001],[-2.75369117099996,58.113802413],[-2.75365561099994,58.1137833940001],[-2.75344542399995,58.1136774820001],[-2.75340356799995,58.1136577440001],[-2.75339078499997,58.113652217],[-2.75316427199994,58.1135561940001],[-2.75310575399993,58.1135334910001],[-2.75286457099998,58.1134480590001],[-2.75284988699997,58.1134429730001],[-2.75283399099993,58.1134377210001],[-2.75172277099995,58.1130795190001],[-2.75152251899993,58.1130084320001],[-2.75134923399997,58.1129345260001],[-2.75118881099996,58.112852891],[-2.75104247999997,58.1127641520001],[-2.75091135899993,58.112668985],[-2.75079644799996,58.1125681180001],[-2.75069046199997,58.112453492],[-2.74374291499993,58.104022587],[-2.74372788799997,58.1040053520001],[-2.74347657999994,58.103732403],[-2.74345895299996,58.10371431],[-2.74344247199997,58.103699018],[-2.74314852899994,58.1034382780001],[-2.74310921699993,58.1034065360001],[-2.74277426399993,58.1031595160001],[-2.74273050699998,58.1031299950001],[-2.74235788399994,58.102899156],[-2.74233357299994,58.102884735],[-2.74230904199993,58.102871367],[-2.74190093399994,58.102658008],[-2.74184796099996,58.102632559],[-2.74140716399995,58.1024381490001],[-2.74135018899995,58.1024151070001],[-2.74088009199994,58.1022411420001],[-2.74085136699995,58.1022309680001],[-2.74081964499993,58.1022207300001],[-2.74032348299994,58.1020684000001],[-2.74026102399995,58.1020510210001],[-2.73974131799997,58.1019211540001],[-2.73967524999995,58.1019064180001],[-2.73913775199998,58.101800456],[-2.73910697099996,58.101794741],[-2.73906956299993,58.1017887240001],[-2.73851708699993,58.101707166],[-2.73844934699997,58.1016987350001],[-2.73788376899995,58.1016419520001],[-2.73781282999994,58.101636462],[-2.73724230999994,58.1016052780001],[-2.73721174899993,58.1016039030001],[-2.73717074499996,58.1016029800001],[-2.73659728999996,58.1015974090001],[-2.73652868899995,58.101598214],[-2.73595331899998,58.1016183990001],[-2.73588204899994,58.101622508],[-2.73531499899997,58.1016680980001],[-2.73528667699998,58.1016706350001],[-2.73524463599995,58.101675377],[-2.73468687899998,58.101746151],[-2.73462178099993,58.1017558840001],[-2.73407344899994,58.101852002],[-2.73403965799997,58.1018583490001],[-2.91327018999993,58.0657589960001],[-2.89292426799994,58.0745491100001],[-2.88062771499995,58.081292611],[-2.86779453599996,58.0897229710001],[-2.85678387599995,58.099043303],[-2.84737373399997,58.1097208680001],[-2.84131157299993,58.1182462800001],[-2.83769442199997,58.1260919060001],[-2.83576752799996,58.1316133],[-2.83376427699994,58.1388141720001],[-2.83317279499994,58.1490796740001],[-2.83460054799997,58.1599136470001],[-2.83747123299997,58.167641717],[-2.84070078399998,58.1752354330001],[-2.84353736999998,58.1796939230001],[-2.84574971599994,58.1831725770001],[-2.85292395199997,58.1918395010001],[-2.86246492299995,58.2009127590001],[-2.87419016199993,58.2095200410001],[-2.87298651499998,58.2100771570001],[-2.86809559099993,58.2124188940001],[-2.86329756699996,58.214810911],[-2.85857917999994,58.2172433850001],[-2.85392184499995,58.219717007],[-2.84935875299993,58.222231773],[-2.84488989199997,58.2247876800001],[-2.84382675499995,58.225405965],[-2.84018610299995,58.227565348],[-2.83587385799996,58.230203482],[-2.83165452599997,58.2328820210001],[-2.82752941499996,58.2355939510001],[-2.82348129699994,58.2383462710001],[-2.82271546799996,58.2388817350001],[-2.82134042899997,58.2397062570001],[-2.81702818099996,58.2423427850001],[-2.81280885099994,58.2450203990001],[-2.81077682799997,58.2463556320001],[-2.80866781399993,58.2477397980001],[-2.80462101999996,58.2504911820001],[-2.80066713799994,58.2532836230001],[-2.79680747899994,58.2561094230001],[-2.79304206599994,58.2589671850001],[-2.78936955499995,58.261865979],[-2.78579127999996,58.2647897160001],[-2.78230591799996,58.2677537710001],[-2.77893069999993,58.270742758],[-2.77564973399996,58.273764348],[-2.77246167699997,58.276818549],[-2.76938244299993,58.2798969580001],[-2.76639878099996,58.2830086480001],[-2.76469459199996,58.2848520480001],[-2.76316427299997,58.2865471600001],[-2.76038234399994,58.2897071850001],[-2.75771057899993,58.2928920940001],[-2.75516357799995,58.2961004680001],[-2.75269355999995,58.299333716],[-2.75034963099995,58.302591815],[-2.74811586299995,58.3058656790001],[-2.74597500599998,58.309163686],[-2.74395891099994,58.3124774570001],[-2.74203704699994,58.3158083690001],[-2.74023993899993,58.3191627150001],[-2.73899093599994,58.3216295110001],[-2.73879533599995,58.3220157970001],[-2.73853707099994,58.3225258150001],[-2.73852114899995,58.322583073],[-2.73827442999993,58.3229681030001],[-2.72522067599994,58.314890351],[-2.72377736999994,58.313996914],[-2.57107921499994,58.219124277],[-2.57107755099997,58.2190206220001]],[[-2.82047731599994,58.1812432950001],[-2.82032751299994,58.181236061],[-2.82017708599994,58.1812358490001],[-2.82002721199996,58.1812426610001],[-2.81987906499995,58.1812564420001],[-2.81973380299996,58.181277085],[-2.81959256399995,58.1813044300001],[-2.81945645099995,58.181338259],[-2.81932653199993,58.181378312],[-2.81920382199996,58.1814242720001],[-2.81908928099995,58.1814757820001],[-2.81898380799993,58.1815324360001],[-2.81888822499997,58.181593793],[-2.81880328199998,58.1816593720001],[-2.81872964499996,58.18172866],[-2.81866788799994,58.1818011130001],[-2.81861849599994,58.181876167],[-2.81858185399994,58.1819532330001],[-2.81855825099996,58.1820317080001],[-2.81854787099996,58.182110977],[-2.81855079199994,58.18219042],[-2.81856699799994,58.182269417],[-2.81859635599994,58.1823473480001],[-2.81863863999996,58.1824236040001],[-2.81869351799998,58.1824975860001],[-2.81876055899994,58.1825687190001],[-2.81883924199997,58.1826364410001],[-2.81892894699996,58.182700228],[-2.81902897599997,58.182759575],[-2.81913854199996,58.1828140220001],[-2.81925679199998,58.1828631390001],[-2.81938279699995,58.182906546],[-2.81951557299993,58.1829438990001],[-2.81965407899997,58.1829749080001],[-2.81979723099994,58.18299933],[-2.81994391099994,58.1830169740001],[-2.82009296799993,58.1830277000001],[-2.82024323699994,58.1830314270001],[-2.82039354199998,58.183028123],[-2.82054270499998,58.1830178170001],[-2.82068956099994,58.183000586],[-2.82083295899997,58.1829765680001],[-2.82097177499998,58.18294595],[-2.82110492599998,58.1829089710001],[-2.82123136799993,58.18286592],[-2.82135011099996,58.182817136],[-2.82146022699993,58.182762999],[-2.82156085199995,58.182703933],[-2.82165119999996,58.1826404020001],[-2.82173056499994,58.1825729010001],[-2.82179832499997,58.182501959],[-2.82185394899994,58.1824281310001],[-2.82189699999998,58.1823519960001],[-2.82192714599995,58.182274148],[-2.82194414799994,58.182195199],[-2.82194787199995,58.182115765],[-2.82193829099998,58.182036467],[-2.82191548099996,58.181957927],[-2.82187961699998,58.1818807590001],[-2.82183098399997,58.181805567],[-2.82176995899994,58.1817329410001],[-2.82169702099998,58.1816634470001],[-2.82161274299995,58.1815976290001],[-2.82151777999997,58.1815360040001],[-2.82141287999997,58.181479053],[-2.82129886099995,58.1814272220001],[-2.82117661599995,58.1813809170001],[-2.82104710299996,58.1813405],[-2.82091133399996,58.1813062860001],[-2.82077037299996,58.1812785450001],[-2.82062532199996,58.181257493],[-2.82047731599994,58.1812432950001]]]},"properties":{"Property_Description":"Moray Offshore Windfarm (East)","Tenant_Name":"Moray Offshore Wind Farm","Lease_Type_Description":"Lease Marine","Property_Classification":"Wind Farm","Project_Phase":"Operational","Capacity_MW":953,"OBJECTID_1":15,"Shape__Area":0.044732569455476323,"Shape__Length":1.4563783242507358}},{"type":"Feature","id":16,"geometry":{"type":"Polygon","coordinates":[[[-1.70752037099993,56.523026472],[-1.69133022199998,56.434237732],[-1.67362424699996,56.439945562],[-1.65381984899994,56.4465790940001],[-1.63363114099997,56.454156213],[-1.61308410299995,56.4619162750001],[-1.58900949399992,56.4719152120001],[-1.56562373799994,56.481537125],[-1.46080768699994,56.489601554],[-1.43233329399993,56.446451499],[-1.24532579799995,56.1595892830001],[-1.39119897299997,56.061906197],[-1.39364513699996,56.1501939450001],[-1.58548652299993,56.1502564950001],[-1.73741664599993,56.1156367390001],[-1.75227987799997,56.129483259],[-1.72809995799997,56.1294333330001],[-1.72771662299994,56.1833333340001],[-1.82438329099995,56.183516667],[-1.82413329099995,56.2374166660001],[-1.86862410899994,56.237466683],[-2.03429475399997,56.3900078670001],[-2.03414758699995,56.390366299],[-2.03382078599998,56.391177999],[-2.03350008599995,56.3919903],[-2.03318538599996,56.3928034],[-2.03310138499995,56.3930233990001],[-2.03285678499998,56.3936699990001],[-2.03255438599996,56.394484499],[-2.03225808499997,56.3952996990001],[-2.03207943899997,56.39580197],[-2.03196788599996,56.396115599],[-2.03168378599997,56.3969322],[-2.03140588599996,56.3977494000001],[-2.03113398599993,56.3985671990001],[-2.03086838599995,56.399385699],[-2.03060878599996,56.400204699],[-2.03035538599994,56.4010244],[-2.03010818699994,56.4018445990001],[-2.03001148499993,56.402171099],[-2.02985228499995,56.4027154990001],[-2.02961738599993,56.4035368990001],[-2.02938858499994,56.4043588000001],[-2.02916598599995,56.405181199],[-2.02894958499996,56.406004099],[-2.02873928599996,56.406827499],[-2.02853518599994,56.4076514000001],[-2.02836156199993,56.408374581],[-2.02833728499996,56.4084756990001],[-2.02814558599994,56.409300499],[-2.02796008599995,56.4101257],[-2.02778078499995,56.4109514],[-2.02760768499996,56.411777499],[-2.02744078499995,56.412603899],[-2.02740618499996,56.412779399],[-2.02727068599995,56.4134782],[-2.02711628699996,56.4143053990001],[-2.02696798599993,56.415132999],[-2.02682588599993,56.4159607990001],[-2.02669008699996,56.4167889990001],[-2.02656038599997,56.4176174990001],[-2.02643698599996,56.418446299],[-2.02631978599993,56.4192754000001],[-2.02620888599995,56.4201048],[-2.02610418499995,56.4209342990001],[-2.02600568599996,56.4217641990001],[-2.02591348599998,56.4225941990001],[-2.02582738599995,56.4234244990001],[-2.02574768499994,56.4242549000001],[-2.02571888599994,56.4245718990001],[-2.02567008599993,56.4251304000001],[-2.02560278599998,56.425961199],[-2.02554178599996,56.4267920990001],[-2.02548698599998,56.427623199],[-2.02543838599996,56.4284543000001],[-2.02539608599994,56.4292855990001],[-2.02536008699997,56.4301169990001],[-2.02533028599993,56.430948399],[-2.02530668599996,56.4317799990001],[-2.02528938699993,56.4326114990001],[-2.02527838599997,56.4334431],[-2.02527358599997,56.4342747000001],[-2.02527498599994,56.435106299],[-2.02528278599993,56.4359378990001],[-2.02529668499994,56.436769499],[-2.02531698599995,56.437600999],[-2.02534338499993,56.4384325],[-2.02534488599997,56.438474699],[-2.02537768599996,56.4393060990001],[-2.02541668599997,56.4401374990001],[-2.02546188499997,56.4409687],[-2.02551338499995,56.4417997990001],[-2.02557118599998,56.442630799],[-2.02563518599993,56.4434616990001],[-2.02570538599997,56.4442924000001],[-2.02578188699994,56.4451229000001],[-2.02586468499993,56.445953199],[-2.02595368599998,56.4467834000001],[-2.02604898499993,56.4476132990001],[-2.02615048599995,56.4484429990001],[-2.02625818499996,56.4492725000001],[-2.02637218599995,56.4501016990001],[-2.02649248499995,56.4509305990001],[-2.02661898499997,56.4517592990001],[-2.02675168699994,56.452587699],[-2.02686168599996,56.4532460990001],[-2.02689738599997,56.453455299],[-2.02704248599997,56.454283],[-2.02719398599993,56.455110399],[-2.02735158499996,56.455937399],[-2.02751548599997,56.456763999],[-2.02768558599996,56.4575903],[-2.02786198699994,56.4584161990001],[-2.02804448599994,56.4592415990001],[-2.02823328599993,56.4600666000001],[-2.02842828599995,56.4608911990001],[-2.02862948599994,56.461715299],[-2.02883688599997,56.4625389],[-2.02905048699995,56.4633620990001],[-2.02927038699994,56.4641847990001],[-2.02949638599995,56.4650069],[-2.02972858499993,56.4658284990001],[-2.02996698499993,56.4666496],[-2.03021158499996,56.4674700990001],[-2.03046238499996,56.468289999],[-2.03071928599996,56.4691094],[-2.03098248599997,56.4699281000001],[-2.03119378499997,56.4705717000001],[-2.03126408599996,56.4707832990001],[-2.03153948499994,56.4716008],[-2.03159003699994,56.471747377],[-2.01573105999995,56.4809296540001],[-2.02147576099998,56.5098820810001],[-1.97805907399993,56.5117476570001],[-1.95689986599996,56.5126512800001],[-1.93963214999997,56.5133860110001],[-1.92346157799994,56.5140718550001],[-1.91439977699997,56.514455264],[-1.70752037099993,56.523026472]],[[-1.58546798599997,56.1507700000001],[-1.58548494399997,56.150299896],[-1.58546768199994,56.1507697430001],[-1.58545957799993,56.1509903020001],[-1.58546798599997,56.1507700000001]]]},"properties":{"Property_Description":"Berwick Bank Wind Farm","Tenant_Name":"Berwick Bank Wind Farm Limited","Lease_Type_Description":"Agreement/Option for Lease","Property_Classification":"Wind Farm","Project_Phase":"Consented","Capacity_MW":4100,"OBJECTID_1":16,"Shape__Area":0.20938241812024216,"Shape__Length":2.3011805199230855}},{"type":"Feature","id":17,"geometry":{"type":"Polygon","coordinates":[[[-2.30395136099997,56.239144642],[-2.30394998599996,56.2391500000001],[-2.30298354599995,56.2417668420001],[-2.28978967899997,56.2506913330001],[-2.28923823799994,56.250860339],[-2.28872404299995,56.2508846050001],[-2.24065586099994,56.242295158],[-2.24048959799995,56.2422690160001],[-2.24032040999992,56.2422495440001],[-2.24014915699996,56.2422368430001],[-2.23997671599994,56.2422309770001],[-2.23980396199994,56.242231976],[-2.23963177499996,56.2422398350001],[-2.23946103399993,56.242254513],[-2.23929260799997,56.242275937],[-2.23912735699997,56.242303995],[-2.23896611899994,56.2423385480001],[-2.23880971899996,56.2423794160001],[-2.23865895499995,56.2424263930001],[-2.23851459299993,56.2424792400001],[-2.23837736699994,56.242537686],[-2.23824797899994,56.2426014340001],[-2.23812708699995,56.242670161],[-2.23801530799994,56.2427435130001],[-2.23791320899994,56.24282112],[-2.23782131599995,56.242902583],[-2.23774008999993,56.2429874910001],[-2.23766994999994,56.2430754060001],[-2.23761125199997,56.243165887],[-2.23756429699995,56.243258466],[-2.23752931999996,56.2433526770001],[-2.23750650399995,56.2434480360001],[-2.23749596199997,56.2435440580001],[-2.23749775099998,56.2436402540001],[-2.23751185799995,56.2437361350001],[-2.23753821499997,56.2438312100001],[-2.23757668499996,56.2439249970001],[-2.23762707099996,56.244017016],[-2.23768912299994,56.2441068000001],[-2.23776251799995,56.2441938900001],[-2.23784688399996,56.244277842],[-2.23794179199996,56.2443582290001],[-2.23804675799994,56.2444346410001],[-2.23816124599995,56.244506689],[-2.23828467499993,56.2445740060001],[-2.23841641499996,56.2446362480001],[-2.23855579299993,56.2446930990001],[-2.23870209999995,56.244744267],[-2.23885459199994,56.244789494],[-2.23901248899995,56.244828549],[-2.23917498899993,56.2448612310001],[-2.28484397599993,56.253022554],[-2.26031002199994,56.2624127170001],[-2.26018454299998,56.2624641030001],[-2.26006526299994,56.262519873],[-2.25865201599993,56.2632249860001],[-2.25852737299994,56.263291796],[-2.25841162199993,56.263363387],[-2.25830535199998,56.2634393960001],[-2.25820910799996,56.263519434],[-2.25812337999997,56.2636030950001],[-2.25744192699995,56.2643270400001],[-2.25738223099995,56.2643950350001],[-2.25732948799993,56.2644647880001],[-2.25095007999994,56.2736094050001],[-2.25089329399998,56.2737002700001],[-2.25084830499998,56.2737931570001],[-2.25081533899993,56.273887594],[-2.25079456699996,56.2739830990001],[-2.25078609199994,56.2740791840001],[-2.25078995999996,56.2741753620001],[-2.25080614899997,56.2742711400001],[-2.25083457699998,56.274366032],[-2.25087510299994,56.274459554],[-2.25092751699998,56.2745512290001],[-2.25099155199996,56.27464059],[-2.25106688099993,56.274727182],[-2.25115312399993,56.2748105630001],[-2.25124983599994,56.2748903090001],[-2.25135653099994,56.274966013],[-2.25147265999993,56.2750372890001],[-2.25159763099992,56.2751037740001],[-2.25173081099996,56.2751651290001],[-2.25187151999995,56.275221043],[-2.25201903899995,56.2752712280001],[-2.25217261799997,56.2753154310001],[-2.25233147499995,56.275353426],[-2.25249479899998,56.2753850170001],[-2.25266175599995,56.275410046],[-2.25283149999996,56.2754283850001],[-2.25300316099998,56.2754399400001],[-2.25317586599994,56.275444651],[-2.25334873799994,56.275442496],[-2.25352088999995,56.2754334850001],[-2.25369144899997,56.275417664],[-2.25385954599994,56.2753951130001],[-2.25402432099997,56.275365949],[-2.25418493699993,56.2753303170001],[-2.25434057499996,56.2752884020001],[-2.25449043999993,56.2752404170001],[-2.25463377099993,56.275186605],[-2.25476983699997,56.2751272400001],[-2.25489794199996,56.2750626270001],[-2.25501743699994,56.2749930950001],[-2.25512770899996,56.2749189960001],[-2.25522819999998,56.2748407080001],[-2.25531839599995,56.274758633],[-2.25539783799996,56.274673186],[-2.25546612199997,56.274584803],[-2.26179536399997,56.2655105870001],[-2.26221064199996,56.265069365],[-2.26318204699993,56.264584676],[-2.29308573399993,56.253137661],[-2.29320493999995,56.2530889490001],[-2.29331858099994,56.253036277],[-2.29342623399998,56.2529798400001],[-2.29352749299994,56.2529198510001],[-2.29362198399997,56.25285653],[-2.30753624799996,56.242927228],[-2.30756748899995,56.2429031660001],[-2.30760172799995,56.242878235],[-2.30762036299996,56.242862447],[-2.30763959299998,56.2428476370001],[-2.30766672399994,56.242823167],[-2.30769661399995,56.242797841],[-2.30771408699997,56.2427804480001],[-2.30773225099995,56.2427640670001],[-2.30775532499996,56.2427393990001],[-2.30778095899996,56.2427138830001],[-2.30779694799998,56.2426949040001],[-2.30781373399998,56.24267696],[-2.30783284899996,56.242652288],[-2.30785433299997,56.2426267870001],[-2.30786851699997,56.2426062550001],[-2.30788360599996,56.2425867800001],[-2.30789888099997,56.2425623],[-2.30791635999998,56.242536999],[-2.30792842599993,56.242514956],[-2.30794149799993,56.2424940060001],[-2.30795308899997,56.242469892],[-2.30796672599996,56.2424449760001],[-2.30797447499998,56.242426073],[-2.30798298499997,56.2424330000001],[-2.30798504099994,56.2424249910001],[-2.32713098999994,56.2579857600001],[-2.33424774799994,56.2637754090001],[-2.33720617899996,56.290508253],[-2.29709227099994,56.3291924820001],[-2.27530780799998,56.338525706],[-2.24849662199995,56.336184173],[-2.16496941399993,56.2545143660001],[-2.15425084499998,56.212023618],[-2.23330754299997,56.2125255060001],[-2.27154870799995,56.2127682770001],[-2.30395136099997,56.239144642]]]},"properties":{"Property_Description":"Neart na Gaoithe Offshore WF","Tenant_Name":"Neart Na Gaoithe Offshore Wind","Lease_Type_Description":"Lease Marine","Property_Classification":"Wind Farm","Project_Phase":"Operational","Capacity_MW":448,"OBJECTID_1":17,"Shape__Area":0.014872927814195691,"Shape__Length":0.71818201993983055}},{"type":"Feature","id":18,"geometry":{"type":"MultiPolygon","coordinates":[[[[-2.25314127699994,56.273424332],[-2.25326596399998,56.273424076],[-2.25339003799996,56.273430956],[-2.25351218299994,56.2734448960001],[-2.25363110499995,56.2734657500001],[-2.25374554299998,56.2734932980001],[-2.25385428299995,56.2735272450001],[-2.25395617399994,56.2735672330001],[-2.25405013599993,56.2736128380001],[-2.25413517099997,56.273663577],[-2.25421037999996,56.2737189110001],[-2.25427496299994,56.2737782550001],[-2.25432823799997,56.2738409790001],[-2.25436963799996,56.2739064180001],[-2.25439872599998,56.273973878],[-2.25441519399993,56.2740426450001],[-2.25441886499993,56.2741119900001],[-2.25440970199998,56.2741811770001],[-2.25438779999996,56.2742494730001],[-2.25435339399996,56.2743161550001],[-2.25430684699995,56.274380514],[-2.25424865099995,56.27444187],[-2.25417942499996,56.274499571],[-2.25409990299994,56.2745530060001],[-2.25401092599998,56.2746016090001],[-2.25391343899997,56.274644864],[-2.25380847299994,56.274682313],[-2.25369714299995,56.2747135590001],[-2.25358062899994,56.2747382700001],[-2.25346016599997,56.2747561850001],[-2.25333702999995,56.2747671130001],[-2.25321252699996,56.2747709390001],[-2.25308797599996,56.2747676230001],[-2.25296469899996,56.2747571990001],[-2.25284400199996,56.2747397780001],[-2.25272716399996,56.2747155440001],[-2.25261542399994,56.2746847550001],[-2.25250996599993,56.2746477370001],[-2.25241190899993,56.2746048820001],[-2.25232229199997,56.2745566450001],[-2.25224206499996,56.274503537],[-2.25217207699995,56.274446121],[-2.25211307199993,56.2743850050001],[-2.25206567399994,56.2743208380001],[-2.25203038699993,56.2742542990001],[-2.25200758299997,56.2741860950001],[-2.25199750499996,56.274116947],[-2.25200025899994,56.2740475890001],[-2.25201581699997,56.2739787560001],[-2.25204401199994,56.273911179],[-2.25208454599994,56.273845572],[-2.25213698899995,56.2737826310001],[-2.25220078599995,56.273723025],[-2.25227526099997,56.2736673840001],[-2.25235962299996,56.2736162990001],[-2.25245297799995,56.2735703100001],[-2.25255433799992,56.2735299060001],[-2.25266262699995,56.273495514],[-2.25277669699994,56.273467499],[-2.25289533999995,56.2734461590001],[-2.25301729699993,56.273431719],[-2.25314127699994,56.273424332]]],[[[-2.23984894399996,56.2429053930001],[-2.23997353299995,56.2429051510001],[-2.24009750599993,56.242912044],[-2.24021954899996,56.242925998],[-2.24033836899997,56.2429468650001],[-2.24045270599993,56.2429744250001],[-2.24056134799997,56.2430083840001],[-2.24066314399994,56.243048383],[-2.24075701499993,56.2430939990001],[-2.24084196399997,56.243144747],[-2.24091709399994,56.2432000900001],[-2.24098160599993,56.24325944],[-2.24103481599997,56.243322171],[-2.24107616099997,56.2433876150001],[-2.24110520199997,56.2434550780001],[-2.24112163299998,56.2435238470001],[-2.24112527699998,56.243593193],[-2.24111609699997,56.24366238],[-2.24109418899997,56.2437306740001],[-2.24105978699993,56.2437973520001],[-2.24101325399994,56.2438617070001],[-2.24095508399995,56.2439230570001],[-2.24088589199994,56.243980751],[-2.24080641399996,56.2440341770001],[-2.24071749099994,56.2440827710001],[-2.24062006699995,56.2441260150001],[-2.24051517199996,56.2441634530001],[-2.24040391899996,56.2441946870001],[-2.24028748899997,56.2442193860001],[-2.24016711499996,56.244237287],[-2.24004407399997,56.2442482020001],[-2.23991966799997,56.244252015],[-2.23979521699994,56.2442486850001],[-2.23967204199994,56.244238248],[-2.23955144699994,56.2442208140001],[-2.23943471099994,56.2441965680001],[-2.23932306999995,56.244165766],[-2.23921770899994,56.2441287360001],[-2.23911974499993,56.244085871],[-2.23903021599995,56.244037624],[-2.23895007199997,56.2439845070001],[-2.23888015899996,56.2439270830001],[-2.23882122199996,56.243865961],[-2.23877388499994,56.243801788],[-2.23873864899997,56.243735245],[-2.23871588699996,56.2436670380001],[-2.23870584099996,56.2435978880001],[-2.23870861699993,56.24352853],[-2.23872418599996,56.243459699],[-2.23875238199997,56.2433921240001],[-2.23879290699995,56.243326521],[-2.23884533099994,56.2432635860001],[-2.23890909699998,56.2432039860001],[-2.23898353299995,56.243148353],[-2.23906784499997,56.2430972770001],[-2.23916114299993,56.2430512980001],[-2.23926243499994,56.2430109040001],[-2.23937064999996,56.2429765250001],[-2.23948463899995,56.2429485210001],[-2.23960319499997,56.2429271940001],[-2.23972505999996,56.2429127670001],[-2.23984894399996,56.2429053930001]]]]},"properties":{"Property_Description":"Neart na Gaoithe OFTO","Tenant_Name":"Neart Na Gaoithe Offshore Wind","Lease_Type_Description":"Lease Marine","Property_Classification":"OFTO","Project_Phase":"Operational","Capacity_MW":0,"OBJECTID_1":18,"Shape__Area":5.1163392456032852E-06,"Shape__Length":0.012076299688480223}},{"type":"Feature","id":19,"geometry":{"type":"Polygon","coordinates":[[[-1.76676809199995,56.5836388750001],[-1.76676405299997,56.583639659],[-1.76684855199994,56.5838111360001],[-1.76692069599994,56.583984323],[-1.76698036899995,56.584158948],[-1.76702748099996,56.5843347410001],[-1.76706195599996,56.584511423],[-1.76708374099996,56.58468872],[-1.76709279999994,56.5848663530001],[-1.76708911999998,56.5850440450001],[-1.76707270699995,56.5852215180001],[-1.76704358699993,56.5853984940001],[-1.76700180099994,56.585574695],[-1.76694741899996,56.585749847],[-1.76688052499998,56.5859236750001],[-1.76680122299996,56.5860959060001],[-1.76670963599997,56.586266272],[-1.76660590899996,56.5864345050001],[-1.76649020199994,56.586600343],[-1.76636269799997,56.586763526],[-1.76622359499993,56.586923798],[-1.76607311299995,56.5870809080001],[-1.76591148399996,56.587234611],[-1.76573896299993,56.5873846650001],[-1.76555581899993,56.587530837],[-1.76536233999997,56.5876728970001],[-1.76515882699994,56.5878106230001],[-1.76494559999998,56.5879437990001],[-1.76472298999994,56.588072217],[-1.76449134899997,56.5881956750001],[-1.76425103899993,56.5883139810001],[-1.76400243299997,56.5884269490001],[-1.76374592299993,56.588534403],[-1.76348190899995,56.588636174],[-1.76321080599996,56.5887321020001],[-1.76293303599994,56.588822038],[-1.76264903599997,56.588905841],[-1.76235924899993,56.5889833800001],[-1.76206412899995,56.5890545330001],[-1.76176413899998,56.589119189],[-1.76145974799994,56.5891772460001],[-1.76115143299995,56.5892286150001],[-1.76083967499994,56.5892732140001],[-1.76052496399996,56.5893109730001],[-1.76020779199996,56.589341834],[-1.75988865399995,56.589365747],[-1.75956805199996,56.5893826760001],[-1.75924648899996,56.589392595],[-1.75892446499995,56.589395487],[-1.75860035399995,56.5893912970001],[-1.75827680399993,56.589379991],[-1.75795432699994,56.589361583],[-1.75763343299997,56.589336105],[-1.75731463399995,56.5893035980001],[-1.75699843299998,56.5892641120001],[-1.75668533399994,56.5892177100001],[-1.75637583199995,56.5891644660001],[-1.75607041799998,56.5891044630001],[-1.75576957599998,56.589037798],[-1.75547378599992,56.5889645770001],[-1.75518351399995,56.5888849150001],[-1.75489922199995,56.5887989380001],[-1.75462136099998,56.5887067830001],[-1.75435037199998,56.588608596],[-1.75408668399996,56.588504534],[-1.75383071399995,56.5883947610001],[-1.75358287099994,56.5882794510001],[-1.75334354699993,56.5881587860001],[-1.75311311999997,56.5880329600001],[-1.75289195699997,56.5879021700001],[-1.75268040799995,56.587766625],[-1.75247881099995,56.58762654],[-1.75228748099994,56.5874821370001],[-1.75210672399993,56.5873336440001],[-1.75193682599996,56.5871812980001],[-1.75177805699997,56.587025339],[-1.75163066899995,56.586866017],[-1.75149489399996,56.586703582],[-1.75137094999997,56.586538293],[-1.75125903099996,56.5863704120001],[-1.75115931399995,56.5862002050001],[-1.75107195899994,56.586027942],[-1.75099710199993,56.5858538960001],[-1.75093486499998,56.585678344],[-1.75088534099996,56.585501563],[-1.75084861499994,56.5853238350001],[-1.75082474099997,56.5851454400001],[-1.75081375799994,56.584966663],[-1.75081568299993,56.584787787],[-1.75083051099995,56.584609093],[-1.75085821999994,56.584430868],[-1.75089876599998,56.584253393],[-1.75095208599993,56.5840769490001],[-1.75101809099993,56.583901816],[-1.75109667999993,56.5837282730001],[-1.75118772599996,56.5835565940001],[-1.75129108699997,56.583387051],[-1.75140659599992,56.583219915],[-1.75153407099998,56.583055447],[-1.75167330999994,56.582893911],[-1.75182409199994,56.582735563],[-1.75198617699994,56.582580653],[-1.75215930899998,56.5824294270001],[-1.75234321299996,56.5822821250001],[-1.75253759499998,56.5821389800001],[-1.75274214999996,56.5820002190001],[-1.75295655199994,56.5818660620001],[-1.75318046199993,56.5817367230001],[-1.75341352399994,56.581612405],[-1.75365536899994,56.581493306],[-1.75390561199993,56.581379616],[-1.75416385799997,56.581271514],[-1.75442969699998,56.5811691710001],[-1.75470270599993,56.58107275],[-1.75498245399996,56.5809824040001],[-1.75526849799996,56.580898276],[-1.75556038099995,56.580820499],[-1.75585764399995,56.580749197],[-1.75615981399994,56.580684483],[-1.75646641199995,56.580626458],[-1.75677695199994,56.5805752160001],[-1.75709094299998,56.5805308380001],[-1.75740788399997,56.580493393],[-1.75772727499998,56.5804629410001],[-1.75804861099994,56.5804395310001],[-1.75837137799994,56.5804231990001],[-1.75869506899994,56.580413972],[-1.75901916899994,56.580411864],[-1.75934316299993,56.580416879],[-1.75966653899997,56.5804290080001],[-1.75998878399997,56.580448232],[-1.76030938699995,56.580474521],[-1.76062783999993,56.5805078330001],[-1.76094363799996,56.5805481150001],[-1.76125627899995,56.580595304],[-1.76156526899996,56.5806493250001],[-1.76187011899998,56.5807100920001],[-1.76217034399997,56.580777508],[-1.76246546799996,56.5808514670001],[-1.76275502299995,56.5809318510001],[-1.76303855099997,56.5810185340001],[-1.76331560299997,56.5811113770001],[-1.76358573699997,56.5812102340001],[-1.76384852699994,56.5813149470001],[-1.76410355499996,56.5814253510001],[-1.76435041799994,56.581541271],[-1.76458872399996,56.581662523],[-1.76481809399996,56.5817889140001],[-1.76503816599995,56.581920245],[-1.76524858899995,56.5820563070001],[-1.76544903199994,56.582196884],[-1.76563917499993,56.582341754],[-1.76581871599996,56.582490686],[-1.76676809199995,56.5836388750001]]]},"properties":{"Property_Description":"Seagreen Phase 1 OFTO","Tenant_Name":"Seagreen Phase 1 OFTO Project","Lease_Type_Description":"Lease Marine","Property_Classification":"OFTO","Project_Phase":"Operational","Capacity_MW":0,"OBJECTID_1":19,"Shape__Area":0.00011477611198529303,"Shape__Length":0.040511558439065835}},{"type":"Feature","id":20,"geometry":{"type":"Polygon","coordinates":[[[-2.98120308199998,55.9622005510001],[-2.98122830899996,55.9621846260001],[-2.98125354699994,55.9621691500001],[-2.98125904999995,55.9621650620001],[-2.98127871699995,55.9621509790001],[-2.98128265299994,55.9621482520001],[-2.98131253599996,55.962126449],[-2.98131408099994,55.962124191],[-2.98132978899997,55.962111936],[-2.98134156199995,55.962102407],[-2.98135653799994,55.962092854],[-2.98137070199994,55.962082857],[-2.98137308099996,55.9620819400001],[-2.98139830799994,55.9620660140001],[-2.98141172799996,55.9620582700001],[-2.98144174799995,55.9620418580001],[-2.98145905799993,55.96202959],[-2.98147165399996,55.962020953],[-2.98148422699995,55.9620114190001],[-2.98150782999994,55.9619946080001],[-2.98152357199996,55.9619837000001],[-2.98155502299994,55.961960538],[-2.98158489499997,55.9619382860001],[-2.98160299399996,55.961925562],[-2.98164941999994,55.9618928460001],[-2.98168403999995,55.9618683100001],[-2.98176743099998,55.9618087920001],[-2.98177220199995,55.961807406],[-2.98179112399993,55.9617955750001],[-2.98180690099997,55.961786015],[-2.98184487099996,55.961767292],[-2.98186145899996,55.9617581750001],[-2.98187644599994,55.9617490700001],[-2.98188276099995,55.961745426],[-2.98189536899997,55.9617372390001],[-2.98190556299994,55.9617286210001],[-2.98191736899997,55.9617204410001],[-2.98192128199997,55.961716815],[-2.98193939299995,55.9617045410001],[-2.98195596999994,55.9616949740001],[-2.98199069099996,55.961674481],[-2.98199462699995,55.9616717540001],[-2.98201908599998,55.9616571830001],[-2.98204352299996,55.9616417130001],[-2.98205300199993,55.9616366980001],[-2.99452517199995,55.968467645],[-2.99872888399995,55.9755878140001],[-3.00026437399993,55.976669325],[-3.00031315599995,55.9778507410001],[-2.99970464299997,55.9874241320001],[-2.91012794199997,56.0410433820001],[-2.85523224899993,56.073797449],[-2.80438358099997,56.0913746300001],[-2.71896044999994,56.103544039],[-2.71394755499995,56.1042561030001],[-2.62773029699997,56.1151142890001],[-2.53654271599993,56.1363203180001],[-2.53511678699994,56.136651203],[-2.50748172299996,56.1482270320001],[-2.50653009799993,56.155611612],[-2.48702833899995,56.1631455680001],[-2.47686561399996,56.1630953010001],[-2.47348119799994,56.1631365650001],[-2.38819758199998,56.23070383],[-2.35800809899996,56.2923678170001],[-2.35686250999993,56.294665695],[-2.35675430599997,56.294838289],[-2.35590981699994,56.2960695950001],[-2.35423155799998,56.298416069],[-2.35266371099993,56.300113536],[-2.35100215299997,56.301024823],[-2.34915276799995,56.3025951280001],[-2.31414378199997,56.3364054740001],[-2.31341911499993,56.3369719120001],[-2.31339396999994,56.3369568750001],[-2.30673097499994,56.3421987130001],[-2.30740212499995,56.3434760040001],[-2.30694412499997,56.347063973],[-2.30407764999995,56.349791205],[-2.30305078299995,56.3503664660001],[-2.30171078499995,56.351239762],[-2.26361004299997,56.351600703],[-2.18129235599997,56.399631136],[-2.17959926299994,56.4001239200001],[-2.15150177999993,56.403551871],[-2.15141559799997,56.403562374],[-2.12312455899996,56.4070068560001],[-2.12305337599997,56.407015051],[-2.12285271199994,56.40703325],[-2.08704553799993,56.4096387750001],[-2.05928656199995,56.420775748],[-2.05868721299993,56.4212814090001],[-2.03186732899997,56.447626594],[-2.02747165799997,56.4579921480001],[-2.02745056899994,56.4580418640001],[-2.01386736999996,56.490035463],[-2.00151664599997,56.5190773560001],[-1.93837278899997,56.5953230040001],[-1.91991761999998,56.589977312],[-1.91965922799994,56.589973166],[-1.89909177099997,56.5930094550001],[-1.89338595099997,56.593845167],[-1.88325934799997,56.593339933],[-1.87444164599998,56.5929633040001],[-1.85302212799996,56.5825579250001],[-1.83693739499995,56.580326217],[-1.81066512699994,56.576722697],[-1.79212065499996,56.575181596],[-1.79211195699997,56.575180872],[-1.79207970299996,56.5751898440001],[-1.79203526299995,56.575202206],[-1.79198906099992,56.5751873230001],[-1.77017134299996,56.568156306],[-1.76716909999993,56.565428427],[-1.76573826299995,56.561701799],[-1.80182864699998,56.537263835],[-1.83176265599997,56.5471229140001],[-1.84302429499996,56.5412305880001],[-1.83098267099996,56.5371254560001],[-1.84743557899998,56.5266409120001],[-1.86952166199995,56.528228352],[-1.89654557999995,56.5238513450001],[-1.91019336599993,56.5210121280001],[-1.92427677899997,56.526091588],[-1.93943465899997,56.526269681],[-1.99518889699993,56.5182542050001],[-2.02111803999998,56.457253854],[-2.02122159499993,56.457009826],[-2.02565648899997,56.4465557410001],[-2.02570353199997,56.4464574090001],[-2.02576054899993,56.4463607100001],[-2.02582735399994,56.446265951],[-2.02590373399994,56.4461734380001],[-2.02598944399995,56.446083468],[-2.05309326299994,56.4194633650001],[-2.05310622099995,56.419450748],[-2.05320777599997,56.4193592290001],[-2.05995466599995,56.4136667610001],[-2.06421654399998,56.4100698650001],[-2.06422504799997,56.410062725],[-2.07539074699997,56.4009535910001],[-2.07538905899997,56.400952929],[-2.07545083899993,56.4009045540001],[-2.08983814999993,56.3896345300001],[-2.08988149199996,56.3896011100001],[-2.08996817199994,56.3895373450001],[-2.11683686899994,56.3703562750001],[-2.13865835199994,56.3543314630001],[-2.13880572099993,56.354228505],[-2.13896195499996,56.3541296610001],[-2.13912668999996,56.354035164],[-2.13929952999996,56.3539452420001],[-2.13948006299995,56.353860108],[-2.15413583099996,56.3472816890001],[-2.15433134499995,56.347198372],[-2.15453422099995,56.347120671],[-2.15474393999995,56.34704879],[-2.15495995599997,56.346982912],[-2.15518171799994,56.3469232090001],[-2.15540864899998,56.346869832],[-2.15564016499997,56.3468229200001],[-2.15587567199998,56.346782595],[-2.15611455999993,56.3467489590001],[-2.15635621399997,56.3467221000001],[-2.19914042799996,56.342583265],[-2.19916029399997,56.3425813650001],[-2.19922889399993,56.342575159],[-2.22589280999995,56.3418198740001],[-2.22603859699996,56.341815728],[-2.24622257099998,56.3412401350001],[-2.26837626199995,56.340632446],[-2.27559169299997,56.340439125],[-2.27795050199995,56.340064134],[-2.30765559599996,56.335273973],[-2.30868463999997,56.3344698710001],[-2.32184455799995,56.3235713700001],[-2.34825943499993,56.298052252],[-2.35231344399995,56.293735348],[-2.35426502899998,56.289756751],[-2.35410645999997,56.286666154],[-2.36357098099995,56.2673579870001],[-2.38222850299996,56.22922429],[-2.38235637499997,56.2290751640001],[-2.40366071899996,56.212233681],[-2.42892310899992,56.1922309340001],[-2.45476892699998,56.1717391670001],[-2.47054953099996,56.1592140600001],[-2.47073506599997,56.1591045500001],[-2.47659153399997,56.1566600510001],[-2.49526651199994,56.1488479110001],[-2.53184328099996,56.1335315850001],[-2.53204665799996,56.1334705460001],[-2.55319131399995,56.1285631440001],[-2.61817246699997,56.11344746],[-2.62564270799993,56.1117068020001],[-2.62577312399998,56.111680042],[-2.62590922799995,56.111659414],[-2.66218602699996,56.1070993720001],[-2.67290773399998,56.1057493920001],[-2.71238266899996,56.100770218],[-2.73598277699995,56.097411321],[-2.77671116899995,56.0916026360001],[-2.80195675599992,56.0879944810001],[-2.85231262699995,56.07161898],[-2.88276115299993,56.0534418880001],[-2.90579707899997,56.039673544],[-2.92818180099994,56.0262808590001],[-2.94906011299997,56.013787746],[-2.98174178199997,55.994218473],[-2.99342622099994,55.987215093],[-2.99495604499998,55.9862751360001],[-2.99522120799998,55.9821881920001],[-2.98952936899997,55.9737838190001],[-2.98376915099993,55.971417183],[-2.98312866999993,55.9711532910001],[-2.97959031399995,55.969631049],[-2.97679674599993,55.968428798],[-2.97599911099996,55.968084984],[-2.97592211699993,55.968052094],[-2.97609880499994,55.967993065],[-2.97626498099993,55.9679309190001],[-2.97644474899994,55.967855097],[-2.97657574699997,55.967789366],[-2.97671038099998,55.9677217180001],[-2.97685880099993,55.9676480310001],[-2.97689845699995,55.9676251220001],[-2.97697581199998,55.9675804330001],[-2.97708226399993,55.967507079],[-2.97719219199996,55.9674318090001],[-2.97729854399995,55.967354502],[-2.97742190999998,55.967259448],[-2.97752469999995,55.967174351],[-2.97761006999997,55.9670973],[-2.97761855499994,55.9670892760001],[-2.97767484999997,55.967036046],[-2.97781800999996,55.966893752],[-2.97792357099996,55.9667851820001],[-2.97797101899994,55.9664497470001],[-2.97795706599993,55.9663711420001],[-2.97792619999996,55.9661972580001],[-2.97790147299997,55.9660426390001],[-2.97788536799993,55.9658233480001],[-2.97788444299994,55.9656469760001],[-2.97790188099998,55.965366589],[-2.97791001499996,55.9653134650001],[-2.97791989799993,55.965248919],[-2.97794601099997,55.965179076],[-2.97832880799996,55.964729339],[-2.97835317899995,55.964700706],[-2.97835883799996,55.9646937690001],[-2.97867172399998,55.9643101950001],[-2.97870937199997,55.964278537],[-2.97891619199993,55.9640771840001],[-2.97921063099994,55.9637905210001],[-2.97947687799996,55.9635434680001],[-2.98001690099994,55.9630687980001],[-2.98029628099994,55.9627903700001],[-2.98046892199994,55.962658677],[-2.98055338999995,55.9625942430001],[-2.98062192999993,55.962542752],[-2.98118147399992,55.962206027],[-2.98118495999995,55.9622123760001],[-2.98120308199998,55.9622005510001]],[[-2.24878771799996,56.3457329870001],[-2.23388568499996,56.345133225],[-2.23192004099997,56.3451914080001],[-2.23160631399998,56.345200692],[-2.20023822899998,56.346124853],[-2.17335667599997,56.34872713],[-2.15787856999998,56.3502226850001],[-2.14370321899997,56.356585737],[-2.12198309899998,56.372537623],[-2.12197022599997,56.3725469460001],[-2.09510537299997,56.3917271060001],[-2.08070813399996,56.403006104],[-2.08071127299996,56.403007254],[-2.06962958199995,56.4120469590001],[-2.06930293699997,56.4123227010001],[-2.08390953299994,56.406460968],[-2.08407598899993,56.406398418],[-2.08424911999992,56.406341711],[-2.08442826299995,56.406291068],[-2.08461272399995,56.40624668],[-2.08480179599997,56.406208722],[-2.08499474799993,56.406177337],[-2.08519083899995,56.4061526470001],[-2.08538931699997,56.4061347480001],[-2.12187072399996,56.4034802990001],[-2.13733766999997,56.4015980340001],[-2.13737638999993,56.401593319],[-2.17734350699993,56.3967196610001],[-2.25440160499994,56.3517650380001],[-2.25464034099997,56.3516255230001],[-2.26082249899997,56.3480121950001],[-2.26433057199995,56.346342942],[-2.24878771799996,56.3457329870001]]]},"properties":{"Property_Description":"Seagreen Phase 1A OFTO AfL","Tenant_Name":"Seagreen 1A Limited","Lease_Type_Description":"Agreement/Option for Lease","Property_Classification":"OFTO","Project_Phase":"Consented","Capacity_MW":0,"OBJECTID_1":20,"Shape__Area":0.01753314203788392,"Shape__Length":3.4523651689235391}},{"type":"Feature","id":21,"geometry":{"type":"Polygon","coordinates":[[[-1.24532563499997,56.1595893140001],[-1.39119897099994,56.061906197],[-1.39353761499996,56.1412101760001],[-1.58233289899994,56.141273997],[-1.73390945999995,56.1067313080001],[-1.91680336999997,56.102026477],[-1.93786818299998,56.101467122],[-1.93831489199994,56.101419191],[-1.97670442599997,56.0542533870001],[-2.02634944299996,56.054655036],[-2.02637015899995,56.0546400160001],[-2.04295643799998,56.0488210610001],[-2.06564323899994,56.0408553840001],[-2.09708184599998,56.018010039],[-2.17457917699994,56.0032884080001],[-2.32509196399997,55.955210363],[-2.36386876599994,55.9482831130001],[-2.36626281299993,55.9478549670001],[-2.36641548399996,55.94782766],[-2.37265825099996,55.9467109],[-2.37272266199994,55.946715193],[-2.37273388599993,55.9467168670001],[-2.37278508199995,55.9467291110001],[-2.37282989599993,55.946744069],[-2.37286521499993,55.9467537560001],[-2.37291968999995,55.9467741660001],[-2.37298546799997,55.9468043360001],[-2.37301280899993,55.946816831],[-2.37305619399996,55.946832962],[-2.37309152199992,55.9468436380001],[-2.37311881099993,55.946850833],[-2.37317495399998,55.946861444],[-2.37322162399994,55.946869389],[-2.37332098999997,55.946878971],[-2.37338973799996,55.9468850530001],[-2.37346989599996,55.9468955900001],[-2.37358693199997,55.946911318],[-2.37367028699992,55.94692095],[-2.37378566099994,55.9469304830001],[-2.37378886499994,55.9469304720001],[-2.37391529699994,55.94694087],[-2.37399880899994,55.9469505000001],[-2.37433804299997,55.9469958000001],[-2.37434019799997,55.9469960870001],[-2.37438037799996,55.9470014520001],[-2.37439160299994,55.947003216],[-2.37451026899993,55.947021813],[-2.37458405199993,55.9470350660001],[-2.37462415799996,55.94704303],[-2.37471899199994,55.9470643940001],[-2.37476714799993,55.9470769170001],[-2.37483458699995,55.9470965680001],[-2.37489740199993,55.9471180310001],[-2.37503395999994,55.947165414],[-2.37516905799993,55.9472110040001],[-2.37528800799993,55.9472422680001],[-2.37539717199996,55.9472716760001],[-2.37542622199993,55.9472787760001],[-2.37554339399998,55.9473081580001],[-2.37555463699994,55.947311717],[-2.37560925699995,55.9473304190001],[-2.37565764299995,55.947350128],[-2.37577662599995,55.9474012480001],[-2.37578788599996,55.947406604],[-2.37582322399993,55.947418177],[-2.37584265199996,55.947423509],[-2.37592932999996,55.9474457960001],[-2.37604820699994,55.9474859540001],[-2.37609478999997,55.947501086],[-2.37610779499994,55.947504731],[-2.37611901899993,55.947506493],[-2.37613025299993,55.947509155],[-2.37614291099993,55.947509924],[-2.37615573599993,55.947511682],[-2.37618455699993,55.947511594],[-2.37619095299993,55.947510676],[-2.37620372699996,55.947507043],[-2.37620851299994,55.9475051420001],[-2.37622717299996,55.9474976280001],[-2.37623004399995,55.947496361],[-2.37623546699996,55.9474941870001],[-2.37624025199995,55.9474923770001],[-2.37624504799993,55.9474914630001],[-2.37625144399993,55.9474905450001],[-2.37625624599997,55.94749053],[-2.37626586999994,55.9474922970001],[-2.37627069099995,55.9474940810001],[-2.37627551999998,55.94749676],[-2.37628195299993,55.947499437],[-2.37628678899995,55.947503016],[-2.37629003499995,55.947507498],[-2.37629343199995,55.9475110820001],[-2.37629668099993,55.947515654],[-2.37629831499993,55.947519243],[-2.37632461099997,55.947572533],[-2.37632949299996,55.9475806040001],[-2.37633434999998,55.9475860690001],[-2.37634095799996,55.9475905420001],[-2.37635544799997,55.9475986740001],[-2.37636509099997,55.947602239],[-2.37637313199997,55.947605808],[-2.37637811099995,55.9476075900001],[-2.37637956299994,55.9476084840001],[-2.37642134899994,55.9476246180001],[-2.37642381499995,55.9476253010001],[-2.37646630299997,55.94763706],[-2.37663655199998,55.9476743650001],[-2.37667026299994,55.947683247],[-2.37670079799994,55.9476948340001],[-2.37671205099997,55.947699292],[-2.37674904299996,55.9477163400001],[-2.37677979999995,55.947734305],[-2.37682511699995,55.9477675900001],[-2.37685256699996,55.9477910460001],[-2.37686402999998,55.9478008950001],[-2.37691587499995,55.9478468280001],[-2.37694177599997,55.94787568],[-2.37694356399993,55.94787846],[-2.37697455099993,55.947919965],[-2.37699753199996,55.947961494],[-2.37699914999996,55.9479632860001],[-2.37701732599993,55.9480048300001],[-2.37702736599994,55.9480328320001],[-2.37703401699997,55.948058239],[-2.37703591199994,55.9480718900001],[-2.37704091299997,55.948108532],[-2.37704255599994,55.9481130200001],[-2.37704260999993,55.9481184100001],[-2.37704105099994,55.9481229080001],[-2.37704110399994,55.948128298],[-2.37703795399995,55.9481337],[-2.37703479699996,55.9481382020001],[-2.37703162899993,55.948141805],[-2.37701418899996,55.948159828],[-2.37701259899995,55.948160731],[-2.37700943799996,55.948165234],[-2.37700788999996,55.9481706290001],[-2.37700804799994,55.9481868010001],[-2.37701362499996,55.948268231],[-2.37701364699996,55.9482685470001],[-2.37701697199998,55.9482811140001],[-2.37702670099998,55.9482936640001],[-2.37703155499997,55.9482990390001],[-2.37703481199998,55.948304421],[-2.37703965699995,55.948308899],[-2.37704449599994,55.948312478],[-2.37704934399994,55.9483169550001],[-2.37706222399993,55.9483241030001],[-2.37706864399996,55.94832588],[-2.37712805399997,55.9483427700001],[-2.37713286599995,55.9483436530001],[-2.37715215199995,55.9483507830001],[-2.37716341199996,55.9483561390001],[-2.37716502899997,55.948357931],[-2.37716985899993,55.9483606110001],[-2.37717470599995,55.948365089],[-2.37717954599998,55.9483686680001],[-2.37718279099994,55.9483731510001],[-2.37718442799996,55.9483767400001],[-2.37719421899993,55.948395577],[-2.37720236299998,55.948409928],[-2.37723127999993,55.948419723],[-2.37723610999996,55.948422404],[-2.37723934799993,55.9484259870001],[-2.37723937399994,55.9484286840001],[-2.37723462399993,55.9484340880001],[-2.37722984499993,55.948436798],[-2.37722505099993,55.948437712],[-2.37722184799998,55.9484377220001],[-2.37719143499993,55.948438713],[-2.37718342999995,55.948438738],[-2.37718024399993,55.9484405440001],[-2.37717705199998,55.9484414520001],[-2.37717386699995,55.94844326],[-2.37717068899997,55.948445964],[-2.37716910699993,55.9484477670001],[-2.37716753099994,55.948450467],[-2.37716758499994,55.9484558570001],[-2.37716920999998,55.9484585480001],[-2.37717081999995,55.9484594420001],[-2.37717083799993,55.948461238],[-2.37717567799996,55.9484648170001],[-2.37718052499997,55.9484692950001],[-2.37718696299993,55.9484728690001],[-2.37719982499993,55.9484782210001],[-2.37725931299997,55.948503196],[-2.37724974099996,55.948506819],[-2.37724015299995,55.9485086460001],[-2.37723695799997,55.948509555],[-2.37716814399994,55.9485133580001],[-2.37715855299996,55.9485151860001],[-2.37715696899994,55.9485169870001],[-2.37715698599993,55.948518784],[-2.37715861399994,55.9485214750001],[-2.37716185099993,55.948525058],[-2.37716512499998,55.9485322360001],[-2.37717159999994,55.9485394050001],[-2.37717641899997,55.9485411860001],[-2.37727761899993,55.94857412],[-2.37728243799995,55.9485759030001],[-2.37728885199994,55.948576782],[-2.37729366399998,55.9485776650001],[-2.37730007699997,55.9485785430001],[-2.37730648399997,55.948578524],[-2.37731287999998,55.9485776070001],[-2.37731767299994,55.9485766930001],[-2.37732406899994,55.9485757750001],[-2.37732885599996,55.9485739630001],[-2.37733523499998,55.9485712490001],[-2.37734001099994,55.9485685390001],[-2.37734953899997,55.9485604220001],[-2.37735111599994,55.948557722],[-2.37735268199998,55.9485541230001],[-2.37735264699995,55.94855053],[-2.37735101899995,55.9485478390001],[-2.37733792999995,55.948519128],[-2.37733787599996,55.948513738],[-2.37733946099996,55.948511936],[-2.37735223399994,55.9485083020001],[-2.37736185899996,55.9485100690001],[-2.37737311199993,55.948514528],[-2.37737793199994,55.948516311],[-2.37738918499997,55.948520768],[-2.37740848699997,55.9485296930001],[-2.37741814499998,55.948535055],[-2.37742460199996,55.9485404260001],[-2.37748426599995,55.9485833700001],[-2.37751971899996,55.948606623],[-2.37753260899996,55.94861467],[-2.37756964599993,55.9486361190001],[-2.37759214999994,55.948645035],[-2.37759536899995,55.9486468220001],[-2.37762426899997,55.9486548200001],[-2.37763549599993,55.9486565820001],[-2.37764512099994,55.948658349],[-2.37765152399993,55.948658331],[-2.37769960499998,55.948662675],[-2.37771083099994,55.948664438],[-2.37772045399993,55.9486662050001],[-2.37772848799995,55.9486688760001],[-2.37774456799997,55.9486760140001],[-2.37775746499995,55.948684959],[-2.37776229499997,55.9486876400001],[-2.37783964199997,55.9487377180001],[-2.37791360499995,55.9487689380001],[-2.37792164399997,55.948772508],[-2.37794096299996,55.9487832300001],[-2.37794902199994,55.948788596],[-2.37795709099993,55.9487948610001],[-2.37796193799994,55.9487993390001],[-2.37798292899993,55.9488172430001],[-2.37799912299994,55.9488360620001],[-2.37800565899994,55.948849518],[-2.37800742699994,55.948866584],[-2.37800590099994,55.9488800720001],[-2.37800447999996,55.9488926500001],[-2.37799716399996,55.948963652],[-2.37799724299992,55.9489717380001],[-2.37799889699994,55.9489771240001],[-2.37800054199994,55.9489816110001],[-2.37800379899994,55.9489869920001],[-2.37801834099997,55.9490004250001],[-2.37802478099997,55.9490039990001],[-2.37808761299993,55.9490433400001],[-2.37816947499994,55.9490966370001],[-2.37817591599998,55.949100211],[-2.37818221999993,55.9491063930001],[-2.37818707499997,55.9491116790001],[-2.37819664399996,55.9491241380001],[-2.37819975799994,55.949131316],[-2.37820140199995,55.949135713],[-2.37821751299992,55.9491786120001],[-2.37823045499994,55.9492250230001],[-2.37823208299994,55.9492277140001],[-2.37823531899994,55.949231297],[-2.37823852899993,55.9492320960001],[-2.37824191799996,55.9492320590001],[-2.37824296999997,55.9492320470001],[-2.37824957799995,55.9492319720001],[-2.37826218899994,55.9492281610001],[-2.37828241799997,55.949217047],[-2.37833581499996,55.9491920840001],[-2.37833740699995,55.949191092],[-2.37834521699995,55.949187384],[-2.37835142599994,55.949183771],[-2.37835618499997,55.9491791740001],[-2.37836239399996,55.949175472],[-2.37836554499995,55.9491699810001],[-2.37836871899998,55.949167275],[-2.37837013599994,55.949164576],[-2.37837486699993,55.949157283],[-2.37837943299996,55.949149183],[-2.37838416399995,55.9491418910001],[-2.37839034799993,55.949135492],[-2.37839813099993,55.9491291790001],[-2.37840769199994,55.9491244770001],[-2.37846108599996,55.9490989770001],[-2.37846096799996,55.949098887],[-2.37854850799994,55.9490447100001],[-2.37855175399994,55.9490464300001],[-2.37855395599996,55.949045142],[-2.37856465399994,55.9490419640001],[-2.37856608099997,55.9490405220001],[-2.37856750899994,55.94903917],[-2.37856909699997,55.949037908],[-2.37857068599993,55.949036645],[-2.37857259499998,55.949035291],[-2.37857450499996,55.9490341170001],[-2.37857657599994,55.949033033],[-2.37857880699994,55.949031948],[-2.37858087799998,55.9490308630001],[-2.37858263299995,55.9490302290001],[-2.37858566499995,55.949029141],[-2.37858885799994,55.9490281430001],[-2.37859205199993,55.949027325],[-2.37859540799997,55.9490265960001],[-2.37859876299996,55.949025867],[-2.37860211999993,55.9490253170001],[-2.37861571899992,55.9490241070001],[-2.37862964499993,55.949023615],[-2.37863156499998,55.9490234300001],[-2.37863492699995,55.94902333],[-2.37864484799996,55.94902267],[-2.37865141199995,55.9490225600001],[-2.37865477399993,55.9490225500001],[-2.37865813999997,55.949022809],[-2.37866038399994,55.949023072],[-2.37866326899996,55.9490233320001],[-2.37866615499996,55.9490237730001],[-2.37866888199994,55.949024213],[-2.37867144799998,55.9490246550001],[-2.37867417599995,55.9490252750001],[-2.37867915299995,55.9490266080001],[-2.37868172299994,55.9490274080001],[-2.37868413299998,55.9490283000001],[-2.37868718999994,55.949029728],[-2.37869105499993,55.949031962],[-2.37869444099994,55.9490343780001],[-2.37869734799995,55.9490369740001],[-2.37870284899998,55.949042708],[-2.37870527799993,55.9490454850001],[-2.37870592599995,55.949046292],[-2.37871175399994,55.949052743],[-2.37871304999993,55.949054356],[-2.37871402699994,55.9490559710001],[-2.37871598199996,55.9490593790001],[-2.37871663999994,55.9490611740001],[-2.37871729699998,55.9490628790001],[-2.37871729899996,55.949063149],[-2.37871747599996,55.9490648550001],[-2.37871750999994,55.9490683590001],[-2.37871736799997,55.9490701570001],[-2.37871690399993,55.9490718650001],[-2.37871644199993,55.9490737530001],[-2.37871581799993,55.9490754620001],[-2.37871503499997,55.949077172],[-2.37871424999997,55.9490787920001],[-2.37871330599995,55.9490805020001],[-2.37871251499996,55.9490814920001],[-2.37871109099996,55.949083294],[-2.37870934699993,55.9490850060001],[-2.37870760099997,55.9490866290001],[-2.37870553499994,55.9490882520001],[-2.37870362899997,55.9490897860001],[-2.37870140199993,55.94909132],[-2.37869901399995,55.949092765],[-2.37869662599996,55.94909412],[-2.37869471399995,55.949095114],[-2.37869216499996,55.94909647],[-2.37868945399993,55.949097646],[-2.37868658399998,55.949098823],[-2.37868371099995,55.9490998200001],[-2.37868083899997,55.949100817],[-2.37867780499994,55.949101725],[-2.37867066299998,55.9491082160001],[-2.37855434499994,55.949171377],[-2.37850752399993,55.9491975770001],[-2.37850481399994,55.9491986630001],[-2.37842265499995,55.949230184],[-2.37840434599997,55.9492410220001],[-2.37839782699996,55.949245713],[-2.37838971699995,55.9492514880001],[-2.37838290199994,55.9492585180001],[-2.37837863199996,55.949264192],[-2.37837719899994,55.949265005],[-2.37837181899994,55.9492714890001],[-2.37836976999995,55.9492750000001],[-2.37836504499995,55.9492830120001],[-2.37836349999998,55.9492887660001],[-2.37836180299996,55.9492954200001],[-2.37836189799998,55.9493049430001],[-2.37836873999993,55.949349757],[-2.37836877699993,55.949353531],[-2.37836109499995,55.949370355],[-2.37835322199993,55.9494005700001],[-2.37835326899994,55.9494052410001],[-2.37835554699996,55.9494089180001],[-2.37835797399993,55.949411695],[-2.37836215999994,55.94941384],[-2.37836602499993,55.9494160740001],[-2.37837003699997,55.9494172290001],[-2.37837212299996,55.949417672],[-2.37837740599997,55.9494175660001],[-2.37838318099995,55.9494186260001],[-2.37840652799997,55.949415231],[-2.37842776699995,55.9494092350001],[-2.37843064099997,55.949408417],[-2.37846706499994,55.949399681],[-2.37848836399996,55.949392436],[-2.37849052499996,55.9493917010001],[-2.37849577599997,55.9493884510001],[-2.37850389799996,55.9493837540001],[-2.37850882799995,55.949380234],[-2.37852011899997,55.9493723830001],[-2.37852678599995,55.9493664330001],[-2.37853185399996,55.9493605760001],[-2.37853659299998,55.9493540940001],[-2.37853991199995,55.9493494110001],[-2.37856008799997,55.9493166440001],[-2.37856166399996,55.9493140330001],[-2.37856418599995,55.9493101630001],[-2.37856800299994,55.9493072750001],[-2.37857437199995,55.9493035730001],[-2.37857865999996,55.9493001440001],[-2.37858392099997,55.949297793],[-2.37859014099996,55.949295078],[-2.37866072399993,55.9492589210001],[-2.37868988399993,55.949228014],[-2.37869146899993,55.9492263920001],[-2.37870475599993,55.9492259020001],[-2.37871257399996,55.9492230920001],[-2.37872038299997,55.9492193840001],[-2.37872821299993,55.949217473],[-2.37873602999997,55.9492146650001],[-2.37874545899996,55.9492126590001],[-2.37875026099994,55.9492126440001],[-2.37876913499997,55.9492105190001],[-2.37877697999994,55.949210405],[-2.37878643699997,55.9492111860001],[-2.37879444899994,55.949211969],[-2.37880390499993,55.9492126590001],[-2.37881016599994,55.9492143460001],[-2.37882589099996,55.9492178020001],[-2.37886058699996,55.949228926],[-2.37889063999995,55.949240155],[-2.37908195199998,55.9493179140001],[-2.37915941899996,55.9493472360001],[-2.37924636699995,55.9493800330001],[-2.37929197699998,55.949393818],[-2.37932686199997,55.949407637],[-2.37937981499994,55.949435597],[-2.37942031499995,55.9494507460001],[-2.37945342399996,55.9494631320001],[-2.37951656499996,55.9494846810001],[-2.37952764499994,55.9494880620001],[-2.37955934399997,55.9495037780001],[-2.37957817199998,55.949513333],[-2.37959717899997,55.949524775],[-2.37961476499993,55.9495380180001],[-2.37964972199995,55.9495760070001],[-2.37964957899993,55.9495777130001],[-2.37965909699994,55.949584783],[-2.37966553499996,55.949588266],[-2.37967823599996,55.9495934380001],[-2.37974299499996,55.9496167790001],[-2.37974604599998,55.9496175790001],[-2.37975874599994,55.949622751],[-2.37976358399993,55.94962624],[-2.37976986399997,55.949629815],[-2.37977294299998,55.949633308],[-2.37977619599997,55.949638689],[-2.37977791199995,55.949650364],[-2.37977638099994,55.9496575580001],[-2.37977058799993,55.9497034880001],[-2.37975658199997,55.9497287780001],[-2.37974715299993,55.9497468660001],[-2.37974401999998,55.949754064],[-2.37974422499997,55.9497585560001],[-2.37974584399996,55.949760348],[-2.37974586199994,55.949762144],[-2.37974736199993,55.94976834],[-2.37975060899993,55.9497728220001],[-2.37975546699994,55.949778199],[-2.37975854999996,55.9497825920001],[-2.37976178799994,55.949786175],[-2.37976807599995,55.9497905580001],[-2.37977292399995,55.9497949450001],[-2.37978709099997,55.9498028080001],[-2.37979335499995,55.949804586],[-2.37982823699997,55.9498184060001],[-2.37984560799993,55.9498261680001],[-2.37985511599993,55.9498323380001],[-2.37985672499997,55.949833143],[-2.37985979399997,55.9498358290001],[-2.37986142899996,55.9498394180001],[-2.37986305599998,55.949842018],[-2.37986469199996,55.949845607],[-2.37986966099993,55.949878745],[-2.37987127899993,55.9498805380001],[-2.37987134099996,55.9498868270001],[-2.37987283499996,55.9498922130001],[-2.37987608899994,55.949897504],[-2.37987933599993,55.949901987],[-2.37991744699997,55.9499345730001],[-2.37998075399997,55.9499892760001],[-2.37998236999994,55.9499909780001],[-2.37998719999996,55.949993658],[-2.37999668099997,55.9499970430001],[-2.38000293499994,55.9499979230001],[-2.38001255899997,55.9499996000001],[-2.38007488099993,55.950002822],[-2.38011315099993,55.950002613],[-2.38011922999993,55.9500020560001],[-2.38013074599996,55.9500008520001],[-2.38017074199996,55.949997135],[-2.38018675599994,55.9499970850001],[-2.38019637199994,55.9499979540001],[-2.38020775099994,55.9499989080001],[-2.38021897699997,55.9500006690001],[-2.38022378899996,55.9500016440001],[-2.38030462799998,55.9500153210001],[-2.38038721099997,55.950027194],[-2.38040822499994,55.9500308130001],[-2.38045683399997,55.950040008],[-2.38048283799998,55.9500463960001],[-2.38053494499997,55.9500693270001],[-2.38053978299996,55.9500729960001],[-2.38054974699998,55.950076649],[-2.38056616999995,55.9500857620001],[-2.38057278899993,55.950091313],[-2.38057619699993,55.9500958840001],[-2.38063492799995,55.9501574280001],[-2.38064318699998,55.9501666560001],[-2.38066504799997,55.9501914780001],[-2.38074479099993,55.9502566400001],[-2.38076788699993,55.950276784],[-2.38078947199995,55.950289657],[-2.38083212099997,55.9503116270001],[-2.38084032399996,55.950315285],[-2.38085014799998,55.9503208250001],[-2.38085836799996,55.9503262810001],[-2.38086659699997,55.9503326340001],[-2.38087321399996,55.9503380950001],[-2.38090947699993,55.9503781450001],[-2.38092921999993,55.950399018],[-2.38094574899998,55.9504190040001],[-2.38096026699998,55.9504298300001],[-2.38100533399995,55.9504369690001],[-2.38105821999994,55.950441298],[-2.38107436499996,55.9504547240001],[-2.38107619699997,55.9504620870001],[-2.38106731499994,55.950487003],[-2.38106632299997,55.9504999440001],[-2.38106671399993,55.950507219],[-2.38106251599993,55.9505201700001],[-2.38105812499992,55.950529439],[-2.38105671899996,55.950533127],[-2.38104930999998,55.9505450990001],[-2.38099960299996,55.950603476],[-2.38098578299997,55.95061466],[-2.38097956499996,55.9506175540001],[-2.38097015399995,55.950621357],[-2.38095291599996,55.9506270700001],[-2.38092753099994,55.950634785],[-2.38089427799997,55.9506727150001],[-2.38089164499996,55.950681887],[-2.38090326399993,55.950690926],[-2.38092396199994,55.950695264],[-2.38096824499996,55.9506877600001],[-2.38100963399995,55.9506952690001],[-2.38105699299996,55.950691169],[-2.38111240699993,55.9506921650001],[-2.38116499599994,55.9506663070001],[-2.38116642999995,55.9506654040001],[-2.38117423999995,55.9506616950001],[-2.38118203799996,55.950656999],[-2.38118823699995,55.950652308],[-2.38119266599995,55.9506467240001],[-2.38119726499997,55.950642127],[-2.38120185399993,55.950636542],[-2.38120325999995,55.950632855],[-2.38122212199994,55.9505968570001],[-2.38125692199998,55.9505531730001],[-2.38127578199993,55.950517174],[-2.38128617899997,55.950499623],[-2.38129962599993,55.9504828680001],[-2.38130423299998,55.950479171],[-2.38131967199996,55.9504697790001],[-2.38132748299995,55.95046598],[-2.38133690099994,55.9504631670001],[-2.38134471899997,55.950460267],[-2.38135254699995,55.9504583560001],[-2.38135558199997,55.9504574480001],[-2.38136661199997,55.9504555280001],[-2.38137620999993,55.95045451],[-2.38138724699996,55.9504534860001],[-2.38142039299993,55.950453205],[-2.38145374199996,55.950457413],[-2.38146656899994,55.950459171],[-2.38147605199993,55.9504627360001],[-2.38147927099993,55.9504645220001],[-2.38148266999997,55.9504681060001],[-2.38148589999997,55.9504708810001],[-2.38150932699995,55.9505082760001],[-2.38157529399996,55.9505565000001],[-2.38157718099995,55.9505693420001],[-2.38157583199995,55.9505785110001],[-2.38157584899994,55.9505803970001],[-2.38156564199994,55.9506007350001],[-2.38156264499997,55.9506053260001],[-2.38154798799997,55.950629361],[-2.38154640699997,55.950631253],[-2.38154038199997,55.9506375600001],[-2.38152056899997,55.9506581970001],[-2.38150231999992,55.9506749650001],[-2.38148850399995,55.9506866880001],[-2.38145626499994,55.9507141020001],[-2.38145024599993,55.9507205900001],[-2.38144439299992,55.9507279760001],[-2.38143981199994,55.950734459],[-2.38143540099998,55.95074184],[-2.38143259299994,55.9507492160001],[-2.38143120599995,55.9507547920001],[-2.38141446599997,55.9508110880001],[-2.38141507099994,55.950823934],[-2.38141670799996,55.9508276130001],[-2.38142350499993,55.9508348700001],[-2.38145148699994,55.9508631750001],[-2.38145327499996,55.9508658660001],[-2.38145651299993,55.9508695390001],[-2.38146778599997,55.9508757930001],[-2.38147742899997,55.9508793570001],[-2.38147903699996,55.950880252],[-2.38150289599997,55.950880177],[-2.38150916099994,55.9508819540001],[-2.38151717299996,55.9508827390001],[-2.38152342699993,55.950883617],[-2.38152983399993,55.9508835980001],[-2.38154246299996,55.9508815820001],[-2.38154548899996,55.950879775],[-2.38160496299997,55.950853984],[-2.38164575299993,55.950833194],[-2.38167218299998,55.9507689590001],[-2.38168239299995,55.950748623],[-2.38168966099994,55.9507388070001],[-2.38169740199993,55.9507281800001],[-2.38170339699997,55.9507189980001],[-2.38171824999995,55.950698555],[-2.38173208099994,55.95068854],[-2.38173686499994,55.950686369],[-2.38175250099994,55.9506807500001],[-2.38177598399994,55.950675016],[-2.38178222799996,55.9506749070001],[-2.38188941799996,55.950664692],[-2.38193837499995,55.9506604970001],[-2.38197472299993,55.9506601140001],[-2.38200323399997,55.9506611040001],[-2.38201893199994,55.9506615940001],[-2.38204762099997,55.9506640210001],[-2.38205082399998,55.9506640110001],[-2.38207952799996,55.950668324],[-2.38209701899996,55.9506718640001],[-2.38218162399994,55.950693884],[-2.38221998399996,55.9507027490001],[-2.38227261899993,55.9507140860001],[-2.38231398399995,55.950719259],[-2.38234106099998,55.950720882],[-2.38243767399996,55.950726333],[-2.38254244599995,55.95073095],[-2.38254548999993,55.950730939],[-2.38257420299993,55.950736062],[-2.38259170899994,55.950741308],[-2.38262204299997,55.950748312],[-2.38281635999994,55.9507722370001],[-2.38283703499997,55.9507739700001],[-2.38287515899998,55.9507753780001],[-2.38290686199997,55.950775101],[-2.38297932499995,55.950767059],[-2.38298876199997,55.9507660410001],[-2.38302329999993,55.950761082],[-2.38304375099995,55.950756255],[-2.38310460199995,55.9507400730001],[-2.38315620799995,55.9507285030001],[-2.38319073799994,55.950722554],[-2.38332567699996,55.95070093],[-2.38335398999993,55.950697878],[-2.38345334099995,55.950688674],[-2.38351335799996,55.950685342],[-2.38360204399993,55.9506826400001],[-2.38366704999993,55.9506820780001],[-2.38375771399996,55.9506850290001],[-2.38384536299998,55.950690776],[-2.38401608999993,55.9507095610001],[-2.38413761499993,55.950724188],[-2.38427364099994,55.9507478420001],[-2.38432017599996,55.9507575800001],[-2.38438432499993,55.950767263],[-2.38456550099994,55.950789969],[-2.38472280699995,55.9508119400001],[-2.38480653999994,55.950842406],[-2.38481634299995,55.9508459690001],[-2.38487530999993,55.95086609],[-2.38489346099993,55.950871514],[-2.38494288899994,55.9508825010001],[-2.38509951499998,55.9509164240001],[-2.38511428499993,55.950920061],[-2.38514416899994,55.9509302110001],[-2.38516924099997,55.9509393870001],[-2.38521942499995,55.9509616020001],[-2.38525464799994,55.950977305],[-2.38530657299998,55.950997628],[-2.38536379099997,55.951018833],[-2.38542267599996,55.9510465910001],[-2.38545485799995,55.9510622130001],[-2.38547733999997,55.951084516],[-2.38549968599995,55.951109424],[-2.38551129699994,55.9511175640001],[-2.38554744899994,55.951141448],[-2.38561349299994,55.951185078],[-2.38569370299996,55.9512478120001],[-2.38570177199995,55.951253986],[-2.38573973599995,55.9512874700001],[-2.38578748399993,55.9513385330001],[-2.38583671999993,55.951378183],[-2.38583832899997,55.9513789860001],[-2.38584301499998,55.951383374],[-2.38585573599994,55.951390432],[-2.38586377799993,55.9513938220001],[-2.38587004999994,55.9513964970001],[-2.38587791799995,55.951398629],[-2.38589801199993,55.9514064730001],[-2.38591440799996,55.95141289],[-2.38593027699994,55.95143054],[-2.38594152899998,55.9514668040001],[-2.38601316499995,55.951568917],[-2.38605305899995,55.9516674450001],[-2.38605455399994,55.9516728310001],[-2.38608501099998,55.951740392],[-2.38608654199993,55.951749281],[-2.38609623799994,55.9518063940001],[-2.38610122899996,55.9518412400001],[-2.38612375399993,55.951932276],[-2.38612714399994,55.9519510430001],[-2.38613870199993,55.95200213],[-2.38617136299996,55.95206582],[-2.38622394899994,55.9522006080001],[-2.38622557699995,55.952203298],[-2.38622739399995,55.952208683],[-2.38622905699998,55.9522149680001],[-2.38622916499997,55.9522258380001],[-2.38622759999993,55.952229527],[-2.38622458499998,55.9522322330001],[-2.38622317199997,55.9522349320001],[-2.38621536899996,55.9522395380001],[-2.38621058599995,55.9522414410001],[-2.38616032999994,55.952260467],[-2.38616042899997,55.9522703490001],[-2.38616205799997,55.952273039],[-2.38616528799997,55.9522757240001],[-2.38616690699996,55.952277516],[-2.38619095299993,55.952296129],[-2.38619257999994,55.9522988200001],[-2.38619581999995,55.9523024040001],[-2.38619589999996,55.9523104900001],[-2.38619182999997,55.9523200260001],[-2.38618979999995,55.952325064],[-2.38618838699995,55.952327854],[-2.38618682099997,55.952331454],[-2.38618380599996,55.9523342470001],[-2.38617902699997,55.952336958],[-2.38617440199994,55.9523388600001],[-2.38613814899998,55.9523485880001],[-2.38613351299995,55.9523495010001],[-2.38612712899993,55.9523514960001],[-2.38612250099993,55.952353309],[-2.38611613299997,55.9523571010001],[-2.38611312699993,55.952360705],[-2.38611315399993,55.952363491],[-2.38610717999995,55.9523907340001],[-2.38610739599994,55.952396123],[-2.38610584699995,55.952401609],[-2.38610915699996,55.952412381],[-2.38611096499994,55.9524168670001],[-2.38611404199997,55.9524204510001],[-2.38611886599995,55.952422233],[-2.38612369399993,55.952424824],[-2.38612834599996,55.9524256180001],[-2.38613316699997,55.952427309],[-2.38613941399996,55.952427291],[-2.38614422399996,55.952428083],[-2.38615368199993,55.9524288630001],[-2.38616328599994,55.952428653],[-2.38617432599995,55.95242754],[-2.38618376299996,55.9524265220001],[-2.38618584399995,55.9524262460001],[-2.38618999999994,55.9524255150001],[-2.38629537699995,55.9524101800001],[-2.38630800799996,55.952408163],[-2.38631441299998,55.9524080530001],[-2.38632066699995,55.9524088420001],[-2.38632388499997,55.952410539],[-2.38633192099996,55.952413209],[-2.38633658899994,55.9524158],[-2.38634143699994,55.952420187],[-2.38634467699995,55.952423772],[-2.38634792399995,55.9524282530001],[-2.38634956999994,55.9524327400001],[-2.38635281699993,55.952437134],[-2.38636412399995,55.9524631530001],[-2.38637222099993,55.952472114],[-2.38638190099994,55.9524791810001],[-2.38638657199994,55.9524818620001],[-2.38639299399995,55.952483548],[-2.38639460299993,55.9524844420001],[-2.38640087599993,55.9524870270001],[-2.38640890799996,55.9524896080001],[-2.38641516999996,55.9524912960001],[-2.38641998299994,55.952492179],[-2.38643903599996,55.9524917590001],[-2.38644526999997,55.9524907520001],[-2.38645469099993,55.952487938],[-2.38645930799993,55.9524851370001],[-2.38648434699996,55.9524748170001],[-2.38653446099994,55.952458037],[-2.38654403699996,55.9524547720001],[-2.38654724099996,55.952454672],[-2.38655347399992,55.9524536640001],[-2.38655827699995,55.95245356],[-2.38656453099998,55.9524543480001],[-2.38657095299993,55.9524560350001],[-2.38657560699994,55.952456829],[-2.38658201899995,55.952457618],[-2.38661041599994,55.95246274],[-2.38662632899997,55.952468889],[-2.38670447899995,55.9525172520001],[-2.38674133699993,55.9525518180001],[-2.38676234099995,55.95257044],[-2.38678475099994,55.9525856450001],[-2.38687197699994,55.95264467],[-2.38692848899996,55.9526752200001],[-2.38694638199996,55.952686934],[-2.38696306099996,55.952705302],[-2.38697296799995,55.9527191060001],[-2.38700814599997,55.9527621240001],[-2.38701318399995,55.9527694750001],[-2.38701691199998,55.952777838],[-2.38702710899997,55.9528006990001],[-2.38703241399998,55.952819011],[-2.38704481199994,55.9528576070001],[-2.38704643999995,55.952860296],[-2.38706174999993,55.9528860360001],[-2.38708344699995,55.952909866],[-2.38710839999993,55.952939169],[-2.38712811299996,55.952956628],[-2.38720733799994,55.953016216],[-2.38721055699995,55.9530180030001],[-2.38722721599993,55.9530344840001],[-2.38723891199993,55.953051068],[-2.38724555099998,55.953058415],[-2.38726221899998,55.953075794],[-2.38726744399997,55.95308584],[-2.38727814299995,55.95313091],[-2.38730866799995,55.9531886770001],[-2.38735562999994,55.95324091],[-2.38736547199994,55.953248247],[-2.38737046299997,55.9532509270001],[-2.38737689699997,55.9532537810001],[-2.38738990499996,55.9532574250001],[-2.38739793199994,55.953259196],[-2.38745613699996,55.95326656],[-2.38746575299996,55.9532674280001],[-2.38747713199996,55.953268381],[-2.38748674899995,55.9532692490001],[-2.38749635999994,55.9532693090001],[-2.38750595899995,55.9532683800001],[-2.38751554699996,55.9532664640001],[-2.38752353799993,55.953264641],[-2.38757130099998,55.9532527210001],[-2.38757450399993,55.9532527110001],[-2.38758072999997,55.953250804],[-2.38759337999994,55.953250584],[-2.38759802999994,55.9532513780001],[-2.38760445499997,55.953253155],[-2.38761086699998,55.953253943],[-2.38761407999993,55.953254832],[-2.38770016099994,55.9532792690001],[-2.38770643299995,55.9532819460001],[-2.38773218799997,55.953295251],[-2.38775155099995,55.953309657],[-2.38780493499996,55.9533474940001],[-2.38780977599993,55.9533510730001],[-2.38785169199997,55.9533788840001],[-2.38788067799993,55.953394964],[-2.38792396899993,55.9534163020001],[-2.38811314399993,55.953500703],[-2.38817887199997,55.95353985],[-2.38821738799993,55.953563897],[-2.38826067899993,55.953585145],[-2.38826855399998,55.953587725],[-2.38828124599996,55.953591998],[-2.38830982099995,55.9535987360001],[-2.38833821299994,55.9536035890001],[-2.38835073099995,55.953606064],[-2.38842481099994,55.953615535],[-2.38846426199996,55.9536210700001],[-2.38846747199995,55.9536218690001],[-2.38848014999996,55.953624345],[-2.38849105499997,55.953626017],[-2.38850229899992,55.9536293960001],[-2.38852078599996,55.9536364360001],[-2.38854402799996,55.953654332],[-2.38856181299997,55.9536713480001],[-2.38861862699997,55.9537315470001],[-2.38862831599994,55.953739602],[-2.38864927899994,55.9537538220001],[-2.38867488399995,55.9537680270001],[-2.38873878599998,55.953800529],[-2.38897990999993,55.9539068670001],[-2.38902780899997,55.9539244170001],[-2.38906925699996,55.953937404],[-2.38925704199994,55.9539946730001],[-2.38940837899997,55.9540424420001],[-2.38946253199992,55.954060779],[-2.38952330599994,55.954084487],[-2.38958892799997,55.9541126710001],[-2.38962900199994,55.9541321310001],[-2.38969467899994,55.954165887],[-2.38982794199995,55.954231684],[-2.38992262699998,55.954283225],[-2.38993871399992,55.954290273],[-2.38998197799998,55.9543088250001],[-2.39000593899993,55.9543185420001],[-2.39002667699998,55.9543263830001],[-2.39006494799997,55.954342076],[-2.39010313099993,55.9543487830001],[-2.39011402099993,55.9543486580001],[-2.39014093899993,55.9543501000001],[-2.39015505799995,55.954352661],[-2.39020277699996,55.9543681440001],[-2.39020919999996,55.9543698310001],[-2.39021884499994,55.9543733930001],[-2.39022529599993,55.9543778660001],[-2.39023334899997,55.9543823330001],[-2.39023820599994,55.9543877090001],[-2.39024321899996,55.954392274],[-2.39024807799996,55.95439774],[-2.39025310699998,55.9544041030001],[-2.39025635299993,55.9544085860001],[-2.39027945999993,55.9544449000001],[-2.39033817199993,55.954486494],[-2.39034964199993,55.954496341],[-2.39038033299994,55.95452248],[-2.39039985699998,55.9545369730001],[-2.39049357099998,55.9545874410001],[-2.39058907499998,55.9546406870001],[-2.39062474199994,55.954667887],[-2.39079049999998,55.954779493],[-2.39082790099997,55.954803993],[-2.39083113399994,55.954806767],[-2.39089125199996,55.9548448520001],[-2.39093344999998,55.9548684370001],[-2.39101299299995,55.9549111330001],[-2.39134606299996,55.955129034],[-2.39151680299994,55.9552580540001],[-2.39153632799997,55.955272547],[-2.39159323899997,55.9553098320001],[-2.39162577999997,55.9553288660001],[-2.39163705499993,55.95533521],[-2.39171643999993,55.9553778150001],[-2.39177962099996,55.9554175970001],[-2.39183776699997,55.9554502070001],[-2.39198355899993,55.9555191060001],[-2.39222784099996,55.9556504940001],[-2.39242715099994,55.9557693570001],[-2.39245632299998,55.9557875930001],[-2.39249874999996,55.955817917],[-2.39259053399996,55.9558827640001],[-2.39260214999996,55.955891174],[-2.39268780799995,55.9559519970001],[-2.39273881599996,55.955991458],[-2.39280472899998,55.9560476720001],[-2.39283750499993,55.9560737140001],[-2.39287008999997,55.9560967900001],[-2.39300629699994,55.9561833290001],[-2.39321665899996,55.95631752],[-2.39342025099995,55.9564627830001],[-2.39345413599995,55.9564878320001],[-2.39357484899995,55.956578103],[-2.39372114599996,55.9566957860001],[-2.39404090399995,55.956956221],[-2.39443035299996,55.95726567],[-2.39457706899998,55.9573766130001],[-2.39471143499998,55.9574702530001],[-2.39481024099996,55.9575478350001],[-2.39484785399998,55.957576825],[-2.39487429499997,55.957593811],[-2.39493355199994,55.957625067],[-2.39493677299993,55.9576267640001],[-2.39496016899994,55.9576437600001],[-2.39497894099998,55.9576626590001],[-2.39498996099996,55.9576755620001],[-2.39500080599993,55.957686757],[-2.39501494399997,55.957706568],[-2.39502005699995,55.9577209340001],[-2.39488823899995,55.957747946],[-2.39488537499994,55.957749752],[-2.39486790299998,55.957748371],[-2.39486165099993,55.9577478520001],[-2.39484257599997,55.957746296],[-2.39425458699998,55.9578866590001],[-2.39358386999993,55.958046767],[-2.39230489499994,55.9583520560001],[-2.38791097399996,55.959094228],[-2.38734437899996,55.9591899160001],[-2.37576477599993,55.961144866],[-2.37560914799997,55.961166899],[-2.37535881299993,55.96121033],[-2.37511407699998,55.9612628510001],[-2.37487598799993,55.9613242390001],[-2.37464556799995,55.9613942290001],[-2.37082377599995,55.962607996],[-2.37082367499994,55.9626079970001],[-2.32971349599995,55.963853321],[-2.24808835999994,55.99008595],[-2.37004587699994,55.994413453],[-2.41151225599998,55.9715777800001],[-2.41153073999993,55.971578005],[-2.41162297199998,55.971583707],[-2.41172376699996,55.971588179],[-2.41176659799993,55.9715844290001],[-2.41181363799996,55.9715734540001],[-2.41184996399994,55.971562514],[-2.41190977699995,55.971543081],[-2.41195458399994,55.9715236980001],[-2.41199914999993,55.9714814760001],[-2.41205231399994,55.9714416300001],[-2.41210348999994,55.971416215],[-2.41218682899995,55.9713918950001],[-2.41221247299995,55.9713845970001],[-2.41225317299995,55.971382056],[-2.41234352699996,55.9713814950001],[-2.41241973999996,55.971377422],[-2.41245242199994,55.9713773120001],[-2.41249742299993,55.971383271],[-2.41253697699995,55.971389248],[-2.41256427699994,55.9713952660001],[-2.41258886899993,55.97140282],[-2.41261208299994,55.9714088520001],[-2.41263396799997,55.9714179420001],[-2.41265855199993,55.9714247320001],[-2.41268036299994,55.9714269500001],[-2.41272397899996,55.9714306230001],[-2.41276078499993,55.971434318],[-2.41280032299994,55.9714387670001],[-2.41284395399992,55.971443966],[-2.41292569799998,55.9714475100001],[-2.41301699799993,55.971453314],[-2.41323983599995,55.9714708160001],[-2.41343602099994,55.971484817],[-2.41360606799998,55.971498904],[-2.41368907199995,55.9715036220001],[-2.41373278499998,55.9715083730001],[-2.41376777699998,55.971514131],[-2.41378531399994,55.9715209290001],[-2.41379064799997,55.971529725],[-2.41379076299995,55.9715404980001],[-2.41379086799998,55.9715502920001],[-2.41378567999993,55.9715552060001],[-2.41376825799995,55.9715591830001],[-2.41373165599992,55.9715661610001],[-2.41370203999998,55.971573117],[-2.41367941999994,55.9715810280001],[-2.41366547899997,55.971584014],[-2.41364453199998,55.9715850630001],[-2.41362010299997,55.971587104],[-2.41360439499994,55.971588136],[-2.41358870999994,55.9715911270001],[-2.41356255499994,55.9715951320001],[-2.41347706299996,55.9716032540001],[-2.41343343299997,55.9716063390001],[-2.41342124899995,55.971610298],[-2.41341260099995,55.971618162],[-2.41340920199997,55.9716269880001],[-2.41340931699995,55.9716377610001],[-2.41342162499996,55.9716455550001],[-2.41344612699993,55.9716503700001],[-2.41353713099994,55.9716676940001],[-2.41355111299993,55.9716686260001],[-2.41360003399996,55.9716704210001],[-2.41369085999997,55.971671095],[-2.41375198599997,55.97167089],[-2.41376590599998,55.9716659470001],[-2.41378333799997,55.9716629500001],[-2.41379684399993,55.97166335],[-2.41379820099996,55.9716633900001],[-2.41381303899993,55.9716638300001],[-2.41383402799994,55.971666697],[-2.41386201199992,55.97167052],[-2.41391634999997,55.9716889470001],[-2.41394443899998,55.971702565],[-2.41396019999996,55.9717064290001],[-2.41398115699997,55.9717063590001],[-2.41400387199997,55.9717072620001],[-2.41408963599997,55.971724603],[-2.41413871399993,55.971741088],[-2.41417730399996,55.971756629],[-2.41420876099994,55.971758482],[-2.41422810799997,55.9717711490001],[-2.41425265199996,55.9717798820001],[-2.41428246699996,55.971791534],[-2.41431238799993,55.971812981],[-2.41433866899996,55.9718207270001],[-2.41435964699997,55.9718226160001],[-2.41440511799993,55.9718283400001],[-2.41445409199997,55.9718350300001],[-2.41449778399993,55.9718378220001],[-2.41454799499996,55.9718357100001],[-2.41454801599997,55.971834335],[-2.41456117799993,55.971830718],[-2.41458157899996,55.971828358],[-2.41461559799995,55.9718259530001],[-2.41467415099993,55.971825756],[-2.41471908799997,55.971825605],[-2.41475724999998,55.97182853],[-2.41478723899996,55.9718314840001],[-2.41481727999997,55.9718390200001],[-2.41487871199996,55.9718533220001],[-2.41494427899994,55.9718721930001],[-2.41500162699998,55.9718865090001],[-2.41506173899995,55.9719046340001],[-2.41509996499997,55.97191367],[-2.41512175199995,55.971913596],[-2.41513807599995,55.9719120140001],[-2.41515026699994,55.9719058630001],[-2.41515421299994,55.9718928680001],[-2.41514586999995,55.9718768590001],[-2.41513199199994,55.9718524690001],[-2.41511407699994,55.971832674],[-2.41509758799998,55.971818984],[-2.41507431599996,55.9718076080001],[-2.41505380099994,55.9717992770001],[-2.41502647599998,55.9717909680001],[-2.41500737999996,55.9717879790001],[-2.41498694599994,55.9717872840001],[-2.41497331299996,55.9717858020001],[-2.41495828399997,55.9717812710001],[-2.41494186999995,55.9717744530001],[-2.41491050199994,55.9717699770001],[-2.41487641799995,55.9717662730001],[-2.41484368799996,55.9717618020001],[-2.41481912799998,55.9717573020001],[-2.41477819499994,55.9717498040001],[-2.41474271599998,55.97174305],[-2.41472088799998,55.9717393060001],[-2.41466755299996,55.9717181020001],[-2.41465112999992,55.9717105220001],[-2.41464152499998,55.9717036810001],[-2.41463734999996,55.9716952950001],[-2.41463863799993,55.971688418],[-2.41464668499998,55.9716769360001],[-2.41465611099994,55.9716669760001],[-2.41467235299996,55.971657758],[-2.41469540399993,55.9716485170001],[-2.41472392699995,55.971641547],[-2.41475109599997,55.9716353470001],[-2.41477286699995,55.9716337460001],[-2.41484348999995,55.9716328110001],[-2.41487879399995,55.9716380830001],[-2.41489658799998,55.9716390120001],[-2.41491601299992,55.9716425400001],[-2.41493528699993,55.971647058],[-2.41495313799993,55.971653287],[-2.41510163099997,55.9716953750001],[-2.41520032299997,55.9717249610001],[-2.41529886299998,55.9717553570001],[-2.41534581099995,55.9717706530001],[-2.41539099499994,55.9717858650001],[-2.41543314599994,55.9718019850001],[-2.41547353499993,55.9718182010001],[-2.41549463899997,55.971829002],[-2.41551736499997,55.9718415940001],[-2.41554325599998,55.9718504910001],[-2.41555932599994,55.971855019],[-2.41557875999996,55.9718594460001],[-2.41560139999996,55.971863952],[-2.41562728099996,55.9718719510001],[-2.41565140999995,55.9718809440001],[-2.41571919599994,55.971897068],[-2.41573381399996,55.9719006120001],[-2.41574667899994,55.971905061],[-2.41575151599994,55.9719078300001],[-2.41575814199996,55.971913199],[-2.41576459899994,55.971917669],[-2.41576626899996,55.971923953],[-2.41576168999995,55.971930258],[-2.41575374799993,55.9719366640001],[-2.41575055299995,55.971937573],[-2.41573938599993,55.9719421030001],[-2.41572659799994,55.971944842],[-2.41571842599996,55.9719447800001],[-2.41568960699993,55.971946674],[-2.41566238999997,55.9719485630001],[-2.41563661499993,55.971950447],[-2.41561418399993,55.971950432],[-2.41559158399997,55.9719496100001],[-2.41557074499997,55.9719486920001],[-2.41554670399995,55.9719478750001],[-2.41548230599994,55.9719489010001],[-2.41544867099998,55.9719499120001],[-2.41541809799998,55.9719526210001],[-2.41538931699995,55.9719581090001],[-2.41536534299996,55.9719635810001],[-2.41532694899996,55.9719691010001],[-2.41530285199997,55.9719780770001],[-2.41529971499995,55.9719843770001],[-2.41529674899994,55.9719916650001],[-2.41529521499996,55.9719979590001],[-2.41529687499997,55.9720033450001],[-2.41529690299996,55.9720060400001],[-2.41530352999996,55.9720114090001],[-2.41531157999998,55.9720150650001],[-2.41532282399993,55.9720177230001],[-2.41535835799993,55.9720293730001],[-2.41539220199996,55.972032943],[-2.41542603699997,55.972035524],[-2.41545505599993,55.972037313],[-2.41548392299995,55.9720399110001],[-2.41551935099994,55.972041678],[-2.41555638099993,55.97204344],[-2.41589255899993,55.9720617130001],[-2.41604867699994,55.972067655],[-2.41605994099996,55.9720721990001],[-2.41607278699996,55.9720748510001],[-2.41608562399995,55.972076605],[-2.41609861199993,55.9720775500001],[-2.41638816699998,55.9720958890001],[-2.41645900199995,55.972097536],[-2.41649263899996,55.9720966140001],[-2.41652482199993,55.972094708],[-2.41659699299993,55.9720864670001],[-2.41662260799995,55.9720845840001],[-2.41671893299997,55.9720726680001],[-2.41678795699994,55.9720698290001],[-2.41685861299993,55.9720696790001],[-2.41692945799997,55.972072225],[-2.41700017199997,55.972077556],[-2.41705325299995,55.972081959],[-2.41710666499995,55.9720874380001],[-2.41717565399995,55.9720961900001],[-2.41720457999998,55.9721041780001],[-2.41723506899996,55.9721085670001],[-2.41727835599994,55.9721111160001],[-2.41732002099997,55.9721118730001],[-2.41735046199994,55.97211177],[-2.41737928199996,55.972109876],[-2.41741930599994,55.972107045],[-2.41745768999994,55.9721006250001],[-2.41763209199996,55.972078471],[-2.41766565899997,55.9720711690001],[-2.41770086799994,55.972067456],[-2.41773127899995,55.972064657],[-2.41776491499996,55.972063645],[-2.41780657999993,55.9720644020001],[-2.41784617199994,55.972066064],[-2.41788753699996,55.9720686200001],[-2.41792586699995,55.972072084],[-2.41797512999995,55.972079104],[-2.41799423499998,55.9720826330001],[-2.41801653399995,55.972085253],[-2.41804044399993,55.9720887660001],[-2.41806113099994,55.9720904930001],[-2.41806417499993,55.9720904820001],[-2.41808803799995,55.9720895030001],[-2.41811026899995,55.972085834],[-2.41814508499994,55.9720754730001],[-2.41814795199997,55.9720739360001],[-2.41815782899994,55.9720686910001],[-2.41816263599998,55.9720686750001],[-2.41816583099995,55.9720677650001],[-2.41817206799993,55.9720667560001],[-2.41818165199993,55.972064028],[-2.41818644899996,55.972063113],[-2.41819427999997,55.9720612890001],[-2.41820066899993,55.9720594710001],[-2.41823230499995,55.9720513670001],[-2.41824189899995,55.972049537],[-2.41824971999995,55.9720468150001],[-2.41826731499998,55.97204406],[-2.41828636999998,55.972043097],[-2.41830382499995,55.9720422290001],[-2.41832128799996,55.9720421700001],[-2.41832450199996,55.9720430570001],[-2.41834520899994,55.972046581],[-2.41836432299993,55.972051009],[-2.41838182499993,55.9720545430001],[-2.41840109899994,55.97205897],[-2.41841379499994,55.9720625210001],[-2.41842488899994,55.9720660770001],[-2.41842971499995,55.9720678580001],[-2.41843293799997,55.972069644],[-2.41844408899993,55.9720785010001],[-2.41844891499994,55.972080281],[-2.41845212899995,55.972081169],[-2.41846321299994,55.9720838270001],[-2.41847604899993,55.9720855800001],[-2.41849191199998,55.9720856160001],[-2.41850616099993,55.9720846690001],[-2.41851736599995,55.972083733],[-2.41852840199994,55.9720818980001],[-2.41857438899996,55.972067456],[-2.41858382099997,55.972065537],[-2.41859500799995,55.972062894],[-2.41861404499997,55.9720601330001],[-2.41863309099995,55.972058272],[-2.41863629499994,55.972058261],[-2.41865537999996,55.9720599930001],[-2.41878442699993,55.9720812080001],[-2.41879390799994,55.9720838710001],[-2.41883699999994,55.9720980100001],[-2.41885931899998,55.972102427],[-2.41886733899997,55.972103298],[-2.41888161899993,55.972105136],[-2.41889445399994,55.9721068000001],[-2.41890392599993,55.972108565],[-2.41891354899997,55.97210943],[-2.41895488499995,55.9721093800001],[-2.41896272599996,55.9721084540001],[-2.41899925499996,55.97210833],[-2.41904220199996,55.9721090830001],[-2.41908996599994,55.9721107170001],[-2.41917744399996,55.9721105090001],[-2.41919812099997,55.972111338],[-2.41921877899995,55.9721103690001],[-2.41923464999996,55.9721112130001],[-2.41925051199996,55.9721111590001],[-2.41926494099994,55.9721120090001],[-2.41928080199995,55.9721119550001],[-2.41929505199994,55.972111098],[-2.41931091199996,55.9721109540001],[-2.41932854599997,55.9721117920001],[-2.41934120299993,55.9721117490001],[-2.41935386899996,55.9721126040001],[-2.41937135199993,55.9721143420001],[-2.41939059899994,55.9721161630001],[-2.41944787299997,55.9721231560001],[-2.41948124599998,55.972127535],[-2.41951319699996,55.972133715],[-2.41954339499995,55.9721408],[-2.41957219099993,55.9721515740001],[-2.41959617099997,55.972161376],[-2.41961856699993,55.97217298],[-2.41963614699995,55.9721837020001],[-2.41964893999995,55.972196237],[-2.41965868899996,55.9722087820001],[-2.41966363199992,55.972221344],[-2.41966379699994,55.9722365280001],[-2.41966075899995,55.972251902],[-2.41965920499996,55.9722564],[-2.41965935999997,55.9722706850001],[-2.41966100099995,55.972274274],[-2.41966103999994,55.9722778670001],[-2.41966428299997,55.9722814500001],[-2.41966576399994,55.972285039],[-2.41966901699993,55.9722895200001],[-2.41967227999993,55.9722949000001],[-2.41968364199994,55.9723084290001],[-2.41969014799997,55.972317391],[-2.41969179899996,55.9723218780001],[-2.41969343999995,55.972325466],[-2.41969331699994,55.9723289710001],[-2.41969495899997,55.9723326490001],[-2.41969823199997,55.9723389270001],[-2.41969826999997,55.9723424310001],[-2.41969991099995,55.97234602],[-2.41970318399996,55.972352388],[-2.41970468399995,55.972357684],[-2.41971443299997,55.972370229],[-2.41971929799996,55.972375603],[-2.41972577499996,55.972381871],[-2.41972900799993,55.9723845550001],[-2.41973207199993,55.972386342],[-2.41973691799996,55.972390009],[-2.41974335599997,55.9723926820001],[-2.41975141499995,55.972397147],[-2.41975608099995,55.9723989280001],[-2.41975931499996,55.972401613],[-2.41976094599994,55.9724043030001],[-2.41976097499997,55.9724069980001],[-2.41975780999996,55.9724106030001],[-2.41975479499996,55.9724133080001],[-2.41974842499997,55.9724169240001],[-2.41971046799995,55.9724331360001],[-2.41970089399996,55.9724367630001],[-2.41968824699995,55.9724377040001],[-2.41967399699996,55.9724386510001],[-2.41966117999993,55.9724386950001],[-2.41964210499998,55.9724379510001],[-2.41959916599995,55.972438008],[-2.41956420999998,55.9724354310001],[-2.41955298499994,55.9724345710001],[-2.41954353299997,55.9724346030001],[-2.41952926399995,55.9724337530001],[-2.41951643699997,55.9724328990001],[-2.41950699399996,55.9724338290001],[-2.41949099099998,55.972435681],[-2.41948475199996,55.9724365110001],[-2.41946874999996,55.972438362],[-2.41946410399993,55.9724384680001],[-2.41945770399997,55.972439298],[-2.41944649899995,55.9724402350001],[-2.41943705599994,55.9724411650001],[-2.41942423999996,55.9724412990001],[-2.41941159199996,55.9724422400001],[-2.41939574099996,55.9724431930001],[-2.41937828699997,55.972444151],[-2.41936387699997,55.972445098],[-2.41934642199993,55.9724459660001],[-2.41931312699995,55.972448775],[-2.41929727499996,55.9724497270001],[-2.41927966099996,55.9724506860001],[-2.41926061499993,55.972452548],[-2.41924155899994,55.972453511],[-2.41922090999998,55.9724553780001],[-2.41919882999997,55.972458149],[-2.41918763399997,55.9724599840001],[-2.41917660699994,55.972462627],[-2.41916860699996,55.972463642],[-2.41916061499995,55.972465377],[-2.41914797799996,55.972467307],[-2.41913839399996,55.9724700350001],[-2.41911154599995,55.9724764150001],[-2.41910834999993,55.972477235],[-2.41910514699993,55.9724773360001],[-2.41910034999995,55.9724782500001],[-2.41908131299994,55.9724809210001],[-2.41907027699995,55.972482755],[-2.41905907199992,55.9724836920001],[-2.41899713599997,55.9724901920001],[-2.41897169099997,55.972492974],[-2.41894482299995,55.972497558],[-2.41892579499995,55.9725011260001],[-2.41890821999993,55.9725056780001],[-2.41884633299998,55.9725166710001],[-2.41878607699994,55.9725303530001],[-2.41874182299995,55.972542183],[-2.41869739999993,55.972553116],[-2.41863718099995,55.9725703020001],[-2.41857697399996,55.9725884760001],[-2.41854838299997,55.9725966600001],[-2.41851980099995,55.972605742],[-2.41849939999997,55.9726156940001],[-2.41847882899998,55.972624749],[-2.41845667399997,55.9726355160001],[-2.41844870199998,55.972639137],[-2.41844088099998,55.9726418590001],[-2.41843128799997,55.9726437780001],[-2.41842186299994,55.972646416],[-2.41838843699998,55.97265201],[-2.41837901299994,55.9726546480001],[-2.41836300099993,55.972655601],[-2.41834875099994,55.972656548],[-2.41832970499996,55.9726584090001],[-2.41831064799993,55.9726593720001],[-2.41827413799996,55.972661293],[-2.41826613699993,55.972662219],[-2.41825828699996,55.972662246],[-2.41824244399993,55.9726640060001],[-2.41822643199993,55.9726650490001],[-2.41821699899998,55.972666878],[-2.41820579399996,55.9726678150001],[-2.41818201799992,55.9726768800001],[-2.41818043399996,55.9726785930001],[-2.41817740099998,55.972679591],[-2.41817421499996,55.9726813090001],[-2.41817102099998,55.9726823080001],[-2.41816943799995,55.9726840210001],[-2.41816304799994,55.9726858400001],[-2.41815842199998,55.9726877420001],[-2.41815459299994,55.9726891930001],[-2.41815187999993,55.97269019],[-2.41812190599995,55.972703949],[-2.41809342599993,55.9727076390001],[-2.41804405999994,55.9727060100001],[-2.41801214799995,55.972703423],[-2.41797565699994,55.9727071400001],[-2.41789803399996,55.9727298660001],[-2.41786150799993,55.9727451740001],[-2.41781565199994,55.9727571000001],[-2.41775802299998,55.9727617870001],[-2.41769710099993,55.9727584],[-2.41768909999996,55.9727593260001],[-2.41767149499998,55.9727611820001],[-2.41765386199995,55.9727603440001],[-2.41763459699996,55.9727568150001],[-2.41762011899993,55.9727514730001],[-2.41760563199995,55.9727452330001],[-2.41759921399995,55.9727443560001],[-2.41754954599998,55.9727445250001],[-2.41753026199996,55.972739199],[-2.41751410499995,55.972726675],[-2.41747543999998,55.9727070390001],[-2.41744002699994,55.9726918850001],[-2.41724059399996,55.9726215810001],[-2.41719250899996,55.9726199470001],[-2.41714133699998,55.9726291050001],[-2.41710613699996,55.9726337160001],[-2.41706940299997,55.9726446230001],[-2.41699932399996,55.9726834940001],[-2.41697074599995,55.9727078500001],[-2.41692768099995,55.9727259650001],[-2.41677448099995,55.972783088],[-2.41675691499995,55.972788538],[-2.41674256299996,55.9727948760001],[-2.41672054799994,55.972833585],[-2.41671424599997,55.9728434900001],[-2.41671129299993,55.9728668610001],[-2.41671943899996,55.9728794120001],[-2.41673401299994,55.972893738],[-2.41679019599997,55.9729034310001],[-2.41682065599997,55.9729051250001],[-2.41685745799992,55.9729005080001],[-2.41692303199994,55.9728895050001],[-2.41694376299995,55.97288045],[-2.41696778599993,55.9728794700001],[-2.41697098099996,55.9728785610001],[-2.41698535199993,55.9728740200001],[-2.41699975199992,55.972872174],[-2.41701577399994,55.97287212],[-2.41703181499997,55.972873862],[-2.41704628299993,55.972878306],[-2.41705436199993,55.972884568],[-2.41705925499997,55.9728926380001],[-2.41706575099994,55.9729007020001],[-2.41707543199993,55.9729069580001],[-2.41707704399994,55.9729078510001],[-2.41709150199995,55.972911396],[-2.41710753399997,55.9729122410001],[-2.41713641199993,55.9729157370001],[-2.41717324199993,55.972913815],[-2.41721967699993,55.9729109620001],[-2.41725486699994,55.9729054520001],[-2.41728052999997,55.9729080610001],[-2.41732864399995,55.97291239],[-2.41735436599993,55.9729203900001],[-2.41738320499996,55.972920292],[-2.41741837599994,55.9729129850001],[-2.41742951399993,55.9729057590001],[-2.41745187699996,55.9728993940001],[-2.41746623799997,55.9728939550001],[-2.41747409399994,55.9728795520001],[-2.41750282699996,55.972869572],[-2.41752353899994,55.97285872],[-2.41754261999995,55.9728451780001],[-2.41756501199995,55.972841508],[-2.41758737399994,55.9728351430001],[-2.41763553699997,55.972843964],[-2.41767563899998,55.9728483210001],[-2.41768043599996,55.972847406],[-2.41768684499993,55.972847384],[-2.41769326299993,55.9728482610001],[-2.41770131299995,55.972851828],[-2.41770456599994,55.9728563090001],[-2.41770622599995,55.9728616940001],[-2.41770470099993,55.9728688870001],[-2.41770157399998,55.972876086],[-2.41769523399995,55.972882397],[-2.41768888299993,55.972887809],[-2.41768411499993,55.9728914190001],[-2.41767613299993,55.972894142],[-2.41766180099995,55.9729022770001],[-2.41764913799994,55.972916695],[-2.41763966099995,55.9729293060001],[-2.41762695999995,55.972940131],[-2.41762379399995,55.972943736],[-2.41761901699994,55.972946447],[-2.41761910399993,55.9729545330001],[-2.41762243399995,55.9729662020001],[-2.41760496499995,55.972980637],[-2.41756024899996,55.9729942660001],[-2.41751875699993,55.9730096810001],[-2.41745653299995,55.97303415],[-2.41738459899994,55.973049668],[-2.41711569299997,55.9730748380001],[-2.41702929099995,55.973085912],[-2.41695735699994,55.97310143],[-2.41689020099994,55.9731142360001],[-2.41680085499996,55.9731495790001],[-2.41673066799996,55.973178568],[-2.41665567399997,55.9732075730001],[-2.41658062199997,55.9732311870001],[-2.41641589599993,55.973259597],[-2.41636793599997,55.973269642],[-2.41629912799993,55.9732779610001],[-2.41625123599994,55.9732942950001],[-2.41620335399995,55.9733115280001],[-2.41613966199998,55.973348581],[-2.41611421899995,55.973366637],[-2.41607440599995,55.973389233],[-2.41602824099994,55.973417242],[-2.41592305499995,55.973469709],[-2.41589594299995,55.9734814810001],[-2.41584340799994,55.9735131050001],[-2.41581954799994,55.9735293580001],[-2.41579086299993,55.973543831],[-2.41571427499997,55.9735737390001],[-2.41568549299996,55.9735792270001],[-2.41565677899996,55.9735910040001],[-2.41565041799993,55.9735955180001],[-2.41564084299995,55.973599144],[-2.41563125899995,55.9736018720001],[-2.41562005299994,55.9736028080001],[-2.41558655099993,55.973616398],[-2.41554358099995,55.9736434980001],[-2.41548648899993,55.973698498],[-2.41547219399996,55.973710226],[-2.41546593999993,55.9737246230001],[-2.41543746599996,55.9737588610001],[-2.41540417599992,55.973792217],[-2.41536929299997,55.973826477],[-2.41530559899996,55.973863529],[-2.41522115299995,55.97390784],[-2.41514779799996,55.9739404320001],[-2.41507119899995,55.9739694410001],[-2.41499623099998,55.974001141],[-2.41492446799992,55.9740328290001],[-2.41484785899996,55.9740609400001],[-2.41473921599993,55.9740900570001],[-2.41471048099993,55.974100037],[-2.41468010599993,55.9741064290001],[-2.41456965799995,55.9741166840001],[-2.41450726699998,55.974125879],[-2.41445444199996,55.9741305490001],[-2.41440166399997,55.9741397110001],[-2.41432969799996,55.9741525320001],[-2.41426895699993,55.974166213],[-2.41420982899996,55.9741807880001],[-2.41417947299993,55.9741889760001],[-2.41411557499993,55.974207161],[-2.41408042199993,55.9742162630001],[-2.41404211299994,55.9742298690001],[-2.41400220999998,55.974244379],[-2.41396227899997,55.9742561940001],[-2.41392723199993,55.9742751790001],[-2.41389063899993,55.9742995610001],[-2.41387007899993,55.974324788],[-2.41386543499993,55.9743400780001],[-2.41386395799998,55.9743517630001],[-2.41385770199997,55.97436616],[-2.41384661199993,55.9743778770001],[-2.41383392799997,55.974390498],[-2.41382596499994,55.9743950180001],[-2.41381960399997,55.9743995310001],[-2.41381644699993,55.974404034],[-2.41381492199997,55.9744112270001],[-2.41381340599997,55.974419319],[-2.41380554799997,55.9744337210001],[-2.41379606899994,55.9744463310001],[-2.41378190799998,55.9744706380001],[-2.41377885699995,55.974485024],[-2.41378698399996,55.9744957780001],[-2.41382589799997,55.974538775],[-2.41384218899998,55.974563877],[-2.41384900099996,55.9746015910001],[-2.41384478999993,55.974657311],[-2.41382430599998,55.9746897250001],[-2.41379106199997,55.9747275720001],[-2.41377356199996,55.9747393110001],[-2.41376086799994,55.9747510340001],[-2.41375929499998,55.974753735],[-2.41375610899996,55.9747555430001],[-2.41375131199993,55.9747564570001],[-2.41374650599994,55.9747564730001],[-2.41373369699994,55.9747574150001],[-2.41370494299997,55.974765598],[-2.41366974099998,55.9747702080001],[-2.41365053299995,55.97477207],[-2.41362495499993,55.974777547],[-2.41361374799993,55.9747784830001],[-2.41359773499994,55.9747794350001],[-2.41355609599998,55.9747813720001],[-2.41354005399995,55.9747796290001],[-2.41352725499996,55.9747814680001],[-2.41352086499995,55.974783287],[-2.41351286399993,55.974784212],[-2.41349361699997,55.97478248],[-2.41347600199992,55.974783437],[-2.41346160099994,55.9747852830001],[-2.41341036699993,55.974789049],[-2.41336716399996,55.9747945840001],[-2.41330793799995,55.9748001740001],[-2.41330315899995,55.974802885],[-2.41329197199997,55.9748056180001],[-2.41327274499997,55.9748056830001],[-2.41326791899996,55.9748039020001],[-2.41324547799996,55.9748030790001],[-2.41320387699994,55.974808609],[-2.41316872299996,55.9748177120001],[-2.41314162799995,55.97483128],[-2.41311299799997,55.9748511430001],[-2.41310201299996,55.974872743],[-2.41309585299996,55.9748961240001],[-2.41311221099994,55.974927516],[-2.41315928899996,55.9749848610001],[-2.41319649599996,55.9750179800001],[-2.41322719799996,55.9750421360001],[-2.41325478199997,55.975074389],[-2.41329378199993,55.9751254710001],[-2.41329067399994,55.975134466],[-2.41329075999994,55.9751425530001],[-2.41329565299998,55.9751506220001],[-2.41330059399996,55.975163185],[-2.41330875899996,55.9751775330001],[-2.41331851599995,55.9751909770001],[-2.41332825499995,55.9752026250001],[-2.41333802199995,55.975216968],[-2.41334936199996,55.97522861],[-2.41336714099998,55.9752429260001],[-2.41338005499995,55.975251868],[-2.41340102799995,55.975265274],[-2.41342039899996,55.9752786870001],[-2.41344640999995,55.9753136400001],[-2.41346575199998,55.975324357],[-2.41349306799998,55.9753314530001],[-2.41351867499998,55.975328672],[-2.41360988999998,55.975317584],[-2.41363711899993,55.975316594],[-2.41365644299998,55.9753255140001],[-2.41366778299994,55.9753371560001],[-2.41366621999993,55.975340755],[-2.41366629599997,55.975347943],[-2.41366953899995,55.9753515260001],[-2.41367622699994,55.975377559],[-2.41368937099998,55.975408063],[-2.41370882899997,55.975429562],[-2.41374110499993,55.9754510170001],[-2.41377014699998,55.9754697870001],[-2.41380873699995,55.9754822360001],[-2.41387458399993,55.975496391],[-2.41389221899993,55.97549723],[-2.41391629199995,55.9755007430001],[-2.41395157099993,55.97550332],[-2.41397723599994,55.9755059290001],[-2.41399173299993,55.9755130680001],[-2.41400642299993,55.975538177],[-2.41401295699995,55.975549835],[-2.41399869999998,55.9755651570001],[-2.41397320699997,55.97557872],[-2.41394773299993,55.9755940790001],[-2.41390459599995,55.9756059050001],[-2.41375105499998,55.975632476],[-2.41371746399994,55.97563798],[-2.41367741599993,55.975639013],[-2.41362929899998,55.9756346820001],[-2.41356511199996,55.975625913],[-2.41354902199993,55.9756196770001],[-2.41352656999993,55.9756179560001],[-2.41348977499996,55.9756234700001],[-2.41347221699993,55.9756298180001],[-2.41346262299993,55.975631648],[-2.41345462099997,55.975632573],[-2.41344662799997,55.9756343970001],[-2.41343066299993,55.975639841],[-2.41342106799993,55.9756416700001],[-2.41341628099997,55.9756434830001],[-2.41341309499995,55.975645291],[-2.41340669599992,55.9756462110001],[-2.41337464999998,55.975646318],[-2.41329321099994,55.9756726480001],[-2.41325167599996,55.9756844670001],[-2.41321979299994,55.975699848],[-2.41318500199998,55.9757430920001],[-2.41315656299997,55.9757809230001],[-2.41311211099998,55.975819707],[-2.41308508199995,55.9758395640001],[-2.41305790999996,55.9758459450001],[-2.41298426199995,55.9758515830001],[-2.41293301699994,55.97585445],[-2.41288649299997,55.975849215],[-2.41282549999994,55.9758395360001],[-2.41272273199996,55.9758192150001],[-2.41269862099995,55.9758121080001],[-2.41266016599997,55.9758122370001],[-2.41262015599995,55.975816863],[-2.41259147799997,55.9758322330001],[-2.41258040499997,55.975845748],[-2.41257258499996,55.975863744],[-2.41257425399994,55.975870027],[-2.41256633799998,55.9758790390001],[-2.41256157899994,55.9758835470001],[-2.41254755099993,55.9759204320001],[-2.41254282999995,55.975928534],[-2.41253970199995,55.975935732],[-2.41253829099998,55.975953706],[-2.41253676499997,55.975960899],[-2.41253366599994,55.975970793],[-2.41254671399997,55.9759923130001],[-2.41255016699995,55.9760156620001],[-2.41255201899997,55.9760390160001],[-2.41254907199993,55.9760632850001],[-2.41254294999993,55.97609026],[-2.41253977399992,55.9760929660001],[-2.41253822899995,55.9760983620001],[-2.41254149099996,55.9761037420001],[-2.41254634599994,55.976108218],[-2.41255599799996,55.9761117800001],[-2.41255919299994,55.9761108700001],[-2.41255285099993,55.9761171810001],[-2.41255133499993,55.976125272],[-2.41255137299993,55.9761288660001],[-2.41255624699994,55.9761351390001],[-2.41256273299996,55.9761423050001],[-2.41257241399995,55.976148562],[-2.41257885199997,55.9761512360001],[-2.41260776999997,55.9761583270001],[-2.41261740299996,55.976160092],[-2.41264306899996,55.9761627010001],[-2.41266870599998,55.9761626150001],[-2.41275032799996,55.976153357],[-2.41293109299994,55.9761248990001],[-2.41310872899993,55.976103638],[-2.41325116299993,55.9760869880001],[-2.41334877899993,55.9760749800001],[-2.41339362499997,55.976073033],[-2.41341764999993,55.976072054],[-2.41344168399996,55.976071973],[-2.41346094099993,55.9760746040001],[-2.41348179999994,55.9760772290001],[-2.41349786099994,55.9760807690001],[-2.41351711799996,55.9760834000001],[-2.41355084299994,55.976090475],[-2.41356209799994,55.9760940310001],[-2.41357334299994,55.976096689],[-2.41359582299998,55.976101106],[-2.41361827399993,55.976102827],[-2.41364713499996,55.9761045270001],[-2.41367597699997,55.9761044300001],[-2.41370319699996,55.976102542],[-2.41373199999992,55.9760988510001],[-2.41376235799993,55.976090663],[-2.41377515699998,55.9760888230001],[-2.41378794699995,55.9760860850001],[-2.41379915299996,55.976085149],[-2.41381998299994,55.976085079],[-2.41383120899997,55.976085939],[-2.41387128599996,55.9760876020001],[-2.41388731899997,55.9760884460001],[-2.41390654699995,55.9760883820001],[-2.41392418199996,55.9760892210001],[-2.41394341899996,55.976090055],[-2.41395466399996,55.9760927130001],[-2.41396751099995,55.976095365],[-2.41405897799996,55.9761076360001],[-2.41407661299996,55.976108475],[-2.41412471099994,55.9761110090001],[-2.41413753899997,55.9761118650001],[-2.41415196899993,55.9761127150001],[-2.41416157399993,55.9761117840001],[-2.41417438299993,55.9761108420001],[-2.41418720099995,55.9761107990001],[-2.41419842699997,55.9761116600001],[-2.41420964299994,55.9761116220001],[-2.41422404499997,55.976109777],[-2.41424005799996,55.976108825],[-2.41425769299997,55.976109664],[-2.41427693999998,55.9761113960001],[-2.41429136099993,55.976111347],[-2.41429477699995,55.9761311030001],[-2.41430283699998,55.9761355680001],[-2.41427754599994,55.9761679980001],[-2.41424893499993,55.9761896580001],[-2.41422030399997,55.976209521],[-2.41418846899995,55.976229394],[-2.41415340999993,55.9762474820001],[-2.41412631499998,55.9762610500001],[-2.41409600499998,55.976273731],[-2.41406407399995,55.9762846200001],[-2.41403372599996,55.976293706],[-2.41407064399993,55.976329611],[-2.41405002599993,55.9763645420001],[-2.41406643999994,55.97638605],[-2.41410264299998,55.976400035],[-2.41415031199995,55.9764073320001],[-2.41419939199994,55.9764117490001],[-2.41430458099995,55.976418493],[-2.41435716499996,55.976420922],[-2.41441404799997,55.976420821],[-2.41446942199997,55.9764143450001],[-2.41454456599996,55.976398638],[-2.41458164699998,55.976389888],[-2.41461824299995,55.97638069],[-2.41465435299995,55.976370955],[-2.41470847499994,55.976352354],[-2.41469452799993,55.9763218530001],[-2.41450801299993,55.9762921120001],[-2.41454629599997,55.9762758100001],[-2.41456391199995,55.9762748530001],[-2.41462792699997,55.976267449],[-2.41468236799994,55.9762636720001],[-2.41469678899995,55.9762636240001],[-2.41471119999994,55.9762626770001],[-2.41472399899993,55.976260837],[-2.41475275399995,55.9762526540001],[-2.41477193399993,55.9762480970001],[-2.41479272599997,55.976244433],[-2.41485035199997,55.976238848],[-2.41487596899998,55.9762369650001],[-2.41489998499998,55.9762350870001],[-2.41500091199993,55.9762329500001],[-2.41502490799996,55.976229275],[-2.41505053599997,55.9762282900001],[-2.41508580599998,55.976229968],[-2.41510825699993,55.9762316900001],[-2.41513392299993,55.9762342990001],[-2.41515635599995,55.9762342230001],[-2.41518039999994,55.9762350410001],[-2.41521250399995,55.9762403230001],[-2.41522857599995,55.9762447620001],[-2.41524301599998,55.9762465100001],[-2.41525742699997,55.9762455630001],[-2.41526705099994,55.9762464290001],[-2.41527824799994,55.976244594],[-2.41528785199995,55.976243663],[-2.41529747499993,55.976244529],[-2.41530549699996,55.976245401],[-2.41531833499994,55.9762471540001],[-2.41533916499998,55.9762470840001],[-2.41535037099993,55.976246148],[-2.41535836399993,55.976244324],[-2.41539672299996,55.97623521],[-2.41540151999993,55.976234295],[-2.41543033299996,55.9762315030001],[-2.41545751499996,55.9762260200001],[-2.41547826799996,55.976218762],[-2.41549582599993,55.976212414],[-2.41552298799996,55.9762051340001],[-2.41555015999995,55.9761987530001],[-2.41566037299998,55.9761660360001],[-2.41567633799997,55.976160592],[-2.41569071099997,55.976156051],[-2.41570827799995,55.9761506],[-2.41572906999994,55.9761469360001],[-2.41574828799997,55.976145973],[-2.41576432999994,55.9761477160001],[-2.41588122199994,55.976140134],[-2.41588600999995,55.9761383200001],[-2.41590200399997,55.976135571],[-2.41591961999995,55.9761346130001],[-2.41593565299996,55.9761354570001],[-2.41595169499993,55.9761372],[-2.41598700399993,55.976142472],[-2.41601427199993,55.976145075],[-2.41602231299993,55.9761477440001],[-2.41604477399994,55.976150363],[-2.41606881799993,55.97615118],[-2.41608483199997,55.9761502280001],[-2.41609923299995,55.9761483820001],[-2.41612163699995,55.976145611],[-2.41614404999996,55.9761437390001],[-2.41619363499996,55.976135485],[-2.41621604799997,55.9761336120001],[-2.41623685899998,55.976131745],[-2.41626568099997,55.9761298500001],[-2.41629451299997,55.9761288550001],[-2.41629932999996,55.9761297370001],[-2.41632340299998,55.976133249],[-2.41634749499997,55.976138559],[-2.41637641399996,55.976145649],[-2.41640535299996,55.9761545360001],[-2.41641082599995,55.9762165130001],[-2.41639333599994,55.9762291500001],[-2.41638221599993,55.9762381730001],[-2.41637111599994,55.9762489920001],[-2.41636000599993,55.976258913],[-2.41635209999993,55.9762688230001],[-2.41634578799994,55.9762778290001],[-2.41634106799995,55.9762859310001],[-2.41636289299993,55.9763337470001],[-2.41627696499995,55.9763598230001],[-2.41626760499997,55.976383485],[-2.41626782899993,55.976404329],[-2.41627113499993,55.9764286670001],[-2.41628003699998,55.9764518170001],[-2.41633219999994,55.976474732],[-2.41642436999996,55.9764777450001],[-2.41652085499993,55.9764797550001],[-2.41657133799993,55.976480483],[-2.41662165699995,55.9764808510001],[-2.41665034499994,55.9764812940001],[-2.41667082299995,55.976478259],[-2.41671930899997,55.9764721650001],[-2.41676795499995,55.976465981],[-2.41681711199993,55.97646258],[-2.41686773699996,55.9764616000001],[-2.41690422899995,55.976472528],[-2.41691479399998,55.976501334],[-2.41691714899997,55.9765265730001],[-2.41691966399998,55.9765518120001],[-2.41694487099994,55.9765713130001],[-2.41698808799993,55.9765817690001],[-2.41704275299998,55.9765840100001],[-2.41709733899995,55.976578794],[-2.41714710299993,55.9765723360001],[-2.41719523499995,55.976563008],[-2.41723447899994,55.9765467930001],[-2.41726851799996,55.9765084920001],[-2.41728313199997,55.9764668430001],[-2.41734049499996,55.976451824],[-2.41740197699994,55.9764620380001],[-2.41740981399994,55.9765053180001],[-2.41740851299994,55.9765630050001],[-2.41739371999995,55.976602858],[-2.41739172199993,55.976625686],[-2.41740246999996,55.9766713820001],[-2.41746784999998,55.9767013490001],[-2.41741147599993,55.9767488000001],[-2.41740201199997,55.976777584],[-2.41739735799996,55.9768067100001],[-2.41739668299994,55.9768332180001],[-2.41739613899995,55.9768720340001],[-2.41739997699995,55.9768861270001],[-2.41742470999998,55.976950824],[-2.41738770399996,55.976996322],[-2.41738912399995,55.9770239910001],[-2.41739230499996,55.977051563],[-2.41739356499994,55.9770792320001],[-2.41738905999995,55.97713702],[-2.41739542299996,55.9771624250001],[-2.41740690799998,55.977187364],[-2.41742747899997,55.9772077800001],[-2.41744036099993,55.9772284910001],[-2.41740904999995,55.9772523170001],[-2.41738765399998,55.9772742220001],[-2.41737524799993,55.9772977150001],[-2.41738455099994,55.9773283210001],[-2.41739978199996,55.977358818],[-2.41741133899995,55.977420055],[-2.41741868199995,55.977447254],[-2.41742922599997,55.977473993],[-2.41744738999995,55.9774941480001],[-2.41747162699994,55.977512754],[-2.41748915199997,55.9775330000001],[-2.41753089899993,55.977629984],[-2.41755354599997,55.977649764],[-2.41759198899996,55.977663201],[-2.41763501199995,55.9776704230001],[-2.41768471599994,55.9776730390001],[-2.41781546599998,55.977672237],[-2.41785551199996,55.9776708430001],[-2.41789537899996,55.977667743],[-2.41793307999995,55.977642098],[-2.41792828699994,55.977598808],[-2.41791585599998,55.9775754890001],[-2.41790086599997,55.977552449],[-2.41789388099994,55.9775288430001],[-2.41790891199997,55.977496177],[-2.41792894299994,55.977421985],[-2.41795261999994,55.977403575],[-2.41799225999995,55.977394276],[-2.41805358999994,55.9773902950001],[-2.41810179099997,55.9774021710001],[-2.41811576099997,55.977434558],[-2.41811310599996,55.9774706860001],[-2.41811329399997,55.9774881160001],[-2.41812260999995,55.977504976],[-2.41814538699992,55.97755153],[-2.41811729899996,55.9775770520001],[-2.41820871299996,55.977702799],[-2.41833154199998,55.977799417],[-2.41833477599994,55.9778021020001],[-2.41834607999994,55.97781015],[-2.41835578099995,55.977818203],[-2.41836707599992,55.9778253530001],[-2.41837997199997,55.9778324970001],[-2.41839126699995,55.9778396460001],[-2.41840416299993,55.9778467900001],[-2.41841865299995,55.9778530300001],[-2.41843313299995,55.9778583720001],[-2.41844920499994,55.97786281],[-2.41846526799998,55.9778663490001],[-2.41858253299995,55.977892905],[-2.41858895199994,55.9778937820001],[-2.41860179999998,55.9778964340001],[-2.41861305599997,55.9778999900001],[-2.41862270899998,55.9779035510001],[-2.41863396499997,55.977907106],[-2.41864362799993,55.977911566],[-2.41865169799996,55.9779169290001],[-2.41870336299996,55.9779526930001],[-2.41870819899998,55.9779553720001],[-2.41871785199993,55.9779589330001],[-2.41872266899998,55.9779598150001],[-2.41872908799996,55.9779606920001],[-2.41873870299997,55.9779606590001],[-2.41878828899996,55.9779524040001],[-2.41879308699993,55.9779514900001],[-2.41880107899993,55.977949665],[-2.41881385899995,55.9779460280001],[-2.41882023999995,55.977943311],[-2.41882501799995,55.9779405990001],[-2.41883455399994,55.977933379],[-2.41883611799994,55.9779297800001],[-2.41884554799998,55.9779126770001],[-2.41885035499996,55.9779126600001],[-2.41886155199995,55.977910825],[-2.41887275899995,55.977909889],[-2.41888235399995,55.9779080590001],[-2.41889354199998,55.977905326],[-2.41889832899994,55.9779035120001],[-2.41890152399998,55.9779026030001],[-2.41892863899994,55.9778908310001],[-2.41893660199997,55.9778863110001],[-2.41894457499995,55.9778826900001],[-2.41895253799993,55.977878171],[-2.41895889899996,55.977873657],[-2.41896364799993,55.97786825],[-2.41896999899996,55.977862837],[-2.41897314599993,55.9778574360001],[-2.41897630199998,55.9778529320001],[-2.41902170199995,55.9777539450001],[-2.41902323599993,55.9777476510001],[-2.41903115099996,55.9777386390001],[-2.41910265599995,55.9776826900001],[-2.41920580899995,55.9775897960001],[-2.41922647399997,55.9775744510001],[-2.41927897299996,55.977539232],[-2.41928374099996,55.9775356220001],[-2.41929012199995,55.977532905],[-2.41929810399995,55.9775301820001],[-2.41930448499994,55.977527465],[-2.41932045999994,55.977522918],[-2.41937963099997,55.9775119350001],[-2.41941642699993,55.9775064190001],[-2.41942122399996,55.9775055040001],[-2.41945002799997,55.9775018120001],[-2.41946443999996,55.977500864],[-2.41948045399994,55.9774999110001],[-2.41950929599994,55.9774998130001],[-2.41952373699996,55.9775015610001],[-2.41953175899994,55.9775024320001],[-2.41970505799998,55.977524304],[-2.41974198099996,55.9775304680001],[-2.41976607499993,55.9775357760001],[-2.41988497099993,55.977565021],[-2.41988818599998,55.9775659090001],[-2.41991227999995,55.977571217],[-2.41992832299997,55.97757296],[-2.41993633499993,55.977572932],[-2.41994433699995,55.977572007],[-2.41995232899995,55.9775701820001],[-2.41996031199994,55.97756746],[-2.41998902799997,55.9775556820001],[-2.42011405199997,55.977558849],[-2.42014771199996,55.9775596330001],[-2.42029989799994,55.9775555200001],[-2.42036560499997,55.977556194],[-2.42042481499993,55.977548805],[-2.42061523399997,55.977523896],[-2.42061843799996,55.977523885],[-2.42065845899998,55.977520154],[-2.42069850799993,55.9775191190001],[-2.42073857699995,55.977519881],[-2.42079950599998,55.977523266],[-2.42081553999998,55.97752411],[-2.42083317499993,55.9775249480001],[-2.42085242299993,55.97752668],[-2.42088773399996,55.9775319500001],[-2.42090699199997,55.9775345800001],[-2.42092306399996,55.977539017],[-2.42094072899994,55.9775425510001],[-2.42097289399993,55.977553223],[-2.42098898599994,55.977559457],[-2.42100026099996,55.9775648090001],[-2.42112429799994,55.9776245840001],[-2.42115644399996,55.9776334580001],[-2.42115809499995,55.977637945],[-2.42116135799995,55.977643325],[-2.42116623399994,55.977649598],[-2.42117434299996,55.9776585550001],[-2.42117919899994,55.9776630310001],[-2.42118565799996,55.977667501],[-2.42119372799993,55.9776728640001],[-2.42120178899995,55.9776773290001],[-2.42120983999996,55.977680895],[-2.42121627899996,55.9776835690001],[-2.42129191299995,55.9777129600001],[-2.42129512699995,55.9777138480001],[-2.42130156599995,55.977716521],[-2.42130960699996,55.977719189],[-2.42132246499995,55.9777227390001],[-2.42133049699993,55.9777245080001],[-2.42133850899995,55.9777244810001],[-2.42134811299996,55.9777235500001],[-2.42135291999995,55.9777235330001],[-2.42149522899996,55.977695194],[-2.42150644599997,55.977695155],[-2.42151126299996,55.977696037],[-2.42151608899997,55.9776978180001],[-2.42152572299995,55.9776995820001],[-2.42153694899997,55.9777004420001],[-2.42158502099994,55.9777002770001],[-2.42159945199995,55.9777011260001],[-2.42161387299996,55.9777010770001],[-2.42162831399997,55.9777028250001],[-2.42164274499993,55.9777036740001],[-2.42165719599996,55.97770632],[-2.42167005399995,55.9777098700001],[-2.42167808599993,55.9777116390001],[-2.42174561999997,55.9777329710001],[-2.42175204999995,55.9777347460001],[-2.42176009099995,55.977737414],[-2.42176812199995,55.977739184],[-2.42177774599998,55.977740049],[-2.42178576799995,55.97774092],[-2.42179539199998,55.9777417860001],[-2.42180500599994,55.977741753],[-2.42181461099995,55.977740822],[-2.42182101099996,55.9777399010001],[-2.42192020099998,55.977725186],[-2.42193940099997,55.9777224250001],[-2.42194581999996,55.9777233010001],[-2.42195063699995,55.9777241830001],[-2.42200526499994,55.977737473],[-2.42201329599993,55.977739243],[-2.42201971499998,55.977740119],[-2.42202773699995,55.97774099],[-2.42204215799995,55.977740941],[-2.42205015999997,55.9777400150001],[-2.42205655999993,55.9777390950001],[-2.42206455299993,55.97773727],[-2.42209648299996,55.977726379],[-2.42216350799993,55.9777009920001],[-2.42222104699994,55.9776873180001],[-2.42231376899997,55.977667233],[-2.42232335399996,55.9776645050001],[-2.42235528399993,55.9776536140001],[-2.42236007199995,55.9776518],[-2.42238560199996,55.97764183],[-2.42240631499993,55.977630977],[-2.42246514299995,55.977588547],[-2.42250502599995,55.9775722370001],[-2.42253836199995,55.9775433720001],[-2.42253995399994,55.9775424680001],[-2.42254790699997,55.977537049],[-2.42256703799995,55.9775279990001],[-2.42257661299993,55.9775243720001],[-2.42258300299994,55.977522553],[-2.42276175199993,55.9774563510001],[-2.42284314899996,55.9774264220001],[-2.42284474199994,55.9774255180001],[-2.42286068699997,55.977418276],[-2.42287340799993,55.9774092470001],[-2.42288292399996,55.9774002300001],[-2.42301436999998,55.977257819],[-2.42304278099994,55.9772181880001],[-2.42310297399996,55.977154189],[-2.42310294399994,55.9771514940001],[-2.42310767299995,55.9771442900001],[-2.42311241099998,55.9771379840001],[-2.42312509299995,55.977125362],[-2.42314099799995,55.977114525],[-2.42315055399996,55.977109102],[-2.42316968399996,55.977100051],[-2.42318085099993,55.97709552],[-2.42318724099994,55.977093702],[-2.42329901299996,55.977057378],[-2.42331974499996,55.977048322],[-2.42332451299995,55.9770447120001],[-2.42332927099994,55.9770402030001],[-2.42333243599995,55.977036598],[-2.42333874799994,55.9770275920001],[-2.42333870799996,55.977023998],[-2.42334962999996,55.976997006],[-2.42338470499993,55.976980713],[-2.42339611399996,55.9769542590001],[-2.42352588599994,55.9768642340001],[-2.42354356299995,55.9768542],[-2.42357578199994,55.976840522],[-2.42365282799994,55.9768085410001],[-2.42366413499997,55.976802123],[-2.42368493799995,55.9767848910001],[-2.42378442199993,55.976709435],[-2.42379397599996,55.9767039220001],[-2.42380194899994,55.9767003010001],[-2.42383102099996,55.9766919350001],[-2.42390803399996,55.9766716330001],[-2.42400304299997,55.9766557630001],[-2.42401104299995,55.9766547470001],[-2.42402560499994,55.9766529],[-2.42404001499995,55.976651862],[-2.42405298399996,55.9766509190001],[-2.42406741399998,55.9766516780001],[-2.42408183499992,55.9766516280001],[-2.42409642599995,55.976652476],[-2.42410926399998,55.9766541390001],[-2.42412867199994,55.9766558700001],[-2.42420906499996,55.9766661950001],[-2.42428162599992,55.976678344],[-2.42454591599994,55.97672721],[-2.42458460999995,55.9767341740001],[-2.42463778399997,55.97674648],[-2.42470704999994,55.9767649290001],[-2.42472005799993,55.9767675800001],[-2.42475699999994,55.9767754490001],[-2.42481671299993,55.9767849470001],[-2.42482634699996,55.976786711],[-2.42483437799996,55.97678848],[-2.42484401199994,55.976790244],[-2.42485060999996,55.9767928270001],[-2.42485865099997,55.976795494],[-2.42486508999997,55.976798167],[-2.42486993699993,55.976801745],[-2.42487639499996,55.9768062150001],[-2.42487964899993,55.976810696],[-2.42488450599996,55.9768152610001],[-2.42488598799997,55.97681885],[-2.42488765899998,55.9768251340001],[-2.42488464199994,55.976842215],[-2.42488138599992,55.9768522000001],[-2.42487515299996,55.9768828590001],[-2.42487359999996,55.9768873570001],[-2.42487348999992,55.97689194],[-2.42487514099997,55.976896427],[-2.42487838499994,55.9769000090001],[-2.42488163899998,55.97690449],[-2.42488488299995,55.9769080730001],[-2.42488971999995,55.976910752],[-2.42489456699997,55.9769143290001],[-2.42490423999993,55.9769196870001],[-2.42491406299996,55.9769241450001],[-2.42492531799996,55.9769276100001],[-2.42493497199996,55.976931171],[-2.42495746399993,55.9769364840001],[-2.42497047199993,55.9769391350001],[-2.42498009499997,55.9769399100001],[-2.42501233199994,55.9769424950001],[-2.42505413099997,55.976940374],[-2.42508471499997,55.9769383820001],[-2.42509928699997,55.976937433],[-2.42513145299995,55.976933548],[-2.42514584399993,55.9769308030001],[-2.42517476699993,55.976923426],[-2.42518450999995,55.9769206070001],[-2.42522140499995,55.976909608],[-2.42523098899994,55.9769067890001],[-2.42523913099996,55.976904066],[-2.42525831899997,55.9769003160001],[-2.42527768699995,55.9768984520001],[-2.42528410599994,55.976899238],[-2.42534536399995,55.97690343],[-2.42535338399995,55.976904211],[-2.42538389799995,55.9769103950001],[-2.42546457999993,55.976932398],[-2.42550963199994,55.9769492240001],[-2.42566315299996,55.9770230880001],[-2.42566798999997,55.977025767],[-2.42570983899998,55.977042693],[-2.42575021499994,55.97705684],[-2.42579537799998,55.977069172],[-2.42584371599997,55.9770787990001],[-2.42585174799996,55.9770805680001],[-2.42585181999993,55.9770805790001],[-2.42586795999995,55.9770831170001],[-2.42588241099998,55.977085763],[-2.42591465699996,55.977089156],[-2.42594688299994,55.977090751],[-2.42595970199994,55.9770907070001],[-2.42614949399996,55.9770822340001],[-2.42623974399993,55.9770853360001],[-2.42633162499993,55.977091038],[-2.42634285199995,55.977091898],[-2.42638931799996,55.9770915570001],[-2.42641519499995,55.9770986550001],[-2.42649609699993,55.977140514],[-2.42650092399992,55.977142294],[-2.42654121899994,55.977163628],[-2.42656025899993,55.977175602],[-2.42657832999993,55.9771868610001],[-2.42659773799994,55.9772030560001],[-2.42660582799994,55.9772102160001],[-2.42662856799996,55.97723799],[-2.42664633099997,55.977264883],[-2.42666588699996,55.9772945550001],[-2.42666751899998,55.9772972440001],[-2.42668206699994,55.97732325],[-2.42669187899997,55.9773557410001],[-2.42669354899994,55.9773764000001],[-2.42669069499993,55.9773937510001],[-2.42669039199995,55.9773953690001],[-2.42668260599993,55.9774304370001],[-2.42673795699994,55.977552888],[-2.42673956899995,55.977553781],[-2.42674125099995,55.977560963],[-2.42674463399993,55.977577124],[-2.42674951999993,55.977584295],[-2.42675760099996,55.9775905560001],[-2.42676565299996,55.977594122],[-2.42685427899994,55.9776242730001],[-2.42685910499995,55.977625964],[-2.42687698999993,55.9776348870001],[-2.42688667399995,55.977641142],[-2.42695917499998,55.977691206],[-2.42696887899996,55.977699349],[-2.42698494099994,55.977717263],[-2.42703625399997,55.977764075],[-2.42717246199993,55.9778658500001],[-2.42719182199994,55.9778631780001],[-2.42719493599998,55.9778694560001],[-2.42719804099994,55.977874926],[-2.42720291799998,55.9778811990001],[-2.42720922799992,55.9778866570001],[-2.42721409499995,55.9778921210001],[-2.42721878199995,55.977895699],[-2.42725238299994,55.9779202010001],[-2.42725546599996,55.977938249],[-2.42728281699993,55.977962683],[-2.42728888399995,55.9780042620001],[-2.42729053699998,55.9780088380001],[-2.42729364099995,55.9780142180001],[-2.42730646099994,55.9780287290001],[-2.42736886899996,55.9780934730001],[-2.42737016599995,55.9780948160001],[-2.42737177899994,55.9780957090001],[-2.42737809699997,55.9781019770001],[-2.42738600899997,55.9781074300001],[-2.42739568399998,55.9781128770001],[-2.42740359599998,55.9781182400001],[-2.42741486299997,55.978122784],[-2.42742436799995,55.978127333],[-2.42743240899995,55.9781300000001],[-2.42745799799997,55.978139975],[-2.42746589999996,55.9781444400001],[-2.42747074699997,55.978148107],[-2.42747544399992,55.9781525830001],[-2.42747866899992,55.978154368],[-2.42752645099995,55.9782005640001],[-2.42753279999994,55.9782096170001],[-2.42753759699997,55.9782231670001],[-2.42754227399996,55.978240402],[-2.42755668599995,55.9782684740001],[-2.42755673499994,55.9782729670001],[-2.42755026499998,55.978281974],[-2.42754710099996,55.9782856690001],[-2.42754378499995,55.9782901720001],[-2.42754224199996,55.9782955690001],[-2.42754068999994,55.978300156],[-2.42753753499994,55.97830466],[-2.42749572099996,55.9783491000001],[-2.42749414799994,55.978351801],[-2.42748767799998,55.9783608980001],[-2.42748613599997,55.9783663840001],[-2.42748583799994,55.9784119380001],[-2.42748075999998,55.9784310030001],[-2.42747917799994,55.9784328960001],[-2.42748068099996,55.978438371],[-2.42748233299994,55.9784428580001],[-2.42748543799996,55.9784483280001],[-2.42749013599996,55.978452894],[-2.42749160899996,55.978455674],[-2.42749323099997,55.9784574650001],[-2.42749958099995,55.9784666080001],[-2.42750895599994,55.9784738530001],[-2.42751524599993,55.9784775150001],[-2.42752167599997,55.9784793790001],[-2.42754866899998,55.9784858450001],[-2.42755332599995,55.9784867270001],[-2.42755655099995,55.9784885130001],[-2.42755978599996,55.9784912870001],[-2.42756301099996,55.978493072],[-2.42756288099997,55.978495858],[-2.42756451299994,55.9784985480001],[-2.42756383499994,55.978553268],[-2.42756534899996,55.9785597320001],[-2.42756846399993,55.9785661000001],[-2.42757156899995,55.97857157],[-2.42757468399998,55.9785779380001],[-2.42758734599994,55.978592629],[-2.42758888799995,55.9786016990001],[-2.42759178399996,55.978617232],[-2.42759341699997,55.9786200120001],[-2.42759490899994,55.978624499],[-2.42759639099995,55.9786281780001],[-2.42760123899996,55.9786318450001],[-2.42760432399996,55.9786354280001],[-2.42760755899997,55.9786382020001],[-2.42762029899995,55.9786454360001],[-2.42763317799995,55.9786508720001],[-2.42763960799994,55.9786526460001],[-2.42764762999997,55.9786535170001],[-2.42765388899994,55.978654394],[-2.42766191099997,55.9786552640001],[-2.42766991399998,55.978654428],[-2.42776102299996,55.978647912],[-2.42776582099998,55.9786469970001],[-2.42777044799993,55.9786451840001],[-2.42777364299997,55.978644274],[-2.42777681799993,55.9786415680001],[-2.42778000399994,55.97863985],[-2.42778157599997,55.9786371490001],[-2.42778475099993,55.978634442],[-2.42778806599995,55.9786298490001],[-2.42779117199996,55.9786208530001],[-2.42779109299994,55.978584734],[-2.42779423699994,55.9785792430001],[-2.42779742199997,55.978577435],[-2.42779898499992,55.9785738350001],[-2.42780231999996,55.9785711280001],[-2.42780709799996,55.978568416],[-2.42781027299998,55.9785657100001],[-2.42781505999994,55.9785638960001],[-2.42782785999998,55.9785620550001],[-2.42785332899996,55.978561158],[-2.42785492199994,55.9785602540001],[-2.42786133099997,55.9785602320001],[-2.42786772099993,55.978558412],[-2.42787412099995,55.978557492],[-2.42787889799996,55.9785547800001],[-2.42788209299994,55.97855387],[-2.42790904599997,55.978542186],[-2.42792972799998,55.978543103],[-2.42794575199997,55.9785430470001],[-2.42798386299995,55.9785404890001],[-2.42799347699997,55.978540455],[-2.42799813399995,55.9785413380001],[-2.42800134999993,55.978542315],[-2.42800617699993,55.9785440950001],[-2.42800939199998,55.9785449820001],[-2.42807049099997,55.9785781040001],[-2.42809615899995,55.9785951750001],[-2.42811390499998,55.978605896],[-2.42825559299996,55.9786665],[-2.42826687899998,55.97867275],[-2.42827963799994,55.97868169],[-2.42829743399994,55.978696993],[-2.42830389399995,55.9787014620001],[-2.42831357799997,55.9787077180001],[-2.42833292599994,55.978718433],[-2.42834435299994,55.9787228850001],[-2.42835240499994,55.9787264510001],[-2.42835561899994,55.978727339],[-2.42837799199998,55.978736246],[-2.42840208899997,55.978741643],[-2.42840530399997,55.97874253],[-2.42843254499996,55.9787424350001],[-2.42844054699998,55.978741509],[-2.42845015199993,55.9787405770001],[-2.42845814499998,55.978738842],[-2.42846293199995,55.9787370280001],[-2.42848833099993,55.978729752],[-2.42849153599997,55.9787297410001],[-2.42849792699997,55.978728012],[-2.42850592899993,55.978727086],[-2.42851394099995,55.9787270580001],[-2.42852196299998,55.9787279280001],[-2.42852997499995,55.9787279000001],[-2.42857631499993,55.978730435],[-2.42861485399993,55.9787375780001],[-2.42864377699993,55.9787446650001],[-2.42864859399998,55.9787455470001],[-2.42865823799997,55.9787482090001],[-2.42866627999996,55.978750877],[-2.42868238399996,55.9787580080001],[-2.42868883299997,55.9787615800001],[-2.42869206799998,55.9787642640001],[-2.42871289899995,55.9787786570001],[-2.42872259299997,55.9787858110001],[-2.42873870699998,55.978793841],[-2.42881942599996,55.978833094],[-2.42882908999997,55.9788375520001],[-2.42884505499995,55.9788465720001],[-2.42885312699997,55.978851934],[-2.42885959599994,55.978857303],[-2.42886447199993,55.978863485],[-2.42886771699995,55.9788670680001],[-2.42889545499997,55.9789118950001],[-2.42893448999996,55.9789638710001],[-2.42893611199997,55.978965573],[-2.42893939599998,55.978972749],[-2.42894427299996,55.978979022],[-2.42894610499997,55.978985305],[-2.42894778799996,55.978992487],[-2.42894840399993,55.9790337250001],[-2.42894721999994,55.9790714650001],[-2.42894726999998,55.9790759570001],[-2.42894911099995,55.9790830490001],[-2.42895078299995,55.9790893320001],[-2.42895406699995,55.979096509],[-2.42895734199993,55.979102787],[-2.42896222899998,55.979109957],[-2.42896708499995,55.979114343],[-2.42897196199993,55.979120616],[-2.42899283299994,55.979138602],[-2.42900575199997,55.9791475420001],[-2.42902993799993,55.979160935],[-2.42904442999998,55.9791671740001],[-2.42909433399996,55.979187665],[-2.42910882699994,55.9791939940001],[-2.42913300299995,55.979206489],[-2.42913623599998,55.9792090830001],[-2.42915398299994,55.979219803],[-2.42916694199994,55.9792323360001],[-2.42918803199996,55.979255623],[-2.42919615399995,55.9792654780001],[-2.42922690899996,55.9792932240001],[-2.42923015299993,55.9792968070001],[-2.42923668299994,55.979307566],[-2.42923697199996,55.9793192450001],[-2.42923863499993,55.9793246300001],[-2.42924055499998,55.9793532850001],[-2.42923743899996,55.979361382],[-2.42923294099995,55.979389251],[-2.42923301999997,55.979396438],[-2.42923469199997,55.979402722],[-2.42923635499994,55.979408107],[-2.42923962899994,55.979414385],[-2.42924289399997,55.9794197640001],[-2.42924791099995,55.9794242390001],[-2.42925277799998,55.979429613],[-2.42926248199996,55.9794375760001],[-2.42928184999994,55.979450087],[-2.42930119899995,55.9794608010001],[-2.42932698799996,55.979474189],[-2.42934484399996,55.9794947920001],[-2.42934971099993,55.979500166],[-2.42936731699996,55.9795126830001],[-2.42938827799998,55.97952429],[-2.42940761799997,55.979534196],[-2.42943013199994,55.9795413050001],[-2.42946066899998,55.9795492850001],[-2.42946388299993,55.9795501720001],[-2.42947835499996,55.9795546140001],[-2.42953954699993,55.979581356],[-2.42955243799997,55.9795876900001],[-2.42959742499994,55.9796126900001],[-2.42960063999993,55.9796135780001],[-2.42960707999993,55.979616251],[-2.42961511199996,55.97961802],[-2.42962313399994,55.97961889],[-2.42962634899993,55.979619777],[-2.42964722099993,55.9796232990001],[-2.42966647999998,55.979625927],[-2.42967774699997,55.9796303800001],[-2.42970030199996,55.9796411730001],[-2.42971788899996,55.979651893],[-2.42975985199996,55.9796787010001],[-2.42978565999994,55.9796938860001],[-2.42980676199994,55.9797036950001],[-2.42981320199993,55.9797063680001],[-2.42982286699993,55.9797108270001],[-2.42983251099997,55.9797134890001],[-2.42984216599996,55.979717049],[-2.42985018799993,55.9797179190001],[-2.42985340299992,55.979718807],[-2.42985966399993,55.9797197730001],[-2.42987408599993,55.9797197230001],[-2.42988848799996,55.9797178760001],[-2.42989487799997,55.979716056],[-2.42989788399996,55.9797125420001],[-2.42989786399994,55.979710745],[-2.42989561299993,55.9796523520001],[-2.42989400099998,55.9796514590001],[-2.42988751099995,55.9796442940001],[-2.42988587899993,55.9796416040001],[-2.42988423599996,55.9796380160001],[-2.42988416799994,55.9796318160001],[-2.42988982099996,55.979578067],[-2.42993139299995,55.9795841220001],[-2.42995065399992,55.9795868400001],[-2.43000196199995,55.9795893560001],[-2.43000357399995,55.9795902490001],[-2.43001142699995,55.979590312],[-2.43001785699994,55.9795920860001],[-2.43002267499998,55.9795929680001],[-2.43002911399998,55.9795956410001],[-2.43003394199997,55.9795974210001],[-2.43003877899997,55.9796001],[-2.43004202399993,55.9796036820001],[-2.43009715499994,55.9796474250001],[-2.43010364499997,55.979654591],[-2.43010853199996,55.979661761],[-2.43012490599995,55.979693151],[-2.43013306799998,55.9797066],[-2.43014930199996,55.9797254110001],[-2.43016242999994,55.979738753],[-2.43027244599995,55.979832709],[-2.43027729299996,55.9798362860001],[-2.43028536499997,55.979841649],[-2.43029342799997,55.9798462030001],[-2.43030133999997,55.979851566],[-2.43030939299996,55.9798551320001],[-2.43032870199994,55.979862252],[-2.43033834699997,55.9798649140001],[-2.43033995899998,55.9798658070001],[-2.43034799199995,55.9798675760001],[-2.43035761599998,55.9798684410001],[-2.43036564899995,55.9798702090001],[-2.43039272999994,55.979870115],[-2.43040073399993,55.9798692780001],[-2.43040554099997,55.979869261],[-2.43045831399996,55.979859284],[-2.43049011299996,55.9798510860001],[-2.43057306299994,55.97983121],[-2.43057785999997,55.9798302940001],[-2.43058586399997,55.979829458],[-2.43060653499992,55.9798293860001],[-2.43061296499997,55.9798311600001],[-2.43061938499994,55.9798320360001],[-2.43065152399993,55.97984001],[-2.43068369299993,55.979850679],[-2.43071267899995,55.9798632470001],[-2.43073686499997,55.9798766390001],[-2.43083692799996,55.979940082],[-2.43083853999997,55.979940974],[-2.43084659299996,55.9799445400001],[-2.43085465499996,55.979949004],[-2.43086430999995,55.9799525650001],[-2.43087235199994,55.9799552320001],[-2.43088199799996,55.9799579830001],[-2.43093487899995,55.9799721740001],[-2.43094292099994,55.9799748410001],[-2.43096064799994,55.9799837640001],[-2.43100737999993,55.9800069610001],[-2.43102010099994,55.980012398],[-2.43103939999997,55.9800186190001],[-2.43104421799995,55.9800195010001],[-2.43106993699996,55.980026599],[-2.43109561699993,55.980030103],[-2.43113891399997,55.980032737],[-2.43114853899993,55.980033602],[-2.43117743399995,55.9800379930001],[-2.43120330399995,55.980044192],[-2.43124204199995,55.980054748],[-2.43126312499993,55.9800627610001],[-2.43134780199995,55.9800972350001],[-2.43148935599993,55.9801592740001],[-2.43151205999993,55.9801689880001],[-2.43155437399997,55.980184024],[-2.43159167099998,55.980194585],[-2.43160469099996,55.980198134],[-2.43163696999994,55.9802042200001],[-2.43165317399996,55.9802058700001],[-2.43169199299996,55.980209238],[-2.43170018599994,55.980211007],[-2.43171480799992,55.980214549],[-2.43174229999994,55.98022245],[-2.43174725799997,55.9802215340001],[-2.43175365699994,55.9802205230001],[-2.43176006599992,55.9802205010001],[-2.43176648599996,55.9802213770001],[-2.43177145399994,55.980221359],[-2.43177627199998,55.980222241],[-2.43181194699997,55.9802311000001],[-2.43181531099998,55.9802309990001],[-2.43182174099996,55.9802327730001],[-2.43183952799995,55.980232711],[-2.43184753099996,55.9802317840001],[-2.43185393099998,55.9802308640001],[-2.43186047999995,55.980228954],[-2.43186526699998,55.9802271400001],[-2.43187164799997,55.9802245120001],[-2.43187960999995,55.9802199920001],[-2.43191647699996,55.9801920100001],[-2.43192600199995,55.98018389],[-2.43193391399996,55.9801748770001],[-2.43195137999993,55.980145975],[-2.43195295299995,55.9801432740001],[-2.43195288199996,55.9801369850001],[-2.43195126099994,55.980135283],[-2.43195108099997,55.980133487],[-2.43194781599993,55.980128108],[-2.43194130499995,55.980119146],[-2.43193629799993,55.9801155690001],[-2.43193144099996,55.9801111840001],[-2.43192660399995,55.980108505],[-2.43189888199993,55.9800943170001],[-2.43189387399997,55.98009074],[-2.43188903699996,55.980088062],[-2.43188254699993,55.9800808970001],[-2.43188090399997,55.9800773090001],[-2.43185228199997,55.9800111010001],[-2.43181973399993,55.979980846],[-2.43181632799997,55.9799772640001],[-2.43181469599995,55.979974575],[-2.43181462599995,55.979968286],[-2.43181777099994,55.979962974],[-2.43182094599996,55.9799602670001],[-2.43182252899993,55.979958465],[-2.43182571399996,55.9799566560001],[-2.43183067099994,55.979955741],[-2.43183705999996,55.979953831],[-2.43185164299996,55.9799537800001],[-2.43187424599995,55.97995451],[-2.43191792299996,55.9799623530001],[-2.43194716699998,55.979969349],[-2.43197145399995,55.9799773500001],[-2.43220062099994,55.9800639680001],[-2.43221526399998,55.9800693080001],[-2.43226399799994,55.98008522],[-2.43229968299994,55.9800948880001],[-2.43232393899996,55.980100104],[-2.43239040999993,55.9801113710001],[-2.43242445199996,55.9801174510001],[-2.43245193299992,55.980124453],[-2.43253972699995,55.980150919],[-2.43255758399994,55.9801570560001],[-2.43268256499994,55.9801985760001],[-2.43269882099997,55.980204809],[-2.43278130599992,55.9802294070001],[-2.43280076599996,55.9802356280001],[-2.43285870499994,55.980257796],[-2.43293702599993,55.9802825890001],[-2.43297220099993,55.9802896530001],[-2.43301050099996,55.980303894],[-2.43307096399997,55.9803224600001],[-2.43307578199995,55.980323341],[-2.43324967099994,55.980367475],[-2.43325432799998,55.980368357],[-2.43335636699993,55.9803931550001],[-2.43346009799995,55.9804115690001],[-2.43349835799995,55.9804222160001],[-2.43364344399993,55.9804557580001],[-2.43372313899994,55.9804743450001],[-2.43379968799997,55.980498245],[-2.43386193599997,55.980518691],[-2.43396094999997,55.980559493],[-2.43397850799994,55.9805675170001],[-2.43410763299994,55.98062536],[-2.41463902999993,55.9924632840001],[-2.41296241499992,55.9935157940001],[-2.38886758099994,56.00863266],[-2.38741748299998,56.009541907],[-2.38534577399997,56.0099156110001],[-2.36308914199998,56.013927698],[-2.36287560099993,56.0139661690001],[-2.36265855499994,56.0139978930001],[-2.23854592799995,56.032067123],[-2.23804422699993,56.0321398770001],[-2.23752997799994,56.0321758850001],[-2.10138651499994,56.04163106],[-2.07761780099997,56.0468766970001],[-2.01513827999997,56.092182914],[-1.99453280799997,56.108939401],[-1.99453285499993,56.1089394470001],[-1.99453275399998,56.1089394480001],[-1.73741667399997,56.1156367400001],[-1.58548653699995,56.150256497],[-1.58546768199994,56.1507697430001],[-1.58544841399993,56.1512941870001],[-1.58541668599997,56.1521576870001],[-1.58384927999992,56.1669752400001],[-1.58305102099996,56.188648696],[-1.58428446299996,56.2107257490001],[-1.58582031999993,56.2246277040001],[-1.58645910099995,56.2350958210001],[-1.58852693899996,56.2438684590001],[-1.59171041699994,56.259500793],[-1.59656318499998,56.2762930970001],[-1.60238326799993,56.2948078100001],[-1.60773224399998,56.3076110590001],[-1.61498602799998,56.324619587],[-1.62205461799994,56.3374413160001],[-1.62781976799994,56.348536435],[-1.63977705599996,56.3686383350001],[-1.65214997599998,56.3870317500001],[-1.66299356899998,56.4004624090001],[-1.67316542199995,56.413694675],[-1.69133023999996,56.4342377300001],[-1.67362424699996,56.439945563],[-1.65381984999993,56.4465790940001],[-1.63363114099997,56.454156213],[-1.61308410299995,56.461916274],[-1.58900949399992,56.4719152120001],[-1.56562373799994,56.481537125],[-1.46080768499996,56.4896015530001],[-1.43233329499998,56.446451499],[-1.36154687599998,56.3383996090001],[-1.34741940899994,56.3167574710001],[-1.24532563499997,56.1595893140001]],[[-2.42960103099995,55.9798799760001],[-2.42958980399993,55.9798791160001],[-2.42956913199993,55.979879188],[-2.42956593599996,55.9798800080001],[-2.42956434299992,55.9798809120001],[-2.42956114799995,55.979881822],[-2.42955794299996,55.979881833],[-2.42955633099996,55.97988094],[-2.42945986299998,55.9798524350001],[-2.42945343299994,55.9798506610001],[-2.42943412399995,55.97984354],[-2.42942607199996,55.9798399740001],[-2.42941010799996,55.9798310450001],[-2.42940364799995,55.9798265750001],[-2.42939878099997,55.979821201],[-2.42937268299994,55.979794338],[-2.42929352599998,55.9797227350001],[-2.42929028099996,55.9797191530001],[-2.42928526399993,55.9797146780001],[-2.42927880399998,55.979710208],[-2.42927075299997,55.9797067320001],[-2.42926430299997,55.97970316],[-2.42925948499993,55.9797021890001],[-2.42925641999994,55.979700402],[-2.42924183799994,55.9797004530001],[-2.42923864299996,55.9797013630001],[-2.42924176799994,55.9796941640001],[-2.42924493299995,55.9796905590001],[-2.42924810799997,55.979687853],[-2.42924808799995,55.979686056],[-2.42925126299997,55.979683349],[-2.42925284699993,55.9796816370001],[-2.42925279699995,55.979677144],[-2.42925117499993,55.9796753530001],[-2.42924793999993,55.9796726690001],[-2.42919980799996,55.97965307],[-2.42919818499996,55.9796512790001],[-2.42919495999996,55.9796494930001],[-2.42919332699995,55.9796467130001],[-2.42918849999995,55.979644933],[-2.42914989199994,55.979631591],[-2.42914506399995,55.9796298100001],[-2.42913864399998,55.9796289340001],[-2.42913063099996,55.979628872],[-2.42912585399995,55.9796315840001],[-2.42912576299994,55.979637874],[-2.42912739499997,55.9796405640001],[-2.42908897699994,55.9796299160001],[-2.42908414999994,55.979628136],[-2.42907949299996,55.979627253],[-2.42907627699998,55.979626276],[-2.42907146999994,55.9796262930001],[-2.42906188499995,55.979629022],[-2.42899972599997,55.979659697],[-2.42899494899996,55.9796624090001],[-2.42899353699994,55.9796651090001],[-2.42899195299998,55.9796668220001],[-2.42899186199998,55.9796731120001],[-2.42898543299998,55.9796713370001],[-2.42898077699994,55.979670545],[-2.42897918399996,55.9796714490001],[-2.42897923299995,55.9796758510001],[-2.42896349699993,55.979701962],[-2.42895256899993,55.97971368],[-2.42895425999995,55.979721671],[-2.42896565599995,55.9797377140001],[-2.42896084899996,55.9797378200001],[-2.42895766399994,55.9797396280001],[-2.42895286699996,55.979740543],[-2.42894968199994,55.9797423520001],[-2.42894666699993,55.9797450570001],[-2.42894508399996,55.97974686],[-2.42894197799995,55.979755766],[-2.42894531199994,55.9797674340001],[-2.42894863599997,55.9797782050001],[-2.42895373199997,55.979804243],[-2.42895375199993,55.97980604],[-2.42895703599993,55.9798131260001],[-2.42896027099994,55.97981581],[-2.42896849299996,55.9798202740001],[-2.42897315999994,55.9798220550001],[-2.42897959099997,55.9798239190001],[-2.42899242999994,55.9798256710001],[-2.42902770399996,55.979827346],[-2.42904051399995,55.9798264030001],[-2.42904837699996,55.979827363],[-2.42912555399994,55.9798504550001],[-2.42913038199993,55.9798522350001],[-2.42913503899996,55.9798531180001],[-2.42915106399994,55.979853152],[-2.42915746399996,55.9798522310001],[-2.42916065899993,55.9798513210001],[-2.42919457999994,55.9798754620001],[-2.42920102899996,55.9798790340001],[-2.42920748899996,55.9798835030001],[-2.42921553099995,55.979886171],[-2.42922358299995,55.9798897370001],[-2.42929113599996,55.9799119630001],[-2.42932491699997,55.9799235260001],[-2.42933455199994,55.9799252890001],[-2.42934243499997,55.979928047],[-2.42934888499997,55.9799316190001],[-2.42935693699997,55.9799351840001],[-2.42936178399998,55.9799387620001],[-2.42937474299993,55.979951295],[-2.42937653599995,55.9799539840001],[-2.42937961999996,55.979957567],[-2.42938461799997,55.979960245],[-2.42938944499997,55.9799620260001],[-2.42939105799996,55.9799629180001],[-2.42946163499994,55.9799833380001],[-2.42946646299993,55.9799852080001],[-2.42947128099996,55.9799860890001],[-2.42947769099993,55.979986067],[-2.42948250799998,55.9799869490001],[-2.42948890799994,55.979986028],[-2.42949371499998,55.9799860110001],[-2.42949852199996,55.98000037],[-2.42957712399993,55.9800073740001],[-2.42958825099993,55.9799992490001],[-2.42966026299996,55.9800044780001],[-2.42968270899996,55.9800053880001],[-2.42968913899995,55.980007163],[-2.42975030199995,55.9800312080001],[-2.42981917799995,55.9800427380001],[-2.42987210999996,55.980047046],[-2.42987691699994,55.980047029],[-2.42988317799995,55.9800479960001],[-2.42989117999997,55.9800470690001],[-2.42989757999993,55.980046149],[-2.42991177299996,55.980025434],[-2.42989726099995,55.980017398],[-2.42988565399997,55.979996774],[-2.42988074699997,55.9799878060001],[-2.42986618599997,55.9799753680001],[-2.42986294099995,55.979971785],[-2.42981927599993,55.9799359990001],[-2.42981603099997,55.9799324160001],[-2.42980957099996,55.979927946],[-2.42979505899996,55.97991991],[-2.42978717699998,55.9799172420001],[-2.42977912499992,55.9799136770001],[-2.42977108299993,55.979911009],[-2.42976144699998,55.9799091560001],[-2.42975983499997,55.979908263],[-2.42964597999998,55.9798870070001],[-2.42962991499996,55.9798834690001],[-2.42960103099995,55.9798799760001]],[[-2.42866054099994,55.9791589860001],[-2.42862043999997,55.979155532],[-2.42861563299994,55.979155549],[-2.42861243799996,55.979156458],[-2.42861085499993,55.9791582610001],[-2.42861089399997,55.9791617650001],[-2.42860298199997,55.9791708670001],[-2.42860142999996,55.9791753650001],[-2.42860161999994,55.979178059],[-2.42860326199997,55.9791816480001],[-2.42860491399995,55.979186134],[-2.42860816899997,55.9791906150001],[-2.42861286499993,55.9791950910001],[-2.42861610899996,55.9791985840001],[-2.42862094599997,55.979201263],[-2.42863063999994,55.9792084170001],[-2.42861324299997,55.979214767],[-2.42861330299996,55.979220157],[-2.42861660599993,55.9792290410001],[-2.42861986099996,55.9792335220001],[-2.42863937799996,55.9792595100001],[-2.42864099099995,55.9792604030001],[-2.42864262299997,55.979263093],[-2.42864585799992,55.9792657770001],[-2.42864908299993,55.9792675630001],[-2.42865391099997,55.9792694330001],[-2.42865712599996,55.9792703200001],[-2.42866194299995,55.9792712020001],[-2.42871326099993,55.979274617],[-2.42873404199997,55.979284428],[-2.42873886899997,55.9792862080001],[-2.42874208399996,55.9792870950001],[-2.42876612099997,55.9792871020001],[-2.42878373799994,55.979286142],[-2.42880277699993,55.97928338],[-2.42880773499996,55.9792824640001],[-2.42881238299998,55.9792825380001],[-2.42882522199994,55.9792842900001],[-2.42887186199994,55.979299402],[-2.42887347499993,55.979300295],[-2.42887814199997,55.9793020760001],[-2.42888150699997,55.9793020640001],[-2.42888456099996,55.9793029520001],[-2.42888775599994,55.979302042],[-2.42889271399997,55.979301127],[-2.42889590899995,55.9793002170001],[-2.42889909399997,55.9792984090001],[-2.42890067699994,55.979296606],[-2.42890224899998,55.9792939050001],[-2.42890200999994,55.979272343],[-2.42890038799993,55.9792705510001],[-2.42889716299993,55.9792687660001],[-2.42886965299994,55.979259068],[-2.42885995899996,55.979251914],[-2.42884377499996,55.979237595],[-2.42884216299996,55.979236702],[-2.42883731599994,55.9792331250001],[-2.42883407099993,55.979229542],[-2.42882763199998,55.9792268690001],[-2.42882440699998,55.9792250830001],[-2.42880670999995,55.979218856],[-2.42880655099998,55.9792044800001],[-2.42880508899998,55.979202689],[-2.42880347599993,55.979201706],[-2.42870213399993,55.9791670180001],[-2.42869746699995,55.9791652370001],[-2.42866856299997,55.9791598570001],[-2.42866054099994,55.9791589860001]],[[-2.42842772999995,55.97910391],[-2.42843092499993,55.9791030010001],[-2.42843732399996,55.9791020800001],[-2.42844531799994,55.9791003450001],[-2.42846294399993,55.979100284],[-2.42848059099992,55.97910202],[-2.42848700099995,55.979101997],[-2.42849165799993,55.97910288],[-2.42849806699996,55.979102857],[-2.42850286499993,55.9791019420001],[-2.42850781399994,55.979100218],[-2.42851084699993,55.979099219],[-2.42851401199994,55.9790956140001],[-2.42851393299998,55.979088426],[-2.42850892699994,55.9790704740001],[-2.42850713399997,55.979067785],[-2.42850551199996,55.9790659940001],[-2.42849908199997,55.9790642190001],[-2.42849426499993,55.9790633370001],[-2.42849105999994,55.9790633490001],[-2.42847662799994,55.9790625000001],[-2.42847668999997,55.979053605],[-2.42843956599995,55.9790294750001],[-2.42843151399995,55.979025909],[-2.42838326099996,55.979009815],[-2.42838164899996,55.979008922],[-2.42837205499995,55.9789963760001],[-2.42836218099995,55.9789874260001],[-2.42834616699997,55.97898838],[-2.42835563199998,55.9789748700001],[-2.42835558299993,55.978970378],[-2.42833603699995,55.978941784],[-2.42833440399994,55.9789390940001],[-2.42832475999995,55.9789364320001],[-2.42831995299997,55.9789364490001],[-2.42829109799993,55.9789355610001],[-2.42831181099996,55.978924707],[-2.42829551799997,55.9789005050001],[-2.42829374599995,55.978899702],[-2.42828725699997,55.978892537],[-2.42827774299997,55.9788871790001],[-2.42827130399996,55.978884506],[-2.42826327199992,55.978882737],[-2.42825683199993,55.9788800640001],[-2.42822474299993,55.978876492],[-2.42822788799998,55.97887109],[-2.42822947099995,55.9788692880001],[-2.42822783899993,55.9788665980001],[-2.42822621699997,55.9788648960001],[-2.42822458499995,55.9788622070001],[-2.42822136099994,55.978860421],[-2.42815520299996,55.978819231],[-2.42815359099995,55.9788183380001],[-2.42814715099996,55.9788156650001],[-2.42813429199992,55.978812116],[-2.42812947499993,55.978811234],[-2.42811357099993,55.9788076950001],[-2.42808307499996,55.978803219],[-2.42801410099997,55.9787971690001],[-2.42800128099998,55.978797124],[-2.42801572499997,55.978784585],[-2.42792738199995,55.9787659340001],[-2.42791454299993,55.978764181],[-2.42790653099996,55.9787642090001],[-2.42789372999994,55.9787659610001],[-2.42789053599995,55.9787668700001],[-2.42788253299994,55.978767797],[-2.42787309899995,55.978769626],[-2.42786510699995,55.9787714510001],[-2.42785872699994,55.9787741690001],[-2.42785394899994,55.978776881],[-2.42784918099994,55.9787804010001],[-2.42784442299995,55.9787849100001],[-2.42784125799994,55.9787885150001],[-2.42783815199994,55.978797511],[-2.42783836199993,55.9788020020001],[-2.42783680899993,55.9788065000001],[-2.42784053899993,55.9788540170001],[-2.42784543599993,55.978862086],[-2.42784865999994,55.978863872],[-2.42785189499995,55.9788665560001],[-2.42785672199994,55.9788683360001],[-2.42786315199993,55.978870111],[-2.42786941099996,55.978870988],[-2.42787422799995,55.97887187],[-2.42787743299994,55.978871858],[-2.42787280599993,55.978873671],[-2.42786800899995,55.9788745870001],[-2.42786482399993,55.978876395],[-2.42785847399995,55.978881808],[-2.42785687999998,55.9788826220001],[-2.42785235199995,55.978893419],[-2.42785246099993,55.978903302],[-2.42786566799992,55.9789382970001],[-2.42787691399997,55.9789409530001],[-2.42786918999997,55.978967036],[-2.42787572899994,55.978978694],[-2.42789203299998,55.9789894190001],[-2.42789364499993,55.9789903120001],[-2.42790015399993,55.978999274],[-2.42790500099994,55.9790028510001],[-2.42791463499998,55.9790046140001],[-2.42793066899998,55.979005457],[-2.42793214999995,55.979008956],[-2.42793539499996,55.9790125390001],[-2.42794024199998,55.9790161160001],[-2.42794348699994,55.979019699],[-2.42794671099995,55.979021484],[-2.42799348099993,55.979048366],[-2.42799993999995,55.9790528360001],[-2.42801928799997,55.9790635510001],[-2.42803214699995,55.9790671000001],[-2.42804981399996,55.9790706320001],[-2.42805458999993,55.9790822960001],[-2.42815436799998,55.979120584],[-2.42815919499998,55.979122364],[-2.42818654699994,55.979132242],[-2.42820582599995,55.9791366680001],[-2.42827487999995,55.9791499950001],[-2.42828917199995,55.979152641],[-2.42829237699993,55.9791526290001],[-2.42829719399992,55.979153511],[-2.42830680899993,55.9791534780001],[-2.42831640299994,55.979151647],[-2.42832436699996,55.979147217],[-2.42832753199997,55.979143612],[-2.42835300099995,55.9791426250001],[-2.42836420799995,55.979141688],[-2.42837861099997,55.9791399310001],[-2.42838020299996,55.979139027],[-2.42838660299998,55.9791381060001],[-2.42839299299993,55.9791362870001],[-2.42839761999994,55.979134474],[-2.42840717499996,55.97912905],[-2.42841192299994,55.979123642],[-2.42842135999996,55.9791075270001],[-2.42842772999995,55.97910391]],[[-2.42159500299994,55.9784702410001],[-2.42158529099993,55.9784612890001],[-2.42156132299993,55.97846766],[-2.42155014599996,55.9784712920001],[-2.42153262699998,55.9784812360001],[-2.42152627599995,55.9784866480001],[-2.42151832199994,55.9784920660001],[-2.42151674899998,55.978494767],[-2.42148972299998,55.978514626],[-2.42148653799995,55.978516434],[-2.42148497499994,55.9785200330001],[-2.42148340199998,55.9785227340001],[-2.42148346999994,55.9785290230001],[-2.42148510199996,55.9785317130001],[-2.42148674299995,55.9785353010001],[-2.42148836499996,55.9785370930001],[-2.42149159999997,55.978539777],[-2.42149323099994,55.9785424670001],[-2.42149806799995,55.978545146],[-2.42150130199997,55.9785478300001],[-2.42151094599996,55.9785504930001],[-2.42151576299995,55.9785513750001],[-2.42153178699994,55.9785513200001],[-2.42153658399997,55.9785504050001],[-2.42154615999993,55.9785467780001],[-2.42154933499995,55.978544072],[-2.42155089899995,55.9785404730001],[-2.42155247199997,55.978537772],[-2.42155403499993,55.9785341730001],[-2.42155704399994,55.9785161930001],[-2.42155858799993,55.9785107970001],[-2.42156325799994,55.9784982020001],[-2.42156641399993,55.9784936990001],[-2.42159509099997,55.9784783270001],[-2.42159668399995,55.9784774230001],[-2.42159826699998,55.97847562],[-2.42159824699996,55.9784738230001],[-2.42159500299994,55.9784702410001]],[[-2.42145875899996,55.9784671130001],[-2.42145858399994,55.9784509410001],[-2.42145999999997,55.9784338650001],[-2.42145990199998,55.97842488],[-2.42145827099995,55.9784221900001],[-2.42145502699998,55.978418608],[-2.42145179299996,55.9784159230001],[-2.42143731199997,55.978410582],[-2.42143249499998,55.9784097],[-2.42142928099997,55.9784088120001],[-2.42141644199995,55.9784070590001],[-2.42140362299995,55.9784071030001],[-2.42139882499993,55.978408018],[-2.42138093499995,55.97838382],[-2.42138091499993,55.9783820230001],[-2.42137768099997,55.9783793390001],[-2.42136800799994,55.9783739810001],[-2.42135837399996,55.9783722170001],[-2.42135356699993,55.9783722340001],[-2.42135037199995,55.9783731430001],[-2.42126393999996,55.978382423],[-2.42125913199993,55.9783824400001],[-2.42124633299994,55.9783842800001],[-2.42123994299993,55.978386099],[-2.42123516499993,55.9783888110001],[-2.42123201899994,55.9783942130001],[-2.42123204799998,55.978396908],[-2.42123531099998,55.978402288],[-2.42123854499994,55.9784049720001],[-2.42124015799993,55.9784058650001],[-2.42125958199995,55.978423768],[-2.42126605999994,55.9784300360001],[-2.42126934299995,55.9784372120001],[-2.42128578699993,55.9784757910001],[-2.42130830899993,55.9784838],[-2.42137555099993,55.978478179],[-2.42145875899996,55.9784671130001]],[[-2.42174320599997,55.9783942610001],[-2.42174531699993,55.9784409750001],[-2.42174533599996,55.9784427720001],[-2.42174697799993,55.9784463600001],[-2.42174860999995,55.9784490500001],[-2.42175023199997,55.978450841],[-2.42175667999993,55.9784544130001],[-2.42177270399998,55.9784543580001],[-2.42177589999994,55.978453449],[-2.42189585499995,55.978432373],[-2.42190065299997,55.978431458],[-2.42191186899993,55.97843142],[-2.42191668599997,55.978432302],[-2.42193112799993,55.978434049],[-2.42195357099996,55.978434871],[-2.42196478799997,55.9784348320001],[-2.42197438299996,55.9784330030001],[-2.42198234599994,55.9784284830001],[-2.42198552099995,55.978425777],[-2.42200451499997,55.978404148],[-2.42201882899997,55.978394216],[-2.42204582599993,55.978371661],[-2.42202327399997,55.9783609570001],[-2.42204229799995,55.978342024],[-2.42204387099997,55.9783393230001],[-2.42204385099996,55.9783375260001],[-2.42204060699993,55.9783339430001],[-2.42203577099997,55.9783312640001],[-2.42197139099994,55.978305429],[-2.42196965099993,55.9782928560001],[-2.42196468699996,55.9782784970001],[-2.42195651899993,55.97826415],[-2.42195489699998,55.9782623580001],[-2.42192402999996,55.9782238290001],[-2.42193998599993,55.9782174850001],[-2.42195109499994,55.9782075640001],[-2.42195426099994,55.978203959],[-2.42198442199998,55.9781778000001],[-2.42200183299997,55.9781579740001],[-2.42200339699997,55.978154374],[-2.42200497899995,55.9781525720001],[-2.42200493999997,55.978148978],[-2.42200650399997,55.9781453790001],[-2.42200321999997,55.9781382020001],[-2.42200320099994,55.978136406],[-2.42201749499998,55.978124676],[-2.42202541899997,55.9781165630001],[-2.42203487699993,55.978102155],[-2.42203803299998,55.978097652],[-2.42206001599993,55.9780562460001],[-2.42206157899994,55.978052647],[-2.42206153999996,55.9780490530001],[-2.42206309299996,55.9780445550001],[-2.42206144199997,55.978040069],[-2.42206140299993,55.9780364750001],[-2.42205976099996,55.978032887],[-2.42209305899996,55.978000427],[-2.42210731399996,55.977985104],[-2.42211989799995,55.9779634980001],[-2.42212621999994,55.97795539],[-2.42215002999995,55.977934643],[-2.42215320599996,55.9779319370001],[-2.42215794399993,55.9779256310001],[-2.42216269299996,55.9779202240001],[-2.42216422699994,55.9779139290001],[-2.42216737299998,55.9779085280001],[-2.42216730399997,55.9779022390001],[-2.42216883799995,55.9778959440001],[-2.42216881799993,55.977894147],[-2.42217020499993,55.977874376],[-2.42216680499996,55.977856418],[-2.42216517299994,55.9778537280001],[-2.42216353099997,55.97785014],[-2.42216028699994,55.9778465570001],[-2.42215381899996,55.9778411880001],[-2.42214898299994,55.977838509],[-2.42214255399995,55.9778367340001],[-2.42213773699996,55.9778358520001],[-2.42212971499993,55.9778349810001],[-2.42212649999993,55.9778340940001],[-2.42203512499998,55.9778308130001],[-2.42202567699997,55.97784612],[-2.42198398599993,55.977843567],[-2.42188650499997,55.9778681600001],[-2.42187051999997,55.977871808],[-2.42186251799995,55.9778727340001],[-2.42185290399993,55.9778727670001],[-2.42184970899996,55.977873677],[-2.42181004999998,55.9779106500001],[-2.42176938599994,55.9780024340001],[-2.42176781299997,55.978005135],[-2.42176625999997,55.9780096330001],[-2.42176642599998,55.978024906],[-2.42176967999995,55.978029388],[-2.42177133099995,55.9780338740001],[-2.42177295299996,55.978035666],[-2.42177191799993,55.9780877810001],[-2.42178803999997,55.978096711],[-2.42179032699994,55.9781595960001],[-2.42178621399995,55.9782234030001],[-2.42176300999995,55.9782998530001],[-2.42174775899997,55.9783708850001],[-2.42177026099995,55.9783770970001],[-2.42174320599997,55.9783942610001]],[[-2.42014323399997,55.978328747],[-2.42029359699995,55.9783039750001],[-2.42029818999993,55.978284193],[-2.42033501599997,55.978281372],[-2.42040205299998,55.9782568840001],[-2.42042119399997,55.978248733],[-2.42042596299996,55.9782451230001],[-2.42042913799997,55.9782424160001],[-2.42044497699993,55.9782252910001],[-2.42050716799997,55.9781972260001],[-2.42051355799993,55.978195407],[-2.42051832599998,55.9781917970001],[-2.42052310399993,55.9781890850001],[-2.42052943599992,55.9781818760001],[-2.42053100899994,55.978179175],[-2.42053727199993,55.978165677],[-2.42056457199993,55.9781709740001],[-2.42060454399996,55.9781627510001],[-2.42061714799996,55.978142942],[-2.42065392499995,55.9781356280001],[-2.42065551799993,55.9781347250001],[-2.42066031499996,55.97813381],[-2.42066350999994,55.9781329],[-2.42066988099998,55.9781292850001],[-2.42067145399994,55.9781265840001],[-2.42067142499997,55.978123888],[-2.42067603699996,55.978105903],[-2.42074981499997,55.9781119410001],[-2.42075304899993,55.978114625],[-2.42075631299997,55.9781200050001],[-2.42075797399997,55.9781253900001],[-2.42075962499996,55.9781298770001],[-2.42075974199997,55.978140658],[-2.42075818799998,55.978145156],[-2.42073818699993,55.978221595],[-2.42073662299993,55.9782251940001],[-2.42073667199998,55.9782296860001],[-2.42073510899996,55.978233286],[-2.42073675999995,55.9782377720001],[-2.42073840099994,55.9782413610001],[-2.42074165499997,55.978245842],[-2.42074488899993,55.9782485260001],[-2.42075132799994,55.9782512],[-2.42075775699993,55.978252975],[-2.42076256399997,55.978252958],[-2.42076898399995,55.978253835],[-2.42078180299995,55.978253791],[-2.42090838299993,55.9782524600001],[-2.42097577099997,55.978260316],[-2.42097917099994,55.978278274],[-2.42098876599994,55.9782764450001],[-2.42099517599996,55.9782764230001],[-2.42100480999994,55.9782781870001],[-2.42101446299995,55.978281748],[-2.42106762599997,55.978307622],[-2.42107246199993,55.9783103010001],[-2.42108530099995,55.9783120540001],[-2.42110292799993,55.9783119940001],[-2.42118781599993,55.9783081100001],[-2.42122769999997,55.9782918010001],[-2.42123886799993,55.9782872700001],[-2.42125004599995,55.9782836380001],[-2.42126283599993,55.978280899],[-2.42130123499993,55.978275377],[-2.42131083899994,55.9782744450001],[-2.42139247399996,55.9782660800001],[-2.42142465899997,55.978278549],[-2.42150625399995,55.978266589],[-2.42157814699993,55.978246577],[-2.42157973899998,55.9782456730001],[-2.42158452699994,55.978243859],[-2.42158449799996,55.9782411640001],[-2.42158286599994,55.9782384740001],[-2.42157963199998,55.97823579],[-2.42157799999995,55.9782331000001],[-2.42149565099993,55.978028528],[-2.42149403899992,55.978027635],[-2.42149238799993,55.9780231490001],[-2.42148753199996,55.9780186730001],[-2.42148428799993,55.97801509],[-2.42147944199996,55.9780115130001],[-2.42147299299995,55.978007941],[-2.42146655399995,55.9780052670001],[-2.42146332999994,55.978003481],[-2.42138121699998,55.977967823],[-2.42137960499997,55.97796693],[-2.42137477799997,55.97796515],[-2.42136834899998,55.9779633750001],[-2.42136353199993,55.9779624930001],[-2.42135231499998,55.9779625310001],[-2.42134591499996,55.9779634510001],[-2.42134271099997,55.977963462],[-2.42126271799998,55.977975416],[-2.42124832599995,55.9779781610001],[-2.42121314199994,55.97798457],[-2.42119397199997,55.977990027],[-2.42115723399996,55.9780009340001],[-2.42115243699993,55.9780018490001],[-2.42112998399995,55.9780001290001],[-2.42111714499993,55.9779983760001],[-2.42107702699997,55.977993122],[-2.42107859999993,55.9779904210001],[-2.42107856999996,55.977987726],[-2.42107692899998,55.9779841370001],[-2.42107366599993,55.9779787580001],[-2.42106560499997,55.977974293],[-2.42106077799997,55.9779725120001],[-2.42105756399997,55.9779716250001],[-2.42104631799998,55.977968968],[-2.42103509099996,55.977968108],[-2.42102226199995,55.977967253],[-2.42099181699996,55.9779673570001],[-2.42084603899997,55.9779714490001],[-2.42084283399993,55.97797146],[-2.42080919299997,55.9779724730001],[-2.42076757999996,55.9779771080001],[-2.42067776799996,55.9779702270001],[-2.42064257399994,55.9779757380001],[-2.42063929099993,55.9779685610001],[-2.42063282299995,55.9779631920001],[-2.42062959899994,55.9779614060001],[-2.42062477199994,55.977959626],[-2.42061834299994,55.977957851],[-2.42061192399996,55.9779569740001],[-2.42060870899996,55.9779560870001],[-2.42045952199993,55.977941322],[-2.42044347799992,55.9779395800001],[-2.42043546599996,55.9779396070001],[-2.42042746399994,55.977940533],[-2.42042106399992,55.977941453],[-2.42041307199997,55.9779432770001],[-2.42040668199996,55.977945096],[-2.42039869899997,55.9779478190001],[-2.42031896999993,55.9779840300001],[-2.42030781099993,55.9779894590001],[-2.42029825599997,55.9779948820001],[-2.42029031199996,55.9780011990001],[-2.42028235799995,55.9780066170001],[-2.42027602699994,55.9780138260001],[-2.42027128799998,55.978020132],[-2.42026655899997,55.9780273360001],[-2.42026030499994,55.9780417330001],[-2.42025878099997,55.978048926],[-2.42025726599996,55.978057017],[-2.42025574199994,55.9780642100001],[-2.42024553899995,55.9781576870001],[-2.42005337799998,55.9781700230001],[-2.42005180399997,55.9781727230001],[-2.42004864799998,55.9781772270001],[-2.42004555999995,55.9781880190001],[-2.42004566799994,55.978197902],[-2.42004731899993,55.978202389],[-2.42004897999993,55.9782077740001],[-2.42005223299998,55.9782122550001],[-2.42012716199997,55.9783243100001],[-2.42014323399997,55.978328747]],[[-2.41939593499995,55.9779817840001],[-2.41939271999996,55.9779808970001],[-2.41937990099996,55.9779809400001],[-2.41937510399993,55.9779818550001],[-2.41936552799996,55.9779854820001],[-2.41936074999995,55.977988193],[-2.41933214099993,55.978009854],[-2.41932736299998,55.9780125660001],[-2.41931940899997,55.9780179840001],[-2.41931144599994,55.9780225040001],[-2.41929231399996,55.9780315530001],[-2.41928113699993,55.9780351850001],[-2.41927794199995,55.978036095],[-2.41919329699994,55.978062439],[-2.41919011099998,55.978064246],[-2.41918372099997,55.9780660650001],[-2.41917893399994,55.978067878],[-2.41917258199993,55.978073291],[-2.41914883799996,55.9781003260001],[-2.41914726499994,55.978103027],[-2.41914568199996,55.9781048290001],[-2.41914731299994,55.978107519],[-2.41915055699997,55.9781111020001],[-2.41915378099998,55.9781128880001],[-2.41915859799997,55.97811377],[-2.41916020999997,55.978114663],[-2.41916663899997,55.978116438],[-2.41917468099996,55.9781191060001],[-2.41918271199995,55.978120876],[-2.41919234599993,55.97812264],[-2.41920036699997,55.978123511],[-2.41920517499995,55.978123495],[-2.41921157399997,55.978122575],[-2.41921798399994,55.978122553],[-2.41922438399996,55.9781216330001],[-2.41922917199997,55.978119819],[-2.41923556199993,55.978118001],[-2.41924034999994,55.9781161870001],[-2.41924194199993,55.9781152830001],[-2.41929452899996,55.9780881500001],[-2.41931998299998,55.978070992],[-2.41939491599993,55.9780356970001],[-2.41939970399994,55.9780338830001],[-2.41941244499998,55.978026652],[-2.41941880599995,55.978022138],[-2.41942356499993,55.9780176300001],[-2.41942672099998,55.9780131260001],[-2.41942831299997,55.9780122220001],[-2.41942828399993,55.978009527],[-2.41942984799994,55.9780059280001],[-2.41942981799997,55.978003233],[-2.41942818699994,55.9780005430001],[-2.41942654599995,55.977996954],[-2.41942491399993,55.9779942640001],[-2.41942329199998,55.977992473],[-2.41942005799996,55.977989789],[-2.41941523199995,55.9779880080001],[-2.41941199799993,55.977985324],[-2.41940717099993,55.9779835430001],[-2.41940235399994,55.9779826610001],[-2.41939593499995,55.9779817840001]],[[-2.41332035499994,55.975513526],[-2.41330752699997,55.9755126700001],[-2.41330272999994,55.975513585],[-2.41329154299996,55.9755163180001],[-2.41328196799998,55.975519944],[-2.41326600199994,55.9755253880001],[-2.41319072299996,55.9755283360001],[-2.41318110999993,55.975528368],[-2.41316830099993,55.9755293100001],[-2.41315550199994,55.9755311500001],[-2.41314752899996,55.9755347700001],[-2.41314118599996,55.9755410810001],[-2.41313485399996,55.9755482900001],[-2.41312855999996,55.9755590930001],[-2.41312073999995,55.9755770890001],[-2.41311922399996,55.9755851800001],[-2.41311602299993,55.975600555],[-2.41311303499998,55.9756058660001],[-2.41311305399995,55.9756076630001],[-2.41311787099994,55.9756085450001],[-2.41312427999998,55.9756085240001],[-2.41313067899995,55.9756076040001],[-2.41314348799995,55.9756066620001],[-2.41315307299993,55.975603935],[-2.41318508999996,55.9756011320001],[-2.41320907699998,55.9755965590001],[-2.41322986799997,55.975592895],[-2.41324744599996,55.9755883440001],[-2.41326503199997,55.9755846910001],[-2.41327781199993,55.975581054],[-2.41329220399996,55.975578311],[-2.41330337199997,55.975573781],[-2.41331453099997,55.975568352],[-2.41332250399995,55.9755647320001],[-2.41333368199997,55.9755611],[-2.41334324799993,55.975556576],[-2.41335118199993,55.975549361],[-2.41335750499996,55.9755412540001],[-2.41336062299996,55.975533157],[-2.41335735199993,55.975526879],[-2.41335250699996,55.9755233010001],[-2.41334607799996,55.9755215260001],[-2.41333482399995,55.9755179690001],[-2.41333159999994,55.9755161830001],[-2.41332035499994,55.975513526]],[[-2.41293372799993,55.975319852],[-2.41300419899994,55.9753169200001],[-2.41301061799993,55.9753177970001],[-2.41302183399995,55.9753177590001],[-2.41303302099993,55.9753150270001],[-2.41303620699995,55.975313219],[-2.41304416099996,55.975307801],[-2.41304891999994,55.9753032930001],[-2.41304805599998,55.9752974560001],[-2.41304720199997,55.9752925170001],[-2.41305034899995,55.9752871160001],[-2.41305510799998,55.9752826070001],[-2.41306464499996,55.9752753870001],[-2.41307420199996,55.9752699640001],[-2.41308537899994,55.975266333],[-2.41310456799994,55.9752626750001],[-2.41310616099997,55.9752617710001],[-2.41312212599996,55.9752563270001],[-2.41313487699995,55.9752499940001],[-2.41313964599993,55.975246385],[-2.41314595899996,55.9752373790001],[-2.41315066999994,55.9752283780001],[-2.41315376899996,55.975218484],[-2.41315528499996,55.9752103930001],[-2.41315512299997,55.975195119],[-2.41315017199997,55.975181659],[-2.41314045299993,55.975171808],[-2.41312914099996,55.9751628610001],[-2.41307426199995,55.9751253090001],[-2.41306457099995,55.975118154],[-2.41305167599995,55.975111009],[-2.41303398399998,55.975104779],[-2.41300990199994,55.975100367],[-2.41299387999993,55.975100421],[-2.41297788599996,55.9751031700001],[-2.41293148699998,55.9751096150001],[-2.41292514499997,55.9751159260001],[-2.41292040499997,55.9751222310001],[-2.41291410099996,55.9751321350001],[-2.41290939999993,55.975142034],[-2.41290791199998,55.9751528210001],[-2.41290962999994,55.9751635970001],[-2.41290675999994,55.975195053],[-2.41290848699992,55.975206728],[-2.41290700899998,55.9752184130001],[-2.41290719099993,55.9752354840001],[-2.41290407299994,55.97524358],[-2.41289934299994,55.9752507840001],[-2.41287397399998,55.9752760260001],[-2.41287239099995,55.975277829],[-2.41286926299995,55.975285027],[-2.41286775699996,55.9752940170001],[-2.41287103799993,55.9753011940001],[-2.41287751399994,55.9753074610001],[-2.41289038999997,55.9753128090001],[-2.41289842999993,55.975315478],[-2.41291608399996,55.9753181140001],[-2.41293372799993,55.975319852]],[[-2.41368315399995,55.9745257770001],[-2.41367511399994,55.974523108],[-2.41366229599993,55.974523151],[-2.41365107099995,55.974522291],[-2.41363985499993,55.974522328],[-2.41362544399993,55.9745232750001],[-2.41361264599993,55.9745251150001],[-2.41360305099994,55.974526944],[-2.41359991399997,55.974533244],[-2.41359674799997,55.9745368490001],[-2.41359359099994,55.9745413520001],[-2.41359712999997,55.974572607],[-2.41359233399993,55.9745737010001],[-2.41358436099995,55.9745773220001],[-2.41358122399993,55.9745836220001],[-2.41358127199993,55.974588114],[-2.41358288399994,55.9745890070001],[-2.41358612699997,55.97459259],[-2.41359256499993,55.9745952640001],[-2.41362460999994,55.9745951560001],[-2.41364220599996,55.974592402],[-2.41365020699993,55.9745914760001],[-2.41366455999997,55.9745851390001],[-2.41367408699995,55.9745770210001],[-2.41368202199993,55.974569806],[-2.41368833499996,55.9745608000001],[-2.41369146299996,55.9745536020001],[-2.41369135699995,55.9745437190001],[-2.41369290199998,55.974538323],[-2.41369284399997,55.974532932],[-2.41368798999997,55.974528456],[-2.41368315399995,55.9745257770001]],[[-2.41655559099996,55.972840433],[-2.41654915399994,55.9728377590001],[-2.41654114299996,55.9728377860001],[-2.41653151999998,55.9728369200001],[-2.41652030499995,55.9728369580001],[-2.41650902199996,55.9728307070001],[-2.41650577899998,55.972827124],[-2.41650095299997,55.9728253430001],[-2.41649292299996,55.972823573],[-2.41648492199994,55.9728244990001],[-2.41646088899995,55.9728245800001],[-2.41644970299996,55.972827313],[-2.41643852599998,55.9728309450001],[-2.41642577599993,55.972837278],[-2.41641624999994,55.9728453960001],[-2.41641150199996,55.972850803],[-2.41640998599996,55.9728588940001],[-2.41641167599994,55.972866975],[-2.41641014099997,55.97287327],[-2.41641016999995,55.9728759650001],[-2.41641341299993,55.972879548],[-2.41641985999996,55.9728831200001],[-2.41642788999997,55.97288489],[-2.41643749399998,55.9728839590001],[-2.41644387399998,55.972881242],[-2.41645187499995,55.972880316],[-2.41645666199997,55.9728785030001],[-2.41646145899995,55.9728775890001],[-2.41647585899995,55.972875743],[-2.41649186199993,55.9728738920001],[-2.41651108799994,55.9728738270001],[-2.41653511099997,55.9728728470001],[-2.41655102599998,55.9728629100001],[-2.41655420199993,55.972860204],[-2.41655574599997,55.9728548080001],[-2.41655733899995,55.972853904],[-2.41656049499994,55.9728494010001],[-2.41656044599995,55.9728449090001],[-2.41655559099996,55.972840433]],[[-2.38572875699992,55.952497581],[-2.38573164699994,55.952482208],[-2.38573224499993,55.9524296450001],[-2.38573379299993,55.952424249],[-2.38573650399996,55.95240699],[-2.38574120799996,55.9523970020001],[-2.38574118999998,55.9523951150001],[-2.38574417799992,55.9523896250001],[-2.38574876699994,55.95238413],[-2.38575812399995,55.9523749360001],[-2.38576448399994,55.9523703340001],[-2.38576909999995,55.9523675340001],[-2.38578933499997,55.952357228],[-2.38581612499996,55.952345913],[-2.38583655699995,55.9523392900001],[-2.38588664799994,55.9523199060001],[-2.38589297099998,55.95231162],[-2.38589742399995,55.952308551],[-2.38590410399996,55.9523039480001],[-2.38590696599994,55.9523018720001],[-2.38591062299997,55.9522992550001],[-2.38591538199995,55.952294658],[-2.38591680599995,55.9522929460001],[-2.38591917099995,55.952289255],[-2.38592011399993,55.952287455],[-2.38592089599996,55.9522855660001],[-2.38592135799996,55.9522836780001],[-2.38592134399994,55.9522823300001],[-2.38592117199994,55.9522810730001],[-2.38592099799996,55.952279726],[-2.38592066399997,55.9522783790001],[-2.38592017099995,55.952277123],[-2.38591951799998,55.9522757770001],[-2.38591789099996,55.9522732660001],[-2.38591594399998,55.9522707570001],[-2.38591513199998,55.9522695910001],[-2.38591496899994,55.9522693220001],[-2.38591351199995,55.9522677090001],[-2.38590995799996,55.9522645760001],[-2.38590802199997,55.952263144],[-2.38590656899993,55.952261981],[-2.38590608499993,55.952261623],[-2.38590382999996,55.9522602820001],[-2.38590205699995,55.9522591200001],[-2.38589739099996,55.9522568880001],[-2.38589481699995,55.9522557280001],[-2.38589208599996,55.952254838],[-2.38588951399993,55.9522538580001],[-2.38588662099994,55.9522528790001],[-2.38588551499993,55.9522543200001],[-2.38586338299996,55.952251065],[-2.38579376799993,55.9522395130001],[-2.38579071799995,55.952238714],[-2.38578430399997,55.9522379250001],[-2.38577485699994,55.9522380450001],[-2.38577006299994,55.9522390480001],[-2.38576382799994,55.9522400560001],[-2.38576064399996,55.9522419530001],[-2.38575601899993,55.9522438540001],[-2.38564970299996,55.9523098660001],[-2.38563872699996,55.9523172680001],[-2.38561696199997,55.9523347670001],[-2.38559966299994,55.9523504540001],[-2.38558140499993,55.9523824080001],[-2.38558158399997,55.9523842940001],[-2.38557845199995,55.9523914910001],[-2.38557852499997,55.9523987690001],[-2.38558014399996,55.952400561],[-2.38558505499998,55.952411327],[-2.38558667499996,55.952413119],[-2.38558687099993,55.9524168020001],[-2.38558850799996,55.952420391],[-2.38558693399995,55.9524230920001],[-2.38558236199998,55.9524303840001],[-2.38558078899996,55.9524331740001],[-2.38557759499997,55.9524340820001],[-2.38557457099995,55.952435979],[-2.38557137699996,55.952436887],[-2.38553807499994,55.9524375300001],[-2.38552560399995,55.9524395460001],[-2.38551619299994,55.9524432590001],[-2.38550837499997,55.952446159],[-2.38549275599996,55.9524536650001],[-2.38548638699996,55.9524573690001],[-2.38548337099996,55.952460074],[-2.38547878299994,55.952465659],[-2.38547401499994,55.952469357],[-2.38547260999997,55.9524729560001],[-2.38546945299993,55.952477548],[-2.38546951499995,55.952483837],[-2.38547280799997,55.952492901],[-2.38547605499997,55.9524972940001],[-2.38548414999997,55.9525061630001],[-2.38550819599993,55.9525247770001],[-2.38551607699998,55.9525282560001],[-2.38553682199995,55.952536996],[-2.38554149199996,55.952539587],[-2.38557654099998,55.952553494],[-2.38560029999996,55.952559439],[-2.38560975599995,55.952560218],[-2.38561921999997,55.9525618060001],[-2.38562866699993,55.9525616870001],[-2.38563988399994,55.9525623700001],[-2.38564916199994,55.9525613530001],[-2.38565556599997,55.952561243],[-2.38567443199997,55.9525581290001],[-2.38568081899996,55.9525562220001],[-2.38569022999997,55.952552509],[-2.38570264599997,55.9525450130001],[-2.38571200299998,55.952535819],[-2.38571815799997,55.952526725],[-2.38572430299996,55.9525166430001],[-2.38572875699992,55.952497581]],[[-2.38122196799998,55.950707191],[-2.38121714599993,55.9507054090001],[-2.38121090099997,55.950705428],[-2.38120608899993,55.9507046350001],[-2.38119504099996,55.9507047590001],[-2.38118400199994,55.9507057810001],[-2.38117455599996,55.9507059000001],[-2.38116352499998,55.9507077310001],[-2.38115409599993,55.9507096470001],[-2.38115105399993,55.9507097470001],[-2.38113844999998,55.950714458],[-2.38112761699995,55.950720152],[-2.38111536099996,55.9507276470001],[-2.38110614599998,55.9507350430001],[-2.38110015199993,55.9507443160001],[-2.38109716399993,55.950749896],[-2.38109196399995,55.9507747100001],[-2.38109097899996,55.95078855],[-2.38109102399994,55.9507931320001],[-2.38109603199996,55.9507976090001],[-2.38111227699994,55.950804926],[-2.38111710699997,55.9508076070001],[-2.38113803099998,55.9508184140001],[-2.38116535099994,55.950828302],[-2.38120266299995,55.950812194],[-2.38122753299996,55.9508008860001],[-2.38123055699998,55.950799079],[-2.38123516399997,55.9507952910001],[-2.38124117599995,55.950787905],[-2.38124257199996,55.950783319],[-2.38124413799994,55.9507796300001],[-2.38124553399996,55.9507750430001],[-2.38124452399995,55.950753842],[-2.38125496299995,55.9507243400001],[-2.38123498199997,55.950711643],[-2.38123160199996,55.950709857],[-2.38122677899997,55.9507079850001],[-2.38122196799998,55.950707191]]]},"properties":{"Property_Description":"Berwick Bank OFTO","Tenant_Name":"Berwick Bank Wind Ltd","Lease_Type_Description":"Agreement/Option for Lease","Property_Classification":"OFTO","Project_Phase":"Consented","Capacity_MW":0,"OBJECTID_1":21,"Shape__Area":0.11688525001583372,"Shape__Length":3.5303685681589609}},{"type":"Feature","id":22,"geometry":{"type":"Polygon","coordinates":[[[-1.31449814499996,56.9074453170001],[-1.32521656599994,56.900842938],[-1.34113822999996,56.90249571],[-1.35706130199998,56.904146455],[-1.37298577699994,56.90579517],[-1.38891165399997,56.907441857],[-1.40483893299995,56.909086513],[-1.42076761099997,56.9107291390001],[-1.43669768699993,56.9123697360001],[-1.45262915699993,56.9140083010001],[-1.46227871999997,56.91499945],[-1.45751477599993,56.923464693],[-1.45274878099997,56.931929487],[-1.44798059699997,56.9403940760001],[-1.44319196399994,56.9488908480001],[-1.45923527599996,56.9526265820001],[-1.47528327199996,56.9563606080001],[-1.49133978299994,56.9600938150001],[-1.48411234399993,56.9684910560001],[-1.47688162699995,56.9768878530001],[-1.47467947999996,56.979444287],[-1.46974328099998,56.9853391360001],[-1.46267407299996,56.993777607],[-1.45560163899995,57.0022156520001],[-1.43791089699994,57.003487685],[-1.42021899099996,57.0047572120001],[-1.40252592499996,57.006024231],[-1.38483170199993,57.0072887410001],[-1.36711384599994,57.0085523450001],[-1.38285431199995,57.0134028910001],[-1.39859890099996,57.0182514740001],[-1.41027432199996,57.0218445500001],[-1.41434761399995,57.0230980950001],[-1.43015649699993,57.0279599830001],[-1.42197272799996,57.036228372],[-1.41378529999997,57.0444961950001],[-1.40559420899996,57.052763451],[-1.39738010499997,57.0610496560001],[-1.39376289399996,57.0599521820001],[-1.38005557699995,57.0557909010001],[-1.36635132599997,57.0516281170001],[-1.35265014099997,57.0474638320001],[-1.33895202199994,57.043298045],[-1.32525696999994,57.03913076],[-1.31156498499996,57.0349619740001],[-1.29787606699995,57.0307916890001],[-1.28419021299993,57.0266199060001],[-1.27050742699993,57.0224466240001],[-1.25682770599997,57.0182718450001],[-1.24315105199997,57.0140955690001],[-1.22947746199998,57.0099177960001],[-1.21580693899995,57.0057385270001],[-1.20213948199995,57.001557765],[-1.18847508999994,56.9973755070001],[-1.17481376399996,56.9931917550001],[-1.18019810899995,56.989896726],[-1.18558150299998,56.9866014610001],[-1.19634543899997,56.9800102340001],[-1.20710557099994,56.973418075],[-1.21786190199992,56.966824984],[-1.22861443599993,56.96023096],[-1.23936317299996,56.953636008],[-1.25010811199996,56.9470401240001],[-1.26084925799995,56.9404433110001],[-1.27158661299995,56.933845568],[-1.28232017699997,56.927246896],[-1.29304995299998,56.9206472970001],[-1.30377594199996,56.9140467720001],[-1.31449814499996,56.9074453170001]]]},"properties":{"Property_Description":"Bowdun Offshore Wind Farm","Tenant_Name":"Bowdun Offshore Wind Farm","Lease_Type_Description":"Agreement/Option for Lease","Property_Classification":"Wind Farm","Project_Phase":"In Planning","Capacity_MW":1008,"OBJECTID_1":22,"Shape__Area":0.027625745321209649,"Shape__Length":0.89178747767826139}},{"type":"Feature","id":23,"geometry":{"type":"Polygon","coordinates":[[[0.0370740550000619,56.5913514850001],[0.0432210060000671,56.586537176],[0.048059525000042,56.582747634],[0.0123955260000344,56.572000578],[0.0115057880000222,56.571732463],[0.00836627400002499,56.572196804],[-0.000937198999963584,56.573572809],[-0.0655282039999747,56.5831259660001],[-0.122308808999946,56.5892043900001],[-0.174434823999945,56.5859581120001],[-0.193011026999955,56.56180936],[-0.193065932999957,56.5617379830001],[-0.197198477999962,56.5563657420001],[-0.214337157999978,56.5171815040001],[-0.246767511999963,56.5127723960001],[-0.290552347999949,56.5068195760001],[-0.37963201499997,56.4947086430001],[-0.451530998999942,56.5794128790001],[-0.462663646999943,56.59023725],[-0.465673811999977,56.5931640590001],[-0.542062621999946,56.666989588],[-0.562683661999927,56.6869186760001],[-0.672284869999942,56.780227649],[-0.730789924999954,56.8113002760001],[-0.790432631999977,56.8429771230001],[-0.822808050999924,56.8601720350001],[-0.830987903999926,56.8645164380001],[-0.822851348999961,56.8690091660001],[-0.799642246999952,56.8818244400001],[-0.799104144999944,56.88212156],[-0.768421433999947,56.904257059],[-0.768109394999954,56.9041800840001],[-0.659512574999951,56.877390903],[-0.603355281999939,56.863537755],[-0.488369469999952,56.8222278960001],[-0.424677439999925,56.7993458670001],[-0.369476031999966,56.7735802120001],[-0.305545638999945,56.7437402400001],[-0.263031270999932,56.723896353],[-0.263031102999946,56.723896273],[-0.237782184999958,56.7121111590001],[-0.165037544999961,56.6934309260001],[-0.0582484539999655,56.666008354],[0.0370740550000619,56.5913514850001]]]},"properties":{"Property_Description":"Ossian Offshore Wind Farm","Tenant_Name":"Ossian Offshore Windfarm","Lease_Type_Description":"Agreement/Option for Lease","Property_Classification":"Wind Farm","Project_Phase":"In Planning","Capacity_MW":3528,"OBJECTID_1":23,"Shape__Area":0.12580570422345339,"Shape__Length":2.0224511715396076}},{"type":"Feature","id":24,"geometry":{"type":"Polygon","coordinates":[[[-1.22816554599996,58.273048729],[-1.24729897599997,58.2414717730001],[-1.36808217899994,58.28577561],[-1.35669450599994,58.3675826240001],[-1.35404346399997,58.386627225],[-1.35001425499996,58.415572346],[-1.22295350599995,58.5497346860001],[-1.06362246099997,58.5446032850001],[-1.09169390199997,58.4982754330001],[-1.22816554599996,58.273048729]]]},"properties":{"Property_Description":"Buchan Offshore Wind Farm","Tenant_Name":"Buchan Offshore Wind Limited","Lease_Type_Description":"Agreement/Option for Lease","Property_Classification":"Wind Farm","Project_Phase":"In Planning","Capacity_MW":960,"OBJECTID_1":24,"Shape__Area":0.050810197046832428,"Shape__Length":0.95833232040374772}},{"type":"Feature","id":25,"geometry":{"type":"Polygon","coordinates":[[[-2.02958501199993,58.419282099],[-2.02794271699997,58.3967742980001],[-2.03195868099994,58.3968255790001],[-2.03570910499997,58.3968972390001],[-2.04714445599996,58.397167127],[-2.06248279699997,58.3974891410001],[-2.08953403899994,58.398088025],[-2.09016759099995,58.3980970090001],[-2.09090339299996,58.3981226340001],[-2.11892103999998,58.3986552860001],[-2.14716827199993,58.399123714],[-2.15248930299992,58.399211624],[-2.16547564199993,58.399414151],[-2.16549487899994,58.3994405920001],[-2.16561679099993,58.399608152],[-2.16579073999998,58.3998589940001],[-2.16630470599995,58.4005876360001],[-2.17188141299994,58.4089381580001],[-2.17869479499996,58.4183063460001],[-2.18584529299994,58.4287850060001],[-2.19198838199998,58.437537488],[-2.20820025399996,58.4599226620001],[-2.20917670399996,58.461378734],[-2.20991954199997,58.4623954040001],[-2.21059629599995,58.463398404],[-2.22657507999998,58.485874493],[-2.22905868499993,58.4893920660001],[-2.23346280799996,58.4955829740001],[-2.24755647699993,58.5154628860001],[-2.24798200099997,58.5160505110001],[-2.24806945099994,58.5161752340001],[-2.24808217999993,58.5161919610001],[-2.24809847399996,58.516214861],[-2.24825456199994,58.516434663],[-2.24846402299994,58.5167296920001],[-2.24851927299994,58.5168075460001],[-2.24855845299993,58.5168630000001],[-2.25421127099997,58.5248240170001],[-2.26679807899995,58.5431369890001],[-2.27211073599995,58.5502275700001],[-2.27715291299995,58.557336363],[-2.28281078199996,58.5651030770001],[-2.28713798399997,58.5714492440001],[-2.29049435199994,58.5761168860001],[-2.29621564999997,58.584028899],[-2.24140591299994,58.599970694],[-2.17755655599996,58.6183807370001],[-2.13253257199995,58.6313529930001],[-2.11176438199993,58.6373232440001],[-2.03623716899995,58.5107101730001],[-2.03613175799995,58.510533465],[-2.03610941599993,58.510227479],[-2.03413222699993,58.483148435],[-2.03413700499993,58.483147021],[-2.07274383299995,58.4717256760001],[-2.03106944099994,58.4231399880001],[-2.02958501199993,58.419282099]]]},"properties":{"Property_Description":"Stromar","Tenant_Name":"Stromar Offshore Wind Farm","Lease_Type_Description":"Agreement/Option for Lease","Property_Classification":"Wind Farm","Project_Phase":"Pre Planning","Capacity_MW":1500,"OBJECTID_1":25,"Shape__Area":0.039473525641916751,"Shape__Length":0.86186276262445238}},{"type":"Feature","id":26,"geometry":{"type":"Polygon","coordinates":[[[-1.79041657699997,58.1211093650001],[-1.83425574599994,58.113892649],[-1.89787204999993,58.123413032],[-1.89555824799993,58.1606858110001],[-1.89090685699995,58.2356145800001],[-1.81026344199995,58.236829765],[-1.65415563099998,58.1683748360001],[-1.71458196199995,58.133593106],[-1.79041657699997,58.1211093650001]]]},"properties":{"Property_Description":"Broadshore","Tenant_Name":"Broadshore Offshore Wind Farm","Lease_Type_Description":"Agreement/Option for Lease","Property_Classification":"Wind Farm","Project_Phase":"Pre Planning","Capacity_MW":900,"OBJECTID_1":26,"Shape__Area":0.020447471598764366,"Shape__Length":0.61885837273776378}},{"type":"Feature","id":27,"geometry":{"type":"Polygon","coordinates":[[[0.325315818000036,56.8788694770001],[0.322691216000067,56.8215089110001],[0.0994867110000541,56.8312891670001],[0.0166469340000504,56.793976468],[0.00124356800006353,56.7870384820001],[-0.0288083309999365,56.773502503],[-0.163984180999933,56.7799141140001],[-0.165543414999945,56.8836120460001],[-0.165798231999929,56.9005588900001],[-0.16581671199998,56.9017879090001],[0.325315818000036,56.8788694770001]]]},"properties":{"Property_Description":"Bellrock","Tenant_Name":"Bellrock Offshore Wind Farm","Lease_Type_Description":"Agreement/Option for Lease","Property_Classification":"Wind Farm","Project_Phase":"In Planning","Capacity_MW":1200,"OBJECTID_1":27,"Shape__Area":0.04110548814727899,"Shape__Length":1.1704302478124302}},{"type":"Feature","id":28,"geometry":{"type":"Polygon","coordinates":[[[-0.454966763999948,58.0179425480001],[-0.456393565999974,58.009287558],[-0.472012547999952,58.0095533460001],[-0.472769788999926,58.0095661390001],[-0.472769980999942,58.0095661410001],[-0.477094823999948,58.0096392040001],[-0.487631759999942,58.0098172150001],[-0.489156428999934,58.0098427840001],[-0.494379957999968,58.009930388],[-0.503251200999955,58.0100791670001],[-0.505571541999927,58.010117796],[-0.505573870999967,58.0101178350001],[-0.51106597699993,58.0102092670001],[-0.518870867999965,58.0103392030001],[-0.522034822999956,58.010391488],[-0.527566523999951,58.0104828990001],[-0.534490763999941,58.0105973230001],[-0.538551869999935,58.0106639320001],[-0.543968639999946,58.010752779],[-0.550110881999956,58.010853524],[-0.555144174999953,58.0109354620001],[-0.56033069199998,58.0110198940001],[-0.565731221999954,58.0111078090001],[-0.571854740999925,58.0112067420001],[-0.576660897999943,58.0112843900001],[-0.58129701799993,58.0113592920001],[-0.581351783999935,58.0113601780001],[-0.588745977999963,58.0114787310001],[-0.588749674999974,58.0114787900001],[-0.592973927999935,58.011546518],[-0.59697256499993,58.011610628],[-0.606011599999931,58.0117544410001],[-0.609267950999936,58.011806252],[-0.612593561999972,58.0118591630001],[-0.623982597999941,58.012038965],[-0.62555717999993,58.0120638230001],[-0.628214775999936,58.0121057800001],[-0.643836203999967,58.0123504790001],[-0.659457844999963,58.0125932600001],[-0.675079694999965,58.012834125],[-0.690701754999964,58.0130730720001],[-0.706324022999979,58.013310103],[-0.709652994999942,58.0133602010001],[-0.721946494999941,58.0135452150001],[-0.726343692999933,58.0136108510001],[-0.72634411599995,58.0136108570001],[-0.726962533999938,58.013620088],[-0.73756917399993,58.013778411],[-0.743035386999964,58.0138593300001],[-0.744044255999938,58.013874265],[-0.753192052999964,58.014009688],[-0.75983077199993,58.01410715],[-0.760867051999981,58.0141223630001],[-0.768815132999976,58.014239048],[-0.776808123999956,58.0143554090001],[-0.776815504999945,58.0143555160001],[-0.777520337999931,58.0143657780001],[-0.784438412999975,58.0144664900001],[-0.794080181999959,58.0146056680001],[-0.79408515199998,58.01460574],[-0.800061888999949,58.014692015],[-0.803101150999964,58.0217574850001],[-0.806141611999976,58.0288228750001],[-0.800436249999962,58.0364430340001],[-0.794728458999941,58.044062926],[-0.789018239999962,58.0516825550001],[-0.783305587999962,58.059301917],[-0.777590503999932,58.066921015],[-0.77187298399997,58.074539847],[-0.766153027999962,58.0821584110001],[-0.760430635999967,58.0897767120001],[-0.754705802999979,58.097394745],[-0.748978527999952,58.1050125130001],[-0.743248808999965,58.1126300130001],[-0.757171548999963,58.117351888],[-0.759563616999969,58.118162678],[-0.771097970999961,58.122072239],[-0.773165519999964,58.1227726230001],[-0.77316706299996,58.122773146],[-0.773191577999967,58.12278145],[-0.785028074999957,58.1267910660001],[-0.786773346999951,58.1273819300001],[-0.786775507999948,58.1273826620001],[-0.786823064999965,58.127398763],[-0.798961860999952,58.131508366],[-0.800398573999928,58.131994481],[-0.800402144999964,58.1319956900001],[-0.800458079999942,58.132014616],[-0.812899331999972,58.1362241420001],[-0.814038986999947,58.136609519],[-0.814041025999927,58.1366102090001],[-0.81409661999993,58.13662901],[-0.82684048699997,58.140938389],[-0.827684789999978,58.1412237260001],[-0.827738688999943,58.141241941],[-0.840785325999946,58.145651109],[-0.841344229999947,58.145839881],[-0.841346046999945,58.1458404970001],[-0.841384284999947,58.1458534120001],[-0.854733850999935,58.1503623020001],[-0.85500680399997,58.150454439],[-0.855008578999957,58.1504550380001],[-0.85503340799994,58.1504634200001],[-0.868686060999948,58.155071966],[-0.861042449999957,58.162608414],[-0.860898331999977,58.162750444],[-0.860898217999932,58.162750556],[-0.858303319999948,58.165307833],[-0.853395606999925,58.1701443960001],[-0.853107204999958,58.170428477],[-0.849993979999965,58.1734950810001],[-0.845745528999942,58.177679911],[-0.845313515999976,58.1781052470001],[-0.84531158599998,58.178107148],[-0.841983993999975,58.181383317],[-0.838092213999971,58.185214957],[-0.837515155999938,58.185782821],[-0.837514257999942,58.1857837060001],[-0.83405692499997,58.189185959],[-0.830435658999932,58.1927495360001],[-0.829713025999979,58.1934603110001],[-0.829711042999975,58.1934622620001],[-0.826184229999967,58.1969312050001],[-0.822775861999958,58.200283647],[-0.821905001999937,58.2011398010001],[-0.818318885999929,58.2046653620001],[-0.815112821999946,58.207817289],[-0.814094478999948,58.208817949],[-0.810477867999964,58.212371766],[-0.807446536999976,58.2153504620001],[-0.806280151999943,58.2164960370001],[-0.802633040999979,58.220078082],[-0.799777004999953,58.222883165],[-0.798464458999945,58.2241716660001],[-0.794798129999947,58.227770838],[-0.792104220999931,58.2304154],[-0.790642470999956,58.2318496760001],[-0.790640716999974,58.2318513980001],[-0.78696486399997,58.2354581640001],[-0.784428186999946,58.237947164],[-0.782813390999934,58.2395308390001],[-0.782813311999973,58.2395309170001],[-0.779127185999926,58.2431460020001],[-0.776748896999948,58.245478458],[-0.77498505799997,58.2472074620001],[-0.771287652999945,58.250831847],[-0.769066350999935,58.2530092810001],[-0.767152894999924,58.2548840360001],[-0.767150456999957,58.254886426],[-0.763448776999951,58.2585132350001],[-0.761380547999977,58.2605396330001],[-0.759314717999928,58.2625626940001],[-0.755606026999942,58.266194607],[-0.753691481999965,58.268069515],[-0.751469216999965,58.2702447140001],[-0.747764402999962,58.2738710630001],[-0.745999155999925,58.2755989240001],[-0.743621351999934,58.2779252330001],[-0.743619868999929,58.2779266860001],[-0.741351989999941,58.2801454510001],[-0.739920448999953,58.281545991],[-0.738303562999931,58.2831278620001],[-0.735766576999936,58.285608698],[-0.735765475999926,58.2856097750001],[-0.732068781999942,58.289224652],[-0.730604702999926,58.2906563270001],[-0.727909833999945,58.2932902680001],[-0.724218061999977,58.2968985740001],[-0.722902574999978,58.2981843200001],[-0.720034804999955,58.3009858880001],[-0.716367119999973,58.3045689030001],[-0.715197175999947,58.3057118400001],[-0.712152126999968,58.308685143],[-0.708511937999958,58.312239564],[-0.707488501999933,58.3132388870001],[-0.704268093999929,58.3163818850001],[-0.704264062999925,58.3163858190001],[-0.700650443999962,58.319912575],[-0.699776552999936,58.3207654600001],[-0.696356161999972,58.324102006],[-0.692790384999967,58.327580373],[-0.692061327999966,58.3282915600001],[-0.688419696999972,58.3318421880001],[-0.688419283999963,58.3318425910001],[-0.684924634999959,58.3352499100001],[-0.684342819999927,58.3358171840001],[-0.680424463999941,58.339635759],[-0.677059391999933,58.3429151400001],[-0.676621031999957,58.343342336],[-0.672336246999976,58.3475159700001],[-0.672324069999945,58.3475278290001],[-0.669188317999954,58.350582235],[-0.66889595899994,58.350867011],[-0.663927250999961,58.3557044620001],[-0.663917476999927,58.355713978],[-0.661314589999961,58.358248105],[-0.661167599999942,58.3583912120001],[-0.653435951999938,58.3659149360001],[-0.641774785999928,58.359945404],[-0.641319455999962,58.359712314],[-0.635763278999946,58.3568664950001],[-0.630132367999977,58.353982397],[-0.630131975999973,58.3539821960001],[-0.629207207999968,58.3535085390001],[-0.62316113199995,58.350410137],[-0.618509117999963,58.348026143],[-0.618506884999931,58.348024998],[-0.617099206999967,58.3473036130001],[-0.611069850999968,58.3442121210001],[-0.606914354999958,58.342081433],[-0.604995453999948,58.3410975360001],[-0.599127935999945,58.338087413],[-0.595352112999933,58.336150359],[-0.592895943999963,58.3348903080001],[-0.587248233999958,58.3319913970001],[-0.58382972499993,58.330236712],[-0.580800675999967,58.328681933],[-0.575429982999935,58.3259237330001],[-0.572345405999954,58.3243396030001],[-0.56870964899997,58.3224724070001],[-0.563632902999927,58.3198637720001],[-0.560928537999928,58.318474162],[-0.556622861999926,58.3162617340001],[-0.551837011999964,58.3138012570001],[-0.549603135999973,58.312652788],[-0.549602450999942,58.3126524360001],[-0.544540310999935,58.3100499130001],[-0.540072060999933,58.3077514880001],[-0.53838250299998,58.306882397],[-0.532461994999949,58.3038369450001],[-0.528312238999945,58.3017012080001],[-0.527334420999978,58.3011979600001],[-0.520387911999933,58.2976228320001],[-0.516556984999966,58.2956501310001],[-0.508318061999944,58.2914075730001],[-0.496252442999946,58.2851911700001],[-0.490407667999932,58.2773464620001],[-0.484565474999954,58.2695014770001],[-0.47872586799997,58.2616562160001],[-0.472888836999971,58.253810678],[-0.471387984999978,58.251792424],[-0.47138616999996,58.251789982],[-0.467054385999973,58.245964864],[-0.465741717999947,58.244198827],[-0.465629584999931,58.2440479640001],[-0.465624779999928,58.2440415],[-0.461222511999949,58.238118774],[-0.460142287999929,58.2366647700001],[-0.459877293999966,58.236308083],[-0.459873162999941,58.2363025220001],[-0.455393210999944,58.2302724090001],[-0.454509921999943,58.229082917],[-0.454114954999966,58.2285510290001],[-0.454109120999931,58.2285431720001],[-0.449566482999955,58.2224257680001],[-0.448872663999964,58.221490982],[-0.448344778999967,58.220779759],[-0.443742325999949,58.214578852],[-0.443230528999948,58.213888974],[-0.442524049999975,58.2129366780001],[-0.437920738999935,58.2067316600001],[-0.43758416299994,58.2062777580001],[-0.436556519999954,58.2048918880001],[-0.436546998999972,58.2048790480001],[-0.432101718999945,58.198884192],[-0.431914687999949,58.1986318470001],[-0.426285262999954,58.191036452],[-0.42772595699995,58.1823820230001],[-0.42916594999997,58.1737275660001],[-0.430605241999956,58.1650730800001],[-0.432043834999945,58.1564185660001],[-0.433481729999926,58.1477640250001],[-0.434918928999934,58.139109456],[-0.436355430999924,58.1304548590001],[-0.437791234999963,58.1218002320001],[-0.439226342999973,58.113145579],[-0.439826743999959,58.1095230000001],[-0.440660756999932,58.1044908970001],[-0.442094474999976,58.0958361890001],[-0.44352749899997,58.087181451],[-0.44495982899997,58.078526686],[-0.446391465999966,58.069871892],[-0.447822410999947,58.061217071],[-0.449252663999971,58.0525622220001],[-0.450682223999934,58.043907345],[-0.452111093999974,58.0352524400001],[-0.453539273999979,58.0265975080001],[-0.454966763999948,58.0179425480001]]]},"properties":{"Property_Description":"MarramWind","Tenant_Name":"MarramWind Limited","Lease_Type_Description":"Agreement/Option for Lease","Property_Classification":"Wind Farm","Project_Phase":"In Planning","Capacity_MW":3000,"OBJECTID_1":28,"Shape__Area":0.10432332638753117,"Shape__Length":1.3758399758176703}},{"type":"Feature","id":29,"geometry":{"type":"Polygon","coordinates":[[[-6.68336621399993,55.8185891910001],[-6.69498558099997,55.8126326760001],[-6.70218384299994,55.8203074030001],[-6.70938493999995,55.8279817010001],[-6.71658887099994,55.8356555670001],[-6.72379564099998,55.843329001],[-6.73100524899996,55.8510020040001],[-6.73821769799997,55.8586745760001],[-6.74543299099997,55.866346713],[-6.75265112999995,55.874018418],[-6.75987211599994,55.8816896910001],[-6.76709594899995,55.88936053],[-6.77432262999997,55.8970309360001],[-6.78155216499994,55.9047009070001],[-6.78878455399996,55.9123704450001],[-6.79601979999995,55.920039548],[-6.80325790199993,55.927708217],[-6.81049886399995,55.93537645],[-6.81572314099998,55.940906501],[-6.81774268499993,55.9430442490001],[-6.82498937099996,55.950711611],[-6.83223891999995,55.958378538],[-6.83949133699997,55.9660450280001],[-6.84674661899993,55.9737110820001],[-6.85400477299993,55.981376701],[-6.86126579899997,55.9890418800001],[-6.86852969899996,55.9967066230001],[-6.87579647399997,56.0043709280001],[-6.88306612599996,56.0120347960001],[-6.89033865399995,56.0196982250001],[-6.89761406699995,56.0273612170001],[-6.90489236099995,56.035023768],[-6.91217353899998,56.0426858810001],[-6.91945760499993,56.0503475560001],[-6.92674455799994,56.05800879],[-6.93403439899993,56.065669584],[-6.94132713399995,56.073329937],[-6.94862276199996,56.08098985],[-6.95592128599998,56.0886493240001],[-6.94190956199998,56.0929268720001],[-6.92789473199997,56.097202828],[-6.91387679699994,56.1014771900001],[-6.89985575499998,56.105749958],[-6.88583160799993,56.110021132],[-6.87180435499994,56.114290709],[-6.85777399599993,56.11855869],[-6.84374053099998,56.122825076],[-6.82970395899997,56.127089863],[-6.81566428099995,56.1313530520001],[-6.80162149899996,56.135614644],[-6.78757560899993,56.1398746350001],[-6.77352661299994,56.1441330260001],[-6.75947451199994,56.148389819],[-6.74541930299995,56.1526450090001],[-6.73136098799995,56.1568985980001],[-6.71729956699994,56.161150585],[-6.70323503899994,56.165400968],[-6.68916740799995,56.1696497500001],[-6.67509666799998,56.1738969260001],[-6.66254357999998,56.16996312],[-6.64999305999993,56.1660280400001],[-6.63744510599997,56.162091681],[-6.62489971699995,56.158154048],[-6.61235689899996,56.154215139],[-6.59981664399993,56.1502749530001],[-6.58727895599998,56.146333494],[-6.57474383299996,56.1423907610001],[-6.56406613699994,56.13903048],[-6.56221127899994,56.138446754],[-6.54968128999997,56.1345014730001],[-6.53935365499996,56.1312479260001],[-6.53715386699997,56.1305549210001],[-6.52462900999996,56.126607096],[-6.51210671899997,56.122657997],[-6.49958699299998,56.118707629],[-6.48706983299996,56.1147559880001],[-6.47455523899993,56.1108030780001],[-6.46204321099998,56.1068488980001],[-6.44953374799996,56.102893447],[-6.45124425399996,56.0941693880001],[-6.45295398699994,56.085445292],[-6.45466294699997,56.076721159],[-6.45637113499993,56.067996991],[-6.45807855199996,56.059272788],[-6.45978519699997,56.0505485480001],[-6.46109085799998,56.043871073],[-6.46149107199994,56.041824272],[-6.46319617799998,56.0330999600001],[-6.46490051599994,56.0243756130001],[-6.46660408499997,56.0156512280001],[-6.46830688599994,56.006926809],[-6.47000891799996,55.9982023520001],[-6.47171018599994,55.9894778610001],[-6.47341068699996,55.9807533330001],[-6.47511042299993,55.9720287700001],[-6.47680939199995,55.9633041710001],[-6.47850759799996,55.9545795350001],[-6.48020504199997,55.9458548650001],[-6.48190172199998,55.9371301580001],[-6.48359763899998,55.928405416],[-6.48529279299993,55.9196806370001],[-6.49697267999994,55.9137429620001],[-6.50864899599998,55.907804173],[-6.52032174299995,55.9018642720001],[-6.53199092399996,55.895923259],[-6.54365653799994,55.8899811360001],[-6.55531858799998,55.8840379010001],[-6.56697707399996,55.8780935570001],[-6.57863199899998,55.8721481040001],[-6.59028335999994,55.8662015420001],[-6.60193116499994,55.8602538700001],[-6.61357540899996,55.8543050910001],[-6.62521609599997,55.8483552050001],[-6.63685322599997,55.8424042130001],[-6.64848680299997,55.836452115],[-6.66011682599998,55.8304989120001],[-6.67174329499994,55.824544603],[-6.68336621399993,55.8185891910001]]]},"properties":{"Property_Description":"MachairWind","Tenant_Name":"MachairWind Limited","Lease_Type_Description":"Agreement/Option for Lease","Property_Classification":"Wind Farm","Project_Phase":"In Planning","Capacity_MW":2000,"OBJECTID_1":29,"Shape__Area":0.10854049167619451,"Shape__Length":1.3318929686142187}},{"type":"Feature","id":30,"geometry":{"type":"Polygon","coordinates":[[[-2.20518618199998,58.9732451940001],[-2.19007082399997,58.9698452810001],[-2.17495844499996,58.9664436040001],[-2.15984904299995,58.963040161],[-2.14474261999993,58.959634953],[-2.12963917499997,58.9562279790001],[-2.11453870999998,58.9528192440001],[-2.09944122399997,58.949408744],[-2.08434671899994,58.9459964820001],[-2.06925519499993,58.9425824580001],[-2.05416665299992,58.939166673],[-2.06710263999997,58.9334225050001],[-2.08003432999993,58.92767704],[-2.09296172499995,58.9219302770001],[-2.10588482599996,58.916182217],[-2.11880363199992,58.9104328610001],[-2.13171814699996,58.9046822110001],[-2.14462837299993,58.8989302670001],[-2.15753430799992,58.893177027],[-2.17043595699994,58.887422497],[-2.18333331899993,58.881666673],[-2.18611432299997,58.873611291],[-2.18889403499998,58.865555838],[-2.19167245799997,58.857500316],[-2.19444958899993,58.8494447260001],[-2.19722543099994,58.8413890640001],[-2.19999998599997,58.833333333],[-2.18476731099997,58.829898804],[-2.16953766399996,58.8264624830001],[-2.15431104299995,58.8230243720001],[-2.13908745199996,58.819584471],[-2.12386688899994,58.816142782],[-2.10864935699993,58.812699304],[-2.09343485499994,58.8092540370001],[-2.07822338399995,58.8058069850001],[-2.06301494699994,58.802358145],[-2.04771022299997,58.798884974],[-2.04731713899997,58.790957926],[-2.04691624399993,58.7828695750001],[-2.04651553399998,58.7747812110001],[-2.04611501299996,58.7666928370001],[-2.04571467599993,58.7586044490001],[-2.06198580999995,58.7604462150001],[-2.07825866399997,58.7622859270001],[-2.09453323599996,58.764123585],[-2.11080952799995,58.7659591890001],[-2.12708753299995,58.7677927380001],[-2.14336725299995,58.7696242330001],[-2.15964868499998,58.7714536710001],[-2.17593182899998,58.773281056],[-2.19221668199998,58.7751063840001],[-2.20850324199995,58.7769296550001],[-2.22479150899994,58.7787508700001],[-2.24108147999993,58.7805700280001],[-2.25737315299995,58.782387128],[-2.27366652899997,58.7842021710001],[-2.28996160199995,58.786015155],[-2.30625837399998,58.787826081],[-2.32255684299997,58.7896349480001],[-2.33885700699994,58.791441757],[-2.35515886299993,58.7932465050001],[-2.37146240899995,58.7950491940001],[-2.38106940499995,58.796110119],[-2.36846494199995,58.8016991000001],[-2.35585691699993,58.8072866210001],[-2.34324484199993,58.8128728980001],[-2.33062871099997,58.8184579300001],[-2.31800852699996,58.8240417170001],[-2.30538428499995,58.829624257],[-2.29275598699996,58.8352055490001],[-2.28012363099998,58.840785592],[-2.26748721399997,58.846364388],[-2.25473616699998,58.8519907090001],[-2.23474132899997,58.8500370730001],[-2.21474876899993,58.8480803460001],[-2.21200372799996,58.8563649880001],[-2.20925735899993,58.8646495560001],[-2.20650902299997,58.8729359770001],[-2.22054569699998,58.8778255650001],[-2.23445015999994,58.88266624],[-2.24835851799997,58.8875054230001],[-2.26227076699996,58.892343113],[-2.27618690999998,58.897179312],[-2.29010694399994,58.9020140160001],[-2.30403087299993,58.906847224],[-2.31795869699994,58.9116789390001],[-2.33189041399993,58.9165091560001],[-2.34582602799998,58.9213378760001],[-2.34101506199994,58.923118935],[-2.32744989999998,58.92813799],[-2.31388080099993,58.9331556170001],[-2.30030776499996,58.9381718170001],[-2.28673078899993,58.94318659],[-2.27314987499994,58.9481999330001],[-2.25956501999997,58.953211846],[-2.24597622399995,58.9582223300001],[-2.23238348599995,58.9632313820001],[-2.21878680599997,58.9682390040001],[-2.20518618199998,58.9732451940001]]]},"properties":{"Property_Description":"Ayre Offshore Wind Farm","Tenant_Name":"Ayre Offshore Wind Farm","Lease_Type_Description":"Agreement/Option for Lease","Property_Classification":"Wind Farm","Project_Phase":"In Planning","Capacity_MW":1008,"OBJECTID_1":30,"Shape__Area":0.031073324294148108,"Shape__Length":1.3831457502135946}},{"type":"Feature","id":31,"geometry":{"type":"Polygon","coordinates":[[[-6.81715325999994,58.3525111170001],[-6.88342678499993,58.3249344380001],[-6.97818386499995,58.376456713],[-6.68155300499996,58.4907615180001],[-6.62503619899996,58.4595220520001],[-6.59709560699997,58.4440779870001],[-6.81715325999994,58.3525111170001]]]},"properties":{"Property_Description":"Spiorad na Mara","Tenant_Name":"Spiorad Na Mara Limited","Lease_Type_Description":"Agreement/Option for Lease","Property_Classification":"Wind Farm","Project_Phase":"In Planning","Capacity_MW":900,"OBJECTID_1":31,"Shape__Area":0.024771895448623127,"Shape__Length":0.83238165404774433}},{"type":"Feature","id":32,"geometry":{"type":"Polygon","coordinates":[[[-6.45176836899998,58.7213797840001],[-6.45895683699996,58.7187471490001],[-6.45174965499996,58.798831605],[-6.42699974099997,58.8188359230001],[-6.34660813799997,58.8433544440001],[-6.32320361099994,58.8613082580001],[-6.31499942199997,58.8638054260001],[-6.26240200399997,58.850822667],[-6.26809912999994,58.787473167],[-6.27425757499998,58.78526128],[-6.28721455399995,58.78060708],[-6.30016806399993,58.7759515760001],[-6.31311810899996,58.7712947680001],[-6.32606468699993,58.766636657],[-6.33900780099998,58.761977244],[-6.35194745099994,58.757316529],[-6.36488363499996,58.752654513],[-6.37730528899993,58.7481902900001],[-6.38972375899993,58.7437248680001],[-6.40213904699993,58.7392582470001],[-6.41455114999997,58.7347904270001],[-6.42696006999995,58.73032141],[-6.43936581099996,58.7258511950001],[-6.45176836899998,58.7213797840001]]]},"properties":{"Property_Description":"Talisk Offshore Wind Project","Tenant_Name":"Magnora Offshore Wind N3 Ltd","Lease_Type_Description":"Agreement/Option for Lease","Property_Classification":"Wind Farm","Project_Phase":"Pre Planning","Capacity_MW":495,"OBJECTID_1":32,"Shape__Area":0.016007226522077644,"Shape__Length":0.55498817454177118}},{"type":"Feature","id":33,"geometry":{"type":"Polygon","coordinates":[[[-0.424731367999925,57.3505491490001],[-0.424654549999957,57.35035221],[-0.437742511999943,57.3505073410001],[-0.442571168999962,57.3505667630001],[-0.457595302999948,57.350749858],[-0.472619583999972,57.350931159],[-0.487644013999954,57.351110668],[-0.502668588999938,57.3512883830001],[-0.517693308999981,57.351464305],[-0.532718172999978,57.3516384340001],[-0.546697762999941,57.351798779],[-0.562767626999971,57.351989254],[-0.575064223999959,57.3550453020001],[-0.577242731999945,57.3555881600001],[-0.591719981999972,57.3591933420001],[-0.606200068999954,57.362796857],[-0.620682994999925,57.3663987040001],[-0.62928818499995,57.3685373710001],[-0.629289148999931,57.3685376110001],[-0.635168756999974,57.3699988820001],[-0.649657356999967,57.3735973930001],[-0.66414879499996,57.3771942330001],[-0.678643069999964,57.380789404],[-0.681507334999935,57.38149939],[-0.681508071999929,57.381499573],[-0.68312741699998,57.381902025],[-0.683296816999928,57.3823915400001],[-0.718434186999957,57.483928511],[-0.718587089999971,57.4843703590001],[-0.669548275999944,57.482745713],[-0.473765285999946,57.4762594600001],[-0.473592887999928,57.475817476],[-0.473328612999978,57.4751399460001],[-0.424992687999975,57.3512191070001],[-0.424731367999925,57.3505491490001]]]},"properties":{"Property_Description":"Muir Mhor","Tenant_Name":"Muir Mhor Offshore Wind Farm","Lease_Type_Description":"Agreement/Option for Lease","Property_Classification":"Wind Farm","Project_Phase":"In Planning","Capacity_MW":1000,"OBJECTID_1":33,"Shape__Area":0.029861689264409463,"Shape__Length":0.75067669041931306}},{"type":"Feature","id":34,"geometry":{"type":"Polygon","coordinates":[[[-5.34734379599996,58.7991797810001],[-5.34873947299997,58.7942653920001],[-5.34904950699996,58.793173236],[-5.91694157899997,58.7858831090001],[-5.56640904599993,58.9213730220001],[-5.35919471299997,59.001989123],[-5.35354893799996,58.9904227900001],[-5.33502302099993,58.975837278],[-5.32202669299994,58.9697264370001],[-5.36602596599994,58.8610355340001],[-5.36422910599993,58.851142495],[-5.35916013699995,58.8416136590001],[-5.35224327199995,58.829276511],[-5.34614992199994,58.8184045720001],[-5.34393589999996,58.813805755],[-5.34734379599996,58.7991797810001]]]},"properties":{"Property_Description":"Havbredey","Tenant_Name":"Havbredey Limited","Lease_Type_Description":"Agreement/Option for Lease","Property_Classification":"Wind Farm","Project_Phase":"Pre Planning","Capacity_MW":1500,"OBJECTID_1":34,"Shape__Area":0.060663484477288421,"Shape__Length":1.4079793846962314}},{"type":"Feature","id":35,"geometry":{"type":"Polygon","coordinates":[[[-4.48400620699994,58.7829824740001],[-4.49999526799996,58.7828933600001],[-4.49998230199998,58.791257763],[-4.49998231899997,58.799923166],[-4.49998233499997,58.8085885570001],[-4.49999426699998,58.8120147120001],[-4.49783149999996,58.8128625030001],[-4.36685578199996,58.8642042490001],[-4.32936815699998,58.9588556300001],[-4.32174967199995,58.978091315],[-4.38990411999993,59.0347585850001],[-4.39015242699998,59.0349618370001],[-4.38833290199995,59.035721564],[-4.37508676699997,59.0412492360001],[-4.36183637799996,59.0467755500001],[-4.34858173299995,59.0523005040001],[-4.33532283399995,59.0578240980001],[-4.32205967799996,59.063346332],[-4.30879226299993,59.0688672040001],[-4.29552058899998,59.0743867140001],[-4.28224465399995,59.079904861],[-4.26896445599994,59.0854216440001],[-4.26507129599997,59.0870380000001],[-4.22691598299997,59.072766603],[-4.18453282999997,59.0569138480001],[-4.12202669199996,59.0335344060001],[-4.09800649099998,59.024550026],[-4.03609408299997,59.001392659],[-4.01471899599994,58.993397642],[-3.92706988799995,58.960613865],[-3.92325533699994,58.959187092],[-3.92055934099994,58.9581786970001],[-3.92037220899994,58.957043856],[-3.91999092299994,58.954731564],[-3.91451698999992,58.9215352680001],[-3.90831749099993,58.883938829],[-4.03544646899996,58.840193603],[-4.11621029499997,58.8124026770001],[-4.19703521699995,58.7845907290001],[-4.19804972199995,58.784241637],[-4.21218124999996,58.7841942640001],[-4.22817144099997,58.784138834],[-4.24416158099996,58.784081423],[-4.26015166799993,58.7840220300001],[-4.27614169699996,58.783960655],[-4.29213166899996,58.783897299],[-4.30812158299995,58.783831961],[-4.32411143599995,58.7837646420001],[-4.34010122399997,58.783695342],[-4.35609095099994,58.7836240600001],[-4.37208060999995,58.7835507950001],[-4.38807019999996,58.783475551],[-4.40405972099995,58.7833983250001],[-4.42004916899998,58.7833191180001],[-4.43603854399993,58.7832379290001],[-4.45202784299994,58.7831547590001],[-4.46801706399998,58.7830696070001],[-4.48400620699994,58.7829824740001]]]},"properties":{"Property_Description":"West of Orkney Wind Farm","Tenant_Name":"Offshore Wind Power Limited","Lease_Type_Description":"Agreement/Option for Lease","Property_Classification":"Wind Farm","Project_Phase":"Consented","Capacity_MW":2000,"OBJECTID_1":35,"Shape__Area":0.10230020208518908,"Shape__Length":1.5704813746544417}},{"type":"Feature","id":36,"geometry":{"type":"Polygon","coordinates":[[[-2.42532061599996,58.006374592],[-2.43196677099996,57.998343278],[-2.43959291799996,58.0059200800001],[-2.44722229099995,58.0134964160001],[-2.45485488599996,58.021072286],[-2.46249071099993,58.028647688],[-2.47012976499997,58.0362226240001],[-2.47777204899995,58.043797091],[-2.48541756699996,58.0513710910001],[-2.49306632099996,58.0589446230001],[-2.50071831399993,58.0665176860001],[-2.50837354699996,58.0740902800001],[-2.51603201999995,58.0816624060001],[-2.52369373899995,58.0892340610001],[-2.53135870299997,58.0968052470001],[-2.53902691799993,58.1043759630001],[-2.54669838099994,58.1119462080001],[-2.55437309799993,58.1195159820001],[-2.56205106999994,58.1270852850001],[-2.56973229999994,58.1346541170001],[-2.56986710999996,58.143089478],[-2.57000198399993,58.151524828],[-2.57013692299995,58.1599601670001],[-2.57027192599998,58.168395494],[-2.57040699099997,58.1768308100001],[-2.57054212299994,58.185266115],[-2.57067731799998,58.193701408],[-2.57081257499993,58.20213669],[-2.57094789799993,58.21057196],[-2.57108328299995,58.219007219],[-2.57108494699997,58.2191108760001],[-2.58150591199995,58.2256010730001],[-2.59193068099995,58.232090414],[-2.60235925799998,58.2385788970001],[-2.61279164299998,58.2450665220001],[-2.62322783899998,58.2515532890001],[-2.63366784499993,58.258039196],[-2.64411166799994,58.264524244],[-2.65455930499996,58.271008431],[-2.66443815399992,58.2771500200001],[-2.67343948399997,58.2827434280001],[-2.67273359699993,58.2836926590001],[-2.67171342599994,58.285225446],[-2.67159068199993,58.2854211330001],[-2.67157577699993,58.2854448960001],[-2.67121159299995,58.2860254600001],[-2.67040286199995,58.2873868730001],[-2.66967658599998,58.288761123],[-2.66903350699994,58.290146823],[-2.66847428199998,58.291542577],[-2.66799948499994,58.2929469760001],[-2.66760960399995,58.2943586050001],[-2.66730504399993,58.2957760410001],[-2.66708612099995,58.2971978530001],[-2.66695306599996,58.2986226080001],[-2.66690602599994,58.300048868],[-2.66694505699996,58.301475193],[-2.66707013099995,58.3029001450001],[-2.66728113199997,58.3043222860001],[-2.66757785499993,58.3057401790001],[-2.66796001499995,58.3071523940001],[-2.66842723299993,58.3085575050001],[-2.66897904699994,58.3099540910001],[-2.66961491199993,58.3113407450001],[-2.67033419399996,58.3127160650001],[-2.67113617599995,58.314078663],[-2.67202005999997,58.3154271610001],[-2.67298495999995,58.316760199],[-2.67402990799997,58.3180764300001],[-2.67515386299993,58.319374522],[-2.67635568999998,58.320653163],[-2.67763418699997,58.321911061],[-2.67898807199992,58.3231469450001],[-2.68041597999996,58.3243595650001],[-2.68191647699996,58.3255476940001],[-2.68348805299996,58.3267101320001],[-2.68512912299997,58.327845703],[-2.68683803899995,58.3289532590001],[-2.68861307399993,58.3300316790001],[-2.69045244099993,58.331079872],[-2.69235428099995,58.3320967810001],[-2.69431667699996,58.333081371],[-2.69633764999998,58.334032651],[-2.69841515699994,58.3349496540001],[-2.70054710399995,58.3358314560001],[-2.70131399399997,58.3361383920001],[-2.70801311699995,58.339025931],[-2.70636817299993,58.3398989340001],[-2.69572405199995,58.3455452810001],[-2.68507653499995,58.3511907380001],[-2.67350839799997,58.3573217530001],[-2.66193625299996,58.3634517150001],[-2.65036009099992,58.3695806250001],[-2.63877991899994,58.375708483],[-2.62719572899994,58.381835288],[-2.61639936899996,58.3754371650001],[-2.60560691699993,58.369038124],[-2.59481837199996,58.362638168],[-2.58403373099998,58.3562372970001],[-2.57325298999996,58.349835512],[-2.56247615199993,58.3434328120001],[-2.55170321299994,58.337029199],[-2.54093416899997,58.330624674],[-2.53016902199994,58.324219236],[-2.51940776799995,58.3178128870001],[-2.50865040499997,58.3114056260001],[-2.49789693099996,58.304997455],[-2.48714734499993,58.2985883740001],[-2.47640164599994,58.2921783830001],[-2.46565982999994,58.285767483],[-2.45492189599997,58.279355675],[-2.44418784499993,58.272942959],[-2.43345767099993,58.2665293360001],[-2.42273137399997,58.260114806],[-2.41200894999997,58.25369937],[-2.40129040199997,58.247283028],[-2.39057572499996,58.2408657810001],[-2.37986491699996,58.234447629],[-2.36915797699993,58.2280285740001],[-2.35845490099996,58.221608615],[-2.34775569099997,58.2151877520001],[-2.33706034399995,58.208765988],[-2.32636885499994,58.202343322],[-2.31568122599992,58.195919754],[-2.30499745299994,58.1894952860001],[-2.29431753599994,58.1830699170001],[-2.28364147299993,58.176643648],[-2.29050882299993,58.168431695],[-2.29737300899995,58.1602193620001],[-2.30423403199995,58.152006649],[-2.31109189499995,58.143793556],[-2.31794660099996,58.1355800850001],[-2.32479815199997,58.1273662350001],[-2.33164654999996,58.119152006],[-2.33849179899994,58.1109373990001],[-2.34533389899997,58.102722414],[-2.35201592399994,58.094695404],[-2.35869494999997,58.086668037],[-2.36537097599995,58.078640308],[-2.37204400599995,58.07061222],[-2.37871404099997,58.062583772],[-2.38538108199998,58.0545549650001],[-2.39204513499993,58.0465257990001],[-2.39870619799996,58.0384962740001],[-2.40536427599994,58.0304663910001],[-2.41201936999994,58.022436149],[-2.41867148299997,58.01440555],[-2.42532061599996,58.006374592]]]},"properties":{"Property_Description":"Caledonia Offshore Wind Farm","Tenant_Name":"Caledonia Offshore Wind Farm","Lease_Type_Description":"Agreement/Option for Lease","Property_Classification":"Wind Farm","Project_Phase":"Consented","Capacity_MW":2000,"OBJECTID_1":36,"Shape__Area":0.065488290511666492,"Shape__Length":1.2013151789882754}},{"type":"Feature","id":37,"geometry":{"type":"Polygon","coordinates":[[[0.0461019200000692,60.420737054],[-0.140939881999941,60.420737054],[-0.137238369999977,60.4258789690001],[-0.131475187999968,60.43388064],[-0.125709171999972,60.441882052],[-0.119940320999945,60.4498832040001],[-0.114168630999927,60.4578840980001],[-0.108394101999977,60.4658847310001],[-0.10261672799993,60.4738851050001],[-0.0968365119999248,60.4818852170001],[-0.0910534479999683,60.4898850710001],[-0.0852675349999572,60.4978846650001],[-0.0794787699999802,60.5058839960001],[-0.073687151999934,60.513883069],[-0.0678926779999642,60.521881878],[-0.0620953459999782,60.5298804280001],[-0.0459977539999272,60.5297757690001],[-0.0299002669999595,60.5296691710001],[-0.0138028869999403,60.529560632],[0.00229438500002743,60.5294501540001],[0.0183915460000321,60.5293377350001],[0.0344885950000275,60.5292233740001],[0.0505855290000454,60.5291070740001],[0.0502250330000606,60.520420567],[0.0498647290000349,60.5117340460001],[0.0495046160000356,60.5030475120001],[0.0491446990000668,60.494360967],[0.0487849720000213,60.4856744080001],[0.0484254390000274,60.4769878380001],[0.0480660970000599,60.468301255],[0.0477069470000515,60.4596146600001],[0.0473479900000484,60.450928053],[0.0469892230000255,60.4422414320001],[0.0466306480000753,60.433554799],[0.0462722640000379,60.4248681560001],[0.0461019200000692,60.420737054]]]},"properties":{"Property_Description":"Stoura Offshore Wind Farm","Tenant_Name":"Shetland Offshore Wind Ltd","Lease_Type_Description":"Agreement/Option for Lease","Property_Classification":"Wind Farm","Project_Phase":"Pre Planning","Capacity_MW":500,"OBJECTID_1":37,"Shape__Area":0.016320264775873561,"Shape__Length":0.5428311283441718}},{"type":"Feature","id":38,"geometry":{"type":"Polygon","coordinates":[[[-0.513126790999934,60.1464725770001],[-0.530592609999928,60.1462481300001],[-0.548058191999928,60.1460213810001],[-0.562324479999972,60.1457509470001],[-0.57659053499998,60.145478978],[-0.582471859999941,60.1524820880001],[-0.588355688999968,60.1594849300001],[-0.594242017999932,60.166487503],[-0.600130854999975,60.1734898080001],[-0.606022197999948,60.180491842],[-0.604290875999936,60.18114854],[-0.601648689999934,60.1821670910001],[-0.601554122999971,60.1822040480001],[-0.598782387999961,60.1832934990001],[-0.596172594999928,60.1843361150001],[-0.596081798999933,60.1843728790001],[-0.593364452999936,60.1854795990001],[-0.59334948299994,60.1854857000001],[-0.590763206999952,60.186556146],[-0.59070866299993,60.1865790260001],[-0.587995958999954,60.187723539],[-0.586619384999949,60.1883136870001],[-0.585454330999937,60.188813155],[-0.585359596999979,60.1888543160001],[-0.582746016999977,60.18999639],[-0.582719483999938,60.1900080030001],[-0.582712474999937,60.1900110970001],[-0.580207280999957,60.1911233260001],[-0.580136522999965,60.1911551590001],[-0.577525347999938,60.192336739],[-0.575288109999974,60.1933632760001],[-0.572087687999954,60.194862303],[-0.569950258999938,60.1958817380001],[-0.569828037999969,60.195940695],[-0.567339808999975,60.1971477450001],[-0.564945218999981,60.198327777],[-0.564849030999937,60.198375814],[-0.56239459699998,60.199608529],[-0.560038985999938,60.200810333],[-0.559933168999976,60.2008650400001],[-0.557585174999929,60.2020859560001],[-0.555220149999968,60.2033347720001],[-0.555109889999926,60.2033938020001],[-0.552761587999953,60.204658099],[-0.550740041999973,60.205761044],[-0.550675868999974,60.2057965020001],[-0.548875979999934,60.206796802],[-0.546880653999949,60.207917573],[-0.545570966999946,60.2086662390001],[-0.545505884999955,60.208703604],[-0.54544186499993,60.208740038],[-0.545434301999933,60.2087443630001],[-0.543526091999979,60.2098472700001],[-0.543451679999976,60.2098902920001],[-0.543443894999939,60.2098948440001],[-0.541256062999935,60.2111781510001],[-0.541163617999928,60.211233125],[-0.538950008999961,60.212556954],[-0.536802295999962,60.213861986],[-0.53669317799995,60.213929218],[-0.534542243999965,60.215261932],[-0.53243901899998,60.2165861610001],[-0.532335662999969,60.2166521450001],[-0.530230995999943,60.2180036020001],[-0.528480305999949,60.219142397],[-0.52840051499993,60.219194992],[-0.526936087999957,60.220165911],[-0.524988313999927,60.2214717310001],[-0.523762490999957,60.222308475],[-0.523707083999966,60.222346504],[-0.523632990999943,60.222396883],[-0.521914305999928,60.2235847210001],[-0.521866182999929,60.2236180030001],[-0.52186052199994,60.2236219530001],[-0.519899051999971,60.2249985290001],[-0.519787755999971,60.2250777670001],[-0.517843641999946,60.226470239],[-0.515923520999934,60.2278686500001],[-0.515822224999965,60.2279435080001],[-0.513924624999959,60.2293543440001],[-0.512052753999967,60.2307696990001],[-0.511952361999931,60.230846742],[-0.510108729999956,60.2322703120001],[-0.508276114999944,60.2337098030001],[-0.508191907999958,60.2337769580001],[-0.506390290999946,60.2352226470001],[-0.50460931899994,60.236676867],[-0.504523597999935,60.2367479490001],[-0.502776249999954,60.238206038],[-0.501175036999939,60.239563624],[-0.499031589999959,60.2414244230001],[-0.499012783999945,60.241440803],[-0.499003172999949,60.2414492720001],[-0.497572124999976,60.2427181530001],[-0.497467745999927,60.2428119350001],[-0.495839003999947,60.244285136],[-0.494214089999957,60.24578224],[-0.494118029999925,60.2458722120001],[-0.494014830999959,60.245969523],[-0.493878683999981,60.2460951030001],[-0.49374183499998,60.2462244440001],[-0.477272266999933,60.2489957450001],[-0.460799917999964,60.251765],[-0.453060379999954,60.25306527],[-0.449984649999976,60.2500000060001],[-0.43999998399994,60.240000003],[-0.429999982999959,60.230000004],[-0.419999982999968,60.220000004],[-0.409999982999977,60.2100000040001],[-0.39999998299993,60.2000000030001],[-0.389999982999939,60.1900000030001],[-0.379999982999948,60.1800000040001],[-0.369999982999957,60.170000004],[-0.359999983999955,60.160000004],[-0.349999983999965,60.150000004],[-0.348474851999924,60.1484748720001],[-0.35592404099998,60.1483889790001],[-0.373391904999949,60.148185256],[-0.390859551999938,60.14797923],[-0.40832697999997,60.147770902],[-0.425794182999937,60.147560271],[-0.443261163999978,60.1473473390001],[-0.460727915999939,60.1471321020001],[-0.478194439999925,60.1469145620001],[-0.495660731999976,60.1466947220001],[-0.513126790999934,60.1464725770001]]]},"properties":{"Property_Description":"Arven South ","Tenant_Name":"Arven South Limited","Lease_Type_Description":"Agreement/Option for Lease","Property_Classification":"Wind Farm","Project_Phase":"Pre Planning","Capacity_MW":500,"OBJECTID_1":38,"Shape__Area":0.016217701669850371,"Shape__Length":0.59395231636509471}},{"type":"Feature","id":39,"geometry":{"type":"MultiPolygon","coordinates":[[[[-2.93470841999994,58.1107872740001],[-2.93478198999998,58.1107833230001],[-2.93485573899994,58.1107861930001],[-2.93492742499996,58.110795798],[-2.93499487199995,58.110811846],[-2.93505602899995,58.110833848],[-2.93510903699996,58.110861137],[-2.93515228699994,58.1108928830001],[-2.93518446499996,58.1109281220001],[-2.93520459299998,58.110965783],[-2.93521205899998,58.1110047220001],[-2.93520663599998,58.1110437550001],[-2.93518848799994,58.111081697],[-2.93515816799993,58.1111173940001],[-2.93511659699993,58.1111497630001],[-2.93506503699996,58.111177819],[-2.93500505599997,58.11120071],[-2.93493847499997,58.11121774],[-2.93486731799993,58.111228393],[-2.93479374699996,58.111232344],[-2.93471999699995,58.111229474],[-2.93464830999994,58.1112198690001],[-2.93458086299995,58.111203822],[-2.93451970599995,58.111181818],[-2.93446669699995,58.111154529],[-2.93442344699997,58.111122783],[-2.93439126899995,58.111087544],[-2.93437114199997,58.1110498830001],[-2.93436367799995,58.111010944],[-2.93436910199995,58.110971911],[-2.93438724999993,58.110933969],[-2.93441757099993,58.110898272],[-2.93445914199998,58.110865904],[-2.93451070199995,58.1108378480001],[-2.93457068299995,58.1108149570001],[-2.93463726399995,58.1107979270001],[-2.93470841999994,58.1107872740001]]],[[[-3.11274043899994,58.0613534770001],[-3.11281388699996,58.0613494230001],[-3.11288754599997,58.0613521910001],[-3.11295917999996,58.0613616960001],[-3.11302661199994,58.0613776500001],[-3.11308779199993,58.0613995670001],[-3.11314086199997,58.0614267820001],[-3.11318420899994,58.0614584670001],[-3.11321651699996,58.061493661],[-3.11323680299995,58.0615312940001],[-3.11324445199995,58.0615702210001],[-3.11323922999998,58.061609262],[-3.11322129599995,58.061647228],[-3.11319119499996,58.0616829670001],[-3.11314984299997,58.061715394],[-3.11309849499997,58.061743522],[-3.11303871099994,58.0617664960001],[-3.11297230799994,58.061783619],[-3.11290130299994,58.06179437],[-3.11282785499998,58.0617984240001],[-3.11275419399993,58.0617956560001],[-3.11268255999994,58.061786151],[-3.11261512799996,58.061770198],[-3.11255394699998,58.0617482800001],[-3.11250087699995,58.061721065],[-3.11245752999997,58.061689379],[-3.11242522299995,58.0616541850001],[-3.11240493699995,58.061616552],[-3.11239728999993,58.0615776240001],[-3.11240251299995,58.0615385840001],[-3.11242044699998,58.0615006180001],[-3.11245054899996,58.061464879],[-3.11249190099994,58.0614324530001],[-3.11254324899994,58.0614043260001],[-3.11260303299997,58.0613813520001],[-3.11266943599998,58.0613642280001],[-3.11274043899994,58.0613534770001]]]]},"properties":{"Property_Description":"Moray West OFTO","Tenant_Name":"Moray Offshore Windfarm (West)","Lease_Type_Description":"Lease Marine","Property_Classification":"OFTO","Project_Phase":"Operational","Capacity_MW":null,"OBJECTID_1":39,"Shape__Area":5.9504414195998834E-07,"Shape__Length":0.0041660409391807377}},{"type":"Feature","id":40,"geometry":{"type":"Polygon","coordinates":[[[-2.84131154499994,58.118246287],[-2.84737370499994,58.109720876],[-2.85678384899995,58.0990433100001],[-2.86779450899996,58.0897229780001],[-2.88062768799995,58.0812926180001],[-2.89292424099995,58.0745491170001],[-2.91327016299994,58.065759003],[-2.95542750799996,58.057220563],[-2.95801166699994,58.0566965880001],[-3.09635721099994,58.028546163],[-3.09796082099996,58.0282187220001],[-3.21643559899996,58.0039549950001],[-3.21740234099997,58.032420298],[-3.21764933399993,58.039684192],[-3.21778278299996,58.0436073750001],[-3.21706496699994,58.0440210300001],[-3.21650003599996,58.0443569550001],[-3.21601312399997,58.04464648],[-3.21268900799993,58.0466228780001],[-3.20840729499997,58.049257611],[-3.20420388699995,58.0519336580001],[-3.20009469999997,58.0546503190001],[-3.19606251399995,58.0574089780001],[-3.19214047799994,58.060192053],[-3.19143702699995,58.0607055820001],[-3.19096850799997,58.061036915],[-3.18712478199996,58.0638612020001],[-3.18338988999994,58.066726062],[-3.17973331599995,58.069616012],[-3.17617096399994,58.072547209],[-3.17301342799993,58.0752545610001],[-3.17054473099995,58.077009655],[-3.16670100599993,58.0798404110001],[-3.16295019599994,58.08269625],[-3.15990281699993,58.0851131970001],[-3.15824640499994,58.0864291610001],[-3.15469998699996,58.0893505390001],[-3.15123054699995,58.0923131490001],[-3.14787126499994,58.095308543],[-3.14460489699997,58.098328279],[-3.14143276399994,58.1013814830001],[-3.13836946699996,58.1044590220001],[-3.13576007699993,58.107196958],[-3.13288525199994,58.1076768010001],[-3.12664981999995,58.108776258],[-3.12044623099996,58.1099346890001],[-3.11427450299993,58.1111499830001],[-3.10814790699993,58.1124158170001],[-3.10205447799996,58.1137392000001],[-3.09602211799995,58.1151201280001],[-3.09588142699994,58.115153139],[-3.09405379999993,58.115583003],[-3.08805328399995,58.1170137280001],[-3.08211515999994,58.118510417],[-3.08027027699995,58.1189816720001],[-3.07937968999994,58.119172],[-3.07330086099995,58.1204944310001],[-3.06725390199995,58.1218835190001],[-3.06125338699997,58.1233139970001],[-3.05531525999993,58.124810418],[-3.04940897899996,58.1263566310001],[-3.04828346699998,58.1266627750001],[-3.04718981199994,58.1269520700001],[-3.04132998899996,58.1285557580001],[-3.03554847899994,58.1302085250001],[-3.03378552099997,58.1307306950001],[-3.03079759799994,58.131615595],[-3.02979747699993,58.1319117640001],[-3.02412480199996,58.1336717830001],[-3.01849990699998,58.135482267],[-3.01293605499995,58.1373417840001],[-3.00743592099997,58.1392587670001],[-3.00199815999997,58.141217757],[-2.99662278999995,58.1432334890001],[-2.99130979199992,58.1452996360001],[-2.98607510399995,58.1474063580001],[-2.98090279299993,58.1495627830001],[-2.97580879699996,58.1517681930001],[-2.97077585799997,58.1540239830001],[-2.96583847699998,58.1563203220001],[-2.96238495899996,58.1579640800001],[-2.96229072299997,58.158013182],[-2.95733742099998,58.160309264],[-2.95246241499996,58.1626549970001],[-2.94766439299997,58.165041955],[-2.94294600499995,58.1674694390001],[-2.93832052999994,58.169946542],[-2.93375743399997,58.1724564360001],[-2.92928857599998,58.17501593],[-2.92489669099996,58.177616614],[-2.92058444899993,58.180257768],[-2.91638103699995,58.182932378],[-2.91225592599994,58.1856474420001],[-2.90820780799993,58.188404356],[-2.90426984699997,58.191193297],[-2.90041019899996,58.194015655],[-2.89664477699995,58.196878439],[-2.89633154899997,58.1971342200001],[-2.89600371799997,58.1973815900001],[-2.89572233199993,58.197596026],[-2.89458221899997,58.1983633470001],[-2.89053410299994,58.201119272],[-2.88658154199993,58.2039072040001],[-2.88640900599995,58.2040389250001],[-2.88297140999993,58.2055319470001],[-2.87793979299994,58.207784309],[-2.87419013499994,58.2095200480001],[-2.86246489599995,58.200912766],[-2.85292392499997,58.191839508],[-2.84574968899994,58.183172583],[-2.84353734199993,58.17969393],[-2.84070075699998,58.1752354390001],[-2.83747120599998,58.1676417240001],[-2.83460052099997,58.159913654],[-2.83317276799994,58.149079682],[-2.83376424999994,58.1388141790001],[-2.83576749999997,58.1316133070001],[-2.83769439499997,58.126091912],[-2.84131154499994,58.118246287]],[[-2.93485573899994,58.1107861930001],[-2.93478198999998,58.1107833230001],[-2.93470841999994,58.1107872740001],[-2.93463726399995,58.1107979270001],[-2.93457068299995,58.1108149570001],[-2.93451070199995,58.1108378480001],[-2.93445914199998,58.110865904],[-2.93441757099993,58.110898272],[-2.93438724999993,58.110933969],[-2.93436910199995,58.110971911],[-2.93436367799995,58.111010944],[-2.93437114199997,58.1110498830001],[-2.93439126899995,58.111087544],[-2.93442344699997,58.111122783],[-2.93446669699995,58.111154529],[-2.93451970599995,58.111181818],[-2.93458086299995,58.111203822],[-2.93464830999994,58.1112198690001],[-2.93471999699995,58.111229474],[-2.93479374699996,58.111232344],[-2.93486731799993,58.111228393],[-2.93493847499997,58.11121774],[-2.93500505599997,58.11120071],[-2.93506503699996,58.111177819],[-2.93511659699993,58.1111497630001],[-2.93515816799993,58.1111173940001],[-2.93518848799994,58.111081697],[-2.93520663599998,58.1110437550001],[-2.93521205899998,58.1110047220001],[-2.93520459299998,58.110965783],[-2.93518446499996,58.1109281220001],[-2.93515228699994,58.1108928830001],[-2.93510903699996,58.110861137],[-2.93505602899995,58.110833848],[-2.93499487199995,58.110811846],[-2.93492742499996,58.110795798],[-2.93485573899994,58.1107861930001]],[[-3.11274043899994,58.0613534770001],[-3.11266943599998,58.0613642280001],[-3.11260303299997,58.0613813520001],[-3.11254324899994,58.0614043260001],[-3.11249190099994,58.0614324530001],[-3.11245054899996,58.061464879],[-3.11242044699998,58.0615006180001],[-3.11240251299995,58.0615385840001],[-3.11239728999993,58.0615776240001],[-3.11240493699995,58.061616552],[-3.11242522299995,58.0616541850001],[-3.11245752999997,58.061689379],[-3.11250087699995,58.061721065],[-3.11255394699998,58.0617482800001],[-3.11261512799996,58.061770198],[-3.11268255999994,58.061786151],[-3.11275419399993,58.0617956560001],[-3.11282785499998,58.0617984240001],[-3.11290130299994,58.06179437],[-3.11297230799994,58.061783619],[-3.11303871099994,58.0617664960001],[-3.11309849499997,58.061743522],[-3.11314984299997,58.061715394],[-3.11319119499996,58.0616829670001],[-3.11322129599995,58.061647228],[-3.11323922999998,58.061609262],[-3.11324445199995,58.0615702210001],[-3.11323680299995,58.0615312940001],[-3.11321651699996,58.061493661],[-3.11318420899994,58.0614584670001],[-3.11314086199997,58.0614267820001],[-3.11308779199993,58.0613995670001],[-3.11302661199994,58.0613776500001],[-3.11295917999996,58.0613616960001],[-3.11288754599997,58.0613521910001],[-3.11281388699996,58.0613494230001],[-3.11274043899994,58.0613534770001]]]},"properties":{"Property_Description":"Moray West","Tenant_Name":"Moray Offshore Windfarm (West)","Lease_Type_Description":"Lease Marine","Property_Classification":"Wind Farm","Project_Phase":"Operational","Capacity_MW":882,"OBJECTID_1":40,"Shape__Area":0.034283697267454727,"Shape__Length":0.939658668470737}},{"type":"Feature","id":41,"geometry":{"type":"Polygon","coordinates":[[[-0.713143561999971,56.4385536500001],[-0.722830263999924,56.4372424650001],[-0.744921894999948,56.4524728590001],[-0.754934974999969,56.459390408],[-0.764951683999925,56.466307171],[-0.774972027999979,56.4732231460001],[-0.784996003999936,56.4801383340001],[-0.78657755699993,56.481228871],[-0.79502361699997,56.487052734],[-0.805054868999946,56.493966345],[-0.815089759999978,56.5008791660001],[-0.825128293999967,56.5077911970001],[-0.83517046999998,56.514702437],[-0.845216291999975,56.5216128850001],[-0.850260268999932,56.525080943],[-0.855265762999977,56.5285225420001],[-0.865318882999929,56.535431406],[-0.875375652999935,56.5423394760001],[-0.88543607899993,56.549246752],[-0.895500158999937,56.5561532340001],[-0.905567893999944,56.5630589200001],[-0.915639290999934,56.56996381],[-0.925714349999964,56.576867904],[-0.935793069999932,56.5837712000001],[-0.945875454999964,56.590673698],[-0.955961505999937,56.5975753980001],[-0.966051227999969,56.6044762990001],[-0.976144618999967,56.6113764],[-0.976947610999957,56.611925082],[-0.986241685999971,56.6182757020001],[-0.99634242299993,56.6251742000001],[-1.00644683999997,56.632071899],[-1.01655493499993,56.6389687930001],[-1.02521323599996,56.644873637],[-1.02666670899993,56.645864885],[-1.03678216599997,56.652760174],[-1.04690130799997,56.6596546580001],[-1.05702413499995,56.6665483370001],[-1.06715064999997,56.6734412110001],[-1.07728085499997,56.680333278],[-1.08741475399995,56.68722454],[-1.09755234399995,56.694114992],[-1.10769363299994,56.701004637],[-1.11783861899994,56.7078934730001],[-1.12798730399993,56.7147815000001],[-1.13813969199992,56.7216687160001],[-1.14829577999996,56.7285551210001],[-1.15339931199998,56.7320139350001],[-1.15845557799997,56.735440715],[-1.16861908099997,56.7423254970001],[-1.17878629499995,56.7492094660001],[-1.18895721899997,56.756092623],[-1.19669050099998,56.7613235790001],[-1.19913185899998,56.762974963],[-1.20931021099994,56.769856492],[-1.21949228299997,56.776737203],[-1.21923728199994,56.7773242540001],[-1.21603351299996,56.784699844],[-1.21257324799996,56.7926623720001],[-1.21131469499994,56.7955571730001],[-1.20911148399995,56.800624784],[-1.20564821599993,56.808587082],[-1.19826653899997,56.8151444270001],[-1.19709136299997,56.8161883700001],[-1.18853102199995,56.8237890400001],[-1.17996719299992,56.831389093],[-1.17139987299993,56.838988527],[-1.16282906199996,56.8465873440001],[-1.15425475599994,56.854185541],[-1.14567695199997,56.8617831180001],[-1.13709564899995,56.8693800730001],[-1.12851084399995,56.8769764100001],[-1.11992253499994,56.8845721230001],[-1.11133072199993,56.8921672160001],[-1.10273539999997,56.899761686],[-1.09587671199995,56.905818767],[-1.09579615899997,56.905889905],[-1.09516051699995,56.9064512570001],[-1.09413656599997,56.9073555350001],[-1.07977454899998,56.9061388360001],[-1.07913069499995,56.905701977],[-1.07872019399997,56.905423447],[-1.07733255599993,56.904481923],[-1.06954863199996,56.8992004630001],[-1.05932649699997,56.8922612710001],[-1.04910814599998,56.885321262],[-1.03889356999997,56.8783804350001],[-1.03550939599995,56.876079759],[-1.02868277199997,56.8714387900001],[-1.01847574799996,56.8644963300001],[-1.00827249599996,56.8575530520001],[-0.998073014999932,56.8506089620001],[-0.997361438999974,56.850124264],[-0.987877301999958,56.8436640560001],[-0.977685354999949,56.836718336],[-0.96749717299997,56.829771803],[-0.95731275299994,56.8228244580001],[-0.947132092999937,56.8158763010001],[-0.936955190999925,56.808927334],[-0.926782046999961,56.8019775550001],[-0.916612655999927,56.7950269670001],[-0.906447016999948,56.78807557],[-0.896285128999978,56.781123365],[-0.886126987999944,56.774170353],[-0.87597259599994,56.767216531],[-0.865821946999972,56.760261906],[-0.855675039999937,56.7533064720001],[-0.84553187299997,56.746350234],[-0.835392443999979,56.7393931930001],[-0.825256751999973,56.732435346],[-0.82217181599998,56.730316605],[-0.815124794999974,56.725476696],[-0.804996570999947,56.718517245],[-0.794872074999944,56.7115569910001],[-0.784751308999944,56.704595936],[-0.774634266999954,56.6976340800001],[-0.764520949999962,56.6906714240001],[-0.75441135799997,56.6837079700001],[-0.752335165999966,56.682277206],[-0.747940128999971,56.679248457],[-0.744305484999927,56.676743716],[-0.734203329999957,56.6697786660001],[-0.724104890999968,56.662812816],[-0.71401016599998,56.6558461700001],[-0.703919154999937,56.648878729],[-0.693831853999939,56.6419104920001],[-0.683748259999959,56.634941462],[-0.673668374999977,56.6279716350001],[-0.663592192999943,56.621001016],[-0.65351971399997,56.6140296040001],[-0.643450935999965,56.6070574010001],[-0.633385852999936,56.600084404],[-0.623324470999933,56.5931106190001],[-0.613266781999926,56.586136041],[-0.603212784999926,56.5791606750001],[-0.593162478999943,56.5721845200001],[-0.583115860999953,56.5652075770001],[-0.573072930999956,56.5582298470001],[-0.563033685999926,56.551251328],[-0.552998120999973,56.5442720240001],[-0.542966238999952,56.5372919340001],[-0.532938034999972,56.530311059],[-0.522913507999931,56.523329399],[-0.512892655999963,56.5163469560001],[-0.502875475999929,56.5093637300001],[-0.492861967999943,56.5023797210001],[-0.491651415999968,56.501535007],[-0.482852127999934,56.49539493],[-0.472845955999958,56.4884093580001],[-0.473783977999972,56.4866806800001],[-0.488456436999968,56.484118714],[-0.489074141999936,56.4840107680001],[-0.503126962999943,56.4815549950001],[-0.507901088999972,56.4807200210001],[-0.517795550999949,56.478989524],[-0.53246220699998,56.4764223010001],[-0.54712692399994,56.473853327],[-0.561789702999931,56.4712826030001],[-0.576450540999929,56.4687101280001],[-0.591109440999958,56.4661359040001],[-0.605766398999947,56.46355993],[-0.615880087999926,56.4617809970001],[-0.620421412999974,56.4609822080001],[-0.625837562999948,56.4600287690001],[-0.632623814999931,56.458834143],[-0.635074482999926,56.458402737],[-0.649725607999926,56.455821519],[-0.66316244099994,56.4518343780001],[-0.676596485999937,56.447845756],[-0.690027742999973,56.4438556540001],[-0.703456212999924,56.439864072],[-0.713143561999971,56.4385536500001]]]},"properties":{"Property_Description":"Morven","Tenant_Name":"Morven Offshore Wind Limited","Lease_Type_Description":"Agreement/Option for Lease","Property_Classification":"Wind Farm","Project_Phase":"In Planning","Capacity_MW":2907,"OBJECTID_1":41,"Shape__Area":0.12575979470980059,"Shape__Length":1.7927053352459565}},{"type":"Feature","id":42,"geometry":{"type":"Polygon","coordinates":[[[-0.177496670999972,60.3698423980001],[-0.173808049999934,60.3749822570001],[-0.169995057999927,60.3749822360001],[-0.159995066999954,60.374982177],[-0.149995070999978,60.374982118],[-0.13999507099993,60.3749820620001],[-0.129995076999933,60.374982006],[-0.119995091999954,60.374981953],[-0.109995106999975,60.3749818970001],[-0.099995392999972,60.374981882],[-0.0899951239999268,60.3749817880001],[-0.0799951299999293,60.374981732],[-0.0699951409999358,60.3749816710001],[-0.0599951629999396,60.3749816120001],[-0.0499951879999685,60.374981554],[-0.0399951969999393,60.3749814980001],[-0.0299952009999629,60.374981442],[-0.019995200999972,60.3749813840001],[-0.00999521099993217,60.374981328],[4.77500003626119E-06,60.3749812730001],[0.0100047690000338,60.374981215],[0.0200047590000736,60.3749811580001],[0.0300047400000381,60.374981103],[0.0400047270000528,60.374981043],[0.0442232910000371,60.374981016],[0.0441306280000617,60.372729076],[0.0437733880000337,60.3640424870001],[0.0434163430000467,60.3553558900001],[0.0430594940000333,60.3466692790001],[0.0427028940000582,60.3379826460001],[0.0423465750000673,60.32929599],[0.0419904830000633,60.320609318],[0.0416345940000724,60.311922634],[0.0412788900000578,60.3032359370001],[0.0409233640000366,60.2945492280001],[0.0405680280000524,60.285862503],[0.0402128920000564,60.277175771],[0.03985794700003,60.2684890210001],[0.0395031710000353,60.259802257],[0.0281752860000211,60.2537361020001],[0.0168515990000628,60.247668977],[0.00553208800005223,60.2416008750001],[-0.00578323199994202,60.235531806],[-0.0170943709999278,60.2294617650001],[-0.0284013269999264,60.2233907580001],[-0.0397040989999482,60.2173187770001],[-0.051002690999951,60.211245837],[-0.0622971039999243,60.205171921],[-0.0735873469999433,60.199097038],[-0.0848734249999552,60.1930211920001],[-0.0961553289999415,60.186944381],[-0.107433051999976,60.180866603],[-0.118706601999975,60.1747878670001],[-0.129976007999971,60.1687081530001],[-0.141241253999965,60.1626274830001],[-0.152502337999977,60.1565458570001],[-0.153510994999976,60.156000835],[-0.159995361999961,60.1624851560001],[-0.169995348999976,60.172485077],[-0.179995338999959,60.182485],[-0.189995347999968,60.192484913],[-0.19999533999993,60.202484837],[-0.20999532899998,60.2124847520001],[-0.219995338999979,60.222484669],[-0.229995326999926,60.2324845890001],[-0.23999532299996,60.242484505],[-0.244995314999926,60.247484467],[-0.249995300999956,60.247484495],[-0.259995281999977,60.247484553],[-0.269995265999967,60.2474846100001],[-0.279995256999939,60.247484661],[-0.28999523899995,60.247484716],[-0.299995219999971,60.2474847730001],[-0.309995190999928,60.247484828],[-0.319995165999956,60.2474848840001],[-0.329995151999924,60.247484942],[-0.339995132999945,60.2474849960001],[-0.342495127999939,60.2474850090001],[-0.349995122999928,60.2549849390001],[-0.359995128999969,60.2649848660001],[-0.36749511599993,60.2724848020001],[-0.367495129999952,60.279984701],[-0.367495143999975,60.2855749080001],[-0.361071331999938,60.288607159],[-0.349004307999962,60.294300112],[-0.336933063999936,60.2999919530001],[-0.331725062999965,60.3024489680001],[-0.325374100999966,60.3076005500001],[-0.319021132999978,60.3127518260001],[-0.312666166999975,60.3179027900001],[-0.311523836999925,60.3258525300001],[-0.31038095699995,60.3338022570001],[-0.30923751499995,60.341751957],[-0.308093492999944,60.34970164],[-0.306948868999939,60.3576513],[-0.305803585999968,60.3656009200001],[-0.304372193999939,60.366814919],[-0.287997770999937,60.3672124730001],[-0.271622927999942,60.3676080120001],[-0.255247690999965,60.3680015360001],[-0.238872061999928,60.3683930500001],[-0.222496046999936,60.3687825480001],[-0.209883311999931,60.369081156],[-0.197636066999962,60.3659067],[-0.196174001999964,60.3665916100001],[-0.195552392999957,60.3664307130001],[-0.194487107999976,60.3669294860001],[-0.188834823999969,60.3695767980001],[-0.187500089999958,60.3696002830001],[-0.177496670999972,60.3698423980001]]]},"properties":{"Property_Description":"Arven Offshore Wind Farm","Tenant_Name":"Arven Offshore Wind Farm","Lease_Type_Description":"Agreement/Option for Lease","Property_Classification":"Wind Farm","Project_Phase":"Pre Planning","Capacity_MW":1800,"OBJECTID_1":42,"Shape__Area":0.058397889002114844,"Shape__Length":1.076449234402336}},{"type":"Feature","id":43,"geometry":{"type":"Polygon","coordinates":[[[-1.77221253999994,58.2466164690001],[-1.77067757499998,58.2468177430001],[-1.75888578599995,58.2483632730001],[-1.75421134699997,58.2489756050001],[-1.73774314599996,58.2511313350001],[-1.72127297399993,58.2532849340001],[-1.70746515699994,58.2507833550001],[-1.70542575999997,58.2504137190001],[-1.68958112999997,58.247540547],[-1.67373909099996,58.24466542],[-1.65789964099997,58.241788338],[-1.64221596499993,58.23893716],[-1.65316204399994,58.2350517260001],[-1.67652950899998,58.2267511850001],[-1.70798799899995,58.21556366],[-1.70694442299992,58.202448976],[-1.70672102099996,58.199640238],[-1.71197226299995,58.2008917680001],[-1.78952570799993,58.2362911450001],[-1.80360410399993,58.242495638],[-1.77221253999994,58.2466164690001]]]},"properties":{"Property_Description":"Sinclair","Tenant_Name":"Sinclair Offshore Wind Farm","Lease_Type_Description":"Exclusivity Agreement","Property_Classification":"Wind Farm","Project_Phase":"Pre Planning","Capacity_MW":100,"OBJECTID_1":43,"Shape__Area":0.0038082196636679555,"Shape__Length":0.35519278837477841}},{"type":"Feature","id":44,"geometry":{"type":"Polygon","coordinates":[[[-1.59915205599998,58.2490750100001],[-1.59984268299996,58.187543067],[-1.62493767699993,58.178828836],[-1.70672109399993,58.1996402290001],[-1.70825279099995,58.2154706800001],[-1.70772320699996,58.2156566400001],[-1.68285281199996,58.2244716710001],[-1.65797011899997,58.2332817970001],[-1.63307512999995,58.2420870110001],[-1.60790050999998,58.25110621],[-1.59915205599998,58.2490750100001]]]},"properties":{"Property_Description":"Scaraben","Tenant_Name":"Scaraben Offshore Wind Farm","Lease_Type_Description":"Exclusivity Agreement","Property_Classification":"Wind Farm","Project_Phase":"Pre Planning","Capacity_MW":100,"OBJECTID_1":44,"Shape__Area":0.0050533646086563522,"Shape__Length":0.30386791863781648}},{"type":"Feature","id":45,"geometry":{"type":"Polygon","coordinates":[[[-1.11967368899997,57.501142223],[-1.21186371399995,57.46952896],[-1.22686803499994,57.482202682],[-1.22859948999997,57.491540645],[-1.15556926999994,57.5169610280001],[-1.13659348199997,57.515463669],[-1.11967368899997,57.501142223]]]},"properties":{"Property_Description":"Flora","Tenant_Name":"Jera Nex BP North East Limited","Lease_Type_Description":"Exclusivity Agreement","Property_Classification":"Wind Farm","Project_Phase":"Pre Planning","Capacity_MW":50,"OBJECTID_1":45,"Shape__Area":0.002495326019399613,"Shape__Length":0.24512732380440527}},{"type":"Feature","id":46,"geometry":{"type":"Polygon","coordinates":[[[-6.74925795899998,55.4671153400001],[-6.74954036799994,55.469610409],[-6.74852019599996,55.469499897],[-6.61386014799996,55.4549125630001],[-6.60532671299995,55.453988161],[-6.60453868299993,55.4477439200001],[-6.60360287399993,55.4403287040001],[-6.60361060799994,55.440327048],[-6.60449528899994,55.4401379830001],[-6.60607432799998,55.439801232],[-6.60780156699997,55.439431278],[-6.60819068699993,55.4393484620001],[-6.60896911299994,55.439182788],[-6.60898267299996,55.439179821],[-6.61018884699996,55.4389086100001],[-6.61201818299998,55.43849799],[-6.61336553499996,55.438193288],[-6.61465247099994,55.4379030740001],[-6.61466387499996,55.437900443],[-6.61581968699994,55.4376278570001],[-6.61695470199993,55.4373589740001],[-6.61804933199994,55.4371007840001],[-6.61912920999993,55.436844804],[-6.62023224299998,55.4365830250001],[-6.62024119099993,55.436580866],[-6.62132287999998,55.4363152060001],[-6.62250021299997,55.4360229590001],[-6.62338552899996,55.4358004420001],[-6.62499795299993,55.435399713],[-6.62622760499994,55.435092598],[-6.62624113899994,55.435089131],[-6.62729838299992,55.4348114700001],[-6.62832230399994,55.4345480740001],[-6.62832699299997,55.4345468560001],[-6.62916309899992,55.434328017],[-6.62993079199993,55.4341274920001],[-6.63076895499995,55.4339114210001],[-6.63077561299997,55.4339096840001],[-6.63142666199997,55.433737686],[-6.63188990599997,55.4336327140001],[-6.63262663999996,55.433464896],[-6.63373295099996,55.433213621],[-6.63449580099996,55.433038406],[-6.63450369399993,55.4330365660001],[-6.63556793599997,55.4327844760001],[-6.63621898099996,55.4326309370001],[-6.63623189399993,55.4326278720001],[-6.63706658899997,55.432429751],[-6.63814754199996,55.432173796],[-6.63903293899995,55.4319625360001],[-6.63981145199995,55.431781239],[-6.63982731899995,55.431777428],[-6.64077960799995,55.4315417350001],[-6.64192373899994,55.431257486],[-6.64257081499994,55.4310978],[-6.64328481599995,55.430919003],[-6.64415218699997,55.430702755],[-6.64520216399995,55.4304420450001],[-6.64578750099997,55.4302954140001],[-6.64579920799997,55.430292416],[-6.64653864699994,55.430098951],[-6.64715121999996,55.429940748],[-6.64785799899994,55.429756012],[-6.64841448799996,55.4296109430001],[-6.64921224999995,55.4294028830001],[-6.65026135299996,55.429130496],[-6.65126705199998,55.4288686570001],[-6.65127989699994,55.4288652330001],[-6.65234915899993,55.428573505],[-6.65323263699997,55.4283309350001],[-6.65411523599994,55.4280909820001],[-6.65510867099994,55.42782091],[-6.65591041399995,55.427602902],[-6.65680611999994,55.427357536],[-6.65681567399997,55.4273548740001],[-6.65734154099994,55.4272058160001],[-6.65853633499995,55.426864278],[-6.65997690999995,55.4264550620001],[-6.66150372899995,55.4260191660001],[-6.66248613799996,55.4257369480001],[-6.66249910399995,55.4257331360001],[-6.66309031499998,55.4255554170001],[-6.66401068299996,55.425283462],[-6.66463705699994,55.42509734],[-6.66506942999996,55.4249679960001],[-6.68624888799997,55.4268971770001],[-6.74531473899998,55.4322773320001],[-6.74645905699998,55.4423872950001],[-6.74740772099995,55.4507686580001],[-6.74843525499995,55.4598468280001],[-6.74921049999995,55.4666960590001],[-6.74925795899998,55.4671153400001]]]},"properties":{"Property_Description":"Malin","Tenant_Name":"Malin Sea Wind Limited","Lease_Type_Description":"Exclusivity Agreement","Property_Classification":"Wind Farm","Project_Phase":"Pre Planning","Capacity_MW":96,"OBJECTID_1":46,"Shape__Area":0.0044531373448535305,"Shape__Length":0.34034520931570683}},{"type":"Feature","id":47,"geometry":{"type":"Polygon","coordinates":[[[2.27261296500006,56.6704535690001],[2.27319671500004,56.670453384],[2.27378031300003,56.67044601],[2.27436346600007,56.6704314510001],[2.27494588000008,56.6704097140001],[2.27552726600004,56.670380811],[2.27610733100005,56.6703447560001],[2.27668578700008,56.670301566],[2.27726234200003,56.6702512640001],[2.27783670900004,56.6701938750001],[2.27840859900004,56.6701294260001],[2.27897772800003,56.670057952],[2.27954380800003,56.669979487],[2.28010656000004,56.6698940700001],[2.28066569800006,56.669801745],[2.28122094600008,56.6697025570001],[2.28177202300003,56.669596556],[2.28231865500004,56.6694837960001],[2.28286056800005,56.669364333],[2.28339749200006,56.6692382260001],[2.28392915600006,56.6691055380001],[2.28445529500004,56.668966337],[2.28497564500003,56.6688206910001],[2.28548994800002,56.6686686740001],[2.28599794400003,56.6685103620001],[2.28649938300003,56.668345833],[2.28699400900007,56.668175171],[2.28748157500007,56.66799846],[2.28796184200007,56.667815789],[2.28843456500005,56.6676272500001],[2.28889951000002,56.6674329370001],[2.28935644300003,56.6672329460001],[2.28980513600004,56.667027379],[2.29024536600002,56.6668163370001],[2.29067691100005,56.666599927],[2.29109955400003,56.6663782580001],[2.29151308800004,56.666151439],[2.29191730400004,56.6659195840001],[2.29231199700007,56.6656828100001],[2.29269697500007,56.6654412340001],[2.29307204200006,56.665194978],[2.29343701200003,56.6649441640001],[2.29379170000004,56.6646889190001],[2.29413593400005,56.6644293700001],[2.29446953700005,56.6641656470001],[2.29479234400003,56.6638978810001],[2.29510419500002,56.663626208],[2.29540493300004,56.6633507620001],[2.29569440700004,56.6630716810001],[2.29597247500004,56.6627891050001],[2.29623899500007,56.662503176],[2.29649383500004,56.6622140360001],[2.29673687000007,56.661921831],[2.29696797700007,56.6616267050001],[2.29718703900005,56.6613288080001],[2.29739395000007,56.6610282870001],[2.29758860400005,56.660725293],[2.29777090700003,56.660419978],[2.29794076500002,56.660112494],[2.29809809400007,56.6598029960001],[2.29824281800006,56.659491637],[2.29837486200006,56.6591785740001],[2.29849416300004,56.658863963],[2.29860065700007,56.6585479620001],[2.29869429600006,56.658230728],[2.29877503200004,56.657912421],[2.29884282600005,56.6575931990001],[2.29889764000006,56.6572732210001],[2.29893945300006,56.6569526490001],[2.29896824000002,56.656631642],[2.29898398800003,56.6563103610001],[2.29898669100004,56.6559889660001],[2.29897634600007,56.6556676180001],[2.29895296000007,56.6553464770001],[2.29891654400006,56.6550257050001],[2.29886711600005,56.654705462],[2.29880470200004,56.6543859070001],[2.29872933500008,56.654067201],[2.29864105100006,56.653749503],[2.29853989500003,56.653432971],[2.29842591700003,56.6531177640001],[2.29829917500007,56.652804039],[2.29815973300003,56.652491953],[2.29800766100004,56.6521816630001],[2.29784303600007,56.6518733230001],[2.29766593900007,56.651567087],[2.29747645900005,56.6512631080001],[2.29727469200003,56.650961539],[2.29706073900007,56.65066253],[2.29683470600003,56.650366229],[2.29659670600006,56.650072788],[2.29634686200006,56.6497823500001],[2.29608529500007,56.649495061],[2.29581213700004,56.649211065],[2.29552752500007,56.6489305040001],[2.29523160300005,56.6486535180001],[2.29492451600004,56.6483802440001],[2.29460642000004,56.648110822],[2.29427747500006,56.647845384],[2.29393784300004,56.6475840620001],[2.29358769400005,56.6473269890001],[2.29322720600004,56.6470742910001],[2.29285655500007,56.646826096],[2.29247593100007,56.6465825270001],[2.29208552200004,56.646343707],[2.29168552400006,56.6461097530001],[2.29127613400004,56.645880784],[2.29085756100005,56.645656914],[2.29043001300005,56.6454382540001],[2.28999370100007,56.645224913],[2.28954884700005,56.6450169990001],[2.28909567200003,56.644814615],[2.28863440000003,56.6446178630001],[2.28816526500003,56.6444268390001],[2.28768850000006,56.6442416400001],[2.28720434300004,56.6440623600001],[2.28671303500005,56.6438890860001],[2.28621482500006,56.6437219060001],[2.28570995800004,56.643560902],[2.28519868800004,56.6434061560001],[2.28468127100007,56.643257745],[2.28415796500002,56.6431157420001],[2.28362903200002,56.64298022],[2.28309473400003,56.642851244],[2.28255533900006,56.642728881],[2.28201111800007,56.6426131900001],[2.28146234100006,56.64250423],[2.28090928300003,56.642402056],[2.28035222000005,56.6423067170001],[2.27979143000005,56.6422182630001],[2.27922719400004,56.6421367360001],[2.27865979200004,56.6420621780001],[2.27808951000003,56.641994626],[2.27751663000004,56.641934113],[2.27694144000003,56.64188067],[2.27636422500007,56.641834325],[2.27578527800006,56.641795098],[2.27520488300007,56.64176301],[2.27462333100004,56.641738079],[2.27404091600005,56.641720316],[2.27345792500006,56.6417097280001],[2.27287464900007,56.6417063230001],[2.27229138300004,56.6417101010001],[2.27170841400005,56.6417210610001],[2.27112603500007,56.641739197],[2.27054453700003,56.6417645000001],[2.26996421100006,56.641796958],[2.26938534700002,56.6418365550001],[2.26880823100004,56.6418832700001],[2.26823315300004,56.64193708],[2.26766040200005,56.6419979570001],[2.26709026300006,56.6420658750001],[2.26652301900003,56.642140795],[2.26595895500003,56.6422226810001],[2.26539835200003,56.6423114950001],[2.26484149100003,56.642407188],[2.26428864900004,56.6425097170001],[2.26374010100005,56.6426190280001],[2.26319612400005,56.6427350660001],[2.26265698900005,56.642857774],[2.26212296400007,56.642987089],[2.26159431600007,56.6431229500001],[2.26107131000003,56.6432652870001],[2.26055420600005,56.643414029],[2.26004326300006,56.6435691010001],[2.25953873600002,56.643730427],[2.25904087900005,56.643897925],[2.25854993700005,56.644071512],[2.25806615900007,56.6442511020001],[2.25758978500005,56.644436603],[2.25712105200006,56.644627927],[2.25666019700003,56.6448249740001],[2.25620744700007,56.6450276460001],[2.25576303100007,56.6452358440001],[2.25532717000004,56.645449462],[2.25490008200006,56.645668394],[2.25448198200007,56.6458925320001],[2.25407307600005,56.6461217610001],[2.25367357000005,56.6463559690001],[2.25328366500003,56.646595038],[2.25290355300007,56.6468388480001],[2.25253342800005,56.6470872800001],[2.25217347200004,56.6473402070001],[2.25182386600005,56.647597503],[2.25148478400007,56.6478590400001],[2.25115639600006,56.6481246880001],[2.25083886800007,56.648394313],[2.25053235800004,56.648667781],[2.25023701800006,56.648944955],[2.24995299800003,56.6492256970001],[2.24968043800004,56.6495098660001],[2.24941947700006,56.6497973190001],[2.24917024300004,56.6500879170001],[2.24893286200006,56.65038151],[2.24870745300007,56.6506779520001],[2.24849412800006,56.6509770970001],[2.24829299600003,56.6512787940001],[2.24810415600007,56.6515828920001],[2.24792770300007,56.6518892380001],[2.24776372600007,56.6521976830001],[2.24761230700005,56.6525080690001],[2.24747352100007,56.6528202430001],[2.24734744000006,56.653134047],[2.24723412500003,56.6534493250001],[2.24713363400002,56.6537659200001],[2.24704601600007,56.654083674],[2.24697131900007,56.654402427],[2.24690957800004,56.6547220200001],[2.24686082400007,56.6550422930001],[2.24682508200004,56.6553630870001],[2.24680237000007,56.6556842410001],[2.24679269900003,56.6560055940001],[2.24679607700006,56.6563269860001],[2.24681250100002,56.656648256],[2.24684196100003,56.656969244],[2.24688444700007,56.6572897870001],[2.24693993400007,56.6576097290001],[2.24700839700006,56.657928907],[2.24708980100007,56.6582471610001],[2.24718410500003,56.6585643340001],[2.24729126400007,56.658880266],[2.24741122400007,56.6591948000001],[2.24754392500006,56.659507778],[2.24768930200003,56.659819043],[2.24784728000003,56.6601284400001],[2.24801778200003,56.660435814],[2.24820072600005,56.6607410120001],[2.24839601500003,56.6610438810001],[2.24860355500005,56.661344269],[2.24882324300006,56.661642026],[2.24905496800005,56.661937003],[2.24929861500004,56.662229053],[2.24955406100003,56.6625180290001],[2.24982118200006,56.6628037880001],[2.25009984000008,56.663086186],[2.25038989900003,56.6633650810001],[2.25069121400003,56.663640334],[2.25100363200005,56.6639118090001],[2.25132700200004,56.6641793680001],[2.25166115700006,56.664442878],[2.25200593300002,56.6647022070001],[2.25236115700005,56.6649572260001],[2.25272665100005,56.6652078060001],[2.25310223400004,56.6654538230001],[2.25348771600005,56.665695154],[2.25388290600006,56.6659316760001],[2.25428760600005,56.6661632730001],[2.25470161400006,56.6663898290001],[2.25512472100007,56.6666112290001],[2.25555672000007,56.666827364],[2.25599739000006,56.667038125],[2.25644651400006,56.6672434060001],[2.25690386400004,56.6674431060001],[2.25736921500004,56.6676371230001],[2.25784233300004,56.667825361],[2.25832298100005,56.668007726],[2.25881091800005,56.668184126],[2.25930590100006,56.6683544740001],[2.25980768000005,56.668518684],[2.26031600900006,56.668676673],[2.26083062800006,56.668828363],[2.26135128300007,56.668973678],[2.26187771300005,56.6691125450001],[2.26240965600005,56.669244894],[2.26294684100003,56.669370659],[2.26348900400006,56.6694897780001],[2.26403587200002,56.6696021910001],[2.26458717000003,56.669707841],[2.26514262400002,56.6698066760001],[2.26570195600004,56.669898646],[2.26626488500006,56.669983705],[2.26683113000007,56.6700618090001],[2.26740040800007,56.670132923],[2.26797243200002,56.6701970080001],[2.26854692000006,56.670254033],[2.26912357900005,56.670303968],[2.26970212400005,56.6703467900001],[2.27028226300007,56.670382477],[2.27086370900003,56.6704110110001],[2.27144616900006,56.6704323770001],[2.27202935100007,56.6704465660001],[2.27261296500006,56.6704535690001]]]},"properties":{"Property_Description":"Judy          ","Tenant_Name":"Chrysaor Petroleum Company U.K","Lease_Type_Description":"Exclusivity Agreement","Property_Classification":"Wind Farm","Project_Phase":"Pre Planning","Capacity_MW":15,"OBJECTID_1":47,"Shape__Area":0.0011783939598473125,"Shape__Length":0.12982370231277987}},{"type":"Feature","id":48,"geometry":{"type":"Polygon","coordinates":[[[1.40229853300002,57.2523537000001],[1.48641593400004,57.209755462],[1.40617468200003,57.168771889],[1.43450294200005,57.152421749],[1.51669525000005,57.1943834240001],[1.59844859100002,57.1527781290001],[1.59693067500007,57.0808901500001],[1.58752130400006,57.0590106770001],[1.40038121300006,57.0279861440001],[1.30826336400003,57.029839162],[1.28241174700003,57.053839146],[1.28224362600002,57.0570638930001],[1.28242356700002,57.1407259650001],[1.36588916500006,57.2394938630001],[1.40229853300002,57.2523537000001]]]},"properties":{"Property_Description":"Cenos","Tenant_Name":"Cenos Offshore Windfarm","Lease_Type_Description":"Exclusivity Agreement","Property_Classification":"Wind Farm","Project_Phase":"In Planning","Capacity_MW":1350,"OBJECTID_1":48,"Shape__Area":0.049350780532812166,"Shape__Length":1.0687572764696591}},{"type":"Feature","id":49,"geometry":{"type":"Polygon","coordinates":[[[0.535800528000038,57.0760986000001],[0.631150882000043,57.1560450920001],[0.726611267000067,57.05389525],[0.738540701000034,57.041078344],[0.809943138000051,56.964169537],[0.821813397000028,56.9513454880001],[0.900653721000026,56.865933151],[0.805421686000045,56.7861919690001],[0.710899133000055,56.88841354],[0.699011650000045,56.9012270270001],[0.627506122000057,56.978072313],[0.615560821000031,56.9908772270001],[0.535800528000038,57.0760986000001]]]},"properties":{"Property_Description":"Cedar","Tenant_Name":"Cerulean Winds Cedar Project","Lease_Type_Description":"Exclusivity Agreement","Property_Classification":"Wind Farm","Project_Phase":"Pre Planning","Capacity_MW":1008,"OBJECTID_1":49,"Shape__Area":0.049160623421526495,"Shape__Length":1.0405238313423022}},{"type":"Feature","id":50,"geometry":{"type":"Polygon","coordinates":[[[1.60856122400003,58.040497895],[1.64782469500005,58.0315123290001],[1.70129955300007,58.0060641740001],[1.72186274300003,58.0014964870001],[1.78433406100004,57.9441159740001],[1.77704029200004,57.9337033190001],[1.83600395000002,57.877113412],[1.82126997900002,57.8400600410001],[1.77594561100005,57.799625458],[1.75856669600006,57.8000670800001],[1.71363160900006,57.759683523],[1.61535757300004,57.784017841],[1.61352751500004,57.830959922],[1.59511569000006,57.847043625],[1.53471425400005,57.8879302730001],[1.57831041700007,57.9772295820001],[1.60856122400003,58.040497895]]]},"properties":{"Property_Description":"Beech","Tenant_Name":"Cerulean Winds Beech Project","Lease_Type_Description":"Exclusivity Agreement","Property_Classification":"Wind Farm","Project_Phase":"Pre Planning","Capacity_MW":1008,"OBJECTID_1":50,"Shape__Area":0.050354858986885631,"Shape__Length":0.89334936624873418}},{"type":"Feature","id":51,"geometry":{"type":"Polygon","coordinates":[[[-0.0378902759999278,57.761111945],[-0.0385093369999367,57.7232362460001],[-0.0774104939999347,57.6974558220001],[-0.299283236999941,57.6299132680001],[-0.440805636999926,57.7624126430001],[-0.431416293999973,57.7649380490001],[-0.308376513999974,57.8025242520001],[-0.180596943999944,57.8270890410001],[-0.134961447999956,57.8409086240001],[-0.129931757999941,57.8375868510001],[-0.0380328369999461,57.770672136],[-0.0378902759999278,57.761111945]]]},"properties":{"Property_Description":"Aspen","Tenant_Name":"Cerulean Winds Aspen Project","Lease_Type_Description":"Exclusivity Agreement","Property_Classification":"Wind Farm","Project_Phase":"In Planning","Capacity_MW":1008,"OBJECTID_1":51,"Shape__Area":0.05013619012331727,"Shape__Length":0.95578770665385582}},{"type":"Feature","id":52,"geometry":{"type":"Polygon","coordinates":[[[-0.743012046999979,57.8097688720001],[-0.744150182999931,57.813402394],[-0.746824844999935,57.8219371850001],[-0.749500768999951,57.8304719070001],[-0.752177957999947,57.83900656],[-0.75485641399996,57.8475411470001],[-0.757538152999928,57.856082083],[-0.762047759999973,57.86357092],[-0.766555508999943,57.8710533940001],[-0.771065128999965,57.8785356990001],[-0.775576625999975,57.886017834],[-0.780078284999945,57.8934803970001],[-0.778047438999977,57.9014157080001],[-0.776010523999958,57.909371166],[-0.773972708999963,57.917326582],[-0.771933995999973,57.925281957],[-0.769894377999947,57.9332372870001],[-0.767876789999946,57.9411031860001],[-0.718230322999943,57.9373670370001],[-0.685026469999968,57.9348570220001],[-0.651827261999927,57.9323383340001],[-0.602037186999951,57.928544044],[-0.552257642999962,57.92473025],[-0.51907715599998,57.9221768900001],[-0.469315270999971,57.918330607],[-0.436241827999936,57.915762998],[-0.51922548999994,57.8591435970001],[-0.595555980999961,57.8330802520001],[-0.743012046999979,57.8097688720001]]]},"properties":{"Property_Description":"Green Volt          ","Tenant_Name":"Green Volt Offshore Windfarm","Lease_Type_Description":"Agreement/Option for Lease","Property_Classification":"Wind Farm","Project_Phase":"Consented","Capacity_MW":560,"OBJECTID_1":52,"Shape__Area":0.027948360297358477,"Shape__Length":0.80437038907367342}},{"type":"Feature","id":53,"geometry":{"type":"Polygon","coordinates":[[[-1.60658799399994,56.6396853590001],[-1.60252012399997,56.631890153],[-1.59124394099996,56.6342165410001],[-1.58771428999995,56.6420095620001],[-1.58418316099994,56.6498024650001],[-1.58065054699995,56.6575952520001],[-1.57711645299997,56.665387922],[-1.57156106499997,56.6570355320001],[-1.56600810699996,56.6486828970001],[-1.56045757699997,56.640330014],[-1.55490947499993,56.6319768860001],[-1.54936379699996,56.623623513],[-1.54382054099995,56.6152698930001],[-1.53827970899994,56.606916029],[-1.53274129399995,56.598561918],[-1.52720529599998,56.590207563],[-1.52167171499997,56.5818529640001],[-1.51614054499993,56.5734981210001],[-1.51061178799995,56.565143032],[-1.50508544199994,56.5567877010001],[-1.49956150299994,56.548432125],[-1.49403996899997,56.5400763060001],[-1.48852084099997,56.531720244],[-1.50375864099993,56.5311279680001],[-1.51899599599994,56.5305338210001],[-1.53423290499995,56.5299378020001],[-1.54946936599993,56.529339914],[-1.56470537799993,56.528740154],[-1.56644249699997,56.53573169],[-1.56818023599993,56.5427231960001],[-1.56991859399994,56.5497146750001],[-1.56765301599995,56.555479179],[-1.57797762899997,56.5559349110001],[-1.58830250599993,56.5563897870001],[-1.59304224999994,56.5508489970001],[-1.59175867699997,56.5431567690001],[-1.59047559999993,56.5354645200001],[-1.58919301699996,56.527772252],[-1.60314022699993,56.5272187910001],[-1.61708705399997,56.526663763],[-1.63103349799997,56.5261071680001],[-1.64497955799993,56.5255490060001],[-1.65892522899998,56.524989276],[-1.66119535999997,56.533867274],[-1.66538433199997,56.5325682180001],[-1.67595926899997,56.5307877440001],[-1.68653322699993,56.529006365],[-1.69260341699993,56.5309833260001],[-1.69541660499993,56.5323561260001],[-1.69693552699994,56.53371051],[-1.69776875399998,56.5351324850001],[-1.70954843699997,56.530751315],[-1.72132540899997,56.526369012],[-1.73309966999994,56.521985579],[-1.74902769799996,56.5213347320001],[-1.76495520999993,56.5206818400001],[-1.78088220099994,56.5200269050001],[-1.79680866999996,56.519369925],[-1.81273461599994,56.5187109020001],[-1.82866003599997,56.5180498350001],[-1.84458492799996,56.5173867250001],[-1.86050928999992,56.5167215710001],[-1.87643311999994,56.5160543740001],[-1.89235641599993,56.515385134],[-1.90811553099996,56.51472076],[-1.92387411899995,56.5140543860001],[-1.93963217899994,56.5133860110001],[-1.93953996399995,56.5194024640001],[-1.93944770699994,56.525418911],[-1.93328480199995,56.526183492],[-1.92780125199994,56.5261076900001],[-1.91941339999994,56.5233715110001],[-1.91102676099996,56.5206347700001],[-1.90600420599998,56.5187222710001],[-1.89625256199997,56.5223933660001],[-1.89525272999992,56.5236029430001],[-1.89446342999997,56.5241891920001],[-1.88535712699996,56.525648452],[-1.88163938799994,56.524663667],[-1.87885289299993,56.52234951],[-1.87224832399994,56.5251499610001],[-1.86564278099996,56.5279500550001],[-1.85734471999996,56.527355087],[-1.84904692599997,56.5267595660001],[-1.84102255999994,56.5240983530001],[-1.83316977599998,56.528264048],[-1.82531527199995,56.532429237],[-1.82730773099996,56.5332744930001],[-1.82863475599993,56.5341163510001],[-1.83177756399994,56.5366197770001],[-1.83098333599997,56.5371257090001],[-1.83607572699998,56.538865254],[-1.83716814499996,56.5397026810001],[-1.83788876199998,56.5406623580001],[-1.83819590799993,56.541751268],[-1.83808825799997,56.542634821],[-1.83746510899994,56.5437597690001],[-1.83651250799994,56.544632332],[-1.83480832699996,56.5455423450001],[-1.83382627899994,56.5458762530001],[-1.83148922099997,56.546315518],[-1.82948123599994,56.5463719370001],[-1.82054642499997,56.543430803],[-1.81601085599993,56.539820868],[-1.81208669199998,56.5385183770001],[-1.81083278599993,56.53802618],[-1.80970346199996,56.537437083],[-1.80808338099996,56.5377258840001],[-1.80645811899996,56.5378752250001],[-1.80495380199994,56.537896995],[-1.80349232599997,56.537812176],[-1.80182927799996,56.537264113],[-1.80146357199993,56.537512141],[-1.80001006599997,56.537177355],[-1.79896258599996,56.5368051200001],[-1.79439091399996,56.5410982910001],[-1.78981820399997,56.545391286],[-1.78179408399996,56.550828741],[-1.77376765899993,56.556265663],[-1.76573892799996,56.561702053],[-1.76716976499995,56.5654286810001],[-1.77017200799997,56.568156559],[-1.77515331099994,56.5697624090001],[-1.77656520499994,56.572228271],[-1.78045201699996,56.573524676],[-1.78237324199995,56.574443531],[-1.78398477899998,56.5757038310001],[-1.78499246999996,56.577160932],[-1.79211194299995,56.575180872],[-1.80138833399997,56.5759521310001],[-1.81066511299997,56.576722697],[-1.82478257999998,56.5786693730001],[-1.83890151899993,56.58061445],[-1.85302192799998,56.5825579300001],[-1.86373021299994,56.587761077],[-1.87444144599993,56.5929633100001],[-1.88391357699993,56.5934045980001],[-1.89338593599996,56.593845167],[-1.90652314499994,56.591909866],[-1.91965902699997,56.5899731710001],[-1.92901524299998,56.5926484390001],[-1.93837278899997,56.595323008],[-1.93824989999996,56.6032917460001],[-1.93812693999996,56.611260472],[-1.93800390499996,56.6192291890001],[-1.93614098799998,56.620046512],[-1.93362061399995,56.62041385],[-1.93000073899998,56.6202109330001],[-1.92718080199995,56.619235836],[-1.92610703899993,56.618868859],[-1.92498989799998,56.6184195340001],[-1.92471099099993,56.614754648],[-1.92797701899997,56.6109076060001],[-1.91899440999993,56.607530905],[-1.90636723599994,56.6123183930001],[-1.90490755399998,56.6118969120001],[-1.89975332099993,56.6101749810001],[-1.89450678099996,56.611816204],[-1.89679120599993,56.6125044710001],[-1.89929447499998,56.6138471370001],[-1.90096299399994,56.615697916],[-1.90159347999997,56.6177113590001],[-1.90113874399998,56.618873663],[-1.89273966899998,56.620912011],[-1.88869175699995,56.6237897170001],[-1.88846465199993,56.6289264820001],[-1.88263492699997,56.6333822990001],[-1.89669383699993,56.632951726],[-1.91075244899997,56.6325195650001],[-1.91674271799997,56.6323243300001],[-1.92001215899995,56.632768787],[-1.92379797799993,56.6340317710001],[-1.92743785099998,56.635327471],[-1.92938727999996,56.6364437340001],[-1.92655808099994,56.641597162],[-1.92856039399993,56.646089842],[-1.93437595799998,56.648564155],[-1.93413005399998,56.650575415],[-1.93546221299994,56.6514730050001],[-1.93749519499994,56.652127981],[-1.93738445899993,56.659278838],[-1.93727366399997,56.6664296870001],[-1.93716280999996,56.6735805270001],[-1.93676282999996,56.673672561],[-1.93530778299993,56.673958014],[-1.93305919699998,56.67399434],[-1.93095323499995,56.673746597],[-1.92889992999994,56.6731047000001],[-1.92721348999993,56.6725186720001],[-1.92522207399998,56.6717820040001],[-1.92337282399996,56.6703249500001],[-1.92178045599996,56.668291916],[-1.92214459399997,56.6654263010001],[-1.92781110299995,56.659429516],[-1.92396878699998,56.6581500340001],[-1.91738542799993,56.6532881250001],[-1.91818149099993,56.647419997],[-1.91545529899997,56.6417524660001],[-1.91441213399997,56.6414206150001],[-1.90308848299998,56.6417703430001],[-1.89176463599995,56.6421190390001],[-1.88044059299995,56.6424667050001],[-1.87833295899998,56.64250429],[-1.87445137299994,56.6419656580001],[-1.86738304899995,56.6394472330001],[-1.86703601799996,56.6366668060001],[-1.86873669999994,56.6335662700001],[-1.86772505499994,56.6293439630001],[-1.87512361299997,56.6237487480001],[-1.86994551999993,56.6244284320001],[-1.86196194199994,56.624201924],[-1.85918277699994,56.623425705],[-1.85559254399993,56.622254673],[-1.84314904799993,56.623255774],[-1.83628116099993,56.620669612],[-1.82606432599994,56.621487932],[-1.81720475399993,56.62515705],[-1.81844263199997,56.6256034470001],[-1.82017387399998,56.6267210130001],[-1.82558650599998,56.628440514],[-1.82806626499996,56.6299652860001],[-1.82973887399993,56.6321245830001],[-1.82967763599993,56.6351629760001],[-1.82360195199993,56.6411795390001],[-1.82493843099996,56.6416329530001],[-1.82674709399993,56.642472883],[-1.82973983399995,56.64874783],[-1.83180746299996,56.649909859],[-1.83455389499994,56.6503434050001],[-1.84591965599998,56.6488213260001],[-1.84750529699994,56.6490227200001],[-1.85257613799996,56.650768756],[-1.85998463499993,56.6511939200001],[-1.86461695999998,56.6556706470001],[-1.87086172399995,56.657526853],[-1.88083347499997,56.6581683570001],[-1.89247751599993,56.6638704630001],[-1.89599960899994,56.6654144400001],[-1.89784578199993,56.666373557],[-1.89921063599996,56.6685743780001],[-1.89823695699994,56.670980625],[-1.89487366999992,56.673076263],[-1.88906183399996,56.673503909],[-1.88557647699997,56.672391798],[-1.88316499299998,56.671508971],[-1.87866494099995,56.664917658],[-1.87325629399993,56.662268661],[-1.86270252899993,56.6582124400001],[-1.85893369399997,56.6570724970001],[-1.85187157499996,56.657803077],[-1.85189768599997,56.6569441180001],[-1.84083755399996,56.6540410000001],[-1.82977913299993,56.6511369040001],[-1.82312447099997,56.6493886110001],[-1.80864056299993,56.6455816540001],[-1.81260963599993,56.637327412],[-1.80195068699993,56.633615166],[-1.79129383999998,56.629902015],[-1.77942484899995,56.633893276],[-1.77082245999998,56.635629986],[-1.76192063899992,56.6376718500001],[-1.75301786299997,56.639713074],[-1.75161405899996,56.6459878520001],[-1.75020977399993,56.6522626080001],[-1.74880500799998,56.6585373390001],[-1.75346224199996,56.6639092720001],[-1.75812079499997,56.6692810320001],[-1.74430071799998,56.673228985],[-1.73047776699997,56.6771753890001],[-1.71448184899998,56.6771318570001],[-1.69848599799997,56.6770862700001],[-1.68249021899993,56.677038629],[-1.66649451099994,56.6769889350001],[-1.65049887799995,56.676937186],[-1.63450332099995,56.6768833830001],[-1.61850784199993,56.6768275260001],[-1.60251244499995,56.6767696140001],[-1.60667081799994,56.669455977],[-1.61082755999996,56.6621421830001],[-1.61472869999994,56.655275369],[-1.61065751899997,56.6474804310001],[-1.60658799399994,56.6396853590001]],[[-1.79970511299996,56.6207285660001],[-1.80331670999993,56.620302542],[-1.80442548399998,56.614473688],[-1.79952705199997,56.608723743],[-1.79463009999995,56.6029736070001],[-1.78460610399998,56.598738326],[-1.77387745899995,56.595038324],[-1.77500921299998,56.600757323],[-1.77846654899997,56.601793662],[-1.78144823399992,56.603405718],[-1.78305725899997,56.605384158],[-1.78343595299998,56.607377683],[-1.78255928899995,56.6096483580001],[-1.77741723999998,56.613493985],[-1.76984347299998,56.6140119120001],[-1.76520603599994,56.6174721080001],[-1.76436518699995,56.6215014540001],[-1.77822808899992,56.626170394],[-1.79211356799993,56.621897307],[-1.79462667999996,56.621182177],[-1.79651544399997,56.6208616770001],[-1.79970511299996,56.6207285660001]],[[-1.76474402299993,56.607831221],[-1.76399775399994,56.607557317],[-1.75513421499994,56.6099524900001],[-1.74626955899993,56.6123470260001],[-1.74922274499994,56.6173666920001],[-1.75933877799997,56.616359679],[-1.76098426399994,56.615935182],[-1.76572879599996,56.6123690430001],[-1.76474402299993,56.607831221]],[[-1.81710112299993,56.6153805770001],[-1.81922815699994,56.6160863440001],[-1.82505612899996,56.6156180930001],[-1.83560537999995,56.6147754150001],[-1.85153876699997,56.6135079750001],[-1.85619538799995,56.613060456],[-1.86017218599994,56.6133592400001],[-1.86278072699997,56.6141360390001],[-1.86584955999996,56.6151612260001],[-1.86665037999995,56.614042339],[-1.86777822799996,56.61294565],[-1.85889751299993,56.609929923],[-1.84965528299995,56.6069909390001],[-1.84041449399996,56.604051272],[-1.83685324199996,56.6022149570001],[-1.83437667199996,56.6019686590001],[-1.83053367099996,56.600620915],[-1.82367854299997,56.598389045],[-1.82289468499994,56.5979287850001],[-1.82106914399998,56.5906104410001],[-1.81526527699998,56.5886775500001],[-1.80233818999994,56.5923194870001],[-1.80056356299997,56.5919310900001],[-1.79486264999997,56.590092171],[-1.78993352699996,56.5900127580001],[-1.79521922199996,56.5916732690001],[-1.79695109499994,56.59260011],[-1.79592165099996,56.5979014640001],[-1.80043578699997,56.603203976],[-1.80963648799997,56.6066766440001],[-1.81336837899994,56.611028666],[-1.81710112299993,56.6153805770001]],[[-1.75869506899994,56.580413972],[-1.75837137799994,56.5804231990001],[-1.75804861099994,56.5804395310001],[-1.75772727499998,56.5804629410001],[-1.75740788399997,56.580493393],[-1.75709094299998,56.5805308380001],[-1.75677695199994,56.5805752160001],[-1.75646641199995,56.580626458],[-1.75615981399994,56.580684483],[-1.75585764399995,56.580749197],[-1.75556038099995,56.580820499],[-1.75526849799996,56.580898276],[-1.75498245399996,56.5809824040001],[-1.75470270599993,56.58107275],[-1.75442969699998,56.5811691710001],[-1.75416385799997,56.581271514],[-1.75390561199993,56.581379616],[-1.75365536899994,56.581493306],[-1.75341352399994,56.581612405],[-1.75318046199993,56.5817367230001],[-1.75295655199994,56.5818660620001],[-1.75274214999996,56.5820002190001],[-1.75253759499998,56.5821389800001],[-1.75234321299996,56.5822821250001],[-1.75215930899998,56.5824294270001],[-1.75198617699994,56.582580653],[-1.75182409199994,56.582735563],[-1.75167330999994,56.582893911],[-1.75153407099998,56.583055447],[-1.75140659599992,56.583219915],[-1.75129108699997,56.583387051],[-1.75118772599996,56.5835565940001],[-1.75109667999993,56.5837282730001],[-1.75101809099993,56.583901816],[-1.75095208599993,56.5840769490001],[-1.75089876599998,56.584253393],[-1.75085821999994,56.584430868],[-1.75083051099995,56.584609093],[-1.75081568299993,56.584787787],[-1.75081375799994,56.584966663],[-1.75082474099997,56.5851454400001],[-1.75084861499994,56.5853238350001],[-1.75088534099996,56.585501563],[-1.75093486499998,56.585678344],[-1.75099710199993,56.5858538960001],[-1.75107195899994,56.586027942],[-1.75115931399995,56.5862002050001],[-1.75125903099996,56.5863704120001],[-1.75137094999997,56.586538293],[-1.75149489399996,56.586703582],[-1.75163066899995,56.586866017],[-1.75177805699997,56.587025339],[-1.75193682599996,56.5871812980001],[-1.75210672399993,56.5873336440001],[-1.75228748099994,56.5874821370001],[-1.75247881099995,56.58762654],[-1.75268040799995,56.587766625],[-1.75289195699997,56.5879021700001],[-1.75311311999997,56.5880329600001],[-1.75326306199997,56.588114837],[-1.75334354699993,56.5881587860001],[-1.75358287099994,56.5882794510001],[-1.75383071399995,56.5883947610001],[-1.75408668399996,56.588504534],[-1.75435037199998,56.588608596],[-1.75462136099998,56.5887067830001],[-1.75489922199995,56.5887989380001],[-1.75518351399995,56.5888849150001],[-1.75547378599992,56.5889645770001],[-1.75576957599998,56.589037798],[-1.75607041799998,56.5891044630001],[-1.75637583199995,56.5891644660001],[-1.75668533399994,56.5892177100001],[-1.75699843299998,56.5892641120001],[-1.75731463399995,56.5893035980001],[-1.75763343299997,56.589336105],[-1.75795432699994,56.589361583],[-1.75827680399993,56.589379991],[-1.75860035399995,56.5893912970001],[-1.75892446499995,56.589395487],[-1.75924648899996,56.589392595],[-1.76020779199996,56.589341834],[-1.76052496399996,56.5893109730001],[-1.76083967499994,56.5892732140001],[-1.76115143299995,56.5892286150001],[-1.76145974799994,56.5891772460001],[-1.76176413899998,56.589119189],[-1.76206412899995,56.5890545330001],[-1.76235924899993,56.5889833800001],[-1.76264903599997,56.588905841],[-1.76293303599994,56.588822038],[-1.76321080599996,56.5887321020001],[-1.76348190899995,56.588636174],[-1.76374592299993,56.588534403],[-1.76400243299997,56.5884269490001],[-1.76425103899993,56.5883139810001],[-1.76449134899997,56.5881956750001],[-1.76472298999994,56.588072217],[-1.76494559999998,56.5879437990001],[-1.76515882699994,56.5878106230001],[-1.76536233999997,56.5876728970001],[-1.76555581899993,56.587530837],[-1.76573896299993,56.5873846650001],[-1.76591148399996,56.587234611],[-1.76607311299995,56.5870809080001],[-1.76622359499993,56.586923798],[-1.76636269799997,56.586763526],[-1.76649020199994,56.586600343],[-1.76660590899996,56.5864345050001],[-1.76670963599997,56.586266272],[-1.76680122299996,56.5860959060001],[-1.76688052499998,56.5859236750001],[-1.76694741899996,56.585749847],[-1.76700180099994,56.585574695],[-1.76704358699993,56.5853984940001],[-1.76707270699995,56.5852215180001],[-1.76708911999998,56.5850440450001],[-1.76709279999994,56.5848663530001],[-1.76708374099996,56.58468872],[-1.76706195599996,56.584511423],[-1.76702748099996,56.5843347410001],[-1.76698036899995,56.584158948],[-1.76692069599994,56.583984323],[-1.76684855199994,56.5838111360001],[-1.76676405299997,56.583639659],[-1.76676809199995,56.5836388750001],[-1.76581871599996,56.582490686],[-1.76563917499993,56.582341754],[-1.76544903199994,56.582196884],[-1.76524858899995,56.5820563070001],[-1.76508474599996,56.5819503640001],[-1.76503816599995,56.581920245],[-1.76481809399996,56.5817889140001],[-1.76458872399996,56.581662523],[-1.76435041799994,56.581541271],[-1.76410355499996,56.5814253510001],[-1.76384852699994,56.5813149470001],[-1.76358573699997,56.5812102340001],[-1.76331560299997,56.5811113770001],[-1.76303855099997,56.5810185340001],[-1.76275502299995,56.5809318510001],[-1.76246546799996,56.5808514670001],[-1.76217034399997,56.580777508],[-1.76187011899998,56.5807100920001],[-1.76156526899996,56.5806493250001],[-1.76125627899995,56.580595304],[-1.76094363799996,56.5805481150001],[-1.76062783999993,56.5805078330001],[-1.76030938699995,56.580474521],[-1.75998878399997,56.580448232],[-1.75966653899997,56.5804290080001],[-1.75934316299993,56.580416879],[-1.75901916899994,56.580411864],[-1.75869506899994,56.580413972]],[[-1.80572612899994,56.58320317],[-1.80698835399994,56.5835845660001],[-1.81157555799996,56.5829802980001],[-1.81441924099994,56.582726488],[-1.81700065799993,56.582843149],[-1.81883671899993,56.5831333520001],[-1.82182087999996,56.5863571],[-1.82540127599998,56.5874483740001],[-1.83203041699994,56.588197972],[-1.83284513499996,56.5890544800001],[-1.83455370899998,56.5914531810001],[-1.84059928199997,56.593458238],[-1.84595750599993,56.598127063],[-1.85044077699996,56.599813306],[-1.85957901399996,56.599678865],[-1.86256271599996,56.6004836660001],[-1.86467392699996,56.6011907070001],[-1.86777792799995,56.6022697280001],[-1.86905573499996,56.6028779800001],[-1.87800559599998,56.6058284380001],[-1.88822376399997,56.605776307],[-1.89588683799997,56.603448068],[-1.90354897299994,56.601119354],[-1.90284338199996,56.6000675340001],[-1.90257949499994,56.5978583450001],[-1.90340385999997,56.596002447],[-1.90458638999996,56.595005735],[-1.89419944399998,56.596572295],[-1.88330751899997,56.5960729240001],[-1.87241589499996,56.595572599],[-1.86142643699998,56.590080378],[-1.85044016799998,56.584587196],[-1.83705457899993,56.5827232450001],[-1.82367032799993,56.580857859],[-1.81028741399996,56.578991037],[-1.80143509799996,56.5782114940001],[-1.79258315499993,56.5774313220001],[-1.78526894399994,56.5794026790001],[-1.78460210399993,56.580925516],[-1.78941245899995,56.5809924150001],[-1.79665651899995,56.5811305760001],[-1.79877141499998,56.5812732040001],[-1.80056521399996,56.58157892],[-1.80269444399994,56.5821865130001],[-1.80572612899994,56.58320317]],[[-1.73929803499993,56.5711645370001],[-1.74906850099995,56.567876063],[-1.75401729899994,56.567857384],[-1.75749470399995,56.568727709],[-1.75528201699996,56.564905954],[-1.76074594599993,56.561138353],[-1.76735437099995,56.5546151930001],[-1.76846398499993,56.5477241500001],[-1.77405034499998,56.5424816760001],[-1.77963515499994,56.5372389400001],[-1.78521841499997,56.531995941],[-1.78049538299996,56.5304311370001],[-1.77882589599994,56.5300862770001],[-1.77089627199996,56.5274102450001],[-1.76905478799995,56.5263220090001],[-1.76448948799992,56.524294539],[-1.75461258599995,56.527353906],[-1.75309262499997,56.5312295590001],[-1.75020004299995,56.5318493570001],[-1.74692789699998,56.5320094240001],[-1.74332696199997,56.531564958],[-1.73957935499993,56.530412718],[-1.72863594399996,56.534486283],[-1.71769019299995,56.5385588730001],[-1.70674209899994,56.5426304850001],[-1.69579166299997,56.546701119],[-1.68760881099996,56.546103143],[-1.68588916299996,56.546426038],[-1.68482393999994,56.546542371],[-1.68327344799997,56.5465002010001],[-1.68190846699997,56.5463368210001],[-1.67812169499996,56.5506487420001],[-1.68289835599995,56.5554263490001],[-1.69567807999994,56.5605445960001],[-1.70846126399994,56.5656615410001],[-1.71631332199996,56.5649322130001],[-1.72050948999993,56.5661124390001],[-1.72990313099996,56.5686388400001],[-1.73929803499993,56.5711645370001]]]},"properties":{"Property_Description":"Seagreen Phase 1 Windfarm","Tenant_Name":"Seagreen Wind Energy Limited","Lease_Type_Description":"Lease Marine","Property_Classification":"Wind Farm","Project_Phase":"Operational","Capacity_MW":1075,"OBJECTID_1":53,"Shape__Area":0.038262850977197616,"Shape__Length":2.9677692905886666}},{"type":"Feature","id":54,"geometry":{"type":"MultiPolygon","coordinates":[[[[-1.92901524299998,56.5926484390001],[-1.91965902699997,56.5899731710001],[-1.90652314499994,56.591909866],[-1.89338593599996,56.593845167],[-1.88391357699993,56.5934045980001],[-1.87444144599993,56.5929633100001],[-1.86373021299994,56.587761077],[-1.85302192799998,56.5825579300001],[-1.83890151899993,56.58061445],[-1.82478257999998,56.5786693730001],[-1.81066511299997,56.576722697],[-1.80138833399997,56.5759521310001],[-1.79211194299995,56.575180872],[-1.78499246999996,56.577160932],[-1.78398477899998,56.5757038310001],[-1.78237324199995,56.574443531],[-1.78045201699996,56.573524676],[-1.77656520499994,56.572228271],[-1.77515331099994,56.5697624090001],[-1.77017200799997,56.568156559],[-1.76716976499995,56.5654286810001],[-1.76573892799996,56.561702053],[-1.77376765899993,56.556265663],[-1.78179408399996,56.550828741],[-1.78981820399997,56.545391286],[-1.79439091399996,56.5410982910001],[-1.79896258599996,56.5368051200001],[-1.80001006599997,56.537177355],[-1.80146357199993,56.537512141],[-1.80182927799996,56.537264113],[-1.80349232599997,56.537812176],[-1.80495380199994,56.537896995],[-1.80645811899996,56.5378752250001],[-1.80808338099996,56.5377258840001],[-1.80970346199996,56.537437083],[-1.81083278599993,56.53802618],[-1.81208669199998,56.5385183770001],[-1.81601085599993,56.539820868],[-1.82054642499997,56.543430803],[-1.82948123599994,56.5463719370001],[-1.83148922099997,56.546315518],[-1.83382627899994,56.5458762530001],[-1.83480832699996,56.5455423450001],[-1.83651250799994,56.544632332],[-1.83746510899994,56.5437597690001],[-1.83808825799997,56.542634821],[-1.83819590799993,56.541751268],[-1.83788876199998,56.5406623580001],[-1.83716814499996,56.5397026810001],[-1.83607572699998,56.538865254],[-1.83098333599997,56.5371257090001],[-1.83177756399994,56.5366197770001],[-1.82863475599993,56.5341163510001],[-1.82730773099996,56.5332744930001],[-1.82531527199995,56.532429237],[-1.83316977599998,56.528264048],[-1.84102255999994,56.5240983530001],[-1.84904692599997,56.5267595660001],[-1.85734471999996,56.527355087],[-1.86564278099996,56.5279500550001],[-1.87224832399994,56.5251499610001],[-1.87885289299993,56.52234951],[-1.88163938799994,56.524663667],[-1.88535712699996,56.525648452],[-1.89446342999997,56.5241891920001],[-1.89525272999992,56.5236029430001],[-1.89625256199997,56.5223933660001],[-1.90600420599998,56.5187222710001],[-1.91102676099996,56.5206347700001],[-1.91941339999994,56.5233715110001],[-1.92780125199994,56.5261076900001],[-1.93328480199995,56.526183492],[-1.93944770699994,56.525418911],[-1.93931113199994,56.534320736],[-1.93917446699993,56.5432225480001],[-1.93903771199996,56.5521243480001],[-1.93890086799996,56.561026134],[-1.93876393299996,56.5699279080001],[-1.93863363299994,56.578392953],[-1.93850325099993,56.586857986],[-1.93837278899997,56.595323008],[-1.92901524299998,56.5926484390001]]],[[[-1.69260341699993,56.5309833260001],[-1.68653322699993,56.529006365],[-1.67595926899997,56.5307877440001],[-1.66538433199997,56.5325682180001],[-1.66119535999997,56.533867274],[-1.65892522899998,56.524989276],[-1.67376100199994,56.5243920830001],[-1.68859633399995,56.5237931180001],[-1.70343122299994,56.523192378],[-1.71826566899995,56.522589865],[-1.73309966999994,56.521985579],[-1.72132540899997,56.526369012],[-1.70954843699997,56.530751315],[-1.69776875399998,56.5351324850001],[-1.69693552699994,56.53371051],[-1.69541660499993,56.5323561260001],[-1.69260341699993,56.5309833260001]]],[[[-1.72990313099996,56.5686388400001],[-1.72050948999993,56.5661124390001],[-1.71631332199996,56.5649322130001],[-1.70846126399994,56.5656615410001],[-1.69567807999994,56.5605445960001],[-1.68289835599995,56.5554263490001],[-1.67812169499996,56.5506487420001],[-1.68190846699997,56.5463368210001],[-1.68327344799997,56.5465002010001],[-1.68482393999994,56.546542371],[-1.68588916299996,56.546426038],[-1.68760881099996,56.546103143],[-1.69579166299997,56.546701119],[-1.70674209899994,56.5426304850001],[-1.71769019299995,56.5385588730001],[-1.72863594399996,56.534486283],[-1.73957935499993,56.530412718],[-1.74332696199997,56.531564958],[-1.74692789699998,56.5320094240001],[-1.75020004299995,56.5318493570001],[-1.75309262499997,56.5312295590001],[-1.75461258599995,56.527353906],[-1.76448948799992,56.524294539],[-1.76905478799995,56.5263220090001],[-1.77089627199996,56.5274102450001],[-1.77882589599994,56.5300862770001],[-1.78049538299996,56.5304311370001],[-1.78521841499997,56.531995941],[-1.77963515499994,56.5372389400001],[-1.77405034499998,56.5424816760001],[-1.76846398499993,56.5477241500001],[-1.76735437099995,56.5546151930001],[-1.76074594599993,56.561138353],[-1.75528201699996,56.564905954],[-1.75749470399995,56.568727709],[-1.75401729899994,56.567857384],[-1.74906850099995,56.567876063],[-1.73929803499993,56.5711645370001],[-1.72990313099996,56.5686388400001]]],[[[-1.86256271599996,56.6004836660001],[-1.85957901399996,56.599678865],[-1.85044077699996,56.599813306],[-1.84595750599993,56.598127063],[-1.84059928199997,56.593458238],[-1.83455370899998,56.5914531810001],[-1.83284513499996,56.5890544800001],[-1.83203041699994,56.588197972],[-1.82540127599998,56.5874483740001],[-1.82182087999996,56.5863571],[-1.81883671899993,56.5831333520001],[-1.81700065799993,56.582843149],[-1.81441924099994,56.582726488],[-1.81157555799996,56.5829802980001],[-1.80698835399994,56.5835845660001],[-1.80572612899994,56.58320317],[-1.80269444399994,56.5821865130001],[-1.80056521399996,56.58157892],[-1.79877141499998,56.5812732040001],[-1.79665651899995,56.5811305760001],[-1.78941245899995,56.5809924150001],[-1.78460210399993,56.580925516],[-1.78526894399994,56.5794026790001],[-1.79258315499993,56.5774313220001],[-1.80143509799996,56.5782114940001],[-1.81028741399996,56.578991037],[-1.82367032799993,56.580857859],[-1.83705457899993,56.5827232450001],[-1.85044016799998,56.584587196],[-1.86142643699998,56.590080378],[-1.87241589499996,56.595572599],[-1.88330751899997,56.5960729240001],[-1.89419944399998,56.596572295],[-1.90458638999996,56.595005735],[-1.90340385999997,56.596002447],[-1.90257949499994,56.5978583450001],[-1.90284338199996,56.6000675340001],[-1.90354897299994,56.601119354],[-1.89588683799997,56.603448068],[-1.88822376399997,56.605776307],[-1.87800559599998,56.6058284380001],[-1.86905573499996,56.6028779800001],[-1.86777792799995,56.6022697280001],[-1.86467392699996,56.6011907070001],[-1.86256271599996,56.6004836660001]]],[[[-1.81710112299993,56.6153805770001],[-1.81336837899994,56.611028666],[-1.80963648799997,56.6066766440001],[-1.80043578699997,56.603203976],[-1.79592165099996,56.5979014640001],[-1.79695109499994,56.59260011],[-1.79521922199996,56.5916732690001],[-1.78993352699996,56.5900127580001],[-1.79486264999997,56.590092171],[-1.80056356299997,56.5919310900001],[-1.80233818999994,56.5923194870001],[-1.81526527699998,56.5886775500001],[-1.82106914399998,56.5906104410001],[-1.82289468499994,56.5979287850001],[-1.82367854299997,56.598389045],[-1.83053367099996,56.600620915],[-1.83437667199996,56.6019686590001],[-1.83685324199996,56.6022149570001],[-1.84041449399996,56.604051272],[-1.84965528299995,56.6069909390001],[-1.85889751299993,56.609929923],[-1.86777822799996,56.61294565],[-1.86665037999995,56.614042339],[-1.86584955999996,56.6151612260001],[-1.86278072699997,56.6141360390001],[-1.86017218599994,56.6133592400001],[-1.85619538799995,56.613060456],[-1.85153876699997,56.6135079750001],[-1.83560537999995,56.6147754150001],[-1.82505612899996,56.6156180930001],[-1.81922815699994,56.6160863440001],[-1.81710112299993,56.6153805770001]]],[[[-1.75513421499994,56.6099524900001],[-1.76399775399994,56.607557317],[-1.76474402299993,56.607831221],[-1.76572879599996,56.6123690430001],[-1.76098426399994,56.615935182],[-1.75933877799997,56.616359679],[-1.74922274499994,56.6173666920001],[-1.74626955899993,56.6123470260001],[-1.75513421499994,56.6099524900001]]],[[[-1.77500921299998,56.600757323],[-1.77387745899995,56.595038324],[-1.78460610399998,56.598738326],[-1.79463009999995,56.6029736070001],[-1.79952705199997,56.608723743],[-1.80442548399998,56.614473688],[-1.80331670999993,56.620302542],[-1.79970511299996,56.6207285660001],[-1.79651544399997,56.6208616770001],[-1.79462667999996,56.621182177],[-1.79211356799993,56.621897307],[-1.77822808899992,56.626170394],[-1.76436518699995,56.6215014540001],[-1.76520603599994,56.6174721080001],[-1.76984347299998,56.6140119120001],[-1.77741723999998,56.613493985],[-1.78255928899995,56.6096483580001],[-1.78343595299998,56.607377683],[-1.78305725899997,56.605384158],[-1.78144823399992,56.603405718],[-1.77846654899997,56.601793662],[-1.77500921299998,56.600757323]]],[[[-1.77942484899995,56.633893276],[-1.79129383999998,56.629902015],[-1.80195068699993,56.633615166],[-1.81260963599993,56.637327412],[-1.80864056299993,56.6455816540001],[-1.79603230199996,56.642265701],[-1.78342626899996,56.638948478],[-1.77082245999998,56.635629986],[-1.77942484899995,56.633893276]]],[[[-1.92001215899995,56.632768787],[-1.91674271799997,56.6323243300001],[-1.91075244899997,56.6325195650001],[-1.89669383699993,56.632951726],[-1.88263492699997,56.6333822990001],[-1.88846465199993,56.6289264820001],[-1.88869175699995,56.6237897170001],[-1.89273966899998,56.620912011],[-1.90113874399998,56.618873663],[-1.90159347999997,56.6177113590001],[-1.90096299399994,56.615697916],[-1.89929447499998,56.6138471370001],[-1.89679120599993,56.6125044710001],[-1.89450678099996,56.611816204],[-1.89975332099993,56.6101749810001],[-1.90490755399998,56.6118969120001],[-1.90636723599994,56.6123183930001],[-1.91899440999993,56.607530905],[-1.92797701899997,56.6109076060001],[-1.92471099099993,56.614754648],[-1.92498989799998,56.6184195340001],[-1.92610703899993,56.618868859],[-1.92718080199995,56.619235836],[-1.93000073899998,56.6202109330001],[-1.93362061399995,56.62041385],[-1.93614098799998,56.620046512],[-1.93800390499996,56.6192291890001],[-1.93787684499995,56.627453904],[-1.93774970399994,56.635678608],[-1.93762248999997,56.643903299],[-1.93749519499994,56.652127981],[-1.93546221299994,56.6514730050001],[-1.93413005399998,56.650575415],[-1.93437595799998,56.648564155],[-1.92856039399993,56.646089842],[-1.92655808099994,56.641597162],[-1.92938727999996,56.6364437340001],[-1.92743785099998,56.635327471],[-1.92379797799993,56.6340317710001],[-1.92001215899995,56.632768787]]],[[[-1.86950345499997,56.67746722],[-1.86970350299993,56.6707874090001],[-1.86990346599993,56.6641075900001],[-1.86079418399993,56.664024587],[-1.85168495299996,56.663940917],[-1.85187157499996,56.657803077],[-1.85893369399997,56.6570724970001],[-1.86270252899993,56.6582124400001],[-1.87325629399993,56.662268661],[-1.87866494099995,56.664917658],[-1.88316499299998,56.671508971],[-1.88557647699997,56.672391798],[-1.88906183399996,56.673503909],[-1.89487366999992,56.673076263],[-1.89823695699994,56.670980625],[-1.89921063599996,56.6685743780001],[-1.89784578199993,56.666373557],[-1.89599960899994,56.6654144400001],[-1.89247751599993,56.6638704630001],[-1.88083347499997,56.6581683570001],[-1.87086172399995,56.657526853],[-1.86461695999998,56.6556706470001],[-1.85998463499993,56.6511939200001],[-1.85257613799996,56.650768756],[-1.84750529699994,56.6490227200001],[-1.84591965599998,56.6488213260001],[-1.83455389499994,56.6503434050001],[-1.83180746299996,56.649909859],[-1.82973983399995,56.64874783],[-1.82674709399993,56.642472883],[-1.82493843099996,56.6416329530001],[-1.82360195199993,56.6411795390001],[-1.82967763599993,56.6351629760001],[-1.82973887399993,56.6321245830001],[-1.82806626499996,56.6299652860001],[-1.82558650599998,56.628440514],[-1.82017387399998,56.6267210130001],[-1.81844263199997,56.6256034470001],[-1.81720475399993,56.62515705],[-1.82606432599994,56.621487932],[-1.83628116099993,56.620669612],[-1.84314904799993,56.623255774],[-1.85559254399993,56.622254673],[-1.85918277699994,56.623425705],[-1.86196194199994,56.624201924],[-1.86994551999993,56.6244284320001],[-1.87512361299997,56.6237487480001],[-1.86772505499994,56.6293439630001],[-1.86873669999994,56.6335662700001],[-1.86703601799996,56.6366668060001],[-1.86738304899995,56.6394472330001],[-1.87445137299994,56.6419656580001],[-1.87833295899998,56.64250429],[-1.88044059299995,56.6424667050001],[-1.89176463599995,56.6421190390001],[-1.90308848299998,56.6417703430001],[-1.91441213399997,56.6414206150001],[-1.91545529899997,56.6417524660001],[-1.91818149099993,56.647419997],[-1.91738542799993,56.6532881250001],[-1.92396878699998,56.6581500340001],[-1.92781110299995,56.659429516],[-1.92214459399997,56.6654263010001],[-1.92178045599996,56.668291916],[-1.92337282399996,56.6703249500001],[-1.92522207399998,56.6717820040001],[-1.92721348999993,56.6725186720001],[-1.92889992999994,56.6731047000001],[-1.93095323499995,56.673746597],[-1.93305919699998,56.67399434],[-1.93530778299993,56.673958014],[-1.93676282999996,56.673672561],[-1.93716280999996,56.6735805270001],[-1.93710120299994,56.677553044],[-1.92358159299994,56.6775388140001],[-1.91006201199997,56.677523116],[-1.89654246199996,56.677505952],[-1.88302294299996,56.6774873200001],[-1.86950345499997,56.67746722]]]]},"properties":{"Property_Description":"Seagreen 1A Offshore Wind Farm","Tenant_Name":"Seagreen 1A Limited","Lease_Type_Description":"Agreement/Option for Lease","Property_Classification":"Wind Farm","Project_Phase":"Consented","Capacity_MW":500,"OBJECTID_1":54,"Shape__Area":0.018792142043615456,"Shape__Length":2.2521283473103257}},{"type":"Feature","id":55,"geometry":{"type":"Polygon","coordinates":[[[-2.25149430699997,56.4437291510001],[-2.25861833499994,56.450635026],[-2.26574493999993,56.457540491],[-2.27287412599998,56.464445546],[-2.28000589099997,56.4713501910001],[-2.28714023799995,56.478254425],[-2.28697215199998,56.4872122720001],[-2.28680396999994,56.4961701070001],[-2.28663569099996,56.5051279290001],[-2.28646731299995,56.5140857370001],[-2.28629883999997,56.5230435330001],[-2.28095017599998,56.5308476810001],[-2.27559929899996,56.5386515850001],[-2.27024620899994,56.5464552430001],[-2.26489090599995,56.5542586540001],[-2.25953338399995,56.5620618200001],[-2.25417364699996,56.569864738],[-2.24881168899998,56.5776674100001],[-2.23550802799997,56.5804984640001],[-2.22220238799997,56.583328087],[-2.20889477199995,56.5861562810001],[-2.19558517999997,56.588983043],[-2.18227361199996,56.591808374],[-2.16896006999997,56.594632274],[-2.16366518799992,56.589304989],[-2.15837179199997,56.5839774780001],[-2.15906806799995,56.575079563],[-2.15976399699997,56.5661816310001],[-2.16045957799997,56.5572836810001],[-2.16115481299994,56.5483857140001],[-2.16184970299997,56.539487729],[-2.16254424599992,56.5305897270001],[-2.16323844399994,56.5216917070001],[-2.16393229399995,56.5127936700001],[-2.16462580099994,56.503895614],[-2.16531896399994,56.4949975420001],[-2.16601178099995,56.4860994520001],[-2.16670425499996,56.477201344],[-2.15177635999993,56.4754658140001],[-2.13684984499997,56.4737284930001],[-2.12192471299994,56.4719893810001],[-2.10700096099993,56.4702484790001],[-2.09207859399993,56.4685057880001],[-2.07715761499998,56.4667613070001],[-2.06223802099993,56.465015038],[-2.04731981599997,56.4632669790001],[-2.04710889199993,56.4557312750001],[-2.04689803499997,56.4481955620001],[-2.06008323699996,56.443886381],[-2.07326546399997,56.439575786],[-2.08644471799994,56.4352637790001],[-2.09962099499995,56.4309503600001],[-2.11279429999996,56.4266355300001],[-2.12596462899995,56.422319289],[-2.14084620699992,56.422423183],[-2.15572788299994,56.422525292],[-2.17060965499996,56.4226256160001],[-2.18549152299994,56.4227241570001],[-2.20037348299996,56.4228209120001],[-2.21525553399994,56.422915883],[-2.23013767599997,56.423009069],[-2.23725397899995,56.429916172],[-2.24319562999995,56.43568093],[-2.24319614999996,56.4356814330001],[-2.24319681399993,56.4356820790001],[-2.24319514299998,56.435681877],[-2.24319481799995,56.4356818380001],[-2.24313007799998,56.435673998],[-2.24304898499997,56.435664],[-2.24273198599997,56.4356330000001],[-2.24257437999995,56.435621143],[-2.24241249599993,56.4356089020001],[-2.24209156499995,56.4355918000001],[-2.24176965699996,56.4355817790001],[-2.24144728499994,56.4355788570001],[-2.24118785399997,56.4355822190001],[-2.24112496099997,56.435583034],[-2.24080318599994,56.4355943090001],[-2.24065444499996,56.43560282],[-2.24048298599996,56.435613],[-2.24022336499996,56.4356332830001],[-2.24016333999998,56.4356380610001],[-2.23984627499993,56.4356704680001],[-2.23961850399996,56.4356989780001],[-2.23953198599997,56.43571],[-2.23935599099997,56.4357359480001],[-2.23922037099993,56.4357560940001],[-2.23891252299995,56.4358091770001],[-2.23873054299997,56.435845009],[-2.23860898499993,56.4358690000001],[-2.23857866999992,56.43587567],[-2.23830945499998,56.4359354580001],[-2.23801519699992,56.43600846],[-2.23772640299995,56.4360878850001],[-2.23772598999994,56.4360880040001],[-2.23744398499997,56.4361740000001],[-2.23730118799995,56.4362209120001],[-2.23716704599997,56.436265489],[-2.23689736799997,56.4363633900001],[-2.23663492299994,56.436467151],[-2.23656467199993,56.4364973310001],[-2.23638013499993,56.43657661],[-2.23613339999997,56.4366915940001],[-2.23589511299997,56.4368119260001],[-2.23589497899997,56.4368119970001],[-2.23566598599996,56.4369370000001],[-2.23544498599995,56.4370680000001],[-2.23539315899995,56.437101318],[-2.23523498599997,56.4372030000001],[-2.23503398599996,56.4373430000001],[-2.23484298599993,56.437487],[-2.23466298599993,56.4376350000001],[-2.23456173299996,56.437725533],[-2.23449336199997,56.4377868510001],[-2.23433495599994,56.4379424320001],[-2.23418784299997,56.4381013770001],[-2.23405224699997,56.438263437],[-2.23392838899997,56.438428355],[-2.23381646699994,56.43859587],[-2.23377180999995,56.438671857],[-2.23371698499994,56.438766],[-2.23362898699997,56.4389380000001],[-2.23360838399998,56.438985524],[-2.23355396199997,56.4391113340001],[-2.23349134499995,56.4392865550001],[-2.23344135099995,56.439463017],[-2.23340406299997,56.4396404410001],[-2.23339889899995,56.439677944],[-2.23337998599993,56.439819001],[-2.23336798599996,56.4399970000001],[-2.23336898499997,56.4401760000001],[-2.23338298499993,56.4403540000001],[-2.23340998599997,56.4405320000001],[-2.23344898599993,56.440709],[-2.23346414799994,56.440760606],[-2.23350115799997,56.4408856810001],[-2.23356592899995,56.441060663],[-2.23364320399997,56.4412340790001],[-2.23373286699996,56.4414056570001],[-2.23375692399998,56.441445662],[-2.23383498599998,56.4415750000001],[-2.23394898499993,56.4417420010001],[-2.23407498599994,56.4419070000001],[-2.23411084399993,56.4419491400001],[-2.23421225999994,56.4420682040001],[-2.23436134599996,56.442226589],[-2.23452168399996,56.442381568],[-2.23469301999995,56.442532891],[-2.23475832399993,56.4425857730001],[-2.23487498599997,56.442680001],[-2.23502371199993,56.4427909670001],[-2.23506758099995,56.4428236250001],[-2.23527021899997,56.4429625770001],[-2.23543728099997,56.443068248],[-2.23548266899996,56.443096956],[-2.23556852999997,56.443147095],[-2.23570459799993,56.4432265500001],[-2.23580221999993,56.4432791950001],[-2.23593598499997,56.4433510000001],[-2.23609080899996,56.4434284120001],[-2.23617547599997,56.443470571],[-2.23642367799994,56.4435846120001],[-2.23658844099998,56.4436543800001],[-2.23667998599996,56.4436930000001],[-2.23691614199993,56.4437851370001],[-2.23694364999994,56.443795853],[-2.23721459699993,56.4438927190001],[-2.23749228399993,56.4439835410001],[-2.23773533099995,56.4440559760001],[-2.23777598599997,56.4440680000001],[-2.23806598499993,56.444146],[-2.23836098499993,56.4442180010001],[-2.23852800999992,56.4442546240001],[-2.23866150199996,56.4442836690001],[-2.23879811799998,56.444309973],[-2.23896598599993,56.4443420000001],[-2.23927498599994,56.444394001],[-2.23958698599995,56.444439],[-2.23990198499996,56.4444770000001],[-2.24005934599995,56.444492885],[-2.24021933999995,56.444508596],[-2.24053886599995,56.444532758],[-2.24085987399997,56.4445498640001],[-2.24118185999993,56.4445598870001],[-2.24150430399993,56.44456281],[-2.24182670699997,56.4445586310001],[-2.24199728399998,56.4445526530001],[-2.24214898599996,56.4445470000001],[-2.24246898699994,56.444529],[-2.24248573999995,56.4445276920001],[-2.24278854999994,56.444503592],[-2.24302957099997,56.4444789560001],[-2.24310598499994,56.4444710010001],[-2.24324695599995,56.444453492],[-2.24342023999998,56.4444318000001],[-2.24373172199995,56.4443855310001],[-2.24391006599996,56.444354779],[-2.24403998699995,56.444332],[-2.24416952599995,56.4443068590001],[-2.24434398599993,56.4442730010001],[-2.24459908399996,56.444215838],[-2.24464298699996,56.4442060000001],[-2.24493698599997,56.4441330000001],[-2.24502435699998,56.444109117],[-2.24522596499997,56.444053667],[-2.24550886999998,56.4439679290001],[-2.24562040999996,56.443930859],[-2.24578498599993,56.443876],[-2.24605498599993,56.4437780000001],[-2.24631798499996,56.443674001],[-2.24657199299998,56.443565006],[-2.24657238499998,56.4435648450001],[-2.24663350599997,56.4435363580001],[-2.24681913199993,56.4434498410001],[-2.24684431999998,56.443437121],[-2.24705698599996,56.4433290010001],[-2.24727073499997,56.4432128330001],[-2.24728698599995,56.443204001],[-2.24750698599996,56.4430740010001],[-2.24762088999995,56.4430005840001],[-2.24771791699993,56.442938333],[-2.24778701999998,56.4428902600001],[-2.24791878399998,56.4427985950001],[-2.24810945999997,56.442654545],[-2.24816885299992,56.442605717],[-2.24828998599997,56.442506],[-2.24845898599995,56.4423540010001],[-2.24861698599994,56.4421990000001],[-2.24866217199997,56.4421504570001],[-2.24876449599998,56.4420398610001],[-2.24890003699994,56.441877785],[-2.24902384299997,56.4417128540001],[-2.24913571099995,56.4415453240001],[-2.24915489899996,56.4415126480001],[-2.24917321999993,56.441481448],[-2.24917410399996,56.4414799420001],[-2.24917431699993,56.441479578],[-2.24917503099994,56.4414802700001],[-2.25149430699997,56.4437291510001]],[[-2.24207188099996,56.470842352],[-2.24167584499997,56.470850264],[-2.24128048399996,56.4708653050001],[-2.24088621599998,56.4708874610001],[-2.24049345999993,56.4709167060001],[-2.24010263099996,56.4709530110001],[-2.23971414399995,56.470996336],[-2.23932840699996,56.471046637],[-2.23894583399994,56.4711038570001],[-2.23856682699994,56.47116794],[-2.23819178799994,56.471238817],[-2.23782111299994,56.47131641],[-2.23745519699997,56.4714006400001],[-2.23709442699993,56.471491416],[-2.23673918399993,56.4715886430001],[-2.23638984599995,56.4716922170001],[-2.23604678199996,56.4718020290001],[-2.23571035399993,56.4719179630001],[-2.23538092099994,56.472039894],[-2.23505883199994,56.472167696],[-2.23474442599996,56.4723012310001],[-2.23443803799995,56.4724403600001],[-2.23413999299993,56.4725849330001],[-2.23385060599998,56.472734798],[-2.23357018199994,56.4728897970001],[-2.23329902099994,56.473049765],[-2.23303740799997,56.473214533],[-2.23278562399997,56.4733839260001],[-2.23254393099995,56.4735577640001],[-2.23231258999994,56.473735864],[-2.23209184199993,56.473918037],[-2.23188192299995,56.474104089],[-2.23168305499996,56.474293824],[-2.23149544899996,56.4744870420001],[-2.23131930499994,56.4746835350001],[-2.23115480899997,56.4748830980001],[-2.23100213599997,56.4750855180001],[-2.23086144499996,56.4752905810001],[-2.23073289099995,56.4754980690001],[-2.23061660499997,56.4757077630001],[-2.23051271299994,56.4759194420001],[-2.23042132499995,56.476132878],[-2.23034253699996,56.476347848],[-2.23027643399996,56.476564124],[-2.23022308699996,56.4767814750001],[-2.23018254999994,56.476999672],[-2.23015486799994,56.477218484],[-2.23014007099994,56.4774376780001],[-2.23013817399993,56.4776570230001],[-2.23014917999996,56.4778762860001],[-2.23017307499993,56.4780952340001],[-2.23020983699996,56.4783136360001],[-2.23025942599998,56.4785312590001],[-2.23032179099994,56.4787478750001],[-2.23039686299995,56.478963252],[-2.23048456599997,56.479177162],[-2.23058480599997,56.47938938],[-2.23069747699998,56.47959968],[-2.23082245799998,56.4798078380001],[-2.23095961899998,56.4800136360001],[-2.23110881599996,56.4802168530001],[-2.23126988599995,56.480417274],[-2.23144266399993,56.480614689],[-2.23162696399993,56.480808886],[-2.23182259199996,56.4809996610001],[-2.23202933899995,56.481186811],[-2.23224698699994,56.481370138],[-2.23247530699996,56.481549446],[-2.23271405599996,56.481724548],[-2.23296297999997,56.481895256],[-2.23322181599997,56.4820613890001],[-2.23349029099995,56.4822227720001],[-2.23376811899993,56.4823792340001],[-2.23405500499996,56.482530608],[-2.23435064699993,56.4826767340001],[-2.23465472999993,56.4828174570001],[-2.23496693199996,56.4829526290001],[-2.23528692299993,56.4830821050001],[-2.23561436299997,56.483205748],[-2.23594890499993,56.4833234280001],[-2.23629019299995,56.4834350190001],[-2.23663786799995,56.4835404040001],[-2.23699155999998,56.4836394700001],[-2.23735089499996,56.483732112],[-2.23771548899992,56.4838182330001],[-2.23808495999998,56.48389774],[-2.23845891199994,56.48397055],[-2.23883695099994,56.4840365860001],[-2.23921867599995,56.4840957770001],[-2.23960368199994,56.484148061],[-2.23999155999996,56.4841933820001],[-2.24038189999993,56.484231692],[-2.24077428899994,56.4842629500001],[-2.24116830799994,56.484287125],[-2.24156353999996,56.4843041880001],[-2.24195956599993,56.484314124],[-2.24235596999995,56.4843169210001],[-2.24275232599996,56.484312576],[-2.24314821599995,56.4843010930001],[-2.24354322099992,56.4842824850001],[-2.24393692099994,56.484256772],[-2.24432890099996,56.4842239820001],[-2.24471874199998,56.4841841480001],[-2.24510603199997,56.484137312],[-2.24549036099995,56.4840835260001],[-2.24587132099992,56.484022845],[-2.24624850799995,56.483955334],[-2.24662152099995,56.483881065],[-2.24698996799998,56.4838001160001],[-2.24735345399995,56.483712573],[-2.24771159799997,56.4836185300001],[-2.24806401699993,56.4835180840001],[-2.24841033799993,56.483411344],[-2.24875019299998,56.4832984220001],[-2.24908322499994,56.483179438],[-2.24940907799993,56.4830545190001],[-2.24972740899995,56.4829237960001],[-2.25003787799994,56.4827874090001],[-2.25034015699993,56.482645501],[-2.25063392699997,56.482498224],[-2.25091887399998,56.482345733],[-2.25119469899994,56.48218819],[-2.25146110699995,56.482025762],[-2.25171781699993,56.4818586210001],[-2.25196455599996,56.481686945],[-2.25220106499995,56.481510916],[-2.25242709099996,56.4813307200001],[-2.25264239399996,56.481146547],[-2.25284674799997,56.4809585940001],[-2.25303993699993,56.4807670600001],[-2.25322175499997,56.4805721480001],[-2.25339200899992,56.4803740630001],[-2.25355051799994,56.480173017],[-2.25369711799993,56.4799692230001],[-2.25383164999994,56.4797628950001],[-2.25395397199998,56.4795542530001],[-2.25406395699997,56.4793435190001],[-2.25416148699998,56.479130915],[-2.25424645899994,56.4789166670001],[-2.25431878099994,56.478701002],[-2.25437838199997,56.4784841490001],[-2.25442519399996,56.478266337],[-2.25445916899997,56.478047797],[-2.25448027099998,56.4778287610001],[-2.25448847899997,56.477609461],[-2.25448378399994,56.4773901290001],[-2.25446619099995,56.4771709980001],[-2.25443571999995,56.4769523000001],[-2.25439239999997,56.476734267],[-2.25433628299993,56.47651713],[-2.25426742299993,56.476301118],[-2.25418589499998,56.4760864610001],[-2.25409178699994,56.475873387],[-2.25398519799995,56.47566212],[-2.25386624099997,56.475452886],[-2.25373504399994,56.4752459040001],[-2.25359174199997,56.475041397],[-2.25343648999996,56.4748395780001],[-2.25326945399996,56.4746406630001],[-2.25309080899996,56.474444862],[-2.25290074399993,56.4742523830001],[-2.25269946199995,56.4740634300001],[-2.25248717599993,56.473878202],[-2.25226410999994,56.473696896],[-2.25203050399995,56.4735197040001],[-2.25178660099994,56.4733468140001],[-2.25153266199993,56.4731784090001],[-2.25126895599993,56.4730146680001],[-2.25099576199995,56.472855763],[-2.25071336899993,56.4727018630001],[-2.25042207799993,56.472553132],[-2.25012219699994,56.4724097270001],[-2.24981404299996,56.4722717990001],[-2.24949794299994,56.4721394950001],[-2.24917423199997,56.472012954],[-2.24884325399995,56.4718923130001],[-2.24850535599995,56.4717776960001],[-2.24816090099995,56.4716692270001],[-2.24781024999993,56.4715670200001],[-2.24745377699998,56.4714711830001],[-2.24709185899997,56.471381819],[-2.24672487799995,56.4712990200001],[-2.24635322299997,56.4712228760001],[-2.24597728999993,56.4711534670001],[-2.24559747499995,56.4710908660001],[-2.24521418199993,56.4710351410001],[-2.24482781399996,56.4709863480001],[-2.24443878399995,56.470944542],[-2.24404750199994,56.470909765],[-2.24365438299998,56.4708820540001],[-2.24325984299998,56.4708614400001],[-2.24286429999995,56.4708479430001],[-2.24246817299996,56.470841578],[-2.24207188099996,56.470842352]]]},"properties":{"Property_Description":"Inch Cape Offshore Wind Farm","Tenant_Name":"Inch Cape Offshore Ltd","Lease_Type_Description":"Lease Marine","Property_Classification":"Wind Farm","Project_Phase":"Under Construction","Capacity_MW":1080,"OBJECTID_1":55,"Shape__Area":0.02151518346109782,"Shape__Length":0.79969059438773937}},{"type":"Feature","id":56,"geometry":{"type":"Polygon","coordinates":[[[-2.25255475899996,56.4727403570001],[-2.27289414799998,56.4711743650001],[-2.27489640999994,56.47090732],[-2.27681088099996,56.4704870400001],[-2.27854904899993,56.469939981],[-2.27929627399993,56.470663304],[-2.27931263699998,56.469640064],[-2.27991574299995,56.469372907],[-2.28139030199998,56.468577092],[-2.28264794899997,56.467674383],[-2.28366368899998,56.4666827300001],[-2.28441734599994,56.4656218550001],[-2.28493038999994,56.46440018],[-2.28508729199996,56.4631495840001],[-2.28492320399994,56.4606877640001],[-2.28488882399995,56.4600648810001],[-2.28493146599993,56.4593673940001],[-2.28628431199996,56.4532630260001],[-2.28635227699993,56.452610581],[-2.28628340599994,56.448720946],[-2.28613153299995,56.4478232720001],[-2.28589964499997,56.4471592190001],[-2.28534747599997,56.44597178],[-2.28497351299995,56.444602892],[-2.28495993499996,56.443348384],[-2.28627354999998,56.435990057],[-2.28560459099998,56.422788278],[-2.28595596099996,56.40783335],[-2.28619792099994,56.398195667],[-2.28578607899993,56.3933548850001],[-2.28584160999998,56.392566688],[-2.28618929199996,56.381090644],[-2.28635615199994,56.3801542350001],[-2.28694366199994,56.3779712040001],[-2.28707791299996,56.377150951],[-2.28708016199994,56.3762985920001],[-2.28633376499994,56.369077093],[-2.28639082199993,56.3679182210001],[-2.28679462599996,56.366507315],[-2.28776873299995,56.364488232],[-2.28819771999997,56.363220572],[-2.28852632999997,56.3563527480001],[-2.28750313599994,56.345489167],[-2.28758452399995,56.3438837560001],[-2.28813885599993,56.3422950450001],[-2.28895270299995,56.3410240040001],[-2.29007056899997,56.3398263550001],[-2.29116992899998,56.3389361220001],[-2.30088646599995,56.331938603],[-2.30624469299994,56.32854008],[-2.30888651199996,56.3257114560001],[-2.31251872799993,56.3218414890001],[-2.32079505699994,56.3144294950001],[-2.32892569599994,56.306629587],[-2.33118370599993,56.304431584],[-2.33740580699993,56.2983826820001],[-2.33848267299993,56.2974369440001],[-2.33919909299993,56.2966038530001],[-2.33960758699993,56.2959725590001],[-2.34268075799997,56.2905345560001],[-2.34296224899992,56.289963088],[-2.34320412599993,56.289257268],[-2.34342245099998,56.288280995],[-2.34383203099998,56.2871954450001],[-2.34719844499995,56.2803021560001],[-2.34767819599995,56.277605801],[-2.36161616299995,56.2489902890001],[-2.36191880199993,56.2486118730001],[-2.36249245299996,56.247692326],[-2.36272894699994,56.2473359640001],[-2.36309649499998,56.2463115150001],[-2.37244527999997,56.2279861150001],[-2.37310346099997,56.226967888],[-2.37395752499998,56.2259958440001],[-2.37499720299996,56.2250816490001],[-2.45119152499996,56.1656134230001],[-2.46246637699994,56.1569393790001],[-2.46304036899994,56.1565211550001],[-2.46399668099997,56.1559139170001],[-2.46503869399993,56.1553523250001],[-2.46615942299997,56.1548401370001],[-2.48203963699996,56.148879589],[-2.49381419999997,56.1432615080001],[-2.49470477799997,56.1428585420001],[-2.49549725399993,56.142554186],[-2.50318286599997,56.1399305410001],[-2.50408287399995,56.1395739750001],[-2.52612514199996,56.1298322260001],[-2.52784225299996,56.1291997340001],[-2.52994169799996,56.1286317190001],[-2.53539574699994,56.1275468050001],[-2.53630149499998,56.1273988630001],[-2.54676130799993,56.126026681],[-2.54780630399995,56.1258670390001],[-2.54881779899995,56.1256663080001],[-2.56596765199993,56.121579986],[-2.58776628499993,56.1158797890001],[-2.62123582199996,56.1083781300001],[-2.62217554199998,56.1081945110001],[-2.62313225399993,56.108040719],[-2.64752422399994,56.104949231],[-2.64863654399994,56.104415912],[-2.64933649299996,56.1042590270001],[-2.70185279099996,56.0976247720001],[-2.70435321299993,56.097557705],[-2.70671561899997,56.0973840180001],[-2.78769069199996,56.0869571040001],[-2.79384130699998,56.0858502120001],[-2.79933317499996,56.0850630050001],[-2.80474990599993,56.0824352120001],[-2.84972141499998,56.069109402],[-2.92707050599995,56.023001537],[-2.99061625899998,55.984953551],[-2.99083619199996,55.9787090120001],[-2.98499796099998,55.9748943170001],[-2.97593611399998,55.9729305610001],[-2.97207051099997,55.9701127920001],[-2.97197209799998,55.9700410500001],[-2.97191739699997,55.9700228570001],[-2.97196580299993,55.9699949910001],[-2.97202154099995,55.969960014],[-2.97203235899997,55.9699532270001],[-2.97207428999997,55.969926914],[-2.97399114499996,55.968770578],[-2.97464835099993,55.968353531],[-2.97467237799998,55.9683533410001],[-2.97467756499998,55.9683526260001],[-2.97468275599994,55.9683519110001],[-2.97468515799994,55.968351892],[-2.97471067399994,55.9683471980001],[-2.97473220799998,55.9683434340001],[-2.97477129399994,55.9683368350001],[-2.97478723299997,55.968333564],[-2.97482231499993,55.9683269970001],[-2.97484065599997,55.9683237070001],[-2.97485824199993,55.9683222200001],[-2.97487182299994,55.968320765],[-2.97488861999994,55.968319733],[-2.97490623999994,55.968319594],[-2.97491583899995,55.9683190690001],[-2.97495828699994,55.968318733],[-2.97497668499994,55.9683176890001],[-2.97499028899995,55.968317132],[-2.97500465999997,55.9683152210001],[-2.97501105599997,55.9683147210001],[-2.97502381399994,55.968312374],[-2.97503655999998,55.9683095780001],[-2.97504851699995,55.968307237],[-2.97506926199998,55.9683039280001],[-2.97508919399996,55.9683001760001],[-2.97511231799996,55.96829595],[-2.97512904699994,55.968292223],[-2.97514990599996,55.9682871160001],[-2.97515929999997,55.968284796],[-2.97517602899995,55.9682810690001],[-2.97519356899994,55.9682777850001],[-2.97520717299994,55.9682772290001],[-2.97523191099998,55.968273439],[-2.97524304399997,55.9682702060001],[-2.97525341099993,55.968268327],[-2.97526769099994,55.968262823],[-2.97527719999994,55.968258704],[-2.97528589699994,55.968254142],[-2.97530092199997,55.968246386],[-2.97531119799993,55.968240914],[-2.97533966899994,55.9682263120001],[-2.97535947699993,55.968217619],[-2.97551292199995,55.9681779480001],[-2.97555510699993,55.968165979],[-2.97559590699996,55.9681544040001],[-2.97566213499994,55.9681356140001],[-2.97582855999997,55.9680833510001],[-2.97592211699993,55.9680520950001],[-2.97609880499994,55.967993065],[-2.97626498099993,55.9679309190001],[-2.97644474899994,55.967855097],[-2.97657574699997,55.967789366],[-2.97671038099998,55.9677217180001],[-2.97685880099993,55.9676480310001],[-2.97687483299995,55.9676387690001],[-2.97689845699995,55.9676251220001],[-2.97697581199998,55.9675804330001],[-2.97708226399993,55.967507079],[-2.97719219199996,55.9674318090001],[-2.97729854399995,55.967354502],[-2.97742190999998,55.967259448],[-2.97752469999995,55.967174351],[-2.97761006999997,55.9670973],[-2.97761855499994,55.9670892760001],[-2.97767484999997,55.967036046],[-2.97781800999996,55.966893752],[-2.97792357099996,55.9667851820001],[-2.97797101899994,55.9664497470001],[-2.97795706599993,55.9663711420001],[-2.97793001899993,55.9662187700001],[-2.97792619999996,55.9661972580001],[-2.97792602699997,55.9661961800001],[-2.97794842999997,55.9662068820001],[-2.97797016499993,55.9662172660001],[-2.98866337099997,55.9731516210001],[-2.99508141499996,55.9773435380001],[-2.99550906199994,55.9777523710001],[-2.99495606299996,55.9862745950001],[-2.93131006099998,56.0244056180001],[-2.85231235299995,56.071619302],[-2.82503246199997,56.0808694090001],[-2.80766242099997,56.0870329910001],[-2.80107135199995,56.0877943130001],[-2.74602824499993,56.094883177],[-2.71088156499997,56.0993974360001],[-2.70860776799998,56.0998084170001],[-2.70698859599997,56.1002330680001],[-2.70536268899997,56.100566144],[-2.70166239899993,56.1010459140001],[-2.69340561299992,56.102367347],[-2.68305106899993,56.103685725],[-2.67433490699995,56.104793919],[-2.66561824799993,56.1059014960001],[-2.65865710399993,56.1067855220001],[-2.65578204099995,56.1070264790001],[-2.65018647699998,56.1073999870001],[-2.64654530599995,56.107858218],[-2.64584264599995,56.107927155],[-2.64190210599997,56.1082406140001],[-2.64109710299994,56.108329418],[-2.62465252999993,56.1104117260001],[-2.62359119599995,56.110586111],[-2.62254730199993,56.110807444],[-2.54785142799994,56.1284543770001],[-2.54670021899994,56.1286885210001],[-2.53178571999996,56.131391459],[-2.52971333299996,56.1319053030001],[-2.52780151399998,56.1325969980001],[-2.51200990799992,56.13933337],[-2.50653977899998,56.1414074730001],[-2.50347935099995,56.1425801890001],[-2.49271700099996,56.1471356820001],[-2.48486256899997,56.1507659110001],[-2.46890014399997,56.157203823],[-2.46786841499994,56.1577004170001],[-2.46702470299994,56.158186723],[-2.46649689199995,56.1585369300001],[-2.45367208399995,56.16754403],[-2.45012667499998,56.1703540490001],[-2.43725311699995,56.1816622470001],[-2.39271657799998,56.2167133780001],[-2.37959390199995,56.225998003],[-2.37837266199995,56.2270752640001],[-2.37746721899993,56.228251271],[-2.37273898699993,56.236767333],[-2.36963835999995,56.2460552310001],[-2.36963717299994,56.2460585480001],[-2.36881155699996,56.248140048],[-2.36847898499997,56.24927396],[-2.36614418499994,56.252230013],[-2.36561213899995,56.25326518],[-2.36441725999993,56.2571455360001],[-2.36353610099997,56.2599624480001],[-2.35915336699998,56.2687973330001],[-2.35591267699994,56.275285049],[-2.35496120699997,56.2771894100001],[-2.35382493399993,56.2787509680001],[-2.35279362599994,56.280400017],[-2.35208506599997,56.2818566060001],[-2.35208365899996,56.2818602770001],[-2.35020586499996,56.286765007],[-2.34988486999993,56.2874618750001],[-2.34952573599998,56.288076297],[-2.34896525699997,56.2888363120001],[-2.34749807099996,56.290542079],[-2.34703378999995,56.2911385250001],[-2.34329847099997,56.297467666],[-2.34195270999993,56.2993349290001],[-2.33636941099996,56.306722531],[-2.33460873099995,56.309027583],[-2.32642199099996,56.31809437],[-2.31735137299995,56.326039042],[-2.31619240599997,56.3269061600001],[-2.31287482299996,56.328849694],[-2.30255363199996,56.334738615],[-2.29434269699993,56.3405783590001],[-2.29330405299993,56.34152922],[-2.29250191999995,56.342563759],[-2.29196639499997,56.3436501630001],[-2.29170789399996,56.3447673580001],[-2.29170456499997,56.345674972],[-2.29266614599993,56.3557805670001],[-2.29248574199994,56.363057724],[-2.29154986299994,56.376302293],[-2.29157067699992,56.377161701],[-2.29194297499993,56.380457166],[-2.29180196699997,56.3834050340001],[-2.29052137399998,56.3911509580001],[-2.29049077599996,56.3915917350001],[-2.29050356299996,56.392032785],[-2.29133907999994,56.397368929],[-2.29135132899995,56.3982202920001],[-2.29052719899994,56.409518689],[-2.29127273999995,56.420543932],[-2.29123291399998,56.4213360590001],[-2.29015955799997,56.4265139890001],[-2.29059855099996,56.4307027180001],[-2.29045225399994,56.4354418720001],[-2.29056541999995,56.4390735090001],[-2.29047505199998,56.440060375],[-2.29026930199996,56.440825531],[-2.28975468399994,56.4423369900001],[-2.28956264099997,56.443516059],[-2.28969437199993,56.444790357],[-2.29052268299995,56.4476263610001],[-2.29067429499997,56.4487121020001],[-2.29067933499994,56.452768339],[-2.29052854099996,56.453818552],[-2.28909901899993,56.4597736320001],[-2.28904510699994,56.4601409380001],[-2.28911637799996,56.4638920720001],[-2.28900848499995,56.464719528],[-2.28867045099997,56.4658094690001],[-2.28811452499997,56.4668716730001],[-2.28734764199993,56.46789284],[-2.28637940299996,56.468860175],[-2.28522190999996,56.4697615650001],[-2.28457664299998,56.470183961],[-2.28300901799997,56.471094818],[-2.28148895399994,56.471833695],[-2.27985647099996,56.472462303],[-2.27810776499996,56.472986506],[-2.27626454099993,56.4733997980001],[-2.27434967099992,56.4736970490001],[-2.27240017299994,56.473873693],[-2.25798416299995,56.4749777970001],[-2.25614549499994,56.475264759],[-2.25403207999994,56.4757550410001],[-2.25409178699994,56.475873387],[-2.25418589499998,56.4760864610001],[-2.25426742299993,56.476301118],[-2.25433628299993,56.47651713],[-2.25439239999997,56.476734267],[-2.25443571999995,56.4769523000001],[-2.25446619099995,56.4771709980001],[-2.25448378399994,56.4773901290001],[-2.25448847899997,56.477609461],[-2.25448027099998,56.4778287610001],[-2.25445916899997,56.478047797],[-2.25442519399996,56.478266337],[-2.25437838199997,56.4784841490001],[-2.25431878099994,56.478701002],[-2.25424645899994,56.4789166670001],[-2.25416148699998,56.479130915],[-2.25406395699997,56.4793435190001],[-2.25395397199998,56.4795542530001],[-2.25383164999994,56.4797628950001],[-2.25369711799993,56.4799692230001],[-2.25355051799994,56.480173017],[-2.25339200899992,56.4803740630001],[-2.25322175499997,56.4805721480001],[-2.25303993699993,56.4807670600001],[-2.25284674799997,56.4809585940001],[-2.25264239399996,56.481146547],[-2.25242709099996,56.4813307200001],[-2.25220106499995,56.481510916],[-2.25196455599996,56.481686945],[-2.25171781699993,56.4818586210001],[-2.25146110699995,56.482025762],[-2.25127364999997,56.4821400530001],[-2.25119469899994,56.48218819],[-2.25091887399998,56.482345733],[-2.25063392699997,56.482498224],[-2.25034015699993,56.482645501],[-2.25003787799994,56.4827874090001],[-2.24972740899995,56.4829237960001],[-2.24940907799993,56.4830545190001],[-2.24908322499994,56.483179438],[-2.24875019299998,56.4832984220001],[-2.24841033799993,56.483411344],[-2.24806401699993,56.4835180840001],[-2.24771159799997,56.4836185300001],[-2.24735345399995,56.483712573],[-2.24698996799998,56.4838001160001],[-2.24662152099995,56.483881065],[-2.24624850799995,56.483955334],[-2.24587132099992,56.484022845],[-2.24549036099995,56.4840835260001],[-2.24510603199997,56.484137312],[-2.24471874199998,56.4841841480001],[-2.24432890099996,56.4842239820001],[-2.24393692099994,56.484256772],[-2.24354322099992,56.4842824850001],[-2.24314821599995,56.4843010930001],[-2.24275232599996,56.484312576],[-2.24235596999995,56.4843169210001],[-2.24195956599993,56.484314124],[-2.24156353999996,56.4843041880001],[-2.24116830799994,56.484287125],[-2.24077428899994,56.4842629500001],[-2.24038189999993,56.484231692],[-2.23999155999996,56.4841933820001],[-2.23960368199994,56.484148061],[-2.23921867599995,56.4840957770001],[-2.23883695099994,56.4840365860001],[-2.23845891199994,56.48397055],[-2.23808495999998,56.48389774],[-2.23771548899992,56.4838182330001],[-2.23735089499996,56.483732112],[-2.23699155999998,56.4836394700001],[-2.23663786799995,56.4835404040001],[-2.23629019299995,56.4834350190001],[-2.23594890499993,56.4833234280001],[-2.23561436299997,56.483205748],[-2.23528692299993,56.4830821050001],[-2.23496693199996,56.4829526290001],[-2.23465472999993,56.4828174570001],[-2.23435064699993,56.4826767340001],[-2.23405500499996,56.482530608],[-2.23376811899993,56.4823792340001],[-2.23349029099995,56.4822227720001],[-2.23322181599997,56.4820613890001],[-2.23296297999997,56.481895256],[-2.23271405599996,56.481724548],[-2.23247530699996,56.481549446],[-2.23224698699994,56.481370138],[-2.23202933899995,56.481186811],[-2.23182259199996,56.4809996610001],[-2.23162696399993,56.480808886],[-2.23144266399993,56.480614689],[-2.23126988599995,56.480417274],[-2.23110881599996,56.4802168530001],[-2.23095961899998,56.4800136360001],[-2.23082245799998,56.4798078380001],[-2.23069747699998,56.47959968],[-2.23058480599997,56.47938938],[-2.23048456599997,56.479177162],[-2.23039686299995,56.478963252],[-2.23032179099994,56.4787478750001],[-2.23025942599998,56.4785312590001],[-2.23020983699996,56.4783136360001],[-2.23017307499993,56.4780952340001],[-2.23014917999996,56.4778762860001],[-2.23013817399993,56.4776570230001],[-2.23014007099994,56.4774376780001],[-2.23015486799994,56.477218484],[-2.23018254999994,56.476999672],[-2.23022308699996,56.4767814750001],[-2.23027643399996,56.476564124],[-2.23034253699996,56.476347848],[-2.23042132499995,56.476132878],[-2.23051271299994,56.4759194420001],[-2.23061660499997,56.4757077630001],[-2.23073289099995,56.4754980690001],[-2.23086144499996,56.4752905810001],[-2.23100213599997,56.4750855180001],[-2.23115480899997,56.4748830980001],[-2.23131930499994,56.4746835350001],[-2.23149544899996,56.4744870420001],[-2.23168305499996,56.474293824],[-2.23188104199994,56.4741049300001],[-2.23188192299995,56.474104089],[-2.23209184199993,56.473918037],[-2.23231258999994,56.473735864],[-2.23254393099995,56.4735577640001],[-2.23278562399997,56.4733839260001],[-2.23303740799997,56.473214533],[-2.23329902099994,56.473049765],[-2.23357018199994,56.4728897970001],[-2.23385060599998,56.472734798],[-2.23413999299993,56.4725849330001],[-2.23443803799995,56.4724403600001],[-2.23474442599996,56.4723012310001],[-2.23505883199994,56.472167696],[-2.23538092099994,56.472039894],[-2.23571035399993,56.4719179630001],[-2.23604678199996,56.4718020290001],[-2.23638984599995,56.4716922170001],[-2.23673918399993,56.4715886430001],[-2.23709442699993,56.471491416],[-2.23745519699997,56.4714006400001],[-2.23782111299994,56.47131641],[-2.23819178799994,56.471238817],[-2.23856682699994,56.47116794],[-2.23894583399994,56.4711038570001],[-2.23932840699996,56.471046637],[-2.23971414399995,56.470996336],[-2.24010263099996,56.4709530110001],[-2.24049345999993,56.4709167060001],[-2.24088621599998,56.4708874610001],[-2.24128048399996,56.4708653050001],[-2.24167584499997,56.470850264],[-2.24207188099996,56.470842352],[-2.24246817299996,56.470841578],[-2.24286429999995,56.4708479430001],[-2.24325984299998,56.4708614400001],[-2.24365438299998,56.4708820540001],[-2.24404750199994,56.470909765],[-2.24443878399995,56.470944542],[-2.24482781399996,56.4709863480001],[-2.24521418199993,56.4710351410001],[-2.24559747499995,56.4710908660001],[-2.24597728999993,56.4711534670001],[-2.24635322299997,56.4712228760001],[-2.24672487799995,56.4712990200001],[-2.24709185899997,56.471381819],[-2.24745377699998,56.4714711830001],[-2.24781024999993,56.4715670200001],[-2.24816090099995,56.4716692270001],[-2.24850535599995,56.4717776960001],[-2.24884325399995,56.4718923130001],[-2.24917423199997,56.472012954],[-2.24949794299994,56.4721394950001],[-2.24981404299996,56.4722717990001],[-2.25012219699994,56.4724097270001],[-2.25042207799993,56.472553132],[-2.25071336899993,56.4727018630001],[-2.25099576199995,56.472855763],[-2.25111348099995,56.4729242350001],[-2.25255475899996,56.4727403570001]]]},"properties":{"Property_Description":"Inch Cape OFTO","Tenant_Name":"Inch Cape Offshore Ltd","Lease_Type_Description":"Lease Marine","Property_Classification":"OFTO","Project_Phase":"Under Construction","Capacity_MW":null,"OBJECTID_1":56,"Shape__Area":0.004049881011290779,"Shape__Length":2.0910496340651172}},{"type":"Feature","id":57,"geometry":{"type":"Polygon","coordinates":[[[-1.12492188199997,57.6155666070001],[-1.20533007699993,57.577725533],[-1.26782486199994,57.631894973],[-1.19623731999997,57.6466007080001],[-1.12492188199997,57.6155666070001]]]},"properties":{"Property_Description":"Salamander   ","Tenant_Name":"Salamander Wind Project","Lease_Type_Description":"Agreement/Option for Lease","Property_Classification":"Wind Farm","Project_Phase":"Consented","Capacity_MW":100,"OBJECTID_1":57,"Shape__Area":0.004995468809873671,"Shape__Length":0.32242905020443458}},{"type":"Feature","id":58,"geometry":{"type":"Polygon","coordinates":[[[1.87976079700007,57.1917244730001],[1.87977013600005,57.191678853],[1.88959719800005,57.192303076],[1.88963906500004,57.1920779320001],[1.88966781800002,57.191852182],[1.88968343100004,57.1916260510001],[1.88968588600005,57.1913997660001],[1.88967518300007,57.1911735520001],[1.88965133000005,57.1909476340001],[1.88961435300007,57.190722237],[1.88956428800003,57.190497586],[1.88950118700006,57.1902739060001],[1.88942511200003,57.1900514180001],[1.88933614000007,57.1898303450001],[1.88923435700002,57.189610907],[1.88911986900007,57.189393323],[1.88899278600007,57.1891778090001],[1.88885323700003,57.1889645810001],[1.88870136300005,57.188753852],[1.88853731200004,57.1885458300001],[1.88836125000006,57.1883407230001],[1.88817335200002,57.188138736],[1.88797380600005,57.1879400700001],[1.88776281000003,57.1877449230001],[1.88754057600005,57.187553489],[1.88730732400006,57.1873659610001],[1.88706328800004,57.1871825220001],[1.88680870900004,57.1870033590001],[1.88654384500006,57.186828647],[1.88626895500005,57.186658562],[1.88598431800006,57.1864932730001],[1.88569021500007,57.1863329450001],[1.88538693900006,57.186177738],[1.88507479300006,57.186027805],[1.88475408700003,57.185883297],[1.88442514300004,57.185744357],[1.88408828800004,57.185611125],[1.88374385600002,57.1854837330001],[1.88339219200003,57.185362307],[1.88303364600006,57.185246969],[1.88266857600007,57.185137834],[1.88229734400005,57.185035009],[1.88192032100005,57.1849385990001],[1.88153788500006,57.1848486980001],[1.87775173500006,57.189810343],[1.87755928200005,57.1897707690001],[1.87736064200004,57.1897375010001],[1.87715854800007,57.1897110720001],[1.87695379800005,57.1896915820001],[1.87674719500006,57.189679111],[1.87653956100007,57.1896737070001],[1.87633170900006,57.1896753930001],[1.87612446300005,57.1896841600001],[1.87591864000007,57.189699976],[1.87571505300002,57.1897227760001],[1.87551450200004,57.1897524720001],[1.87531778200002,57.189788945],[1.87512566800007,57.189832053],[1.87493891800005,57.1898816240001],[1.87475826900004,57.1899374640001],[1.87458443400004,57.189999352],[1.87441809800004,57.190067044],[1.87425991900005,57.1901402720001],[1.87411052000004,57.1902187490001],[1.87397049100002,57.1903021630001],[1.87392841900004,57.190330628],[1.86628216500003,57.1869222760001],[1.86602370100007,57.187098785],[1.86577558700003,57.18727962],[1.86553807300004,57.1874646040001],[1.86531139100003,57.1876535530001],[1.86509576600002,57.18784628],[1.86489141400006,57.1880425940001],[1.86469853500006,57.1882423010001],[1.86451732000006,57.1884452040001],[1.86434794900003,57.1886511020001],[1.86419059000002,57.18885979],[1.86404539900002,57.189071062],[1.86391252100003,57.18928471],[1.86379208500006,57.1895005210001],[1.86368421200007,57.189718283],[1.86358901000006,57.189937779],[1.86350657100007,57.1901587930001],[1.86343697900003,57.190381104],[1.86338030200005,57.190604496],[1.86333659800005,57.1908287430001],[1.86330590800003,57.191053627],[1.86328826200003,57.191278923],[1.86328368300002,57.1915044100001],[1.86329217000002,57.191729862],[1.86331371800003,57.1919550580001],[1.86334830300007,57.1921797750001],[1.86339589600004,57.1924037900001],[1.87320558900007,57.191704094],[1.87322471200002,57.19177747],[1.87326670200002,57.1918880050001],[1.87332139200004,57.191996891],[1.87338856900004,57.192103698],[1.87346796800006,57.1922080030001],[1.87355927300007,57.192309397],[1.87366212600006,57.1924074770001],[1.87377612100005,57.1925018580001],[1.87390080700004,57.1925921660001],[1.87403569300005,57.1926780460001],[1.87418024600004,57.192759159],[1.87433389700004,57.1928351830001],[1.87449603800007,57.192905819],[1.87466602900002,57.1929707890001],[1.87484319900005,57.1930298360001],[1.87502685100003,57.193082727],[1.87521625700003,57.1931292530001],[1.87541067100005,57.1931692300001],[1.87560932600007,57.193202501],[1.87581143800003,57.193228934],[1.87594589500003,57.193241732],[1.87433292900005,57.1985413080001],[1.87471742800005,57.198572642],[1.87510346000005,57.1985978170001],[1.87549068900006,57.19861681],[1.87587878200003,57.1986296050001],[1.87626740100006,57.198636191],[1.87667000900007,57.1986364620001],[1.87707244600006,57.1986300680001],[1.87747433600003,57.1986170170001],[1.87787530700007,57.198597319],[1.87827498200005,57.198570993],[1.87867299400006,57.198538065],[1.87906897100004,57.198498563],[1.87946254200006,57.198452526],[1.87985334600006,57.198399996],[1.88024101400003,57.1983410220001],[1.88062519000005,57.1982756580001],[1.88100551400004,57.198203967],[1.88138163300005,57.198126013],[1.88175319700002,57.1980418700001],[1.88211986000005,57.1979516160001],[1.88248128300006,57.197855335],[1.88283712600003,57.1977531160001],[1.88318706200005,57.1976450550001],[1.88353076400006,57.1975312530001],[1.88386791200003,57.1974118140001],[1.88419819200004,57.1972868500001],[1.88452129700005,57.1971564790001],[1.87849831800003,57.1928948240001],[1.87855211000004,57.1928729320001],[1.87871029200005,57.192799698],[1.87885969100006,57.1927212160001],[1.87899971900003,57.192637796],[1.87912982000006,57.192549768],[1.87924948300002,57.1924574780001],[1.87935823400005,57.1923612910001],[1.87945564600005,57.1922615870001],[1.87954133400007,57.1921587580001],[1.87961495800005,57.1920532120001],[1.87967623000003,57.1919453630001],[1.87972490700002,57.1918356400001],[1.87976079700007,57.1917244730001]]]},"properties":{"Property_Description":"Culzean","Tenant_Name":"TotalEnergies E&P North Sea UK","Lease_Type_Description":"Lease Marine","Property_Classification":"Wind Farm","Project_Phase":"Under Construction","Capacity_MW":3,"OBJECTID_1":58,"Shape__Area":0.00014858349408086724,"Shape__Length":0.0854041327395595}}]}