{"type":"FeatureCollection","crs":{"type":"name","properties":{"name":"EPSG:4326"}},"features":[{"type":"Feature","id":1,"geometry":{"type":"Polygon","coordinates":[[[0.270903000000033,53.599543],[0.270600000000059,53.599541],[0.27132400000005,53.613032],[0.250333000000069,53.6605000000001],[0.24993500000005,53.6613830000001],[0.273042000000032,53.6657910000001],[0.285971000000075,53.667376],[0.286041000000068,53.6673850000001],[0.286187000000041,53.6674090000001],[0.286248000000057,53.667421],[0.302830000000029,53.6707710000001],[0.33136600000006,53.6757850000001],[0.33141100000006,53.6358320000001],[0.327707000000032,53.635323],[0.323232000000075,53.6342220000001],[0.316569000000072,53.6311820000001],[0.313324000000023,53.6290280000001],[0.27299000000005,53.6001850000001],[0.272883000000036,53.6001120000001],[0.272744000000046,53.6000290000001],[0.272596000000021,53.599951],[0.272440000000074,53.599879],[0.272276000000033,53.599813],[0.272106000000065,53.5997530000001],[0.271974000000057,53.5997140000001],[0.271929000000057,53.599701],[0.271747000000062,53.599655],[0.271560000000022,53.5996170000001],[0.27136900000005,53.599586],[0.271176000000025,53.599562],[0.270980000000066,53.599546],[0.270903000000033,53.599543]]]},"properties":{"OBJECTID":1,"Name_Prop":"Humber Gateway","Name_Ten":"RWE Renewables UK Humber Wind Limited","Wind_Round":"2","Lease_Stat":"Lease - Marine","Inf_Status":"Active/In Operation","km2":26.534033578284649,"ODP_Hyperlink":"https://opendata-thecrownestate.opendata.arcgis.com/datasets/22a1be6fb0c5416e9369f97743f387b1","Shape__Area":0.0036052327429949571,"Shape__Length":0.26072143272617648}},{"type":"Feature","id":2,"geometry":{"type":"Polygon","coordinates":[[[0.212387000000035,53.7997060000001],[0.139418000000035,53.768852],[0.0872460000000501,53.812037],[0.160250000000076,53.842922],[0.212387000000035,53.7997060000001]]]},"properties":{"OBJECTID":2,"Name_Prop":"Westermost Rough","Name_Ten":"Westermost Rough Limited","Wind_Round":"2","Lease_Stat":"Lease - Marine","Inf_Status":"Active/In Operation","km2":34.925386153896163,"ODP_Hyperlink":"https://opendata-thecrownestate.opendata.arcgis.com/datasets/22a1be6fb0c5416e9369f97743f387b1","Shape__Area":0.00476303663099964,"Shape__Length":0.29393790752332272}},{"type":"Feature","id":3,"geometry":{"type":"Polygon","coordinates":[[[-1.07792299999994,54.637098],[-1.08641799999998,54.633702],[-1.12316299999998,54.650403],[-1.11274299999997,54.654568],[-1.10009299999996,54.656082],[-1.06241299999994,54.6389530000001],[-1.07792299999994,54.637098]]]},"properties":{"OBJECTID":3,"Name_Prop":"Teesside","Name_Ten":"Teesside Windfarm Limited","Wind_Round":"1","Lease_Stat":"Lease - Marine","Inf_Status":"Active/In Operation","km2":4.3226321864989341,"ODP_Hyperlink":"https://opendata-thecrownestate.opendata.arcgis.com/datasets/22a1be6fb0c5416e9369f97743f387b1","Shape__Area":0.00060150194250141453,"Shape__Length":0.13048401463563569}},{"type":"Feature","id":4,"geometry":{"type":"Polygon","coordinates":[[[3.03443800000002,54.9611530000001],[3.03186600000004,54.954845],[3.01393300000007,54.9551000000001],[2.97851400000008,54.955565],[2.97450100000003,54.9556170000001],[2.57690400000007,54.960111],[2.57523800000007,55.117897],[3.09889600000002,55.1185970000001],[3.09409100000005,55.106905],[3.08744100000007,55.0907120000001],[3.08079700000008,55.0745180000001],[3.07415800000007,55.058324],[3.06752500000005,55.04213],[3.06089700000007,55.0259350000001],[3.05427400000002,55.0097400000001],[3.04819900000007,54.994873],[3.04132100000004,54.9780270000001],[3.04104400000006,54.9773490000001],[3.03443800000002,54.9611530000001]]]},"properties":{"OBJECTID":4,"Name_Prop":"Dogger Bank C","Name_Ten":"Doggerbank Offshore Wind Farm Project 3 Projco Limited","Wind_Round":"3","Lease_Stat":"Lease - Marine","Inf_Status":"Under Construction","km2":560.55476925094536,"ODP_Hyperlink":"https://opendata-thecrownestate.opendata.arcgis.com/datasets/22a1be6fb0c5416e9369f97743f387b1","Shape__Area":0.0787078744909877,"Shape__Length":1.3133858545011146}},{"type":"Feature","id":5,"geometry":{"type":"Polygon","coordinates":[[[2.27782900000005,54.838642],[2.26335600000004,54.8386150000001],[1.95453900000007,55.011106],[2.14572400000003,55.1244310000001],[2.21779600000002,55.1300170000001],[2.50188700000007,54.9707000000001],[2.48529267300006,54.9609629820001],[2.48529100000007,54.9609620000001],[2.48503131900003,54.960808892],[2.27782900000005,54.838642]]]},"properties":{"OBJECTID":5,"Name_Prop":"Sofia","Name_Ten":"Sofia Offshore Wind Farm Limited","Wind_Round":"3","Lease_Stat":"Lease - Marine","Inf_Status":"Under Construction","km2":593.64981180106872,"ODP_Hyperlink":"https://opendata-thecrownestate.opendata.arcgis.com/datasets/22a1be6fb0c5416e9369f97743f387b1","Shape__Area":0.083326236268199239,"Shape__Length":1.2485274025856821}},{"type":"Feature","id":6,"geometry":{"type":"Polygon","coordinates":[[[1.97694900000005,54.6592860000001],[1.63288400000005,54.7416850000001],[1.63357300000007,54.8352410000001],[2.17440700000003,54.8384120000001],[2.22732700000006,54.8087],[1.97694900000005,54.6592860000001]]]},"properties":{"OBJECTID":6,"Name_Prop":"Dogger Bank A","Name_Ten":"Doggerbank Offshore Wind Farm Project 1 Projco Limited","Wind_Round":"3","Lease_Stat":"Lease - Marine","Inf_Status":"Under Construction","km2":515.55319624752349,"ODP_Hyperlink":"https://opendata-thecrownestate.opendata.arcgis.com/datasets/22a1be6fb0c5416e9369f97743f387b1","Shape__Area":0.071921814916500182,"Shape__Length":1.3404575139024582}},{"type":"Feature","id":7,"geometry":{"type":"Polygon","coordinates":[[[1.85498200000006,55.102152],[1.86187400000006,54.8592360000001],[1.47389700000002,54.8709650000001],[1.48877900000002,54.9680020000001],[1.48836300000005,54.9719920000001],[1.50549900000004,55.074509],[1.55788200000006,55.0781270000001],[1.67313500000006,55.100307],[1.85498200000006,55.102152]]]},"properties":{"OBJECTID":7,"Name_Prop":"Dogger Bank B","Name_Ten":"Doggerbank Offshore Wind Farm Project 2 Projco Limited","Wind_Round":"3","Lease_Stat":"Lease - Marine","Inf_Status":"Under Construction","km2":599.28297427421512,"ODP_Hyperlink":"https://opendata-thecrownestate.opendata.arcgis.com/datasets/22a1be6fb0c5416e9369f97743f387b1","Shape__Area":0.084106075204005037,"Shape__Length":1.1890224571262071}},{"type":"Feature","id":8,"geometry":{"type":"Polygon","coordinates":[[[-1.40619999999996,55.151507],[-1.38401799999997,55.1126820000001],[-1.39592699999997,55.1104480000001],[-1.41811899999993,55.1492710000001],[-1.40619999999996,55.151507]]]},"properties":{"OBJECTID":8,"Name_Prop":"Blyth Demo Phase 1","Name_Ten":"Blyth Offshore Demonstrator Limited","Wind_Round":"Demonstration","Lease_Stat":"Lease - Marine","Inf_Status":"Active/In Operation","km2":3.6366747342043442,"ODP_Hyperlink":"https://opendata-thecrownestate.opendata.arcgis.com/datasets/22a1be6fb0c5416e9369f97743f387b1","Shape__Area":0.00051213708099595578,"Shape__Length":0.11367666165477827}},{"type":"Feature","id":9,"geometry":{"type":"Polygon","coordinates":[[[-5.62933333299998,50.3805],[-5.60166666599997,50.383],[-5.59266666699995,50.3476666670001],[-5.62049999999994,50.345],[-5.62933333299998,50.3805]]]},"properties":{"OBJECTID":9,"Name_Prop":"Wave Hub","Name_Ten":"Wave Hub Limited","Wind_Round":"Ad-hoc - Floating","Lease_Stat":"Agreement / Option for Lease","Inf_Status":"Government Support on Offer","km2":7.96105414031995,"ODP_Hyperlink":"https://opendata-thecrownestate.opendata.arcgis.com/datasets/22a1be6fb0c5416e9369f97743f387b1","Shape__Area":0.0010058472173284372,"Shape__Length":0.12878420084290598}},{"type":"Feature","id":10,"geometry":{"type":"Polygon","coordinates":[[[-5.64379999999994,51.424966667],[-5.64773333299996,51.492333333],[-5.58294999999993,51.493766667],[-5.55299999999994,51.4476666670001],[-5.55168333299997,51.4243000000001],[-5.59924999999993,51.4259500000001],[-5.64379999999994,51.424966667]]]},"properties":{"OBJECTID":10,"Name_Prop":"Erebus Floating Wind Demo","Name_Ten":"Blue Gem Wind Limited","Wind_Round":"Ad-hoc - Floating","Lease_Stat":"Agreement / Option for Lease","Inf_Status":"Consented","km2":43.565348190374024,"ODP_Hyperlink":"https://opendata-thecrownestate.opendata.arcgis.com/datasets/22a1be6fb0c5416e9369f97743f387b1","Shape__Area":0.0056334601337937329,"Shape__Length":0.30281509710881782}},{"type":"Feature","id":11,"geometry":{"type":"Polygon","coordinates":[[[1.80744200000004,52.6617630000001],[1.80704800000007,52.6269570000001],[1.77333500000003,52.627192],[1.77371800000003,52.6625080000001],[1.80744200000004,52.6617630000001]]]},"properties":{"OBJECTID":11,"Name_Prop":"Scroby Sands","Name_Ten":"RWE Renewables UK Scroby Sands Limited","Wind_Round":"1","Lease_Stat":"Lease - Marine","Inf_Status":"Active/In Operation","km2":8.9060364985161087,"ODP_Hyperlink":"https://opendata-thecrownestate.opendata.arcgis.com/datasets/22a1be6fb0c5416e9369f97743f387b1","Shape__Area":0.00118239469350101,"Shape__Length":0.13757235365624673}},{"type":"Feature","id":12,"geometry":{"type":"Polygon","coordinates":[[[1.18243400000006,53.149683],[1.21714400000008,53.0964450000001],[1.11248400000005,53.1215270000001],[1.07777400000003,53.1746460000001],[1.18243400000006,53.149683]]]},"properties":{"OBJECTID":12,"Name_Prop":"Sheringham Shoal","Name_Ten":"SCIRA Offshore Energy Limited","Wind_Round":"2","Lease_Stat":"Lease - Marine","Inf_Status":"Active/In Operation","km2":34.985135692478657,"ODP_Hyperlink":"https://opendata-thecrownestate.opendata.arcgis.com/datasets/22a1be6fb0c5416e9369f97743f387b1","Shape__Area":0.0046971308349945673,"Shape__Length":0.34222705650753682}},{"type":"Feature","id":13,"geometry":{"type":"MultiPolygon","coordinates":[[[[0.461406700000055,53.2002716700001],[0.449483300000054,53.2002650000001],[0.449469986000054,53.2069688230001],[0.449456701000031,53.2136580000001],[0.449456700000042,53.21365833],[0.461388300000067,53.21366333],[0.461406700000055,53.200272],[0.461406700000055,53.2002716700001]]],[[[0.51896830000004,53.1511483300001],[0.487865000000056,53.12513333],[0.487621700000034,53.1250583300001],[0.472586700000022,53.1250666700001],[0.472586719000049,53.1250670000001],[0.473273504000019,53.136975455],[0.473320000000058,53.13778167],[0.477147500000058,53.1400675],[0.48097499000005,53.1423533240001],[0.480955646000041,53.142666987],[0.480656700000054,53.14751167],[0.473143300000061,53.1475100000001],[0.473143519000075,53.1475146230001],[0.47315500000002,53.14775667],[0.475601700000027,53.19937],[0.457686700000068,53.2418816700001],[0.501266700000031,53.2484466700001],[0.518971700000066,53.206355],[0.51896830000004,53.1511483300001]]]]},"properties":{"OBJECTID":13,"Name_Prop":"Lincs","Name_Ten":"Lincs Wind Farm Limited","Wind_Round":"2","Lease_Stat":"Lease - Marine","Inf_Status":"Active/In Operation","km2":38.310658981447823,"ODP_Hyperlink":"https://opendata-thecrownestate.opendata.arcgis.com/datasets/22a1be6fb0c5416e9369f97743f387b1","Shape__Area":0.0051501545135668181,"Shape__Length":0.38380485567558581}},{"type":"Feature","id":14,"geometry":{"type":"Polygon","coordinates":[[[1.34269400000005,53.3154230000001],[1.44650000000007,53.2676040000001],[1.44454500000006,53.23866],[1.43206600000002,53.2447690000001],[1.42927900000007,53.209936],[1.31813800000003,53.261512],[1.32171400000004,53.3064010000001],[1.32461200000006,53.30506],[1.34269400000005,53.3154230000001]]]},"properties":{"OBJECTID":14,"Name_Prop":"Dudgeon","Name_Ten":"Dudgeon Offshore Wind Limited","Wind_Round":"2","Lease_Stat":"Lease - Marine","Inf_Status":"Active/In Operation","km2":55.161205186098677,"ODP_Hyperlink":"https://opendata-thecrownestate.opendata.arcgis.com/datasets/22a1be6fb0c5416e9369f97743f387b1","Shape__Area":0.0074286118100062026,"Shape__Length":0.38372958292043546}},{"type":"Feature","id":15,"geometry":{"type":"Polygon","coordinates":[[[0.933186000000035,53.262006],[0.895833000000039,53.2204360000001],[0.813604000000055,53.246902],[0.814381000000026,53.266686],[0.808639000000028,53.2725120000001],[0.794204000000036,53.2802580000001],[0.780359000000033,53.2802600000001],[0.775961000000052,53.2925890000001],[0.769158000000061,53.294723],[0.770294000000035,53.312395],[0.771663000000046,53.3336660000001],[0.771771000000058,53.33534],[0.820092000000045,53.3362690000001],[0.838958000000048,53.292447],[0.933186000000035,53.262006]]]},"properties":{"OBJECTID":15,"Name_Prop":"Race Bank","Name_Ten":"Race Bank Wind Farm Limited","Wind_Round":"2","Lease_Stat":"Lease - Marine","Inf_Status":"Active/In Operation","km2":62.380458194136764,"ODP_Hyperlink":"https://opendata-thecrownestate.opendata.arcgis.com/datasets/22a1be6fb0c5416e9369f97743f387b1","Shape__Area":0.0084023392339993563,"Shape__Length":0.45646035842571464}},{"type":"Feature","id":16,"geometry":{"type":"Polygon","coordinates":[[[0.449469986000054,53.2069688230001],[0.449483000000043,53.2002650000001],[0.449483300000054,53.2002650000001],[0.461406700000055,53.200272],[0.461407000000065,53.200272],[0.46145000000007,53.1687420000001],[0.431553000000065,53.168727],[0.431462000000067,53.213648],[0.449456701000031,53.2136580000001],[0.449457000000052,53.2136580000001],[0.449469986000054,53.2069688230001]]]},"properties":{"OBJECTID":16,"Name_Prop":"Inner Dowsing","Name_Ten":"Inner Dowsing Wind Farm Limited","Wind_Round":"1","Lease_Stat":"Lease - Marine","Inf_Status":"Active/In Operation","km2":8.8073011968773027,"ODP_Hyperlink":"https://opendata-thecrownestate.opendata.arcgis.com/datasets/22a1be6fb0c5416e9369f97743f387b1","Shape__Area":0.0011839487229394763,"Shape__Length":0.14966015532741986}},{"type":"Feature","id":17,"geometry":{"type":"Polygon","coordinates":[[[2.10186100100003,53.9568080000001],[2.23254400000008,53.8361160000001],[2.19356100100003,53.820638],[2.01943281500007,53.8316378700001],[2.02475964500007,53.8454480120001],[2.00819978700002,53.8759593170001],[2.06780879300004,53.8884231980001],[2.02611933600002,53.9214490270001],[2.03728300000006,53.922962],[2.02090800100007,53.9378620000001],[2.08445300100004,53.9462740000001],[2.07566000000003,53.953467],[2.10186100100003,53.9568080000001]],[[2.10252663700004,53.8756618900001],[2.10271757400005,53.875658344],[2.10290851000002,53.8756618900001],[2.10309869400004,53.875672513],[2.10328737300006,53.875690171],[2.10347380400003,53.8757147950001],[2.10365725100007,53.875746287],[2.10383698900006,53.875784524],[2.10401231100008,53.8758293540001],[2.10418252300002,53.8758806000001],[2.10434695500004,53.8759380610001],[2.10450495600003,53.876001509],[2.10465590500007,53.8760706940001],[2.10479920400007,53.8761453430001],[2.10493429000007,53.8762251620001],[2.10506062700006,53.876309835],[2.10517771800005,53.876399029],[2.10528510100005,53.8764923910001],[2.10538235200005,53.876589553],[2.10546908700007,53.876690131],[2.10554496300006,53.876793729],[2.10560968200002,53.8768999380001],[2.10566298700007,53.877008339],[2.10570466800004,53.8771185030001],[2.10573456100002,53.877229997],[2.10575254700007,53.877342379],[2.10575855600007,53.8774552080001],[2.10575256400006,53.8775680360001],[2.10573459300002,53.87768042],[2.10570471600005,53.877791915],[2.10566305000003,53.8779020810001],[2.10560975800007,53.8780104840001],[2.10554505200002,53.8781166960001],[2.10546918700004,53.878220298],[2.10538246200002,53.87832088],[2.10528521900005,53.878418046],[2.10517784200005,53.8785114130001],[2.10506075500007,53.8786006110001],[2.10493442000006,53.878685289],[2.10479933500005,53.878765113],[2.10465603300003,53.8788397660001],[2.10450508000002,53.878908956],[2.10434707300004,53.878972409],[2.10418263300005,53.879029873],[2.10401241100004,53.879081124],[2.10383707900007,53.879125957],[2.10365732700006,53.8791641970001],[2.10347386700005,53.8791956920001],[2.10328742100006,53.8792203180001],[2.10309872600004,53.8792379770001],[2.10290852700007,53.879248601],[2.10271757400005,53.879252147],[2.10252662100004,53.879248601],[2.10233642100008,53.8792379770001],[2.10214772600006,53.8792203180001],[2.10196128100006,53.8791956920001],[2.10177782000005,53.8791641970001],[2.10159806900003,53.879125957],[2.10142273600007,53.879081124],[2.10125251400007,53.879029873],[2.10108807500006,53.878972409],[2.10093006700004,53.878908956],[2.10077911400003,53.8788397660001],[2.10063581300005,53.878765113],[2.10050072800004,53.878685289],[2.10037439200005,53.8786006110001],[2.10025730500007,53.8785114130001],[2.10014992800006,53.878418046],[2.10005268500004,53.87832088],[2.09996596000002,53.878220298],[2.09989009500003,53.8781166960001],[2.09982538900005,53.8780104840001],[2.09977209800007,53.8779020810001],[2.09973043100007,53.877791915],[2.09970055400004,53.87768042],[2.09968258400005,53.8775680360001],[2.09967659100005,53.8774552080001],[2.09968260000005,53.877342379],[2.09970058600004,53.877229997],[2.09973047900007,53.8771185030001],[2.09977216100003,53.877008339],[2.09982546600003,53.8768999380001],[2.09989018400006,53.876793729],[2.09996606100003,53.876690131],[2.10005279500007,53.876589553],[2.10015004600007,53.8764923910001],[2.10025742900007,53.876399029],[2.10037452000006,53.876309835],[2.10050085800003,53.8762251620001],[2.10063594300004,53.8761453430001],[2.10077924300003,53.8760706940001],[2.10093019100003,53.876001509],[2.10108819300007,53.8759380610001],[2.10125262400004,53.8758806000001],[2.10142283700003,53.8758293540001],[2.10159815800006,53.875784524],[2.10177789700003,53.875746287],[2.10196134400007,53.8757147950001],[2.10214777400006,53.875690171],[2.10233645400007,53.875672513],[2.10252663700004,53.8756618900001]]]},"properties":{"OBJECTID":17,"Name_Prop":"Hornsea 1 (East)","Name_Ten":"Hornsea 1 Limited","Wind_Round":"3","Lease_Stat":"Lease - Marine","Inf_Status":"Active/In Operation","km2":129.31107037647811,"ODP_Hyperlink":"https://opendata-thecrownestate.opendata.arcgis.com/datasets/22a1be6fb0c5416e9369f97743f387b1","Shape__Area":0.01765931578506752,"Shape__Length":0.708635429590281}},{"type":"Feature","id":18,"geometry":{"type":"Polygon","coordinates":[[[1.74218900000005,53.9783830000001],[1.79660999900005,53.9295680010001],[1.81095064800007,53.9316643390001],[1.79247945000003,53.916198014],[1.80479828400007,53.9047917770001],[1.79269159000006,53.89208462],[1.79503457000004,53.8694195090001],[1.81878176400005,53.8578118240001],[1.80089334300004,53.8536963350001],[1.79693734000006,53.8451802050001],[1.79485201500006,53.8341224750001],[1.73283640700004,53.834413994],[1.64956400000005,53.834755],[1.66445100000004,53.919248],[1.68337300000007,53.9342300000001],[1.71817701700007,53.9397942210001],[1.72933100100005,53.9415750000001],[1.69633199900005,53.971619],[1.74218900000005,53.9783830000001]],[[1.71420528200002,53.8890292080001],[1.71439627900003,53.889025663],[1.71458727700002,53.8890292080001],[1.71477752100003,53.889039831],[1.71496626000004,53.889057489],[1.71515275100006,53.889082113],[1.71533625600006,53.889113605],[1.71551605200005,53.889151842],[1.71569142900006,53.8891966720001],[1.71586169600005,53.8892479180001],[1.71602618000003,53.8893053780001],[1.71618423200005,53.8893688260001],[1.71633522900004,53.889438011],[1.71647857400006,53.88951266],[1.71661370200007,53.889592479],[1.71674008000002,53.889677152],[1.71685720900007,53.8897663450001],[1.71696462600005,53.889859707],[1.71706190800006,53.8899568690001],[1.71714867000003,53.8900574470001],[1.71722457100003,53.8901610450001],[1.71728931000007,53.890267254],[1.71734263200005,53.8903756540001],[1.71738432700005,53.8904858180001],[1.71741422900004,53.8905973110001],[1.71743222100002,53.8907096940001],[1.71743823200006,53.8908225220001],[1.71743223800007,53.8909353500001],[1.71741426100004,53.8910477330001],[1.71738437500005,53.891159228],[1.71734269500007,53.8912693940001],[1.71728938700005,53.8913777970001],[1.71722466000006,53.8914840090001],[1.71714877100004,53.89158761],[1.71706201800004,53.8916881920001],[1.71696474400005,53.891785358],[1.71685733300006,53.891878725],[1.71674020800003,53.891967923],[1.71661383200006,53.8920526000001],[1.71647870400005,53.8921324240001],[1.71633535700005,53.8922070780001],[1.71618435600004,53.8922762670001],[1.71602629800003,53.8923397200001],[1.71586180600002,53.8923971840001],[1.71569153000007,53.8924484340001],[1.71551614100002,53.8924932680001],[1.71533633300004,53.8925315070001],[1.71515281300003,53.892563002],[1.71496630800004,53.8925876280001],[1.71477755300003,53.892605288],[1.71458729300002,53.8926159110001],[1.71439627900003,53.8926194570001],[1.71420526500003,53.8926159110001],[1.71401500500002,53.892605288],[1.71382625000007,53.8925876280001],[1.71363974500002,53.892563002],[1.71345622600006,53.8925315070001],[1.71327641700003,53.8924932680001],[1.71310102800004,53.8924484340001],[1.71293075200003,53.8923971840001],[1.71276626000002,53.8923397200001],[1.71260820200007,53.8922762670001],[1.71245720100006,53.8922070780001],[1.71231385400006,53.8921324240001],[1.71217872600005,53.8920526000001],[1.71205235000002,53.891967923],[1.71193522600004,53.891878725],[1.71182781400006,53.891785358],[1.71173054000008,53.8916881920001],[1.71164378800006,53.89158761],[1.71156789800006,53.8914840090001],[1.71150317200005,53.8913777970001],[1.71144986300004,53.8912693940001],[1.71140818400005,53.891159228],[1.71137829700007,53.8910477330001],[1.71136032100003,53.8909353500001],[1.71135432600005,53.8908225220001],[1.71136033700003,53.8907096940001],[1.71137832900007,53.8905973110001],[1.71140823200005,53.8904858180001],[1.71144992600006,53.8903756540001],[1.71150324800004,53.890267254],[1.71156798800007,53.8901610450001],[1.71164388800003,53.8900574470001],[1.71173065100004,53.8899568690001],[1.71182793200006,53.889859707],[1.71193535000003,53.8897663450001],[1.71205247800003,53.889677152],[1.71217885600004,53.889592479],[1.71231398400005,53.88951266],[1.71245733000006,53.889438011],[1.71260832600007,53.8893688260001],[1.71276637800003,53.8893053780001],[1.71293086200006,53.8892479180001],[1.71310112900005,53.8891966720001],[1.71327650600006,53.889151842],[1.71345630200005,53.889113605],[1.71363980800004,53.889082113],[1.71382629800007,53.889057489],[1.71401503800007,53.889039831],[1.71420528200002,53.8890292080001]]]},"properties":{"OBJECTID":18,"Name_Prop":"Hornsea 1 (West)","Name_Ten":"Hornsea 1 Limited","Wind_Round":"3","Lease_Stat":"Lease - Marine","Inf_Status":"Active/In Operation","km2":119.0923109297529,"ODP_Hyperlink":"https://opendata-thecrownestate.opendata.arcgis.com/datasets/22a1be6fb0c5416e9369f97743f387b1","Shape__Area":0.01627460688288096,"Shape__Length":0.64243952710187269}},{"type":"Feature","id":19,"geometry":{"type":"Polygon","coordinates":[[[1.86594699900007,53.939686001],[1.88174500000002,53.9253660000001],[1.89391900000004,53.927109],[1.92229500100007,53.9231470010001],[1.93628300000006,53.918934],[1.98915100000005,53.9265080000001],[1.99604900000003,53.9173680000001],[2.02611933600002,53.9214490270001],[2.06780879300004,53.8884231980001],[2.00819978700002,53.8759593170001],[2.02475964500007,53.8454480120001],[2.01943281500007,53.8316378700001],[1.99854500000004,53.8329400010001],[1.98327900000004,53.83304],[1.79485201500006,53.8341224750001],[1.79693734000006,53.8451802050001],[1.80089334300004,53.8536963350001],[1.81878176400005,53.8578118240001],[1.79503457000004,53.8694195090001],[1.79269159000006,53.89208462],[1.80479828400007,53.9047917770001],[1.79247945000003,53.916198014],[1.81095064800007,53.9316643390001],[1.86594699900007,53.939686001]],[[1.99179872000002,53.885109454],[1.99193273100002,53.8851024300001],[1.99206726900007,53.8851024300001],[1.99220128000007,53.885109454],[1.99233371500003,53.885123449],[1.99246354000007,53.8851443030001],[1.99258973600007,53.8851718540001],[1.99271131700004,53.8852058860001],[1.99282733200005,53.8852461330001],[1.99293687200003,53.885292281],[1.99303908000007,53.885343967],[1.99313315600006,53.885400787],[1.99321836400003,53.8854622970001],[1.99329403800004,53.885528015],[1.99335958300003,53.8855974270001],[1.99341448900003,53.8856699900001],[1.99345832500006,53.885745135],[1.99349074700007,53.8858222760001],[1.99351150200005,53.885900807],[1.99352042800007,53.8859801150001],[1.99351745500007,53.8860595780001],[1.99350260500006,53.8861385750001],[1.99347599600003,53.8862164880001],[1.99343783400008,53.8862927070001],[1.99338841900004,53.8863666340001],[1.99332813800004,53.8864376930001],[1.99325746200003,53.8865053260001],[1.99317694400003,53.8865690040001],[1.99308721500006,53.8866282280001],[1.99298897600005,53.8866825360001],[1.99288299700004,53.886731502],[1.99277010700007,53.886774743],[1.99265118900007,53.8868119210001],[1.99252717500002,53.886842744],[1.99239903500006,53.8868669710001],[1.99226777100006,53.8868844130001],[1.99213441100005,53.8868949330001],[1.99200000000008,53.8868984490001],[1.99186558900004,53.8868949330001],[1.99173222900004,53.8868844130001],[1.99160096500003,53.8868669710001],[1.99147282500007,53.886842744],[1.99134881100002,53.8868119210001],[1.99122989300002,53.886774743],[1.99111700300006,53.886731502],[1.99101102400004,53.8866825360001],[1.99091278500003,53.8866282280001],[1.99082305600007,53.8865690040001],[1.99074253800006,53.8865053260001],[1.99067186200006,53.8864376930001],[1.99061158100005,53.8863666340001],[1.99056216600007,53.8862927070001],[1.99052400400006,53.8862164880001],[1.99049739500003,53.8861385750001],[1.99048254500002,53.8860595780001],[1.99047957200003,53.8859801150001],[1.99048849800005,53.885900807],[1.99050925300003,53.8858222760001],[1.99054167500003,53.885745135],[1.99058551100006,53.8856699900001],[1.99064041700007,53.8855974270001],[1.99070596200005,53.885528015],[1.99078163600007,53.8854622970001],[1.99086684400004,53.885400787],[1.99096092000002,53.885343967],[1.99106312800006,53.885292281],[1.99117266800005,53.8852461330001],[1.99128868300005,53.8852058860001],[1.99141026400002,53.8851718540001],[1.99153646000002,53.8851443030001],[1.99166628500006,53.885123449],[1.99179872000002,53.885109454]],[[1.89475868600005,53.876035094],[1.89494962400005,53.8760315490001],[1.89514056200005,53.876035094],[1.89533074700006,53.8760457170001],[1.89551942800006,53.8760633750001],[1.89570586100007,53.876087999],[1.89588930900004,53.8761194910001],[1.89606905000005,53.8761577280001],[1.89624437300006,53.876202558],[1.89641458700004,53.876253804],[1.89657901900006,53.876311265],[1.89673702300007,53.8763747130001],[1.89688797200006,53.876443898],[1.89703127300004,53.876518547],[1.89716636000003,53.8765983660001],[1.89729269800006,53.8766830390001],[1.89740979000004,53.8767722330001],[1.89751717400003,53.876865595],[1.89761442600008,53.8769627570001],[1.89770116200003,53.8770633350001],[1.89777703900006,53.8771669330001],[1.89784175800003,53.877273142],[1.89789506300002,53.8773815430001],[1.89793674500004,53.877491707],[1.89796663800007,53.8776032010001],[1.89798462500005,53.8777155830001],[1.89799063400005,53.8778284110001],[1.89798464100005,53.87794124],[1.89796667100006,53.8780536240001],[1.89793679300004,53.8781651190001],[1.89789512600004,53.878275285],[1.89784183400008,53.878383688],[1.89777712800003,53.8784899],[1.89770126200006,53.8785935020001],[1.89761453600005,53.8786940840001],[1.89751729200003,53.8787912500001],[1.89740991400004,53.878884617],[1.89729282600007,53.8789738150001],[1.89716649000007,53.8790584930001],[1.89703140300003,53.8791383160001],[1.89688810100006,53.87921297],[1.89673714700007,53.8792821600001],[1.89657913700006,53.8793456130001],[1.89641469700007,53.8794030770001],[1.89624447300002,53.8794543280001],[1.89606913900008,53.8794991610001],[1.89588938600002,53.8795374010001],[1.89570592400003,53.8795688960001],[1.89551947600006,53.8795935220001],[1.89533078000005,53.879611181],[1.89514057900004,53.8796218050001],[1.89494962400005,53.8796253510001],[1.89475866900005,53.8796218050001],[1.89456846800005,53.879611181],[1.89437977200004,53.8795935220001],[1.89419332400007,53.8795688960001],[1.89400986200008,53.8795374010001],[1.89383010900002,53.8794991610001],[1.89365477500007,53.8794543280001],[1.89348455100003,53.8794030770001],[1.89332011100004,53.8793456130001],[1.89316210100003,53.8792821600001],[1.89301114700004,53.87921297],[1.89286784500007,53.8791383160001],[1.89273275800002,53.8790584930001],[1.89260642200003,53.8789738150001],[1.89248933400006,53.878884617],[1.89238195600007,53.8787912500001],[1.89228471200005,53.8786940840001],[1.89219798600004,53.8785935020001],[1.89212212000007,53.8784899],[1.89205741400002,53.878383688],[1.89200412200006,53.878275285],[1.89196245500005,53.8781651190001],[1.89193257700003,53.8780536240001],[1.89191460700005,53.87794124],[1.89190861400004,53.8778284110001],[1.89191462300005,53.8777155830001],[1.89193261000003,53.8776032010001],[1.89196250300006,53.877491707],[1.89200418500008,53.8773815430001],[1.89205749000007,53.877273142],[1.89212220900004,53.8771669330001],[1.89219808600006,53.8770633350001],[1.89228482200002,53.8769627570001],[1.89238207400007,53.876865595],[1.89248945800006,53.8767722330001],[1.89260655000004,53.8766830390001],[1.89273288800007,53.8765983660001],[1.89286797500006,53.876518547],[1.89301127600004,53.876443898],[1.89316222500003,53.8763747130001],[1.89332022900004,53.876311265],[1.89348466100006,53.876253804],[1.89365487500004,53.876202558],[1.89383019800005,53.8761577280001],[1.89400993900006,53.8761194910001],[1.89419338700003,53.876087999],[1.89437982000004,53.8760633750001],[1.89456850100004,53.8760457170001],[1.89475868600005,53.876035094]]]},"properties":{"OBJECTID":19,"Name_Prop":"Hornsea 1 (Centre)","Name_Ten":"Hornsea 1 Limited","Wind_Round":"3","Lease_Stat":"Lease - Marine","Inf_Status":"Active/In Operation","km2":158.79736607402009,"ODP_Hyperlink":"https://opendata-thecrownestate.opendata.arcgis.com/datasets/22a1be6fb0c5416e9369f97743f387b1","Shape__Area":0.021699314076556675,"Shape__Length":0.78570963518879344}},{"type":"Feature","id":20,"geometry":{"type":"Polygon","coordinates":[[[1.63290937600004,53.9406269290001],[1.63277558300007,53.940706655],[1.63263269600003,53.9407817260001],[1.63248210100005,53.9408513550001],[1.63232439300003,53.940915267],[1.63216019300006,53.94097321],[1.63199015000004,53.941024956],[1.63181493600007,53.9410703010001],[1.63163524100003,53.941109064],[1.63145177400003,53.941141094],[1.63126526100007,53.9411662630001],[1.63107643700005,53.9411844730001],[1.63088604700005,53.941195652],[1.63069484300007,53.9411997550001],[1.63050358000004,53.9411967670001],[1.63031301200004,53.9411866990001],[1.63012389300007,53.9411695900001],[1.62993696700005,53.9411455090001],[1.62975297300005,53.9411145500001],[1.62957263700002,53.941076836],[1.62939667200004,53.9410325160001],[1.62922577100005,53.9409817630001],[1.62906060900002,53.94092478],[1.62890183800005,53.94086179],[1.62875008400005,53.940793043],[1.62860594700004,53.940718809],[1.62846999500005,53.940639381],[1.62834276500007,53.940555074],[1.62822475900003,53.940466219],[1.62811644300007,53.9403731690001],[1.62801824300004,53.9402762880001],[1.62793054900004,53.9401759610001],[1.62785370500006,53.9400725840001],[1.62778801400003,53.939966563],[1.62773373700003,53.9398583180001],[1.62769108700007,53.9397482750001],[1.62766023200004,53.9396368700001],[1.62764129500005,53.9395245420001],[1.62763434900006,53.939411733],[1.62763942200007,53.93929889],[1.62765649400006,53.9391864570001],[1.62768549700007,53.939074879],[1.62772631700005,53.9389645950001],[1.62777879300006,53.9388560420001],[1.62784271700002,53.9387496460001],[1.62791783800003,53.9386458290001],[1.62800385800006,53.938545],[1.62810043800005,53.938447556],[1.62820719700005,53.938353883],[1.62832371400003,53.9382643490001],[1.62842445700005,53.938196255],[1.60167551800004,53.926310196],[1.53913987200002,53.918409991],[1.44460895700007,53.9195816390001],[1.43888699900003,54.0087849990001],[1.64370000000002,54.0051330000001],[1.67136811200004,54.0044157310001],[1.67224991300003,53.9769149630001],[1.66462406700003,53.9558660060001],[1.63290937600004,53.9406269290001]]]},"properties":{"OBJECTID":20,"Name_Prop":"Hornsea Project 2 - Phase 2 (Soundmark)","Name_Ten":"Soundmark Wind Limited","Wind_Round":"3","Lease_Stat":"Lease - Marine","Inf_Status":"Active/In Operation","km2":133.27329011290777,"ODP_Hyperlink":"https://opendata-thecrownestate.opendata.arcgis.com/datasets/22a1be6fb0c5416e9369f97743f387b1","Shape__Area":0.018239779592512662,"Shape__Length":0.601541006353623}},{"type":"Feature","id":21,"geometry":{"type":"Polygon","coordinates":[[[1.62842445700005,53.938196255],[1.62844952800003,53.9381793090001],[1.62858414300007,53.9380990980001],[1.62872702800007,53.938024032],[1.62887761900004,53.9379544080001],[1.62903532100006,53.9378905],[1.62919951300006,53.9378325610001],[1.62936954700007,53.9377808190001],[1.62954475000004,53.937735478],[1.62972443300004,53.937696718],[1.62990788500002,53.9376646910001],[1.63009438400007,53.937639523],[1.63028319200004,53.9376213150001],[1.63047356600003,53.937610137],[1.63066475300008,53.9376060340001],[1.63085600000005,53.9376090220001],[1.63104655200004,53.9376190900001],[1.63123565600006,53.9376361970001],[1.63142256700007,53.937660276],[1.63160654700005,53.9376912320001],[1.63178686900005,53.9377289430001],[1.63196282400003,53.93777326],[1.63213371500007,53.9378240090001],[1.63229886900007,53.9378809880001],[1.63245763400005,53.9379439730001],[1.63260938300004,53.9380127160001],[1.63275351800007,53.9380869450001],[1.63288947000007,53.9381663680001],[1.63301670200002,53.9382506700001],[1.63313471200007,53.9383395200001],[1.63324303400003,53.9384325670001],[1.63334124100004,53.9385294420001],[1.63342894500005,53.938629765],[1.63350580000002,53.9387331400001],[1.63357150300004,53.9388391570001],[1.63361107900005,53.938918062],[1.67956463400003,53.9312157210001],[1.66445100000004,53.919248],[1.64956400000005,53.834755],[1.44998700000002,53.835336],[1.44460895700007,53.9195816390001],[1.53913987200002,53.918409991],[1.60167551800004,53.926310196],[1.62842445700005,53.938196255]]]},"properties":{"OBJECTID":21,"Name_Prop":"Hornsea Project 2 - Phase 3 (Sonningmay)","Name_Ten":"Sonningmay Wind Limited","Wind_Round":"3","Lease_Stat":"Lease - Marine","Inf_Status":"Active/In Operation","km2":138.37695153142215,"ODP_Hyperlink":"https://opendata-thecrownestate.opendata.arcgis.com/datasets/22a1be6fb0c5416e9369f97743f387b1","Shape__Area":0.018910335514725318,"Shape__Length":0.62822980814349061}},{"type":"Feature","id":22,"geometry":{"type":"Polygon","coordinates":[[[1.67274000000003,54.00438],[1.71143507700003,54.003309491],[1.72451528300007,54.0020999660001],[1.72850796400007,54.0017235180001],[1.75419392900005,53.999063033],[1.77209638100004,53.9965226990001],[1.78349117500005,53.994976815],[1.79133159900005,53.993912445],[1.80631356700007,53.9918770030001],[1.82421947300003,53.989316531],[1.82769655000004,53.989110184],[1.85143246800004,53.987698358],[1.85227843600006,53.9876312740001],[1.86155104000005,53.987593201],[1.87142665800008,53.9876162910001],[1.88049771700003,53.987532989],[1.89450464000004,53.9874030140001],[1.89945623300002,53.9872613680001],[1.90435636800004,53.987120992],[1.91429931300007,53.9869082690001],[1.93338129700004,53.9863983550001],[1.94534860200002,53.9845791220001],[1.94700160300005,53.984583016],[1.94881552500004,53.984587263],[1.97082056900007,53.984636605],[1.98956173500005,53.9821401930001],[2.00270251200004,53.9822301570001],[2.00618765200005,53.9819424670001],[2.00839568800006,53.9817601450001],[2.01636480400003,53.981101767],[2.03054501400004,53.98005312],[2.03957285400003,53.9750342730001],[2.04224904300003,53.9752400770001],[2.05418171600007,53.9761569720001],[2.08063512500007,53.975662055],[2.08184241000004,53.975639329],[2.10186100100003,53.9568080000001],[2.07566000000003,53.953467],[2.08445300100004,53.9462740000001],[2.02090800100007,53.9378620000001],[2.03728300000006,53.922962],[1.99604900000003,53.9173680000001],[1.98915100000005,53.9265080000001],[1.93628300000006,53.918934],[1.92229500100007,53.923147],[1.89391900000004,53.927109],[1.88174500000002,53.9253660000001],[1.86594700000006,53.9396860000001],[1.79660999900005,53.9295680000001],[1.74218900000005,53.9783830000001],[1.69633199900005,53.971619],[1.72933100100005,53.9415750000001],[1.68337300000007,53.9342300000001],[1.67956463400003,53.9312157210001],[1.63361107900005,53.938918062],[1.63362579400007,53.9389474000001],[1.63366845900003,53.9390574400001],[1.63369932900002,53.9391688440001],[1.63371828300006,53.9392811720001],[1.63372524500005,53.93939398],[1.63372018900003,53.939506823],[1.63370313300004,53.9396192570001],[1.63367414500004,53.9397308360001],[1.63363334000007,53.9398411220001],[1.63358087800003,53.9399496780001],[1.63351696700005,53.9400560770001],[1.63344185800003,53.9401598970001],[1.63335584700008,53.9402607310001],[1.63325927500006,53.9403581780001],[1.63315252200005,53.940451856],[1.63303601000007,53.940541394],[1.63291019800005,53.940626439],[1.63290937600004,53.9406269290001],[1.66462406700003,53.9558660060001],[1.67224991300003,53.9769149630001],[1.67136811200004,54.0044157310001],[1.67274000000003,54.00438]]]},"properties":{"OBJECTID":22,"Name_Prop":"Hornsea Project 2 - Phase 1 (Breesea)","Name_Ten":"Breesea Limited","Wind_Round":"3","Lease_Stat":"Lease - Marine","Inf_Status":"Active/In Operation","km2":162.82092386631678,"ODP_Hyperlink":"https://opendata-thecrownestate.opendata.arcgis.com/datasets/22a1be6fb0c5416e9369f97743f387b1","Shape__Area":0.0222878654815446,"Shape__Length":1.1673020535773901}},{"type":"Feature","id":23,"geometry":{"type":"Polygon","coordinates":[[[0.472587000000033,53.1250670000001],[0.472586719000049,53.1250670000001],[0.427832000000024,53.1250820000001],[0.429098000000067,53.1475300000001],[0.473143519000075,53.1475146230001],[0.480657000000065,53.1475120000001],[0.480955646000041,53.142666987],[0.480974980000042,53.1423533180001],[0.480975000000058,53.1423530000001],[0.477147500000058,53.1400675],[0.473320000000058,53.1377820000001],[0.473273504000019,53.136975455],[0.472587000000033,53.1250670000001]]]},"properties":{"OBJECTID":23,"Name_Prop":"Lynn","Name_Ten":"Lynn Wind Farm Limited","Wind_Round":"1","Lease_Stat":"Lease - Marine","Inf_Status":"Active/In Operation","km2":7.8831686061885771,"ODP_Hyperlink":"https://opendata-thecrownestate.opendata.arcgis.com/datasets/22a1be6fb0c5416e9369f97743f387b1","Shape__Area":0.0010584270525537676,"Shape__Length":0.14561846709739604}},{"type":"Feature","id":24,"geometry":{"type":"Polygon","coordinates":[[[0.87630538600007,53.4262737870001],[0.827685623000036,53.4419489580001],[0.812790524000036,53.446751186],[0.736944908000055,53.471204062],[0.690833318000045,53.4860134530001],[0.691344312000069,53.486869884],[0.716213197000059,53.528507088],[0.716775498000061,53.5294475520001],[0.861142818000076,53.538736412],[0.86115946700005,53.538737417],[0.86125799000007,53.538741105],[0.861356707000027,53.5387409460001],[0.861455195000076,53.5387369420001],[0.861553032000074,53.538729109],[0.861649801000056,53.538717481],[0.861745084000063,53.5387021070001],[0.861838477000049,53.538683054],[0.861929578000058,53.5386604030001],[0.86201799600002,53.5386342520001],[0.862103353000066,53.5386047110001],[0.86218528400002,53.5385719080001],[0.86226343900006,53.538535983],[0.862337481000054,53.5384970900001],[0.862407095000037,53.5384553960001],[0.862471981000056,53.5384110790001],[0.862531864000061,53.5383643280001],[0.86258648300003,53.5383153450001],[0.862587962000021,53.538313917],[0.903133946000025,53.4989278360001],[0.911615475000076,53.4906889380001],[0.995555995000075,53.4091497110001],[0.995603341000049,53.409100075],[0.995646462000025,53.4090472120001],[0.995683703000054,53.408992777],[0.995714907000036,53.4089370020001],[0.995739938000042,53.4088801280001],[0.995758692000038,53.4088223960001],[0.995771086000047,53.4087640560001],[0.995777068000052,53.408705357],[0.995776612000043,53.4086465490001],[0.995775653000067,53.408638393],[0.994316539000067,53.4086382950001],[0.946115861000067,53.4086350440001],[0.933953411000061,53.4086342240001],[0.930799433000061,53.4086340120001],[0.924261419000061,53.410750696],[0.893384839000021,53.4207470000001],[0.883673988000055,53.423890891],[0.881576697000071,53.425288327],[0.880390925000029,53.4249526740001],[0.87630538600007,53.4262737870001]]]},"properties":{"OBJECTID":24,"Name_Prop":"Triton Knoll","Name_Ten":"Triton Knoll Offshore Wind Farm Limited","Wind_Round":"2","Lease_Stat":"Lease - Marine","Inf_Status":"Active/In Operation","km2":149.50827007772841,"ODP_Hyperlink":"https://opendata-thecrownestate.opendata.arcgis.com/datasets/22a1be6fb0c5416e9369f97743f387b1","Shape__Area":0.020228998380336094,"Shape__Length":0.70016502923515755}},{"type":"Feature","id":25,"geometry":{"type":"Polygon","coordinates":[[[2.56448606400005,52.260876307],[2.55840316000007,52.2130538810001],[2.55272686200004,52.1647194340001],[2.52852424300005,52.1482936570001],[2.52437200000003,52.1477770000001],[2.52140800500007,52.1536200030001],[2.49338800000004,52.149347],[2.45831000000004,52.152456],[2.44867500600003,52.167038995],[2.43175205000006,52.199362905],[2.42407900100005,52.2127149950001],[2.42836610600006,52.2143444650001],[2.44399036400006,52.2413965210001],[2.44040316900004,52.248076741],[2.44959105500004,52.290774217],[2.45072914600007,52.291549854],[2.47347541700003,52.3071581360001],[2.49622254800005,52.3234340280001],[2.49711794900003,52.3238263980001],[2.52810598900004,52.3269248190001],[2.55799989500002,52.3305229090001],[2.55978146900003,52.329977591],[2.56365623000005,52.3228518660001],[2.56709713200007,52.316253428],[2.57046496500004,52.310331579],[2.57049136000006,52.309657255],[2.56448606400005,52.260876307]],[[2.50584752100002,52.246742415],[2.50603149500006,52.246739636],[2.50621538900003,52.2467439540001],[2.50639848000003,52.2467553500001],[2.50658004300004,52.2467737800001],[2.50675936300007,52.2467991710001],[2.50693573200004,52.2468314230001],[2.50710845400005,52.2468704090001],[2.50727684700007,52.246915974],[2.50744024700003,52.2469679390001],[2.50759801000004,52.247026099],[2.50774951100004,52.2470902250001],[2.50789415500003,52.2471600630001],[2.50803136900004,52.2472353370001],[2.50816061300003,52.2473157520001],[2.50828137500002,52.247400988],[2.50839318100003,52.2474907110001],[2.50849558800007,52.2475845660001],[2.50858819200005,52.2476821820001],[2.50867062700007,52.2477831740001],[2.50874256900005,52.2478871440001],[2.50880373300004,52.2479936820001],[2.50885387800002,52.2481023670001],[2.50889280600006,52.2482127700001],[2.50892036300007,52.248324455],[2.50893644000007,52.248436982],[2.50894097400004,52.2485499060001],[2.50893394700006,52.248662783],[2.50891538600007,52.248775166],[2.50888536500003,52.248886611],[2.50884400200005,52.2489966800001],[2.50879146000005,52.2491049380001],[2.50872794700007,52.2492109570001],[2.50865371200007,52.2493143180001],[2.50856905000006,52.249414615],[2.50847429300006,52.249511452],[2.50836981700007,52.249604445],[2.50825603200002,52.2496932280001],[2.50813338900002,52.2497774500001],[2.50800237200002,52.2498567800001],[2.50786349600003,52.2499309040001],[2.50771731100002,52.249999529],[2.50756439300005,52.250062385],[2.50740534700003,52.2501192240001],[2.50724079900004,52.250169821],[2.50707139900004,52.2502139760001],[2.50689781500006,52.2502515150001],[2.50672073400006,52.2502822910001],[2.50654085300005,52.250306181],[2.50635888300008,52.250323091],[2.50617554200005,52.250332955],[2.50599155400005,52.250335733],[2.50580764400007,52.2503314160001],[2.50562453900005,52.2503200180001],[2.50544296200007,52.2503015870001],[2.50526362900007,52.250276194],[2.50508724700006,52.250243939],[2.50491451400006,52.2502049510001],[2.50474611100003,52.250159382],[2.50458270200005,52.2501074130001],[2.50442493300005,52.250049249],[2.50427342600005,52.249985119],[2.50412877900004,52.2499152770001],[2.50399156300006,52.249839998],[2.50386232000005,52.2497595790001],[2.50374155900005,52.249674338],[2.50362975800005,52.249584611],[2.50352735700005,52.249490752],[2.50343476000006,52.2493931320001],[2.50335233300007,52.2492921360001],[2.50328040200003,52.2491881620001],[2.50321924900004,52.2490816220001],[2.50316911700003,52.248972935],[2.50313020300007,52.2488625300001],[2.50310266000002,52.248750844],[2.50308659700005,52.248638316],[2.50308207800003,52.248525391],[2.50308912000003,52.248412515],[2.50310769600003,52.248300133],[2.50313773100004,52.2481886890001],[2.50317910700005,52.248078622],[2.50323166100003,52.2479703670001],[2.50329518600006,52.247864351],[2.50336943100007,52.247760993],[2.50345410200003,52.2476607],[2.50354886500003,52.2475638670001],[2.50365334700007,52.247470879],[2.50376713500003,52.2473821],[2.50388977900008,52.2472978820001],[2.50402079700007,52.2472185560001],[2.50415967000004,52.247144437],[2.50430585100003,52.2470758160001],[2.50445876300006,52.2470129640001],[2.50461780300003,52.2469561300001],[2.50478234200006,52.246905537],[2.50495173100006,52.246861385],[2.50512530300006,52.2468238480001],[2.50530237200007,52.246793075],[2.50548223900006,52.246769187],[2.50566419500007,52.246752278],[2.50584752100002,52.246742415]]]},"properties":{"OBJECTID":25,"Name_Prop":"East Anglia ONE","Name_Ten":"East Anglia One Limited","Wind_Round":"3","Lease_Stat":"Lease - Marine","Inf_Status":"Active/In Operation","km2":150.13136802365037,"ODP_Hyperlink":"https://opendata-thecrownestate.opendata.arcgis.com/datasets/22a1be6fb0c5416e9369f97743f387b1","Shape__Area":0.019750481365690575,"Shape__Length":0.5651472454047165}},{"type":"Feature","id":26,"geometry":{"type":"Polygon","coordinates":[[[-5.61762832399995,51.231964976],[-5.61762718199998,51.2220816490001],[-5.76918910299997,51.2242398910001],[-5.76884804199995,51.234120234],[-5.76813468599994,51.2547824820001],[-5.76223822099996,51.4254002500001],[-5.64858914099995,51.425386465],[-5.54972754099992,51.416672238],[-5.54952072599997,51.41665313],[-5.54930949699997,51.416374725],[-5.54930108499997,51.416363636],[-5.54740876899996,51.4138693300001],[-5.54739330099994,51.41384894],[-5.53987383699996,51.403934237],[-5.53976231199994,51.403787149],[-5.52134515599994,51.3794822660001],[-5.52027378399993,51.3780674720001],[-5.51876217299997,51.3760711520001],[-5.46115671699994,51.301029047],[-5.46114580499994,51.301014804],[-5.45838189199998,51.297407128],[-5.45706683399993,51.295690382],[-5.45689520499997,51.295466317],[-5.45580247999993,51.294039685],[-5.45810192899995,51.29051194],[-5.61763148099993,51.2555060230001],[-5.61762931199996,51.2398390390001],[-5.61762832399995,51.231964976]]]},"properties":{"OBJECTID":26,"Name_Prop":"Round 5 PDA 1 Gwynt Glas","Name_Ten":"Gwynt Glas Offshore Wind Farm Limited","Wind_Round":"5","Lease_Stat":"Agreement / Option for Lease","Inf_Status":"Pre-planning Application","km2":368.7435796635296,"ODP_Hyperlink":"https://opendata-thecrownestate.opendata.arcgis.com/datasets/22a1be6fb0c5416e9369f97743f387b1","Shape__Area":0.04755362721448364,"Shape__Length":0.92124861592317953}},{"type":"Feature","id":27,"geometry":{"type":"Polygon","coordinates":[[[-5.34302379799993,50.868290465],[-5.35330261399997,50.8642580110001],[-5.46970526099994,50.8714636770001],[-5.46983610299998,50.871471586],[-5.46996713699997,50.8714751310001],[-5.47009821499995,50.871474307],[-5.47031597899996,50.8714699020001],[-5.47036659899993,50.8714699430001],[-5.51573172499997,50.870720261],[-5.57018879599997,50.870257515],[-5.57018883799998,50.870257516],[-5.57136447199997,50.87026968],[-5.56709770099997,50.8785799090001],[-5.55461348399996,50.902877921],[-5.48850623199996,51.0311202710001],[-5.48602733699994,51.0352968780001],[-5.46728568299994,51.035875479],[-5.33914936299993,51.0397504740001],[-5.28343292199997,51.0444056950001],[-5.27061815399998,51.045472515],[-5.25886087299995,50.9798403190001],[-5.25883616599998,50.9797020730001],[-5.25883371499998,50.979688878],[-5.25882863099997,50.979662525],[-5.25882599499994,50.9796493640001],[-5.25882082499993,50.97962441],[-5.25277615899995,50.9457987330001],[-5.29515631299995,50.9094360450001],[-5.34251691499998,50.86871118],[-5.34302379799993,50.868290465]]]},"properties":{"OBJECTID":27,"Name_Prop":"Round 5 PDA 3 ","Name_Ten":"Equinor Celtic Sea PDA3 Limited","Wind_Round":"5","Lease_Stat":"Agreement / Option for Lease","Inf_Status":"Pre-planning Application","km2":333.33812341955178,"ODP_Hyperlink":"https://opendata-thecrownestate.opendata.arcgis.com/datasets/22a1be6fb0c5416e9369f97743f387b1","Shape__Area":0.042637621618609955,"Shape__Length":0.85106542087021952}},{"type":"Feature","id":28,"geometry":{"type":"Polygon","coordinates":[[[-5.30647159499995,51.1540243170001],[-5.29385292599994,51.0939843350001],[-5.17239024899993,51.128653232],[-5.17221707599998,51.1286991200001],[-5.17204030699997,51.1287392130001],[-5.17186043099997,51.128773401],[-5.17167794699998,51.128801588],[-5.17149335899995,51.1288236980001],[-5.17130717799995,51.1288396680001],[-5.17111992099996,51.1288494550001],[-5.17093210399997,51.1288530320001],[-5.17074424799995,51.1288503870001],[-5.16664955099998,51.128724805],[-5.16660647899994,51.1287233190001],[-5.16643421299995,51.1287167200001],[-5.16640283199996,51.1287154300001],[-5.16634812999996,51.1287127640001],[-5.16617616799994,51.128703547],[-5.16613320899995,51.12870108],[-5.02771460499997,51.1201370890001],[-4.95017137299993,51.115266299],[-4.94997638699994,51.1152553430001],[-4.94808958499993,51.11516242],[-4.87835535399995,51.1117064210001],[-4.87818245199998,51.111699317],[-4.87808353599996,51.1116969830001],[-4.87798455999996,51.111696378],[-4.87781132099997,51.1116983420001],[-4.72873489499995,51.114595233],[-4.72856995999996,51.114599706],[-4.72847588299993,51.1146038270001],[-4.72838197999994,51.1146095120001],[-4.72828835099995,51.1146167570001],[-4.72819507699995,51.114625554],[-4.72810220499997,51.1146359000001],[-4.72794045499995,51.1146567060001],[-4.63293064199996,51.1276607570001],[-4.63290497899993,51.1276641970001],[-4.63288073999996,51.1276673310001],[-4.63268080799998,51.1276927330001],[-4.63258055299997,51.1277045350001],[-4.63237954799996,51.127726334],[-4.63230506099995,51.127733903],[-4.63227881099994,51.1277363290001],[-4.63207689799998,51.1277545080001],[-4.63202636699998,51.127758826],[-4.61412536999995,51.1292052900001],[-4.58577526699997,51.1314902980001],[-4.56285065699996,51.13333283],[-4.56278779099995,51.1333375200001],[-4.56253606799993,51.1333548800001],[-4.56247500099994,51.133358758],[-4.56240996199995,51.133362156],[-4.56215742099994,51.1333738910001],[-4.56203103699994,51.1333783490001],[-4.56177799399995,51.133384447],[-4.56176762899997,51.133384687],[-4.56165139399997,51.1333860840001],[-4.56139816399997,51.1333865350001],[-4.56131220799995,51.133386038],[-4.56127156899993,51.133385349],[-4.56101847499997,51.1333801530001],[-4.56089198799998,51.1333761430001],[-4.56063934399998,51.133365306],[-4.56060452099996,51.133363704],[-4.56051322499997,51.1333584810001],[-4.56026134999996,51.1333420180001],[-4.56019843199994,51.1333375510001],[-4.53246672299997,51.1312083230001],[-4.52585867199997,51.130699959],[-4.50810979899995,51.129332613],[-4.50333928299995,51.128964626],[-4.50329244699998,51.128960814],[-4.50327432999995,51.128959233],[-4.50301486699993,51.1289361660001],[-4.50288549399994,51.1289231370001],[-4.50262754699997,51.128894098],[-4.50257555499996,51.1288879940001],[-4.50249903099996,51.1288780940001],[-4.50224295399994,51.128843122],[-4.50211880599994,51.1288246990001],[-4.50186156499996,51.1287832990001],[-4.50173522999995,51.128761405],[-4.50148391499994,51.1287147130001],[-4.50142251099993,51.1287029260001],[-4.50135898299993,51.128689926],[-4.50111055899993,51.128637467],[-4.50098714599994,51.128609812],[-4.50073989499998,51.1285511680001],[-4.50062018499995,51.12852116],[-4.50037854299995,51.1284573830001],[-4.50030920299997,51.1284385370001],[-4.50025869099994,51.1284241110001],[-4.50002092599993,51.1283548000001],[-4.49996172599998,51.1283371260001],[-4.49976033399997,51.12827557],[-4.49917035199996,51.128110748],[-4.48688101499994,51.124676542],[-4.43626071099993,51.1105117920001],[-4.39028859399997,51.0976222560001],[-4.38447035999997,51.0959889870001],[-4.37046280399994,51.0920551790001],[-4.36983700799993,51.091879378],[-4.36967332399996,51.091835835],[-4.36954029799995,51.0918043190001],[-4.36940538099998,51.0917761640001],[-4.36926879199996,51.0917514160001],[-4.36913075499996,51.0917301150001],[-4.36899147799994,51.091712294],[-4.36885117299994,51.09169798],[-4.36871008799994,51.091687198],[-4.36856843199996,51.091679964],[-4.36842641699997,51.0916762890001],[-4.36828429199994,51.091676179],[-4.36814227299993,51.0916796340001],[-4.36800057899995,51.09168665],[-4.36785945299994,51.0916972140001],[-4.36771910199997,51.0917113100001],[-4.36754487799993,51.091733322],[-4.30275835799995,51.100748222],[-4.29985513399993,51.1011512700001],[-4.29006400199995,51.1025099760001],[-4.27911172599994,51.1040287530001],[-4.27894770099994,51.104053546],[-4.27881779699993,51.104076483],[-4.27865722299993,51.1041090050001],[-4.27753627699997,51.1043508490001],[-4.23025620599998,51.116848916],[-4.23006941999995,51.1168944070001],[-4.22946796099995,51.1170508980001],[-4.22946673399997,51.1170477360001],[-4.22946154399995,51.117034372],[-4.22945595399995,51.117019172],[-4.22944879099992,51.1169977150001],[-4.22944777099997,51.116994219],[-4.22944461499998,51.116983405],[-4.22944420499994,51.1169817740001],[-4.22943922399998,51.1169619510001],[-4.22943020199995,51.1169191070001],[-4.22942480999995,51.1168976340001],[-4.22942059499997,51.1168833880001],[-4.22940351799997,51.116832919],[-4.22939847799995,51.116817267],[-4.22939372199994,51.1168015920001],[-4.22938935699995,51.1167857120001],[-4.22937767499997,51.1167374870001],[-4.22937130199995,51.116713443],[-4.22936642899998,51.116697699],[-4.22935360699995,51.116658435],[-4.22934905099993,51.1166424680001],[-4.22934501299994,51.1166262580001],[-4.22933392099998,51.1165775090001],[-4.22932992499994,51.1165612890001],[-4.22931430299997,51.1165057100001],[-4.22931006499994,51.11648891],[-4.22929845999994,51.116435746],[-4.22929432099994,51.116418045],[-4.22928983299994,51.116401088],[-4.22928500299997,51.1163841650001],[-4.22926967399997,51.1163334820001],[-4.22925911799996,51.1162997330001],[-4.22925077299993,51.1162744850001],[-4.22922044599994,51.1161912800001],[-4.22920819999996,51.1161589220001],[-4.22918836899993,51.116111167],[-4.22918208499993,51.1160952060001],[-4.22917916999995,51.1160872040001],[-4.22917231699995,51.116065948],[-4.22916275799997,51.1160335920001],[-4.22914230399994,51.1159536160001],[-4.22913725899997,51.1159360940001],[-4.22913486499993,51.1159288010001],[-4.22912956499994,51.1159142870001],[-4.22912362699998,51.1158998670001],[-4.22910936099993,51.1158691750001],[-4.22909848899997,51.1158442810001],[-4.22909178399993,51.1158275820001],[-4.22908330999996,51.1158044150001],[-4.22906576899993,51.1157531900001],[-4.22905875999993,51.11573137],[-4.22905245599998,51.1157090610001],[-4.22904155399993,51.115667494],[-4.22903655099998,51.115651149],[-4.22901418399994,51.1155860310001],[-4.22900653899995,51.1155616790001],[-4.22899956499998,51.1155373130001],[-4.22899078199993,51.1155047720001],[-4.22898460999994,51.115480436],[-4.22897301099994,51.115432137],[-4.22896672199994,51.1154080380001],[-4.22896278999997,51.1153946310001],[-4.22895851699997,51.1153812590001],[-4.22894857099993,51.1153524530001],[-4.22894390899995,51.115338126],[-4.22893786199995,51.115316684],[-4.22893610199998,51.115309504],[-4.22893257799996,51.1152932840001],[-4.22892201999997,51.1152363410001],[-4.22891869499995,51.11522009],[-4.22891498299992,51.115204126],[-4.22890519099997,51.115164264],[-4.22890173599995,51.1151482860001],[-4.22890032399994,51.1151406320001],[-4.22889785699994,51.115125301],[-4.22889337899994,51.1150946010001],[-4.22888927299994,51.1150689670001],[-4.22886822999993,51.11494944],[-4.22886285599998,51.114915259],[-4.22885885799997,51.1148817810001],[-4.22885105699993,51.114806393],[-4.22884804799997,51.1147821770001],[-4.22884345199998,51.114752308],[-4.22883474499997,51.1147055820001],[-4.22883210199996,51.114689866],[-4.22883100899998,51.1146820000001],[-4.22883010299995,51.11467386],[-4.22882876099993,51.114657563],[-4.22882646799997,51.114616749],[-4.22882533999996,51.1146004380001],[-4.22882458999993,51.1145922860001],[-4.22882252799997,51.114575265],[-4.22881723399996,51.1145412720001],[-4.22880425199997,51.1144648320001],[-4.22880053799997,51.114439325],[-4.22879871299995,51.1144224880001],[-4.22879743999994,51.1144058200001],[-4.22879427199996,51.1143474410001],[-4.22879256799996,51.114322427],[-4.22879104999993,51.1143069240001],[-4.22878925899994,51.1142925680001],[-4.22878293999997,51.11425122],[-4.22878103099993,51.1142353110001],[-4.22877835199995,51.1142034170001],[-4.22877583499996,51.1141615010001],[-4.22877445699993,51.1141465260001],[-4.22877120099997,51.114116595],[-4.22876957399995,51.1140964360001],[-4.22876832599997,51.1140731840001],[-4.22876785499994,51.1140432180001],[-4.22876735299997,51.1140280290001],[-4.22876451499997,51.113981838],[-4.22876367699996,51.113960279],[-4.22876336199994,51.1139291040001],[-4.22876438299994,51.1138535310001],[-4.22876423799994,51.113819952],[-4.22876368799996,51.113803783],[-4.22876129599996,51.113755263],[-4.22876073199996,51.113739095],[-4.22876048299997,51.113714035],[-4.22876059899994,51.113663903],[-4.22876032299996,51.1136471980001],[-4.22875788899995,51.1135957210001],[-4.22875653499995,51.1135616610001],[-4.22875432799998,51.1134935420001],[-4.22875360299997,51.113459479],[-4.22875367899996,51.11343435],[-4.22875563099996,51.113369532],[-4.22875556899993,51.1133255010001],[-4.22875591799993,51.113309298],[-4.22875878399998,51.1132444630001],[-4.22876081199996,51.113181506],[-4.22876220199993,51.1131557670001],[-4.22876452299994,51.1131214660001],[-4.22876721499995,51.113087168],[-4.22876972599994,51.1130612630001],[-4.22877707699996,51.1129919360001],[-4.22877845399995,51.112975137],[-4.22878218699998,51.1129182180001],[-4.22878806199998,51.1128571300001],[-4.22878894999997,51.112841734],[-4.22879058199993,51.1128032290001],[-4.22879166699994,51.1127865880001],[-4.22879814999993,51.112711711],[-4.22880153899996,51.1126663370001],[-4.22880415299994,51.1126428860001],[-4.22881002699995,51.1126022400001],[-4.22881290899994,51.112577822],[-4.22881401799998,51.1125616750001],[-4.22881614099992,51.112513178],[-4.22881754999997,51.1124970430001],[-4.22881861499997,51.1124888840001],[-4.22882133099995,51.1124725810001],[-4.22883079499996,51.1124237280001],[-4.22883218899995,51.112415571],[-4.22883463499994,51.112398419],[-4.22883845299998,51.1123640540001],[-4.22884006699996,51.1123471380001],[-4.27488114299996,51.1001767750001],[-4.27506434599997,51.1001319910001],[-4.27510712399993,51.100122571],[-4.27637435799994,51.09984917],[-4.27643841499997,51.099835775],[-4.27669537199995,51.0997837310001],[-4.27678068499995,51.0997671900001],[-4.27682464299994,51.0997592370001],[-4.27708453999998,51.099713347],[-4.27721518299995,51.099691948],[-4.27747764899993,51.099652276],[-4.27749842399993,51.0996491770001],[-4.27754341499997,51.0996427490001],[-4.28852766399996,51.098119554],[-4.29831792599992,51.0967609800001],[-4.30122088299993,51.0963579730001],[-4.36603629999996,51.087339125],[-4.36610589099996,51.0873298770001],[-4.36638468799993,51.0872946540001],[-4.36646801399996,51.0872847730001],[-4.36652462699993,51.0872787920001],[-4.36680542999994,51.0872505890001],[-4.36694631099994,51.0872382470001],[-4.36722985499995,51.0872170230001],[-4.36737018099996,51.087208316],[-4.36765365499997,51.0871942800001],[-4.36771570799993,51.0871915500001],[-4.36779562599997,51.0871890400001],[-4.36807976499995,51.0871821270001],[-4.36820173999996,51.087180474],[-4.36822194799993,51.087180453],[-4.36850629699995,51.087180673],[-4.36864847599998,51.0871825670001],[-4.36893258699996,51.0871899200001],[-4.36897214599998,51.0871910830001],[-4.36907451599996,51.087195379],[-4.36935793599997,51.087209853],[-4.36945691399995,51.087215782],[-4.36949944699995,51.0872188700001],[-4.36978172699997,51.087240443],[-4.36992252099998,51.087253],[-4.37020321299997,51.087281637],[-4.37021999299998,51.087283375],[-4.37034310699994,51.0872977160001],[-4.37062176499995,51.087333372],[-4.37069687799993,51.0873435140001],[-4.37076054599993,51.0873529500001],[-4.37103672699993,51.087395568],[-4.37117145999997,51.0874181240001],[-4.37144741999992,51.0874681230001],[-4.37158327099996,51.087494593],[-4.37185319099996,51.0875509210001],[-4.37190452599998,51.0875619070001],[-4.37198725999997,51.0875807780001],[-4.37225340399993,51.087643832],[-4.37235947799996,51.0876701890001],[-4.37238548699997,51.0876770310001],[-4.37264743199995,51.0877467120001],[-4.37271266499994,51.087764549],[-4.37337088499993,51.087949456],[-4.38737742699993,51.0918829240001],[-4.39319512699996,51.09351602],[-4.43916392799997,51.106404447],[-4.48978069299994,51.1205680130001],[-4.50206913999995,51.124001923],[-4.50271516199996,51.1241823980001],[-4.50280852399993,51.124209498],[-4.50282644299995,51.124214937],[-4.50305354899996,51.124284351],[-4.50320213299995,51.1243276640001],[-4.50332291899997,51.124359543],[-4.50344547799995,51.124388611],[-4.50356967799996,51.1244148380001],[-4.50369530699993,51.124438178],[-4.50382219299996,51.1244586],[-4.50395019699994,51.1244760820001],[-4.50407914499993,51.1244905990001],[-4.50424127899993,51.124505013],[-4.50897882799995,51.1248704600001],[-4.52672600999995,51.12623769],[-4.53333343199995,51.1267460110001],[-4.56103107399997,51.128872648],[-4.56118847899995,51.1288829370001],[-4.56131476799993,51.128888354],[-4.56144126999993,51.1288909510001],[-4.56156784999996,51.1288907260001],[-4.56169434999993,51.1288876780001],[-4.56182059399993,51.128881811],[-4.56197788499998,51.128870964],[-4.58486893399993,51.1270311480001],[-4.61321636099996,51.1247463820001],[-4.63109038099998,51.123302117],[-4.63121655899994,51.1232907570001],[-4.63131703899995,51.1232798600001],[-4.63144197799994,51.123263987],[-4.72644139199997,51.110261474],[-4.72648753699997,51.1102553380001],[-4.72671860099996,51.110225617],[-4.72679727499997,51.110216075],[-4.72681128099993,51.110214496],[-4.72699705599996,51.1101938030001],[-4.72709016499994,51.110184228],[-4.72727674099997,51.11016663],[-4.72736981999998,51.110158638],[-4.72755747399998,51.1101441180001],[-4.72765122699997,51.110137654],[-4.72783902899994,51.1101262830001],[-4.72793305899995,51.110121377],[-4.72812125699994,51.1101131340001],[-4.72813386599995,51.1101125960001],[-4.72821545699998,51.110109794],[-4.72845106899996,51.1101034050001],[-4.72849819999993,51.110102323],[-4.87760850699993,51.107204917],[-4.87765800099993,51.1072041400001],[-4.87790546899993,51.1072013340001],[-4.87792918899993,51.1072011150001],[-4.87800446299997,51.1072010760001],[-4.87820244699998,51.1072022880001],[-4.87830144999998,51.107203758],[-4.87849930699997,51.1072084250001],[-4.87852706999996,51.107209148],[-4.87859816599996,51.107211621],[-4.87884514999996,51.1072217700001],[-4.87889453399993,51.107224015],[-4.94864672299997,51.1106809840001],[-4.95055285499996,51.110774862],[-4.95059185799994,51.1107769180001],[-4.95082582099997,51.1107900640001],[-4.95086480499998,51.11079239],[-5.02842007699996,51.115664026],[-5.16680391999995,51.124226035],[-5.16691137699996,51.1242317950001],[-5.16701902399996,51.1242359190001],[-5.17023106299996,51.124334446],[-5.29187363999995,51.089614397],[-5.29214522399997,51.0895459400001],[-5.29288111899996,51.089360447],[-5.28343293099994,51.0444057],[-5.33914937199995,51.0397504790001],[-5.36415485099997,51.1497639190001],[-5.30647159499995,51.1540243170001]]]},"properties":{"OBJECTID":28,"Name_Prop":"White Cross","Name_Ten":"Offshore Wind Limited","Wind_Round":"Ad-hoc - Floating","Lease_Stat":"Agreement / Option for Lease","Inf_Status":"Consented","km2":87.86527187068333,"ODP_Hyperlink":"https://opendata-thecrownestate.opendata.arcgis.com/datasets/22a1be6fb0c5416e9369f97743f387b1","Shape__Area":0.011277253043857627,"Shape__Length":2.4957152585839903}},{"type":"Feature","id":29,"geometry":{"type":"Polygon","coordinates":[[[-3.53594317099993,54.07430622],[-3.56339999999994,54.0383330000001],[-3.57368399999996,54.042519],[-3.58396799999997,54.046705],[-3.60174499999994,54.0521400000001],[-3.62464199999994,54.0573430000001],[-3.64297499999998,54.0595270000001],[-3.65569199999993,54.0740250000001],[-3.66950299999996,54.093283],[-3.65568244299993,54.1054621380001],[-3.63156299999997,54.126717],[-3.53435499999995,54.0763870000001],[-3.53435528399996,54.0763866280001],[-3.53594317099993,54.07430622]]]},"properties":{"OBJECTID":29,"Name_Prop":"Walney 2","Name_Ten":"Walney (UK) Offshore Windfarms Limited","Wind_Round":"2","Lease_Stat":"Lease - Marine","Inf_Status":"Active/In Operation","km2":45.88101391420598,"ODP_Hyperlink":"https://opendata-thecrownestate.opendata.arcgis.com/datasets/22a1be6fb0c5416e9369f97743f387b1","Shape__Area":0.0062966902693233351,"Shape__Length":0.33362873037892471}},{"type":"Feature","id":30,"geometry":{"type":"Polygon","coordinates":[[[-3.44551246799995,54.0293461960001],[-3.52591599999994,54.012278],[-3.53294999999997,54.019007],[-3.54755599999993,54.0296710000001],[-3.56338499999993,54.03833],[-3.53594317099993,54.07430622],[-3.53435599999995,54.0763870000001],[-3.53435528399996,54.0763866280001],[-3.44433099999998,54.0295970000001],[-3.44443023499997,54.029575934],[-3.44551246799995,54.0293461960001]]]},"properties":{"OBJECTID":30,"Name_Prop":"Walney 1","Name_Ten":"Walney (UK) Offshore Windfarms Limited","Wind_Round":"2","Lease_Stat":"Lease - Marine","Inf_Status":"Active/In Operation","km2":27.160345513244636,"ODP_Hyperlink":"https://opendata-thecrownestate.opendata.arcgis.com/datasets/22a1be6fb0c5416e9369f97743f387b1","Shape__Area":0.0037237600738819765,"Shape__Length":0.27858756364571258}},{"type":"Feature","id":31,"geometry":{"type":"Polygon","coordinates":[[[-3.37998099999993,53.972447],[-3.42291599999993,53.944055],[-3.48885399999995,53.9453050000001],[-3.55859199999998,54.002552],[-3.44551246799995,54.0293461960001],[-3.44445399999995,54.0295970000001],[-3.44443023499997,54.029575934],[-3.37998099999993,53.972447]]]},"properties":{"OBJECTID":31,"Name_Prop":"West of Duddon Sands","Name_Ten":"ScottishPower Renewables (WoDS) Limited and Orsted West of Duddon Sands (UK) Limited","Wind_Round":"2","Lease_Stat":"Lease - Marine","Inf_Status":"Active/In Operation","km2":66.881691476305633,"ODP_Hyperlink":"https://opendata-thecrownestate.opendata.arcgis.com/datasets/22a1be6fb0c5416e9369f97743f387b1","Shape__Area":0.00915896041982478,"Shape__Length":0.41110324897525874}},{"type":"Feature","id":32,"geometry":{"type":"Polygon","coordinates":[[[-3.26065333299994,53.9877416670001],[-3.28597833299995,53.971075],[-3.33136166699995,53.9951783330001],[-3.30576666699994,54.0118633330001],[-3.26065333299994,53.9877416670001]]]},"properties":{"OBJECTID":32,"Name_Prop":"Barrow","Name_Ten":"Barrow Offshore Wind Limited","Wind_Round":"1","Lease_Stat":"Lease - Marine","Inf_Status":"Active/In Operation","km2":9.9902737320882782,"ODP_Hyperlink":"https://opendata-thecrownestate.opendata.arcgis.com/datasets/22a1be6fb0c5416e9369f97743f387b1","Shape__Area":0.0013684579212167591,"Shape__Length":0.16341455925373785}},{"type":"Feature","id":33,"geometry":{"type":"Polygon","coordinates":[[[-3.40135399999997,54.0835000000001],[-3.42801699999995,54.0685020000001],[-3.47301099999993,54.0918310000001],[-3.44468099999995,54.1084980000001],[-3.40135399999997,54.0835000000001]]]},"properties":{"OBJECTID":33,"Name_Prop":"Ormonde","Name_Ten":"Ormonde Energy Limited","Wind_Round":"1","Lease_Stat":"Lease - Marine","Inf_Status":"Active/In Operation","km2":9.9318498530734409,"ODP_Hyperlink":"https://opendata-thecrownestate.opendata.arcgis.com/datasets/22a1be6fb0c5416e9369f97743f387b1","Shape__Area":0.0013635827940134959,"Shape__Length":0.1641645087714142}},{"type":"Feature","id":34,"geometry":{"type":"Polygon","coordinates":[[[-3.65395799999993,53.3926270000001],[-3.60799799999995,53.38226],[-3.61995499999995,53.3633370000001],[-3.69251799999995,53.3797070000001],[-3.68711799999994,53.3903020000001],[-3.65936999999997,53.3840470000001],[-3.65395799999993,53.3926270000001]]]},"properties":{"OBJECTID":34,"Name_Prop":"Rhyl Flats","Name_Ten":"Rhyl Flats Wind Farm Limited","Wind_Round":"1","Lease_Stat":"Lease - Marine","Inf_Status":"Active/In Operation","km2":9.7346954995652926,"ODP_Hyperlink":"https://opendata-thecrownestate.opendata.arcgis.com/datasets/22a1be6fb0c5416e9369f97743f387b1","Shape__Area":0.0013146228794909121,"Shape__Length":0.19436575278314525}},{"type":"Feature","id":35,"geometry":{"type":"MultiPolygon","coordinates":[[[[-3.53055399999994,53.4450160000001],[-3.56373499999995,53.433323],[-3.57021599999996,53.4398570000001],[-3.57096999999993,53.4850650000001],[-3.56503599999996,53.4913310000001],[-3.52548699999994,53.4916620000001],[-3.45565099999993,53.4517000000001],[-3.49832099999998,53.445347],[-3.50930199999993,53.4451330000001],[-3.53055399999994,53.4450160000001]]],[[[-3.59688699999998,53.4225210000001],[-3.61416099999997,53.4168940000001],[-3.63151399999992,53.4223190000001],[-3.63701899999995,53.4278880000001],[-3.66186299999993,53.436333],[-3.66931199999993,53.4387390000001],[-3.68006499999996,53.4432590000001],[-3.68595199999993,53.4446070000001],[-3.69212099999993,53.450518],[-3.67563099999995,53.468059],[-3.65495899999996,53.475379],[-3.62685599999998,53.485303],[-3.61046899999997,53.4907420000001],[-3.58689899999996,53.490907],[-3.58589599999993,53.4341660000001],[-3.59688699999998,53.4225210000001]]]]},"properties":{"OBJECTID":35,"Name_Prop":"Gwynt y Mor","Name_Ten":"Gwynt y Mor Offshore Wind Farm Limited","Wind_Round":"2","Lease_Stat":"Lease - Marine","Inf_Status":"Active/In Operation","km2":68.031713993603,"ODP_Hyperlink":"https://opendata-thecrownestate.opendata.arcgis.com/datasets/22a1be6fb0c5416e9369f97743f387b1","Shape__Area":0.0092020593099988446,"Shape__Length":0.58751835129000041}},{"type":"Feature","id":36,"geometry":{"type":"Polygon","coordinates":[[[-3.19628699999993,53.4638840000001],[-3.30597299999994,53.463623],[-3.37654199999997,53.502373],[-3.22000199999997,53.5028320000001],[-3.22239094899993,53.4979673080001],[-3.22399299999995,53.4947050000001],[-3.20151999999996,53.482465],[-3.17904699999997,53.470225],[-3.19628699999993,53.4638840000001]]]},"properties":{"OBJECTID":36,"Name_Prop":"Burbo Bank Extension","Name_Ten":"Orsted Burbo Extension (UK) Limited","Wind_Round":"Extension","Lease_Stat":"Lease - Marine","Inf_Status":"Active/In Operation","km2":39.666474790240926,"ODP_Hyperlink":"https://opendata-thecrownestate.opendata.arcgis.com/datasets/22a1be6fb0c5416e9369f97743f387b1","Shape__Area":0.0053677103121145819,"Shape__Length":0.42533846585714657}},{"type":"Feature","id":37,"geometry":{"type":"Polygon","coordinates":[[[-3.14750999999995,53.4818533330001],[-3.17904666699997,53.470225],[-3.20151999999996,53.482465],[-3.22399333299995,53.4947050000001],[-3.22239094899993,53.4979673080001],[-3.22000166699996,53.5028316670001],[-3.18664833299994,53.503185],[-3.14750999999995,53.4818533330001]]]},"properties":{"OBJECTID":37,"Name_Prop":"Burbo Bank","Name_Ten":"Orsted Burbo (UK) Limited","Wind_Round":"1","Lease_Stat":"Lease - Marine","Inf_Status":"Active/In Operation","km2":9.9469955436631352,"ODP_Hyperlink":"https://opendata-thecrownestate.opendata.arcgis.com/datasets/22a1be6fb0c5416e9369f97743f387b1","Shape__Area":0.0013464188149043821,"Shape__Length":0.17177633931878944}},{"type":"Feature","id":38,"geometry":{"type":"Polygon","coordinates":[[[-3.74821499999996,54.134284],[-3.76965699999994,54.130366],[-3.81918199999996,54.0823340000001],[-3.91834399999993,54.1130910000001],[-3.91889599999996,54.1362110000001],[-3.89489599999996,54.1323570000001],[-3.89381999999995,54.132437],[-3.82634899999994,54.158535],[-3.74821499999996,54.134284]]]},"properties":{"OBJECTID":38,"Name_Prop":"Walney Extension 3","Name_Ten":"Walney Extension Limited","Wind_Round":"Extension","Lease_Stat":"Lease - Marine","Inf_Status":"Active/In Operation","km2":49.180591141413558,"ODP_Hyperlink":"https://opendata-thecrownestate.opendata.arcgis.com/datasets/22a1be6fb0c5416e9369f97743f387b1","Shape__Area":0.0067584502739919117,"Shape__Length":0.39727725640441525}},{"type":"Feature","id":39,"geometry":{"type":"Polygon","coordinates":[[[-3.65568199999996,54.105462],[-3.66950299999996,54.093283],[-3.66723599999995,54.0901220000001],[-3.65955299999996,54.0794090000001],[-3.65569199999993,54.0740250000001],[-3.65126099999998,54.068973],[-3.64297499999998,54.0595270000001],[-3.62464199999994,54.0573430000001],[-3.60174499999994,54.0521400000001],[-3.59157999999996,54.0490320000001],[-3.58396799999997,54.046705],[-3.57368399999996,54.042519],[-3.56339999999994,54.0383330000001],[-3.56338499999993,54.03833],[-3.54755599999993,54.0296710000001],[-3.53294999999997,54.019007],[-3.52591599999994,54.012278],[-3.56775699999997,54.0037770000001],[-3.81918199999996,54.0823340000001],[-3.76965699999994,54.130366],[-3.74821499999996,54.134284],[-3.65568199999996,54.105462]]]},"properties":{"OBJECTID":39,"Name_Prop":"Walney Extension 4","Name_Ten":"Walney Extension Limited","Wind_Round":"Extension","Lease_Stat":"Lease - Marine","Inf_Status":"Active/In Operation","km2":100.06576664275384,"ODP_Hyperlink":"https://opendata-thecrownestate.opendata.arcgis.com/datasets/22a1be6fb0c5416e9369f97743f387b1","Shape__Area":0.013748615632010797,"Shape__Length":0.68383469314654621}},{"type":"Feature","id":40,"geometry":{"type":"Polygon","coordinates":[[[-3.41514887999995,53.410302975],[-3.47416888099997,53.403340975],[-3.48131188099995,53.424916975],[-3.42204487999993,53.431219975],[-3.41514887999995,53.410302975]]]},"properties":{"OBJECTID":40,"Name_Prop":"North Hoyle","Name_Ten":"North Hoyle Wind Farm Limited","Wind_Round":"1","Lease_Stat":"Lease - Marine","Inf_Status":"Active/In Operation","km2":9.642919638264285,"ODP_Hyperlink":"https://opendata-thecrownestate.opendata.arcgis.com/datasets/22a1be6fb0c5416e9369f97743f387b1","Shape__Area":0.0013031492277377765,"Shape__Length":0.16378250708644668}},{"type":"Feature","id":41,"geometry":{"type":"Polygon","coordinates":[[[-4.00028545499993,53.4862770670001],[-3.61046899999997,53.4907420000001],[-3.62685599999998,53.485303],[-3.64666474199993,53.4783079470001],[-3.65495899899997,53.475379],[-3.67563100299998,53.468059064],[-3.69212100099998,53.450518],[-3.68736358599995,53.4459595500001],[-3.74593668099993,53.4216805770001],[-3.79825910099993,53.43257327],[-4.00005531899996,53.4743010650001],[-4.00028545499993,53.4862770670001]]]},"properties":{"OBJECTID":41,"Name_Prop":"Awel y Mor ","Name_Ten":"Awel y Mor Offshore Wind Farm Limited","Wind_Round":"Extension","Lease_Stat":"Agreement / Option for Lease","Inf_Status":"Consented","km2":106.4587394105133,"ODP_Hyperlink":"https://opendata-thecrownestate.opendata.arcgis.com/datasets/22a1be6fb0c5416e9369f97743f387b1","Shape__Area":0.014369285036110568,"Shape__Length":0.8243988860076783}},{"type":"Feature","id":42,"geometry":{"type":"Polygon","coordinates":[[[-3.78725595599997,53.9429888450001],[-3.96914292799994,53.907718985],[-3.97844454899996,53.9114846240001],[-4.06542368799995,53.9516756470001],[-4.07361586499997,53.952204522],[-4.09819359099993,53.9537877860001],[-4.13002615199997,53.9687637000001],[-4.21346655199994,54.0079274880001],[-4.21285181499996,54.0083337990001],[-4.21284575399994,54.008337855],[-4.21284304599993,54.008339699],[-4.20898430999995,54.010981277],[-4.20897250299993,54.0109895530001],[-4.20896819799998,54.0109926050001],[-4.20519535699998,54.013667985],[-4.20518953599998,54.0136721630001],[-4.20518694299994,54.013674058],[-4.20149238899995,54.0163884340001],[-4.20077871399997,54.0169017040001],[-4.20077631999993,54.016903434],[-4.20077368799997,54.016905357],[-4.19707258699998,54.019624449],[-4.19706692299997,54.0196286610001],[-4.19706435099994,54.0196306080001],[-4.19422299599995,54.021794034],[-4.19348260299995,54.022357727],[-4.19022165699994,54.0239383540001],[-4.19021649599995,54.023940877],[-4.19021434899997,54.023941941],[-4.18983511299996,54.0241304670001],[-4.18703205599996,54.025523832],[-4.18702700399996,54.0255263670001],[-4.18621871099998,54.025935272],[-4.18563364699997,54.0262311970001],[-4.18563067199995,54.02623271],[-4.18562706399996,54.026234566],[-4.18311503899997,54.0275347400001],[-4.18158348099996,54.0283273520001],[-4.18118167799997,54.0285352860001],[-4.18117529399996,54.0285386260001],[-4.18117406199997,54.0285392800001],[-4.17885096999993,54.0297742060001],[-4.17820194099994,54.0301030570001],[-4.17789238699993,54.0302598870001],[-4.17788997299994,54.030261115],[-4.17788630199993,54.030263002],[-4.17344046699998,54.0325637620001],[-4.17343415199997,54.0325670650001],[-4.17343107699998,54.032568703],[-4.17343048899994,54.0325690170001],[-4.16905309599997,54.0349149100001],[-4.16904687899995,54.0349182790001],[-4.16904486099997,54.034919388],[-4.16609830899995,54.0365454490001],[-4.16609351799997,54.036548123],[-4.16609065799997,54.0365497350001],[-4.16467860599994,54.0373424090001],[-4.16467571099997,54.0373440430001],[-4.16467220399994,54.0373460440001],[-4.16043880399997,54.0397783440001],[-4.16042606499997,54.0397857510001],[-4.15626174999994,54.0422628420001],[-4.15625583999997,54.042266397],[-4.15625246199994,54.042268463],[-4.15216166799996,54.0447878320001],[-4.15215585999994,54.0447914490001],[-4.15215254199995,54.044793552],[-4.14813663499996,54.0473544320001],[-4.14813093899994,54.0473581050001],[-4.14812767899997,54.0473602440001],[-4.14653676599994,54.048410844],[-4.14419103099993,54.0499597510001],[-4.14418778299995,54.049961888],[-4.14418219399994,54.0499656210001],[-4.14417900299998,54.0499677880001],[-4.14227967399995,54.051266748],[-4.14031639299998,54.0526093010001],[-4.14031090699996,54.052613093],[-4.14030778599994,54.0526152910001],[-4.13652357299998,54.0552959730001],[-4.13651820299998,54.055299819],[-4.13651513399998,54.0553020580001],[-4.13281062199997,54.0580211380001],[-4.13280537699995,54.0580250310001],[-4.13280238299996,54.0580272940001],[-4.12917855799998,54.0607838290001],[-4.12917342099996,54.060787781],[-4.12917049499993,54.0607900730001],[-4.12577056499993,54.06347127],[-4.12562849799997,54.0635832950001],[-4.12562347499994,54.0635873000001],[-4.12562061599994,54.063589624],[-4.12216158799993,54.066418673],[-4.12215668799996,54.0664227280001],[-4.12215389799997,54.0664250790001],[-4.11877886199994,54.0692891100001],[-4.11877407999998,54.0692932160001],[-4.11877135999993,54.069295595],[-4.11548134099996,54.072193763],[-4.11547668199995,54.072197917],[-4.11547403799995,54.072200319],[-4.11227001299994,54.0751317080001],[-4.11226547299998,54.0751359130001],[-4.11226289399997,54.0751383480001],[-4.10914599899996,54.0781021010001],[-4.10913988399994,54.078108028],[-4.10754041199993,54.0796749470001],[-4.10619295999993,54.0808747730001],[-4.10619050399993,54.0808769750001],[-4.10618780099998,54.080879429],[-4.10298317499996,54.0838108120001],[-4.10297869199997,54.0838149640001],[-4.10297606199993,54.0838174460001],[-4.09985843199996,54.08678123],[-4.09985406899995,54.0867854270001],[-4.09985366999996,54.086785816],[-4.09872374599996,54.087889133],[-4.09757150999997,54.088955915],[-4.09756934199993,54.0889579350001],[-4.09756667599993,54.088960451],[-4.09592473199996,54.0905212810001],[-4.09444872499995,54.0919242080001],[-4.09444439199996,54.091928377],[-4.09444180699995,54.0919309130001],[-4.09442363799997,54.0919488750001],[-4.09263374499994,54.093718288],[-4.09262563599998,54.093726303],[-4.09262537899997,54.0937265570001],[-4.09235538199994,54.0939934460001],[-4.03050438499997,54.0969846130001],[-4.03042413599997,54.096780665],[-4.03041810199994,54.096766395],[-4.02945340599996,54.094634817],[-4.02945009099994,54.094627727],[-4.02944657999996,54.09462067],[-4.02836385799998,54.092508777],[-4.02835624899996,54.0924947680001],[-4.02715667399997,54.090404817],[-4.02714829099995,54.0903909630001],[-4.02583316599993,54.0883251870001],[-4.02582401799998,54.0883115020001],[-4.02439476399996,54.086272111],[-4.02438485799996,54.086258609],[-4.02284301999993,54.0842477830001],[-4.02283237099994,54.0842344770001],[-4.02117961399995,54.082254365],[-4.02116822899995,54.082241272],[-4.01940633299995,54.0802939880001],[-4.01939422699996,54.080281121],[-4.01752509099992,54.0783687480001],[-4.01751877299995,54.078362403],[-4.01751227699998,54.0783561200001],[-4.01553790999998,54.0764806990001],[-4.01552440199993,54.076468323],[-4.01344692799995,54.074631857],[-4.01343273999993,54.0746197490001],[-4.01125439199996,54.0728241990001],[-4.01123953999996,54.0728123700001],[-4.00896265399996,54.0710596540001],[-4.00894715199996,54.071048117],[-4.00657417299993,54.0693401070001],[-4.00655804099995,54.0693288730001],[-4.00409151599996,54.067667392],[-4.00407476699996,54.067656475],[-4.00151733699994,54.066043295],[-4.00149999099995,54.066032706],[-3.99885439599996,54.0644695500001],[-3.99884550399997,54.0644643810001],[-3.99883647099995,54.0644592990001],[-3.99610554399993,54.062947835],[-3.99608706199996,54.062937934],[-3.99327372799996,54.0614797750001],[-3.99325470399998,54.0614702350001],[-3.99036196999998,54.060066937],[-3.99034242699997,54.0600577690001],[-3.98737338799998,54.058710827],[-3.98735334899993,54.058702038],[-3.98647495299997,54.058329826],[-3.98586148399994,54.058069866],[-3.98431117899997,54.0574128910001],[-3.98429066199998,54.057404493],[-3.98347057999996,54.0570803860001],[-3.98117861199995,54.0561745160001],[-3.98115764099992,54.0561665160001],[-3.97797903599997,54.05499702],[-3.97795763099998,54.0549894280001],[-3.97471586599994,54.0538816600001],[-3.97470500999998,54.053878018],[-3.97469639099995,54.0538752260001],[-3.97210195399992,54.05304728],[-3.97209888199995,54.0530463040001],[-3.97209327599995,54.0530445530001],[-3.96929477599997,54.052178649],[-3.87303528399997,54.022332437],[-3.78954058199997,53.9963454800001],[-3.78837663699994,53.969181027],[-3.78763631399994,53.9518826],[-3.78752580199995,53.949298979],[-3.78725595599997,53.9429888450001]]]},"properties":{"OBJECTID":42,"Name_Prop":"R4 Project 6 (Morgan)","Name_Ten":"Morgan Offshore Wind Limited","Wind_Round":"4","Lease_Stat":"Agreement / Option for Lease","Inf_Status":"Consented","km2":322.43133584673632,"ODP_Hyperlink":"https://opendata-thecrownestate.opendata.arcgis.com/datasets/22a1be6fb0c5416e9369f97743f387b1","Shape__Area":0.044176721614505254,"Shape__Length":0.98245898057394321}},{"type":"Feature","id":43,"geometry":{"type":"Polygon","coordinates":[[[2.20996484000005,53.978082375],[2.23645264700002,53.975011511],[2.25350520100005,53.973044185],[2.30759534200007,53.9659094880001],[2.44372571600007,53.9574280400001],[2.48724137600004,53.9475205110001],[2.54975765700004,53.9330995550001],[2.71870967100006,53.897893217],[2.79331300000007,53.689493],[2.41211900000008,53.8064650000001],[2.39544800000004,53.807532],[2.20996484000005,53.978082375]]]},"properties":{"OBJECTID":43,"Name_Prop":"Hornsea Project 3 (HOW03)","Name_Ten":"Orsted Hornsea Project Three (UK) Limited","Wind_Round":"3","Lease_Stat":"Lease - Marine","Inf_Status":"Under Construction","km2":554.49984073255382,"ODP_Hyperlink":"https://opendata-thecrownestate.opendata.arcgis.com/datasets/22a1be6fb0c5416e9369f97743f387b1","Shape__Area":0.075767778694832089,"Shape__Length":1.4049207654896279}},{"type":"Feature","id":44,"geometry":{"type":"Polygon","coordinates":[[[2.39981896700004,52.4339871020001],[2.57058793700003,52.4299855180001],[2.57049691700007,52.3425773170001],[2.48230830000006,52.338625586],[2.34715872800007,52.3033120970001],[2.34715865400005,52.303312233],[2.32077318200004,52.352215431],[2.31708202700003,52.359047479],[2.31666600400007,52.35981737],[2.31662080300003,52.35990101],[2.31593089400008,52.3611776750001],[2.31593083800004,52.3611777790001],[2.30559187700004,52.3803005290001],[2.30736074700008,52.3967460530001],[2.31075722300005,52.4282919440001],[2.31075735100006,52.4282919870001],[2.32033060300006,52.4315225230001],[2.33213643800002,52.4355046480001],[2.39981896700004,52.4339871020001]]]},"properties":{"OBJECTID":44,"Name_Prop":"East Anglia ONE North","Name_Ten":"East Anglia One North Limited","Wind_Round":"3","Lease_Stat":"Lease - Marine","Inf_Status":"Consented","km2":203.50378597517488,"ODP_Hyperlink":"https://opendata-thecrownestate.opendata.arcgis.com/datasets/22a1be6fb0c5416e9369f97743f387b1","Shape__Area":0.026856906854348495,"Shape__Length":0.71221240286995813}},{"type":"Feature","id":45,"geometry":{"type":"Polygon","coordinates":[[[2.32963777800006,52.049244722],[2.14452833300004,52.0480469440001],[2.12080027800005,52.064759167],[2.12814166800007,52.1441505560001],[2.13563111200006,52.2248683330001],[2.13635333900004,52.232637159],[2.18934888900003,52.2443483330001],[2.22004222200007,52.2511172220001],[2.32963777800006,52.049244722]]]},"properties":{"OBJECTID":45,"Name_Prop":"East Anglia TWO","Name_Ten":"East Anglia Two Limited","Wind_Round":"3","Lease_Stat":"Lease - Marine","Inf_Status":"Government Support on Offer","km2":218.56653120397846,"ODP_Hyperlink":"https://opendata-thecrownestate.opendata.arcgis.com/datasets/22a1be6fb0c5416e9369f97743f387b1","Shape__Area":0.028672756493016038,"Shape__Length":0.6981414235935639}},{"type":"Feature","id":46,"geometry":{"type":"Polygon","coordinates":[[[2.97499503000006,52.8989549940001],[3.07849703000005,52.916751994],[3.08966402500005,52.831660035],[3.08966403000005,52.8316599940001],[3.04421113700005,52.77916896],[3.04172324700005,52.7789990650001],[2.77051614800007,52.760478504],[2.77064403400004,52.863503456],[2.86782003000008,52.880415994],[2.86386303000006,52.8887609940001],[2.77438603000007,52.8732369940001],[2.77438603000007,52.873237036],[2.77458803000007,52.9573629940001],[3.11228703000006,53.0525479940001],[3.14472501900002,52.9374890330001],[3.14472503000007,52.937488994],[2.97103303000006,52.9073539940001],[2.97499503000006,52.8989549940001]]]},"properties":{"OBJECTID":46,"Name_Prop":"Norfolk Vanguard East","Name_Ten":"Norfolk Vanguard East Limited","Wind_Round":"3","Lease_Stat":"Lease - Marine","Inf_Status":"Government Support on Offer","km2":555.32126349745556,"ODP_Hyperlink":"https://opendata-thecrownestate.opendata.arcgis.com/datasets/22a1be6fb0c5416e9369f97743f387b1","Shape__Area":0.0741243578067099,"Shape__Length":1.5764224532470941}},{"type":"Feature","id":47,"geometry":{"type":"Polygon","coordinates":[[[2.57105800000005,52.8274540420001],[2.57105800000005,52.827454],[2.55787300000003,52.813187],[2.44373000000007,52.80087],[2.30923100000007,52.9358580000001],[2.57119700000004,53.0435600000001],[2.57105800000005,52.8274540420001]]]},"properties":{"OBJECTID":47,"Name_Prop":"Norfolk Vanguard West","Name_Ten":"Norfolk Vanguard West Limited","Wind_Round":"3","Lease_Stat":"Lease - Marine","Inf_Status":"Government Support on Offer","km2":295.15813094694738,"ODP_Hyperlink":"https://opendata-thecrownestate.opendata.arcgis.com/datasets/22a1be6fb0c5416e9369f97743f387b1","Shape__Area":0.039413402914071582,"Shape__Length":0.82413642194446}},{"type":"Feature","id":48,"geometry":{"type":"Polygon","coordinates":[[[-3.68163719299997,53.7794328890001],[-3.67613834099996,53.7837401250001],[-3.62779043199993,53.7932399170001],[-3.62572017299993,53.8182737700001],[-3.57007475599994,53.821980679],[-3.55064563899992,53.8285225160001],[-3.52869358899994,53.828804297],[-3.49647085199996,53.8236990560001],[-3.49524665599995,53.7893018710001],[-3.50875422399997,53.776764433],[-3.49846687599995,53.75977142],[-3.55300320899994,53.7522346960001],[-3.59958977999997,53.7543079870001],[-3.64644246199992,53.766639969],[-3.68163719299997,53.7794328890001]]]},"properties":{"OBJECTID":48,"Name_Prop":"Morecambe","Name_Ten":"Morecambe Offshore Windfarm Ltd","Wind_Round":"4","Lease_Stat":"Lease - Marine","Inf_Status":"Consented","km2":71.358373484106522,"ODP_Hyperlink":"https://opendata-thecrownestate.opendata.arcgis.com/datasets/22a1be6fb0c5416e9369f97743f387b1","Shape__Area":0.0097278425360372012,"Shape__Length":0.47252090252627832}},{"type":"Feature","id":49,"geometry":{"type":"Polygon","coordinates":[[[-5.61762623199996,51.2130905220001],[-5.61762620899998,51.2128335780001],[-5.61762430199997,51.1911716390001],[-5.61762497999996,51.0443925820001],[-5.66759364899997,50.966735031],[-5.74761777299994,50.8418041200001],[-5.78241471799993,50.840335462],[-5.77025513199993,51.193350966],[-5.76949913299995,51.2152576610001],[-5.61762623199996,51.2130905220001]]]},"properties":{"OBJECTID":49,"Name_Prop":"Round 5 PDA 2 (Ocean Winds)","Name_Ten":"Celtic Sea Offshore Wind Farm Limited","Wind_Round":"5","Lease_Stat":"Agreement / Option for Lease","Inf_Status":"Pre-planning Application","km2":357.2327979414606,"ODP_Hyperlink":"https://opendata-thecrownestate.opendata.arcgis.com/datasets/22a1be6fb0c5416e9369f97743f387b1","Shape__Area":0.045799824318606852,"Shape__Length":0.97126667251890508}},{"type":"Feature","id":50,"geometry":{"type":"Polygon","coordinates":[[[3.05868200000003,53.2413300000001],[3.11228698900004,53.052548039],[3.11228700000004,53.0525480000001],[2.77458800000005,52.957363],[2.77438600000005,52.873237042],[2.77438600000005,52.8732370000001],[2.75952400000006,52.8706300000001],[2.75952400000006,52.8706300420001],[2.75969000000003,52.953132],[2.75969000000003,52.953132042],[2.75991000000005,53.062782],[2.81067500000006,53.1410470000001],[3.03432100000003,53.2312590000001],[3.03531400000003,53.231658],[3.03928900000005,53.233253],[3.04534700000005,53.235684],[3.05352000000005,53.2391830000001],[3.05868200000003,53.2413300000001]],[[2.98551747000005,53.1751251520001],[2.98551749600006,53.1751251520001],[2.98597870300006,53.1751780110001],[2.98642525700006,53.175265182],[2.98685010600002,53.1753852900001],[2.98724655500007,53.1755364420001],[2.98760834700005,53.1757162550001],[2.98792978200004,53.1759218930001],[2.98820578700003,53.176150111],[2.98843200200002,53.176397319],[2.98860488400004,53.176659606],[2.98872167800005,53.176932843],[2.98878055200004,53.177212722],[2.98878057800005,53.177494826],[2.98872175000002,53.177774707],[2.98860499800003,53.1780479560001],[2.98843215900007,53.1783102530001],[2.98820596500002,53.17855747],[2.98792997300006,53.178785702],[2.98760854300002,53.1789913550001],[2.98724674000005,53.1791711810001],[2.98685027100004,53.179322347],[2.98642539100007,53.1794424650001],[2.98597879600004,53.1795296450001],[2.98551753700002,53.1795825090001],[2.98504890300006,53.179600222],[2.98504887700005,53.1796002250001],[2.98458023300003,53.1795825090001],[2.98411896300007,53.1795296440001],[2.98389619700004,53.1794861560001],[2.98367237900004,53.179442464],[2.98324749900007,53.1793223450001],[2.98285103100005,53.179171179],[2.98248922800002,53.1789913530001],[2.98216779800003,53.1787857],[2.98189180800006,53.1785574690001],[2.98166559100002,53.178310255],[2.98149277600004,53.178047952],[2.98137602400004,53.1777747080001],[2.98131719700007,53.177494826],[2.98131722200003,53.177212721],[2.98137609500003,53.1769328440001],[2.98149288900004,53.1766596040001],[2.98166576200003,53.176397319],[2.98189197500005,53.176150115],[2.98189199900003,53.176150104],[2.98216798900006,53.175921895],[2.98248942300006,53.1757162580001],[2.98285121600003,53.175536444],[2.98324766300004,53.175385292],[2.98367251100007,53.1752651830001],[2.98411906700005,53.175178013],[2.98458028200002,53.1751251530001],[2.98504888500003,53.1751074420001],[2.98551747000005,53.1751251520001]]]},"properties":{"OBJECTID":50,"Name_Prop":"Norfolk Boreas","Name_Ten":"Norfolk Boreas Limited","Wind_Round":"3","Lease_Stat":"Lease - Marine","Inf_Status":"Consented","km2":452.086199039575,"ODP_Hyperlink":"https://opendata-thecrownestate.opendata.arcgis.com/datasets/22a1be6fb0c5416e9369f97743f387b1","Shape__Area":0.060645506724014808,"Shape__Length":1.2183588394104714}},{"type":"Feature","id":51,"geometry":{"type":"Polygon","coordinates":[[[2.80924042300006,52.505562716],[2.75885236100004,52.5255742190001],[2.75938143500002,52.7529357440001],[3.03773364100005,52.7716884340001],[2.80924042300006,52.505562716]]]},"properties":{"OBJECTID":51,"Name_Prop":"East Anglia THREE","Name_Ten":"East Anglia Three Limited","Wind_Round":"3","Lease_Stat":"Lease - Marine","Inf_Status":"Under Construction","km2":305.47386416345904,"ODP_Hyperlink":"https://opendata-thecrownestate.opendata.arcgis.com/datasets/22a1be6fb0c5416e9369f97743f387b1","Shape__Area":0.040629356189228361,"Shape__Length":0.91132095586014217}},{"type":"Feature","id":52,"geometry":{"type":"Polygon","coordinates":[[[-4.05639458799993,53.6363893980001],[-4.05810568799996,53.708842598],[-4.06028158799995,53.7804250980001],[-4.05734658799997,53.7909294980001],[-4.03642988799993,53.808716798],[-3.93921258799998,53.8074111980001],[-3.86266028799997,53.7607762980001],[-3.82610658799996,53.7384536980001],[-3.82515388799993,53.6900717980001],[-3.80142558799997,53.651359798],[-3.80064278799995,53.610263398],[-3.88324468799993,53.611480498],[-4.05639458799993,53.6363893980001]]]},"properties":{"OBJECTID":52,"Name_Prop":"Mona","Name_Ten":"Mona Offshore Wind Limited","Wind_Round":"4","Lease_Stat":"Lease - Marine","Inf_Status":"Consented","km2":300.18567281338829,"ODP_Hyperlink":"https://opendata-thecrownestate.opendata.arcgis.com/datasets/22a1be6fb0c5416e9369f97743f387b1","Shape__Area":0.0408434090699501,"Shape__Length":0.80459200329627589}},{"type":"Feature","id":53,"geometry":{"type":"Polygon","coordinates":[[[0.998073904000023,53.538251288],[1.10550753000007,53.601722195],[1.12695362400007,53.6212771780001],[1.46604339100003,53.675907372],[1.54630044900006,53.5343768710001],[1.18169809000005,53.4741909480001],[1.17577597700006,53.4778706060001],[1.15013637300007,53.493790715],[1.10103620400002,53.493703242],[1.05188639400006,53.48681421],[0.998073904000023,53.538251288]]]},"properties":{"OBJECTID":53,"Name_Prop":"R4 Project 3 (Outer Dowsing)","Name_Ten":"GT R4 Limited","Wind_Round":"4","Lease_Stat":"Agreement / Option for Lease","Inf_Status":"Consented","km2":499.85965055925578,"ODP_Hyperlink":"https://opendata-thecrownestate.opendata.arcgis.com/datasets/22a1be6fb0c5416e9369f97743f387b1","Shape__Area":0.0677893883599765,"Shape__Length":1.2398305544032089}},{"type":"Feature","id":54,"geometry":{"type":"MultiPolygon","coordinates":[[[[1.53510617000006,53.1774643190001],[1.47297433300002,53.1525619000001],[1.45638951200004,53.155150222],[1.42594795300005,53.168294836],[1.42927886600006,53.209934328],[1.42927900000007,53.209936],[1.43127075100006,53.234829673],[1.43127116500006,53.2348348400001],[1.45726332300006,53.2291011470001],[1.53510617000006,53.1774643190001]]],[[[1.40038995000003,53.3483718960001],[1.40000915700006,53.334812712],[1.40229891900003,53.326702347],[1.40655003200004,53.3193963910001],[1.41776656400003,53.3094759700001],[1.42347518600008,53.3048619900001],[1.42757191300007,53.300061541],[1.43489231300003,53.2875410130001],[1.38901600800006,53.309632482],[1.38196081000007,53.3097535320001],[1.37057688100003,53.302598082],[1.37057684500007,53.30259806],[1.37055894400004,53.3025868080001],[1.34280373000007,53.3153724520001],[1.34269392500005,53.3154229570001],[1.32461200000006,53.30506],[1.32171400000004,53.3064010000001],[1.31944471100007,53.2779149560001],[1.31944402500005,53.277915803],[1.29752773600006,53.3049579560001],[1.28793423000008,53.3242941180001],[1.27564958700003,53.3352724390001],[1.26632782000007,53.3423751270001],[1.20553660200005,53.3174164220001],[1.16974460100005,53.3525763100001],[1.29231528200006,53.352667352],[1.30201046000002,53.346205658],[1.31041873700002,53.349690616],[1.31620105000007,53.3547044310001],[1.39009664300005,53.3660697280001],[1.40038995000003,53.3483718960001]]]]},"properties":{"OBJECTID":54,"Name_Prop":"Dudgeon Extension","Name_Ten":"Dudgeon Extension Limited","Wind_Round":"Extension","Lease_Stat":"Agreement / Option for Lease","Inf_Status":"In Planning","km2":103.53738781711301,"ODP_Hyperlink":"https://opendata-thecrownestate.opendata.arcgis.com/datasets/22a1be6fb0c5416e9369f97743f387b1","Shape__Area":0.013945519114425764,"Shape__Length":0.97865937567884864}},{"type":"Feature","id":55,"geometry":{"type":"Polygon","coordinates":[[[1.26109125600004,53.0855036290001],[1.21714400000008,53.0964450000001],[1.21713244800003,53.0964627180001],[1.21713235100003,53.0964628670001],[1.21708272100005,53.0965389890001],[1.21708185700004,53.096540314],[1.21655678900004,53.0973456620001],[1.21654571300007,53.097362649],[1.21138188300006,53.1052829010001],[1.21136768800005,53.1053046740001],[1.20704559200004,53.11193388],[1.20702427400005,53.1119665790001],[1.18553954500004,53.1449197330001],[1.18553839400005,53.144921498],[1.18418480700007,53.1469976210001],[1.18418222500003,53.1470015830001],[1.18266944500004,53.1493218730001],[1.18266854600006,53.1493232490001],[1.18243874900003,53.149675716],[1.18243400000006,53.149683],[1.07777400000003,53.1746460000001],[1.03312552300002,53.184474611],[1.09157145700004,53.245600499],[1.28544666000005,53.1221893140001],[1.27218958900005,53.102265292],[1.26317571800007,53.0886664770001],[1.26109125600004,53.0855036290001]]]},"properties":{"OBJECTID":55,"Name_Prop":"Sheringham Shoal Extension","Name_Ten":"SCIRA Extension Limited","Wind_Round":"Extension","Lease_Stat":"Agreement / Option for Lease","Inf_Status":"In Planning","km2":92.648812153478218,"ODP_Hyperlink":"https://opendata-thecrownestate.opendata.arcgis.com/datasets/22a1be6fb0c5416e9369f97743f387b1","Shape__Area":0.012432031426921952,"Shape__Length":0.62058296129457591}},{"type":"Feature","id":56,"geometry":{"type":"Polygon","coordinates":[[[0.998528000000022,54.123607],[1.00946500000003,54.1477580000001],[1.18360800000005,54.138183],[1.25986900000004,54.180082],[1.64370000000002,54.0051330000001],[1.43888700000002,54.008785],[1.44998700000002,53.835336],[1.21027600000002,53.833222],[1.21355700000004,54.0064780000001],[0.998528000000022,54.123607]]]},"properties":{"OBJECTID":56,"Name_Prop":"Hornsea Project Four (HOW04)","Name_Ten":"Orsted Hornsea Project Four Limited","Wind_Round":"3","Lease_Stat":"Agreement / Option for Lease","Inf_Status":"Consented","km2":710.0245546206138,"ODP_Hyperlink":"https://opendata-thecrownestate.opendata.arcgis.com/datasets/22a1be6fb0c5416e9369f97743f387b1","Shape__Area":0.097248232830477122,"Shape__Length":1.7462698957643437}},{"type":"Feature","id":57,"geometry":{"type":"Polygon","coordinates":[[[1.30915559900006,54.743235774],[1.43231915700005,54.715777293],[1.48878525800006,54.7024034180001],[1.53235797000002,54.692083294],[1.57812324200006,54.681243855],[1.61161357100002,54.673311706],[1.64161528700004,54.666205824],[1.64494429500007,54.66541735],[1.64764408500002,54.6647779080001],[1.65152054500004,54.66385977],[1.66498833700007,54.66066993],[1.67373154400002,54.6585991050001],[1.71467890700006,54.6488744710001],[1.74258431000004,54.642243256],[1.67256621500007,54.5170095290001],[1.46463304100007,54.5500556800001],[1.21924253000003,54.592311705],[1.30915559900006,54.743235774]]]},"properties":{"OBJECTID":57,"Name_Prop":"R4 Project 1 (Dogger Bank South West)","Name_Ten":"RWE Renewables","Wind_Round":"4","Lease_Stat":"Agreement / Option for Lease","Inf_Status":"Government Support on Offer","km2":495.16834103943165,"ODP_Hyperlink":"https://opendata-thecrownestate.opendata.arcgis.com/datasets/22a1be6fb0c5416e9369f97743f387b1","Shape__Area":0.068882815097985883,"Shape__Length":1.2237476075534957}},{"type":"Feature","id":58,"geometry":{"type":"Polygon","coordinates":[[[1.74293877600007,54.6421591050001],[1.88686327300007,54.607937867],[1.89541249900003,54.6058864170001],[1.90661480300002,54.6031865750001],[1.91715469600007,54.600646135],[1.92696565800003,54.598281591],[1.93405860000007,54.5965895250001],[1.99957470900006,54.5813897140001],[2.13489275300003,54.405509271],[1.89988296600006,54.3599446900001],[1.77996995100006,54.4991483330001],[1.67293457400007,54.5169506880001],[1.74293877600007,54.6421591050001]]]},"properties":{"OBJECTID":58,"Name_Prop":"R4 Project 2 (Dogger Bank South East)","Name_Ten":"RWE Renewables","Wind_Round":"4","Lease_Stat":"Agreement / Option for Lease","Inf_Status":"Government Support on Offer","km2":493.90805159353107,"ODP_Hyperlink":"https://opendata-thecrownestate.opendata.arcgis.com/datasets/22a1be6fb0c5416e9369f97743f387b1","Shape__Area":0.068483778497501646,"Shape__Length":1.1607171746124962}},{"type":"Feature","id":59,"geometry":{"type":"Polygon","coordinates":[[[1.19864601900002,51.7132852190001],[1.19693300000006,51.7126170000001],[1.18153300000006,51.727833],[1.24281700000006,51.7517330000001],[1.25820200000004,51.736517],[1.25820056800006,51.736516441],[1.19949754000004,51.713617383],[1.19864601900002,51.7132852190001]]]},"properties":{"OBJECTID":59,"Name_Prop":"Gunfleet Sands I","Name_Ten":"Gunfleet Sands Limited","Wind_Round":"1","Lease_Stat":"Lease - Marine","Inf_Status":"Active/In Operation","km2":9.9951239422814044,"ODP_Hyperlink":"https://opendata-thecrownestate.opendata.arcgis.com/datasets/22a1be6fb0c5416e9369f97743f387b1","Shape__Area":0.0013002640061188231,"Shape__Length":0.17483264185374503}},{"type":"Feature","id":60,"geometry":{"type":"Polygon","coordinates":[[[1.29517300000003,51.74186],[1.20540356600003,51.70686822],[1.20540300000005,51.706868],[1.19949754000004,51.713617383],[1.19949700000006,51.7136180000001],[1.25820000000004,51.736517],[1.25820056800006,51.736516441],[1.25956000000002,51.7351780000001],[1.29043800000005,51.747282],[1.29517300000003,51.74186]]]},"properties":{"OBJECTID":60,"Name_Prop":"Gunfleet Sands II","Name_Ten":"Gunfleet Sands II Limited","Wind_Round":"2","Lease_Stat":"Lease - Marine","Inf_Status":"Active/In Operation","km2":5.8131307479396455,"ODP_Hyperlink":"https://opendata-thecrownestate.opendata.arcgis.com/datasets/22a1be6fb0c5416e9369f97743f387b1","Shape__Area":0.00075678226718522978,"Shape__Length":0.21060163343032648}},{"type":"Feature","id":61,"geometry":{"type":"Polygon","coordinates":[[[1.20821100000006,51.7036600000001],[1.18379600000003,51.693882],[1.17490200000003,51.7040000000001],[1.19864601900002,51.7132852190001],[1.19949700000006,51.7136180000001],[1.19949754000004,51.713617383],[1.20540356600003,51.70686822],[1.20821100000006,51.7036600000001]]]},"properties":{"OBJECTID":61,"Name_Prop":"Gunfleet Sands Demo","Name_Ten":"Gunfleet Sands Demo Limited","Wind_Round":"Demonstration","Lease_Stat":"Lease - Marine","Inf_Status":"Active/In Operation","km2":2.5486613886961496,"ODP_Hyperlink":"https://opendata-thecrownestate.opendata.arcgis.com/datasets/22a1be6fb0c5416e9369f97743f387b1","Shape__Area":0.0003313623761975748,"Shape__Length":0.0794126422976606}},{"type":"Feature","id":62,"geometry":{"type":"Polygon","coordinates":[[[1.13400000000007,51.4523330000001],[1.08083300000004,51.4470000000001],[1.05383300000005,51.4685000000001],[1.10700000000003,51.4738330000001],[1.13400000000007,51.4523330000001]]]},"properties":{"OBJECTID":62,"Name_Prop":"Kentish Flats","Name_Ten":"Kentish Flats Limited","Wind_Round":"1","Lease_Stat":"Lease - Marine","Inf_Status":"Active/In Operation","km2":9.95227920228603,"ODP_Hyperlink":"https://opendata-thecrownestate.opendata.arcgis.com/datasets/22a1be6fb0c5416e9369f97743f387b1","Shape__Area":0.0012870815000063374,"Shape__Length":0.1758965755956797}},{"type":"Feature","id":63,"geometry":{"type":"Polygon","coordinates":[[[1.13400000000007,51.4523330000001],[1.14240000000007,51.4456000000001],[1.06820000000005,51.4382000000001],[1.03270000000003,51.4664000000001],[1.05383300000005,51.4685000000001],[1.08083300000004,51.4470000000001],[1.13400000000007,51.4523330000001]]]},"properties":{"OBJECTID":63,"Name_Prop":"Kentish Flats Extension","Name_Ten":"Vattenfall Wind Power Limited","Wind_Round":"Extension","Lease_Stat":"Lease - Marine","Inf_Status":"Active/In Operation","km2":8.28101426505993,"ODP_Hyperlink":"https://opendata-thecrownestate.opendata.arcgis.com/datasets/22a1be6fb0c5416e9369f97743f387b1","Shape__Area":0.001070978255491184,"Shape__Length":0.23985634696480351}},{"type":"Feature","id":64,"geometry":{"type":"Polygon","coordinates":[[[1.58153000000004,51.5774210000001],[1.52891500000004,51.57102],[1.42847400000005,51.5786670000001],[1.41345800000005,51.5949230000001],[1.40602100000007,51.638651],[1.44747900000004,51.662201],[1.50193000000007,51.7024000000001],[1.54896900000006,51.6738030000001],[1.57368900000006,51.6245730000001],[1.58153000000004,51.5774210000001]]]},"properties":{"OBJECTID":64,"Name_Prop":"London Array","Name_Ten":"London Array Limited","Wind_Round":"2","Lease_Stat":"Lease - Marine","Inf_Status":"Active/In Operation","km2":122.47875510166671,"ODP_Hyperlink":"https://opendata-thecrownestate.opendata.arcgis.com/datasets/22a1be6fb0c5416e9369f97743f387b1","Shape__Area":0.015896430699015696,"Shape__Length":0.49351945876246922}},{"type":"Feature","id":65,"geometry":{"type":"Polygon","coordinates":[[[1.68789700000002,51.4243470000001],[1.68779000000006,51.40085],[1.62770200000006,51.4026930000001],[1.56956800000006,51.4429470000001],[1.60120300000005,51.4607980000001],[1.63534700000002,51.4607820000001],[1.68789700000002,51.4243470000001]]]},"properties":{"OBJECTID":65,"Name_Prop":"Thanet","Name_Ten":"Thanet Offshore Wind Limited","Wind_Round":"2","Lease_Stat":"Lease - Marine","Inf_Status":"Active/In Operation","km2":34.963766009329966,"ODP_Hyperlink":"https://opendata-thecrownestate.opendata.arcgis.com/datasets/22a1be6fb0c5416e9369f97743f387b1","Shape__Area":0.0045189529610141221,"Shape__Length":0.28873716376133279}},{"type":"Feature","id":66,"geometry":{"type":"MultiPolygon","coordinates":[[[[2.00000000000006,51.7540000000001],[1.94215200000002,51.734249],[1.94214000000005,51.7342530000001],[1.94184300000006,51.7343660000001],[1.94042900000005,51.734902],[1.93604500000004,51.7366680000001],[1.91640100000006,51.7660010000001],[1.92950800000006,51.7883420000001],[1.93400000000003,51.796],[2.00000000000006,51.811001],[2.00000000000006,51.7540000000001]]],[[[2.00000000000006,51.9785000000001],[2.00000000000006,51.887501],[1.86949900000008,51.851299],[1.84460100000007,51.8717990000001],[1.87280100000004,51.9557990000001],[1.88750100000004,51.9612010000001],[1.89349900000002,51.959101],[1.89679900000004,51.964701],[1.93400000000003,51.9785000000001],[1.96376200000003,51.9785000000001],[2.00000000000006,51.9785000000001]]]]},"properties":{"OBJECTID":66,"Name_Prop":"Greater Gabbard","Name_Ten":"Greater Gabbard Offshore Wind Limited","Wind_Round":"2","Lease_Stat":"Lease - Marine","Inf_Status":"Active/In Operation","km2":146.23101750936,"ODP_Hyperlink":"https://opendata-thecrownestate.opendata.arcgis.com/datasets/22a1be6fb0c5416e9369f97743f387b1","Shape__Area":0.01908860273550772,"Shape__Length":0.743944452724939}},{"type":"Feature","id":67,"geometry":{"type":"MultiPolygon","coordinates":[[[[2.04652938800007,51.748709519],[1.96815866600002,51.723911238],[1.94215200000002,51.734249],[1.96226448000004,51.741121159],[2.00000000000006,51.753999999],[1.99999999900007,51.811000999],[2.01076483300005,51.81366703],[2.03511100000003,51.819691],[2.05718523700006,51.8251473030001],[2.05703300100004,51.823879999],[2.05346700000007,51.785249999],[2.04652938800007,51.748709519]]],[[[2.10319602200002,51.9881251520001],[2.10463299900005,51.954349999],[2.09156700000005,51.9182999990001],[2.08931732200006,51.9133249390001],[2.02616037600006,51.8950747060001],[2.01227548700007,51.8910559220001],[2.00000000000006,51.887501],[2.00000000000006,51.9785000000001],[1.96376200100002,51.9785000000001],[1.96295900000007,51.9793970000001],[1.96293699900002,51.9794400000001],[1.96290700000003,51.979522],[1.96281999900003,51.9798700000001],[1.96232100000003,51.9821900000001],[1.96231599900005,51.9822120000001],[1.96230500100006,51.9822550000001],[1.96214800000007,51.982851],[1.96197800000004,51.9836040000001],[1.96177399900006,51.9845970000001],[1.96153000000004,51.98598],[1.96151500000002,51.9860540000001],[1.96147000100007,51.98621],[1.96136800000005,51.986501],[1.96131500000007,51.986633],[1.96126499900004,51.9867330000001],[1.96114899900005,51.98695],[1.96112700000003,51.98699],[1.96104100000002,51.987127],[1.96094000100004,51.98726],[1.96091200000006,51.9872940000001],[1.96087099900006,51.9873420000001],[1.96078400000005,51.9874370000001],[1.96065599900004,51.987561],[1.96051600000004,51.9876800000001],[1.96036300000003,51.9877920000001],[1.96019800000005,51.987899],[1.96016400000002,51.987919],[1.95991000300006,51.9880679990001],[1.97263562200004,51.992771019],[1.99191600000006,51.999892],[2.09314300000005,51.991681],[2.09832799900005,51.9891190000001],[2.10319602200002,51.9881251520001]]]]},"properties":{"OBJECTID":67,"Name_Prop":"Galloper","Name_Ten":"Galloper Wind Farm Limited","Wind_Round":"Extension","Lease_Stat":"Lease - Marine","Inf_Status":"Active/In Operation","km2":113.65362125849614,"ODP_Hyperlink":"https://opendata-thecrownestate.opendata.arcgis.com/datasets/22a1be6fb0c5416e9369f97743f387b1","Shape__Area":0.014838051013505549,"Shape__Length":0.819425495229853}},{"type":"Feature","id":68,"geometry":{"type":"Polygon","coordinates":[[[-0.271408547999954,50.637034074],[-0.274158477999947,50.6421604160001],[-0.345094707999976,50.622999656],[-0.365515904999938,50.6864872940001],[-0.229361424999979,50.706896413],[-0.19771781999998,50.7009415050001],[-0.183161499999926,50.6564135790001],[-0.239195519999953,50.6449594760001],[-0.271408547999954,50.637034074]]]},"properties":{"OBJECTID":68,"Name_Prop":"Rampion","Name_Ten":"Rampion Offshore Wind Limited","Wind_Round":"3","Lease_Stat":"Lease - Marine","Inf_Status":"Active/In Operation","km2":77.8670510620151,"ODP_Hyperlink":"https://opendata-thecrownestate.opendata.arcgis.com/datasets/22a1be6fb0c5416e9369f97743f387b1","Shape__Area":0.0098999329791658042,"Shape__Length":0.45307475837353717}},{"type":"Feature","id":69,"geometry":{"type":"MultiPolygon","coordinates":[[[[2.04809333300005,51.749365819],[2.04652938900006,51.748709519],[2.05346700000007,51.785249999],[2.05703300100004,51.823879999],[2.05709916500007,51.8244307910001],[2.11367180000002,51.8339694320001],[2.18578756900007,51.850577522],[2.17654854500006,51.7882373420001],[2.07233257800004,51.7641391180001],[2.06341123800007,51.7542055490001],[2.04809333300005,51.749365819]]],[[[2.28333449300004,51.968960171],[2.08931732200006,51.9133249390001],[2.09156700000005,51.9182999990001],[2.10463299900005,51.954349999],[2.10319602200002,51.9881251520001],[2.15850712000002,52.0003639120001],[2.33288586100002,52.0011045520001],[2.33306912800003,51.9830481450001],[2.28333449300004,51.968960171]]]]},"properties":{"OBJECTID":69,"Name_Prop":"Five Estuaries ","Name_Ten":"Five Estuaries Offshore Wind Farm Limited","Wind_Round":"Extension","Lease_Stat":"Agreement / Option for Lease","Inf_Status":"Pre-planning Application","km2":148.65141849759084,"ODP_Hyperlink":"https://opendata-thecrownestate.opendata.arcgis.com/datasets/22a1be6fb0c5416e9369f97743f387b1","Shape__Area":0.019415028992689543,"Shape__Length":0.98924080078952148}},{"type":"Feature","id":70,"geometry":{"type":"MultiPolygon","coordinates":[[[[1.89501137700006,52.008123062],[1.89502526000007,52.008116161],[1.89502529100002,52.0081162380001],[1.89503247200003,52.0081126680001],[1.89510537100006,52.008076428],[1.89517378900007,52.008042415],[1.89580496800005,52.007728635],[1.89872070000007,52.0062791300001],[1.89879231400005,52.006244429],[1.89976149100005,52.005786766],[1.90050285100006,52.005436683],[1.90262346300005,52.0043980620001],[1.90266434400007,52.0043783300001],[1.90500992400007,52.0032627050001],[1.90787760200004,52.001846905],[1.90794004100007,52.0018167600001],[1.91040691700005,52.0006521920001],[1.91829058700006,51.9967801190001],[1.92037462400003,51.995732257],[1.92046110400003,51.995690102],[1.92247552300006,51.9947383320001],[1.92411035400005,51.993906388],[1.92582027400005,51.9929537130001],[1.92661854200003,51.9924606930001],[1.92672464000003,51.992397763],[1.92700045700002,51.992255571],[1.92783733200002,51.9918657750001],[1.92798216400007,51.991801691],[1.92844735800003,51.991606317],[1.92867137500002,51.991519415],[1.93086138800004,51.990736919],[1.93331895100005,51.9898224140001],[1.93336791700006,51.9898045130001],[1.93870621800005,51.987887379],[1.93952942300007,51.987575668],[1.94112504400005,51.986971478],[1.94121100500007,51.986939922],[1.94265991100002,51.9864245420001],[1.94516728500003,51.985479126],[1.94532126200005,51.9854242100001],[1.94609078900004,51.985165033],[1.94667674900006,51.9849452340001],[1.94682362700007,51.984892991],[1.94813764900005,51.9844504530001],[1.94896734800005,51.984143138],[1.94909595300004,51.9840835300001],[1.94938870900006,51.983881496],[1.94973478000003,51.983589163],[1.94983783600003,51.9834859050001],[1.94985995800005,51.9834541330001],[1.94992081800007,51.983339146],[1.95112737200003,51.9803970130001],[1.95115284100007,51.980338257],[1.95173152400002,51.979072176],[1.95189053300004,51.9786731880001],[1.95191211800005,51.978619027],[1.95195809300003,51.9785036660001],[1.95195939300004,51.9785000000001],[1.95195499100004,51.9785000000001],[1.95193962000008,51.9785000000001],[1.95170800300002,51.9785000000001],[1.95100401600007,51.9785000000001],[1.94916669100007,51.9785000000001],[1.94270407500005,51.9785000000001],[1.93558710800005,51.9785000000001],[1.93465197900002,51.9785000000001],[1.93405558700005,51.9785000000001],[1.93400000000003,51.9785000000001],[1.89679900000004,51.964701],[1.89349900000002,51.959101],[1.88750100000004,51.9612010000001],[1.87436875100002,51.9563751220001],[1.87280100000004,51.9557990000001],[1.86573015800008,51.9347369170001],[1.86567699000005,51.9345785450001],[1.86566759500005,51.9345802070001],[1.86555414200006,51.934600276],[1.86549817200006,51.934610176],[1.86540660100007,51.9346263750001],[1.86510992800004,51.9346652400001],[1.86448536000006,51.934747062],[1.84784184000006,51.9365301380001],[1.84097376000005,51.936952804],[1.84360067500006,51.946978345],[1.84374993100005,51.9475478430001],[1.84577000900003,51.9552521680001],[1.84895468700006,51.96739813],[1.85020450400003,51.972162203],[1.85099096900007,51.9751595500001],[1.87594727000004,51.96512962],[1.87641187300005,51.966532144],[1.88014262400003,51.977614267],[1.88280752600002,51.985530306],[1.88341005200004,51.987319273],[1.89052067300003,52.00842062],[1.89054749900004,52.0085002260001],[1.89374442900004,52.0082301100001],[1.89377723500007,52.008227338],[1.89452642800006,52.008164036],[1.89493170700007,52.0081297930001],[1.89493181000006,52.0081297850001],[1.89500823900005,52.0081233270001],[1.89501137700006,52.008123062]]],[[[1.94215200000002,51.734249],[1.96815866600002,51.723911238],[1.99926634500002,51.7337544160001],[2.01495321900006,51.7387181],[2.04652938800007,51.748709519],[2.04442686800007,51.7372832030001],[2.04433155500004,51.736765082],[2.04406199700003,51.736751955],[2.04379341600003,51.7367325870001],[2.04352618900003,51.736707003],[2.04326068700004,51.736675242],[2.04047676600004,51.7363085580001],[2.04021893500004,51.7362715240001],[2.03996345800005,51.7362286630001],[2.03971067500004,51.736180033],[2.03946092600006,51.736125697],[2.03921454100004,51.7360657290001],[2.03897185300002,51.73600021],[2.03873318400002,51.7359292250001],[2.03849885600005,51.7358528720001],[2.03826917900005,51.7357712510001],[2.02711711100005,51.7316373370001],[2.02612060000007,51.731215046],[2.01974964900006,51.7284034370001],[2.00901140200006,51.724361684],[2.00451267200003,51.721262317],[1.99562258900005,51.7151358140001],[1.96974655200006,51.7042440290001],[1.96995846600004,51.7016179020001],[1.97010595400008,51.699789959],[1.97034663200003,51.696806687],[1.96985787600005,51.6963588020001],[1.95383015600004,51.681665464],[1.95152544200005,51.679551668],[1.95133809400005,51.6793948330001],[1.93793108600005,51.668167741],[1.92596580000003,51.658134406],[1.92458916000004,51.6569879740001],[1.91629691900005,51.6492259440001],[1.91287404000002,51.646020993],[1.91133064900004,51.644352827],[1.86492072100003,51.62656057],[1.86175224000004,51.6317823420001],[1.85640696100006,51.6408660210001],[1.85135744300004,51.6536100800001],[1.85001659900007,51.6569941240001],[1.85001287100005,51.6570035340001],[1.84968661700003,51.6578269390001],[1.84968286000003,51.6578364210001],[1.84972808000003,51.6578534590001],[1.84972813500002,51.65785348],[1.84978338100007,51.657874296],[1.84978344200005,51.657874319],[1.84996877200007,51.6579441480001],[1.84996904900004,51.657944252],[1.85013795900005,51.658007894],[1.85013821500007,51.65800799],[1.85050097900006,51.658144673],[1.85050149200003,51.658144866],[1.85090072400004,51.6582952890001],[1.86682510000003,51.6642952970001],[1.86733451500004,51.6647072960001],[1.86814581400006,51.665369196],[1.86895271300006,51.6660331960001],[1.86975521500005,51.6666991960001],[1.87055331400006,51.667367396],[1.87134681400005,51.668037596],[1.87213601400003,51.668709796],[1.87292061400007,51.669384096],[1.87370071500004,51.6700603960001],[1.87447631400005,51.6707386960001],[1.87524741400006,51.6714189960001],[1.87601391400005,51.6721012960001],[1.87677591500005,51.672785596],[1.87753331400006,51.6734717960001],[1.87772648500004,51.6736480280001],[1.84797451400004,51.662441071],[1.84785024300004,51.66239426],[1.84782162700003,51.6623834820001],[1.84780863500004,51.6623785880001],[1.84780753900003,51.6623781750001],[1.84777432800007,51.662365665],[1.84777430400004,51.6623656560001],[1.84777417500004,51.662366304],[1.84776811500006,51.662396648],[1.84776811000006,51.662396673],[1.84756869600005,51.663395257],[1.84756858000003,51.663395838],[1.83938143600005,51.7043937460001],[1.83838355500006,51.709385291],[1.83626224800003,51.7199859400001],[1.83091076200003,51.7467285230001],[1.83034069900003,51.749574603],[1.82618560000003,51.77030783],[1.83437044800007,51.772983271],[1.83502059500006,51.7731750660001],[1.87549560000002,51.7851050790001],[1.88197409900005,51.786994146],[1.89115562900002,51.789670513],[1.89281915800007,51.790155311],[1.90326386700002,51.7931984210001],[1.90951275400005,51.795018423],[1.91411023100005,51.7963571440001],[1.92532777400004,51.799622449],[1.93236041700004,51.8016687900001],[1.93265212900008,51.801753659],[1.93806164900008,51.8033272770001],[1.93853814200003,51.8034658710001],[1.96746748800007,51.811875124],[2.00136738800006,51.821716226],[2.00014755700005,51.81215753],[2.00003728100006,51.8112932290001],[2.00003722600007,51.8112928410001],[2.00000000000006,51.811001],[1.93402033700005,51.7960046220001],[1.93400001100002,51.7959999980001],[1.93397921500002,51.7959645660001],[1.92950800000006,51.7883420000001],[1.91640100000006,51.7660010000001],[1.93604500000004,51.7366680000001],[1.94042900000005,51.734902],[1.94184300000006,51.7343660000001],[1.94214000000005,51.7342530000001],[1.94215200000002,51.734249]]]]},"properties":{"OBJECTID":70,"Name_Prop":"North Falls","Name_Ten":"North Falls Offshore Wind Farm Limited","Wind_Round":"Extension","Lease_Stat":"Agreement / Option for Lease","Inf_Status":"Pre-planning Application","km2":150.05961318930298,"ODP_Hyperlink":"https://opendata-thecrownestate.opendata.arcgis.com/datasets/22a1be6fb0c5416e9369f97743f387b1","Shape__Area":0.019531608874920892,"Shape__Length":1.2034339880373568}},{"type":"Feature","id":71,"geometry":{"type":"Polygon","coordinates":[[[-0.658160902999953,50.592644308],[-0.658259764999968,50.59268846],[-0.65828961099993,50.592700865],[-0.65870050999996,50.5928696990001],[-0.667301039999927,50.5964620920001],[-0.667501327999958,50.6298238480001],[-0.621340437999947,50.6476014570001],[-0.365516666999952,50.6864861110001],[-0.346763238999927,50.628153673],[-0.614270071999954,50.5844361050001],[-0.638635523999938,50.5844886680001],[-0.658160902999953,50.592644308]]]},"properties":{"OBJECTID":71,"Name_Prop":"Rampion 2 (Rampion Extension)","Name_Ten":"Rampion Extension Development Limited","Wind_Round":"Extension","Lease_Stat":"Agreement / Option for Lease","Inf_Status":"In Planning","km2":149.35104697450265,"ODP_Hyperlink":"https://opendata-thecrownestate.opendata.arcgis.com/datasets/22a1be6fb0c5416e9369f97743f387b1","Shape__Area":0.018978398734855517,"Shape__Length":0.729349958785833}},{"type":"Feature","id":72,"geometry":{"type":"Polygon","coordinates":[[[-0.345094707999976,50.622999656],[-0.274158477999947,50.6421604160001],[-0.271408547999954,50.637034074],[-0.23936247599994,50.6449184000001],[-0.183161499999926,50.6564135790001],[-0.197710874999927,50.700920259],[-0.075667694999936,50.677877745],[-0.0739527779999776,50.6775527780001],[-0.0719828209999491,50.676807184],[-0.0260216039999364,50.6593851200001],[-0.0839069949999498,50.588844984],[-0.100291999999968,50.5839130000001],[-0.329201855999941,50.59523526],[-0.336292997999976,50.595586],[-0.346069733999968,50.603370118],[-0.348143967999931,50.6050215970001],[-0.350788282999929,50.607126297],[-0.351587368999958,50.607762269],[-0.353607404999934,50.6093698650001],[-0.35444277199997,50.610007087],[-0.356736993999959,50.6117570150001],[-0.359561245999942,50.6139109860001],[-0.363389899999959,50.61683057],[-0.364131924999924,50.6173963530001],[-0.372718892999956,50.6239424890001],[-0.346763239999973,50.628153673],[-0.34676309699995,50.6281536990001],[-0.346000770999979,50.6257834940001],[-0.345997659999966,50.6257738260001],[-0.345995649999963,50.6257675730001],[-0.345094707999976,50.622999656]]]},"properties":{"OBJECTID":72,"Name_Prop":"Rampion 2 (Zone 6)","Name_Ten":"Rampion Extension Development Limited","Wind_Round":"3","Lease_Stat":"Agreement / Option for Lease","Inf_Status":"In Planning","km2":168.099478662663,"ODP_Hyperlink":"https://opendata-thecrownestate.opendata.arcgis.com/datasets/22a1be6fb0c5416e9369f97743f387b1","Shape__Area":0.021365584442875729,"Shape__Length":0.816218313501177}}]}