{"feature_count":500,"features":[{"geometry":{"coordinates":[-3.3102901,57.6698418],"type":"Point"},"id":"GG2050-REPD-14191","properties":{"capacity_mw":30.0,"gg_project_id":"GG2050-REPD-14191","name":"Bishopmill - Battery Energy Storage","operator":"Green Power Consultants","repd_ref":"14191","repd_technology":"Battery","status":"Awaiting Construction","technology":"bess"},"type":"Feature"},{"geometry":{"coordinates":[-3.845563,57.5707964],"type":"Point"},"id":"GG2050-REPD-8105","properties":{"capacity_mw":30.0,"gg_project_id":"GG2050-REPD-8105","name":"Blackpark Energy Storage","operator":"Shires Hamilton","repd_ref":"8105","repd_technology":"Battery","status":"Awaiting Construction","technology":"bess"},"type":"Feature"},{"geometry":{"coordinates":[-3.8144379,57.5662971],"type":"Point"},"id":"GG2050-REPD-12383","properties":{"capacity_mw":30.0,"gg_project_id":"GG2050-REPD-12383","name":"Blackpark House - Battery Storage","operator":"Anesco","repd_ref":"12383","repd_technology":"Battery","status":"Awaiting Construction","technology":"bess"},"type":"Feature"},{"geometry":{"coordinates":[-4.0153054,55.8692211],"type":"Point"},"id":"GG2050-REPD-9368","properties":{"capacity_mw":30.0,"gg_project_id":"GG2050-REPD-9368","name":"Burnbank Street, Greenhill - Battery Storage Facility","operator":"Renewable Connections Developments Limited","repd_ref":"9368","repd_technology":"Battery","status":"Awaiting Construction","technology":"bess"},"type":"Feature"},{"geometry":{"coordinates":[-2.7371553,53.4434883],"type":"Point"},"id":"GG2050-REPD-7098","properties":{"capacity_mw":30.0,"gg_project_id":"GG2050-REPD-7098","name":"Burtonhead Road","operator":"Tiger Energy","repd_ref":"7098","repd_technology":"Battery","status":"Abandoned","technology":"bess"},"type":"Feature"},{"geometry":{"coordinates":[-1.267613,53.5669705],"type":"Point"},"id":"GG2050-REPD-19249","properties":{"capacity_mw":30.0,"gg_project_id":"GG2050-REPD-19249","name":"Butt Lane, Hooton Pagnell Battery Energy Storage","operator":"British Solar Renewables","repd_ref":"19249","repd_technology":"Battery","status":"Application Submitted","technology":"bess"},"type":"Feature"},{"geometry":{"coordinates":[-1.5412991,51.7739796],"type":"Point"},"id":"GG2050-REPD-16351","properties":{"capacity_mw":30.0,"gg_project_id":"GG2050-REPD-16351","name":"Caswell Lane, Brize Norton - Solar Farm & Battery Storage","operator":"Ampyr Solar Europe","repd_ref":"16351","repd_technology":"Battery","status":"Application Submitted","technology":"bess"},"type":"Feature"},{"geometry":{"coordinates":[-1.7486293,51.6007515],"type":"Point"},"id":"GG2050-REPD-7988","properties":{"capacity_mw":30.0,"gg_project_id":"GG2050-REPD-7988","name":"Catsbrain Farm","operator":"Green Hedge","repd_ref":"7988","repd_technology":"Battery","status":"Revised","technology":"bess"},"type":"Feature"},{"geometry":{"coordinates":[-1.7487587,51.6008417],"type":"Point"},"id":"GG2050-REPD-11787","properties":{"capacity_mw":30.0,"gg_project_id":"GG2050-REPD-11787","name":"Catsbrain Farm - Battery Storage","operator":"Conrad Energy (Developments) II Limited","repd_ref":"11787","repd_technology":"Battery","status":"Awaiting Construction","technology":"bess"},"type":"Feature"},{"geometry":{"coordinates":[-2.6883883,53.614445],"type":"Point"},"id":"GG2050-REPD-20393","properties":{"capacity_mw":30.0,"gg_project_id":"GG2050-REPD-20393","name":"Charnock Richard - Battery Storage","operator":"Pulse Clean Energy","repd_ref":"20393","repd_technology":"Battery","status":"Operational","technology":"bess"},"type":"Feature"},{"geometry":{"coordinates":[-3.8243699,51.627141],"type":"Point"},"id":"GG2050-REPD-18342","properties":{"capacity_mw":30.0,"gg_project_id":"GG2050-REPD-18342","name":"Chosen Park, Baglan Energy Park - Unit 3 - Battery Storage System","operator":"Aldustria Energy Storage","repd_ref":"18342","repd_technology":"Battery","status":"Awaiting Construction","technology":"bess"},"type":"Feature"},{"geometry":{"coordinates":[-5.6258675,55.6188836],"type":"Point"},"id":"GG2050-REPD-10996","properties":{"capacity_mw":30.0,"gg_project_id":"GG2050-REPD-10996","name":"Clachaig Glen","operator":"RWE UK","repd_ref":"10996","repd_technology":"Battery","status":"Awaiting Construction","technology":"bess"},"type":"Feature"},{"geometry":{"coordinates":[0.1158096,50.8934973],"type":"Point"},"id":"GG2050-REPD-11682","properties":{"capacity_mw":30.0,"gg_project_id":"GG2050-REPD-11682","name":"Colbrans Farm Estate, Laughton - Battery Storage","operator":"Innova","repd_ref":"11682","repd_technology":"Battery","status":"Awaiting Construction","technology":"bess"},"type":"Feature"},{"geometry":{"coordinates":[1.0897558,52.6473068],"type":"Point"},"id":"GG2050-REPD-10945","properties":{"capacity_mw":30.0,"gg_project_id":"GG2050-REPD-10945","name":"Colton - Solar photovoltaic farm, Battery storage","operator":"Pathfinder Clean Energy UK Dev Limited","repd_ref":"10945","repd_technology":"Battery","status":"Under Construction","technology":"bess"},"type":"Feature"},{"geometry":{"coordinates":[-3.3238069,56.3440389],"type":"Point"},"id":"GG2050-REPD-12903","properties":{"capacity_mw":30.0,"gg_project_id":"GG2050-REPD-12903","name":"Cordon Farm, Abernethy - Battery Storage","operator":"Elgin Energy EsCo Limited","repd_ref":"12903","repd_technology":"Battery","status":"Application Submitted","technology":"bess"},"type":"Feature"},{"geometry":{"coordinates":[-2.804023,55.794816],"type":"Point"},"id":"GG2050-REPD-14996","properties":{"capacity_mw":30.0,"gg_project_id":"GG2050-REPD-14996","name":"Ditcher Law Wind Farm","operator":"E Power Ltd","repd_ref":"14996","repd_technology":"Battery","status":"Awaiting Construction","technology":"bess"},"type":"Feature"},{"geometry":{"coordinates":[-3.5159625,55.8883284],"type":"Point"},"id":"GG2050-REPD-8155","properties":{"capacity_mw":30.0,"gg_project_id":"GG2050-REPD-8155","name":"Drumcross Battery Storage","operator":"Muirhall Energy","repd_ref":"8155","repd_technology":"Battery","status":"Awaiting Construction","technology":"bess"},"type":"Feature"},{"geometry":{"coordinates":[-2.1084862,53.5996766],"type":"Point"},"id":"GG2050-REPD-17293","properties":{"capacity_mw":30.0,"gg_project_id":"GG2050-REPD-17293","name":"Ellenroad Farm, Bentgate Street - Battery Energy Storage System","operator":"Root Power (North) Limited","repd_ref":"17293","repd_technology":"Battery","status":"Awaiting Construction","technology":"bess"},"type":"Feature"},{"geometry":{"coordinates":[-2.1907808,57.2020405],"type":"Point"},"id":"GG2050-REPD-8385","properties":{"capacity_mw":30.0,"gg_project_id":"GG2050-REPD-8385","name":"Farburn Place - Battery Energy Storage Facility","operator":"Peak Reserve Power Limited / Centrica / Cragside","repd_ref":"8385","repd_technology":"Battery","status":"Under Construction","technology":"bess"},"type":"Feature"},{"geometry":{"coordinates":[-3.1547906,51.020082],"type":"Point"},"id":"GG2050-REPD-7152","properties":{"capacity_mw":30.0,"gg_project_id":"GG2050-REPD-7152","name":"Fideoak Mills","operator":"Kiwi Power (formerly Taunton Battery Storage)","repd_ref":"7152","repd_technology":"Battery","status":"Operational","technology":"bess"},"type":"Feature"},{"geometry":{"coordinates":[-1.458327,54.8860833],"type":"Point"},"id":"GG2050-REPD-14968","properties":{"capacity_mw":30.0,"gg_project_id":"GG2050-REPD-14968","name":"Fox Cover Road - Battery Energy Storage","operator":"Newton Energi Limited","repd_ref":"14968","repd_technology":"Battery","status":"Awaiting Construction","technology":"bess"},"type":"Feature"},{"geometry":{"coordinates":[-2.3032867,51.2304336],"type":"Point"},"id":"GG2050-REPD-14227","properties":{"capacity_mw":30.0,"gg_project_id":"GG2050-REPD-14227","name":"Frome Power, Styles Close - Energy Storage Facility","operator":"Trina Solar UK Hold Co Limited","repd_ref":"14227","repd_technology":"Battery","status":"Application Submitted","technology":"bess"},"type":"Feature"},{"geometry":{"coordinates":[-2.4989424,51.6899528],"type":"Point"},"id":"GG2050-REPD-7067","properties":{"capacity_mw":30.0,"gg_project_id":"GG2050-REPD-7067","name":"Gloucestershire Science and Technology Park","operator":"Ecotricity","repd_ref":"7067","repd_technology":"Battery","status":"Revised","technology":"bess"},"type":"Feature"},{"geometry":{"coordinates":[-0.4785713,51.9965026],"type":"Point"},"id":"GG2050-REPD-17411","properties":{"capacity_mw":30.0,"gg_project_id":"GG2050-REPD-17411","name":"Greenfield Road, Westoning - Battery Energy Storage System","operator":"Cragside Energy Limited","repd_ref":"17411","repd_technology":"Battery","status":"Awaiting Construction","technology":"bess"},"type":"Feature"},{"geometry":{"coordinates":[-0.1690622,53.473304],"type":"Point"},"id":"GG2050-REPD-19506","properties":{"capacity_mw":30.0,"gg_project_id":"GG2050-REPD-19506","name":"Gunnerby Road - 30MW Battery Energy Storage","operator":"Grenergy Renewables UK Limited","repd_ref":"19506","repd_technology":"Battery","status":"Application Submitted","technology":"bess"},"type":"Feature"},{"geometry":{"coordinates":[-4.2293307,57.4842118],"type":"Point"},"id":"GG2050-REPD-16177","properties":{"capacity_mw":30.0,"gg_project_id":"GG2050-REPD-16177","name":"Highland Wind Farm - Battery Storage","operator":"Highland Wind Farm Limited","repd_ref":"16177","repd_technology":"Battery","status":"Application Submitted","technology":"bess"},"type":"Feature"},{"geometry":{"coordinates":[-0.4615669,53.7233187],"type":"Point"},"id":"GG2050-REPD-19009","properties":{"capacity_mw":30.0,"gg_project_id":"GG2050-REPD-19009","name":"Humberfield Recycling Centre - Battery Energy Storage Facility","operator":"FCC Environment","repd_ref":"19009","repd_technology":"Battery","status":"Awaiting Construction","technology":"bess"},"type":"Feature"},{"geometry":{"coordinates":[-0.2048804,53.6066604],"type":"Point"},"id":"GG2050-REPD-16092","properties":{"capacity_mw":30.0,"gg_project_id":"GG2050-REPD-16092","name":"Immingham Solar Farm - Battery Storage Facility","operator":"One Planet Developments Limited","repd_ref":"16092","repd_technology":"Battery","status":"Awaiting Construction","technology":"bess"},"type":"Feature"},{"geometry":{"coordinates":[-3.2909614,56.3425435],"type":"Point"},"id":"GG2050-REPD-10456","properties":{"capacity_mw":30.0,"gg_project_id":"GG2050-REPD-10456","name":"Jamesfield Organic Centre, Phase 1","operator":"Harmony Energy Storage","repd_ref":"10456","repd_technology":"Battery","status":"Revised","technology":"bess"},"type":"Feature"},{"geometry":{"coordinates":[-3.3754885,57.5594978],"type":"Point"},"id":"GG2050-REPD-16138","properties":{"capacity_mw":30.0,"gg_project_id":"GG2050-REPD-16138","name":"Kellas Wind Farm","operator":"E Power Limited","repd_ref":"16138","repd_technology":"Battery","status":"Awaiting Construction","technology":"bess"},"type":"Feature"},{"geometry":{"coordinates":[-4.169748,55.7363497],"type":"Point"},"id":"GG2050-REPD-19806","properties":{"capacity_mw":30.0,"gg_project_id":"GG2050-REPD-19806","name":"Langlands Gate, East Kilbride - Battery Energy Storage","operator":"Advanced Grid Solutions Limited","repd_ref":"19806","repd_technology":"Battery","status":"Application Refused","technology":"bess"},"type":"Feature"},{"geometry":{"coordinates":[-3.3416225,51.6023869],"type":"Point"},"id":"GG2050-REPD-18569","properties":{"capacity_mw":30.0,"gg_project_id":"GG2050-REPD-18569","name":"Llanwonno - Wind Farm","operator":"Cenin Renewables Limited","repd_ref":"18569","repd_technology":"Battery","status":"Application Submitted","technology":"bess"},"type":"Feature"},{"geometry":{"coordinates":[-1.962978,52.8397147],"type":"Point"},"id":"GG2050-REPD-13550","properties":{"capacity_mw":30.0,"gg_project_id":"GG2050-REPD-13550","name":"Lower Farm, Drointon Lane - Solar farm & Battery Energy Storage","operator":"Innova Renewables","repd_ref":"13550","repd_technology":"Battery","status":"Awaiting Construction","technology":"bess"},"type":"Feature"},{"geometry":{"coordinates":[-1.9847729,53.3510958],"type":"Point"},"id":"GG2050-REPD-13982","properties":{"capacity_mw":30.0,"gg_project_id":"GG2050-REPD-13982","name":"Marsh Lane, Gowhole - Energy Storage System","operator":"Novus Renewable Services Limited","repd_ref":"13982","repd_technology":"Battery","status":"Awaiting Construction","technology":"bess"},"type":"Feature"},{"geometry":{"coordinates":[-1.4891992,52.4601434],"type":"Point"},"id":"GG2050-REPD-19161","properties":{"capacity_mw":30.0,"gg_project_id":"GG2050-REPD-19161","name":"Mcdonnell Drive, Exhall - Battery Energy Storage System","operator":"Greenfield Energy Developments Limited","repd_ref":"19161","repd_technology":"Battery","status":"Awaiting Construction","technology":"bess"},"type":"Feature"},{"geometry":{"coordinates":[-2.1462845,53.4967647],"type":"Point"},"id":"GG2050-REPD-17657","properties":{"capacity_mw":30.0,"gg_project_id":"GG2050-REPD-17657","name":"Medlock Road, Failsworth - Battery Energy Storage","operator":"Root Power (North) Limited","repd_ref":"17657","repd_technology":"Battery","status":"Awaiting Construction","technology":"bess"},"type":"Feature"},{"geometry":{"coordinates":[-4.7686496,55.6675846],"type":"Point"},"id":"GG2050-REPD-14525","properties":{"capacity_mw":30.0,"gg_project_id":"GG2050-REPD-14525","name":"Meiklelaught Farm - Battery Storage","operator":"Green Power Consultants","repd_ref":"14525","repd_technology":"Battery","status":"Awaiting Construction","technology":"bess"},"type":"Feature"},{"geometry":{"coordinates":[-0.7012064,53.6198267],"type":"Point"},"id":"GG2050-REPD-12706","properties":{"capacity_mw":30.0,"gg_project_id":"GG2050-REPD-12706","name":"North Lincolnshire Green Energy Park","operator":"Solar 21 Renewable Energy Limited","repd_ref":"12706","repd_technology":"Battery","status":"Awaiting Construction","technology":"bess"},"type":"Feature"},{"geometry":{"coordinates":[-3.9123247,50.7967675],"type":"Point"},"id":"GG2050-REPD-9275","properties":{"capacity_mw":30.0,"gg_project_id":"GG2050-REPD-9275","name":"North Tawton Primary Substation - Battery Storage","operator":"Balance Power Projects Limited","repd_ref":"9275","repd_technology":"Battery","status":"Awaiting Construction","technology":"bess"},"type":"Feature"},{"geometry":{"coordinates":[-3.3029139,51.5722417],"type":"Point"},"id":"GG2050-REPD-9969","properties":{"capacity_mw":30.0,"gg_project_id":"GG2050-REPD-9969","name":"Pound Farm Lane - Battery Storage","operator":"Pulse Clean Energy","repd_ref":"9969","repd_technology":"Battery","status":"Revised","technology":"bess"},"type":"Feature"},{"geometry":{"coordinates":[-2.1023913,52.3087643],"type":"Point"},"id":"GG2050-REPD-11905","properties":{"capacity_mw":30.0,"gg_project_id":"GG2050-REPD-11905","name":"Rectory Farm, Rectory Lane - Battery Storage","operator":"Tag Energy","repd_ref":"11905","repd_technology":"Battery","status":"Awaiting Construction","technology":"bess"},"type":"Feature"},{"geometry":{"coordinates":[-3.2033305,56.2075269],"type":"Point"},"id":"GG2050-REPD-7989","properties":{"capacity_mw":30.0,"gg_project_id":"GG2050-REPD-7989","name":"Roaring Hill (Resubmission)","operator":"Renewable Energy Systems (RES)","repd_ref":"7989","repd_technology":"Battery","status":"Revised","technology":"bess"},"type":"Feature"},{"geometry":{"coordinates":[-0.2411485,51.3098611],"type":"Point"},"id":"GG2050-REPD-15398","properties":{"capacity_mw":30.0,"gg_project_id":"GG2050-REPD-15398","name":"Rushett Lane - Battery Storage System","operator":"Enso Energy","repd_ref":"15398","repd_technology":"Battery","status":"Awaiting Construction","technology":"bess"},"type":"Feature"},{"geometry":{"coordinates":[-0.5038003,53.5504177],"type":"Point"},"id":"GG2050-REPD-12608","properties":{"capacity_mw":30.0,"gg_project_id":"GG2050-REPD-12608","name":"Scawby Road - Solar Array","operator":"Brockwell Storage & Solar Limited","repd_ref":"12608","repd_technology":"Battery","status":"Application Submitted","technology":"bess"},"type":"Feature"},{"geometry":{"coordinates":[-2.7948113,55.4374034],"type":"Point"},"id":"GG2050-REPD-18031","properties":{"capacity_mw":30.0,"gg_project_id":"GG2050-REPD-18031","name":"Stirches Renewable Energy Park - Solar Panels & Battery Energy Storage","operator":"IB Vogt UK Limited","repd_ref":"18031","repd_technology":"Battery","status":"Application Submitted","technology":"bess"},"type":"Feature"},{"geometry":{"coordinates":[-1.6050868,52.402358],"type":"Point"},"id":"GG2050-REPD-15128","properties":{"capacity_mw":30.0,"gg_project_id":"GG2050-REPD-15128","name":"Tanners Lane - Battery Energy Storage System","operator":"Tag Energy Development UK Limited","repd_ref":"15128","repd_technology":"Battery","status":"Revised","technology":"bess"},"type":"Feature"},{"geometry":{"coordinates":[-1.6050868,52.402358],"type":"Point"},"id":"GG2050-REPD-17526","properties":{"capacity_mw":30.0,"gg_project_id":"GG2050-REPD-17526","name":"Tanners Lane - Battery Energy Storage System","operator":"Tag Energy Development UK Limited","repd_ref":"17526","repd_technology":"Battery","status":"Awaiting Construction","technology":"bess"},"type":"Feature"},{"geometry":{"coordinates":[0.1673765,51.689401],"type":"Point"},"id":"GG2050-REPD-18682","properties":{"capacity_mw":30.0,"gg_project_id":"GG2050-REPD-18682","name":"Thrift Solar Farm and BESS","operator":"IB Vogt UK Limited","repd_ref":"18682","repd_technology":"Battery","status":"Awaiting Construction","technology":"bess"},"type":"Feature"},{"geometry":{"coordinates":[-1.5718385,52.3978732],"type":"Point"},"id":"GG2050-REPD-16279","properties":{"capacity_mw":30.0,"gg_project_id":"GG2050-REPD-16279","name":"Torrington Avenue Battery Storage Facility","operator":"Power Initiatives Limited","repd_ref":"16279","repd_technology":"Battery","status":"Awaiting Construction","technology":"bess"},"type":"Feature"},{"geometry":{"coordinates":[-2.0203324,52.9473298],"type":"Point"},"id":"GG2050-REPD-10978","properties":{"capacity_mw":30.0,"gg_project_id":"GG2050-REPD-10978","name":"Upper Newton Farm (Blythe House) - Solar Farm & Battery Storage","operator":"Innova Renewables","repd_ref":"10978","repd_technology":"Battery","status":"Awaiting Construction","technology":"bess"},"type":"Feature"},{"geometry":{"coordinates":[-2.5399172,53.2582962],"type":"Point"},"id":"GG2050-REPD-14888","properties":{"capacity_mw":30.0,"gg_project_id":"GG2050-REPD-14888","name":"Wallerscote Limebeds - Battery Energy Storage","operator":"Infinis Solar Developments Limited / Green Earth Developments","repd_ref":"14888","repd_technology":"Battery","status":"Awaiting Construction","technology":"bess"},"type":"Feature"},{"geometry":{"coordinates":[0.3144262,52.2744431],"type":"Point"},"id":"GG2050-REPD-9292","properties":{"capacity_mw":30.0,"gg_project_id":"GG2050-REPD-9292","name":"Weirs Drove, Burwell - Battery Storage Facility","operator":"Fen Power 1 Limited","repd_ref":"9292","repd_technology":"Battery","status":"Application Submitted","technology":"bess"},"type":"Feature"},{"geometry":{"coordinates":[-2.3036797,56.9242645],"type":"Point"},"id":"GG2050-REPD-10985","properties":{"capacity_mw":30.0,"gg_project_id":"GG2050-REPD-10985","name":"West Bendings - Battery Storage","operator":"Fiddes Battery Limited","repd_ref":"10985","repd_technology":"Battery","status":"Awaiting Construction","technology":"bess"},"type":"Feature"},{"geometry":{"coordinates":[0.0459753,52.5636226],"type":"Point"},"id":"GG2050-REPD-15272","properties":{"capacity_mw":30.0,"gg_project_id":"GG2050-REPD-15272","name":"West Fen Farm, Whitemoor Road - Battery Storage","operator":"Pathfinder Clean Energy UK Dev Limited","repd_ref":"15272","repd_technology":"Battery","status":"Application Submitted","technology":"bess"},"type":"Feature"},{"geometry":{"coordinates":[-2.9749799,53.7652035],"type":"Point"},"id":"GG2050-REPD-16767","properties":{"capacity_mw":30.0,"gg_project_id":"GG2050-REPD-16767","name":"West Moss Lane, Higher Ballam - Battery Energy Storage System","operator":"Lower 48 Energy BESS Limited","repd_ref":"16767","repd_technology":"Battery","status":"Awaiting Construction","technology":"bess"},"type":"Feature"},{"geometry":{"coordinates":[-1.544096,55.1575675],"type":"Point"},"id":"GG2050-REPD-10957","properties":{"capacity_mw":30.0,"gg_project_id":"GG2050-REPD-10957","name":"West Sleekburn - Battery Storage Compound","operator":"Enviromena Asset Management UK Limited","repd_ref":"10957","repd_technology":"Battery","status":"Awaiting Construction","technology":"bess"},"type":"Feature"},{"geometry":{"coordinates":[-3.5336837,54.5119322],"type":"Point"},"id":"GG2050-REPD-19121","properties":{"capacity_mw":30.0,"gg_project_id":"GG2050-REPD-19121","name":"Woodend And Moor Row, Egremont - Battery Energy Storage","operator":"JT Energy Storage (Windel Energy)","repd_ref":"19121","repd_technology":"Battery","status":"Awaiting Construction","technology":"bess"},"type":"Feature"},{"geometry":{"coordinates":[-1.9609272,52.8420333],"type":"Point"},"id":"GG2050-REPD-14168","properties":{"capacity_mw":30.0,"gg_project_id":"GG2050-REPD-14168","name":"Yew Tree Farm, Drointon Lane","operator":"Push Energy","repd_ref":"14168","repd_technology":"Battery","status":"Application Submitted","technology":"bess"},"type":"Feature"},{"geometry":{"coordinates":[-4.7070128,56.0216647],"type":"Point"},"id":"GG2050-REPD-7165","properties":{"capacity_mw":29.9,"gg_project_id":"GG2050-REPD-7165","name":"Drumfad Wood","operator":"Capbal","repd_ref":"7165","repd_technology":"Battery","status":"Planning Permission Expired","technology":"bess"},"type":"Feature"},{"geometry":{"coordinates":[-4.4312502,55.4451041],"type":"Point"},"id":"GG2050-REPD-15569","properties":{"capacity_mw":29.9,"gg_project_id":"GG2050-REPD-15569","name":"Electricity Substation, Bardarroch - Battery Energy Storage","operator":"Balance Power Projects Limited","repd_ref":"15569","repd_technology":"Battery","status":"Awaiting Construction","technology":"bess"},"type":"Feature"},{"geometry":{"coordinates":[-2.3661139,57.221396],"type":"Point"},"id":"GG2050-REPD-7764","properties":{"capacity_mw":29.9,"gg_project_id":"GG2050-REPD-7764","name":"Fordtown Energy Storage","operator":"Intelligent Land Investments (ILI)","repd_ref":"7764","repd_technology":"Battery","status":"Revised","technology":"bess"},"type":"Feature"},{"geometry":{"coordinates":[-4.5005244,55.9090661],"type":"Point"},"id":"GG2050-REPD-7134","properties":{"capacity_mw":29.9,"gg_project_id":"GG2050-REPD-7134","name":"Land SW of Shilton Cottage","operator":"Muirhall Energy","repd_ref":"7134","repd_technology":"Battery","status":"Operational","technology":"bess"},"type":"Feature"},{"geometry":{"coordinates":[-3.4583605,55.9256059],"type":"Point"},"id":"GG2050-REPD-7970","properties":{"capacity_mw":29.9,"gg_project_id":"GG2050-REPD-7970","name":"Learielaw Farm","operator":"Intelligent Land Investments","repd_ref":"7970","repd_technology":"Battery","status":"Revised","technology":"bess"},"type":"Feature"},{"geometry":{"coordinates":[0.4570932,51.3156269],"type":"Point"},"id":"GG2050-REPD-20398","properties":{"capacity_mw":29.0,"gg_project_id":"GG2050-REPD-20398","name":"Aylesford BESS","operator":"Zenobe","repd_ref":"20398","repd_technology":"Battery","status":"Operational","technology":"bess"},"type":"Feature"},{"geometry":{"coordinates":[-1.6886381,54.9635895],"type":"Point"},"id":"GG2050-REPD-7054","properties":{"capacity_mw":29.0,"gg_project_id":"GG2050-REPD-7054","name":"Land at Derwenthaugh Eco Park","operator":"Derwenthaugh","repd_ref":"7054","repd_technology":"Battery","status":"Planning Permission Expired","technology":"bess"},"type":"Feature"},{"geometry":{"coordinates":[-1.248203,50.7171043],"type":"Point"},"id":"GG2050-REPD-12415","properties":{"capacity_mw":28.5,"gg_project_id":"GG2050-REPD-12415","name":"Sunny Oaks Renewable Energy Park","operator":"Ridge Clean Energy Limited","repd_ref":"12415","repd_technology":"Battery","status":"Awaiting Construction","technology":"bess"},"type":"Feature"},{"geometry":{"coordinates":[-3.9477188,55.3727647],"type":"Point"},"id":"GG2050-REPD-12080","properties":{"capacity_mw":28.4,"gg_project_id":"GG2050-REPD-12080","name":"Sandy Knowe Wind Farm Extension","operator":"Executive Resource Group","repd_ref":"12080","repd_technology":"Battery","status":"Awaiting Construction","technology":"bess"},"type":"Feature"},{"geometry":{"coordinates":[-1.0619895,54.543001],"type":"Point"},"id":"GG2050-REPD-17983","properties":{"capacity_mw":28.0,"gg_project_id":"GG2050-REPD-17983","name":"A171, Guisborough Woods - Battery Energy Storage System","operator":"Harmony MS Limited","repd_ref":"17983","repd_technology":"Battery","status":"Awaiting Construction","technology":"bess"},"type":"Feature"},{"geometry":{"coordinates":[0.3912903,51.5664905],"type":"Point"},"id":"GG2050-REPD-8213","properties":{"capacity_mw":28.0,"gg_project_id":"GG2050-REPD-8213","name":"Lower Dunton Road Battery Storage Facility","operator":"Eku Energy","repd_ref":"8213","repd_technology":"Battery","status":"Operational","technology":"bess"},"type":"Feature"},{"geometry":{"coordinates":[-3.1531309,51.6724123],"type":"Point"},"id":"GG2050-REPD-19387","properties":{"capacity_mw":28.0,"gg_project_id":"GG2050-REPD-19387","name":"Upper Pant-Ysgawen Farm, Maes-Yr-Haf Lane - Battery Energy Storage System","operator":"Voltwise Power Holdings Limited","repd_ref":"19387","repd_technology":"Battery","status":"Application Submitted","technology":"bess"},"type":"Feature"},{"geometry":{"coordinates":[-3.1296281,57.4457744],"type":"Point"},"id":"GG2050-REPD-11609","properties":{"capacity_mw":27.4,"gg_project_id":"GG2050-REPD-11609","name":"Craig Watch - Wind Farm & Battery Storage","operator":"Craig Watch Wind Farm Limited","repd_ref":"11609","repd_technology":"Battery","status":"Application Submitted","technology":"bess"},"type":"Feature"},{"geometry":{"coordinates":[-1.2281012,54.1444602],"type":"Point"},"id":"GG2050-REPD-7332","properties":{"capacity_mw":27.0,"gg_project_id":"GG2050-REPD-7332","name":"Boscar Grange Farm","operator":"Gridserve","repd_ref":"7332","repd_technology":"Battery","status":"Operational","technology":"bess"},"type":"Feature"},{"geometry":{"coordinates":[-2.948648,53.3173549],"type":"Point"},"id":"GG2050-REPD-7146","properties":{"capacity_mw":27.0,"gg_project_id":"GG2050-REPD-7146","name":"Eastham Balacing Services Plant","operator":"Peel Land and Property","repd_ref":"7146","repd_technology":"Battery","status":"Application Withdrawn","technology":"bess"},"type":"Feature"},{"geometry":{"coordinates":[-2.0922708,53.5297162],"type":"Point"},"id":"GG2050-REPD-19458","properties":{"capacity_mw":27.0,"gg_project_id":"GG2050-REPD-19458","name":"Lowerfields Farm, Warren Lane - Battery Energy Storage System","operator":"Renewable Connections Developments Limited","repd_ref":"19458","repd_technology":"Battery","status":"Application Submitted","technology":"bess"},"type":"Feature"},{"geometry":{"coordinates":[-0.5873454,52.9265413],"type":"Point"},"id":"GG2050-REPD-7820","properties":{"capacity_mw":26.0,"gg_project_id":"GG2050-REPD-7820","name":"Manor Farm","operator":"Coriolis Energy","repd_ref":"7820","repd_technology":"Battery","status":"Planning Permission Expired","technology":"bess"},"type":"Feature"},{"geometry":{"coordinates":[-1.4082511,53.5320463],"type":"Point"},"id":"GG2050-REPD-18144","properties":{"capacity_mw":26.0,"gg_project_id":"GG2050-REPD-18144","name":"Mitchells Industrial Park, Bradberry Balk Lane - Battery Energy Storage","operator":"Mercia Power Response Limited","repd_ref":"18144","repd_technology":"Battery","status":"Application Withdrawn","technology":"bess"},"type":"Feature"},{"geometry":{"coordinates":[-1.3803047,53.5003821],"type":"Point"},"id":"GG2050-REPD-11436","properties":{"capacity_mw":26.0,"gg_project_id":"GG2050-REPD-11436","name":"West Melton Electricity Substation - Energy Storage System","operator":"Brampton Energy Storage Limited","repd_ref":"11436","repd_technology":"Battery","status":"Awaiting Construction","technology":"bess"},"type":"Feature"},{"geometry":{"coordinates":[-2.140052,57.1407716],"type":"Point"},"id":"GG2050-REPD-10222","properties":{"capacity_mw":25.0,"gg_project_id":"GG2050-REPD-10222","name":"A981 Fraserburgh - Battery Energy Storage","operator":"Fraserburgh Energy Limited","repd_ref":"10222","repd_technology":"Battery","status":"Awaiting Construction","technology":"bess"},"type":"Feature"},{"geometry":{"coordinates":[-1.4012908,53.1128723],"type":"Point"},"id":"GG2050-REPD-11033","properties":{"capacity_mw":25.0,"gg_project_id":"GG2050-REPD-11033","name":"Alfreton Solar Farm","operator":"Kronos Solar","repd_ref":"11033","repd_technology":"Battery","status":"Application Withdrawn","technology":"bess"},"type":"Feature"},{"geometry":{"coordinates":[-0.5822643,52.9117641],"type":"Point"},"id":"GG2050-REPD-15397","properties":{"capacity_mw":25.0,"gg_project_id":"GG2050-REPD-15397","name":"Ash Tree Solar Farm & Battery Storage","operator":"Low Carbon Limited","repd_ref":"15397","repd_technology":"Battery","status":"Awaiting Construction","technology":"bess"},"type":"Feature"},{"geometry":{"coordinates":[-3.7764054,56.1423468],"type":"Point"},"id":"GG2050-REPD-14450","properties":{"capacity_mw":25.0,"gg_project_id":"GG2050-REPD-14450","name":"Bankhead Farm - Energy Storage System","operator":"Low Carbon Storage","repd_ref":"14450","repd_technology":"Battery","status":"Awaiting Construction","technology":"bess"},"type":"Feature"},{"geometry":{"coordinates":[-6.3751906,58.203806],"type":"Point"},"id":"GG2050-REPD-12460","properties":{"capacity_mw":25.0,"gg_project_id":"GG2050-REPD-12460","name":"Battery Point, Newton Street - Battery Energy Storage Park","operator":"Point & Sandwick Trust","repd_ref":"12460","repd_technology":"Battery","status":"Awaiting Construction","technology":"bess"},"type":"Feature"},{"geometry":{"coordinates":[-3.02841,53.8495264],"type":"Point"},"id":"GG2050-REPD-8809","properties":{"capacity_mw":25.0,"gg_project_id":"GG2050-REPD-8809","name":"Bristol Avenue - Battery Energy Storage Facility","operator":"Henco International Limited","repd_ref":"8809","repd_technology":"Battery","status":"Awaiting Construction","technology":"bess"},"type":"Feature"},{"geometry":{"coordinates":[-2.7869025,54.0682784],"type":"Point"},"id":"GG2050-REPD-10047","properties":{"capacity_mw":25.0,"gg_project_id":"GG2050-REPD-10047","name":"Caton Road, Lancaster - Battery Storage Facility","operator":"Energi Generation 12 Limited","repd_ref":"10047","repd_technology":"Battery","status":"Awaiting Construction","technology":"bess"},"type":"Feature"},{"geometry":{"coordinates":[-4.6772407,55.1633696],"type":"Point"},"id":"GG2050-REPD-7804","properties":{"capacity_mw":25.0,"gg_project_id":"GG2050-REPD-7804","name":"Clauchrie Windfarm Battery","operator":"Scottish Power Renewables","repd_ref":"7804","repd_technology":"Battery","status":"Application Refused","technology":"bess"},"type":"Feature"},{"geometry":{"coordinates":[-5.4725551,56.4119759],"type":"Point"},"id":"GG2050-REPD-14300","properties":{"capacity_mw":25.0,"gg_project_id":"GG2050-REPD-14300","name":"Corr Chnoc Wind Farm","operator":"Galileo Green Energy Scotland Limited","repd_ref":"14300","repd_technology":"Battery","status":"Application Submitted","technology":"bess"},"type":"Feature"},{"geometry":{"coordinates":[-3.3582952,56.0895156],"type":"Point"},"id":"GG2050-REPD-9783","properties":{"capacity_mw":25.0,"gg_project_id":"GG2050-REPD-9783","name":"Cuttlehill Farm, Crossgates","operator":"Immersa Limited","repd_ref":"9783","repd_technology":"Battery","status":"Abandoned","technology":"bess"},"type":"Feature"},{"geometry":{"coordinates":[-2.4454016,53.7539519],"type":"Point"},"id":"GG2050-REPD-9563","properties":{"capacity_mw":25.0,"gg_project_id":"GG2050-REPD-9563","name":"Davies Road - Whitebirk Battery Storage","operator":"Field","repd_ref":"9563","repd_technology":"Battery","status":"Awaiting Construction","technology":"bess"},"type":"Feature"},{"geometry":{"coordinates":[-5.376614,55.8180679],"type":"Point"},"id":"GG2050-REPD-10712","properties":{"capacity_mw":25.0,"gg_project_id":"GG2050-REPD-10712","name":"Earraghail Renewable Energy Development","operator":"ScottishPower Renewables","repd_ref":"10712","repd_technology":"Battery","status":"Application Refused","technology":"bess"},"type":"Feature"},{"geometry":{"coordinates":[-3.6635551,55.4389187],"type":"Point"},"id":"GG2050-REPD-19839","properties":{"capacity_mw":25.0,"gg_project_id":"GG2050-REPD-19839","name":"Elvanfoot, Leadhills Road - Phase 3 - BESS","operator":"Elvanfoot Energy Storage 3 Limited.","repd_ref":"19839","repd_technology":"Battery","status":"Application Submitted","technology":"bess"},"type":"Feature"},{"geometry":{"coordinates":[-3.8810752,55.8119084],"type":"Point"},"id":"GG2050-REPD-14541","properties":{"capacity_mw":25.0,"gg_project_id":"GG2050-REPD-14541","name":"Fernishaw Solar Farm & Battery Energy Storage Facility","operator":"Elgin Energy (EEB67)","repd_ref":"14541","repd_technology":"Battery","status":"Awaiting Construction","technology":"bess"},"type":"Feature"},{"geometry":{"coordinates":[-2.0263897,57.6714337],"type":"Point"},"id":"GG2050-REPD-7041","properties":{"capacity_mw":25.0,"gg_project_id":"GG2050-REPD-7041","name":"Fraserburgh Development","operator":"Immersa","repd_ref":"7041","repd_technology":"Battery","status":"Planning Permission Expired","technology":"bess"},"type":"Feature"},{"geometry":{"coordinates":[-4.1262253,51.6981651],"type":"Point"},"id":"GG2050-REPD-18991","properties":{"capacity_mw":25.0,"gg_project_id":"GG2050-REPD-18991","name":"Heol Aur, Dafen Industrial Estate - Battery Storage System","operator":"Westfa Limited","repd_ref":"18991","repd_technology":"Battery","status":"Awaiting Construction","technology":"bess"},"type":"Feature"},{"geometry":{"coordinates":[-1.32098,54.6826089],"type":"Point"},"id":"GG2050-REPD-16082","properties":{"capacity_mw":25.0,"gg_project_id":"GG2050-REPD-16082","name":"High Barnes Farm, Coal Lane - Battery Storage","operator":"Enviromena Project Management UK Limited","repd_ref":"16082","repd_technology":"Battery","status":"Awaiting Construction","technology":"bess"},"type":"Feature"},{"geometry":{"coordinates":[-4.5501937,55.8676363],"type":"Point"},"id":"GG2050-REPD-14294","properties":{"capacity_mw":25.0,"gg_project_id":"GG2050-REPD-14294","name":"Houston Solar PV Farm & Energy Storage Facility","operator":"The Old Rectory","repd_ref":"14294","repd_technology":"Battery","status":"Awaiting Construction","technology":"bess"},"type":"Feature"},{"geometry":{"coordinates":[-1.3787333,53.234001],"type":"Point"},"id":"GG2050-REPD-17666","properties":{"capacity_mw":25.0,"gg_project_id":"GG2050-REPD-17666","name":"Lodge Farm, Calow - Battery Energy Storage System","operator":"Enray Power","repd_ref":"17666","repd_technology":"Battery","status":"Awaiting Construction","technology":"bess"},"type":"Feature"},{"geometry":{"coordinates":[-0.5889552,51.7211616],"type":"Point"},"id":"GG2050-REPD-7195","properties":{"capacity_mw":25.0,"gg_project_id":"GG2050-REPD-7195","name":"Lye Green Energy Storage","operator":"Harmony Energy Storage","repd_ref":"7195","repd_technology":"Battery","status":"Appeal Refused","technology":"bess"},"type":"Feature"},{"geometry":{"coordinates":[-2.4162994,53.1122004],"type":"Point"},"id":"GG2050-REPD-9565","properties":{"capacity_mw":25.0,"gg_project_id":"GG2050-REPD-9565","name":"Middlewich Road - Solar Photovoltaics & Battery Storage","operator":"Cheshire East Council","repd_ref":"9565","repd_technology":"Battery","status":"Awaiting Construction","technology":"bess"},"type":"Feature"},{"geometry":{"coordinates":[-1.3546406,53.7476337],"type":"Point"},"id":"GG2050-REPD-14523","properties":{"capacity_mw":25.0,"gg_project_id":"GG2050-REPD-14523","name":"Newton Lane, Ledston - Battery Storage Facility","operator":"Harmony LS Limited","repd_ref":"14523","repd_technology":"Battery","status":"Revised","technology":"bess"},"type":"Feature"},{"geometry":{"coordinates":[-1.3546406,53.7476337],"type":"Point"},"id":"GG2050-REPD-17443","properties":{"capacity_mw":25.0,"gg_project_id":"GG2050-REPD-17443","name":"Newton Lane, Ledston - Battery Storage Facility","operator":"Harmony LS Limited","repd_ref":"17443","repd_technology":"Battery","status":"Awaiting Construction","technology":"bess"},"type":"Feature"},{"geometry":{"coordinates":[-4.432952,50.7801941],"type":"Point"},"id":"GG2050-REPD-16068","properties":{"capacity_mw":25.0,"gg_project_id":"GG2050-REPD-16068","name":"Pinkworthy Farm, Pyworthy - Battery Storage","operator":"Private Developer","repd_ref":"16068","repd_technology":"Battery","status":"Awaiting Construction","technology":"bess"},"type":"Feature"},{"geometry":{"coordinates":[0.0082517,52.0734084],"type":"Point"},"id":"GG2050-REPD-17888","properties":{"capacity_mw":25.0,"gg_project_id":"GG2050-REPD-17888","name":"River Mel Solar Farm & Battery Storage System","operator":"Quintas Cleantech","repd_ref":"17888","repd_technology":"Battery","status":"Application Submitted","technology":"bess"},"type":"Feature"},{"geometry":{"coordinates":[-1.6632197,51.646807],"type":"Point"},"id":"GG2050-REPD-19568","properties":{"capacity_mw":25.0,"gg_project_id":"GG2050-REPD-19568","name":"Snowswick Lane, Coleshill - Solar Farm","operator":"Abei Energy Limited","repd_ref":"19568","repd_technology":"Battery","status":"Application Submitted","technology":"bess"},"type":"Feature"},{"geometry":{"coordinates":[-1.8560085,53.696047],"type":"Point"},"id":"GG2050-REPD-9397","properties":{"capacity_mw":25.0,"gg_project_id":"GG2050-REPD-9397","name":"Stainland Road, Salterhebble - Battery Storage Facility","operator":"Whirlwind Energy Storage Limited","repd_ref":"9397","repd_technology":"Battery","status":"Awaiting Construction","technology":"bess"},"type":"Feature"},{"geometry":{"coordinates":[-2.0426547,57.5894296],"type":"Point"},"id":"GG2050-REPD-7057","properties":{"capacity_mw":25.0,"gg_project_id":"GG2050-REPD-7057","name":"Strichen North","operator":"Immersa","repd_ref":"7057","repd_technology":"Battery","status":"Abandoned","technology":"bess"},"type":"Feature"},{"geometry":{"coordinates":[-1.5718385,52.3978732],"type":"Point"},"id":"GG2050-REPD-9109","properties":{"capacity_mw":25.0,"gg_project_id":"GG2050-REPD-9109","name":"Torrington Avenue Battery Storage Facility","operator":"Power Initiatives Limited","repd_ref":"9109","repd_technology":"Battery","status":"Revised","technology":"bess"},"type":"Feature"},{"geometry":{"coordinates":[-1.5031048,55.0259762],"type":"Point"},"id":"GG2050-REPD-6925","properties":{"capacity_mw":25.0,"gg_project_id":"GG2050-REPD-6925","name":"Tynemouth Energy Storage System (TESS)","operator":"Enel (formerly Element Power)","repd_ref":"6925","repd_technology":"Battery","status":"Operational","technology":"bess"},"type":"Feature"},{"geometry":{"coordinates":[-3.1505312,56.1659972],"type":"Point"},"id":"GG2050-REPD-11482","properties":{"capacity_mw":25.0,"gg_project_id":"GG2050-REPD-11482","name":"Wemyss Estate - Randolph Solar Farm & Battery Energy Storage","operator":"Elgin Energy","repd_ref":"11482","repd_technology":"Battery","status":"Awaiting Construction","technology":"bess"},"type":"Feature"},{"geometry":{"coordinates":[-1.0674757,52.8271333],"type":"Point"},"id":"GG2050-REPD-15938","properties":{"capacity_mw":25.0,"gg_project_id":"GG2050-REPD-15938","name":"West Thorpe Church Farm, Willoughby On The Wolds - Battery Energy Storage","operator":"Integrum Renewable Energy Limited","repd_ref":"15938","repd_technology":"Battery","status":"Awaiting Construction","technology":"bess"},"type":"Feature"},{"geometry":{"coordinates":[-1.3013594,54.6997701],"type":"Point"},"id":"GG2050-REPD-7296","properties":{"capacity_mw":25.0,"gg_project_id":"GG2050-REPD-7296","name":"Whelley Hill Farm","operator":"Volta Energy Storage","repd_ref":"7296","repd_technology":"Battery","status":"Application Withdrawn","technology":"bess"},"type":"Feature"},{"geometry":{"coordinates":[-6.7703554,54.5039092],"type":"Point"},"id":"GG2050-REPD-16456","properties":{"capacity_mw":24.0,"gg_project_id":"GG2050-REPD-16456","name":"Battery Energy Storage System in Newmills","operator":"Exergy Solutions Limited","repd_ref":"16456","repd_technology":"Battery","status":"Awaiting Construction","technology":"bess"},"type":"Feature"},{"geometry":{"coordinates":[-4.7054339,55.9327675],"type":"Point"},"id":"GG2050-REPD-19964","properties":{"capacity_mw":24.0,"gg_project_id":"GG2050-REPD-19964","name":"Knockair, Dougliehill Road - Battery Storage Facility","operator":"Renewco Power","repd_ref":"19964","repd_technology":"Battery","status":"Application Submitted","technology":"bess"},"type":"Feature"},{"geometry":{"coordinates":[-2.8790014,51.3722597],"type":"Point"},"id":"GG2050-REPD-14332","properties":{"capacity_mw":24.0,"gg_project_id":"GG2050-REPD-14332","name":"Manor Farm, Wick Lane - Solar Farm & Battery Storage","operator":"Qair UK","repd_ref":"14332","repd_technology":"Battery","status":"Application Submitted","technology":"bess"},"type":"Feature"},{"geometry":{"coordinates":[-0.2000191,53.6019038],"type":"Point"},"id":"GG2050-REPD-7827","properties":{"capacity_mw":24.0,"gg_project_id":"GG2050-REPD-7827","name":"Mauxhall Farm","operator":"ENGIE Renewables","repd_ref":"7827","repd_technology":"Battery","status":"Planning Permission Expired","technology":"bess"},"type":"Feature"},{"geometry":{"coordinates":[-4.3672258,55.8038672],"type":"Point"},"id":"GG2050-REPD-16086","properties":{"capacity_mw":24.0,"gg_project_id":"GG2050-REPD-16086","name":"Parkhouse Road - Battery Energy Storage","operator":"GPC 1184 Limited","repd_ref":"16086","repd_technology":"Battery","status":"Awaiting Construction","technology":"bess"},"type":"Feature"},{"geometry":{"coordinates":[0.2411999,53.1439698],"type":"Point"},"id":"GG2050-REPD-6946","properties":{"capacity_mw":24.0,"gg_project_id":"GG2050-REPD-6946","name":"The Hollies","operator":"Spencer Farm Produce","repd_ref":"6946","repd_technology":"Battery","status":"Planning Permission Expired","technology":"bess"},"type":"Feature"},{"geometry":{"coordinates":[-0.9243349,52.7793012],"type":"Point"},"id":"GG2050-REPD-6932","properties":{"capacity_mw":23.4,"gg_project_id":"GG2050-REPD-6932","name":"Asfordby Business Park (1)","operator":"UK Power Reserve","repd_ref":"6932","repd_technology":"Battery","status":"Operational","technology":"bess"},"type":"Feature"},{"geometry":{"coordinates":[-4.9363528,55.9792533],"type":"Point"},"id":"GG2050-REPD-16078","properties":{"capacity_mw":23.0,"gg_project_id":"GG2050-REPD-16078","name":"Giants Burn Wind Farm -Batter Energy Storage","operator":"Statkraft UK Limited","repd_ref":"16078","repd_technology":"Battery","status":"Application Submitted","technology":"bess"},"type":"Feature"},{"geometry":{"coordinates":[-2.7031867,52.349904],"type":"Point"},"id":"GG2050-REPD-16590","properties":{"capacity_mw":23.0,"gg_project_id":"GG2050-REPD-16590","name":"Steventon Road - Battery Energy Storage","operator":"Greenfield Company","repd_ref":"16590","repd_technology":"Battery","status":"Awaiting Construction","technology":"bess"},"type":"Feature"},{"geometry":{"coordinates":[-3.4881437,55.4780412],"type":"Point"},"id":"GG2050-REPD-17135","properties":{"capacity_mw":23.0,"gg_project_id":"GG2050-REPD-17135","name":"Tweed Valley, Southern Uplands - Oliver Forest Wind Farm","operator":"Statkraft UK Limited","repd_ref":"17135","repd_technology":"Battery","status":"Application Submitted","technology":"bess"},"type":"Feature"},{"geometry":{"coordinates":[1.6893501,52.2350753],"type":"Point"},"id":"GG2050-REPD-15523","properties":{"capacity_mw":22.8,"gg_project_id":"GG2050-REPD-15523","name":"Crutherland Farm, Crutherland Highway - Battery Energy Storage","operator":"Private Developer","repd_ref":"15523","repd_technology":"Battery","status":"Application Refused","technology":"bess"},"type":"Feature"},{"geometry":{"coordinates":[-3.5441789,50.4867072],"type":"Point"},"id":"GG2050-REPD-9046","properties":{"capacity_mw":22.5,"gg_project_id":"GG2050-REPD-9046","name":"Barton Hill Industrial Park - Battery Energy Storage Facility","operator":"Power Initiatives Limited","repd_ref":"9046","repd_technology":"Battery","status":"Operational","technology":"bess"},"type":"Feature"},{"geometry":{"coordinates":[0.6045533,51.9051589],"type":"Point"},"id":"GG2050-REPD-15319","properties":{"capacity_mw":22.5,"gg_project_id":"GG2050-REPD-15319","name":"Kentish Farm 2 - Battery Energy Storage","operator":"Push Energy","repd_ref":"15319","repd_technology":"Battery","status":"Application Submitted","technology":"bess"},"type":"Feature"},{"geometry":{"coordinates":[-1.7036799,54.6740111],"type":"Point"},"id":"GG2050-REPD-6956","properties":{"capacity_mw":22.0,"gg_project_id":"GG2050-REPD-6956","name":"Addison Road","operator":"Anesco","repd_ref":"6956","repd_technology":"Battery","status":"Abandoned","technology":"bess"},"type":"Feature"},{"geometry":{"coordinates":[-4.1597803,57.3411902],"type":"Point"},"id":"GG2050-REPD-16785","properties":{"capacity_mw":22.0,"gg_project_id":"GG2050-REPD-16785","name":"Kyllachy Wind Farm - BESS","operator":"Wind Estate (UK) Limited","repd_ref":"16785","repd_technology":"Battery","status":"Application Submitted","technology":"bess"},"type":"Feature"},{"geometry":{"coordinates":[-3.6957302,51.6555429],"type":"Point"},"id":"GG2050-REPD-6927","properties":{"capacity_mw":22.0,"gg_project_id":"GG2050-REPD-6927","name":"Pen y Cymoedd Energy Storage","operator":"Vattenfall","repd_ref":"6927","repd_technology":"Battery","status":"Operational","technology":"bess"},"type":"Feature"},{"geometry":{"coordinates":[1.4020207,51.3680076],"type":"Point"},"id":"GG2050-REPD-16556","properties":{"capacity_mw":22.0,"gg_project_id":"GG2050-REPD-16556","name":"Sacketts Hill Farm - Battery Energy Storage System","operator":"Greenfield Limited","repd_ref":"16556","repd_technology":"Battery","status":"Awaiting Construction","technology":"bess"},"type":"Feature"},{"geometry":{"coordinates":[0.4638124,52.051256],"type":"Point"},"id":"GG2050-REPD-15401","properties":{"capacity_mw":22.0,"gg_project_id":"GG2050-REPD-15401","name":"Surmer Hall, Church Walk - Solar Farm & Battery Storage","operator":"Boultbee Brooks (Renewables Rowley Hill) Limited","repd_ref":"15401","repd_technology":"Battery","status":"Awaiting Construction","technology":"bess"},"type":"Feature"},{"geometry":{"coordinates":[-3.5410306,51.7433233],"type":"Point"},"id":"GG2050-REPD-8848","properties":{"capacity_mw":21.76,"gg_project_id":"GG2050-REPD-8848","name":"Hirwaun Stor Generation - Battery Storage","operator":"Pulse Clean Energy","repd_ref":"8848","repd_technology":"Battery","status":"Operational","technology":"bess"},"type":"Feature"},{"geometry":{"coordinates":[-0.4907068,51.9856172],"type":"Point"},"id":"GG2050-REPD-7570","properties":{"capacity_mw":21.0,"gg_project_id":"GG2050-REPD-7570","name":"Clayhill Farm - Battery Energy Storage","operator":"Enso Energy Limited","repd_ref":"7570","repd_technology":"Battery","status":"Operational","technology":"bess"},"type":"Feature"},{"geometry":{"coordinates":[-2.9483883,51.5720284],"type":"Point"},"id":"GG2050-REPD-18327","properties":{"capacity_mw":20.6,"gg_project_id":"GG2050-REPD-18327","name":"Leeway House, Leeway Industrial Estate - Battery Energy Storage System","operator":"Aldustria Limited","repd_ref":"18327","repd_technology":"Battery","status":"Awaiting Construction","technology":"bess"},"type":"Feature"},{"geometry":{"coordinates":[-0.2226076,52.9310221],"type":"Point"},"id":"GG2050-REPD-8518","properties":{"capacity_mw":20.5,"gg_project_id":"GG2050-REPD-8518","name":"Vicarage Drove - Solar farm & Battery storage","operator":"Renewable Connections Developments Limited","repd_ref":"8518","repd_technology":"Battery","status":"Awaiting Construction","technology":"bess"},"type":"Feature"},{"geometry":{"coordinates":[-2.6712158,51.5327604],"type":"Point"},"id":"GG2050-REPD-6907","properties":{"capacity_mw":20.0,"gg_project_id":"GG2050-REPD-6907","name":"","operator":"Anesco","repd_ref":"6907","repd_technology":"Battery","status":"Abandoned","technology":"bess"},"type":"Feature"},{"geometry":{"coordinates":[-4.684268,55.6646243],"type":"Point"},"id":"GG2050-REPD-17926","properties":{"capacity_mw":20.0,"gg_project_id":"GG2050-REPD-17926","name":"Ardoch Farm","operator":"Capbal","repd_ref":"17926","repd_technology":"Battery","status":"Awaiting Construction","technology":"bess"},"type":"Feature"},{"geometry":{"coordinates":[-4.6857533,55.6610052],"type":"Point"},"id":"GG2050-REPD-7575","properties":{"capacity_mw":20.0,"gg_project_id":"GG2050-REPD-7575","name":"Ardoch Farm","operator":"Capbal","repd_ref":"7575","repd_technology":"Battery","status":"Revised","technology":"bess"},"type":"Feature"},{"geometry":{"coordinates":[-4.7970536,55.0687851],"type":"Point"},"id":"GG2050-REPD-7882","properties":{"capacity_mw":20.0,"gg_project_id":"GG2050-REPD-7882","name":"Arecleoch Wind Farm (extension)","operator":"ScottishPower Renewables","repd_ref":"7882","repd_technology":"Battery","status":"Under Construction","technology":"bess"},"type":"Feature"},{"geometry":{"coordinates":[-4.7315581,57.1296763],"type":"Point"},"id":"GG2050-REPD-7842","properties":{"capacity_mw":20.0,"gg_project_id":"GG2050-REPD-7842","name":"Auchteraw Energy Storage","operator":"Shires Hamilton","repd_ref":"7842","repd_technology":"Battery","status":"Application Withdrawn","technology":"bess"},"type":"Feature"},{"geometry":{"coordinates":[-1.1649037,53.4228742],"type":"Point"},"id":"GG2050-REPD-7007","properties":{"capacity_mw":20.0,"gg_project_id":"GG2050-REPD-7007","name":"Aven Industrial Estate","operator":"Max Design Consultancy","repd_ref":"7007","repd_technology":"Battery","status":"Planning Permission Expired","technology":"bess"},"type":"Feature"},{"geometry":{"coordinates":[-1.0620839,51.2688127],"type":"Point"},"id":"GG2050-REPD-7746","properties":{"capacity_mw":20.0,"gg_project_id":"GG2050-REPD-7746","name":"Basing Road","operator":"Eco-Economix","repd_ref":"7746","repd_technology":"Battery","status":"Application Submitted","technology":"bess"},"type":"Feature"},{"geometry":{"coordinates":[-6.6865711,54.6625836],"type":"Point"},"id":"GG2050-REPD-18059","properties":{"capacity_mw":20.0,"gg_project_id":"GG2050-REPD-18059","name":"Battery Energy Storage System Development in Moneymore","operator":"J D Excavations Tyrone Limited","repd_ref":"18059","repd_technology":"Battery","status":"Awaiting Construction","technology":"bess"},"type":"Feature"},{"geometry":{"coordinates":[-3.0487775,53.4031619],"type":"Point"},"id":"GG2050-REPD-7128","properties":{"capacity_mw":20.0,"gg_project_id":"GG2050-REPD-7128","name":"Beaufort Road","operator":"UK Power Reserve","repd_ref":"7128","repd_technology":"Battery","status":"Planning Permission Expired","technology":"bess"},"type":"Feature"},{"geometry":{"coordinates":[-6.1044361,57.1481688],"type":"Point"},"id":"GG2050-REPD-11876","properties":{"capacity_mw":20.0,"gg_project_id":"GG2050-REPD-11876","name":"Ben Aketil Wind Farm - Repowered & Extended","operator":"Falck Renewables Limited","repd_ref":"11876","repd_technology":"Battery","status":"Application Submitted","technology":"bess"},"type":"Feature"},{"geometry":{"coordinates":[-3.2167564,57.6042197],"type":"Point"},"id":"GG2050-REPD-16879","properties":{"capacity_mw":20.0,"gg_project_id":"GG2050-REPD-16879","name":"Blackhills Wind Farm","operator":"Koehler Renewable Energy","repd_ref":"16879","repd_technology":"Battery","status":"Application Submitted","technology":"bess"},"type":"Feature"},{"geometry":{"coordinates":[-3.8275955,57.2116747],"type":"Point"},"id":"GG2050-REPD-7226","properties":{"capacity_mw":20.0,"gg_project_id":"GG2050-REPD-7226","name":"Blackpark Farm","operator":"Shires Hamilton","repd_ref":"7226","repd_technology":"Battery","status":"Revised","technology":"bess"},"type":"Feature"},{"geometry":{"coordinates":[-2.2651729,51.8420963],"type":"Point"},"id":"GG2050-REPD-6930","properties":{"capacity_mw":20.0,"gg_project_id":"GG2050-REPD-6930","name":"Bristol Road","operator":"UK Power Reserve","repd_ref":"6930","repd_technology":"Battery","status":"Planning Permission Expired","technology":"bess"},"type":"Feature"},{"geometry":{"coordinates":[-2.1619146,51.8426885],"type":"Point"},"id":"GG2050-REPD-15518","properties":{"capacity_mw":20.0,"gg_project_id":"GG2050-REPD-15518","name":"Brockworth Road - Battery Storage System","operator":"Exagen","repd_ref":"15518","repd_technology":"Battery","status":"Awaiting Construction","technology":"bess"},"type":"Feature"},{"geometry":{"coordinates":[-3.4553532,55.9192436],"type":"Point"},"id":"GG2050-REPD-6910","properties":{"capacity_mw":20.0,"gg_project_id":"GG2050-REPD-6910","name":"Broxburn","operator":"Renewable Energy Systems (RES)","repd_ref":"6910","repd_technology":"Battery","status":"Operational","technology":"bess"},"type":"Feature"},{"geometry":{"coordinates":[-1.3742553,53.2215639],"type":"Point"},"id":"GG2050-REPD-7140","properties":{"capacity_mw":20.0,"gg_project_id":"GG2050-REPD-7140","name":"Calow Green Farm","operator":"Arlington Energy (formerly Enso Energy)","repd_ref":"7140","repd_technology":"Battery","status":"Operational","technology":"bess"},"type":"Feature"},{"geometry":{"coordinates":[-4.5573758,55.2403553],"type":"Point"},"id":"GG2050-REPD-10540","properties":{"capacity_mw":20.0,"gg_project_id":"GG2050-REPD-10540","name":"Carrick Windfarm","operator":"ScottishPower Renewables","repd_ref":"10540","repd_technology":"Battery","status":"Application Refused","technology":"bess"},"type":"Feature"},{"geometry":{"coordinates":[-2.5873047,50.8865859],"type":"Point"},"id":"GG2050-REPD-19147","properties":{"capacity_mw":20.0,"gg_project_id":"GG2050-REPD-19147","name":"Caswell Farm, Common Lane - Battery Energy Storage","operator":"GridSource Limited","repd_ref":"19147","repd_technology":"Battery","status":"Application Submitted","technology":"bess"},"type":"Feature"},{"geometry":{"coordinates":[-2.166,53.5311016],"type":"Point"},"id":"GG2050-REPD-11160","properties":{"capacity_mw":20.0,"gg_project_id":"GG2050-REPD-11160","name":"Chadderton - Battery energy storage facility","operator":"Field","repd_ref":"11160","repd_technology":"Battery","status":"Under Construction","technology":"bess"},"type":"Feature"},{"geometry":{"coordinates":[-0.530869,52.3107251],"type":"Point"},"id":"GG2050-REPD-6941","properties":{"capacity_mw":20.0,"gg_project_id":"GG2050-REPD-6941","name":"Chelveston Renewable Energy Park","operator":"Federal Estates","repd_ref":"6941","repd_technology":"Battery","status":"Under Construction","technology":"bess"},"type":"Feature"},{"geometry":{"coordinates":[-2.5821307,55.370264],"type":"Point"},"id":"GG2050-REPD-12821","properties":{"capacity_mw":20.0,"gg_project_id":"GG2050-REPD-12821","name":"Chesters - Millmoor Rig Wind Farm & Battery Energy Storage","operator":"ESB Asset Development UK Ltd","repd_ref":"12821","repd_technology":"Battery","status":"Application Submitted","technology":"bess"},"type":"Feature"},{"geometry":{"coordinates":[-4.3444341,58.1203694],"type":"Point"},"id":"GG2050-REPD-10997","properties":{"capacity_mw":20.0,"gg_project_id":"GG2050-REPD-10997","name":"Chleansaid Onshore Wind Farm","operator":"ESB","repd_ref":"10997","repd_technology":"Battery","status":"Awaiting Construction","technology":"bess"},"type":"Feature"},{"geometry":{"coordinates":[0.6078163,52.0706829],"type":"Point"},"id":"GG2050-REPD-6945","properties":{"capacity_mw":20.0,"gg_project_id":"GG2050-REPD-6945","name":"Claredown Farm","operator":"Zenobe (formerly Energy Reservoir 15)","repd_ref":"6945","repd_technology":"Battery","status":"Operational","technology":"bess"},"type":"Feature"},{"geometry":{"coordinates":[-0.4932811,51.9839778],"type":"Point"},"id":"GG2050-REPD-16782","properties":{"capacity_mw":20.0,"gg_project_id":"GG2050-REPD-16782","name":"Clayhill Farm, Greenfield Road - Battery Energy Storage","operator":"Conrad Energy (Developments) Limited","repd_ref":"16782","repd_technology":"Battery","status":"Awaiting Construction","technology":"bess"},"type":"Feature"},{"geometry":{"coordinates":[-2.0926127,57.1207924],"type":"Point"},"id":"GG2050-REPD-15435","properties":{"capacity_mw":20.0,"gg_project_id":"GG2050-REPD-15435","name":"Craigshaw Drive - Battery Storage Facility & Electric Vehicle Charging Hub","operator":"Craigshaw Drive Ev Limited","repd_ref":"15435","repd_technology":"Battery","status":"Awaiting Construction","technology":"bess"},"type":"Feature"},{"geometry":{"coordinates":[-5.3550977,56.4151668],"type":"Point"},"id":"GG2050-REPD-14549","properties":{"capacity_mw":20.0,"gg_project_id":"GG2050-REPD-14549","name":"Cruach Clenamacrie Wind Farm","operator":"Voltalia","repd_ref":"14549","repd_technology":"Battery","status":"Application Submitted","technology":"bess"},"type":"Feature"},{"geometry":{"coordinates":[-1.424738,52.2166873],"type":"Point"},"id":"GG2050-REPD-17497","properties":{"capacity_mw":20.0,"gg_project_id":"GG2050-REPD-17497","name":"Dadglow Farm, Bishops Itchington - Battery Energy Storage System","operator":"Root Power (South) Limited","repd_ref":"17497","repd_technology":"Battery","status":"Application Refused","technology":"bess"},"type":"Feature"},{"geometry":{"coordinates":[-2.619013,56.5654911],"type":"Point"},"id":"GG2050-REPD-14341","properties":{"capacity_mw":20.0,"gg_project_id":"GG2050-REPD-14341","name":"Denfield Farm","operator":"Seahills Properties Limited","repd_ref":"14341","repd_technology":"Battery","status":"Awaiting Construction","technology":"bess"},"type":"Feature"},{"geometry":{"coordinates":[-3.2525194,57.3221131],"type":"Point"},"id":"GG2050-REPD-14536","properties":{"capacity_mw":20.0,"gg_project_id":"GG2050-REPD-14536","name":"Dorenell Extension Wind Farm","operator":"Galileo","repd_ref":"14536","repd_technology":"Battery","status":"Application Submitted","technology":"bess"},"type":"Feature"},{"geometry":{"coordinates":[-3.8901039,55.5873579],"type":"Point"},"id":"GG2050-REPD-7460","properties":{"capacity_mw":20.0,"gg_project_id":"GG2050-REPD-7460","name":"Douglas West Wind Farm (extension)","operator":"Douglas West Extension / 3R Energy Solutions","repd_ref":"7460","repd_technology":"Battery","status":"Application Submitted","technology":"bess"},"type":"Feature"},{"geometry":{"coordinates":[-3.8901039,55.5873579],"type":"Point"},"id":"GG2050-REPD-9957","properties":{"capacity_mw":20.0,"gg_project_id":"GG2050-REPD-9957","name":"Douglas West Wind Farm (extension)","operator":"ScottishPower Renewables (UK) Limited","repd_ref":"9957","repd_technology":"Battery","status":"Under Construction","technology":"bess"},"type":"Feature"},{"geometry":{"coordinates":[-3.4432027,55.9858187],"type":"Point"},"id":"GG2050-REPD-11383","properties":{"capacity_mw":20.0,"gg_project_id":"GG2050-REPD-11383","name":"Duddingston Solar Farm and Battery Storage","operator":"Aithrie Net Zero Solar Limited","repd_ref":"11383","repd_technology":"Battery","status":"Awaiting Construction","technology":"bess"},"type":"Feature"},{"geometry":{"coordinates":[-3.4645956,56.0996041],"type":"Point"},"id":"GG2050-REPD-11264","properties":{"capacity_mw":20.0,"gg_project_id":"GG2050-REPD-11264","name":"Dunfermline North - Solar Photovoltaic Array/Battery storage","operator":"Dunfermline Solar Limited (AMPYR Solar Europe)","repd_ref":"11264","repd_technology":"Battery","status":"Under Construction","technology":"bess"},"type":"Feature"},{"geometry":{"coordinates":[-2.5634692,55.815517],"type":"Point"},"id":"GG2050-REPD-14531","properties":{"capacity_mw":20.0,"gg_project_id":"GG2050-REPD-14531","name":"Dunside Wind Farm","operator":"EDF Energy","repd_ref":"14531","repd_technology":"Battery","status":"Awaiting Construction","technology":"bess"},"type":"Feature"},{"geometry":{"coordinates":[-3.3907577,51.5550478],"type":"Point"},"id":"GG2050-REPD-7684","properties":{"capacity_mw":20.0,"gg_project_id":"GG2050-REPD-7684","name":"Energy Centre Royal Mint","operator":"Infinite Energy Renewables","repd_ref":"7684","repd_technology":"Battery","status":"Operational","technology":"bess"},"type":"Feature"},{"geometry":{"coordinates":[-5.0073233,50.3378199],"type":"Point"},"id":"GG2050-REPD-13761","properties":{"capacity_mw":20.0,"gg_project_id":"GG2050-REPD-13761","name":"Fair Park Solar Farm","operator":"Downing Renewable Developments Llp","repd_ref":"13761","repd_technology":"Battery","status":"Awaiting Construction","technology":"bess"},"type":"Feature"},{"geometry":{"coordinates":[0.0482233,52.2775456],"type":"Point"},"id":"GG2050-REPD-17859","properties":{"capacity_mw":20.0,"gg_project_id":"GG2050-REPD-17859","name":"Falcon Park, Wilsons Road - Solar Farm & Battery Energy Storage","operator":"Regener8 Power Limited","repd_ref":"17859","repd_technology":"Battery","status":"Application Submitted","technology":"bess"},"type":"Feature"},{"geometry":{"coordinates":[-2.5650626,51.4474953],"type":"Point"},"id":"GG2050-REPD-7663","properties":{"capacity_mw":20.0,"gg_project_id":"GG2050-REPD-7663","name":"Feeder Road","operator":"Thrive Renewables","repd_ref":"7663","repd_technology":"Battery","status":"Operational","technology":"bess"},"type":"Feature"},{"geometry":{"coordinates":[-1.9151343,52.4243468],"type":"Point"},"id":"GG2050-REPD-13108","properties":{"capacity_mw":20.0,"gg_project_id":"GG2050-REPD-13108","name":"Fordhouse Lane - Battery Energy Storage System","operator":"FPC (Electric Land) Limited","repd_ref":"13108","repd_technology":"Battery","status":"Awaiting Construction","technology":"bess"},"type":"Feature"},{"geometry":{"coordinates":[-2.3661139,57.221396],"type":"Point"},"id":"GG2050-REPD-7234","properties":{"capacity_mw":20.0,"gg_project_id":"GG2050-REPD-7234","name":"Fordtown Energy Storage","operator":"Shires Hamilton","repd_ref":"7234","repd_technology":"Battery","status":"Revised","technology":"bess"},"type":"Feature"},{"geometry":{"coordinates":[-2.4063137,53.165369],"type":"Point"},"id":"GG2050-REPD-10436","properties":{"capacity_mw":20.0,"gg_project_id":"GG2050-REPD-10436","name":"Former EON Power Station, Booth Lane - Battery Energy Storage System","operator":"Bluefield Sandbach Limited","repd_ref":"10436","repd_technology":"Battery","status":"Revised","technology":"bess"},"type":"Feature"},{"geometry":{"coordinates":[-2.4063137,53.165369],"type":"Point"},"id":"GG2050-REPD-17725","properties":{"capacity_mw":20.0,"gg_project_id":"GG2050-REPD-17725","name":"Former EON Power Station, Booth Lane - Battery Energy Storage System","operator":"Bluefield Sandbach Limited","repd_ref":"17725","repd_technology":"Battery","status":"Awaiting Construction","technology":"bess"},"type":"Feature"},{"geometry":{"coordinates":[-1.8424174,57.5599036],"type":"Point"},"id":"GG2050-REPD-12823","properties":{"capacity_mw":20.0,"gg_project_id":"GG2050-REPD-12823","name":"Fraserburgh Road - Kirkton Solar PV Farm & Energy Storage Facility","operator":"Elgin Energy Es Co Limited","repd_ref":"12823","repd_technology":"Battery","status":"Awaiting Construction","technology":"bess"},"type":"Feature"},{"geometry":{"coordinates":[-0.2315267,53.7657111],"type":"Point"},"id":"GG2050-REPD-13655","properties":{"capacity_mw":20.0,"gg_project_id":"GG2050-REPD-13655","name":"Froghall Farm, Wyton Road - Solar Farm & Battery Energy Storage","operator":"GAM Capital Limited","repd_ref":"13655","repd_technology":"Battery","status":"Awaiting Construction","technology":"bess"},"type":"Feature"},{"geometry":{"coordinates":[-0.5310467,51.5784697],"type":"Point"},"id":"GG2050-REPD-8271","properties":{"capacity_mw":20.0,"gg_project_id":"GG2050-REPD-8271","name":"Gerrards Cross Sewage Treatment Works","operator":"Peak Gen Power","repd_ref":"8271","repd_technology":"Battery","status":"Application Submitted","technology":"bess"},"type":"Feature"},{"geometry":{"coordinates":[-2.1786059,53.5976509],"type":"Point"},"id":"GG2050-REPD-7632","properties":{"capacity_mw":20.0,"gg_project_id":"GG2050-REPD-7632","name":"Gipsy Lane","operator":"Arlington Energy","repd_ref":"7632","repd_technology":"Battery","status":"Under Construction","technology":"bess"},"type":"Feature"},{"geometry":{"coordinates":[-3.5892971,55.5380943],"type":"Point"},"id":"GG2050-REPD-11113","properties":{"capacity_mw":20.0,"gg_project_id":"GG2050-REPD-11113","name":"Grayside Wind Farm","operator":"Grayside WF","repd_ref":"11113","repd_technology":"Battery","status":"Application Submitted","technology":"bess"},"type":"Feature"},{"geometry":{"coordinates":[-0.2515783,53.7472356],"type":"Point"},"id":"GG2050-REPD-18684","properties":{"capacity_mw":20.0,"gg_project_id":"GG2050-REPD-18684","name":"Green Frog Power, Great Field Lane - Battery Energy Storage System","operator":"Pulse Clean Energy","repd_ref":"18684","repd_technology":"Battery","status":"Awaiting Construction","technology":"bess"},"type":"Feature"},{"geometry":{"coordinates":[-3.8709868,55.5594229],"type":"Point"},"id":"GG2050-REPD-7572","properties":{"capacity_mw":20.0,"gg_project_id":"GG2050-REPD-7572","name":"Hagshaw Hill","operator":"Scottish Power Renewables","repd_ref":"7572","repd_technology":"Battery","status":"Awaiting Construction","technology":"bess"},"type":"Feature"},{"geometry":{"coordinates":[-2.2128034,51.013484],"type":"Point"},"id":"GG2050-REPD-12293","properties":{"capacity_mw":20.0,"gg_project_id":"GG2050-REPD-12293","name":"Hawkers Hill Energy Park","operator":"Tag Energy","repd_ref":"12293","repd_technology":"Battery","status":"Operational","technology":"bess"},"type":"Feature"},{"geometry":{"coordinates":[-2.9863593,53.4592364],"type":"Point"},"id":"GG2050-REPD-7800","properties":{"capacity_mw":20.0,"gg_project_id":"GG2050-REPD-7800","name":"Hawthorne Road","operator":"Bluefield Renewable Developments","repd_ref":"7800","repd_technology":"Battery","status":"Under Construction","technology":"bess"},"type":"Feature"},{"geometry":{"coordinates":[-3.1619387,51.0140131],"type":"Point"},"id":"GG2050-REPD-12174","properties":{"capacity_mw":20.0,"gg_project_id":"GG2050-REPD-12174","name":"Hele Manor Farm, Bradford On Tone - Battery Storage System","operator":"STOR 107 Limited","repd_ref":"12174","repd_technology":"Battery","status":"Awaiting Construction","technology":"bess"},"type":"Feature"},{"geometry":{"coordinates":[-1.0210198,52.9242078],"type":"Point"},"id":"GG2050-REPD-15084","properties":{"capacity_mw":20.0,"gg_project_id":"GG2050-REPD-15084","name":"Heron Solar Farm & Battery Storage","operator":"JBM Solar Projects 38 Limited","repd_ref":"15084","repd_technology":"Battery","status":"Awaiting Construction","technology":"bess"},"type":"Feature"},{"geometry":{"coordinates":[-1.625706,52.4130963],"type":"Point"},"id":"GG2050-REPD-18866","properties":{"capacity_mw":20.0,"gg_project_id":"GG2050-REPD-18866","name":"Hill House Farm, Coventry Road - Battery Energy Storage System","operator":"Root Power South Limited","repd_ref":"18866","repd_technology":"Battery","status":"Application Submitted","technology":"bess"},"type":"Feature"},{"geometry":{"coordinates":[-0.2541964,53.7491975],"type":"Point"},"id":"GG2050-REPD-9006","properties":{"capacity_mw":20.0,"gg_project_id":"GG2050-REPD-9006","name":"Hull East Stor Generation Compound - Battery energy storage","operator":"Green Frog Power 214 Limited","repd_ref":"9006","repd_technology":"Battery","status":"Awaiting Construction","technology":"bess"},"type":"Feature"},{"geometry":{"coordinates":[-3.8985226,51.6251826],"type":"Point"},"id":"GG2050-REPD-12455","properties":{"capacity_mw":20.0,"gg_project_id":"GG2050-REPD-12455","name":"John Green Frog Power Compound, John North Road - Battery System","operator":"Green Frog Power Limited","repd_ref":"12455","repd_technology":"Battery","status":"Awaiting Construction","technology":"bess"},"type":"Feature"},{"geometry":{"coordinates":[-4.166596,55.7340866],"type":"Point"},"id":"GG2050-REPD-15826","properties":{"capacity_mw":20.0,"gg_project_id":"GG2050-REPD-15826","name":"Kelvin South Business Park, Hurlawcrook Road - Battery Energy Storage","operator":"Queequeg Renewables Limited","repd_ref":"15826","repd_technology":"Battery","status":"Application Withdrawn","technology":"bess"},"type":"Feature"},{"geometry":{"coordinates":[-4.7906307,57.3275427],"type":"Point"},"id":"GG2050-REPD-7353","properties":{"capacity_mw":20.0,"gg_project_id":"GG2050-REPD-7353","name":"Kerrow Farm","operator":"Shires Hamilton","repd_ref":"7353","repd_technology":"Battery","status":"Application Withdrawn","technology":"bess"},"type":"Feature"},{"geometry":{"coordinates":[-2.6764011,53.5340396],"type":"Point"},"id":"GG2050-REPD-7072","properties":{"capacity_mw":20.0,"gg_project_id":"GG2050-REPD-7072","name":"Kilshaw Street","operator":"Capbal","repd_ref":"7072","repd_technology":"Battery","status":"Planning Permission Expired","technology":"bess"},"type":"Feature"},{"geometry":{"coordinates":[-2.6737519,51.5151044],"type":"Point"},"id":"GG2050-REPD-17691","properties":{"capacity_mw":20.0,"gg_project_id":"GG2050-REPD-17691","name":"Kings Weston Lane - Battery Energy Storage System","operator":"Fig Power","repd_ref":"17691","repd_technology":"Battery","status":"Awaiting Construction","technology":"bess"},"type":"Feature"},{"geometry":{"coordinates":[-1.2760967,53.7181981],"type":"Point"},"id":"GG2050-REPD-7148","properties":{"capacity_mw":20.0,"gg_project_id":"GG2050-REPD-7148","name":"Kirkhaw Lane","operator":"Walker & Son (Hauliers) Limited","repd_ref":"7148","repd_technology":"Battery","status":"Operational","technology":"bess"},"type":"Feature"},{"geometry":{"coordinates":[-1.2760967,53.7181981],"type":"Point"},"id":"GG2050-REPD-7149","properties":{"capacity_mw":20.0,"gg_project_id":"GG2050-REPD-7149","name":"Kirkhaw Lane","operator":"Walker & Son (Hauliers) Limited","repd_ref":"7149","repd_technology":"Battery","status":"Revised","technology":"bess"},"type":"Feature"},{"geometry":{"coordinates":[-3.5560031,58.5889996],"type":"Point"},"id":"GG2050-REPD-12876","properties":{"capacity_mw":20.0,"gg_project_id":"GG2050-REPD-12876","name":"Kirkton Energy Farm","operator":"Kirkton Wind Farm Limited","repd_ref":"12876","repd_technology":"Battery","status":"Application Refused","technology":"bess"},"type":"Feature"},{"geometry":{"coordinates":[-4.7111598,55.2108026],"type":"Point"},"id":"GG2050-REPD-14296","properties":{"capacity_mw":20.0,"gg_project_id":"GG2050-REPD-14296","name":"Knockodhar Wind Farm","operator":"REG Knockodhar Limited","repd_ref":"14296","repd_technology":"Battery","status":"Application Submitted","technology":"bess"},"type":"Feature"},{"geometry":{"coordinates":[-4.0946644,54.9328786],"type":"Point"},"id":"GG2050-REPD-14766","properties":{"capacity_mw":20.0,"gg_project_id":"GG2050-REPD-14766","name":"Lairdmannoch Energy Park","operator":"Wind2 / Octopus Energy","repd_ref":"14766","repd_technology":"Battery","status":"Application Submitted","technology":"bess"},"type":"Feature"},{"geometry":{"coordinates":[-2.927637,53.4199312],"type":"Point"},"id":"GG2050-REPD-7155","properties":{"capacity_mw":20.0,"gg_project_id":"GG2050-REPD-7155","name":"Land at Carnegie Road","operator":"Ørsted","repd_ref":"7155","repd_technology":"Battery","status":"Operational","technology":"bess"},"type":"Feature"},{"geometry":{"coordinates":[-3.701672,56.0005115],"type":"Point"},"id":"GG2050-REPD-7043","properties":{"capacity_mw":20.0,"gg_project_id":"GG2050-REPD-7043","name":"Land To The East Of Wholeflats Road (Grangemouth)","operator":"Enstor (formerly CJ Energy)","repd_ref":"7043","repd_technology":"Battery","status":"Planning Permission Expired","technology":"bess"},"type":"Feature"},{"geometry":{"coordinates":[-2.6219504,52.0540413],"type":"Point"},"id":"GG2050-REPD-6911","properties":{"capacity_mw":20.0,"gg_project_id":"GG2050-REPD-6911","name":"Land to the west of Clay Hill Pit / Larport Farm","operator":"Anesco (formerly owned by Energy Reservoirs)","repd_ref":"6911","repd_technology":"Battery","status":"Operational","technology":"bess"},"type":"Feature"},{"geometry":{"coordinates":[-2.4778594,51.5698893],"type":"Point"},"id":"GG2050-REPD-14091","properties":{"capacity_mw":20.0,"gg_project_id":"GG2050-REPD-14091","name":"Larks Lane, Iron Acton - Battery Storage Facility","operator":"HD000ACT Limited","repd_ref":"14091","repd_technology":"Battery","status":"Application Submitted","technology":"bess"},"type":"Feature"},{"geometry":{"coordinates":[-2.2950569,53.59751],"type":"Point"},"id":"GG2050-REPD-7464","properties":{"capacity_mw":20.0,"gg_project_id":"GG2050-REPD-7464","name":"Lascar Works","operator":"Anesco","repd_ref":"7464","repd_technology":"Battery","status":"Operational","technology":"bess"},"type":"Feature"},{"geometry":{"coordinates":[-2.4808265,53.111256],"type":"Point"},"id":"GG2050-REPD-7032","properties":{"capacity_mw":20.0,"gg_project_id":"GG2050-REPD-7032","name":"Leighton Hall Farm","operator":"Energy Demand and Response","repd_ref":"7032","repd_technology":"Battery","status":"Planning Permission Expired","technology":"bess"},"type":"Feature"},{"geometry":{"coordinates":[-0.1087323,53.5653639],"type":"Point"},"id":"GG2050-REPD-7060","properties":{"capacity_mw":20.0,"gg_project_id":"GG2050-REPD-7060","name":"Magnolia Street","operator":"Green Hedge Energy","repd_ref":"7060","repd_technology":"Battery","status":"Abandoned","technology":"bess"},"type":"Feature"},{"geometry":{"coordinates":[-1.4930363,50.9408567],"type":"Point"},"id":"GG2050-REPD-8099","properties":{"capacity_mw":20.0,"gg_project_id":"GG2050-REPD-8099","name":"Mill Lane, Nursling - Battery Storage Facility","operator":"Gerard Hall Energy","repd_ref":"8099","repd_technology":"Battery","status":"Under Construction","technology":"bess"},"type":"Feature"},{"geometry":{"coordinates":[-0.3054837,52.1270528],"type":"Point"},"id":"GG2050-REPD-10981","properties":{"capacity_mw":20.0,"gg_project_id":"GG2050-REPD-10981","name":"Moggerhanger Road, Sandy - Solar Farm","operator":"Kach Capital Estates Limited","repd_ref":"10981","repd_technology":"Battery","status":"Application Submitted","technology":"bess"},"type":"Feature"},{"geometry":{"coordinates":[-1.5927364,52.758117],"type":"Point"},"id":"GG2050-REPD-10012","properties":{"capacity_mw":20.0,"gg_project_id":"GG2050-REPD-10012","name":"Mount Road, Castle Gresley - Battery Storage Facility","operator":"Flexion Energy UK Storage Limited","repd_ref":"10012","repd_technology":"Battery","status":"Awaiting Construction","technology":"bess"},"type":"Feature"},{"geometry":{"coordinates":[-2.2433036,53.0328929],"type":"Point"},"id":"GG2050-REPD-6918","properties":{"capacity_mw":20.0,"gg_project_id":"GG2050-REPD-6918","name":"Noriker Power Staunch","operator":"Hazel Capital/ Noriker Power","repd_ref":"6918","repd_technology":"Battery","status":"Operational","technology":"bess"},"type":"Feature"},{"geometry":{"coordinates":[-1.2032223,50.8227135],"type":"Point"},"id":"GG2050-REPD-7108","properties":{"capacity_mw":20.0,"gg_project_id":"GG2050-REPD-7108","name":"Peel Common Waste Water Treatment Works","operator":"Hampshire County Council (Southern Water/Enzygo)","repd_ref":"7108","repd_technology":"Battery","status":"Abandoned","technology":"bess"},"type":"Feature"},{"geometry":{"coordinates":[-2.9774654,53.7833758],"type":"Point"},"id":"GG2050-REPD-13300","properties":{"capacity_mw":20.0,"gg_project_id":"GG2050-REPD-13300","name":"Peel Road - Battery Storage","operator":"Energi Generation","repd_ref":"13300","repd_technology":"Battery","status":"Awaiting Construction","technology":"bess"},"type":"Feature"},{"geometry":{"coordinates":[-2.7145047,52.0707876],"type":"Point"},"id":"GG2050-REPD-7966","properties":{"capacity_mw":20.0,"gg_project_id":"GG2050-REPD-7966","name":"Perserverance Road","operator":"Noriker Power","repd_ref":"7966","repd_technology":"Battery","status":"Awaiting Construction","technology":"bess"},"type":"Feature"},{"geometry":{"coordinates":[-2.7192921,52.0681961],"type":"Point"},"id":"GG2050-REPD-7061","properties":{"capacity_mw":20.0,"gg_project_id":"GG2050-REPD-7061","name":"Perseverance Road","operator":"Noriker Power","repd_ref":"7061","repd_technology":"Battery","status":"Revised","technology":"bess"},"type":"Feature"},{"geometry":{"coordinates":[-1.4452876,53.4015299],"type":"Point"},"id":"GG2050-REPD-6887","properties":{"capacity_mw":20.0,"gg_project_id":"GG2050-REPD-6887","name":"Petre Street","operator":"Renewable Energy Systems (RES)","repd_ref":"6887","repd_technology":"Battery","status":"Planning Permission Expired","technology":"bess"},"type":"Feature"},{"geometry":{"coordinates":[0.7692664,51.3463067],"type":"Point"},"id":"GG2050-REPD-7383","properties":{"capacity_mw":20.0,"gg_project_id":"GG2050-REPD-7383","name":"Plot 2B EurolinkV","operator":"Trenport Investments","repd_ref":"7383","repd_technology":"Battery","status":"Under Construction","technology":"bess"},"type":"Feature"},{"geometry":{"coordinates":[-4.1125361,50.3678027],"type":"Point"},"id":"GG2050-REPD-10432","properties":{"capacity_mw":20.0,"gg_project_id":"GG2050-REPD-10432","name":"Plymouth Stor Generation - Battery storage","operator":"Green Frog Power 214 Limited","repd_ref":"10432","repd_technology":"Battery","status":"Revised","technology":"bess"},"type":"Feature"},{"geometry":{"coordinates":[-4.1125361,50.3678027],"type":"Point"},"id":"GG2050-REPD-17928","properties":{"capacity_mw":20.0,"gg_project_id":"GG2050-REPD-17928","name":"Plymouth Stor Generation - Battery storage","operator":"Pulse Clean Energy","repd_ref":"17928","repd_technology":"Battery","status":"Awaiting Construction","technology":"bess"},"type":"Feature"},{"geometry":{"coordinates":[-2.0780002,55.1656185],"type":"Point"},"id":"GG2050-REPD-6943","properties":{"capacity_mw":20.0,"gg_project_id":"GG2050-REPD-6943","name":"Ray Battery Storage Facility","operator":"Vattenfall Wind Power","repd_ref":"6943","repd_technology":"Battery","status":"Operational","technology":"bess"},"type":"Feature"},{"geometry":{"coordinates":[0.3515726,51.1704716],"type":"Point"},"id":"GG2050-REPD-12941","properties":{"capacity_mw":20.0,"gg_project_id":"GG2050-REPD-12941","name":"Reeds Solar Farm, Alders Road - Solar Farm & Battery Storage","operator":"Low Carbon","repd_ref":"12941","repd_technology":"Battery","status":"Awaiting Construction","technology":"bess"},"type":"Feature"},{"geometry":{"coordinates":[0.1533023,51.504508],"type":"Point"},"id":"GG2050-REPD-7036","properties":{"capacity_mw":20.0,"gg_project_id":"GG2050-REPD-7036","name":"Riverside Energy Park","operator":"Cory Riverside Energy","repd_ref":"7036","repd_technology":"Battery","status":"Awaiting Construction","technology":"bess"},"type":"Feature"},{"geometry":{"coordinates":[0.6886677,51.6275297],"type":"Point"},"id":"GG2050-REPD-9274","properties":{"capacity_mw":20.0,"gg_project_id":"GG2050-REPD-9274","name":"South Fambridge Hall - Solar farm & Battery storage","operator":"British Solar Renewables / BayWa r.e. UK Limited","repd_ref":"9274","repd_technology":"Battery","status":"Under Construction","technology":"bess"},"type":"Feature"},{"geometry":{"coordinates":[-1.9096047,53.6758491],"type":"Point"},"id":"GG2050-REPD-7083","properties":{"capacity_mw":20.0,"gg_project_id":"GG2050-REPD-7083","name":"Stainland Road","operator":"Sterling Power Group","repd_ref":"7083","repd_technology":"Battery","status":"Application Withdrawn","technology":"bess"},"type":"Feature"},{"geometry":{"coordinates":[-1.4821816,55.003612],"type":"Point"},"id":"GG2050-REPD-9010","properties":{"capacity_mw":20.0,"gg_project_id":"GG2050-REPD-9010","name":"Standby Embedded Stor Power Plant - Battery storage","operator":"Green Frog Power 214 Limited","repd_ref":"9010","repd_technology":"Battery","status":"Under Construction","technology":"bess"},"type":"Feature"},{"geometry":{"coordinates":[-4.8861668,54.9994765],"type":"Point"},"id":"GG2050-REPD-7306","properties":{"capacity_mw":20.0,"gg_project_id":"GG2050-REPD-7306","name":"Stranoch 2","operator":"EDF Energy","repd_ref":"7306","repd_technology":"Battery","status":"Under Construction","technology":"bess"},"type":"Feature"},{"geometry":{"coordinates":[-3.2584219,56.1638674],"type":"Point"},"id":"GG2050-REPD-10828","properties":{"capacity_mw":20.0,"gg_project_id":"GG2050-REPD-10828","name":"Strathruddie, Kinglassie - Solar farm","operator":"Renewable Connection Developments Limited","repd_ref":"10828","repd_technology":"Battery","status":"Awaiting Construction","technology":"bess"},"type":"Feature"},{"geometry":{"coordinates":[-0.5107439,52.0966459],"type":"Point"},"id":"GG2050-REPD-9668","properties":{"capacity_mw":20.0,"gg_project_id":"GG2050-REPD-9668","name":"The Brickmakers Arms Battery","operator":"FPC Industry & Enterprise 2 Limited","repd_ref":"9668","repd_technology":"Battery","status":"Awaiting Construction","technology":"bess"},"type":"Feature"},{"geometry":{"coordinates":[-3.3477681,51.1747831],"type":"Point"},"id":"GG2050-REPD-10186","properties":{"capacity_mw":20.0,"gg_project_id":"GG2050-REPD-10186","name":"The Transmitting Station, Williton - Battery Storage (Wyndham Estate)","operator":"Elgin Energy ES Co Limited","repd_ref":"10186","repd_technology":"Battery","status":"Awaiting Construction","technology":"bess"},"type":"Feature"},{"geometry":{"coordinates":[-2.1854827,51.4808738],"type":"Point"},"id":"GG2050-REPD-9552","properties":{"capacity_mw":20.0,"gg_project_id":"GG2050-REPD-9552","name":"Tiddlywink Barn Battery Storage Power Plant","operator":"Mcballester Limited","repd_ref":"9552","repd_technology":"Battery","status":"Abandoned","technology":"bess"},"type":"Feature"},{"geometry":{"coordinates":[-2.9667024,51.5681025],"type":"Point"},"id":"GG2050-REPD-6929","properties":{"capacity_mw":20.0,"gg_project_id":"GG2050-REPD-6929","name":"Traston Road","operator":"Field Energy","repd_ref":"6929","repd_technology":"Battery","status":"Operational","technology":"bess"},"type":"Feature"},{"geometry":{"coordinates":[-4.0675204,55.1876881],"type":"Point"},"id":"GG2050-REPD-7333","properties":{"capacity_mw":20.0,"gg_project_id":"GG2050-REPD-7333","name":"Troston Loch Wind Farm","operator":"EDF Energy Renewables","repd_ref":"7333","repd_technology":"Battery","status":"Awaiting Construction","technology":"bess"},"type":"Feature"},{"geometry":{"coordinates":[-1.9982182,52.9243371],"type":"Point"},"id":"GG2050-REPD-19366","properties":{"capacity_mw":20.0,"gg_project_id":"GG2050-REPD-19366","name":"Upper Leigh - Battery Energy Storage System","operator":"Lightrock Power","repd_ref":"19366","repd_technology":"Battery","status":"Application Submitted","technology":"bess"},"type":"Feature"},{"geometry":{"coordinates":[-4.4527674,55.9243807],"type":"Point"},"id":"GG2050-REPD-15175","properties":{"capacity_mw":20.0,"gg_project_id":"GG2050-REPD-15175","name":"Vale of Leven Wind Farm","operator":"Coriolis Energy Limited","repd_ref":"15175","repd_technology":"Battery","status":"Application Submitted","technology":"bess"},"type":"Feature"},{"geometry":{"coordinates":[-2.688388,53.6144271],"type":"Point"},"id":"GG2050-REPD-10989","properties":{"capacity_mw":20.0,"gg_project_id":"GG2050-REPD-10989","name":"Vause Farm - Battery Storage","operator":"Sirius Renewable Energy Limited","repd_ref":"10989","repd_technology":"Battery","status":"Awaiting Construction","technology":"bess"},"type":"Feature"},{"geometry":{"coordinates":[-3.3035303,58.4705588],"type":"Point"},"id":"GG2050-REPD-11480","properties":{"capacity_mw":20.0,"gg_project_id":"GG2050-REPD-11480","name":"Watten Wind Farm","operator":"EDF Energy Renewables","repd_ref":"11480","repd_technology":"Battery","status":"Application Withdrawn","technology":"bess"},"type":"Feature"},{"geometry":{"coordinates":[-2.1360316,53.4160064],"type":"Point"},"id":"GG2050-REPD-13740","properties":{"capacity_mw":20.0,"gg_project_id":"GG2050-REPD-13740","name":"Welkin Road, Bredbury - Battery Storage System","operator":"Arlington Energy Limited","repd_ref":"13740","repd_technology":"Battery","status":"Operational","technology":"bess"},"type":"Feature"},{"geometry":{"coordinates":[-0.6774547,53.2926216],"type":"Point"},"id":"GG2050-REPD-10917","properties":{"capacity_mw":20.0,"gg_project_id":"GG2050-REPD-10917","name":"West Burton Solar Project","operator":"Island Green Power","repd_ref":"10917","repd_technology":"Battery","status":"Awaiting Construction","technology":"bess"},"type":"Feature"},{"geometry":{"coordinates":[-5.5012811,55.5688022],"type":"Point"},"id":"GG2050-REPD-12875","properties":{"capacity_mw":20.0,"gg_project_id":"GG2050-REPD-12875","name":"West Torrisdale Wind Farm","operator":"ESB Asset Development UK","repd_ref":"12875","repd_technology":"Battery","status":"Application Submitted","technology":"bess"},"type":"Feature"},{"geometry":{"coordinates":[-3.2882698,56.1785563],"type":"Point"},"id":"GG2050-REPD-20392","properties":{"capacity_mw":20.0,"gg_project_id":"GG2050-REPD-20392","name":"Westfield Solar Farm & Battery","operator":"Brockwell Energy Limited","repd_ref":"20392","repd_technology":"Battery","status":"Awaiting Construction","technology":"bess"},"type":"Feature"},{"geometry":{"coordinates":[-1.4235831,51.6818052],"type":"Point"},"id":"GG2050-REPD-16903","properties":{"capacity_mw":20.0,"gg_project_id":"GG2050-REPD-16903","name":"Willowfields Energy Park, Marcham - Battery Energy Storage","operator":"Exagen Development Limited","repd_ref":"16903","repd_technology":"Battery","status":"Application Submitted","technology":"bess"},"type":"Feature"},{"geometry":{"coordinates":[-1.4509803,53.4453578],"type":"Point"},"id":"GG2050-REPD-12524","properties":{"capacity_mw":20.0,"gg_project_id":"GG2050-REPD-12524","name":"Yarra Industrial Estate, Loicher Lane - Battery Storage","operator":"Ecclesfield Power Limited","repd_ref":"12524","repd_technology":"Battery","status":"Awaiting Construction","technology":"bess"},"type":"Feature"},{"geometry":{"coordinates":[-4.7532334,55.7231685],"type":"Point"},"id":"GG2050-REPD-14231","properties":{"capacity_mw":19.99,"gg_project_id":"GG2050-REPD-14231","name":"Wardlaw Wood Windfarm - Battery Storage","operator":"Community Windpower Limited","repd_ref":"14231","repd_technology":"Battery","status":"Awaiting Construction","technology":"bess"},"type":"Feature"},{"geometry":{"coordinates":[-2.4661273,55.9488661],"type":"Point"},"id":"GG2050-REPD-15141","properties":{"capacity_mw":19.9,"gg_project_id":"GG2050-REPD-15141","name":"Aikengall, Innerwick - Battery Energy Storage","operator":"Redstone Rig Storage Limited","repd_ref":"15141","repd_technology":"Battery","status":"Awaiting Construction","technology":"bess"},"type":"Feature"},{"geometry":{"coordinates":[-3.2033305,56.2075269],"type":"Point"},"id":"GG2050-REPD-9224","properties":{"capacity_mw":19.9,"gg_project_id":"GG2050-REPD-9224","name":"Balsillie Avenue - Roaring Hill Energy Storage Facility","operator":"Tag Energy UK","repd_ref":"9224","repd_technology":"Battery","status":"Under Construction","technology":"bess"},"type":"Feature"},{"geometry":{"coordinates":[3.0915951,52.6841887],"type":"Point"},"id":"GG2050-REPD-7059","properties":{"capacity_mw":19.9,"gg_project_id":"GG2050-REPD-7059","name":"Easter Parkhead Farm","operator":"Farmcare Trading","repd_ref":"7059","repd_technology":"Battery","status":"Abandoned","technology":"bess"},"type":"Feature"},{"geometry":{"coordinates":[-4.19525,55.7916276],"type":"Point"},"id":"GG2050-REPD-7063","properties":{"capacity_mw":19.9,"gg_project_id":"GG2050-REPD-7063","name":"Highflat Battery Energy Storage","operator":"Highflat Energy Storage","repd_ref":"7063","repd_technology":"Battery","status":"Application Withdrawn","technology":"bess"},"type":"Feature"},{"geometry":{"coordinates":[-3.6803869,58.5628118],"type":"Point"},"id":"GG2050-REPD-10226","properties":{"capacity_mw":19.9,"gg_project_id":"GG2050-REPD-10226","name":"Hillcrest Cottage, Shebster - Battery Energy Storage System","operator":"Statkraft UK Limited","repd_ref":"10226","repd_technology":"Battery","status":"Awaiting Construction","technology":"bess"},"type":"Feature"},{"geometry":{"coordinates":[-3.8568132,56.0096131],"type":"Point"},"id":"GG2050-REPD-6960","properties":{"capacity_mw":19.9,"gg_project_id":"GG2050-REPD-6960","name":"Land adjacent Bonnybridge Substation","operator":"Reliable Generation","repd_ref":"6960","repd_technology":"Battery","status":"Abandoned","technology":"bess"},"type":"Feature"},{"geometry":{"coordinates":[-3.1426774,56.1460961],"type":"Point"},"id":"GG2050-REPD-7131","properties":{"capacity_mw":19.9,"gg_project_id":"GG2050-REPD-7131","name":"Land North of Thornton Road","operator":"South Redhouse","repd_ref":"7131","repd_technology":"Battery","status":"Awaiting Construction","technology":"bess"},"type":"Feature"},{"geometry":{"coordinates":[-4.671208,55.6904553],"type":"Point"},"id":"GG2050-REPD-7133","properties":{"capacity_mw":19.9,"gg_project_id":"GG2050-REPD-7133","name":"North West Of Jameston Farm","operator":"Private Developer","repd_ref":"7133","repd_technology":"Battery","status":"Awaiting Construction","technology":"bess"},"type":"Feature"},{"geometry":{"coordinates":[-4.4339747,55.5360118],"type":"Point"},"id":"GG2050-REPD-10162","properties":{"capacity_mw":19.9,"gg_project_id":"GG2050-REPD-10162","name":"Ochiltree - Battery Sorage","operator":"Statkraft UK Limited","repd_ref":"10162","repd_technology":"Battery","status":"Revised","technology":"bess"},"type":"Feature"},{"geometry":{"coordinates":[-3.2021222,57.6830162],"type":"Point"},"id":"GG2050-REPD-10394","properties":{"capacity_mw":19.9,"gg_project_id":"GG2050-REPD-10394","name":"Speyslaw Farm - Battery Storage","operator":"Elgin Energy EsCo","repd_ref":"10394","repd_technology":"Battery","status":"Awaiting Construction","technology":"bess"},"type":"Feature"},{"geometry":{"coordinates":[-4.7119088,55.7089962],"type":"Point"},"id":"GG2050-REPD-14706","properties":{"capacity_mw":19.9,"gg_project_id":"GG2050-REPD-14706","name":"Tofts - Battery Storage","operator":"Telford Three Limited","repd_ref":"14706","repd_technology":"Battery","status":"Awaiting Construction","technology":"bess"},"type":"Feature"},{"geometry":{"coordinates":[-3.4465749,58.4539527],"type":"Point"},"id":"GG2050-REPD-20908","properties":{"capacity_mw":19.8,"gg_project_id":"GG2050-REPD-20908","name":"Mybster Farm, Watten - Battery Storage","operator":"Ella Energy Partnership","repd_ref":"20908","repd_technology":"Battery","status":"Application Withdrawn","technology":"bess"},"type":"Feature"},{"geometry":{"coordinates":[-3.2915692,56.3428157],"type":"Point"},"id":"GG2050-REPD-7315","properties":{"capacity_mw":19.0,"gg_project_id":"GG2050-REPD-7315","name":"Jamesfield Organic Centre, Phase 2","operator":"Harmony Energy Storage","repd_ref":"7315","repd_technology":"Battery","status":"Revised","technology":"bess"},"type":"Feature"},{"geometry":{"coordinates":[-4.4759612,55.9125647],"type":"Point"},"id":"GG2050-REPD-7012","properties":{"capacity_mw":19.0,"gg_project_id":"GG2050-REPD-7012","name":"Land off Shilton Lane","operator":"Flexible Grid Power","repd_ref":"7012","repd_technology":"Battery","status":"Abandoned","technology":"bess"},"type":"Feature"},{"geometry":{"coordinates":[-3.914061,56.1175009],"type":"Point"},"id":"GG2050-REPD-7144","properties":{"capacity_mw":19.0,"gg_project_id":"GG2050-REPD-7144","name":"Unit 15, Borrowmeadow Road","operator":"Flexible Grid Power","repd_ref":"7144","repd_technology":"Battery","status":"Abandoned","technology":"bess"},"type":"Feature"},{"geometry":{"coordinates":[-1.3667535,51.0368545],"type":"Point"},"id":"GG2050-REPD-20401","properties":{"capacity_mw":19.0,"gg_project_id":"GG2050-REPD-20401","name":"Winchester Battery Storage","operator":"Conrad Energy","repd_ref":"20401","repd_technology":"Battery","status":"Operational","technology":"bess"},"type":"Feature"},{"geometry":{"coordinates":[-1.4035779,51.7809774],"type":"Point"},"id":"GG2050-REPD-7385","properties":{"capacity_mw":18.0,"gg_project_id":"GG2050-REPD-7385","name":"Aurora Solar Farm","operator":"Low Carbon UK Solar Investment Company","repd_ref":"7385","repd_technology":"Battery","status":"Under Construction","technology":"bess"},"type":"Feature"},{"geometry":{"coordinates":[-0.3079105,53.8006218],"type":"Point"},"id":"GG2050-REPD-6965","properties":{"capacity_mw":18.0,"gg_project_id":"GG2050-REPD-6965","name":"Bransholme, Hull","operator":"Aura Power","repd_ref":"6965","repd_technology":"Battery","status":"Abandoned","technology":"bess"},"type":"Feature"},{"geometry":{"coordinates":[-1.4498421,53.2990163],"type":"Point"},"id":"GG2050-REPD-7087","properties":{"capacity_mw":18.0,"gg_project_id":"GG2050-REPD-7087","name":"Callywhite Lane Commercial Estate","operator":"Volta Energy Storage","repd_ref":"7087","repd_technology":"Battery","status":"Abandoned","technology":"bess"},"type":"Feature"},{"geometry":{"coordinates":[-5.3659685,50.2153124],"type":"Point"},"id":"GG2050-REPD-7726","properties":{"capacity_mw":18.0,"gg_project_id":"GG2050-REPD-7726","name":"Churchtown Solar Farm Battery Storage","operator":"Renewable Energy Systems (RES)","repd_ref":"7726","repd_technology":"Battery","status":"Planning Permission Expired","technology":"bess"},"type":"Feature"},{"geometry":{"coordinates":[-3.9445267,56.09836],"type":"Point"},"id":"GG2050-REPD-13401","properties":{"capacity_mw":18.0,"gg_project_id":"GG2050-REPD-13401","name":"Earlsburn Avenue - Earlsburn Wind Farm Extension","operator":"Naturalis Energy / REG Wind Power / Falck Renewables","repd_ref":"13401","repd_technology":"Battery","status":"Awaiting Construction","technology":"bess"},"type":"Feature"},{"geometry":{"coordinates":[-1.9653737,52.2471846],"type":"Point"},"id":"GG2050-REPD-6954","properties":{"capacity_mw":18.0,"gg_project_id":"GG2050-REPD-6954","name":"Feckenham Energy Storage System","operator":"Anesco","repd_ref":"6954","repd_technology":"Battery","status":"Application Withdrawn","technology":"bess"},"type":"Feature"},{"geometry":{"coordinates":[-3.2636499,56.5164673],"type":"Point"},"id":"GG2050-REPD-15690","properties":{"capacity_mw":18.0,"gg_project_id":"GG2050-REPD-15690","name":"Mill Of Peattie Farm, Kinnochtry Coupar - Battery Storage","operator":"Greentech","repd_ref":"15690","repd_technology":"Battery","status":"Application Refused","technology":"bess"},"type":"Feature"},{"geometry":{"coordinates":[-0.4134409,54.2646931],"type":"Point"},"id":"GG2050-REPD-7141","properties":{"capacity_mw":18.0,"gg_project_id":"GG2050-REPD-7141","name":"Queen Margarets Industrial Estate","operator":"Forepower","repd_ref":"7141","repd_technology":"Battery","status":"Abandoned","technology":"bess"},"type":"Feature"},{"geometry":{"coordinates":[-1.4148677,54.8332657],"type":"Point"},"id":"GG2050-REPD-18564","properties":{"capacity_mw":18.0,"gg_project_id":"GG2050-REPD-18564","name":"Salters Lane - Solar Panels","operator":"Grupotec Solar Uk 9 Limited","repd_ref":"18564","repd_technology":"Battery","status":"Application Submitted","technology":"bess"},"type":"Feature"},{"geometry":{"coordinates":[-0.3150104,50.8950347],"type":"Point"},"id":"GG2050-REPD-7062","properties":{"capacity_mw":18.0,"gg_project_id":"GG2050-REPD-7062","name":"Steyning Battery Energy Storage Facility","operator":"AMDC Energy","repd_ref":"7062","repd_technology":"Battery","status":"Abandoned","technology":"bess"},"type":"Feature"},{"geometry":{"coordinates":[-2.1834782,51.3474505],"type":"Point"},"id":"GG2050-REPD-9057","properties":{"capacity_mw":18.0,"gg_project_id":"GG2050-REPD-9057","name":"Whaddon Lane, Hilperton","operator":"British Solar Renewables","repd_ref":"9057","repd_technology":"Battery","status":"Awaiting Construction","technology":"bess"},"type":"Feature"},{"geometry":{"coordinates":[-7.3330377,55.0196379],"type":"Point"},"id":"GG2050-REPD-18441","properties":{"capacity_mw":17.0,"gg_project_id":"GG2050-REPD-18441","name":"Battery Energy Storage Facility Development in Derry","operator":"Heron Property Limited","repd_ref":"18441","repd_technology":"Battery","status":"Awaiting Construction","technology":"bess"},"type":"Feature"},{"geometry":{"coordinates":[-1.3045477,50.9630063],"type":"Point"},"id":"GG2050-REPD-14585","properties":{"capacity_mw":16.0,"gg_project_id":"GG2050-REPD-14585","name":"Allington Lane - Solar & Battery Farm","operator":"Eastleigh Borough Council","repd_ref":"14585","repd_technology":"Battery","status":"Awaiting Construction","technology":"bess"},"type":"Feature"},{"geometry":{"coordinates":[-1.12784,53.5029869],"type":"Point"},"id":"GG2050-REPD-14054","properties":{"capacity_mw":16.0,"gg_project_id":"GG2050-REPD-14054","name":"J3 Business Park - Battery Storage Facility","operator":"Forepower Limited","repd_ref":"14054","repd_technology":"Battery","status":"Awaiting Construction","technology":"bess"},"type":"Feature"},{"geometry":{"coordinates":[-4.4673008,55.3480071],"type":"Point"},"id":"GG2050-REPD-11676","properties":{"capacity_mw":16.0,"gg_project_id":"GG2050-REPD-11676","name":"Knockkippen Wind, Solar & Battery Farm","operator":"Falck Renewables / REG Windpower","repd_ref":"11676","repd_technology":"Battery","status":"Awaiting Construction","technology":"bess"},"type":"Feature"},{"geometry":{"coordinates":[-2.9543795,53.0341749],"type":"Point"},"id":"GG2050-REPD-11544","properties":{"capacity_mw":16.0,"gg_project_id":"GG2050-REPD-11544","name":"Little Llwyn Onn - Solar Farm & Battery Storage","operator":"Novus Renewable Services Limited","repd_ref":"11544","repd_technology":"Battery","status":"Awaiting Construction","technology":"bess"},"type":"Feature"},{"geometry":{"coordinates":[-3.2971276,56.5320972],"type":"Point"},"id":"GG2050-REPD-11623","properties":{"capacity_mw":16.0,"gg_project_id":"GG2050-REPD-11623","name":"Mains Of Keithick Farm, Keithick - Battery Storage & Solar Farm","operator":"EcoDev Group Limited","repd_ref":"11623","repd_technology":"Battery","status":"Awaiting Construction","technology":"bess"},"type":"Feature"},{"geometry":{"coordinates":[-1.22919,53.4403399],"type":"Point"},"id":"GG2050-REPD-12081","properties":{"capacity_mw":16.0,"gg_project_id":"GG2050-REPD-12081","name":"Mere Flats Solar Farm","operator":"NextPower UK","repd_ref":"12081","repd_technology":"Battery","status":"Application Submitted","technology":"bess"},"type":"Feature"},{"geometry":{"coordinates":[-2.9331991,54.8862558],"type":"Point"},"id":"GG2050-REPD-11611","properties":{"capacity_mw":15.5,"gg_project_id":"GG2050-REPD-11611","name":"Grassing Rome Street - Battery Storage","operator":"STOR 141 Limited","repd_ref":"11611","repd_technology":"Battery","status":"Awaiting Construction","technology":"bess"},"type":"Feature"},{"geometry":{"coordinates":[-1.2175221,50.8862083],"type":"Point"},"id":"GG2050-REPD-14145","properties":{"capacity_mw":15.0,"gg_project_id":"GG2050-REPD-14145","name":"Ash Farm, Titchfield Lane - Battery Storage","operator":"Botley Energy Reserve 2 Limited","repd_ref":"14145","repd_technology":"Battery","status":"Awaiting Construction","technology":"bess"},"type":"Feature"},{"geometry":{"coordinates":[-0.3638194,52.103465],"type":"Point"},"id":"GG2050-REPD-18336","properties":{"capacity_mw":15.0,"gg_project_id":"GG2050-REPD-18336","name":"Bedford Solar, Northill Road - Solar Farm & Battery Storage","operator":"QC Ubertino Limited","repd_ref":"18336","repd_technology":"Battery","status":"Application Submitted","technology":"bess"},"type":"Feature"},{"geometry":{"coordinates":[-1.0780813,51.2888481],"type":"Point"},"id":"GG2050-REPD-6902","properties":{"capacity_mw":15.0,"gg_project_id":"GG2050-REPD-6902","name":"Chineham Battery Energy Storage Facility","operator":"Camborne Energy Storage","repd_ref":"6902","repd_technology":"Battery","status":"Application Withdrawn","technology":"bess"},"type":"Feature"},{"geometry":{"coordinates":[-4.64456,57.3551527],"type":"Point"},"id":"GG2050-REPD-17576","properties":{"capacity_mw":15.0,"gg_project_id":"GG2050-REPD-17576","name":"Cnoc Farasd Wind Farm","operator":"E Power Limited","repd_ref":"17576","repd_technology":"Battery","status":"Application Submitted","technology":"bess"},"type":"Feature"},{"geometry":{"coordinates":[0.3985359,52.7611072],"type":"Point"},"id":"GG2050-REPD-9346","properties":{"capacity_mw":15.0,"gg_project_id":"GG2050-REPD-9346","name":"Estuary Farm, Edward Benefer Way - Solar Farm & Battery Storage","operator":"Namene Solar","repd_ref":"9346","repd_technology":"Battery","status":"Awaiting Construction","technology":"bess"},"type":"Feature"},{"geometry":{"coordinates":[-2.3783411,52.8500749],"type":"Point"},"id":"GG2050-REPD-16066","properties":{"capacity_mw":15.0,"gg_project_id":"GG2050-REPD-16066","name":"Flashbrook Road, Knighton - Solar Farm","operator":"Scottish Power Renewables","repd_ref":"16066","repd_technology":"Battery","status":"Application Submitted","technology":"bess"},"type":"Feature"},{"geometry":{"coordinates":[-4.9340424,54.9969728],"type":"Point"},"id":"GG2050-REPD-16807","properties":{"capacity_mw":15.0,"gg_project_id":"GG2050-REPD-16807","name":"High Mark Wind Farm - Wind Turbines","operator":"Wind Estate (UK) Ltd","repd_ref":"16807","repd_technology":"Battery","status":"Application Submitted","technology":"bess"},"type":"Feature"},{"geometry":{"coordinates":[-1.9902147,50.7263245],"type":"Point"},"id":"GG2050-REPD-7688","properties":{"capacity_mw":15.0,"gg_project_id":"GG2050-REPD-7688","name":"Holes Bay","operator":"Harmony Energy","repd_ref":"7688","repd_technology":"Battery","status":"Operational","technology":"bess"},"type":"Feature"},{"geometry":{"coordinates":[-3.2163123,58.6152524],"type":"Point"},"id":"GG2050-REPD-10246","properties":{"capacity_mw":15.0,"gg_project_id":"GG2050-REPD-10246","name":"Hollandmey Renewable Energy Development","operator":"Scottishpower Renewables","repd_ref":"10246","repd_technology":"Battery","status":"Awaiting Construction","technology":"bess"},"type":"Feature"},{"geometry":{"coordinates":[0.3277888,51.368587],"type":"Point"},"id":"GG2050-REPD-17222","properties":{"capacity_mw":15.0,"gg_project_id":"GG2050-REPD-17222","name":"Idleigh Court Road, New Ash Green - Solar Array","operator":"Evolution Power","repd_ref":"17222","repd_technology":"Battery","status":"Application Submitted","technology":"bess"},"type":"Feature"},{"geometry":{"coordinates":[-2.5716459,51.4849134],"type":"Point"},"id":"GG2050-REPD-6961","properties":{"capacity_mw":15.0,"gg_project_id":"GG2050-REPD-6961","name":"Lockleaze Energy Storage","operator":"Aura Power","repd_ref":"6961","repd_technology":"Battery","status":"Operational","technology":"bess"},"type":"Feature"},{"geometry":{"coordinates":[-3.5089897,56.131391],"type":"Point"},"id":"GG2050-REPD-15539","properties":{"capacity_mw":15.0,"gg_project_id":"GG2050-REPD-15539","name":"Nettly Burn Renewable Energy Park","operator":"Grupotec Solar UK 4 Ltd","repd_ref":"15539","repd_technology":"Battery","status":"Awaiting Construction","technology":"bess"},"type":"Feature"},{"geometry":{"coordinates":[-3.2906933,56.3408302],"type":"Point"},"id":"GG2050-REPD-13111","properties":{"capacity_mw":15.0,"gg_project_id":"GG2050-REPD-13111","name":"Newburgh Road, Abernethy - Energy Storage","operator":"Centrica Business Solutions","repd_ref":"13111","repd_technology":"Battery","status":"Awaiting Construction","technology":"bess"},"type":"Feature"},{"geometry":{"coordinates":[-1.1228589,52.2532023],"type":"Point"},"id":"GG2050-REPD-18605","properties":{"capacity_mw":15.0,"gg_project_id":"GG2050-REPD-18605","name":"Newnham Grange Farm - Battery Energy Storage","operator":"Neo Environmental (Belfast)","repd_ref":"18605","repd_technology":"Battery","status":"Application Submitted","technology":"bess"},"type":"Feature"},{"geometry":{"coordinates":[-1.6851036,52.4045489],"type":"Point"},"id":"GG2050-REPD-12348","properties":{"capacity_mw":15.0,"gg_project_id":"GG2050-REPD-12348","name":"Ryton End, Barston - Battery Storage","operator":"Greenfield Energy Consultancy Limited","repd_ref":"12348","repd_technology":"Battery","status":"Application Refused","technology":"bess"},"type":"Feature"},{"geometry":{"coordinates":[-3.3429092,51.1680586],"type":"Point"},"id":"GG2050-REPD-10766","properties":{"capacity_mw":15.0,"gg_project_id":"GG2050-REPD-10766","name":"Smithyard Lane - Battery Storage","operator":"Conrad Energy Limited","repd_ref":"10766","repd_technology":"Battery","status":"Awaiting Construction","technology":"bess"},"type":"Feature"},{"geometry":{"coordinates":[1.0489166,52.7148149],"type":"Point"},"id":"GG2050-REPD-8220","properties":{"capacity_mw":15.0,"gg_project_id":"GG2050-REPD-8220","name":"Three Bridges Solar Farm","operator":"Pathfinder Clean Energy UK Dev Limited","repd_ref":"8220","repd_technology":"Battery","status":"Awaiting Construction","technology":"bess"},"type":"Feature"},{"geometry":{"coordinates":[0.0786126,52.6870888],"type":"Point"},"id":"GG2050-REPD-16266","properties":{"capacity_mw":15.0,"gg_project_id":"GG2050-REPD-16266","name":"Tydd Solar Farm","operator":"Pathfinder Clean Energy UK Dev Limited","repd_ref":"16266","repd_technology":"Battery","status":"Application Refused","technology":"bess"},"type":"Feature"},{"geometry":{"coordinates":[0.0780586,52.6875751],"type":"Point"},"id":"GG2050-REPD-16512","properties":{"capacity_mw":15.0,"gg_project_id":"GG2050-REPD-16512","name":"Tydd Solar Farm","operator":"Pathfinder Clean Energy UK Dev Limited","repd_ref":"16512","repd_technology":"Battery","status":"Application Refused","technology":"bess"},"type":"Feature"},{"geometry":{"coordinates":[-1.8794003,53.2726546],"type":"Point"},"id":"GG2050-REPD-10716","properties":{"capacity_mw":15.0,"gg_project_id":"GG2050-REPD-10716","name":"Waterswallows Road - Buxton Battery Storage Equipment","operator":"Atlantic Green","repd_ref":"10716","repd_technology":"Battery","status":"Operational","technology":"bess"},"type":"Feature"},{"geometry":{"coordinates":[-1.8794003,53.2726546],"type":"Point"},"id":"GG2050-REPD-20381","properties":{"capacity_mw":15.0,"gg_project_id":"GG2050-REPD-20381","name":"Waterswallows Road - Buxton Battery Storage Equipment","operator":"Atlantic Green","repd_ref":"20381","repd_technology":"Battery","status":"Operational","technology":"bess"},"type":"Feature"},{"geometry":{"coordinates":[-2.5530769,57.5782908],"type":"Point"},"id":"GG2050-REPD-17760","properties":{"capacity_mw":14.9,"gg_project_id":"GG2050-REPD-17760","name":"Brownside Farm - Electricity Production Facility & Battery Storage","operator":"Aberdeenshire Council","repd_ref":"17760","repd_technology":"Battery","status":"Awaiting Construction","technology":"bess"},"type":"Feature"},{"geometry":{"coordinates":[-1.1689544,60.1882539],"type":"Point"},"id":"GG2050-REPD-15823","properties":{"capacity_mw":14.9,"gg_project_id":"GG2050-REPD-15823","name":"Luggies Knowe, Hill Of Gremista - Wind Turbines & Battery Storage","operator":"Shetland Aerogenerators Ltd","repd_ref":"15823","repd_technology":"Battery","status":"Awaiting Construction","technology":"bess"},"type":"Feature"},{"geometry":{"coordinates":[-3.1268694,55.1858475],"type":"Point"},"id":"GG2050-REPD-11066","properties":{"capacity_mw":14.1,"gg_project_id":"GG2050-REPD-11066","name":"Hopsrig Wind Farm","operator":"Muirhall Energy Limited","repd_ref":"11066","repd_technology":"Battery","status":"Application Submitted","technology":"bess"},"type":"Feature"},{"geometry":{"coordinates":[-0.5067137,51.1518267],"type":"Point"},"id":"GG2050-REPD-8269","properties":{"capacity_mw":14.0,"gg_project_id":"GG2050-REPD-8269","name":"Guildford Road Battery Storage Facility","operator":"Conrad Energy (Developments) Limited","repd_ref":"8269","repd_technology":"Battery","status":"Application Submitted","technology":"bess"},"type":"Feature"},{"geometry":{"coordinates":[-2.153875,52.2162971],"type":"Point"},"id":"GG2050-REPD-13096","properties":{"capacity_mw":14.0,"gg_project_id":"GG2050-REPD-13096","name":"Pershore Lane, Tibberton - Battery Energy Storage System","operator":"Sirius Renewable Energy","repd_ref":"13096","repd_technology":"Battery","status":"Awaiting Construction","technology":"bess"},"type":"Feature"},{"geometry":{"coordinates":[-2.7620006,53.358703],"type":"Point"},"id":"GG2050-REPD-12904","properties":{"capacity_mw":14.0,"gg_project_id":"GG2050-REPD-12904","name":"St Michaels Road, Ditton Road - Battery Storage","operator":"Shell Green Limited","repd_ref":"12904","repd_technology":"Battery","status":"Awaiting Construction","technology":"bess"},"type":"Feature"},{"geometry":{"coordinates":[-4.0073013,55.5589819],"type":"Point"},"id":"GG2050-REPD-15101","properties":{"capacity_mw":13.9,"gg_project_id":"GG2050-REPD-15101","name":"Hare Craig Windfarm","operator":"EnergieKontor UK","repd_ref":"15101","repd_technology":"Battery","status":"Awaiting Construction","technology":"bess"},"type":"Feature"},{"geometry":{"coordinates":[-0.8923644,51.752673],"type":"Point"},"id":"GG2050-REPD-6913","properties":{"capacity_mw":13.3,"gg_project_id":"GG2050-REPD-6913","name":"Bumpers Lane Solar Farm","operator":"Anesco","repd_ref":"6913","repd_technology":"Battery","status":"Operational","technology":"bess"},"type":"Feature"},{"geometry":{"coordinates":[-1.7883392,52.5295866],"type":"Point"},"id":"GG2050-REPD-11008","properties":{"capacity_mw":13.1,"gg_project_id":"GG2050-REPD-11008","name":"Maybrook Road - Battery facility","operator":"Conrad Energy (Develeopments) Limited","repd_ref":"11008","repd_technology":"Battery","status":"Awaiting Construction","technology":"bess"},"type":"Feature"},{"geometry":{"coordinates":[-1.9600556,53.3405644],"type":"Point"},"id":"GG2050-REPD-15127","properties":{"capacity_mw":13.0,"gg_project_id":"GG2050-REPD-15127","name":"Dolly Lane, Buxworth - Battery Storage Facility & Sub Station","operator":"W Rigby & Sons","repd_ref":"15127","repd_technology":"Battery","status":"Awaiting Construction","technology":"bess"},"type":"Feature"},{"geometry":{"coordinates":[-1.8172661,54.9125389],"type":"Point"},"id":"GG2050-REPD-14960","properties":{"capacity_mw":13.0,"gg_project_id":"GG2050-REPD-14960","name":"Greenhead Energy Park","operator":"Exagen","repd_ref":"14960","repd_technology":"Battery","status":"Application Submitted","technology":"bess"},"type":"Feature"},{"geometry":{"coordinates":[-2.4629666,52.8807975],"type":"Point"},"id":"GG2050-REPD-13144","properties":{"capacity_mw":13.0,"gg_project_id":"GG2050-REPD-13144","name":"Hollins Lane - Battery Energy Storage","operator":"Hydrock Consultants Limited","repd_ref":"13144","repd_technology":"Battery","status":"Awaiting Construction","technology":"bess"},"type":"Feature"},{"geometry":{"coordinates":[-2.1659962,51.3809346],"type":"Point"},"id":"GG2050-REPD-7183","properties":{"capacity_mw":13.0,"gg_project_id":"GG2050-REPD-7183","name":"Leechpool Farm, Norrington Battery Storage","operator":"Ecotricity","repd_ref":"7183","repd_technology":"Battery","status":"Planning Permission Expired","technology":"bess"},"type":"Feature"},{"geometry":{"coordinates":[-0.7957067,54.1632118],"type":"Point"},"id":"GG2050-REPD-8348","properties":{"capacity_mw":12.63,"gg_project_id":"GG2050-REPD-8348","name":"Windmill Farm Solar Farm (Old Malton)","operator":"Harmony Energy","repd_ref":"8348","repd_technology":"Battery","status":"Awaiting Construction","technology":"bess"},"type":"Feature"},{"geometry":{"coordinates":[-3.0376176,56.3147264],"type":"Point"},"id":"GG2050-REPD-16664","properties":{"capacity_mw":12.5,"gg_project_id":"GG2050-REPD-16664","name":"Fife Tractors, Drum Road - Battery Energy Storage","operator":"Downing Renewable Developments","repd_ref":"16664","repd_technology":"Battery","status":"Application Refused","technology":"bess"},"type":"Feature"},{"geometry":{"coordinates":[-1.9021718,54.8979621],"type":"Point"},"id":"GG2050-REPD-12312","properties":{"capacity_mw":12.5,"gg_project_id":"GG2050-REPD-12312","name":"Highfield Energy Park","operator":"Exagen","repd_ref":"12312","repd_technology":"Battery","status":"Appeal Lodged","technology":"bess"},"type":"Feature"},{"geometry":{"coordinates":[-0.2472739,51.9229272],"type":"Point"},"id":"GG2050-REPD-17446","properties":{"capacity_mw":12.5,"gg_project_id":"GG2050-REPD-17446","name":"St Ippolyts - Solar Farm & Battery Storage","operator":"Brockwell Storage & Solar Limited","repd_ref":"17446","repd_technology":"Battery","status":"Awaiting Construction","technology":"bess"},"type":"Feature"},{"geometry":{"coordinates":[-0.2472739,51.9229272],"type":"Point"},"id":"GG2050-REPD-9695","properties":{"capacity_mw":12.5,"gg_project_id":"GG2050-REPD-9695","name":"St Ippolyts - Solar Farm & Battery Storage","operator":"RNA Energy Limited","repd_ref":"9695","repd_technology":"Battery","status":"Revised","technology":"bess"},"type":"Feature"},{"geometry":{"coordinates":[-4.6561063,58.0098277],"type":"Point"},"id":"GG2050-REPD-15537","properties":{"capacity_mw":12.0,"gg_project_id":"GG2050-REPD-15537","name":"Allt an Tuir Renewable Energy Park","operator":"REG Windpower Limited / ESB Energy Limited","repd_ref":"15537","repd_technology":"Battery","status":"Application Submitted","technology":"bess"},"type":"Feature"},{"geometry":{"coordinates":[-1.276467,54.7330911],"type":"Point"},"id":"GG2050-REPD-18248","properties":{"capacity_mw":12.0,"gg_project_id":"GG2050-REPD-18248","name":"Benridge Farm, Fillpoke Lane - Battery Energy Storage System","operator":"Development at Benridge Farm","repd_ref":"18248","repd_technology":"Battery","status":"Application Submitted","technology":"bess"},"type":"Feature"},{"geometry":{"coordinates":[-3.3583447,58.5443448],"type":"Point"},"id":"GG2050-REPD-10847","properties":{"capacity_mw":12.0,"gg_project_id":"GG2050-REPD-10847","name":"Castletown - Wind Farm","operator":"Wind 2 Limited","repd_ref":"10847","repd_technology":"Battery","status":"Application Submitted","technology":"bess"},"type":"Feature"},{"geometry":{"coordinates":[-0.0675352,51.2880147],"type":"Point"},"id":"GG2050-REPD-15574","properties":{"capacity_mw":12.0,"gg_project_id":"GG2050-REPD-15574","name":"Caterham Bypass - Battery Energy Storage","operator":"Ylem Energy Limited","repd_ref":"15574","repd_technology":"Battery","status":"Awaiting Construction","technology":"bess"},"type":"Feature"},{"geometry":{"coordinates":[-2.4118032,53.1622399],"type":"Point"},"id":"GG2050-REPD-11701","properties":{"capacity_mw":12.0,"gg_project_id":"GG2050-REPD-11701","name":"Dragons Lane - Battery Storage Facility","operator":"Hydrock","repd_ref":"11701","repd_technology":"Battery","status":"Awaiting Construction","technology":"bess"},"type":"Feature"},{"geometry":{"coordinates":[-4.0286799,54.8168094],"type":"Point"},"id":"GG2050-REPD-16847","properties":{"capacity_mw":12.0,"gg_project_id":"GG2050-REPD-16847","name":"Little Drum Solar Farm - Solar Park & Battery Storage","operator":"Grupotec Solar UK 5 Limited","repd_ref":"16847","repd_technology":"Battery","status":"Awaiting Construction","technology":"bess"},"type":"Feature"},{"geometry":{"coordinates":[-1.2098499,53.5649761],"type":"Point"},"id":"GG2050-REPD-7079","properties":{"capacity_mw":12.0,"gg_project_id":"GG2050-REPD-7079","name":"Long Lands Lane","operator":"Tiger Energy","repd_ref":"7079","repd_technology":"Battery","status":"Abandoned","technology":"bess"},"type":"Feature"},{"geometry":{"coordinates":[-2.038864,52.4544242],"type":"Point"},"id":"GG2050-REPD-7984","properties":{"capacity_mw":12.0,"gg_project_id":"GG2050-REPD-7984","name":"Mucklow Hill","operator":"Volta Energy Storage","repd_ref":"7984","repd_technology":"Battery","status":"Planning Permission Expired","technology":"bess"},"type":"Feature"},{"geometry":{"coordinates":[-2.6995884,52.3776964],"type":"Point"},"id":"GG2050-REPD-15248","properties":{"capacity_mw":12.0,"gg_project_id":"GG2050-REPD-15248","name":"Rock Farm - Solar Farm","operator":"Enviromena","repd_ref":"15248","repd_technology":"Battery","status":"Under Construction","technology":"bess"},"type":"Feature"},{"geometry":{"coordinates":[-3.0135025,55.6508276],"type":"Point"},"id":"GG2050-REPD-13000","properties":{"capacity_mw":12.0,"gg_project_id":"GG2050-REPD-13000","name":"Scawd Law Wind Farm","operator":"Fred Olsen Renewables","repd_ref":"13000","repd_technology":"Battery","status":"Application Submitted","technology":"bess"},"type":"Feature"},{"geometry":{"coordinates":[-1.7903609,53.7954121],"type":"Point"},"id":"GG2050-REPD-18096","properties":{"capacity_mw":12.0,"gg_project_id":"GG2050-REPD-18096","name":"Stor Generation Plant - Battery Storage","operator":"Green Frog Power 214 Limited","repd_ref":"18096","repd_technology":"Battery","status":"Awaiting Construction","technology":"bess"},"type":"Feature"},{"geometry":{"coordinates":[-1.7903609,53.7954121],"type":"Point"},"id":"GG2050-REPD-8998","properties":{"capacity_mw":12.0,"gg_project_id":"GG2050-REPD-8998","name":"Stor Generation Plant - Battery Storage","operator":"Green Frog Power 214 Limited","repd_ref":"8998","repd_technology":"Battery","status":"Revised","technology":"bess"},"type":"Feature"},{"geometry":{"coordinates":[-3.1355192,54.997767],"type":"Point"},"id":"GG2050-REPD-18587","properties":{"capacity_mw":12.0,"gg_project_id":"GG2050-REPD-18587","name":"West Scales Energy Park","operator":"West Scales Windfarm Limited","repd_ref":"18587","repd_technology":"Battery","status":"Application Submitted","technology":"bess"},"type":"Feature"},{"geometry":{"coordinates":[-4.9657898,51.7642116],"type":"Point"},"id":"GG2050-REPD-15562","properties":{"capacity_mw":12.0,"gg_project_id":"GG2050-REPD-15562","name":"White House Farm","operator":"Qair UK","repd_ref":"15562","repd_technology":"Battery","status":"Application Submitted","technology":"bess"},"type":"Feature"},{"geometry":{"coordinates":[-1.2990939,53.3648694],"type":"Point"},"id":"GG2050-REPD-17927","properties":{"capacity_mw":11.97,"gg_project_id":"GG2050-REPD-17927","name":"New South Farm, Piper Lane - Solar Farm","operator":"Abei Energy Group","repd_ref":"17927","repd_technology":"Battery","status":"Application Submitted","technology":"bess"},"type":"Feature"},{"geometry":{"coordinates":[0.3287728,51.4134439],"type":"Point"},"id":"GG2050-REPD-20328","properties":{"capacity_mw":11.0,"gg_project_id":"GG2050-REPD-20328","name":"Broadditch Battery Energy","operator":"Harmony Energy","repd_ref":"20328","repd_technology":"Battery","status":"Operational","technology":"bess"},"type":"Feature"},{"geometry":{"coordinates":[-4.4416434,55.324802],"type":"Point"},"id":"GG2050-REPD-14090","properties":{"capacity_mw":11.0,"gg_project_id":"GG2050-REPD-14090","name":"Enoch Hill, Dalmellington - Battery Storage","operator":"RWE Renewables Uk Limited","repd_ref":"14090","repd_technology":"Battery","status":"Awaiting Construction","technology":"bess"},"type":"Feature"},{"geometry":{"coordinates":[-2.3503397,53.5495249],"type":"Point"},"id":"GG2050-REPD-19074","properties":{"capacity_mw":11.0,"gg_project_id":"GG2050-REPD-19074","name":"Shore Top Farm, Kearsley Road - Battery Energy Storage","operator":"Taiyo Power & Storage Limited","repd_ref":"19074","repd_technology":"Battery","status":"Awaiting Construction","technology":"bess"},"type":"Feature"},{"geometry":{"coordinates":[0.5912529,51.5855636],"type":"Point"},"id":"GG2050-REPD-6984","properties":{"capacity_mw":10.8,"gg_project_id":"GG2050-REPD-6984","name":"Rayleigh Transforming Station","operator":"Aura Power / South East Grid Storage Two","repd_ref":"6984","repd_technology":"Battery","status":"Planning Permission Expired","technology":"bess"},"type":"Feature"},{"geometry":{"coordinates":[-1.420392,54.7649131],"type":"Point"},"id":"GG2050-REPD-16831","properties":{"capacity_mw":10.35,"gg_project_id":"GG2050-REPD-16831","name":"Harehill Farm, Haswell Plough - Solar Farm & Battery Energy Storage","operator":"Hare Hill Solar Limited","repd_ref":"16831","repd_technology":"Battery","status":"Application Refused","technology":"bess"},"type":"Feature"},{"geometry":{"coordinates":[-5.767212,54.7244068],"type":"Point"},"id":"GG2050-REPD-6845","properties":{"capacity_mw":10.0,"gg_project_id":"GG2050-REPD-6845","name":"AES Kilroot Station Battery Storage Array","operator":"AES Kilroot Power (AES KPL)","repd_ref":"6845","repd_technology":"Battery","status":"Operational","technology":"bess"},"type":"Feature"},{"geometry":{"coordinates":[-2.4645193,51.2585256],"type":"Point"},"id":"GG2050-REPD-14026","properties":{"capacity_mw":10.0,"gg_project_id":"GG2050-REPD-14026","name":"Ash Farm, Charlton Road - Battery Storage System","operator":"Ash Farm Solar Limited","repd_ref":"14026","repd_technology":"Battery","status":"Awaiting Construction","technology":"bess"},"type":"Feature"},{"geometry":{"coordinates":[-2.2729873,52.8950593],"type":"Point"},"id":"GG2050-REPD-12571","properties":{"capacity_mw":10.0,"gg_project_id":"GG2050-REPD-12571","name":"Aspley House Farm, Aspley Lane - Battery Storage Facility","operator":"Hydrock","repd_ref":"12571","repd_technology":"Battery","status":"Awaiting Construction","technology":"bess"},"type":"Feature"},{"geometry":{"coordinates":[-3.8851627,57.3448684],"type":"Point"},"id":"GG2050-REPD-14769","properties":{"capacity_mw":10.0,"gg_project_id":"GG2050-REPD-14769","name":"Balnespick Wind Farm","operator":"Fred Olsen Renewables Limited","repd_ref":"14769","repd_technology":"Battery","status":"Application Submitted","technology":"bess"},"type":"Feature"},{"geometry":{"coordinates":[-2.9251609,52.6393881],"type":"Point"},"id":"GG2050-REPD-11369","properties":{"capacity_mw":10.0,"gg_project_id":"GG2050-REPD-11369","name":"Bath Mews, Minsterley - Battery Storage Facility","operator":"Hydrock Consultants Limited","repd_ref":"11369","repd_technology":"Battery","status":"Revised","technology":"bess"},"type":"Feature"},{"geometry":{"coordinates":[-2.9250221,52.6398117],"type":"Point"},"id":"GG2050-REPD-13480","properties":{"capacity_mw":10.0,"gg_project_id":"GG2050-REPD-13480","name":"Bath Mews, Minsterley - Battery Storage Facility","operator":"Hydrock Consultants Limited","repd_ref":"13480","repd_technology":"Battery","status":"Revised","technology":"bess"},"type":"Feature"},{"geometry":{"coordinates":[-2.9250221,52.6398117],"type":"Point"},"id":"GG2050-REPD-16074","properties":{"capacity_mw":10.0,"gg_project_id":"GG2050-REPD-16074","name":"Bath Mews, Minsterley - Battery Storage Facility","operator":"Fig Power","repd_ref":"16074","repd_technology":"Battery","status":"Awaiting Construction","technology":"bess"},"type":"Feature"},{"geometry":{"coordinates":[-3.338259,56.3058046],"type":"Point"},"id":"GG2050-REPD-9098","properties":{"capacity_mw":10.0,"gg_project_id":"GG2050-REPD-9098","name":"Binn Eco Park - Battery","operator":"Green Cat Renewables Developments","repd_ref":"9098","repd_technology":"Battery","status":"Awaiting Construction","technology":"bess"},"type":"Feature"},{"geometry":{"coordinates":[-1.3984598,53.4201346],"type":"Point"},"id":"GG2050-REPD-6906","properties":{"capacity_mw":10.0,"gg_project_id":"GG2050-REPD-6906","name":"Blackburn Meadows","operator":"E.ON UK","repd_ref":"6906","repd_technology":"Battery","status":"Operational","technology":"bess"},"type":"Feature"},{"geometry":{"coordinates":[-0.1227677,53.5464548],"type":"Point"},"id":"GG2050-REPD-13863","properties":{"capacity_mw":10.0,"gg_project_id":"GG2050-REPD-13863","name":"Bradley Road - Battery Energy Storage System","operator":"Renewable Connections Developments Limited","repd_ref":"13863","repd_technology":"Battery","status":"Awaiting Construction","technology":"bess"},"type":"Feature"},{"geometry":{"coordinates":[-3.0484399,53.4077852],"type":"Point"},"id":"GG2050-REPD-7986","properties":{"capacity_mw":10.0,"gg_project_id":"GG2050-REPD-7986","name":"Britannia House","operator":"Peel Energy","repd_ref":"7986","repd_technology":"Battery","status":"Planning Permission Expired","technology":"bess"},"type":"Feature"},{"geometry":{"coordinates":[-1.1280926,53.8295217],"type":"Point"},"id":"GG2050-REPD-17886","properties":{"capacity_mw":10.0,"gg_project_id":"GG2050-REPD-17886","name":"Broad Lane, Cawood - Solar Farm & Battery Storage","operator":"Quintas Cleantech","repd_ref":"17886","repd_technology":"Battery","status":"Application Submitted","technology":"bess"},"type":"Feature"},{"geometry":{"coordinates":[-1.9216967,51.7108579],"type":"Point"},"id":"GG2050-REPD-12791","properties":{"capacity_mw":10.0,"gg_project_id":"GG2050-REPD-12791","name":"Cirencester Solar Farm","operator":"Warrington Borough Council / Statkraft","repd_ref":"12791","repd_technology":"Battery","status":"Operational","technology":"bess"},"type":"Feature"},{"geometry":{"coordinates":[-3.5293008,54.5033593],"type":"Point"},"id":"GG2050-REPD-7177","properties":{"capacity_mw":10.0,"gg_project_id":"GG2050-REPD-7177","name":"Cleator","operator":"Low Carbon Storage Investment Company/ VLC","repd_ref":"7177","repd_technology":"Battery","status":"Operational","technology":"bess"},"type":"Feature"},{"geometry":{"coordinates":[-4.6615289,57.1389927],"type":"Point"},"id":"GG2050-REPD-10714","properties":{"capacity_mw":10.0,"gg_project_id":"GG2050-REPD-10714","name":"Culachy Wind Farm","operator":"Fred Olsen Renewables Limited","repd_ref":"10714","repd_technology":"Battery","status":"Application Refused","technology":"bess"},"type":"Feature"},{"geometry":{"coordinates":[-2.9391686,56.6539021],"type":"Point"},"id":"GG2050-REPD-9066","properties":{"capacity_mw":10.0,"gg_project_id":"GG2050-REPD-9066","name":"Dragonhall Farm, Padanaram - Battery Storage","operator":"Ecosse Solar Parks Limited","repd_ref":"9066","repd_technology":"Battery","status":"Under Construction","technology":"bess"},"type":"Feature"},{"geometry":{"coordinates":[-2.5406341,56.745759],"type":"Point"},"id":"GG2050-REPD-7675","properties":{"capacity_mw":10.0,"gg_project_id":"GG2050-REPD-7675","name":"East Ballochy","operator":"ScottishPower Renewables","repd_ref":"7675","repd_technology":"Battery","status":"Awaiting Construction","technology":"bess"},"type":"Feature"},{"geometry":{"coordinates":[0.023764,52.7347648],"type":"Point"},"id":"GG2050-REPD-17791","properties":{"capacity_mw":10.0,"gg_project_id":"GG2050-REPD-17791","name":"Fendyke Farm - Battery Energy Storage","operator":"Integrum SPV 21014 Limited","repd_ref":"17791","repd_technology":"Battery","status":"Application Refused","technology":"bess"},"type":"Feature"},{"geometry":{"coordinates":[-3.2649732,56.1147946],"type":"Point"},"id":"GG2050-REPD-10434","properties":{"capacity_mw":10.0,"gg_project_id":"GG2050-REPD-10434","name":"Glenniston Farm, Auchtertool - Solar Farm","operator":"Locogen Consulting Limited","repd_ref":"10434","repd_technology":"Battery","status":"Awaiting Construction","technology":"bess"},"type":"Feature"},{"geometry":{"coordinates":[-4.2690486,55.4043771],"type":"Point"},"id":"GG2050-REPD-7159","properties":{"capacity_mw":10.0,"gg_project_id":"GG2050-REPD-7159","name":"Greenburn Wind Park","operator":"REG Windpower Limited","repd_ref":"7159","repd_technology":"Battery","status":"Awaiting Construction","technology":"bess"},"type":"Feature"},{"geometry":{"coordinates":[-2.7621839,59.2250256],"type":"Point"},"id":"GG2050-REPD-19259","properties":{"capacity_mw":10.0,"gg_project_id":"GG2050-REPD-19259","name":"Greentoft, Neven Point, Eday - Wind Turbines & BESS","operator":"Green Power (International) Limited","repd_ref":"19259","repd_technology":"Battery","status":"Application Submitted","technology":"bess"},"type":"Feature"},{"geometry":{"coordinates":[-1.36655,54.7722198],"type":"Point"},"id":"GG2050-REPD-19425","properties":{"capacity_mw":10.0,"gg_project_id":"GG2050-REPD-19425","name":"Hackworth Road, North West Industrial Estate - Solar Panels","operator":"ABEI Energy Green IX Limited","repd_ref":"19425","repd_technology":"Battery","status":"Application Submitted","technology":"bess"},"type":"Feature"},{"geometry":{"coordinates":[0.1393708,51.8850065],"type":"Point"},"id":"GG2050-REPD-7068","properties":{"capacity_mw":10.0,"gg_project_id":"GG2050-REPD-7068","name":"Hadham Road","operator":"Private Developer","repd_ref":"7068","repd_technology":"Battery","status":"Planning Permission Expired","technology":"bess"},"type":"Feature"},{"geometry":{"coordinates":[-1.4589058,52.7278715],"type":"Point"},"id":"GG2050-REPD-6915","properties":{"capacity_mw":10.0,"gg_project_id":"GG2050-REPD-6915","name":"Hill Farm - Energy Barn","operator":"Anesco/ Green Hedge Energy UK","repd_ref":"6915","repd_technology":"Battery","status":"Operational","technology":"bess"},"type":"Feature"},{"geometry":{"coordinates":[0.3572451,51.6377659],"type":"Point"},"id":"GG2050-REPD-20396","properties":{"capacity_mw":10.0,"gg_project_id":"GG2050-REPD-20396","name":"Hutton Battery Storage (Lower Road)","operator":"Gore Street Capital / Flexitricity Limited","repd_ref":"20396","repd_technology":"Battery","status":"Operational","technology":"bess"},"type":"Feature"},{"geometry":{"coordinates":[-1.1278255,53.5029599],"type":"Point"},"id":"GG2050-REPD-12920","properties":{"capacity_mw":10.0,"gg_project_id":"GG2050-REPD-12920","name":"J3 Business Park - Battery Energy Storage Facility","operator":"Forepower Limited","repd_ref":"12920","repd_technology":"Battery","status":"Under Construction","technology":"bess"},"type":"Feature"},{"geometry":{"coordinates":[-1.575143,53.9153715],"type":"Point"},"id":"GG2050-REPD-16763","properties":{"capacity_mw":10.0,"gg_project_id":"GG2050-REPD-16763","name":"Juniper Farm, Main Street - BESS","operator":"ABEI Energy Group","repd_ref":"16763","repd_technology":"Battery","status":"Application Submitted","technology":"bess"},"type":"Feature"},{"geometry":{"coordinates":[-0.3171625,50.8897687],"type":"Point"},"id":"GG2050-REPD-6916","properties":{"capacity_mw":10.0,"gg_project_id":"GG2050-REPD-6916","name":"Kings Barn Farm - Energy Barn","operator":"Anesco/ Green Hedge Energy UK","repd_ref":"6916","repd_technology":"Battery","status":"Operational","technology":"bess"},"type":"Feature"},{"geometry":{"coordinates":[-0.1671697,52.5564331],"type":"Point"},"id":"GG2050-REPD-17656","properties":{"capacity_mw":10.0,"gg_project_id":"GG2050-REPD-17656","name":"Kings Dyke, Whittlesey - Battery Energy Storage","operator":"Power Initiatives Limited","repd_ref":"17656","repd_technology":"Battery","status":"Awaiting Construction","technology":"bess"},"type":"Feature"},{"geometry":{"coordinates":[-1.8121531,50.886637],"type":"Point"},"id":"GG2050-REPD-7143","properties":{"capacity_mw":10.0,"gg_project_id":"GG2050-REPD-7143","name":"Land Adj Harmer Warren Quarry","operator":"New Forest Energy (formerly Somerley Estate)","repd_ref":"7143","repd_technology":"Battery","status":"Under Construction","technology":"bess"},"type":"Feature"},{"geometry":{"coordinates":[-5.0275822,54.903641],"type":"Point"},"id":"GG2050-REPD-15045","properties":{"capacity_mw":10.0,"gg_project_id":"GG2050-REPD-15045","name":"Larbrax Wind Farm","operator":"Orsted Onshore UK Limited","repd_ref":"15045","repd_technology":"Battery","status":"Application Submitted","technology":"bess"},"type":"Feature"},{"geometry":{"coordinates":[-2.2991566,51.8842271],"type":"Point"},"id":"GG2050-REPD-19390","properties":{"capacity_mw":10.0,"gg_project_id":"GG2050-REPD-19390","name":"Lassington Lane, Highnam - Battery Storage","operator":"Pathfinder Clean Energy UK Dev Limited","repd_ref":"19390","repd_technology":"Battery","status":"Application Submitted","technology":"bess"},"type":"Feature"},{"geometry":{"coordinates":[-3.18744,55.6520351],"type":"Point"},"id":"GG2050-REPD-16496","properties":{"capacity_mw":10.0,"gg_project_id":"GG2050-REPD-16496","name":"Leithenwater Wind Energy Hub - Wind Farm","operator":"Belltown Power Limited","repd_ref":"16496","repd_technology":"Battery","status":"Application Submitted","technology":"bess"},"type":"Feature"},{"geometry":{"coordinates":[-3.7792388,57.3995183],"type":"Point"},"id":"GG2050-REPD-10237","properties":{"capacity_mw":10.0,"gg_project_id":"GG2050-REPD-10237","name":"Lethen Wind Farm Wind Turbines and Energy Storage","operator":"Fred Olsen Renewables Ltd","repd_ref":"10237","repd_technology":"Battery","status":"Application Refused","technology":"bess"},"type":"Feature"},{"geometry":{"coordinates":[-0.5640301,53.2599545],"type":"Point"},"id":"GG2050-REPD-6917","properties":{"capacity_mw":10.0,"gg_project_id":"GG2050-REPD-6917","name":"Leverton Farm - Energy Barn","operator":"Eelpower","repd_ref":"6917","repd_technology":"Battery","status":"Operational","technology":"bess"},"type":"Feature"},{"geometry":{"coordinates":[-1.0331293,52.0738284],"type":"Point"},"id":"GG2050-REPD-7011","properties":{"capacity_mw":10.0,"gg_project_id":"GG2050-REPD-7011","name":"Litchlake Farm","operator":"Hall Farm Energy","repd_ref":"7011","repd_technology":"Battery","status":"Planning Permission Expired","technology":"bess"},"type":"Feature"},{"geometry":{"coordinates":[-3.2630763,58.5949245],"type":"Point"},"id":"GG2050-REPD-16917","properties":{"capacity_mw":10.0,"gg_project_id":"GG2050-REPD-16917","name":"Lochend Holding, Barrock - Wind Farm","operator":"Constantine Group Limited","repd_ref":"16917","repd_technology":"Battery","status":"Application Submitted","technology":"bess"},"type":"Feature"},{"geometry":{"coordinates":[0.1918098,53.1475057],"type":"Point"},"id":"GG2050-REPD-6948","properties":{"capacity_mw":10.0,"gg_project_id":"GG2050-REPD-6948","name":"Manor Farm Energy Storage","operator":"Innova Renewables Limited","repd_ref":"6948","repd_technology":"Battery","status":"Awaiting Construction","technology":"bess"},"type":"Feature"},{"geometry":{"coordinates":[-1.0898122,53.2994559],"type":"Point"},"id":"GG2050-REPD-7035","properties":{"capacity_mw":10.0,"gg_project_id":"GG2050-REPD-7035","name":"Manton Wood","operator":"Lark Gas Assets","repd_ref":"7035","repd_technology":"Battery","status":"Planning Permission Expired","technology":"bess"},"type":"Feature"},{"geometry":{"coordinates":[-0.7622761,53.8390246],"type":"Point"},"id":"GG2050-REPD-17894","properties":{"capacity_mw":10.0,"gg_project_id":"GG2050-REPD-17894","name":"Market Weighton Road, Barlby - Solar Farm & Battery Storage","operator":"Quintas Cleantech","repd_ref":"17894","repd_technology":"Battery","status":"Application Submitted","technology":"bess"},"type":"Feature"},{"geometry":{"coordinates":[-1.6991492,52.5502773],"type":"Point"},"id":"GG2050-REPD-17950","properties":{"capacity_mw":10.0,"gg_project_id":"GG2050-REPD-17950","name":"Marston Fields Farm, Kingsbury Road - Battery Energy Storage","operator":"PACE Wedge Energy Limited","repd_ref":"17950","repd_technology":"Battery","status":"Awaiting Construction","technology":"bess"},"type":"Feature"},{"geometry":{"coordinates":[-0.738718,53.3214577],"type":"Point"},"id":"GG2050-REPD-20514","properties":{"capacity_mw":10.0,"gg_project_id":"GG2050-REPD-20514","name":"Marton Sewage Works, High Street - Battery Energy Storage","operator":"Loire Capital Holdings Limited","repd_ref":"20514","repd_technology":"Battery","status":"Application Submitted","technology":"bess"},"type":"Feature"},{"geometry":{"coordinates":[-2.0245089,52.5459636],"type":"Point"},"id":"GG2050-REPD-14747","properties":{"capacity_mw":10.0,"gg_project_id":"GG2050-REPD-14747","name":"Midland Quarry Products, Smith Road - Battery Storage","operator":"Gresham House Devco Pipeline Limited","repd_ref":"14747","repd_technology":"Battery","status":"Awaiting Construction","technology":"bess"},"type":"Feature"},{"geometry":{"coordinates":[-2.0073876,51.6014784],"type":"Point"},"id":"GG2050-REPD-7942","properties":{"capacity_mw":10.0,"gg_project_id":"GG2050-REPD-7942","name":"Minety Substation","operator":"JBM Solar Project","repd_ref":"7942","repd_technology":"Battery","status":"Awaiting Construction","technology":"bess"},"type":"Feature"},{"geometry":{"coordinates":[-2.2075263,53.5052309],"type":"Point"},"id":"GG2050-REPD-8085","properties":{"capacity_mw":10.0,"gg_project_id":"GG2050-REPD-8085","name":"Moston Vale","operator":"Novus Renewable Services","repd_ref":"8085","repd_technology":"Battery","status":"Under Construction","technology":"bess"},"type":"Feature"},{"geometry":{"coordinates":[-4.7881234,50.3551336],"type":"Point"},"id":"GG2050-REPD-16379","properties":{"capacity_mw":10.0,"gg_project_id":"GG2050-REPD-16379","name":"Mount Stamper Road, Treverbyn - Battery Energy Storage","operator":"Aldustria Energy Storage","repd_ref":"16379","repd_technology":"Battery","status":"Awaiting Construction","technology":"bess"},"type":"Feature"},{"geometry":{"coordinates":[0.4948826,51.5933363],"type":"Point"},"id":"GG2050-REPD-6926","properties":{"capacity_mw":10.0,"gg_project_id":"GG2050-REPD-6926","name":"Nevendon","operator":"Belectric UK / Foresight","repd_ref":"6926","repd_technology":"Battery","status":"Operational","technology":"bess"},"type":"Feature"},{"geometry":{"coordinates":[-0.7051848,52.4466897],"type":"Point"},"id":"GG2050-REPD-15270","properties":{"capacity_mw":10.0,"gg_project_id":"GG2050-REPD-15270","name":"Oakley Bush Solar Farm - Battery Storage","operator":"Buccleuch Estates Limited","repd_ref":"15270","repd_technology":"Battery","status":"Application Submitted","technology":"bess"},"type":"Feature"},{"geometry":{"coordinates":[-2.5069607,51.5594539],"type":"Point"},"id":"GG2050-REPD-7182","properties":{"capacity_mw":10.0,"gg_project_id":"GG2050-REPD-7182","name":"Old Green Farm, Alveston Battery Storage","operator":"Ecotricity","repd_ref":"7182","repd_technology":"Battery","status":"Awaiting Construction","technology":"bess"},"type":"Feature"},{"geometry":{"coordinates":[-2.9132231,56.6392623],"type":"Point"},"id":"GG2050-REPD-7574","properties":{"capacity_mw":10.0,"gg_project_id":"GG2050-REPD-7574","name":"Orchardbank Industrial Estate","operator":"Capbal","repd_ref":"7574","repd_technology":"Battery","status":"Planning Permission Expired","technology":"bess"},"type":"Feature"},{"geometry":{"coordinates":[-1.854733,51.5558389],"type":"Point"},"id":"GG2050-REPD-7983","properties":{"capacity_mw":10.0,"gg_project_id":"GG2050-REPD-7983","name":"Park Farm","operator":"Eco-Economix","repd_ref":"7983","repd_technology":"Battery","status":"Planning Permission Expired","technology":"bess"},"type":"Feature"},{"geometry":{"coordinates":[-2.2031309,53.6954483],"type":"Point"},"id":"GG2050-REPD-10076","properties":{"capacity_mw":10.0,"gg_project_id":"GG2050-REPD-10076","name":"Park Road Battery Storage","operator":"Arlington Energy Limited Avery Energy","repd_ref":"10076","repd_technology":"Battery","status":"Awaiting Construction","technology":"bess"},"type":"Feature"},{"geometry":{"coordinates":[-2.7677858,53.5340089],"type":"Point"},"id":"GG2050-REPD-6944","properties":{"capacity_mw":10.0,"gg_project_id":"GG2050-REPD-6944","name":"Pikelaw Place","operator":"Green Hedge Energy UK","repd_ref":"6944","repd_technology":"Battery","status":"Planning Permission Expired","technology":"bess"},"type":"Feature"},{"geometry":{"coordinates":[-2.8446332,53.2039131],"type":"Point"},"id":"GG2050-REPD-16356","properties":{"capacity_mw":10.0,"gg_project_id":"GG2050-REPD-16356","name":"Portmanmoor Road Industrial Estate, Splott - Battery Storage Units","operator":"Infinis Energy Services Limited","repd_ref":"16356","repd_technology":"Battery","status":"Awaiting Construction","technology":"bess"},"type":"Feature"},{"geometry":{"coordinates":[-0.5459662,51.7105038],"type":"Point"},"id":"GG2050-REPD-17108","properties":{"capacity_mw":10.0,"gg_project_id":"GG2050-REPD-17108","name":"Pudds Cross Farm, Pudds Cross - Solar Panels & Battery Energy Storage","operator":"BSR Energy","repd_ref":"17108","repd_technology":"Battery","status":"Awaiting Construction","technology":"bess"},"type":"Feature"},{"geometry":{"coordinates":[-3.9223496,56.2593562],"type":"Point"},"id":"GG2050-REPD-7573","properties":{"capacity_mw":10.0,"gg_project_id":"GG2050-REPD-7573","name":"Shindour Feddal Hill Wood Braco","operator":"Capbal","repd_ref":"7573","repd_technology":"Battery","status":"Abandoned","technology":"bess"},"type":"Feature"},{"geometry":{"coordinates":[0.5234606,51.8507744],"type":"Point"},"id":"GG2050-REPD-7000","properties":{"capacity_mw":10.0,"gg_project_id":"GG2050-REPD-7000","name":"Slamseys Energy Storage","operator":"Gridserve Energy Storage","repd_ref":"7000","repd_technology":"Battery","status":"Under Construction","technology":"bess"},"type":"Feature"},{"geometry":{"coordinates":[-2.1414751,50.8131881],"type":"Point"},"id":"GG2050-REPD-9361","properties":{"capacity_mw":10.0,"gg_project_id":"GG2050-REPD-9361","name":"South Farm Solar Park","operator":"Voltalia UK","repd_ref":"9361","repd_technology":"Battery","status":"Operational","technology":"bess"},"type":"Feature"},{"geometry":{"coordinates":[-1.329219,53.6012631],"type":"Point"},"id":"GG2050-REPD-7109","properties":{"capacity_mw":10.0,"gg_project_id":"GG2050-REPD-7109","name":"South Kirkby Business Park","operator":"Morris & co Handling","repd_ref":"7109","repd_technology":"Battery","status":"Planning Permission Expired","technology":"bess"},"type":"Feature"},{"geometry":{"coordinates":[-1.3459732,51.0794174],"type":"Point"},"id":"GG2050-REPD-7097","properties":{"capacity_mw":10.0,"gg_project_id":"GG2050-REPD-7097","name":"Stockbridge Road","operator":"Winchester Power","repd_ref":"7097","repd_technology":"Battery","status":"Awaiting Construction","technology":"bess"},"type":"Feature"},{"geometry":{"coordinates":[-2.0193999,57.57995],"type":"Point"},"id":"GG2050-REPD-7056","properties":{"capacity_mw":10.0,"gg_project_id":"GG2050-REPD-7056","name":"Strichen South","operator":"Immersa","repd_ref":"7056","repd_technology":"Battery","status":"Abandoned","technology":"bess"},"type":"Feature"},{"geometry":{"coordinates":[-1.1169729,54.0329305],"type":"Point"},"id":"GG2050-REPD-19659","properties":{"capacity_mw":10.0,"gg_project_id":"GG2050-REPD-19659","name":"Sutton-on-the-Forest, Brownmoor Lane -BESS","operator":"Ampyr Energy UK Development Limited","repd_ref":"19659","repd_technology":"Battery","status":"Application Submitted","technology":"bess"},"type":"Feature"},{"geometry":{"coordinates":[-2.1840109,51.4801478],"type":"Point"},"id":"GG2050-REPD-7527","properties":{"capacity_mw":10.0,"gg_project_id":"GG2050-REPD-7527","name":"Tiddlywink Barn","operator":"McBallester","repd_ref":"7527","repd_technology":"Battery","status":"Revised","technology":"bess"},"type":"Feature"},{"geometry":{"coordinates":[-4.2265426,50.3762614],"type":"Point"},"id":"GG2050-REPD-7404","properties":{"capacity_mw":10.0,"gg_project_id":"GG2050-REPD-7404","name":"Trevol Business Park","operator":"Londonwide Properties","repd_ref":"7404","repd_technology":"Battery","status":"Awaiting Construction","technology":"bess"},"type":"Feature"},{"geometry":{"coordinates":[0.6217146,52.1113639],"type":"Point"},"id":"GG2050-REPD-15752","properties":{"capacity_mw":10.0,"gg_project_id":"GG2050-REPD-15752","name":"Wales End Road, Cavendish - Battery Energy Storage System","operator":"Noventum Power Limited","repd_ref":"15752","repd_technology":"Battery","status":"Application Submitted","technology":"bess"},"type":"Feature"},{"geometry":{"coordinates":[1.1656865,52.7700104],"type":"Point"},"id":"GG2050-REPD-18334","properties":{"capacity_mw":10.0,"gg_project_id":"GG2050-REPD-18334","name":"Warren Wood Energy Park - Solar Farm & Battery Energy Storage","operator":"Exagen Development Limited","repd_ref":"18334","repd_technology":"Battery","status":"Application Refused","technology":"bess"},"type":"Feature"},{"geometry":{"coordinates":[-2.5352716,51.7147884],"type":"Point"},"id":"GG2050-REPD-6964","properties":{"capacity_mw":10.0,"gg_project_id":"GG2050-REPD-6964","name":"Watts Group Factory Site","operator":"Green Hedge Energy UK","repd_ref":"6964","repd_technology":"Battery","status":"Abandoned","technology":"bess"},"type":"Feature"},{"geometry":{"coordinates":[1.3505962,51.2895695],"type":"Point"},"id":"GG2050-REPD-15093","properties":{"capacity_mw":10.0,"gg_project_id":"GG2050-REPD-15093","name":"Wharf Road, Discovery Park - Battery Energy Storage","operator":"Kent Renewable Energy Limited","repd_ref":"15093","repd_technology":"Battery","status":"Awaiting Construction","technology":"bess"},"type":"Feature"},{"geometry":{"coordinates":[0.1270076,51.8878385],"type":"Point"},"id":"GG2050-REPD-15881","properties":{"capacity_mw":10.0,"gg_project_id":"GG2050-REPD-15881","name":"Wickham Hall Estate - Battery Storage","operator":"Endurance Energy Wickham Hall Limited","repd_ref":"15881","repd_technology":"Battery","status":"Awaiting Construction","technology":"bess"},"type":"Feature"},{"geometry":{"coordinates":[1.4850163,52.3531378],"type":"Point"},"id":"GG2050-REPD-9913","properties":{"capacity_mw":10.0,"gg_project_id":"GG2050-REPD-9913","name":"Wissett Solar Farm, Wissett - Battery Storage (Apple Tree)","operator":"Pathfinder Clean Energy UK Dev Limited","repd_ref":"9913","repd_technology":"Battery","status":"Awaiting Construction","technology":"bess"},"type":"Feature"},{"geometry":{"coordinates":[-4.344473,56.4476444],"type":"Point"},"id":"GG2050-REPD-15321","properties":{"capacity_mw":9.9,"gg_project_id":"GG2050-REPD-15321","name":"Acharn Forest - Battery Storage","operator":"Biomass Energy Renewables Llp","repd_ref":"15321","repd_technology":"Battery","status":"Awaiting Construction","technology":"bess"},"type":"Feature"},{"geometry":{"coordinates":[-3.4994619,56.0953577],"type":"Point"},"id":"GG2050-REPD-13322","properties":{"capacity_mw":9.9,"gg_project_id":"GG2050-REPD-13322","name":"Craigluscar, Craigluscar Road - Solar Array & Battery Storage","operator":"Locogen Consulting Limited","repd_ref":"13322","repd_technology":"Battery","status":"Awaiting Construction","technology":"bess"},"type":"Feature"},{"geometry":{"coordinates":[0.5082578,51.093574],"type":"Point"},"id":"GG2050-REPD-7742","properties":{"capacity_mw":9.9,"gg_project_id":"GG2050-REPD-7742","name":"Huggin's Hall (Extension)","operator":"Glassenbury Battery Storage","repd_ref":"7742","repd_technology":"Battery","status":"Planning Permission Expired","technology":"bess"},"type":"Feature"},{"geometry":{"coordinates":[-3.6613855,55.4388223],"type":"Point"},"id":"GG2050-REPD-12900","properties":{"capacity_mw":9.8,"gg_project_id":"GG2050-REPD-12900","name":"Elvanfoot, Leadhills Road - Battery Storage","operator":"Muirhall Energy Limited","repd_ref":"12900","repd_technology":"Battery","status":"Awaiting Construction","technology":"bess"},"type":"Feature"},{"geometry":{"coordinates":[-2.869304,53.2799451],"type":"Point"},"id":"GG2050-REPD-6936","properties":{"capacity_mw":9.6,"gg_project_id":"GG2050-REPD-6936","name":"Oil Sites Road","operator":"UK Power Reserve","repd_ref":"6936","repd_technology":"Battery","status":"Awaiting Construction","technology":"bess"},"type":"Feature"},{"geometry":{"coordinates":[-3.4398571,55.8733192],"type":"Point"},"id":"GG2050-REPD-19086","properties":{"capacity_mw":9.0,"gg_project_id":"GG2050-REPD-19086","name":"Leyden Road - Battery Energy Storage","operator":"Trio Power Limited","repd_ref":"19086","repd_technology":"Battery","status":"Application Submitted","technology":"bess"},"type":"Feature"},{"geometry":{"coordinates":[-3.3315513,56.0694998],"type":"Point"},"id":"GG2050-REPD-11862","properties":{"capacity_mw":9.0,"gg_project_id":"GG2050-REPD-11862","name":"Parkend Crossgates - Solar Panels & Battery Storage","operator":"Greentech Projects Holding UK Limited","repd_ref":"11862","repd_technology":"Battery","status":"Awaiting Construction","technology":"bess"},"type":"Feature"},{"geometry":{"coordinates":[-2.002513,52.1623114],"type":"Point"},"id":"GG2050-REPD-11624","properties":{"capacity_mw":8.8,"gg_project_id":"GG2050-REPD-11624","name":"Bishampton Solar Farm","operator":"Infinis","repd_ref":"11624","repd_technology":"Battery","status":"Abandoned","technology":"bess"},"type":"Feature"},{"geometry":{"coordinates":[-2.9354327,50.8409968],"type":"Point"},"id":"GG2050-REPD-6897","properties":{"capacity_mw":8.8,"gg_project_id":"GG2050-REPD-6897","name":"JB Wheaton","operator":"E.ON UK","repd_ref":"6897","repd_technology":"Battery","status":"Operational","technology":"bess"},"type":"Feature"},{"geometry":{"coordinates":[0.1446331,50.8618979],"type":"Point"},"id":"GG2050-REPD-8372","properties":{"capacity_mw":8.8,"gg_project_id":"GG2050-REPD-8372","name":"Lower Mays Farm Solar Farm","operator":"Unknown","repd_ref":"8372","repd_technology":"Battery","status":"Awaiting Construction","technology":"bess"},"type":"Feature"},{"geometry":{"coordinates":[-4.5207587,51.7497662],"type":"Point"},"id":"GG2050-REPD-15630","properties":{"capacity_mw":8.8,"gg_project_id":"GG2050-REPD-15630","name":"MOD Pendine, Llanmiloe - Solar Panels","operator":"QinetiQ","repd_ref":"15630","repd_technology":"Battery","status":"Awaiting Construction","technology":"bess"},"type":"Feature"},{"geometry":{"coordinates":[0.4828849,52.324704],"type":"Point"},"id":"GG2050-REPD-7189","properties":{"capacity_mw":8.8,"gg_project_id":"GG2050-REPD-7189","name":"Sunnica Energy Farm (East and West)","operator":"Sunnica","repd_ref":"7189","repd_technology":"Battery","status":"Awaiting Construction","technology":"bess"},"type":"Feature"},{"geometry":{"coordinates":[-0.4833831,52.3871415],"type":"Point"},"id":"GG2050-REPD-14908","properties":{"capacity_mw":8.8,"gg_project_id":"GG2050-REPD-14908","name":"Wood Lodge Farm, Huntingdon Road - Solar Farm","operator":"Unknown","repd_ref":"14908","repd_technology":"Battery","status":"Application Refused","technology":"bess"},"type":"Feature"},{"geometry":{"coordinates":[-2.0033469,51.078098],"type":"Point"},"id":"GG2050-REPD-15320","properties":{"capacity_mw":8.5,"gg_project_id":"GG2050-REPD-15320","name":"Mill Farm, Teffont - Battery Energy Storage","operator":"Private Energy Partners Pty Limited","repd_ref":"15320","repd_technology":"Battery","status":"Awaiting Construction","technology":"bess"},"type":"Feature"},{"geometry":{"coordinates":[-1.3112298,54.5465096],"type":"Point"},"id":"GG2050-REPD-8399","properties":{"capacity_mw":8.0,"gg_project_id":"GG2050-REPD-8399","name":"Bowesfield Flexible Energy Park","operator":"Banks Group","repd_ref":"8399","repd_technology":"Battery","status":"Awaiting Construction","technology":"bess"},"type":"Feature"},{"geometry":{"coordinates":[-2.6937007,52.7135447],"type":"Point"},"id":"GG2050-REPD-13161","properties":{"capacity_mw":8.0,"gg_project_id":"GG2050-REPD-13161","name":"Bridge Farm, Uffington - Battery Energy Storage","operator":"Hydrock","repd_ref":"13161","repd_technology":"Battery","status":"Awaiting Construction","technology":"bess"},"type":"Feature"},{"geometry":{"coordinates":[-1.130118,52.8466758],"type":"Point"},"id":"GG2050-REPD-10761","properties":{"capacity_mw":8.0,"gg_project_id":"GG2050-REPD-10761","name":"Highfields Farm - Solar Farm & Battery Storage","operator":"Boultbee Brooks Renewable Energy Ltd","repd_ref":"10761","repd_technology":"Battery","status":"Awaiting Construction","technology":"bess"},"type":"Feature"},{"geometry":{"coordinates":[-3.2357928,51.8019135],"type":"Point"},"id":"GG2050-REPD-13708","properties":{"capacity_mw":8.0,"gg_project_id":"GG2050-REPD-13708","name":"Rassau Industrial Estate, Rassau - Battery Energy Storage","operator":"Private Developer","repd_ref":"13708","repd_technology":"Battery","status":"Awaiting Construction","technology":"bess"},"type":"Feature"},{"geometry":{"coordinates":[-0.1607015,52.0124958],"type":"Point"},"id":"GG2050-REPD-11089","properties":{"capacity_mw":8.0,"gg_project_id":"GG2050-REPD-11089","name":"Tophams Solar Farm","operator":"Pathfinder Clean Energy UK Dev Limited","repd_ref":"11089","repd_technology":"Battery","status":"Awaiting Construction","technology":"bess"},"type":"Feature"},{"geometry":{"coordinates":[-2.9725445,53.8429095],"type":"Point"},"id":"GG2050-REPD-9009","properties":{"capacity_mw":7.5,"gg_project_id":"GG2050-REPD-9009","name":"Cocker Avenue - Energy storage facility","operator":"AMP Energy Services Limited","repd_ref":"9009","repd_technology":"Battery","status":"Awaiting Construction","technology":"bess"},"type":"Feature"},{"geometry":{"coordinates":[-2.9366167,50.8405466],"type":"Point"},"id":"GG2050-REPD-7114","properties":{"capacity_mw":7.5,"gg_project_id":"GG2050-REPD-7114","name":"Coombe Farm","operator":"KWTN Solar","repd_ref":"7114","repd_technology":"Battery","status":"Planning Permission Expired","technology":"bess"},"type":"Feature"},{"geometry":{"coordinates":[0.0537047,51.2155616],"type":"Point"},"id":"GG2050-REPD-7113","properties":{"capacity_mw":7.5,"gg_project_id":"GG2050-REPD-7113","name":"Gaywood Farm","operator":"AMDC Energy / Balanced Grid Solutions","repd_ref":"7113","repd_technology":"Battery","status":"Planning Permission Expired","technology":"bess"},"type":"Feature"},{"geometry":{"coordinates":[0.5769968,52.5459319],"type":"Point"},"id":"GG2050-REPD-18383","properties":{"capacity_mw":7.5,"gg_project_id":"GG2050-REPD-18383","name":"Hall Farm, West End Northwold - Solar Farm","operator":"Ampyr Solar Europe","repd_ref":"18383","repd_technology":"Battery","status":"Operational","technology":"bess"},"type":"Feature"},{"geometry":{"coordinates":[0.2547416,51.4509363],"type":"Point"},"id":"GG2050-REPD-7031","properties":{"capacity_mw":7.5,"gg_project_id":"GG2050-REPD-7031","name":"Land Adjacent Davanden Kennels","operator":"Arlington Energy (formerly Enso Energy)","repd_ref":"7031","repd_technology":"Battery","status":"Abandoned","technology":"bess"},"type":"Feature"},{"geometry":{"coordinates":[0.2489485,51.4592852],"type":"Point"},"id":"GG2050-REPD-20327","properties":{"capacity_mw":7.5,"gg_project_id":"GG2050-REPD-20327","name":"Littlebrook Battery Storage","operator":"Camborne Energy / Noriker Power","repd_ref":"20327","repd_technology":"Battery","status":"Operational","technology":"bess"},"type":"Feature"},{"geometry":{"coordinates":[-2.1296292,53.3787559],"type":"Point"},"id":"GG2050-REPD-11172","properties":{"capacity_mw":7.5,"gg_project_id":"GG2050-REPD-11172","name":"Newby Road, Hazel Grove - Battery Storage","operator":"AMP Energy Services Limited","repd_ref":"11172","repd_technology":"Battery","status":"Awaiting Construction","technology":"bess"},"type":"Feature"},{"geometry":{"coordinates":[0.4623668,51.3521828],"type":"Point"},"id":"GG2050-REPD-10364","properties":{"capacity_mw":7.5,"gg_project_id":"GG2050-REPD-10364","name":"Wouldham Road, Wouldham - Battery Storage Facility","operator":"AMP Energy Services Limited","repd_ref":"10364","repd_technology":"Battery","status":"Awaiting Construction","technology":"bess"},"type":"Feature"},{"geometry":{"coordinates":[-1.0198715,51.4363472],"type":"Point"},"id":"GG2050-REPD-15909","properties":{"capacity_mw":7.4,"gg_project_id":"GG2050-REPD-15909","name":"Burghfield Road, Southcote - Battery Storage Facility","operator":"Renepower Energy Limited","repd_ref":"15909","repd_technology":"Battery","status":"Application Withdrawn","technology":"bess"},"type":"Feature"},{"geometry":{"coordinates":[-0.725399,51.5836994],"type":"Point"},"id":"GG2050-REPD-8280","properties":{"capacity_mw":7.2,"gg_project_id":"GG2050-REPD-8280","name":"Coldmoorholme Lane Battery Storage","operator":"Envirotech Energy Solutions","repd_ref":"8280","repd_technology":"Battery","status":"Application Refused","technology":"bess"},"type":"Feature"},{"geometry":{"coordinates":[-2.568279,51.4480912],"type":"Point"},"id":"GG2050-REPD-7938","properties":{"capacity_mw":7.2,"gg_project_id":"GG2050-REPD-7938","name":"Philip Street Car Breakers","operator":"Conrad Energy","repd_ref":"7938","repd_technology":"Battery","status":"Awaiting Construction","technology":"bess"},"type":"Feature"},{"geometry":{"coordinates":[-2.243849,52.6372667],"type":"Point"},"id":"GG2050-REPD-12807","properties":{"capacity_mw":7.0,"gg_project_id":"GG2050-REPD-12807","name":"Albrighton Substation, Beamish Lane - Battery Storage","operator":"Fig Power","repd_ref":"12807","repd_technology":"Battery","status":"Revised","technology":"bess"},"type":"Feature"},{"geometry":{"coordinates":[-2.243849,52.6372667],"type":"Point"},"id":"GG2050-REPD-15306","properties":{"capacity_mw":7.0,"gg_project_id":"GG2050-REPD-15306","name":"Albrighton Substation, Beamish Lane - Battery Storage","operator":"Fig Power (part of Hydrock)","repd_ref":"15306","repd_technology":"Battery","status":"Awaiting Construction","technology":"bess"},"type":"Feature"},{"geometry":{"coordinates":[-3.1265206,55.1417539],"type":"Point"},"id":"GG2050-REPD-11938","properties":{"capacity_mw":7.0,"gg_project_id":"GG2050-REPD-11938","name":"Callisterhall Wind Farm - Wind Farm & Battery Storage","operator":"Epower Limited","repd_ref":"11938","repd_technology":"Battery","status":"Application Refused","technology":"bess"},"type":"Feature"},{"geometry":{"coordinates":[-2.6228075,56.5716172],"type":"Point"},"id":"GG2050-REPD-15198","properties":{"capacity_mw":7.0,"gg_project_id":"GG2050-REPD-15198","name":"Denfield - Battery Storage Facility","operator":"Peter J Stirling Limited","repd_ref":"15198","repd_technology":"Battery","status":"Revised","technology":"bess"},"type":"Feature"},{"geometry":{"coordinates":[-2.6228075,56.5716172],"type":"Point"},"id":"GG2050-REPD-17329","properties":{"capacity_mw":7.0,"gg_project_id":"GG2050-REPD-17329","name":"Denfield - Battery Storage Facility","operator":"Peter J Stirling Limited","repd_ref":"17329","repd_technology":"Battery","status":"Awaiting Construction","technology":"bess"},"type":"Feature"},{"geometry":{"coordinates":[-2.1314475,52.0018551],"type":"Point"},"id":"GG2050-REPD-7125","properties":{"capacity_mw":7.0,"gg_project_id":"GG2050-REPD-7125","name":"Northway Lane Waste Transfer Station","operator":"Aura Power","repd_ref":"7125","repd_technology":"Battery","status":"Abandoned","technology":"bess"},"type":"Feature"},{"geometry":{"coordinates":[-2.3567685,53.5476542],"type":"Point"},"id":"GG2050-REPD-11161","properties":{"capacity_mw":7.0,"gg_project_id":"GG2050-REPD-11161","name":"Stoneclough - Battery Energy Storage","operator":"GAM Capital Limited / Infinis Energy Services Limited","repd_ref":"11161","repd_technology":"Battery","status":"Awaiting Construction","technology":"bess"},"type":"Feature"},{"geometry":{"coordinates":[-1.2934258,54.5704113],"type":"Point"},"id":"GG2050-REPD-7980","properties":{"capacity_mw":7.0,"gg_project_id":"GG2050-REPD-7980","name":"The Brick Bank","operator":"Levington Developments","repd_ref":"7980","repd_technology":"Battery","status":"Planning Permission Expired","technology":"bess"},"type":"Feature"},{"geometry":{"coordinates":[-1.5902526,51.7665179],"type":"Point"},"id":"GG2050-REPD-7074","properties":{"capacity_mw":7.0,"gg_project_id":"GG2050-REPD-7074","name":"Ventura Park","operator":"British Solar Renewables","repd_ref":"7074","repd_technology":"Battery","status":"Abandoned","technology":"bess"},"type":"Feature"},{"geometry":{"coordinates":[-1.9884197,51.5856264],"type":"Point"},"id":"GG2050-REPD-11073","properties":{"capacity_mw":6.63,"gg_project_id":"GG2050-REPD-11073","name":"Somerford Farm, Brinkworth - Battery Storage","operator":"Pelagic Energy","repd_ref":"11073","repd_technology":"Battery","status":"Awaiting Construction","technology":"bess"},"type":"Feature"},{"geometry":{"coordinates":[-3.2273143,50.8642626],"type":"Point"},"id":"GG2050-REPD-7022","properties":{"capacity_mw":6.5,"gg_project_id":"GG2050-REPD-7022","name":"Dunkeswell Airfield","operator":"Conrad (Tiddlywink) Limited","repd_ref":"7022","repd_technology":"Battery","status":"Awaiting Construction","technology":"bess"},"type":"Feature"},{"geometry":{"coordinates":[-0.2408805,52.1945769],"type":"Point"},"id":"GG2050-REPD-15490","properties":{"capacity_mw":6.0,"gg_project_id":"GG2050-REPD-15490","name":"Abbotsley Country Homes, Drewels Lane - Solar Farm","operator":"Low Carbon Limited","repd_ref":"15490","repd_technology":"Battery","status":"Awaiting Construction","technology":"bess"},"type":"Feature"},{"geometry":{"coordinates":[-2.97493,53.8428812],"type":"Point"},"id":"GG2050-REPD-7070","properties":{"capacity_mw":6.0,"gg_project_id":"GG2050-REPD-7070","name":"Aldon Road","operator":"STOR Power","repd_ref":"7070","repd_technology":"Battery","status":"Planning Permission Expired","technology":"bess"},"type":"Feature"},{"geometry":{"coordinates":[-2.6522924,53.2952808],"type":"Point"},"id":"GG2050-REPD-18375","properties":{"capacity_mw":6.0,"gg_project_id":"GG2050-REPD-18375","name":"Aston Grange, Aston - Solar Panels & Battery Energy Storage System","operator":"Innova Renewables","repd_ref":"18375","repd_technology":"Battery","status":"Application Submitted","technology":"bess"},"type":"Feature"},{"geometry":{"coordinates":[-3.3234442,56.2947773],"type":"Point"},"id":"GG2050-REPD-19596","properties":{"capacity_mw":6.0,"gg_project_id":"GG2050-REPD-19596","name":"Binn Farm Solar Farm","operator":"Trio Power Limited","repd_ref":"19596","repd_technology":"Battery","status":"Application Submitted","technology":"bess"},"type":"Feature"},{"geometry":{"coordinates":[-1.8152097,51.5741798],"type":"Point"},"id":"GG2050-REPD-8045","properties":{"capacity_mw":6.0,"gg_project_id":"GG2050-REPD-8045","name":"Brindley Close (Extension)","operator":"Public Power Solutions","repd_ref":"8045","repd_technology":"Battery","status":"Under Construction","technology":"bess"},"type":"Feature"},{"geometry":{"coordinates":[-4.5253042,54.9743375],"type":"Point"},"id":"GG2050-REPD-17601","properties":{"capacity_mw":6.0,"gg_project_id":"GG2050-REPD-17601","name":"Challoch, Barnkirk Road - Solar Array & Battery Energy Storage","operator":"Shropshire Council","repd_ref":"17601","repd_technology":"Battery","status":"Application Submitted","technology":"bess"},"type":"Feature"},{"geometry":{"coordinates":[-0.4818063,51.987418],"type":"Point"},"id":"GG2050-REPD-7334","properties":{"capacity_mw":6.0,"gg_project_id":"GG2050-REPD-7334","name":"Clayhill","operator":"Anesco","repd_ref":"7334","repd_technology":"Battery","status":"Operational","technology":"bess"},"type":"Feature"},{"geometry":{"coordinates":[-0.8216275,54.5561236],"type":"Point"},"id":"GG2050-REPD-6892","properties":{"capacity_mw":6.0,"gg_project_id":"GG2050-REPD-6892","name":"Cleveland Potash","operator":"Kiwi Power","repd_ref":"6892","repd_technology":"Battery","status":"Operational","technology":"bess"},"type":"Feature"},{"geometry":{"coordinates":[0.1312628,52.5962942],"type":"Point"},"id":"GG2050-REPD-7677","properties":{"capacity_mw":6.0,"gg_project_id":"GG2050-REPD-7677","name":"Coldham Estate Solar Farm","operator":"ScottishPower Renewables","repd_ref":"7677","repd_technology":"Battery","status":"Planning Permission Expired","technology":"bess"},"type":"Feature"},{"geometry":{"coordinates":[-2.8791305,56.6252409],"type":"Point"},"id":"GG2050-REPD-13280","properties":{"capacity_mw":6.0,"gg_project_id":"GG2050-REPD-13280","name":"Craignathro Farm - Solar Array","operator":"Craignathro Farms Limited","repd_ref":"13280","repd_technology":"Battery","status":"Awaiting Construction","technology":"bess"},"type":"Feature"},{"geometry":{"coordinates":[-0.3548107,51.2304356],"type":"Point"},"id":"GG2050-REPD-6909","properties":{"capacity_mw":6.0,"gg_project_id":"GG2050-REPD-6909","name":"Dorking Battery Energy Storage System","operator":"Grid Battery Storage (GBSL)","repd_ref":"6909","repd_technology":"Battery","status":"Operational","technology":"bess"},"type":"Feature"},{"geometry":{"coordinates":[-1.3273179,50.8780527],"type":"Point"},"id":"GG2050-REPD-7420","properties":{"capacity_mw":6.0,"gg_project_id":"GG2050-REPD-7420","name":"Hamble Lane Battery Energy Storage","operator":"Balanced Grid Solutions","repd_ref":"7420","repd_technology":"Battery","status":"Awaiting Construction","technology":"bess"},"type":"Feature"},{"geometry":{"coordinates":[-2.077852,53.4822049],"type":"Point"},"id":"GG2050-REPD-7145","properties":{"capacity_mw":6.0,"gg_project_id":"GG2050-REPD-7145","name":"Holden Way","operator":"STOR Power","repd_ref":"7145","repd_technology":"Battery","status":"Awaiting Construction","technology":"bess"},"type":"Feature"},{"geometry":{"coordinates":[-2.8432826,54.7413548],"type":"Point"},"id":"GG2050-REPD-7094","properties":{"capacity_mw":6.0,"gg_project_id":"GG2050-REPD-7094","name":"Land at Calthwaite","operator":"Balance Power","repd_ref":"7094","repd_technology":"Battery","status":"Planning Permission Expired","technology":"bess"},"type":"Feature"},{"geometry":{"coordinates":[0.3934709,51.5571831],"type":"Point"},"id":"GG2050-REPD-17397","properties":{"capacity_mw":6.0,"gg_project_id":"GG2050-REPD-17397","name":"Lime Kilns Energy Centre - Battery Energy Storage","operator":"Flexitricity","repd_ref":"17397","repd_technology":"Battery","status":"Awaiting Construction","technology":"bess"},"type":"Feature"},{"geometry":{"coordinates":[-2.9204258,53.4162836],"type":"Point"},"id":"GG2050-REPD-17750","properties":{"capacity_mw":6.0,"gg_project_id":"GG2050-REPD-17750","name":"Lister Battery Limited - Battery Energy Storage System","operator":"Lister Battery Limited","repd_ref":"17750","repd_technology":"Battery","status":"Awaiting Construction","technology":"bess"},"type":"Feature"},{"geometry":{"coordinates":[-2.4704013,51.2914304],"type":"Point"},"id":"GG2050-REPD-11866","properties":{"capacity_mw":6.0,"gg_project_id":"GG2050-REPD-11866","name":"Midsomer Norton - Battery Energy Storage System","operator":"Conrad Energy (Developments) II Limited","repd_ref":"11866","repd_technology":"Battery","status":"Under Construction","technology":"bess"},"type":"Feature"},{"geometry":{"coordinates":[1.3083183,52.9012239],"type":"Point"},"id":"GG2050-REPD-10497","properties":{"capacity_mw":6.0,"gg_project_id":"GG2050-REPD-10497","name":"North Norfolk Business Centre Solar Park - Battery Energy Storage Scheme","operator":"Next Energy","repd_ref":"10497","repd_technology":"Battery","status":"Operational","technology":"bess"},"type":"Feature"},{"geometry":{"coordinates":[-3.2332503,51.8033429],"type":"Point"},"id":"GG2050-REPD-7841","properties":{"capacity_mw":6.0,"gg_project_id":"GG2050-REPD-7841","name":"Rassau Industrial Estate","operator":"Private Developer","repd_ref":"7841","repd_technology":"Battery","status":"Under Construction","technology":"bess"},"type":"Feature"},{"geometry":{"coordinates":[-4.1656931,55.2172981],"type":"Point"},"id":"GG2050-REPD-7179","properties":{"capacity_mw":6.0,"gg_project_id":"GG2050-REPD-7179","name":"Shepherd's Rig Wind Farm","operator":"Boralex/Infinergy","repd_ref":"7179","repd_technology":"Battery","status":"Awaiting Construction","technology":"bess"},"type":"Feature"},{"geometry":{"coordinates":[-0.6527756,51.9165777],"type":"Point"},"id":"GG2050-REPD-6863","properties":{"capacity_mw":6.0,"gg_project_id":"GG2050-REPD-6863","name":"Smarter Network Storage","operator":"UK Power Networks","repd_ref":"6863","repd_technology":"Battery","status":"Decommissioned","technology":"bess"},"type":"Feature"},{"geometry":{"coordinates":[0.9324248,51.9211037],"type":"Point"},"id":"GG2050-REPD-11362","properties":{"capacity_mw":6.0,"gg_project_id":"GG2050-REPD-11362","name":"Stephenson Road - Urban Reserve Flexible Energy Facility","operator":"AMP Energy Services LImited","repd_ref":"11362","repd_technology":"Battery","status":"Awaiting Construction","technology":"bess"},"type":"Feature"},{"geometry":{"coordinates":[0.0148445,53.0456042],"type":"Point"},"id":"GG2050-REPD-11655","properties":{"capacity_mw":5.3,"gg_project_id":"GG2050-REPD-11655","name":"Mallows Lane - Solar Farm & Battery Storage","operator":"Pathfinder Clean Energy UK Dev Limited","repd_ref":"11655","repd_technology":"Battery","status":"Awaiting Construction","technology":"bess"},"type":"Feature"},{"geometry":{"coordinates":[-5.2801967,58.1697445],"type":"Point"},"id":"GG2050-REPD-11937","properties":{"capacity_mw":5.0,"gg_project_id":"GG2050-REPD-11937","name":"Acheilidh Wind Farm (Previously known as Lairg III)","operator":"Energiekontor (UK) Limited","repd_ref":"11937","repd_technology":"Battery","status":"Application Submitted","technology":"bess"},"type":"Feature"},{"geometry":{"coordinates":[0.2487104,51.4591279],"type":"Point"},"id":"GG2050-REPD-7540","properties":{"capacity_mw":5.0,"gg_project_id":"GG2050-REPD-7540","name":"Albion Road","operator":"Noriker Power","repd_ref":"7540","repd_technology":"Battery","status":"Application Withdrawn","technology":"bess"},"type":"Feature"},{"geometry":{"coordinates":[-0.5088912,51.8870141],"type":"Point"},"id":"GG2050-REPD-10689","properties":{"capacity_mw":5.0,"gg_project_id":"GG2050-REPD-10689","name":"Avenue Power - Urban Reserve Flexible Energy Facility","operator":"AMP Energy Services Limited","repd_ref":"10689","repd_technology":"Battery","status":"Application Withdrawn","technology":"bess"},"type":"Feature"},{"geometry":{"coordinates":[-4.5076118,57.469683],"type":"Point"},"id":"GG2050-REPD-17148","properties":{"capacity_mw":5.0,"gg_project_id":"GG2050-REPD-17148","name":"Ballach Wind Farm","operator":"Energiekontor (UK) Limited","repd_ref":"17148","repd_technology":"Battery","status":"Application Submitted","technology":"bess"},"type":"Feature"},{"geometry":{"coordinates":[-2.1253675,57.0885236],"type":"Point"},"id":"GG2050-REPD-11934","properties":{"capacity_mw":5.0,"gg_project_id":"GG2050-REPD-11934","name":"Bankhead Recycling - Solar Array, Battery Storage & Hydrogen","operator":"Bankhead Renewable Energy Limited","repd_ref":"11934","repd_technology":"Battery","status":"Awaiting Construction","technology":"bess"},"type":"Feature"},{"geometry":{"coordinates":[-1.505504,52.4774286],"type":"Point"},"id":"GG2050-REPD-13948","properties":{"capacity_mw":5.0,"gg_project_id":"GG2050-REPD-13948","name":"Bedworth Lane, Coolliery Wood - Solar Farm & Battery Storage","operator":"Sirius Environmental Limited","repd_ref":"13948","repd_technology":"Battery","status":"Revised","technology":"bess"},"type":"Feature"},{"geometry":{"coordinates":[-4.873139,55.899951],"type":"Point"},"id":"GG2050-REPD-7033","properties":{"capacity_mw":5.0,"gg_project_id":"GG2050-REPD-7033","name":"Berfern Farm","operator":"Capbal","repd_ref":"7033","repd_technology":"Battery","status":"Planning Permission Expired","technology":"bess"},"type":"Feature"},{"geometry":{"coordinates":[-5.0108034,57.1197642],"type":"Point"},"id":"GG2050-REPD-11301","properties":{"capacity_mw":5.0,"gg_project_id":"GG2050-REPD-11301","name":"Bunloinn Wind Farm","operator":"Energiekontor (UK) Limited","repd_ref":"11301","repd_technology":"Battery","status":"Awaiting Construction","technology":"bess"},"type":"Feature"},{"geometry":{"coordinates":[-3.5296361,54.5028248],"type":"Point"},"id":"GG2050-REPD-20383","properties":{"capacity_mw":5.0,"gg_project_id":"GG2050-REPD-20383","name":"Cleator Energy Storage Facility Extension","operator":"Cleator Battery Storage Limited","repd_ref":"20383","repd_technology":"Battery","status":"Application Submitted","technology":"bess"},"type":"Feature"},{"geometry":{"coordinates":[-4.3991602,58.0238116],"type":"Point"},"id":"GG2050-REPD-16938","properties":{"capacity_mw":5.0,"gg_project_id":"GG2050-REPD-16938","name":"Coille Linne Wind Farm - Battery Energy Storage","operator":"Energiekontor (UK) Limited","repd_ref":"16938","repd_technology":"Battery","status":"Application Submitted","technology":"bess"},"type":"Feature"},{"geometry":{"coordinates":[1.1107758,52.0015235],"type":"Point"},"id":"GG2050-REPD-11886","properties":{"capacity_mw":5.0,"gg_project_id":"GG2050-REPD-11886","name":"Coxhall Road, Tattingstone - Battery Storage","operator":"AMP Energy Services Limited","repd_ref":"11886","repd_technology":"Battery","status":"Revised","technology":"bess"},"type":"Feature"},{"geometry":{"coordinates":[1.1107758,52.0015235],"type":"Point"},"id":"GG2050-REPD-12693","properties":{"capacity_mw":5.0,"gg_project_id":"GG2050-REPD-12693","name":"Coxhall Road, Tattingstone - Battery Storage","operator":"AMP Energy Services Limited","repd_ref":"12693","repd_technology":"Battery","status":"Awaiting Construction","technology":"bess"},"type":"Feature"},{"geometry":{"coordinates":[-0.2393666,51.736379],"type":"Point"},"id":"GG2050-REPD-9019","properties":{"capacity_mw":5.0,"gg_project_id":"GG2050-REPD-9019","name":"Dellsome Power Hatfield Grid Station - Energy storage facility","operator":"AMP Energy Services Limited","repd_ref":"9019","repd_technology":"Battery","status":"Awaiting Construction","technology":"bess"},"type":"Feature"},{"geometry":{"coordinates":[0.8743247,51.6772987],"type":"Point"},"id":"GG2050-REPD-11522","properties":{"capacity_mw":5.0,"gg_project_id":"GG2050-REPD-11522","name":"Dengie - Solar PV array","operator":"British Solar Renewables","repd_ref":"11522","repd_technology":"Battery","status":"Revised","technology":"bess"},"type":"Feature"},{"geometry":{"coordinates":[0.8743247,51.6772987],"type":"Point"},"id":"GG2050-REPD-15642","properties":{"capacity_mw":5.0,"gg_project_id":"GG2050-REPD-15642","name":"Dengie - Solar PV array","operator":"British Solar Renewables","repd_ref":"15642","repd_technology":"Battery","status":"Awaiting Construction","technology":"bess"},"type":"Feature"},{"geometry":{"coordinates":[-3.8421356,53.191872],"type":"Point"},"id":"GG2050-REPD-7103","properties":{"capacity_mw":5.0,"gg_project_id":"GG2050-REPD-7103","name":"Dolgarrog Hydro Power Station","operator":"Innogy","repd_ref":"7103","repd_technology":"Battery","status":"Planning Permission Expired","technology":"bess"},"type":"Feature"},{"geometry":{"coordinates":[-4.7408742,50.3620686],"type":"Point"},"id":"GG2050-REPD-7373","properties":{"capacity_mw":5.0,"gg_project_id":"GG2050-REPD-7373","name":"Eden Project","operator":"Good Energy","repd_ref":"7373","repd_technology":"Battery","status":"Awaiting Construction","technology":"bess"},"type":"Feature"},{"geometry":{"coordinates":[-2.5921092,51.7953464],"type":"Point"},"id":"GG2050-REPD-6950","properties":{"capacity_mw":5.0,"gg_project_id":"GG2050-REPD-6950","name":"Foxs Lane","operator":"Camborne Energy Storage","repd_ref":"6950","repd_technology":"Battery","status":"Application Withdrawn","technology":"bess"},"type":"Feature"},{"geometry":{"coordinates":[-2.6251554,53.6531635],"type":"Point"},"id":"GG2050-REPD-18798","properties":{"capacity_mw":5.0,"gg_project_id":"GG2050-REPD-18798","name":"Green Energy Park, Eyes Lane - BESS","operator":"GA Pet Food Partners Group Limited","repd_ref":"18798","repd_technology":"Battery","status":"Application Submitted","technology":"bess"},"type":"Feature"},{"geometry":{"coordinates":[-3.4132401,58.2708748],"type":"Point"},"id":"GG2050-REPD-14400","properties":{"capacity_mw":5.0,"gg_project_id":"GG2050-REPD-14400","name":"Hill Of Lynchrobbie, Dunbeath - Battery Storage Facility","operator":"E Power Limited","repd_ref":"14400","repd_technology":"Battery","status":"Application Submitted","technology":"bess"},"type":"Feature"},{"geometry":{"coordinates":[-4.6759126,55.7429725],"type":"Point"},"id":"GG2050-REPD-412","properties":{"capacity_mw":5.0,"gg_project_id":"GG2050-REPD-412","name":"Hunterston","operator":"Scottish Enterprise/SSE","repd_ref":"412","repd_technology":"Battery","status":"Abandoned","technology":"bess"},"type":"Feature"},{"geometry":{"coordinates":[-1.5501296,54.0031542],"type":"Point"},"id":"GG2050-REPD-7075","properties":{"capacity_mw":5.0,"gg_project_id":"GG2050-REPD-7075","name":"Jenny Field Drive","operator":"Enstor Power","repd_ref":"7075","repd_technology":"Battery","status":"Awaiting Construction","technology":"bess"},"type":"Feature"},{"geometry":{"coordinates":[-0.2112893,51.9837729],"type":"Point"},"id":"GG2050-REPD-15927","properties":{"capacity_mw":5.0,"gg_project_id":"GG2050-REPD-15927","name":"Letchworth Garden City - Urban Reserve Energy Storage Facility","operator":"AMP Energy Services Limited","repd_ref":"15927","repd_technology":"Battery","status":"Awaiting Construction","technology":"bess"},"type":"Feature"},{"geometry":{"coordinates":[-0.2112893,51.9837729],"type":"Point"},"id":"GG2050-REPD-8190","properties":{"capacity_mw":5.0,"gg_project_id":"GG2050-REPD-8190","name":"Letchworth Power Energy Storage Facility","operator":"AMP Energy Services Limited","repd_ref":"8190","repd_technology":"Battery","status":"Revised","technology":"bess"},"type":"Feature"},{"geometry":{"coordinates":[-3.7138124,58.528442],"type":"Point"},"id":"GG2050-REPD-11312","properties":{"capacity_mw":5.0,"gg_project_id":"GG2050-REPD-11312","name":"Limekiln Wind Farm (Extension) - Battery","operator":"Infinergy / Boralex","repd_ref":"11312","repd_technology":"Battery","status":"Operational","technology":"bess"},"type":"Feature"},{"geometry":{"coordinates":[-4.7634854,50.3567386],"type":"Point"},"id":"GG2050-REPD-11077","properties":{"capacity_mw":5.0,"gg_project_id":"GG2050-REPD-11077","name":"Menear Road - Solar & Battery storage","operator":"Anesco Limited","repd_ref":"11077","repd_technology":"Battery","status":"Awaiting Construction","technology":"bess"},"type":"Feature"},{"geometry":{"coordinates":[-2.1511982,53.6107666],"type":"Point"},"id":"GG2050-REPD-8860","properties":{"capacity_mw":5.0,"gg_project_id":"GG2050-REPD-8860","name":"Miall Power - Energy Storage Facility","operator":"Private Developer","repd_ref":"8860","repd_technology":"Battery","status":"Application Refused","technology":"bess"},"type":"Feature"},{"geometry":{"coordinates":[0.4948826,51.5933363],"type":"Point"},"id":"GG2050-REPD-13197","properties":{"capacity_mw":5.0,"gg_project_id":"GG2050-REPD-13197","name":"Nevendon Battery Storage Extension","operator":"Belectric Solar Limited","repd_ref":"13197","repd_technology":"Battery","status":"Operational","technology":"bess"},"type":"Feature"},{"geometry":{"coordinates":[-1.505504,52.4774286],"type":"Point"},"id":"GG2050-REPD-16461","properties":{"capacity_mw":5.0,"gg_project_id":"GG2050-REPD-16461","name":"Newgate Coolliery - Solar Farm & Battery Storage","operator":"Sirius Environmental Limited","repd_ref":"16461","repd_technology":"Battery","status":"Application Submitted","technology":"bess"},"type":"Feature"},{"geometry":{"coordinates":[-5.8618412,56.4603476],"type":"Point"},"id":"GG2050-REPD-16737","properties":{"capacity_mw":5.0,"gg_project_id":"GG2050-REPD-16737","name":"Rowan Wind Farm","operator":"Energiekontor UK Limited","repd_ref":"16737","repd_technology":"Battery","status":"Awaiting Construction","technology":"bess"},"type":"Feature"},{"geometry":{"coordinates":[-3.9538131,55.7229266],"type":"Point"},"id":"GG2050-REPD-7576","properties":{"capacity_mw":5.0,"gg_project_id":"GG2050-REPD-7576","name":"Shaws Farm","operator":"Capbal","repd_ref":"7576","repd_technology":"Battery","status":"Planning Permission Expired","technology":"bess"},"type":"Feature"},{"geometry":{"coordinates":[-0.7966701,54.1442567],"type":"Point"},"id":"GG2050-REPD-7171","properties":{"capacity_mw":5.0,"gg_project_id":"GG2050-REPD-7171","name":"Showfield Lane","operator":"Enstor Energy","repd_ref":"7171","repd_technology":"Battery","status":"Awaiting Construction","technology":"bess"},"type":"Feature"}],"partition":3,"release":"9.1","schema":"globalgrid2050.v9.atlas-projects.v9.1","technology":"bess","type":"FeatureCollection"}
