{"feature_count":500,"features":[{"geometry":{"coordinates":[0.9749851,51.1056306],"type":"Point"},"id":"GG2050-REPD-12351","properties":{"capacity_mw":57.0,"gg_project_id":"GG2050-REPD-12351","name":"Sellindge Substation, Church Lane - Battery Storage","operator":"Pivoted Power Llp","repd_ref":"12351","repd_technology":"Battery","status":"Awaiting Construction","technology":"bess"},"type":"Feature"},{"geometry":{"coordinates":[-0.5073845,51.5381745],"type":"Point"},"id":"GG2050-REPD-9774","properties":{"capacity_mw":57.0,"gg_project_id":"GG2050-REPD-9774","name":"Slough Road - Battery Storage","operator":"Pivot Power","repd_ref":"9774","repd_technology":"Battery","status":"Application Withdrawn","technology":"bess"},"type":"Feature"},{"geometry":{"coordinates":[0.5465099,51.6195488],"type":"Point"},"id":"GG2050-REPD-13678","properties":{"capacity_mw":57.0,"gg_project_id":"GG2050-REPD-13678","name":"Southlands Solar Farm & Battery Storage","operator":"Enso Green Holdings Limited / Cero Generation","repd_ref":"13678","repd_technology":"Battery","status":"Awaiting Construction","technology":"bess"},"type":"Feature"},{"geometry":{"coordinates":[-0.2382887,51.9247263],"type":"Point"},"id":"GG2050-REPD-19189","properties":{"capacity_mw":57.0,"gg_project_id":"GG2050-REPD-19189","name":"Stevenage Road, Titmore Green - Battery Energy Storage System","operator":"Pivoted Power Llp","repd_ref":"19189","repd_technology":"Battery","status":"Application Submitted","technology":"bess"},"type":"Feature"},{"geometry":{"coordinates":[-2.7384888,53.419678],"type":"Point"},"id":"GG2050-REPD-11559","properties":{"capacity_mw":57.0,"gg_project_id":"GG2050-REPD-11559","name":"Sutton Manor - Battery Storage Facility","operator":"Sizing John Limited","repd_ref":"11559","repd_technology":"Battery","status":"Awaiting Construction","technology":"bess"},"type":"Feature"},{"geometry":{"coordinates":[-1.3817761,54.5878891],"type":"Point"},"id":"GG2050-REPD-9207","properties":{"capacity_mw":57.0,"gg_project_id":"GG2050-REPD-9207","name":"The Carrs - Meadow Farm Energy storage facility","operator":"BayWa r.e.","repd_ref":"9207","repd_technology":"Battery","status":"Awaiting Construction","technology":"bess"},"type":"Feature"},{"geometry":{"coordinates":[-2.216007,53.6191609],"type":"Point"},"id":"GG2050-REPD-14597","properties":{"capacity_mw":57.0,"gg_project_id":"GG2050-REPD-14597","name":"The Rake, Lower Jowkin Lane - Battery Energy Storage","operator":"Shaw-Energi Limited","repd_ref":"14597","repd_technology":"Battery","status":"Awaiting Construction","technology":"bess"},"type":"Feature"},{"geometry":{"coordinates":[-2.2223757,53.617082],"type":"Point"},"id":"GG2050-REPD-12187","properties":{"capacity_mw":57.0,"gg_project_id":"GG2050-REPD-12187","name":"Waterloo Farm, Furbarn Road - Battery Storage","operator":"Shaw-Energi Limited","repd_ref":"12187","repd_technology":"Battery","status":"Revised","technology":"bess"},"type":"Feature"},{"geometry":{"coordinates":[-2.1657929,53.5321535],"type":"Point"},"id":"GG2050-REPD-10690","properties":{"capacity_mw":57.0,"gg_project_id":"GG2050-REPD-10690","name":"Whitegate Battery Storage","operator":"Pelagic Energy (Constantine Energy)","repd_ref":"10690","repd_technology":"Battery","status":"Under Construction","technology":"bess"},"type":"Feature"},{"geometry":{"coordinates":[-5.4869832,55.7028474],"type":"Point"},"id":"GG2050-REPD-10282","properties":{"capacity_mw":55.5,"gg_project_id":"GG2050-REPD-10282","name":"High Constellation Wind Farm","operator":"BayWa r.e. UK Limited","repd_ref":"10282","repd_technology":"Battery","status":"Awaiting Construction","technology":"bess"},"type":"Feature"},{"geometry":{"coordinates":[-4.1675203,55.7857927],"type":"Point"},"id":"GG2050-REPD-19571","properties":{"capacity_mw":55.0,"gg_project_id":"GG2050-REPD-19571","name":"East Rogerton Cottage, Markethill Road - Battery Storage Facility","operator":"Apatura - GPC 680 Limited","repd_ref":"19571","repd_technology":"Battery","status":"Awaiting Construction","technology":"bess"},"type":"Feature"},{"geometry":{"coordinates":[1.0317796,52.0725575],"type":"Point"},"id":"GG2050-REPD-9105","properties":{"capacity_mw":55.0,"gg_project_id":"GG2050-REPD-9105","name":"Greybarn Solar Energy Farm","operator":"Statkraft UK","repd_ref":"9105","repd_technology":"Battery","status":"Application Submitted","technology":"bess"},"type":"Feature"},{"geometry":{"coordinates":[-2.9878134,55.3596877],"type":"Point"},"id":"GG2050-REPD-17154","properties":{"capacity_mw":53.2,"gg_project_id":"GG2050-REPD-17154","name":"Mid Hill Wind Farm","operator":"Invenergy Services UK","repd_ref":"17154","repd_technology":"Battery","status":"Application Submitted","technology":"bess"},"type":"Feature"},{"geometry":{"coordinates":[-0.4458007,53.2500936],"type":"Point"},"id":"GG2050-REPD-12600","properties":{"capacity_mw":53.0,"gg_project_id":"GG2050-REPD-12600","name":"Barfield Lane, Reepham - Battery Energy Storage System","operator":"Fiskerton Bess Limited","repd_ref":"12600","repd_technology":"Battery","status":"Application Submitted","technology":"bess"},"type":"Feature"},{"geometry":{"coordinates":[-1.3003047,51.8057365],"type":"Point"},"id":"GG2050-REPD-17593","properties":{"capacity_mw":52.0,"gg_project_id":"GG2050-REPD-17593","name":"Woodstock Road, Yarnton - Battery Energy Storage System","operator":"Renewable Connections Developments Limited","repd_ref":"17593","repd_technology":"Battery","status":"Awaiting Construction","technology":"bess"},"type":"Feature"},{"geometry":{"coordinates":[1.3429997,51.3119598],"type":"Point"},"id":"GG2050-REPD-9626","properties":{"capacity_mw":50.1,"gg_project_id":"GG2050-REPD-9626","name":"Richborough Energy Park - Phase 2","operator":"Richborough Energy Park Limited","repd_ref":"9626","repd_technology":"Battery","status":"Operational","technology":"bess"},"type":"Feature"},{"geometry":{"coordinates":[1.7315792,52.5858804],"type":"Point"},"id":"GG2050-REPD-16394","properties":{"capacity_mw":50.0,"gg_project_id":"GG2050-REPD-16394","name":"Admiralty Road - Battery Energy Storage Facility","operator":"Abbey Power Solution Limited","repd_ref":"16394","repd_technology":"Battery","status":"Awaiting Construction","technology":"bess"},"type":"Feature"},{"geometry":{"coordinates":[1.0165633,51.9166825],"type":"Point"},"id":"GG2050-REPD-10302","properties":{"capacity_mw":50.0,"gg_project_id":"GG2050-REPD-10302","name":"Ardleigh Road, Little Bromley - Battery Energy Storage","operator":"Lawford Power Limited","repd_ref":"10302","repd_technology":"Battery","status":"Awaiting Construction","technology":"bess"},"type":"Feature"},{"geometry":{"coordinates":[-2.0967201,53.0324196],"type":"Point"},"id":"GG2050-REPD-12804","properties":{"capacity_mw":50.0,"gg_project_id":"GG2050-REPD-12804","name":"Armshead Farm, Armshead Road - Battery Energy Storage Facility","operator":"Conrad Energy (Developments) Limited","repd_ref":"12804","repd_technology":"Battery","status":"Awaiting Construction","technology":"bess"},"type":"Feature"},{"geometry":{"coordinates":[-2.9436209,57.5248818],"type":"Point"},"id":"GG2050-REPD-15995","properties":{"capacity_mw":50.0,"gg_project_id":"GG2050-REPD-15995","name":"Aultmore Forest - Buckie - Windfarm","operator":"Vattenfall","repd_ref":"15995","repd_technology":"Battery","status":"Application Submitted","technology":"bess"},"type":"Feature"},{"geometry":{"coordinates":[-1.0575208,53.7731707],"type":"Point"},"id":"GG2050-REPD-9970","properties":{"capacity_mw":50.0,"gg_project_id":"GG2050-REPD-9970","name":"Barlow Road, Barlow - Battery Storage","operator":"Vox Energy Limited","repd_ref":"9970","repd_technology":"Battery","status":"Revised","technology":"bess"},"type":"Feature"},{"geometry":{"coordinates":[-7.7223959,54.3243997],"type":"Point"},"id":"GG2050-REPD-16446","properties":{"capacity_mw":50.0,"gg_project_id":"GG2050-REPD-16446","name":"Battery Energy Storage System Development in Tyrone","operator":"Heron Storage Limited","repd_ref":"16446","repd_technology":"Battery","status":"Awaiting Construction","technology":"bess"},"type":"Feature"},{"geometry":{"coordinates":[-6.2240952,54.6833924],"type":"Point"},"id":"GG2050-REPD-16592","properties":{"capacity_mw":50.0,"gg_project_id":"GG2050-REPD-16592","name":"Battery Energy Storage System Facility in Antrim","operator":"Heron Storage Limited","repd_ref":"16592","repd_technology":"Battery","status":"Awaiting Construction","technology":"bess"},"type":"Feature"},{"geometry":{"coordinates":[-2.2602715,51.2850189],"type":"Point"},"id":"GG2050-REPD-13989","properties":{"capacity_mw":50.0,"gg_project_id":"GG2050-REPD-13989","name":"Bluebell Wood Solar Farm & Battery Storage","operator":"Low Carbon UK Solar Investment Co Limited","repd_ref":"13989","repd_technology":"Battery","status":"Awaiting Construction","technology":"bess"},"type":"Feature"},{"geometry":{"coordinates":[-3.4900404,56.3968987],"type":"Point"},"id":"GG2050-REPD-12825","properties":{"capacity_mw":50.0,"gg_project_id":"GG2050-REPD-12825","name":"Brunt Hill Wind Farm & Battery Storage","operator":"E Power Limited","repd_ref":"12825","repd_technology":"Battery","status":"Application Submitted","technology":"bess"},"type":"Feature"},{"geometry":{"coordinates":[-1.6327458,55.1410268],"type":"Point"},"id":"GG2050-REPD-17272","properties":{"capacity_mw":50.0,"gg_project_id":"GG2050-REPD-17272","name":"Burnt House Farm, Nedderton Village - Battery Energy Storage System","operator":"Bluefield Renewable Developments Limited","repd_ref":"17272","repd_technology":"Battery","status":"Application Submitted","technology":"bess"},"type":"Feature"},{"geometry":{"coordinates":[0.3162553,52.2785975],"type":"Point"},"id":"GG2050-REPD-15994","properties":{"capacity_mw":50.0,"gg_project_id":"GG2050-REPD-15994","name":"Burwell - Battery Storage","operator":"SMS Energy Services","repd_ref":"15994","repd_technology":"Battery","status":"Operational","technology":"bess"},"type":"Feature"},{"geometry":{"coordinates":[-1.6539567,52.5585055],"type":"Point"},"id":"GG2050-REPD-17962","properties":{"capacity_mw":50.0,"gg_project_id":"GG2050-REPD-17962","name":"Camp Farm, Knowle Hill - Battery Storage","operator":"Ampyr Solar Europe","repd_ref":"17962","repd_technology":"Battery","status":"Awaiting Construction","technology":"bess"},"type":"Feature"},{"geometry":{"coordinates":[-3.5353231,57.4849762],"type":"Point"},"id":"GG2050-REPD-7178","properties":{"capacity_mw":50.0,"gg_project_id":"GG2050-REPD-7178","name":"Clash Gour","operator":"EDF Energy Renewables/ Force 9","repd_ref":"7178","repd_technology":"Battery","status":"Awaiting Construction","technology":"bess"},"type":"Feature"},{"geometry":{"coordinates":[-2.8588951,57.3720033],"type":"Point"},"id":"GG2050-REPD-13117","properties":{"capacity_mw":50.0,"gg_project_id":"GG2050-REPD-13117","name":"Clashindarroch Wind Farm Extension","operator":"Infinergy","repd_ref":"13117","repd_technology":"Battery","status":"Awaiting Construction","technology":"bess"},"type":"Feature"},{"geometry":{"coordinates":[-1.3962962,53.6914945],"type":"Point"},"id":"GG2050-REPD-16557","properties":{"capacity_mw":50.0,"gg_project_id":"GG2050-REPD-16557","name":"Cooksland Farm, Old Snydale -Battery Energy Storage","operator":"Ylem Energy Limited / Root Power","repd_ref":"16557","repd_technology":"Battery","status":"Awaiting Construction","technology":"bess"},"type":"Feature"},{"geometry":{"coordinates":[-0.7814944,53.3033933],"type":"Point"},"id":"GG2050-REPD-8278","properties":{"capacity_mw":50.0,"gg_project_id":"GG2050-REPD-8278","name":"Cottom Power Station","operator":"EDF Energy Thermal Generation Limited","repd_ref":"8278","repd_technology":"Battery","status":"Application Submitted","technology":"bess"},"type":"Feature"},{"geometry":{"coordinates":[-0.2109414,52.922396],"type":"Point"},"id":"GG2050-REPD-12118","properties":{"capacity_mw":50.0,"gg_project_id":"GG2050-REPD-12118","name":"Cowbridge Road, Bicker Fen - Battery Storage","operator":"AGR Solar 2 Limited","repd_ref":"12118","repd_technology":"Battery","status":"Under Construction","technology":"bess"},"type":"Feature"},{"geometry":{"coordinates":[-4.4284306,55.4463106],"type":"Point"},"id":"GG2050-REPD-8527","properties":{"capacity_mw":50.0,"gg_project_id":"GG2050-REPD-8527","name":"Coylton Substation, Coylton - Battery Energy Storage","operator":"Statkraft UK Limited","repd_ref":"8527","repd_technology":"Battery","status":"Under Construction","technology":"bess"},"type":"Feature"},{"geometry":{"coordinates":[-4.8570227,55.735296],"type":"Point"},"id":"GG2050-REPD-15796","properties":{"capacity_mw":50.0,"gg_project_id":"GG2050-REPD-15796","name":"Crosbie Wind Farm","operator":"Galileo Green Energy Scotland Limited (GGE Scotland)","repd_ref":"15796","repd_technology":"Battery","status":"Application Submitted","technology":"bess"},"type":"Feature"},{"geometry":{"coordinates":[-1.1292486,53.5321025],"type":"Point"},"id":"GG2050-REPD-15235","properties":{"capacity_mw":50.0,"gg_project_id":"GG2050-REPD-15235","name":"Cutts Bros, Wharf Road - Battery Storage Facility","operator":"Newton Energi Limited","repd_ref":"15235","repd_technology":"Battery","status":"Revised","technology":"bess"},"type":"Feature"},{"geometry":{"coordinates":[-1.1292486,53.5321025],"type":"Point"},"id":"GG2050-REPD-16514","properties":{"capacity_mw":50.0,"gg_project_id":"GG2050-REPD-16514","name":"Cutts Bros, Wharf Road - Battery Storage Facility","operator":"Newton Energi Limited","repd_ref":"16514","repd_technology":"Battery","status":"Awaiting Construction","technology":"bess"},"type":"Feature"},{"geometry":{"coordinates":[-0.693977,51.6113996],"type":"Point"},"id":"GG2050-REPD-12649","properties":{"capacity_mw":50.0,"gg_project_id":"GG2050-REPD-12649","name":"Derehams Farm, Derehams Lane - Battery Storage","operator":"Newton Energi Limited","repd_ref":"12649","repd_technology":"Battery","status":"Revised","technology":"bess"},"type":"Feature"},{"geometry":{"coordinates":[-4.4775973,55.3216778],"type":"Point"},"id":"GG2050-REPD-8927","properties":{"capacity_mw":50.0,"gg_project_id":"GG2050-REPD-8927","name":"Dersalloch Battery Storage Facility","operator":"Scottish Power Renewables (UK) Limited","repd_ref":"8927","repd_technology":"Battery","status":"Awaiting Construction","technology":"bess"},"type":"Feature"},{"geometry":{"coordinates":[-6.6751245,54.5125492],"type":"Point"},"id":"GG2050-REPD-7050","properties":{"capacity_mw":50.0,"gg_project_id":"GG2050-REPD-7050","name":"Dungannon Energy Storage System","operator":"Low Carbon Storage Ireland","repd_ref":"7050","repd_technology":"Battery","status":"Under Construction","technology":"bess"},"type":"Feature"},{"geometry":{"coordinates":[-2.2031267,57.2138965],"type":"Point"},"id":"GG2050-REPD-9388","properties":{"capacity_mw":50.0,"gg_project_id":"GG2050-REPD-9388","name":"Dyce Energy Storage, Raiths Industrial Estate - Battery Facility","operator":"Intelligent Land Investments Group","repd_ref":"9388","repd_technology":"Battery","status":"Operational","technology":"bess"},"type":"Feature"},{"geometry":{"coordinates":[-4.1675203,55.7857927],"type":"Point"},"id":"GG2050-REPD-13449","properties":{"capacity_mw":50.0,"gg_project_id":"GG2050-REPD-13449","name":"East Rogerton Cottage, Markethill Road - Battery Storage Facility","operator":"Apatura – GPC 612 Limited","repd_ref":"13449","repd_technology":"Battery","status":"Revised","technology":"bess"},"type":"Feature"},{"geometry":{"coordinates":[-2.3083542,55.6662175],"type":"Point"},"id":"GG2050-REPD-13003","properties":{"capacity_mw":50.0,"gg_project_id":"GG2050-REPD-13003","name":"Eccles Substation, Eccles - Battery Energy Storage System","operator":"Eccles Grid Stability Limited","repd_ref":"13003","repd_technology":"Battery","status":"Under Construction","technology":"bess"},"type":"Feature"},{"geometry":{"coordinates":[-2.0649502,57.5890698],"type":"Point"},"id":"GG2050-REPD-10039","properties":{"capacity_mw":50.0,"gg_project_id":"GG2050-REPD-10039","name":"Electricity Sub Station, Strichen - Battery Storage Facility","operator":"Intelligent Land Investments Group plc","repd_ref":"10039","repd_technology":"Battery","status":"Awaiting Construction","technology":"bess"},"type":"Feature"},{"geometry":{"coordinates":[-1.9782904,51.6103871],"type":"Point"},"id":"GG2050-REPD-11810","properties":{"capacity_mw":50.0,"gg_project_id":"GG2050-REPD-11810","name":"Fairholme, Minety - Battery Storage","operator":"Pelagic Energy","repd_ref":"11810","repd_technology":"Battery","status":"Awaiting Construction","technology":"bess"},"type":"Feature"},{"geometry":{"coordinates":[-4.212328,57.4524515],"type":"Point"},"id":"GG2050-REPD-13318","properties":{"capacity_mw":50.0,"gg_project_id":"GG2050-REPD-13318","name":"Fairways Business Park - Battery Storage","operator":"Inverness Caledonian Thistle Football Club","repd_ref":"13318","repd_technology":"Battery","status":"Application Refused","technology":"bess"},"type":"Feature"},{"geometry":{"coordinates":[-2.7191834,53.5274619],"type":"Point"},"id":"GG2050-REPD-18717","properties":{"capacity_mw":50.0,"gg_project_id":"GG2050-REPD-18717","name":"Far Moor - Battery Energy Storage System","operator":"Greenfield Energy Developments Limited","repd_ref":"18717","repd_technology":"Battery","status":"Application Submitted","technology":"bess"},"type":"Feature"},{"geometry":{"coordinates":[-1.915156,57.6012294],"type":"Point"},"id":"GG2050-REPD-10994","properties":{"capacity_mw":50.0,"gg_project_id":"GG2050-REPD-10994","name":"Frodo Solar and Battery Energy Development","operator":"Green Energy International","repd_ref":"10994","repd_technology":"Battery","status":"Awaiting Construction","technology":"bess"},"type":"Feature"},{"geometry":{"coordinates":[-3.3947899,52.4133781],"type":"Point"},"id":"GG2050-REPD-7705","properties":{"capacity_mw":50.0,"gg_project_id":"GG2050-REPD-7705","name":"Garn Fach Wind Farm","operator":"EDF Renewables","repd_ref":"7705","repd_technology":"Battery","status":"Awaiting Construction","technology":"bess"},"type":"Feature"},{"geometry":{"coordinates":[0.516304,51.0915662],"type":"Point"},"id":"GG2050-REPD-18392","properties":{"capacity_mw":50.0,"gg_project_id":"GG2050-REPD-18392","name":"Glassenbury - Battery Storage System","operator":"Gresham House","repd_ref":"18392","repd_technology":"Battery","status":"Awaiting Construction","technology":"bess"},"type":"Feature"},{"geometry":{"coordinates":[-4.1836429,56.4372794],"type":"Point"},"id":"GG2050-REPD-18296","properties":{"capacity_mw":50.0,"gg_project_id":"GG2050-REPD-18296","name":"Glentarken Wind Farm","operator":"SSE Renewables Wind Farms UK Ltd","repd_ref":"18296","repd_technology":"Battery","status":"Application Submitted","technology":"bess"},"type":"Feature"},{"geometry":{"coordinates":[-2.0440195,57.6802403],"type":"Point"},"id":"GG2050-REPD-12303","properties":{"capacity_mw":50.0,"gg_project_id":"GG2050-REPD-12303","name":"Greenbank Caravan & Trailers, Hillhead Of Phingask - Battery Storage","operator":"Flexion Energy UK Storage","repd_ref":"12303","repd_technology":"Battery","status":"Awaiting Construction","technology":"bess"},"type":"Feature"},{"geometry":{"coordinates":[-2.6706133,54.2999366],"type":"Point"},"id":"GG2050-REPD-6957","properties":{"capacity_mw":50.0,"gg_project_id":"GG2050-REPD-6957","name":"Greenmoor Bank","operator":"Greenmore Bank Storage","repd_ref":"6957","repd_technology":"Battery","status":"Application Refused","technology":"bess"},"type":"Feature"},{"geometry":{"coordinates":[0.1152171,51.9329046],"type":"Point"},"id":"GG2050-REPD-9012","properties":{"capacity_mw":50.0,"gg_project_id":"GG2050-REPD-9012","name":"Greens Farm - Battery energy storage","operator":"Cambridge Power","repd_ref":"9012","repd_technology":"Battery","status":"Awaiting Construction","technology":"bess"},"type":"Feature"},{"geometry":{"coordinates":[0.379761,52.7247637],"type":"Point"},"id":"GG2050-REPD-11648","properties":{"capacity_mw":50.0,"gg_project_id":"GG2050-REPD-11648","name":"High Road, Saddlebow - Battery Storage","operator":"Lynn Power Limited","repd_ref":"11648","repd_technology":"Battery","status":"Awaiting Construction","technology":"bess"},"type":"Feature"},{"geometry":{"coordinates":[-3.4175061,50.6776846],"type":"Point"},"id":"GG2050-REPD-19391","properties":{"capacity_mw":50.0,"gg_project_id":"GG2050-REPD-19391","name":"Higher Bagmore Farm, Ebford Lane -Battery Energy Storage System","operator":"Enviromena","repd_ref":"19391","repd_technology":"Battery","status":"Application Submitted","technology":"bess"},"type":"Feature"},{"geometry":{"coordinates":[-0.4800315,51.9365841],"type":"Point"},"id":"GG2050-REPD-17589","properties":{"capacity_mw":50.0,"gg_project_id":"GG2050-REPD-17589","name":"Hillcrest, Church Road - Battery Energy Storage","operator":"Root Power South Limited","repd_ref":"17589","repd_technology":"Battery","status":"Application Withdrawn","technology":"bess"},"type":"Feature"},{"geometry":{"coordinates":[-2.3304594,53.7772257],"type":"Point"},"id":"GG2050-REPD-10516","properties":{"capacity_mw":50.0,"gg_project_id":"GG2050-REPD-10516","name":"Huncoat Power Station - Battery Storage","operator":"24 Power Limited","repd_ref":"10516","repd_technology":"Battery","status":"Revised","technology":"bess"},"type":"Feature"},{"geometry":{"coordinates":[-4.9002742,50.3967536],"type":"Point"},"id":"GG2050-REPD-14687","properties":{"capacity_mw":50.0,"gg_project_id":"GG2050-REPD-14687","name":"Indian Queens National Grid Substation, Domelick Hill - Battery Storage","operator":"EDF Energy Renewables (merged with Pivot Power)","repd_ref":"14687","repd_technology":"Battery","status":"Awaiting Construction","technology":"bess"},"type":"Feature"},{"geometry":{"coordinates":[-4.8992532,50.3940894],"type":"Point"},"id":"GG2050-REPD-14461","properties":{"capacity_mw":50.0,"gg_project_id":"GG2050-REPD-14461","name":"Indian Queens Sub station, Carne Hill - Battery Energy Storage","operator":"Renewable Connections Development Limited","repd_ref":"14461","repd_technology":"Battery","status":"Awaiting Construction","technology":"bess"},"type":"Feature"},{"geometry":{"coordinates":[-3.1455011,51.4987846],"type":"Point"},"id":"GG2050-REPD-9910","properties":{"capacity_mw":50.0,"gg_project_id":"GG2050-REPD-9910","name":"Ipswich Road, Cardiff - Battery Storage","operator":"Green Frog Power 214 Limited","repd_ref":"9910","repd_technology":"Battery","status":"Revised","technology":"bess"},"type":"Feature"},{"geometry":{"coordinates":[1.3160921,52.1649822],"type":"Point"},"id":"GG2050-REPD-18300","properties":{"capacity_mw":50.0,"gg_project_id":"GG2050-REPD-18300","name":"Kettleburgh Road Easton - Solar Panels & Battery Storage","operator":"Quintas Cleantech","repd_ref":"18300","repd_technology":"Battery","status":"Application Submitted","technology":"bess"},"type":"Feature"},{"geometry":{"coordinates":[-2.8923357,54.026063],"type":"Point"},"id":"GG2050-REPD-12125","properties":{"capacity_mw":50.0,"gg_project_id":"GG2050-REPD-12125","name":"Lancaster Power Extension, Middleton Road - Energy Storage Facility","operator":"Infra Balance New Energy","repd_ref":"12125","repd_technology":"Battery","status":"Awaiting Construction","technology":"bess"},"type":"Feature"},{"geometry":{"coordinates":[-2.148606,52.7398796],"type":"Point"},"id":"GG2050-REPD-13615","properties":{"capacity_mw":50.0,"gg_project_id":"GG2050-REPD-13615","name":"Levedale Road, Levedale - Battery Energy Storage","operator":"Anglo Renewables Limited","repd_ref":"13615","repd_technology":"Battery","status":"Awaiting Construction","technology":"bess"},"type":"Feature"},{"geometry":{"coordinates":[-2.7286874,55.794504],"type":"Point"},"id":"GG2050-REPD-13539","properties":{"capacity_mw":50.0,"gg_project_id":"GG2050-REPD-13539","name":"Longcroft Wind Farm","operator":"Renewable Energy Systems","repd_ref":"13539","repd_technology":"Battery","status":"Application Submitted","technology":"bess"},"type":"Feature"},{"geometry":{"coordinates":[-1.0193498,50.9205569],"type":"Point"},"id":"GG2050-REPD-16925","properties":{"capacity_mw":50.0,"gg_project_id":"GG2050-REPD-16925","name":"Lovedean Lane - Battery Energy Storage System","operator":"Ylem Energy Limited","repd_ref":"16925","repd_technology":"Battery","status":"Application Refused","technology":"bess"},"type":"Feature"},{"geometry":{"coordinates":[-1.5854216,55.0875518],"type":"Point"},"id":"GG2050-REPD-15753","properties":{"capacity_mw":50.0,"gg_project_id":"GG2050-REPD-15753","name":"Low Horton - Battery Energy Storage System","operator":"Bluefield Renewable Developments Limited","repd_ref":"15753","repd_technology":"Battery","status":"Awaiting Construction","technology":"bess"},"type":"Feature"},{"geometry":{"coordinates":[-2.0265485,52.432555],"type":"Point"},"id":"GG2050-REPD-11399","properties":{"capacity_mw":50.0,"gg_project_id":"GG2050-REPD-11399","name":"Lowlands Farm - Battery Storage","operator":"Anglo Renewables","repd_ref":"11399","repd_technology":"Battery","status":"Revised","technology":"bess"},"type":"Feature"},{"geometry":{"coordinates":[-2.0265485,52.432555],"type":"Point"},"id":"GG2050-REPD-12959","properties":{"capacity_mw":50.0,"gg_project_id":"GG2050-REPD-12959","name":"Lowlands Farm - Battery Storage","operator":"Anglo Renewables","repd_ref":"12959","repd_technology":"Battery","status":"Awaiting Construction","technology":"bess"},"type":"Feature"},{"geometry":{"coordinates":[-4.0026749,57.3427202],"type":"Point"},"id":"GG2050-REPD-16397","properties":{"capacity_mw":50.0,"gg_project_id":"GG2050-REPD-16397","name":"Lynemore Wind Farm","operator":"Galileo Empower UK Limited","repd_ref":"16397","repd_technology":"Battery","status":"Application Submitted","technology":"bess"},"type":"Feature"},{"geometry":{"coordinates":[-3.7591701,55.5193893],"type":"Point"},"id":"GG2050-REPD-16027","properties":{"capacity_mw":50.0,"gg_project_id":"GG2050-REPD-16027","name":"M74 West Renewable Energy Park","operator":"Renewco Power","repd_ref":"16027","repd_technology":"Battery","status":"Application Submitted","technology":"bess"},"type":"Feature"},{"geometry":{"coordinates":[-0.8468683,53.093458],"type":"Point"},"id":"GG2050-REPD-11999","properties":{"capacity_mw":50.0,"gg_project_id":"GG2050-REPD-11999","name":"Main Street, Kelham - Solar Farm & Battery Energy Storage","operator":"Assured Asset Solar 2 Limited (Peridot Solar)","repd_ref":"11999","repd_technology":"Battery","status":"Awaiting Construction","technology":"bess"},"type":"Feature"},{"geometry":{"coordinates":[-1.3548231,53.4310799],"type":"Point"},"id":"GG2050-REPD-17104","properties":{"capacity_mw":50.0,"gg_project_id":"GG2050-REPD-17104","name":"Maltby Solar Farm","operator":"Infinis Energy Services Limited","repd_ref":"17104","repd_technology":"Battery","status":"Application Submitted","technology":"bess"},"type":"Feature"},{"geometry":{"coordinates":[-1.7001303,52.5578133],"type":"Point"},"id":"GG2050-REPD-19075","properties":{"capacity_mw":50.0,"gg_project_id":"GG2050-REPD-19075","name":"Marston Sewerage Pumping Station, Bodymoor Heath Lane - Battery Storage","operator":"Anesco Limited","repd_ref":"19075","repd_technology":"Battery","status":"Application Submitted","technology":"bess"},"type":"Feature"},{"geometry":{"coordinates":[-2.1539159,51.3991862],"type":"Point"},"id":"GG2050-REPD-6953","properties":{"capacity_mw":50.0,"gg_project_id":"GG2050-REPD-6953","name":"Melksham Substation East Storage","operator":"Statera Energy / Melksham East Storage","repd_ref":"6953","repd_technology":"Battery","status":"Operational","technology":"bess"},"type":"Feature"},{"geometry":{"coordinates":[-1.0354193,53.9593481],"type":"Point"},"id":"GG2050-REPD-17496","properties":{"capacity_mw":50.0,"gg_project_id":"GG2050-REPD-17496","name":"Monets Garden Battery, Osbaldwick - Energy Storage Facility","operator":"Monets Garden Battery Limited","repd_ref":"17496","repd_technology":"Battery","status":"Awaiting Construction","technology":"bess"},"type":"Feature"},{"geometry":{"coordinates":[-4.4267075,55.8454986],"type":"Point"},"id":"GG2050-REPD-8830","properties":{"capacity_mw":50.0,"gg_project_id":"GG2050-REPD-8830","name":"Neilston Greener Grid Park","operator":"Statkraft UK LTD","repd_ref":"8830","repd_technology":"Battery","status":"Under Construction","technology":"bess"},"type":"Feature"},{"geometry":{"coordinates":[-1.498631,54.1345298],"type":"Point"},"id":"GG2050-REPD-19256","properties":{"capacity_mw":50.0,"gg_project_id":"GG2050-REPD-19256","name":"New Oaks, Station Road - Battery Energy Storage System","operator":"Brockwell Energy Limited","repd_ref":"19256","repd_technology":"Battery","status":"Application Submitted","technology":"bess"},"type":"Feature"},{"geometry":{"coordinates":[0.282934,52.2161401],"type":"Point"},"id":"GG2050-REPD-10486","properties":{"capacity_mw":50.0,"gg_project_id":"GG2050-REPD-10486","name":"Newmarket Road, Bottisham - Battery Energy Storage","operator":"Ridge Clean Energy Limited","repd_ref":"10486","repd_technology":"Battery","status":"Awaiting Construction","technology":"bess"},"type":"Feature"},{"geometry":{"coordinates":[1.5085605,52.3562629],"type":"Point"},"id":"GG2050-REPD-12529","properties":{"capacity_mw":50.0,"gg_project_id":"GG2050-REPD-12529","name":"Norwich Road Industrial Estate","operator":"Eelpower Limited","repd_ref":"12529","repd_technology":"Battery","status":"Under Construction","technology":"bess"},"type":"Feature"},{"geometry":{"coordinates":[-0.0414964,52.6448805],"type":"Point"},"id":"GG2050-REPD-9976","properties":{"capacity_mw":50.0,"gg_project_id":"GG2050-REPD-9976","name":"Nutsgrove Farm, Thorney - Battery Energy Storage","operator":"Cambridge Power Limited","repd_ref":"9976","repd_technology":"Battery","status":"Awaiting Construction","technology":"bess"},"type":"Feature"},{"geometry":{"coordinates":[-7.1101077,54.4814979],"type":"Point"},"id":"GG2050-REPD-17663","properties":{"capacity_mw":50.0,"gg_project_id":"GG2050-REPD-17663","name":"Omagh Road, Garvaghy - Battery Energy Storage","operator":"Heron Storage Limited","repd_ref":"17663","repd_technology":"Battery","status":"Awaiting Construction","technology":"bess"},"type":"Feature"},{"geometry":{"coordinates":[-2.6247393,53.5410621],"type":"Point"},"id":"GG2050-REPD-14892","properties":{"capacity_mw":50.0,"gg_project_id":"GG2050-REPD-14892","name":"Orrell Street Battery Energy Storage Facility","operator":"Enzygo Limited Environmental Consultants","repd_ref":"14892","repd_technology":"Battery","status":"Awaiting Construction","technology":"bess"},"type":"Feature"},{"geometry":{"coordinates":[-3.5838321,57.4302566],"type":"Point"},"id":"GG2050-REPD-12727","properties":{"capacity_mw":50.0,"gg_project_id":"GG2050-REPD-12727","name":"Ourack","operator":"Vattenfall","repd_ref":"12727","repd_technology":"Battery","status":"Awaiting Construction","technology":"bess"},"type":"Feature"},{"geometry":{"coordinates":[1.0951747,51.3527682],"type":"Point"},"id":"GG2050-REPD-18017","properties":{"capacity_mw":50.0,"gg_project_id":"GG2050-REPD-18017","name":"Owls Hatch Road, Thanet Way - Battery Energy Storage Facility","operator":"Root Power South Limited","repd_ref":"18017","repd_technology":"Battery","status":"Awaiting Construction","technology":"bess"},"type":"Feature"},{"geometry":{"coordinates":[-3.3534044,51.4521754],"type":"Point"},"id":"GG2050-REPD-7702","properties":{"capacity_mw":50.0,"gg_project_id":"GG2050-REPD-7702","name":"Pancross & Oaklands Solar Farm","operator":"Infinis","repd_ref":"7702","repd_technology":"Battery","status":"Under Construction","technology":"bess"},"type":"Feature"},{"geometry":{"coordinates":[-1.564211,52.750806],"type":"Point"},"id":"GG2050-REPD-17586","properties":{"capacity_mw":50.0,"gg_project_id":"GG2050-REPD-17586","name":"Park Road, Overseal - Battery Storage Facility","operator":"Care Power Overseal","repd_ref":"17586","repd_technology":"Battery","status":"Awaiting Construction","technology":"bess"},"type":"Feature"},{"geometry":{"coordinates":[-3.2185214,51.4115546],"type":"Point"},"id":"GG2050-REPD-17748","properties":{"capacity_mw":50.0,"gg_project_id":"GG2050-REPD-17748","name":"Pen Y Maes, Ashby Road - Battery Energy Storage","operator":"Root Power South Limited","repd_ref":"17748","repd_technology":"Battery","status":"Application Refused","technology":"bess"},"type":"Feature"},{"geometry":{"coordinates":[-3.0571886,55.7781182],"type":"Point"},"id":"GG2050-REPD-13310","properties":{"capacity_mw":50.0,"gg_project_id":"GG2050-REPD-13310","name":"Penicuik, Moorfoot Hills - Torfichen Wind Farm","operator":"RES Limited","repd_ref":"13310","repd_technology":"Battery","status":"Application Submitted","technology":"bess"},"type":"Feature"},{"geometry":{"coordinates":[-2.206367,52.5602865],"type":"Point"},"id":"GG2050-REPD-10733","properties":{"capacity_mw":50.0,"gg_project_id":"GG2050-REPD-10733","name":"Penstone Lane, Lower Penn 2 - Battery Storage","operator":"Anglo Renewables Limited","repd_ref":"10733","repd_technology":"Battery","status":"Awaiting Construction","technology":"bess"},"type":"Feature"},{"geometry":{"coordinates":[-2.2063671,52.5603224],"type":"Point"},"id":"GG2050-REPD-10705","properties":{"capacity_mw":50.0,"gg_project_id":"GG2050-REPD-10705","name":"Penstone Lane, Penn 1 - Battery Storage Facility","operator":"Anglo Renewables Limited","repd_ref":"10705","repd_technology":"Battery","status":"Awaiting Construction","technology":"bess"},"type":"Feature"},{"geometry":{"coordinates":[-2.7581303,53.7473658],"type":"Point"},"id":"GG2050-REPD-7119","properties":{"capacity_mw":50.0,"gg_project_id":"GG2050-REPD-7119","name":"Penwortham Sub Station","operator":"Statera Energy","repd_ref":"7119","repd_technology":"Battery","status":"Planning Permission Expired","technology":"bess"},"type":"Feature"},{"geometry":{"coordinates":[-4.432952,50.7801941],"type":"Point"},"id":"GG2050-REPD-13509","properties":{"capacity_mw":50.0,"gg_project_id":"GG2050-REPD-13509","name":"Pinkworthy Farm, Pyworthy - Battery Storage","operator":"Private Developer","repd_ref":"13509","repd_technology":"Battery","status":"Revised","technology":"bess"},"type":"Feature"},{"geometry":{"coordinates":[-6.42882,54.3701898],"type":"Point"},"id":"GG2050-REPD-7047","properties":{"capacity_mw":50.0,"gg_project_id":"GG2050-REPD-7047","name":"Portadown Road","operator":"Low Carbon Storage Ireland","repd_ref":"7047","repd_technology":"Battery","status":"Under Construction","technology":"bess"},"type":"Feature"},{"geometry":{"coordinates":[-4.2626128,55.2125452],"type":"Point"},"id":"GG2050-REPD-13238","properties":{"capacity_mw":50.0,"gg_project_id":"GG2050-REPD-13238","name":"Quantans Hill Wind Farm","operator":"Vattenfall Wind Power Limited","repd_ref":"13238","repd_technology":"Battery","status":"Application Submitted","technology":"bess"},"type":"Feature"},{"geometry":{"coordinates":[-0.3749158,52.3228705],"type":"Point"},"id":"GG2050-REPD-15073","properties":{"capacity_mw":50.0,"gg_project_id":"GG2050-REPD-15073","name":"Rookery Farm, Kimbolton Road - Battery Storage Facility","operator":"Bluefield Renewable Developments Limited","repd_ref":"15073","repd_technology":"Battery","status":"Awaiting Construction","technology":"bess"},"type":"Feature"},{"geometry":{"coordinates":[-3.1900311,54.1052316],"type":"Point"},"id":"GG2050-REPD-19570","properties":{"capacity_mw":50.0,"gg_project_id":"GG2050-REPD-19570","name":"Roosecote Power Station, Rampside Road - Battery Energy Storage System","operator":"Centrica Plc","repd_ref":"19570","repd_technology":"Battery","status":"Application Submitted","technology":"bess"},"type":"Feature"},{"geometry":{"coordinates":[-0.2413403,51.8987405],"type":"Point"},"id":"GG2050-REPD-16045","properties":{"capacity_mw":50.0,"gg_project_id":"GG2050-REPD-16045","name":"Rush Green Motors - Battery storage","operator":"RNA Energy limited","repd_ref":"16045","repd_technology":"Battery","status":"Application Withdrawn","technology":"bess"},"type":"Feature"},{"geometry":{"coordinates":[-0.2413403,51.8987405],"type":"Point"},"id":"GG2050-REPD-8987","properties":{"capacity_mw":50.0,"gg_project_id":"GG2050-REPD-8987","name":"Rush Green Motors - Battery storage","operator":"RNA Energy limited","repd_ref":"8987","repd_technology":"Battery","status":"Revised","technology":"bess"},"type":"Feature"},{"geometry":{"coordinates":[-2.4495248,51.5335949],"type":"Point"},"id":"GG2050-REPD-11793","properties":{"capacity_mw":50.0,"gg_project_id":"GG2050-REPD-11793","name":"Says Court Farm, Coalpit Heath - Battery Energy Storage","operator":"Anglo Renewables Limited","repd_ref":"11793","repd_technology":"Battery","status":"Awaiting Construction","technology":"bess"},"type":"Feature"},{"geometry":{"coordinates":[-4.2160535,55.8340524],"type":"Point"},"id":"GG2050-REPD-14378","properties":{"capacity_mw":50.0,"gg_project_id":"GG2050-REPD-14378","name":"Seath Road, Rutherglen - Battery Storage","operator":"Green Power Consultants","repd_ref":"14378","repd_technology":"Battery","status":"Application Refused","technology":"bess"},"type":"Feature"},{"geometry":{"coordinates":[0.7845823,52.7792504],"type":"Point"},"id":"GG2050-REPD-19006","properties":{"capacity_mw":50.0,"gg_project_id":"GG2050-REPD-19006","name":"Shereford Road, West Raynham Estate - Battery Energy Storage System","operator":"Bluefield Renewable Developments Limited","repd_ref":"19006","repd_technology":"Battery","status":"Awaiting Construction","technology":"bess"},"type":"Feature"},{"geometry":{"coordinates":[-4.3962363,55.3231577],"type":"Point"},"id":"GG2050-REPD-19166","properties":{"capacity_mw":50.0,"gg_project_id":"GG2050-REPD-19166","name":"South Kyle Wind Farm 2","operator":"Vattenfall","repd_ref":"19166","repd_technology":"Battery","status":"Application Submitted","technology":"bess"},"type":"Feature"},{"geometry":{"coordinates":[-2.1919664,52.5695792],"type":"Point"},"id":"GG2050-REPD-11414","properties":{"capacity_mw":50.0,"gg_project_id":"GG2050-REPD-11414","name":"South Staffordshire Railway Walk, Castlecroft - Battery Storage","operator":"Balance Power Projects Limited","repd_ref":"11414","repd_technology":"Battery","status":"Awaiting Construction","technology":"bess"},"type":"Feature"},{"geometry":{"coordinates":[-3.2971276,56.5320972],"type":"Point"},"id":"GG2050-REPD-14995","properties":{"capacity_mw":50.0,"gg_project_id":"GG2050-REPD-14995","name":"Stirling Battery and Solar Energy Park","operator":"EcoDev Group Limited","repd_ref":"14995","repd_technology":"Battery","status":"Awaiting Construction","technology":"bess"},"type":"Feature"},{"geometry":{"coordinates":[0.1176996,51.9395952],"type":"Point"},"id":"GG2050-REPD-11212","properties":{"capacity_mw":50.0,"gg_project_id":"GG2050-REPD-11212","name":"Stocking Pelham - Battery Storage System","operator":"Renewable Connections","repd_ref":"11212","repd_technology":"Battery","status":"Application Refused","technology":"bess"},"type":"Feature"},{"geometry":{"coordinates":[-2.0061755,51.6062888],"type":"Point"},"id":"GG2050-REPD-11812","properties":{"capacity_mw":50.0,"gg_project_id":"GG2050-REPD-11812","name":"Stonehill Energy Storage","operator":"Penso Power (BW ESS)","repd_ref":"11812","repd_technology":"Battery","status":"Awaiting Construction","technology":"bess"},"type":"Feature"},{"geometry":{"coordinates":[-2.0040094,51.6053358],"type":"Point"},"id":"GG2050-REPD-7773","properties":{"capacity_mw":50.0,"gg_project_id":"GG2050-REPD-7773","name":"Stonehill Energy Storage / Lower Minety","operator":"Penso Power (BW ESS)","repd_ref":"7773","repd_technology":"Battery","status":"Operational","technology":"bess"},"type":"Feature"},{"geometry":{"coordinates":[-2.0040094,51.6053358],"type":"Point"},"id":"GG2050-REPD-20399","properties":{"capacity_mw":50.0,"gg_project_id":"GG2050-REPD-20399","name":"Stonehill Energy Storage / Upper Minety","operator":"Penso Power (BW ESS)","repd_ref":"20399","repd_technology":"Battery","status":"Operational","technology":"bess"},"type":"Feature"},{"geometry":{"coordinates":[-2.0040094,51.6053358],"type":"Point"},"id":"GG2050-REPD-20400","properties":{"capacity_mw":50.0,"gg_project_id":"GG2050-REPD-20400","name":"Stonehill Energy Storage / Upper Minety","operator":"Penso Power (BW ESS)","repd_ref":"20400","repd_technology":"Battery","status":"Operational","technology":"bess"},"type":"Feature"},{"geometry":{"coordinates":[-3.2292677,51.4128181],"type":"Point"},"id":"GG2050-REPD-19656","properties":{"capacity_mw":50.0,"gg_project_id":"GG2050-REPD-19656","name":"Sully Moors Road - Battery Energy Storage Facility","operator":"Centrica Plc Head Office","repd_ref":"19656","repd_technology":"Battery","status":"Awaiting Construction","technology":"bess"},"type":"Feature"},{"geometry":{"coordinates":[-0.5048512,51.9312463],"type":"Point"},"id":"GG2050-REPD-9998","properties":{"capacity_mw":50.0,"gg_project_id":"GG2050-REPD-9998","name":"Sundon Sub Station Battery Storage Facility","operator":"Clearstone Energy Limited","repd_ref":"9998","repd_technology":"Battery","status":"Awaiting Construction","technology":"bess"},"type":"Feature"},{"geometry":{"coordinates":[-1.3803899,53.5017757],"type":"Point"},"id":"GG2050-REPD-11437","properties":{"capacity_mw":50.0,"gg_project_id":"GG2050-REPD-11437","name":"Swangate Project - Energy Storage System","operator":"Econergy International Limited","repd_ref":"11437","repd_technology":"Battery","status":"Awaiting Construction","technology":"bess"},"type":"Feature"},{"geometry":{"coordinates":[-0.2054045,52.5701997],"type":"Point"},"id":"GG2050-REPD-11558","properties":{"capacity_mw":50.0,"gg_project_id":"GG2050-REPD-11558","name":"Third Drove, Fengate - Battery Storage","operator":"Flag Fen Power Limited","repd_ref":"11558","repd_technology":"Battery","status":"Awaiting Construction","technology":"bess"},"type":"Feature"},{"geometry":{"coordinates":[-1.2765108,53.4036921],"type":"Point"},"id":"GG2050-REPD-18533","properties":{"capacity_mw":50.0,"gg_project_id":"GG2050-REPD-18533","name":"Thurcroft Interchange Energy Park - Battery Energy Storage System","operator":"Exagen","repd_ref":"18533","repd_technology":"Battery","status":"Application Submitted","technology":"bess"},"type":"Feature"},{"geometry":{"coordinates":[-4.8291554,57.1730779],"type":"Point"},"id":"GG2050-REPD-12877","properties":{"capacity_mw":50.0,"gg_project_id":"GG2050-REPD-12877","name":"Tomchrasky Estate Wind farm","operator":"E Power Limited","repd_ref":"12877","repd_technology":"Battery","status":"Awaiting Construction","technology":"bess"},"type":"Feature"},{"geometry":{"coordinates":[-7.3328367,54.9458504],"type":"Point"},"id":"GG2050-REPD-17535","properties":{"capacity_mw":50.0,"gg_project_id":"GG2050-REPD-17535","name":"Trench Road, Killymallaght Substation - Battery Energy Storage","operator":"Renewable Energy Systems Limited","repd_ref":"17535","repd_technology":"Battery","status":"Application Submitted","technology":"bess"},"type":"Feature"},{"geometry":{"coordinates":[-2.0944584,52.6662203],"type":"Point"},"id":"GG2050-REPD-15446","properties":{"capacity_mw":50.0,"gg_project_id":"GG2050-REPD-15446","name":"Upper Latherford Farm, Latherford Lane - Battery Energy Storage System","operator":"Net Zero Twelve Limited","repd_ref":"15446","repd_technology":"Battery","status":"Awaiting Construction","technology":"bess"},"type":"Feature"},{"geometry":{"coordinates":[-1.4717774,50.9492154],"type":"Point"},"id":"GG2050-REPD-9673","properties":{"capacity_mw":50.0,"gg_project_id":"GG2050-REPD-9673","name":"Upton Lane, Nursling - Battery Storage Facility","operator":"Unknown","repd_ref":"9673","repd_technology":"Battery","status":"Awaiting Construction","technology":"bess"},"type":"Feature"},{"geometry":{"coordinates":[-0.6772497,52.2708812],"type":"Point"},"id":"GG2050-REPD-19771","properties":{"capacity_mw":50.0,"gg_project_id":"GG2050-REPD-19771","name":"Vicarage Farm - Battery Energy Storage System","operator":"Enray Power Limited","repd_ref":"19771","repd_technology":"Battery","status":"Application Refused","technology":"bess"},"type":"Feature"},{"geometry":{"coordinates":[-2.9318655,50.786682],"type":"Point"},"id":"GG2050-REPD-15165","properties":{"capacity_mw":50.0,"gg_project_id":"GG2050-REPD-15165","name":"Wareham Road, Scouse Farm - Battery Storage","operator":"Ylem Energy Limited","repd_ref":"15165","repd_technology":"Battery","status":"Revised","technology":"bess"},"type":"Feature"},{"geometry":{"coordinates":[-2.9318655,50.786682],"type":"Point"},"id":"GG2050-REPD-15962","properties":{"capacity_mw":50.0,"gg_project_id":"GG2050-REPD-15962","name":"Wareham Road, Scouse Farm - Battery Storage","operator":"Ylem Energy Limited","repd_ref":"15962","repd_technology":"Battery","status":"Revised","technology":"bess"},"type":"Feature"},{"geometry":{"coordinates":[-2.9318655,50.786682],"type":"Point"},"id":"GG2050-REPD-17200","properties":{"capacity_mw":50.0,"gg_project_id":"GG2050-REPD-17200","name":"Wareham Road, Scouse Farm - Battery Storage","operator":"Ylem Energy Limited","repd_ref":"17200","repd_technology":"Battery","status":"Application Refused","technology":"bess"},"type":"Feature"},{"geometry":{"coordinates":[-3.658568,55.332779],"type":"Point"},"id":"GG2050-REPD-17558","properties":{"capacity_mw":50.0,"gg_project_id":"GG2050-REPD-17558","name":"Watchman Energy Park","operator":"Renewco Power","repd_ref":"17558","repd_technology":"Battery","status":"Application Submitted","technology":"bess"},"type":"Feature"},{"geometry":{"coordinates":[-0.1985456,52.2240416],"type":"Point"},"id":"GG2050-REPD-14874","properties":{"capacity_mw":50.0,"gg_project_id":"GG2050-REPD-14874","name":"Weald Farm, Cambridge Road - Solar Farm & Battery Storage","operator":"Ashfield District Council / Voltalia UK","repd_ref":"14874","repd_technology":"Battery","status":"Awaiting Construction","technology":"bess"},"type":"Feature"},{"geometry":{"coordinates":[-3.3380703,54.7621309],"type":"Point"},"id":"GG2050-REPD-15673","properties":{"capacity_mw":50.0,"gg_project_id":"GG2050-REPD-15673","name":"West Farm, Aspatria - Battery Storage Facility","operator":"Net Zero Seventeen Limited","repd_ref":"15673","repd_technology":"Battery","status":"Awaiting Construction","technology":"bess"},"type":"Feature"},{"geometry":{"coordinates":[-1.4941024,53.740061],"type":"Point"},"id":"GG2050-REPD-13264","properties":{"capacity_mw":50.0,"gg_project_id":"GG2050-REPD-13264","name":"Westfield Road, Carlton - Battery Storage","operator":"Firma Vogt Solar Limited","repd_ref":"13264","repd_technology":"Battery","status":"Revised","technology":"bess"},"type":"Feature"},{"geometry":{"coordinates":[-1.4941024,53.740061],"type":"Point"},"id":"GG2050-REPD-15338","properties":{"capacity_mw":50.0,"gg_project_id":"GG2050-REPD-15338","name":"Westfield Road, Carlton - Battery Storage","operator":"Firma Vogt Solar Limited","repd_ref":"15338","repd_technology":"Battery","status":"Awaiting Construction","technology":"bess"},"type":"Feature"},{"geometry":{"coordinates":[-1.3013594,54.6997701],"type":"Point"},"id":"GG2050-REPD-13246","properties":{"capacity_mw":50.0,"gg_project_id":"GG2050-REPD-13246","name":"Whelley Hill Farm, Worset Lane - Battery Energy Storage","operator":"Reliance Energy Limited","repd_ref":"13246","repd_technology":"Battery","status":"Awaiting Construction","technology":"bess"},"type":"Feature"},{"geometry":{"coordinates":[-4.171399,55.6955175],"type":"Point"},"id":"GG2050-REPD-7174","properties":{"capacity_mw":50.0,"gg_project_id":"GG2050-REPD-7174","name":"Whitelee Wind Farm Battery Storage Extension","operator":"Scottish Power Renewables (formerly Arcus Consultancy Services)","repd_ref":"7174","repd_technology":"Battery","status":"Operational","technology":"bess"},"type":"Feature"},{"geometry":{"coordinates":[-4.3431634,55.7122394],"type":"Point"},"id":"GG2050-REPD-8342","properties":{"capacity_mw":50.0,"gg_project_id":"GG2050-REPD-8342","name":"Whitelees Hydrogen Production Facility, Solar Farm & Battery Storage","operator":"Scottish Power Renewables","repd_ref":"8342","repd_technology":"Battery","status":"Awaiting Construction","technology":"bess"},"type":"Feature"},{"geometry":{"coordinates":[-1.7547302,52.5375588],"type":"Point"},"id":"GG2050-REPD-17996","properties":{"capacity_mw":50.0,"gg_project_id":"GG2050-REPD-17996","name":"Wishaw Lane, Sutton Coldfield - Battery Energy Storage","operator":"Wiggins Hill BESS Limited","repd_ref":"17996","repd_technology":"Battery","status":"Application Submitted","technology":"bess"},"type":"Feature"},{"geometry":{"coordinates":[-1.0712165,51.3447871],"type":"Point"},"id":"GG2050-REPD-17240","properties":{"capacity_mw":50.0,"gg_project_id":"GG2050-REPD-17240","name":"Withy Place, Bramley Road - Battery Energy Storage","operator":"Root Power South Limited","repd_ref":"17240","repd_technology":"Battery","status":"Awaiting Construction","technology":"bess"},"type":"Feature"},{"geometry":{"coordinates":[-2.1844717,52.5731961],"type":"Point"},"id":"GG2050-REPD-6977","properties":{"capacity_mw":50.0,"gg_project_id":"GG2050-REPD-6977","name":"Wolverhampton West Sub Station","operator":"Statera Energy","repd_ref":"6977","repd_technology":"Battery","status":"Planning Permission Expired","technology":"bess"},"type":"Feature"},{"geometry":{"coordinates":[-4.7572448,56.0193827],"type":"Point"},"id":"GG2050-REPD-14381","properties":{"capacity_mw":49.99,"gg_project_id":"GG2050-REPD-14381","name":"Ardencaple Farm - Battery Storage","operator":"Ylem Energy Limited","repd_ref":"14381","repd_technology":"Battery","status":"Application Refused","technology":"bess"},"type":"Feature"},{"geometry":{"coordinates":[-2.557947,56.7202765],"type":"Point"},"id":"GG2050-REPD-13058","properties":{"capacity_mw":49.99,"gg_project_id":"GG2050-REPD-13058","name":"Balwyllo Farm, Dun - Energy Storage Facility","operator":"Whirlwind Energy Storage Limited","repd_ref":"13058","repd_technology":"Battery","status":"Awaiting Construction","technology":"bess"},"type":"Feature"},{"geometry":{"coordinates":[-4.1260568,51.0141481],"type":"Point"},"id":"GG2050-REPD-19426","properties":{"capacity_mw":49.99,"gg_project_id":"GG2050-REPD-19426","name":"Bulworthy Farm, Stoney Cross - Solar Photovoltaic Array","operator":"Noventum Power Limited","repd_ref":"19426","repd_technology":"Battery","status":"Application Submitted","technology":"bess"},"type":"Feature"},{"geometry":{"coordinates":[-3.266165,56.1089689],"type":"Point"},"id":"GG2050-REPD-16075","properties":{"capacity_mw":49.99,"gg_project_id":"GG2050-REPD-16075","name":"Camilla Battery Storage","operator":"NextEnergy Solar Fund / Eelpower Limited","repd_ref":"16075","repd_technology":"Battery","status":"Operational","technology":"bess"},"type":"Feature"},{"geometry":{"coordinates":[-0.7228237,52.2440237],"type":"Point"},"id":"GG2050-REPD-10955","properties":{"capacity_mw":49.99,"gg_project_id":"GG2050-REPD-10955","name":"Grendon Lakes, Grendon - Battery Storage Facility","operator":"Statera Energy","repd_ref":"10955","repd_technology":"Battery","status":"Revised","technology":"bess"},"type":"Feature"},{"geometry":{"coordinates":[-0.7228237,52.2440237],"type":"Point"},"id":"GG2050-REPD-14321","properties":{"capacity_mw":49.99,"gg_project_id":"GG2050-REPD-14321","name":"Grendon Lakes, Grendon - Battery Storage Facility","operator":"Statera Energy","repd_ref":"14321","repd_technology":"Battery","status":"Awaiting Construction","technology":"bess"},"type":"Feature"},{"geometry":{"coordinates":[-0.3315696,50.8466642],"type":"Point"},"id":"GG2050-REPD-7168","properties":{"capacity_mw":49.99,"gg_project_id":"GG2050-REPD-7168","name":"Halewick Lane, Sompting - Battery-based Energy Storage Facility","operator":"Public Power Solutions (PPS) / West Sussex County Council","repd_ref":"7168","repd_technology":"Battery","status":"Under Construction","technology":"bess"},"type":"Feature"},{"geometry":{"coordinates":[-2.1942566,52.506952],"type":"Point"},"id":"GG2050-REPD-16101","properties":{"capacity_mw":49.99,"gg_project_id":"GG2050-REPD-16101","name":"Hinksford Substation, Hinksford Lane - Battery Energy Storage","operator":"Balance Power Projects Limited","repd_ref":"16101","repd_technology":"Battery","status":"Awaiting Construction","technology":"bess"},"type":"Feature"},{"geometry":{"coordinates":[-0.2550621,52.9416443],"type":"Point"},"id":"GG2050-REPD-14955","properties":{"capacity_mw":49.99,"gg_project_id":"GG2050-REPD-14955","name":"Little Hale Fen - Solar Farm","operator":"AGR Solar 2 Limited","repd_ref":"14955","repd_technology":"Battery","status":"Awaiting Construction","technology":"bess"},"type":"Feature"},{"geometry":{"coordinates":[-1.9881703,51.6014691],"type":"Point"},"id":"GG2050-REPD-6952","properties":{"capacity_mw":49.99,"gg_project_id":"GG2050-REPD-6952","name":"Minety North","operator":"Statera Energy / Minety North Storage","repd_ref":"6952","repd_technology":"Battery","status":"Abandoned","technology":"bess"},"type":"Feature"},{"geometry":{"coordinates":[-1.9881703,51.6014691],"type":"Point"},"id":"GG2050-REPD-7184","properties":{"capacity_mw":49.99,"gg_project_id":"GG2050-REPD-7184","name":"Minety South - Battery Storage","operator":"Statera Energy","repd_ref":"7184","repd_technology":"Battery","status":"Operational","technology":"bess"},"type":"Feature"},{"geometry":{"coordinates":[-1.9976704,51.6079524],"type":"Point"},"id":"GG2050-REPD-9063","properties":{"capacity_mw":49.99,"gg_project_id":"GG2050-REPD-9063","name":"Minety South 2 - Battery Storage Facility","operator":"Statera Energy","repd_ref":"9063","repd_technology":"Battery","status":"Operational","technology":"bess"},"type":"Feature"},{"geometry":{"coordinates":[-2.9333422,56.4760474],"type":"Point"},"id":"GG2050-REPD-16018","properties":{"capacity_mw":49.99,"gg_project_id":"GG2050-REPD-16018","name":"New Craigie Retail Park - Battery Energy Storage","operator":"Whirlwind Renewables","repd_ref":"16018","repd_technology":"Battery","status":"Awaiting Construction","technology":"bess"},"type":"Feature"},{"geometry":{"coordinates":[-3.9425286,56.2631298],"type":"Point"},"id":"GG2050-REPD-13236","properties":{"capacity_mw":49.99,"gg_project_id":"GG2050-REPD-13236","name":"Shindour, Feddal Hill Wood - Battery Energy Storage Facility","operator":"Whirlwind Energy Storage Limited","repd_ref":"13236","repd_technology":"Battery","status":"Awaiting Construction","technology":"bess"},"type":"Feature"},{"geometry":{"coordinates":[-2.2600413,51.8608808],"type":"Point"},"id":"GG2050-REPD-17343","properties":{"capacity_mw":49.99,"gg_project_id":"GG2050-REPD-17343","name":"Sudmeadow Road, Hempsted - Battery Energy Storage System","operator":"Greenfield Energy Developments Limited","repd_ref":"17343","repd_technology":"Battery","status":"Awaiting Construction","technology":"bess"},"type":"Feature"},{"geometry":{"coordinates":[-2.2808925,53.4188183],"type":"Point"},"id":"GG2050-REPD-7185","properties":{"capacity_mw":49.99,"gg_project_id":"GG2050-REPD-7185","name":"West Didsbury Battery Storage","operator":"Statera Energy / Gresham House","repd_ref":"7185","repd_technology":"Battery","status":"Operational","technology":"bess"},"type":"Feature"},{"geometry":{"coordinates":[-3.938428,55.7691116],"type":"Point"},"id":"GG2050-REPD-9522","properties":{"capacity_mw":49.99,"gg_project_id":"GG2050-REPD-9522","name":"Wishaw Battery Storage Facility","operator":"Zenobe Energy","repd_ref":"9522","repd_technology":"Battery","status":"Operational","technology":"bess"},"type":"Feature"},{"geometry":{"coordinates":[0.3007923,52.2877211],"type":"Point"},"id":"GG2050-REPD-16094","properties":{"capacity_mw":49.95,"gg_project_id":"GG2050-REPD-16094","name":"Anchor Lane, Burwell - Battery Energy Storage","operator":"Burwell AL Limited","repd_ref":"16094","repd_technology":"Battery","status":"Awaiting Construction","technology":"bess"},"type":"Feature"},{"geometry":{"coordinates":[1.7315792,52.5858804],"type":"Point"},"id":"GG2050-REPD-9470","properties":{"capacity_mw":49.9,"gg_project_id":"GG2050-REPD-9470","name":"Admiralty Road - Battery Energy Storage Facility","operator":"BAT-NR30 Limited","repd_ref":"9470","repd_technology":"Battery","status":"Revised","technology":"bess"},"type":"Feature"},{"geometry":{"coordinates":[-2.4141164,51.7950474],"type":"Point"},"id":"GG2050-REPD-11636","properties":{"capacity_mw":49.9,"gg_project_id":"GG2050-REPD-11636","name":"Arlingham Solar Farm - Solar PV Panels & Battery Storage Facility","operator":"Kronos Solar","repd_ref":"11636","repd_technology":"Battery","status":"Application Withdrawn","technology":"bess"},"type":"Feature"},{"geometry":{"coordinates":[-2.171888,57.210907],"type":"Point"},"id":"GG2050-REPD-14579","properties":{"capacity_mw":49.9,"gg_project_id":"GG2050-REPD-14579","name":"Aryburn Farm, Dyce - Battery Storage","operator":"Source Galileo Limited","repd_ref":"14579","repd_technology":"Battery","status":"Application Refused","technology":"bess"},"type":"Feature"},{"geometry":{"coordinates":[-4.4839917,57.4703664],"type":"Point"},"id":"GG2050-REPD-14635","properties":{"capacity_mw":49.9,"gg_project_id":"GG2050-REPD-14635","name":"Balblair Quarry, Balblair - Battery Energy Storeage System","operator":"Lovat Estates Limited (LG-B-50a Limited)","repd_ref":"14635","repd_technology":"Battery","status":"Awaiting Construction","technology":"bess"},"type":"Feature"},{"geometry":{"coordinates":[-2.6397993,56.5697431],"type":"Point"},"id":"GG2050-REPD-14985","properties":{"capacity_mw":49.9,"gg_project_id":"GG2050-REPD-14985","name":"Bankhead, Arbirlot - Battery Energy Storage","operator":"Ecocel Energy Storage Limited","repd_ref":"14985","repd_technology":"Battery","status":"Awaiting Construction","technology":"bess"},"type":"Feature"},{"geometry":{"coordinates":[-1.6079989,52.3274345],"type":"Point"},"id":"GG2050-REPD-11932","properties":{"capacity_mw":49.9,"gg_project_id":"GG2050-REPD-11932","name":"Banner Hill Farm, Banner Hill & Rouncil Lane - Battery Storage","operator":"Flexion Energy Storage UK Limited","repd_ref":"11932","repd_technology":"Battery","status":"Application Refused","technology":"bess"},"type":"Feature"},{"geometry":{"coordinates":[-4.4173187,55.8669218],"type":"Point"},"id":"GG2050-REPD-16107","properties":{"capacity_mw":49.9,"gg_project_id":"GG2050-REPD-16107","name":"Barnwell, Wright Street - Battery Energy Storage","operator":"P3P Partners Llp","repd_ref":"16107","repd_technology":"Battery","status":"Application Refused","technology":"bess"},"type":"Feature"},{"geometry":{"coordinates":[-2.2474945,51.9030752],"type":"Point"},"id":"GG2050-REPD-12830","properties":{"capacity_mw":49.9,"gg_project_id":"GG2050-REPD-12830","name":"Bengrove Farm, Base Lane - Battery Storage","operator":"Bengrove Bess Limited","repd_ref":"12830","repd_technology":"Battery","status":"Application Submitted","technology":"bess"},"type":"Feature"},{"geometry":{"coordinates":[-2.6646306,56.5751381],"type":"Point"},"id":"GG2050-REPD-18013","properties":{"capacity_mw":49.9,"gg_project_id":"GG2050-REPD-18013","name":"Bindwells Battery Storage Facility","operator":"OPDE UK Limted","repd_ref":"18013","repd_technology":"Battery","status":"Awaiting Construction","technology":"bess"},"type":"Feature"},{"geometry":{"coordinates":[-2.9651625,54.9451655],"type":"Point"},"id":"GG2050-REPD-6999","properties":{"capacity_mw":49.9,"gg_project_id":"GG2050-REPD-6999","name":"Blackdyke Farm Battery Storage Project","operator":"Low Carbon Storage Investment Company","repd_ref":"6999","repd_technology":"Battery","status":"Abandoned","technology":"bess"},"type":"Feature"},{"geometry":{"coordinates":[-3.7268719,57.2545734],"type":"Point"},"id":"GG2050-REPD-10700","properties":{"capacity_mw":49.9,"gg_project_id":"GG2050-REPD-10700","name":"Boat of Garten - Battery Energy Storage","operator":"Whirlwind Energy Storage Limited","repd_ref":"10700","repd_technology":"Battery","status":"Application Withdrawn","technology":"bess"},"type":"Feature"},{"geometry":{"coordinates":[2.3108213,52.3598085],"type":"Point"},"id":"GG2050-REPD-8072","properties":{"capacity_mw":49.9,"gg_project_id":"GG2050-REPD-8072","name":"Bolfornought Farm","operator":"Intelligent Land Investments","repd_ref":"8072","repd_technology":"Battery","status":"Application Withdrawn","technology":"bess"},"type":"Feature"},{"geometry":{"coordinates":[2.3108213,52.3598085],"type":"Point"},"id":"GG2050-REPD-8912","properties":{"capacity_mw":49.9,"gg_project_id":"GG2050-REPD-8912","name":"Bolfornought Farm Battery Storage Facility","operator":"Intelligent Land Investments Group","repd_ref":"8912","repd_technology":"Battery","status":"Application Submitted","technology":"bess"},"type":"Feature"},{"geometry":{"coordinates":[-2.0331107,57.6881211],"type":"Point"},"id":"GG2050-REPD-19944","properties":{"capacity_mw":49.9,"gg_project_id":"GG2050-REPD-19944","name":"Boothby Road - Battery Storage","operator":"Opdenergy UK Limted","repd_ref":"19944","repd_technology":"Battery","status":"Application Submitted","technology":"bess"},"type":"Feature"},{"geometry":{"coordinates":[-1.8612699,53.8095001],"type":"Point"},"id":"GG2050-REPD-7577","properties":{"capacity_mw":49.9,"gg_project_id":"GG2050-REPD-7577","name":"Bradford West Substation (Harrop Edge Farm)","operator":"UK Battery Storage","repd_ref":"7577","repd_technology":"Battery","status":"Under Construction","technology":"bess"},"type":"Feature"},{"geometry":{"coordinates":[0.5782259,51.8648386],"type":"Point"},"id":"GG2050-REPD-7161","properties":{"capacity_mw":49.9,"gg_project_id":"GG2050-REPD-7161","name":"Braintree Road Substation","operator":"Pivot Power","repd_ref":"7161","repd_technology":"Battery","status":"Revised","technology":"bess"},"type":"Feature"},{"geometry":{"coordinates":[-2.1338733,53.4138336],"type":"Point"},"id":"GG2050-REPD-9653","properties":{"capacity_mw":49.9,"gg_project_id":"GG2050-REPD-9653","name":"Bredbury Substation - Battery Storage Facility","operator":"Private Developer","repd_ref":"9653","repd_technology":"Battery","status":"Under Construction","technology":"bess"},"type":"Feature"},{"geometry":{"coordinates":[0.3612767,51.6402569],"type":"Point"},"id":"GG2050-REPD-8249","properties":{"capacity_mw":49.9,"gg_project_id":"GG2050-REPD-8249","name":"Brentwood nergy Storage System","operator":"Anesco Limited","repd_ref":"8249","repd_technology":"Battery","status":"Awaiting Construction","technology":"bess"},"type":"Feature"},{"geometry":{"coordinates":[-2.3223443,56.9036368],"type":"Point"},"id":"GG2050-REPD-16522","properties":{"capacity_mw":49.9,"gg_project_id":"GG2050-REPD-16522","name":"Bridgend Farm, Arbuthnott - Battery Energy Storage System","operator":"OPDE UK Limted","repd_ref":"16522","repd_technology":"Battery","status":"Awaiting Construction","technology":"bess"},"type":"Feature"},{"geometry":{"coordinates":[-4.3136961,55.8550824],"type":"Point"},"id":"GG2050-REPD-10886","properties":{"capacity_mw":49.9,"gg_project_id":"GG2050-REPD-10886","name":"Broomloan Road - Battery Energy Storage","operator":"Lifetime Property Limited","repd_ref":"10886","repd_technology":"Battery","status":"Revised","technology":"bess"},"type":"Feature"},{"geometry":{"coordinates":[-4.3136961,55.8550824],"type":"Point"},"id":"GG2050-REPD-17129","properties":{"capacity_mw":49.9,"gg_project_id":"GG2050-REPD-17129","name":"Broomloan Road - Battery Energy Storage","operator":"Lifetime Property Limited","repd_ref":"17129","repd_technology":"Battery","status":"Awaiting Construction","technology":"bess"},"type":"Feature"},{"geometry":{"coordinates":[-3.5338539,58.5636569],"type":"Point"},"id":"GG2050-REPD-17093","properties":{"capacity_mw":49.9,"gg_project_id":"GG2050-REPD-17093","name":"Buckies Farm - Battery Energy Storage","operator":"OPDE UK Limted","repd_ref":"17093","repd_technology":"Battery","status":"Application Submitted","technology":"bess"},"type":"Feature"},{"geometry":{"coordinates":[-1.4737405,50.9001345],"type":"Point"},"id":"GG2050-REPD-19388","properties":{"capacity_mw":49.9,"gg_project_id":"GG2050-REPD-19388","name":"Bulls Copse Road, Marchwood Bypass - Battery Energy Storage System","operator":"Sky UK Development Limited","repd_ref":"19388","repd_technology":"Battery","status":"Awaiting Construction","technology":"bess"},"type":"Feature"},{"geometry":{"coordinates":[-1.1811225,51.6585526],"type":"Point"},"id":"GG2050-REPD-14303","properties":{"capacity_mw":49.9,"gg_project_id":"GG2050-REPD-14303","name":"Burcot Farm Battery Storage","operator":"Burcot Solar Farm Limited","repd_ref":"14303","repd_technology":"Battery","status":"Application Withdrawn","technology":"bess"},"type":"Feature"},{"geometry":{"coordinates":[-1.1912344,51.6663013],"type":"Point"},"id":"GG2050-REPD-15444","properties":{"capacity_mw":49.9,"gg_project_id":"GG2050-REPD-15444","name":"Burcot Solar Farm","operator":"Ethical Power","repd_ref":"15444","repd_technology":"Battery","status":"Awaiting Construction","technology":"bess"},"type":"Feature"},{"geometry":{"coordinates":[-1.1811225,51.6585526],"type":"Point"},"id":"GG2050-REPD-9374","properties":{"capacity_mw":49.9,"gg_project_id":"GG2050-REPD-9374","name":"Burcot Solar Farm","operator":"Burcot Solar Farm Limited","repd_ref":"9374","repd_technology":"Battery","status":"Revised","technology":"bess"},"type":"Feature"},{"geometry":{"coordinates":[0.3142661,52.279248],"type":"Point"},"id":"GG2050-REPD-7272","properties":{"capacity_mw":49.9,"gg_project_id":"GG2050-REPD-7272","name":"Burwell Main Sub-Station","operator":"Aura Power / Pivot Power","repd_ref":"7272","repd_technology":"Battery","status":"Revised","technology":"bess"},"type":"Feature"},{"geometry":{"coordinates":[-1.5437327,53.814897],"type":"Point"},"id":"GG2050-REPD-16437","properties":{"capacity_mw":49.9,"gg_project_id":"GG2050-REPD-16437","name":"Buslingthorpe Green - Battery Energy Storage","operator":"Living Power Plc","repd_ref":"16437","repd_technology":"Battery","status":"Awaiting Construction","technology":"bess"},"type":"Feature"},{"geometry":{"coordinates":[-1.9570382,52.5532312],"type":"Point"},"id":"GG2050-REPD-7907","properties":{"capacity_mw":49.9,"gg_project_id":"GG2050-REPD-7907","name":"Bustleholme Substation","operator":"Pivot Power","repd_ref":"7907","repd_technology":"Battery","status":"Operational","technology":"bess"},"type":"Feature"},{"geometry":{"coordinates":[-2.8833084,56.652676],"type":"Point"},"id":"GG2050-REPD-15494","properties":{"capacity_mw":49.9,"gg_project_id":"GG2050-REPD-15494","name":"Carseview Road - Battery Energy Storage System","operator":"Unknown","repd_ref":"15494","repd_technology":"Battery","status":"Awaiting Construction","technology":"bess"},"type":"Feature"},{"geometry":{"coordinates":[-4.5147675,57.4679948],"type":"Point"},"id":"GG2050-REPD-14373","properties":{"capacity_mw":49.9,"gg_project_id":"GG2050-REPD-14373","name":"Caulternich Croft Energy Storage Project - Battery Storage Facility","operator":"Whirlwind Renewables","repd_ref":"14373","repd_technology":"Battery","status":"Application Refused","technology":"bess"},"type":"Feature"},{"geometry":{"coordinates":[-2.8577513,53.47791],"type":"Point"},"id":"GG2050-REPD-7026","properties":{"capacity_mw":49.9,"gg_project_id":"GG2050-REPD-7026","name":"Charleywood Road, Knowsley Industrial Park","operator":"Immersa / Kirkby Battery Storage 2","repd_ref":"7026","repd_technology":"Battery","status":"Abandoned","technology":"bess"},"type":"Feature"},{"geometry":{"coordinates":[-2.099851,51.9816841],"type":"Point"},"id":"GG2050-REPD-8039","properties":{"capacity_mw":49.9,"gg_project_id":"GG2050-REPD-8039","name":"Claydon Farm - Solar Farm & Battery Storage","operator":"JBM Solar Projects 17 Limited","repd_ref":"8039","repd_technology":"Battery","status":"Awaiting Construction","technology":"bess"},"type":"Feature"},{"geometry":{"coordinates":[-6.0398202,54.5794637],"type":"Point"},"id":"GG2050-REPD-8033","properties":{"capacity_mw":49.9,"gg_project_id":"GG2050-REPD-8033","name":"Colinglen Road Battery","operator":"Hannahstown BESS","repd_ref":"8033","repd_technology":"Battery","status":"Application Submitted","technology":"bess"},"type":"Feature"},{"geometry":{"coordinates":[-4.0756221,55.7423444],"type":"Point"},"id":"GG2050-REPD-11647","properties":{"capacity_mw":49.9,"gg_project_id":"GG2050-REPD-11647","name":"Cornhills Farm, Muttonhole Road - Battery Storage","operator":"Big Battery (Sheriff Faulds Farm 1) Limited","repd_ref":"11647","repd_technology":"Battery","status":"Awaiting Construction","technology":"bess"},"type":"Feature"},{"geometry":{"coordinates":[-1.9781017,55.6915913],"type":"Point"},"id":"GG2050-REPD-13290","properties":{"capacity_mw":49.9,"gg_project_id":"GG2050-REPD-13290","name":"Corshellach Battery Energy Storage","operator":"RES Limited","repd_ref":"13290","repd_technology":"Battery","status":"Awaiting Construction","technology":"bess"},"type":"Feature"},{"geometry":{"coordinates":[-3.2732713,56.5421464],"type":"Point"},"id":"GG2050-REPD-16137","properties":{"capacity_mw":49.9,"gg_project_id":"GG2050-REPD-16137","name":"Coupar Angus, Pleasance Road - Battery Energy Facility","operator":"Gresham House Asset Management Limited","repd_ref":"16137","repd_technology":"Battery","status":"Awaiting Construction","technology":"bess"},"type":"Feature"},{"geometry":{"coordinates":[-1.4643227,52.4543787],"type":"Point"},"id":"GG2050-REPD-7885","properties":{"capacity_mw":49.9,"gg_project_id":"GG2050-REPD-7885","name":"Coventry National Grid Substation","operator":"Pivot Power","repd_ref":"7885","repd_technology":"Battery","status":"Operational","technology":"bess"},"type":"Feature"},{"geometry":{"coordinates":[-1.1859774,51.7175878],"type":"Point"},"id":"GG2050-REPD-7571","properties":{"capacity_mw":49.9,"gg_project_id":"GG2050-REPD-7571","name":"Cowley electricity sub-station","operator":"Pivot Power","repd_ref":"7571","repd_technology":"Battery","status":"Operational","technology":"bess"},"type":"Feature"},{"geometry":{"coordinates":[-0.4210177,53.7982721],"type":"Point"},"id":"GG2050-REPD-7122","properties":{"capacity_mw":49.9,"gg_project_id":"GG2050-REPD-7122","name":"Creyke Beck","operator":"Statera Energy","repd_ref":"7122","repd_technology":"Battery","status":"Operational","technology":"bess"},"type":"Feature"},{"geometry":{"coordinates":[0.3765293,51.5900196],"type":"Point"},"id":"GG2050-REPD-8358","properties":{"capacity_mw":49.9,"gg_project_id":"GG2050-REPD-8358","name":"Crouch Solar Farm","operator":"Low Carbon Storage","repd_ref":"8358","repd_technology":"Battery","status":"Operational","technology":"bess"},"type":"Feature"},{"geometry":{"coordinates":[-3.0947662,56.4626534],"type":"Point"},"id":"GG2050-REPD-13595","properties":{"capacity_mw":49.9,"gg_project_id":"GG2050-REPD-13595","name":"Dormitories Star Inn Farm, Mains Of Fowlis - Battery Energy Storage","operator":"Epsilon Generation","repd_ref":"13595","repd_technology":"Battery","status":"Awaiting Construction","technology":"bess"},"type":"Feature"},{"geometry":{"coordinates":[-2.2056029,52.2925909],"type":"Point"},"id":"GG2050-REPD-10273","properties":{"capacity_mw":49.9,"gg_project_id":"GG2050-REPD-10273","name":"Doverdale - Solar Farm & Battery Storage","operator":"RWE","repd_ref":"10273","repd_technology":"Battery","status":"Operational","technology":"bess"},"type":"Feature"},{"geometry":{"coordinates":[-2.9298216,57.5429681],"type":"Point"},"id":"GG2050-REPD-9940","properties":{"capacity_mw":49.9,"gg_project_id":"GG2050-REPD-9940","name":"Drum Farm - Battery Energy Storage System","operator":"Field Energy","repd_ref":"9940","repd_technology":"Battery","status":"Awaiting Construction","technology":"bess"},"type":"Feature"},{"geometry":{"coordinates":[-4.3899424,57.6585937],"type":"Point"},"id":"GG2050-REPD-12983","properties":{"capacity_mw":49.9,"gg_project_id":"GG2050-REPD-12983","name":"Drumore Cottage, Swordale - Battery Storage","operator":"Fig Power","repd_ref":"12983","repd_technology":"Battery","status":"Awaiting Construction","technology":"bess"},"type":"Feature"},{"geometry":{"coordinates":[-3.4812585,55.8927587],"type":"Point"},"id":"GG2050-REPD-8920","properties":{"capacity_mw":49.9,"gg_project_id":"GG2050-REPD-8920","name":"Drumshoreland Road Battery Storage Facility","operator":"Sirius Renewables","repd_ref":"8920","repd_technology":"Battery","status":"Awaiting Construction","technology":"bess"},"type":"Feature"},{"geometry":{"coordinates":[-2.5713734,55.9789985],"type":"Point"},"id":"GG2050-REPD-13864","properties":{"capacity_mw":49.9,"gg_project_id":"GG2050-REPD-13864","name":"Dunbar Grid Substation - Battery Storage","operator":"FRV TH Powertek Limited","repd_ref":"13864","repd_technology":"Battery","status":"Awaiting Construction","technology":"bess"},"type":"Feature"},{"geometry":{"coordinates":[-3.0528454,56.4719827],"type":"Point"},"id":"GG2050-REPD-7946","properties":{"capacity_mw":49.9,"gg_project_id":"GG2050-REPD-7946","name":"Dundee Technology Park","operator":"Gigabox Developments","repd_ref":"7946","repd_technology":"Battery","status":"Operational","technology":"bess"},"type":"Feature"},{"geometry":{"coordinates":[-3.0450951,56.1983902],"type":"Point"},"id":"GG2050-REPD-15749","properties":{"capacity_mw":49.9,"gg_project_id":"GG2050-REPD-15749","name":"Duniface Gas Peaking Plant - Battery Energy Storage System","operator":"Forsa Energy Gas Holdings Limited","repd_ref":"15749","repd_technology":"Battery","status":"Awaiting Construction","technology":"bess"},"type":"Feature"},{"geometry":{"coordinates":[-2.556429,56.7203821],"type":"Point"},"id":"GG2050-REPD-15233","properties":{"capacity_mw":49.9,"gg_project_id":"GG2050-REPD-15233","name":"Dunmill, Substation Dun - Battery Energy Storage","operator":"Renewable Energy Systems Limited","repd_ref":"15233","repd_technology":"Battery","status":"Awaiting Construction","technology":"bess"},"type":"Feature"},{"geometry":{"coordinates":[-3.0123553,56.4803158],"type":"Point"},"id":"GG2050-REPD-7591","properties":{"capacity_mw":49.9,"gg_project_id":"GG2050-REPD-7591","name":"Dunsinane Industrial Estate","operator":"JLEN Environmental Assets Group","repd_ref":"7591","repd_technology":"Battery","status":"Operational","technology":"bess"},"type":"Feature"},{"geometry":{"coordinates":[-3.4443189,55.3335679],"type":"Point"},"id":"GG2050-REPD-9013","properties":{"capacity_mw":49.9,"gg_project_id":"GG2050-REPD-9013","name":"East Kilbride - Battery storage","operator":"Engie Regeneration Limited","repd_ref":"9013","repd_technology":"Battery","status":"Under Construction","technology":"bess"},"type":"Feature"},{"geometry":{"coordinates":[1.3475665,51.3192861],"type":"Point"},"id":"GG2050-REPD-19402","properties":{"capacity_mw":49.9,"gg_project_id":"GG2050-REPD-19402","name":"Ebbsfleet Lane - Battery Storage System","operator":"Grenergy Renewables UK Limited","repd_ref":"19402","repd_technology":"Battery","status":"Awaiting Construction","technology":"bess"},"type":"Feature"},{"geometry":{"coordinates":[-2.2223661,52.5591607],"type":"Point"},"id":"GG2050-REPD-14497","properties":{"capacity_mw":49.9,"gg_project_id":"GG2050-REPD-14497","name":"Ebstree Road, Trysull - Battery Energy Storage","operator":"Bengrove Bess Limited","repd_ref":"14497","repd_technology":"Battery","status":"Awaiting Construction","technology":"bess"},"type":"Feature"},{"geometry":{"coordinates":[-2.9362159,57.5408547],"type":"Point"},"id":"GG2050-REPD-12467","properties":{"capacity_mw":49.9,"gg_project_id":"GG2050-REPD-12467","name":"Electricity Substation, Westerton Road - Battery Storage","operator":"Keith Renewables Limited","repd_ref":"12467","repd_technology":"Battery","status":"Awaiting Construction","technology":"bess"},"type":"Feature"},{"geometry":{"coordinates":[-1.8244603,53.6926524],"type":"Point"},"id":"GG2050-REPD-10236","properties":{"capacity_mw":49.9,"gg_project_id":"GG2050-REPD-10236","name":"Elland Storage Project","operator":"UK Battery Storage","repd_ref":"10236","repd_technology":"Battery","status":"Revised","technology":"bess"},"type":"Feature"},{"geometry":{"coordinates":[-1.8244603,53.6926524],"type":"Point"},"id":"GG2050-REPD-7053","properties":{"capacity_mw":49.9,"gg_project_id":"GG2050-REPD-7053","name":"Elland Storage Project","operator":"UK Battery Storage","repd_ref":"7053","repd_technology":"Battery","status":"Revised","technology":"bess"},"type":"Feature"},{"geometry":{"coordinates":[-4.249874,50.4472012],"type":"Point"},"id":"GG2050-REPD-7051","properties":{"capacity_mw":49.9,"gg_project_id":"GG2050-REPD-7051","name":"Ellbridge Lane","operator":"Pivot Power","repd_ref":"7051","repd_technology":"Battery","status":"Revised","technology":"bess"},"type":"Feature"},{"geometry":{"coordinates":[-1.2232309,52.5974586],"type":"Point"},"id":"GG2050-REPD-7044","properties":{"capacity_mw":49.9,"gg_project_id":"GG2050-REPD-7044","name":"Enderby Storage, Redcomb Farm","operator":"Statera Energy / Gresham House","repd_ref":"7044","repd_technology":"Battery","status":"Operational","technology":"bess"},"type":"Feature"},{"geometry":{"coordinates":[-2.4878617,50.6235136],"type":"Point"},"id":"GG2050-REPD-17121","properties":{"capacity_mw":49.9,"gg_project_id":"GG2050-REPD-17121","name":"Eweleaze Spinney - Battery Energy Storage Facility","operator":"Weymouth Battery Limited","repd_ref":"17121","repd_technology":"Battery","status":"Awaiting Construction","technology":"bess"},"type":"Feature"},{"geometry":{"coordinates":[-3.1622133,55.8949892],"type":"Point"},"id":"GG2050-REPD-13809","properties":{"capacity_mw":49.9,"gg_project_id":"GG2050-REPD-13809","name":"Existing Kaimes Substation, Old Burdiehouse Road - Battery Storage","operator":"Kaimes Renewable Energy Park","repd_ref":"13809","repd_technology":"Battery","status":"Application Submitted","technology":"bess"},"type":"Feature"},{"geometry":{"coordinates":[-0.3203689,51.3415359],"type":"Point"},"id":"GG2050-REPD-7091","properties":{"capacity_mw":49.9,"gg_project_id":"GG2050-REPD-7091","name":"Fair Oak Lane","operator":"Renewable Energy Systems","repd_ref":"7091","repd_technology":"Battery","status":"Appeal Refused","technology":"bess"},"type":"Feature"},{"geometry":{"coordinates":[-1.1569893,52.8806167],"type":"Point"},"id":"GG2050-REPD-9796","properties":{"capacity_mw":49.9,"gg_project_id":"GG2050-REPD-9796","name":"Fair Oaks Renewable Energy Park - Solar farm & Battery energy storage","operator":"Ridge Clean Energy Limited / L&G NTR Clean Power","repd_ref":"9796","repd_technology":"Battery","status":"Awaiting Construction","technology":"bess"},"type":"Feature"},{"geometry":{"coordinates":[-2.4793308,57.3845218],"type":"Point"},"id":"GG2050-REPD-17254","properties":{"capacity_mw":49.9,"gg_project_id":"GG2050-REPD-17254","name":"Fairfield - Battery Energy Storage System","operator":"Green Switch Capital","repd_ref":"17254","repd_technology":"Battery","status":"Application Refused","technology":"bess"},"type":"Feature"},{"geometry":{"coordinates":[-3.0255736,56.311098],"type":"Point"},"id":"GG2050-REPD-7371","properties":{"capacity_mw":49.9,"gg_project_id":"GG2050-REPD-7371","name":"Ferrymuir","operator":"Gore Street Energy Storage Fund","repd_ref":"7371","repd_technology":"Battery","status":"Under Construction","technology":"bess"},"type":"Feature"},{"geometry":{"coordinates":[-4.8387444,55.9321836],"type":"Point"},"id":"GG2050-REPD-15154","properties":{"capacity_mw":49.9,"gg_project_id":"GG2050-REPD-15154","name":"Flatterton Farm, Flatterton Road - Battery Storage","operator":"Big Battery (Flatterton Farm) Limited","repd_ref":"15154","repd_technology":"Battery","status":"Awaiting Construction","technology":"bess"},"type":"Feature"},{"geometry":{"coordinates":[-0.8801868,51.2521076],"type":"Point"},"id":"GG2050-REPD-7357","properties":{"capacity_mw":49.9,"gg_project_id":"GG2050-REPD-7357","name":"Fleet Substation","operator":"Pivot Power","repd_ref":"7357","repd_technology":"Battery","status":"Application Withdrawn","technology":"bess"},"type":"Feature"},{"geometry":{"coordinates":[-2.3661139,57.221396],"type":"Point"},"id":"GG2050-REPD-10239","properties":{"capacity_mw":49.9,"gg_project_id":"GG2050-REPD-10239","name":"Fordtown Energy Storage","operator":"Private Developer","repd_ref":"10239","repd_technology":"Battery","status":"Awaiting Construction","technology":"bess"},"type":"Feature"},{"geometry":{"coordinates":[-2.3459511,56.9281163],"type":"Point"},"id":"GG2050-REPD-13986","properties":{"capacity_mw":49.9,"gg_project_id":"GG2050-REPD-13986","name":"Forest Avenue Cottage, Drumlithie - Battery Energy Storage","operator":"Drumlithie Battery Limited","repd_ref":"13986","repd_technology":"Battery","status":"Awaiting Construction","technology":"bess"},"type":"Feature"},{"geometry":{"coordinates":[-1.9214556,52.7569015],"type":"Point"},"id":"GG2050-REPD-6981","properties":{"capacity_mw":49.9,"gg_project_id":"GG2050-REPD-6981","name":"Former Rugeley Power Station","operator":"ENGIE Renewables","repd_ref":"6981","repd_technology":"Battery","status":"Abandoned","technology":"bess"},"type":"Feature"},{"geometry":{"coordinates":[-3.5062339,58.5694001],"type":"Point"},"id":"GG2050-REPD-15387","properties":{"capacity_mw":49.9,"gg_project_id":"GG2050-REPD-15387","name":"Geiselittle Farm - Battery Energy Storage","operator":"Whirlwind Renewables","repd_ref":"15387","repd_technology":"Battery","status":"Awaiting Construction","technology":"bess"},"type":"Feature"},{"geometry":{"coordinates":[-4.3168392,55.8509789],"type":"Point"},"id":"GG2050-REPD-18260","properties":{"capacity_mw":49.9,"gg_project_id":"GG2050-REPD-18260","name":"Govan Battery Energy Storage System","operator":"Vital Energi Utilities Limited","repd_ref":"18260","repd_technology":"Battery","status":"Application Submitted","technology":"bess"},"type":"Feature"},{"geometry":{"coordinates":[-0.723363,52.243607],"type":"Point"},"id":"GG2050-REPD-9341","properties":{"capacity_mw":49.9,"gg_project_id":"GG2050-REPD-9341","name":"Grendon Lakes - Battery Storage","operator":"Statera Energy","repd_ref":"9341","repd_technology":"Battery","status":"Revised","technology":"bess"},"type":"Feature"},{"geometry":{"coordinates":[-0.7136757,52.2392491],"type":"Point"},"id":"GG2050-REPD-7089","properties":{"capacity_mw":49.9,"gg_project_id":"GG2050-REPD-7089","name":"Grendon Storage","operator":"Statera Energy / Grendon Storage","repd_ref":"7089","repd_technology":"Battery","status":"Planning Permission Expired","technology":"bess"},"type":"Feature"},{"geometry":{"coordinates":[-3.8245566,57.568038],"type":"Point"},"id":"GG2050-REPD-16752","properties":{"capacity_mw":49.9,"gg_project_id":"GG2050-REPD-16752","name":"Grigorhill Cottage, Grigorhill - Battery Energy Storage","operator":"OPDE UK Limted","repd_ref":"16752","repd_technology":"Battery","status":"Awaiting Construction","technology":"bess"},"type":"Feature"},{"geometry":{"coordinates":[-2.9639698,54.9422993],"type":"Point"},"id":"GG2050-REPD-7462","properties":{"capacity_mw":49.9,"gg_project_id":"GG2050-REPD-7462","name":"Harker Grid Sub Station","operator":"Pivot Power","repd_ref":"7462","repd_technology":"Battery","status":"Planning Permission Expired","technology":"bess"},"type":"Feature"},{"geometry":{"coordinates":[1.3485739,51.3061245],"type":"Point"},"id":"GG2050-REPD-11449","properties":{"capacity_mw":49.9,"gg_project_id":"GG2050-REPD-11449","name":"Harrington Franklin, Richborough Energy Park - Battery Storage","operator":"EDP Renewables","repd_ref":"11449","repd_technology":"Battery","status":"Under Construction","technology":"bess"},"type":"Feature"},{"geometry":{"coordinates":[-0.0484489,53.538154],"type":"Point"},"id":"GG2050-REPD-11832","properties":{"capacity_mw":49.9,"gg_project_id":"GG2050-REPD-11832","name":"Hewitts Avenue, New Waltham - Battery Storage","operator":"Harmony HS (JB) Limited","repd_ref":"11832","repd_technology":"Battery","status":"Awaiting Construction","technology":"bess"},"type":"Feature"},{"geometry":{"coordinates":[-0.3403645,51.6565967],"type":"Point"},"id":"GG2050-REPD-7030","properties":{"capacity_mw":49.9,"gg_project_id":"GG2050-REPD-7030","name":"Hilfield Farm Tech","operator":"Capbal","repd_ref":"7030","repd_technology":"Battery","status":"Revised","technology":"bess"},"type":"Feature"},{"geometry":{"coordinates":[-2.0084256,52.6444848],"type":"Point"},"id":"GG2050-REPD-15802","properties":{"capacity_mw":49.9,"gg_project_id":"GG2050-REPD-15802","name":"Hobble Lane, Great Wyrley - Battery Energy Storage","operator":"Anglo ES Great Wyrley Limited","repd_ref":"15802","repd_technology":"Battery","status":"Awaiting Construction","technology":"bess"},"type":"Feature"},{"geometry":{"coordinates":[-1.610608,52.386266],"type":"Point"},"id":"GG2050-REPD-12936","properties":{"capacity_mw":49.9,"gg_project_id":"GG2050-REPD-12936","name":"Hodgetts Lane, Berkswell - Electricity Storage Facility","operator":"Coventry Energy Storage Limited","repd_ref":"12936","repd_technology":"Battery","status":"Revised","technology":"bess"},"type":"Feature"},{"geometry":{"coordinates":[-1.6159843,52.3898077],"type":"Point"},"id":"GG2050-REPD-14510","properties":{"capacity_mw":49.9,"gg_project_id":"GG2050-REPD-14510","name":"Hodgetts Lane, Berkswell - Electricity Storage Facility","operator":"Anglo ES Berkswell Limited","repd_ref":"14510","repd_technology":"Battery","status":"Application Submitted","technology":"bess"},"type":"Feature"},{"geometry":{"coordinates":[-1.610608,52.386266],"type":"Point"},"id":"GG2050-REPD-15230","properties":{"capacity_mw":49.9,"gg_project_id":"GG2050-REPD-15230","name":"Hodgetts Lane, Berkswell - Electricity Storage Facility","operator":"Coventry Energy Storage Limited","repd_ref":"15230","repd_technology":"Battery","status":"Awaiting Construction","technology":"bess"},"type":"Feature"},{"geometry":{"coordinates":[-1.610608,52.386266],"type":"Point"},"id":"GG2050-REPD-16974","properties":{"capacity_mw":49.9,"gg_project_id":"GG2050-REPD-16974","name":"Hodgetts Lane, Berkswell - Electricity Storage Facility","operator":"Coventry Energy Storage Limited","repd_ref":"16974","repd_technology":"Battery","status":"Application Submitted","technology":"bess"},"type":"Feature"},{"geometry":{"coordinates":[-4.5904676,55.4573318],"type":"Point"},"id":"GG2050-REPD-11679","properties":{"capacity_mw":49.9,"gg_project_id":"GG2050-REPD-11679","name":"Holmston Road - Battery Storage Facility","operator":"Field Energy","repd_ref":"11679","repd_technology":"Battery","status":"Under Construction","technology":"bess"},"type":"Feature"},{"geometry":{"coordinates":[-3.8572686,57.5724486],"type":"Point"},"id":"GG2050-REPD-12056","properties":{"capacity_mw":49.9,"gg_project_id":"GG2050-REPD-12056","name":"Househill House, Househill - Battery Storage","operator":"Whirlwind Energy Storage Limited","repd_ref":"12056","repd_technology":"Battery","status":"Awaiting Construction","technology":"bess"},"type":"Feature"},{"geometry":{"coordinates":[-2.7503473,53.7462913],"type":"Point"},"id":"GG2050-REPD-8829","properties":{"capacity_mw":49.9,"gg_project_id":"GG2050-REPD-8829","name":"Howick Hall Farm - Battery Storage Facility","operator":"Penwortham Storage Limited","repd_ref":"8829","repd_technology":"Battery","status":"Application Submitted","technology":"bess"},"type":"Feature"},{"geometry":{"coordinates":[-3.2981003,56.3417142],"type":"Point"},"id":"GG2050-REPD-19734","properties":{"capacity_mw":49.9,"gg_project_id":"GG2050-REPD-19734","name":"Jamesfield Garden Centre, Newburgh - Battery Energy Storage","operator":"Harmony Energy Limited","repd_ref":"19734","repd_technology":"Battery","status":"Application Submitted","technology":"bess"},"type":"Feature"},{"geometry":{"coordinates":[-3.5929251,55.0684352],"type":"Point"},"id":"GG2050-REPD-11545","properties":{"capacity_mw":49.9,"gg_project_id":"GG2050-REPD-11545","name":"Kellwood Road - Battery Storage","operator":"Geocore Limited","repd_ref":"11545","repd_technology":"Battery","status":"Revised","technology":"bess"},"type":"Feature"},{"geometry":{"coordinates":[0.7425422,51.3667854],"type":"Point"},"id":"GG2050-REPD-7368","properties":{"capacity_mw":49.9,"gg_project_id":"GG2050-REPD-7368","name":"Kemsley Substation","operator":"Pivot Power","repd_ref":"7368","repd_technology":"Battery","status":"Operational","technology":"bess"},"type":"Feature"},{"geometry":{"coordinates":[-4.4027799,55.4559044],"type":"Point"},"id":"GG2050-REPD-12349","properties":{"capacity_mw":49.9,"gg_project_id":"GG2050-REPD-12349","name":"Killoch Depot, Killoch Colliery - Battery Storage","operator":"Brockwell Energy Limited","repd_ref":"12349","repd_technology":"Battery","status":"Awaiting Construction","technology":"bess"},"type":"Feature"},{"geometry":{"coordinates":[-2.3756572,57.218628],"type":"Point"},"id":"GG2050-REPD-14374","properties":{"capacity_mw":49.9,"gg_project_id":"GG2050-REPD-14374","name":"Kintore Substation, Leylodge - Battery Energy Storage","operator":"XRE Gamma Limited","repd_ref":"14374","repd_technology":"Battery","status":"Revised","technology":"bess"},"type":"Feature"},{"geometry":{"coordinates":[-2.3756572,57.218628],"type":"Point"},"id":"GG2050-REPD-15627","properties":{"capacity_mw":49.9,"gg_project_id":"GG2050-REPD-15627","name":"Kintore Substation, Leylodge - Battery Energy Storage","operator":"XRE Gamma Limited / EDF","repd_ref":"15627","repd_technology":"Battery","status":"Awaiting Construction","technology":"bess"},"type":"Feature"},{"geometry":{"coordinates":[-1.1252929,54.566653],"type":"Point"},"id":"GG2050-REPD-7040","properties":{"capacity_mw":49.9,"gg_project_id":"GG2050-REPD-7040","name":"Lackenby","operator":"EDF Energy Renewables","repd_ref":"7040","repd_technology":"Battery","status":"Revised","technology":"bess"},"type":"Feature"},{"geometry":{"coordinates":[-1.1252929,54.566653],"type":"Point"},"id":"GG2050-REPD-7518","properties":{"capacity_mw":49.9,"gg_project_id":"GG2050-REPD-7518","name":"Lackenby","operator":"EDF Energy Renewables","repd_ref":"7518","repd_technology":"Battery","status":"Planning Permission Expired","technology":"bess"},"type":"Feature"},{"geometry":{"coordinates":[-1.5920144,53.8040516],"type":"Point"},"id":"GG2050-REPD-7111","properties":{"capacity_mw":49.9,"gg_project_id":"GG2050-REPD-7111","name":"Land Adjacent to 4 Redcote Lane (Armley)","operator":"Enstor (formerly CJ Energy)","repd_ref":"7111","repd_technology":"Battery","status":"Revised","technology":"bess"},"type":"Feature"},{"geometry":{"coordinates":[-2.4215565,51.6816695],"type":"Point"},"id":"GG2050-REPD-7230","properties":{"capacity_mw":49.9,"gg_project_id":"GG2050-REPD-7230","name":"Land North of Actrees Solar Farm","operator":"Immersa","repd_ref":"7230","repd_technology":"Battery","status":"Abandoned","technology":"bess"},"type":"Feature"},{"geometry":{"coordinates":[-4.2420634,50.447352],"type":"Point"},"id":"GG2050-REPD-13461","properties":{"capacity_mw":49.9,"gg_project_id":"GG2050-REPD-13461","name":"Landulph Substation, Ellbridge Lane - Battery Energy Storage","operator":"Conrad Energy","repd_ref":"13461","repd_technology":"Battery","status":"Awaiting Construction","technology":"bess"},"type":"Feature"},{"geometry":{"coordinates":[-4.2497358,50.4472578],"type":"Point"},"id":"GG2050-REPD-12697","properties":{"capacity_mw":49.9,"gg_project_id":"GG2050-REPD-12697","name":"Landulph, Ellbridge Lane - Battery Storage Facility","operator":"Pivoted Power Llp","repd_ref":"12697","repd_technology":"Battery","status":"Awaiting Construction","technology":"bess"},"type":"Feature"},{"geometry":{"coordinates":[0.1713341,52.7233157],"type":"Point"},"id":"GG2050-REPD-7606","properties":{"capacity_mw":49.9,"gg_project_id":"GG2050-REPD-7606","name":"Lapwing Fen II, Crown Farm","operator":"Private Developer","repd_ref":"7606","repd_technology":"Battery","status":"Awaiting Construction","technology":"bess"},"type":"Feature"},{"geometry":{"coordinates":[-2.4817422,51.5659441],"type":"Point"},"id":"GG2050-REPD-14691","properties":{"capacity_mw":49.9,"gg_project_id":"GG2050-REPD-14691","name":"Larks Lane & Latteridge Lane, Latteridge - Battery Storage Facility","operator":"Anglo Renewables","repd_ref":"14691","repd_technology":"Battery","status":"Awaiting Construction","technology":"bess"},"type":"Feature"},{"geometry":{"coordinates":[-2.5011362,57.6606703],"type":"Point"},"id":"GG2050-REPD-10894","properties":{"capacity_mw":49.9,"gg_project_id":"GG2050-REPD-10894","name":"Law Of Doune Road, Macduff - Battery Storage","operator":"Intelligent Land Investments Group Plc","repd_ref":"10894","repd_technology":"Battery","status":"Awaiting Construction","technology":"bess"},"type":"Feature"},{"geometry":{"coordinates":[-3.6639624,55.4399556],"type":"Point"},"id":"GG2050-REPD-20588","properties":{"capacity_mw":49.9,"gg_project_id":"GG2050-REPD-20588","name":"Leadhills Road, Elvanfoot Phase 2 - BESS","operator":"Elvanfoot Energy Storage 2 Limited","repd_ref":"20588","repd_technology":"Battery","status":"Application Submitted","technology":"bess"},"type":"Feature"},{"geometry":{"coordinates":[-1.7309756,52.516318],"type":"Point"},"id":"GG2050-REPD-13369","properties":{"capacity_mw":49.9,"gg_project_id":"GG2050-REPD-13369","name":"Lichfield Road, Watton Lane - Battery Storage","operator":"Anglo ES Water Orton Limited","repd_ref":"13369","repd_technology":"Battery","status":"Awaiting Construction","technology":"bess"},"type":"Feature"},{"geometry":{"coordinates":[-2.9275915,53.4199136],"type":"Point"},"id":"GG2050-REPD-7740","properties":{"capacity_mw":49.9,"gg_project_id":"GG2050-REPD-7740","name":"Lister Drive","operator":"Arenko Cleantech / Stratcraft","repd_ref":"7740","repd_technology":"Battery","status":"Operational","technology":"bess"},"type":"Feature"},{"geometry":{"coordinates":[-2.9275915,53.4199136],"type":"Point"},"id":"GG2050-REPD-7772","properties":{"capacity_mw":49.9,"gg_project_id":"GG2050-REPD-7772","name":"Liverpool Energy Management Facility","operator":"Statkraft UK","repd_ref":"7772","repd_technology":"Battery","status":"Operational","technology":"bess"},"type":"Feature"},{"geometry":{"coordinates":[-3.3755854,57.6652678],"type":"Point"},"id":"GG2050-REPD-16619","properties":{"capacity_mw":49.9,"gg_project_id":"GG2050-REPD-16619","name":"Loanhead Farm - Battery Energy Storage System","operator":"OPDE UK Limted","repd_ref":"16619","repd_technology":"Battery","status":"Application Submitted","technology":"bess"},"type":"Feature"},{"geometry":{"coordinates":[-4.0594288,58.5524247],"type":"Point"},"id":"GG2050-REPD-13949","properties":{"capacity_mw":49.9,"gg_project_id":"GG2050-REPD-13949","name":"Loch Toftingall, Halsary Wind Farm - Battery Energy Storage","operator":"Infinergy Limited / Boralex","repd_ref":"13949","repd_technology":"Battery","status":"Awaiting Construction","technology":"bess"},"type":"Feature"},{"geometry":{"coordinates":[-4.6787462,57.6843735],"type":"Point"},"id":"GG2050-REPD-9220","properties":{"capacity_mw":49.9,"gg_project_id":"GG2050-REPD-9220","name":"Lochluichart - Energy Storage Facility","operator":"Intelligent Land Investments Group","repd_ref":"9220","repd_technology":"Battery","status":"Awaiting Construction","technology":"bess"},"type":"Feature"},{"geometry":{"coordinates":[-0.4660904,51.4505345],"type":"Point"},"id":"GG2050-REPD-17929","properties":{"capacity_mw":49.9,"gg_project_id":"GG2050-REPD-17929","name":"Long Lane, Stanwell - Battery Energy Storage","operator":"Harwood Project One Limited","repd_ref":"17929","repd_technology":"Battery","status":"Awaiting Construction","technology":"bess"},"type":"Feature"},{"geometry":{"coordinates":[-1.0413441,50.9150382],"type":"Point"},"id":"GG2050-REPD-7064","properties":{"capacity_mw":49.9,"gg_project_id":"GG2050-REPD-7064","name":"Lovedean Energy Storage System","operator":"Anesco","repd_ref":"7064","repd_technology":"Battery","status":"Revised","technology":"bess"},"type":"Feature"},{"geometry":{"coordinates":[-1.0385927,50.9208518],"type":"Point"},"id":"GG2050-REPD-7351","properties":{"capacity_mw":49.9,"gg_project_id":"GG2050-REPD-7351","name":"Lovedean Substation","operator":"Pivot Power","repd_ref":"7351","repd_technology":"Battery","status":"Application Withdrawn","technology":"bess"},"type":"Feature"},{"geometry":{"coordinates":[-1.8244603,53.6926524],"type":"Point"},"id":"GG2050-REPD-15304","properties":{"capacity_mw":49.9,"gg_project_id":"GG2050-REPD-15304","name":"Lowfields Energy Storage Project","operator":"UK Battery Storage","repd_ref":"15304","repd_technology":"Battery","status":"Awaiting Construction","technology":"bess"},"type":"Feature"},{"geometry":{"coordinates":[-3.6857268,58.6052302],"type":"Point"},"id":"GG2050-REPD-17703","properties":{"capacity_mw":49.9,"gg_project_id":"GG2050-REPD-17703","name":"Lythmore House, Technology Park Forss - Battery Energy Storage","operator":"Forss Energy Storage Limited","repd_ref":"17703","repd_technology":"Battery","status":"Awaiting Construction","technology":"bess"},"type":"Feature"},{"geometry":{"coordinates":[-0.0326036,52.6641809],"type":"Point"},"id":"GG2050-REPD-19563","properties":{"capacity_mw":49.9,"gg_project_id":"GG2050-REPD-19563","name":"Malice Farm, French Drove - BESS","operator":"FRV TH Powertek Limited","repd_ref":"19563","repd_technology":"Battery","status":"Awaiting Construction","technology":"bess"},"type":"Feature"},{"geometry":{"coordinates":[-1.9018235,50.8484208],"type":"Point"},"id":"GG2050-REPD-8833","properties":{"capacity_mw":49.9,"gg_project_id":"GG2050-REPD-8833","name":"Mannington Battery Energy Storage System","operator":"EDF Energy Renewables","repd_ref":"8833","repd_technology":"Battery","status":"Under Construction","technology":"bess"},"type":"Feature"},{"geometry":{"coordinates":[-1.8149614,51.5535442],"type":"Point"},"id":"GG2050-REPD-7024","properties":{"capacity_mw":49.9,"gg_project_id":"GG2050-REPD-7024","name":"Mannington Battery Storage Plant","operator":"Still Waters Green Technology","repd_ref":"7024","repd_technology":"Battery","status":"Operational","technology":"bess"},"type":"Feature"},{"geometry":{"coordinates":[-2.3089008,56.92789],"type":"Point"},"id":"GG2050-REPD-12361","properties":{"capacity_mw":49.9,"gg_project_id":"GG2050-REPD-12361","name":"Meetlaw Farm, Fordoun - Battery Energy Storage System","operator":"One Planet Developments Limited","repd_ref":"12361","repd_technology":"Battery","status":"Awaiting Construction","technology":"bess"},"type":"Feature"},{"geometry":{"coordinates":[-3.6746777,55.9039562],"type":"Point"},"id":"GG2050-REPD-16642","properties":{"capacity_mw":49.9,"gg_project_id":"GG2050-REPD-16642","name":"Middlerigg - Battery Energy Storage","operator":"Galileo Green Energy Scotland Limited","repd_ref":"16642","repd_technology":"Battery","status":"Awaiting Construction","technology":"bess"},"type":"Feature"},{"geometry":{"coordinates":[-2.8955093,54.0409055],"type":"Point"},"id":"GG2050-REPD-7029","properties":{"capacity_mw":49.9,"gg_project_id":"GG2050-REPD-7029","name":"Middleton Clean Energy Plant","operator":"Infra Balance New Energy","repd_ref":"7029","repd_technology":"Battery","status":"Awaiting Construction","technology":"bess"},"type":"Feature"},{"geometry":{"coordinates":[-2.5217158,57.4035047],"type":"Point"},"id":"GG2050-REPD-13087","properties":{"capacity_mw":49.9,"gg_project_id":"GG2050-REPD-13087","name":"Middleton Of Blackhills, Rothienorman - Battery Energy Storage System","operator":"Scot Stability Limited","repd_ref":"13087","repd_technology":"Battery","status":"Revised","technology":"bess"},"type":"Feature"},{"geometry":{"coordinates":[-2.5217158,57.4035047],"type":"Point"},"id":"GG2050-REPD-18572","properties":{"capacity_mw":49.9,"gg_project_id":"GG2050-REPD-18572","name":"Middleton Of Blackhills, Rothienorman - Battery Energy Storage System","operator":"Scot Stability Limited","repd_ref":"18572","repd_technology":"Battery","status":"Application Submitted","technology":"bess"},"type":"Feature"},{"geometry":{"coordinates":[-2.1099066,57.2274873],"type":"Point"},"id":"GG2050-REPD-17259","properties":{"capacity_mw":49.9,"gg_project_id":"GG2050-REPD-17259","name":"Middleton Of Potterton Farm - Battery Energy Storage System","operator":"Green Switch Capital (Qair)","repd_ref":"17259","repd_technology":"Battery","status":"Awaiting Construction","technology":"bess"},"type":"Feature"},{"geometry":{"coordinates":[-0.2114216,51.6176286],"type":"Point"},"id":"GG2050-REPD-8009","properties":{"capacity_mw":49.9,"gg_project_id":"GG2050-REPD-8009","name":"Mill Hill National Grid Substation","operator":"Harbour Energy","repd_ref":"8009","repd_technology":"Battery","status":"Awaiting Construction","technology":"bess"},"type":"Feature"},{"geometry":{"coordinates":[-3.4265247,55.2977135],"type":"Point"},"id":"GG2050-REPD-13846","properties":{"capacity_mw":49.9,"gg_project_id":"GG2050-REPD-13846","name":"Milton Farm - Energy Storage System","operator":"Renewco Power","repd_ref":"13846","repd_technology":"Battery","status":"Awaiting Construction","technology":"bess"},"type":"Feature"},{"geometry":{"coordinates":[-3.4265247,55.2977135],"type":"Point"},"id":"GG2050-REPD-16895","properties":{"capacity_mw":49.9,"gg_project_id":"GG2050-REPD-16895","name":"Milton Farm - Energy Storage System","operator":"Renewco Power","repd_ref":"16895","repd_technology":"Battery","status":"Awaiting Construction","technology":"bess"},"type":"Feature"},{"geometry":{"coordinates":[0.1952262,52.7281446],"type":"Point"},"id":"GG2050-REPD-10687","properties":{"capacity_mw":49.9,"gg_project_id":"GG2050-REPD-10687","name":"Model Farm","operator":"Tribus Clean Energy","repd_ref":"10687","repd_technology":"Battery","status":"Awaiting Construction","technology":"bess"},"type":"Feature"},{"geometry":{"coordinates":[0.1952262,52.7281446],"type":"Point"},"id":"GG2050-REPD-7609","properties":{"capacity_mw":49.9,"gg_project_id":"GG2050-REPD-7609","name":"Model Farm","operator":"Tribus Clean Energy","repd_ref":"7609","repd_technology":"Battery","status":"Revised","technology":"bess"},"type":"Feature"},{"geometry":{"coordinates":[-2.3128485,51.7950909],"type":"Point"},"id":"GG2050-REPD-8844","properties":{"capacity_mw":49.9,"gg_project_id":"GG2050-REPD-8844","name":"Moreton Lane - Solar Farm & Battery Storage","operator":"JBM Solar Projects 7 Limited","repd_ref":"8844","repd_technology":"Battery","status":"Awaiting Construction","technology":"bess"},"type":"Feature"},{"geometry":{"coordinates":[-2.9245558,50.785769],"type":"Point"},"id":"GG2050-REPD-8036","properties":{"capacity_mw":49.9,"gg_project_id":"GG2050-REPD-8036","name":"National Grid Axminster Substation","operator":"Harbour Energy","repd_ref":"8036","repd_technology":"Battery","status":"Application Submitted","technology":"bess"},"type":"Feature"},{"geometry":{"coordinates":[-1.9990134,51.6068464],"type":"Point"},"id":"GG2050-REPD-8021","properties":{"capacity_mw":49.9,"gg_project_id":"GG2050-REPD-8021","name":"National Grid Minety Substation","operator":"Harbour Energy","repd_ref":"8021","repd_technology":"Battery","status":"Awaiting Construction","technology":"bess"},"type":"Feature"},{"geometry":{"coordinates":[-1.2682799,53.401251],"type":"Point"},"id":"GG2050-REPD-7019","properties":{"capacity_mw":49.9,"gg_project_id":"GG2050-REPD-7019","name":"Nether Moor Field","operator":"Thurcroft Energy (Max Design Consultancy)","repd_ref":"7019","repd_technology":"Battery","status":"Operational","technology":"bess"},"type":"Feature"},{"geometry":{"coordinates":[-3.3003795,56.3383299],"type":"Point"},"id":"GG2050-REPD-16286","properties":{"capacity_mw":49.9,"gg_project_id":"GG2050-REPD-16286","name":"Newburgh Road, Abernethy - Battery Energy Storage Facility","operator":"Opdenergy","repd_ref":"16286","repd_technology":"Battery","status":"Awaiting Construction","technology":"bess"},"type":"Feature"},{"geometry":{"coordinates":[-3.2983515,56.3476777],"type":"Point"},"id":"GG2050-REPD-10607","properties":{"capacity_mw":49.9,"gg_project_id":"GG2050-REPD-10607","name":"Newburgh Road, Abernethy - Battery Storage","operator":"CBS Solar Assets UK Limited","repd_ref":"10607","repd_technology":"Battery","status":"Awaiting Construction","technology":"bess"},"type":"Feature"},{"geometry":{"coordinates":[-3.4914597,56.4025334],"type":"Point"},"id":"GG2050-REPD-9047","properties":{"capacity_mw":49.9,"gg_project_id":"GG2050-REPD-9047","name":"Newhouse Farm - Energy Storage Facility","operator":"Intelligent Land Investments Group","repd_ref":"9047","repd_technology":"Battery","status":"Awaiting Construction","technology":"bess"},"type":"Feature"},{"geometry":{"coordinates":[-1.3219374,53.1390908],"type":"Point"},"id":"GG2050-REPD-7780","properties":{"capacity_mw":49.9,"gg_project_id":"GG2050-REPD-7780","name":"Newton Wood Farm","operator":"Anesco","repd_ref":"7780","repd_technology":"Battery","status":"Awaiting Construction","technology":"bess"},"type":"Feature"},{"geometry":{"coordinates":[1.275689,52.5734801],"type":"Point"},"id":"GG2050-REPD-7021","properties":{"capacity_mw":49.9,"gg_project_id":"GG2050-REPD-7021","name":"Norwich Substation Storage Facility","operator":"Pivot Power","repd_ref":"7021","repd_technology":"Battery","status":"Awaiting Construction","technology":"bess"},"type":"Feature"},{"geometry":{"coordinates":[-3.4900404,56.3968987],"type":"Point"},"id":"GG2050-REPD-8368","properties":{"capacity_mw":49.9,"gg_project_id":"GG2050-REPD-8368","name":"Old Gallows Road - Battery storage","operator":"Foresight Group","repd_ref":"8368","repd_technology":"Battery","status":"Awaiting Construction","technology":"bess"},"type":"Feature"},{"geometry":{"coordinates":[-2.2768331,56.9171133],"type":"Point"},"id":"GG2050-REPD-15239","properties":{"capacity_mw":49.9,"gg_project_id":"GG2050-REPD-15239","name":"Old Schoolhouse, Barras - Battery Energy Storage System","operator":"Green Switch Capital Limited","repd_ref":"15239","repd_technology":"Battery","status":"Application Submitted","technology":"bess"},"type":"Feature"},{"geometry":{"coordinates":[-1.0193917,53.9577983],"type":"Point"},"id":"GG2050-REPD-7172","properties":{"capacity_mw":49.9,"gg_project_id":"GG2050-REPD-7172","name":"Osbaldwick Substation","operator":"UK Battery Storage","repd_ref":"7172","repd_technology":"Battery","status":"Operational","technology":"bess"},"type":"Feature"},{"geometry":{"coordinates":[-2.5217158,57.4035047],"type":"Point"},"id":"GG2050-REPD-11590","properties":{"capacity_mw":49.9,"gg_project_id":"GG2050-REPD-11590","name":"Overhill Farm, Rothienorman - Battery Energy Storage","operator":"One Planet Developments Limited","repd_ref":"11590","repd_technology":"Battery","status":"Under Construction","technology":"bess"},"type":"Feature"},{"geometry":{"coordinates":[-2.1499805,57.1810219],"type":"Point"},"id":"GG2050-REPD-13684","properties":{"capacity_mw":49.9,"gg_project_id":"GG2050-REPD-13684","name":"Persley Croft - Battery Storage","operator":"RE Projects Development","repd_ref":"13684","repd_technology":"Battery","status":"Awaiting Construction","technology":"bess"},"type":"Feature"},{"geometry":{"coordinates":[-2.6596987,51.9117264],"type":"Point"},"id":"GG2050-REPD-13976","properties":{"capacity_mw":49.9,"gg_project_id":"GG2050-REPD-13976","name":"Peterstow Gas Compressor Station, Hentland - Energy Storage System","operator":"Novus Renewable Services Limited","repd_ref":"13976","repd_technology":"Battery","status":"Awaiting Construction","technology":"bess"},"type":"Feature"},{"geometry":{"coordinates":[-2.9266203,56.484004],"type":"Point"},"id":"GG2050-REPD-18163","properties":{"capacity_mw":49.9,"gg_project_id":"GG2050-REPD-18163","name":"Pitkerro Road - Battery Energy Storage","operator":"Vital Energi Utilities Limited","repd_ref":"18163","repd_technology":"Battery","status":"Application Refused","technology":"bess"},"type":"Feature"},{"geometry":{"coordinates":[-4.5147675,57.4679948],"type":"Point"},"id":"GG2050-REPD-8248","properties":{"capacity_mw":49.9,"gg_project_id":"GG2050-REPD-8248","name":"Platchaig House, Kilmorack - Battery Storage Facility","operator":"Whirlwind Renewables","repd_ref":"8248","repd_technology":"Battery","status":"Revised","technology":"bess"},"type":"Feature"},{"geometry":{"coordinates":[-3.2728343,56.5378471],"type":"Point"},"id":"GG2050-REPD-9997","properties":{"capacity_mw":49.9,"gg_project_id":"GG2050-REPD-9997","name":"Pleasance Road - Battery Energy Facility","operator":"Gresham House","repd_ref":"9997","repd_technology":"Battery","status":"Operational","technology":"bess"},"type":"Feature"},{"geometry":{"coordinates":[-1.9579137,51.5949974],"type":"Point"},"id":"GG2050-REPD-7014","properties":{"capacity_mw":49.9,"gg_project_id":"GG2050-REPD-7014","name":"Ravensroost Farm, Minety - Battery Energy Storage","operator":"Conrad Energy Developments II Limited","repd_ref":"7014","repd_technology":"Battery","status":"Awaiting Construction","technology":"bess"},"type":"Feature"},{"geometry":{"coordinates":[0.3189179,52.2697869],"type":"Point"},"id":"GG2050-REPD-7906","properties":{"capacity_mw":49.9,"gg_project_id":"GG2050-REPD-7906","name":"Reach Road","operator":"UK Power Networks","repd_ref":"7906","repd_technology":"Battery","status":"Awaiting Construction","technology":"bess"},"type":"Feature"},{"geometry":{"coordinates":[1.3429997,51.3119598],"type":"Point"},"id":"GG2050-REPD-8195","properties":{"capacity_mw":49.9,"gg_project_id":"GG2050-REPD-8195","name":"Richborough Energy Park","operator":"Richborough Energy Park Limited","repd_ref":"8195","repd_technology":"Battery","status":"Operational","technology":"bess"},"type":"Feature"},{"geometry":{"coordinates":[-2.0978214,57.0920426],"type":"Point"},"id":"GG2050-REPD-12970","properties":{"capacity_mw":49.9,"gg_project_id":"GG2050-REPD-12970","name":"Rigifa Cove Road - Battery Storage","operator":"Trina Solar","repd_ref":"12970","repd_technology":"Battery","status":"Awaiting Construction","technology":"bess"},"type":"Feature"},{"geometry":{"coordinates":[-3.7317577,50.461789],"type":"Point"},"id":"GG2050-REPD-7078","properties":{"capacity_mw":49.9,"gg_project_id":"GG2050-REPD-7078","name":"Riverford Farm","operator":"Abham Storage / Statera Energy","repd_ref":"7078","repd_technology":"Battery","status":"Planning Permission Expired","technology":"bess"},"type":"Feature"},{"geometry":{"coordinates":[-2.4663232,57.4146001],"type":"Point"},"id":"GG2050-REPD-10638","properties":{"capacity_mw":49.9,"gg_project_id":"GG2050-REPD-10638","name":"Rothienorman - Battery Storage","operator":"Anesco Limited","repd_ref":"10638","repd_technology":"Battery","status":"Awaiting Construction","technology":"bess"},"type":"Feature"},{"geometry":{"coordinates":[-3.9425286,56.2631298],"type":"Point"},"id":"GG2050-REPD-8464","properties":{"capacity_mw":49.9,"gg_project_id":"GG2050-REPD-8464","name":"Shindour - Energy Storage Facility","operator":"Gigabox Developments Limited","repd_ref":"8464","repd_technology":"Battery","status":"Awaiting Construction","technology":"bess"},"type":"Feature"},{"geometry":{"coordinates":[-1.3650441,51.0189505],"type":"Point"},"id":"GG2050-REPD-15674","properties":{"capacity_mw":49.9,"gg_project_id":"GG2050-REPD-15674","name":"Silkstead Farm, Poles Lane - Battery Energy Storage System","operator":"Winchester Energy Reserve Limited","repd_ref":"15674","repd_technology":"Battery","status":"Awaiting Construction","technology":"bess"},"type":"Feature"},{"geometry":{"coordinates":[-2.0267817,57.6800027],"type":"Point"},"id":"GG2050-REPD-16884","properties":{"capacity_mw":49.9,"gg_project_id":"GG2050-REPD-16884","name":"Smiddyhill, Strichen - Battery Energy Storage","operator":"Muirden Energy","repd_ref":"16884","repd_technology":"Battery","status":"Application Submitted","technology":"bess"},"type":"Feature"},{"geometry":{"coordinates":[-2.1005253,51.3778262],"type":"Point"},"id":"GG2050-REPD-7380","properties":{"capacity_mw":49.9,"gg_project_id":"GG2050-REPD-7380","name":"Snarlton Farm","operator":"Immersa","repd_ref":"7380","repd_technology":"Battery","status":"Abandoned","technology":"bess"},"type":"Feature"},{"geometry":{"coordinates":[-2.3901387,57.2132569],"type":"Point"},"id":"GG2050-REPD-11092","properties":{"capacity_mw":49.9,"gg_project_id":"GG2050-REPD-11092","name":"South Leylodge Farmhouse, Kintore - Battery Energy Storage System","operator":"Conrad Energy (Developments) Limited","repd_ref":"11092","repd_technology":"Battery","status":"Awaiting Construction","technology":"bess"},"type":"Feature"},{"geometry":{"coordinates":[-3.4266878,58.465179],"type":"Point"},"id":"GG2050-REPD-16163","properties":{"capacity_mw":49.9,"gg_project_id":"GG2050-REPD-16163","name":"Spittal Mains Quarry - Battery storage","operator":"Fig Power Limited","repd_ref":"16163","repd_technology":"Battery","status":"Awaiting Construction","technology":"bess"},"type":"Feature"},{"geometry":{"coordinates":[-5.2265277,56.42615],"type":"Point"},"id":"GG2050-REPD-15648","properties":{"capacity_mw":49.9,"gg_project_id":"GG2050-REPD-15648","name":"SSE Taynuilt Substation - Battery Energy Storage","operator":"Downing Energy Development Company Limited","repd_ref":"15648","repd_technology":"Battery","status":"Awaiting Construction","technology":"bess"},"type":"Feature"},{"geometry":{"coordinates":[-3.5030201,58.5722403],"type":"Point"},"id":"GG2050-REPD-10225","properties":{"capacity_mw":49.9,"gg_project_id":"GG2050-REPD-10225","name":"Stainland Energy Storage Project","operator":"Whirlwind Energy Storage Limited","repd_ref":"10225","repd_technology":"Battery","status":"Awaiting Construction","technology":"bess"},"type":"Feature"},{"geometry":{"coordinates":[-4.3979542,50.7943296],"type":"Point"},"id":"GG2050-REPD-16561","properties":{"capacity_mw":49.9,"gg_project_id":"GG2050-REPD-16561","name":"Stoneworthy - Battery Energy Storage System","operator":"RES Limited","repd_ref":"16561","repd_technology":"Battery","status":"Awaiting Construction","technology":"bess"},"type":"Feature"},{"geometry":{"coordinates":[-0.4986645,51.9300885],"type":"Point"},"id":"GG2050-REPD-7283","properties":{"capacity_mw":49.9,"gg_project_id":"GG2050-REPD-7283","name":"Sundon Substation","operator":"Pivot Power","repd_ref":"7283","repd_technology":"Battery","status":"Revised","technology":"bess"},"type":"Feature"},{"geometry":{"coordinates":[-0.4988194,51.9311156],"type":"Point"},"id":"GG2050-REPD-9315","properties":{"capacity_mw":49.9,"gg_project_id":"GG2050-REPD-9315","name":"Sundon Substation","operator":"Pivot Power / EDF Energy Renewables","repd_ref":"9315","repd_technology":"Battery","status":"Operational","technology":"bess"},"type":"Feature"},{"geometry":{"coordinates":[-3.5279321,56.397992],"type":"Point"},"id":"GG2050-REPD-15754","properties":{"capacity_mw":49.9,"gg_project_id":"GG2050-REPD-15754","name":"Taigh An Struith, Tibbermore - Battery Energy Storage","operator":"Ylem Energy Limited","repd_ref":"15754","repd_technology":"Battery","status":"Application Refused","technology":"bess"},"type":"Feature"},{"geometry":{"coordinates":[-3.1544274,51.0180893],"type":"Point"},"id":"GG2050-REPD-7153","properties":{"capacity_mw":49.9,"gg_project_id":"GG2050-REPD-7153","name":"Taunton Substation","operator":"Pivot Power","repd_ref":"7153","repd_technology":"Battery","status":"Planning Permission Expired","technology":"bess"},"type":"Feature"},{"geometry":{"coordinates":[-3.0459272,56.5031457],"type":"Point"},"id":"GG2050-REPD-13605","properties":{"capacity_mw":49.9,"gg_project_id":"GG2050-REPD-13605","name":"Templeton Farm, Templeton - Battery Storage","operator":"Fig Power","repd_ref":"13605","repd_technology":"Battery","status":"Awaiting Construction","technology":"bess"},"type":"Feature"},{"geometry":{"coordinates":[-4.9866422,51.6758571],"type":"Point"},"id":"GG2050-REPD-15803","properties":{"capacity_mw":49.9,"gg_project_id":"GG2050-REPD-15803","name":"The Greenlink Converter Station - Lambeeth Battery Energy Storage","operator":"Sirius EcoDev Limited","repd_ref":"15803","repd_technology":"Battery","status":"Awaiting Construction","technology":"bess"},"type":"Feature"},{"geometry":{"coordinates":[-4.2994178,56.4845248],"type":"Point"},"id":"GG2050-REPD-16292","properties":{"capacity_mw":49.9,"gg_project_id":"GG2050-REPD-16292","name":"Tir Artair - Battery Energy Storage Facility","operator":"Opdenergy","repd_ref":"16292","repd_technology":"Battery","status":"Awaiting Construction","technology":"bess"},"type":"Feature"},{"geometry":{"coordinates":[-4.7315581,57.1296763],"type":"Point"},"id":"GG2050-REPD-8096","properties":{"capacity_mw":49.9,"gg_project_id":"GG2050-REPD-8096","name":"Torrdhuin, Auchteraw Battery Storage Facility","operator":"Field Energy","repd_ref":"8096","repd_technology":"Battery","status":"Operational","technology":"bess"},"type":"Feature"},{"geometry":{"coordinates":[-2.8069311,53.562191],"type":"Point"},"id":"GG2050-REPD-7985","properties":{"capacity_mw":49.9,"gg_project_id":"GG2050-REPD-7985","name":"Unit 5 XL Business Park","operator":"Amber Infrastructure Group","repd_ref":"7985","repd_technology":"Battery","status":"Under Construction","technology":"bess"},"type":"Feature"},{"geometry":{"coordinates":[-1.463762,52.5308274],"type":"Point"},"id":"GG2050-REPD-17365","properties":{"capacity_mw":49.9,"gg_project_id":"GG2050-REPD-17365","name":"Weddington Road - Battery Energy Storage","operator":"Fig Power","repd_ref":"17365","repd_technology":"Battery","status":"Awaiting Construction","technology":"bess"},"type":"Feature"},{"geometry":{"coordinates":[-2.1357406,53.4190988],"type":"Point"},"id":"GG2050-REPD-7832","properties":{"capacity_mw":49.9,"gg_project_id":"GG2050-REPD-7832","name":"Welkin Mill","operator":"Noriker Power","repd_ref":"7832","repd_technology":"Battery","status":"Revised","technology":"bess"},"type":"Feature"},{"geometry":{"coordinates":[-2.1345383,53.4195406],"type":"Point"},"id":"GG2050-REPD-8055","properties":{"capacity_mw":49.9,"gg_project_id":"GG2050-REPD-8055","name":"Welkin Mill","operator":"Noriker Power","repd_ref":"8055","repd_technology":"Battery","status":"Revised","technology":"bess"},"type":"Feature"},{"geometry":{"coordinates":[-2.1363513,53.4171655],"type":"Point"},"id":"GG2050-REPD-12982","properties":{"capacity_mw":49.9,"gg_project_id":"GG2050-REPD-12982","name":"Welkin Mill, Welkin Road - Battery Storage","operator":"Noriker Power Limited","repd_ref":"12982","repd_technology":"Battery","status":"Under Construction","technology":"bess"},"type":"Feature"},{"geometry":{"coordinates":[-1.3563413,50.8925774],"type":"Point"},"id":"GG2050-REPD-14005","properties":{"capacity_mw":49.9,"gg_project_id":"GG2050-REPD-14005","name":"Weston Lane - Battery Storage Facility","operator":"Anglo Renewables Limited","repd_ref":"14005","repd_technology":"Battery","status":"Application Refused","technology":"bess"},"type":"Feature"},{"geometry":{"coordinates":[-2.8703601,56.6534679],"type":"Point"},"id":"GG2050-REPD-8916","properties":{"capacity_mw":49.9,"gg_project_id":"GG2050-REPD-8916","name":"Whitehills Energy Storage Facility","operator":"Gigabox Developments Limited / Whirlwind Renewables","repd_ref":"8916","repd_technology":"Battery","status":"Under Construction","technology":"bess"},"type":"Feature"},{"geometry":{"coordinates":[0.4490082,51.5954359],"type":"Point"},"id":"GG2050-REPD-11880","properties":{"capacity_mw":49.9,"gg_project_id":"GG2050-REPD-11880","name":"Whites Farm - Battery Storage","operator":"Anglo Renewables Limited","repd_ref":"11880","repd_technology":"Battery","status":"Application Refused","technology":"bess"},"type":"Feature"},{"geometry":{"coordinates":[-2.4523309,57.6470394],"type":"Point"},"id":"GG2050-REPD-18416","properties":{"capacity_mw":49.9,"gg_project_id":"GG2050-REPD-18416","name":"Whitestones Birks Farm, Longmanhill - BESS","operator":"OPDE UK Limted","repd_ref":"18416","repd_technology":"Battery","status":"Application Refused","technology":"bess"},"type":"Feature"},{"geometry":{"coordinates":[-2.7863731,51.3591967],"type":"Point"},"id":"GG2050-REPD-17023","properties":{"capacity_mw":49.9,"gg_project_id":"GG2050-REPD-17023","name":"Yeowood Farm - Battery Energy Storage","operator":"Fig Power Limited","repd_ref":"17023","repd_technology":"Battery","status":"Application Refused","technology":"bess"},"type":"Feature"},{"geometry":{"coordinates":[-2.159837,53.0756698],"type":"Point"},"id":"GG2050-REPD-11418","properties":{"capacity_mw":49.53,"gg_project_id":"GG2050-REPD-11418","name":"Brown Edge - Battery Storage","operator":"Anesco","repd_ref":"11418","repd_technology":"Battery","status":"Awaiting Construction","technology":"bess"},"type":"Feature"},{"geometry":{"coordinates":[-0.8753422,51.2498131],"type":"Point"},"id":"GG2050-REPD-12496","properties":{"capacity_mw":49.5,"gg_project_id":"GG2050-REPD-12496","name":"Blue Bell Lodge, Rye Common Lane - Battery Storage","operator":"Pulse Clean Energy","repd_ref":"12496","repd_technology":"Battery","status":"Awaiting Construction","technology":"bess"},"type":"Feature"},{"geometry":{"coordinates":[-3.0544829,53.0302549],"type":"Point"},"id":"GG2050-REPD-9052","properties":{"capacity_mw":49.5,"gg_project_id":"GG2050-REPD-9052","name":"Bronwylfa Road, Talwrn - Battery Storage Facility","operator":"Pelagic Energy","repd_ref":"9052","repd_technology":"Battery","status":"Revised","technology":"bess"},"type":"Feature"},{"geometry":{"coordinates":[-0.499999,51.9258346],"type":"Point"},"id":"GG2050-REPD-7058","properties":{"capacity_mw":49.5,"gg_project_id":"GG2050-REPD-7058","name":"Chapel Farm","operator":"Harmony Energy","repd_ref":"7058","repd_technology":"Battery","status":"Operational","technology":"bess"},"type":"Feature"},{"geometry":{"coordinates":[0.2943451,51.5517715],"type":"Point"},"id":"GG2050-REPD-11720","properties":{"capacity_mw":49.5,"gg_project_id":"GG2050-REPD-11720","name":"Clay Tye Farm Phase 1 - Storage Facility","operator":"Harmony Energy Storage","repd_ref":"11720","repd_technology":"Battery","status":"Operational","technology":"bess"},"type":"Feature"},{"geometry":{"coordinates":[0.2943451,51.5517715],"type":"Point"},"id":"GG2050-REPD-11721","properties":{"capacity_mw":49.5,"gg_project_id":"GG2050-REPD-11721","name":"Clay Tye Farm Phase 2 - Storage Facility","operator":"Harmony Energy Storage","repd_ref":"11721","repd_technology":"Battery","status":"Operational","technology":"bess"},"type":"Feature"},{"geometry":{"coordinates":[-2.8503942,53.4679132],"type":"Point"},"id":"GG2050-REPD-14670","properties":{"capacity_mw":49.5,"gg_project_id":"GG2050-REPD-14670","name":"Coopers Lane, Kirkby - Battery Storage Facility","operator":"Pelagic Energy","repd_ref":"14670","repd_technology":"Battery","status":"Awaiting Construction","technology":"bess"},"type":"Feature"},{"geometry":{"coordinates":[1.2834595,51.2228231],"type":"Point"},"id":"GG2050-REPD-17463","properties":{"capacity_mw":49.5,"gg_project_id":"GG2050-REPD-17463","name":"Elvington Battery Energy Storage","operator":"Pathfinder Clean Energy UK Limited","repd_ref":"17463","repd_technology":"Battery","status":"Application Submitted","technology":"bess"},"type":"Feature"},{"geometry":{"coordinates":[-3.2707832,56.1105299],"type":"Point"},"id":"GG2050-REPD-11808","properties":{"capacity_mw":49.5,"gg_project_id":"GG2050-REPD-11808","name":"Gleniston, Auchtertool - Battery Storage Facility","operator":"Harmony Energy Limited","repd_ref":"11808","repd_technology":"Battery","status":"Awaiting Construction","technology":"bess"},"type":"Feature"},{"geometry":{"coordinates":[-2.6647637,55.8235919],"type":"Point"},"id":"GG2050-REPD-16783","properties":{"capacity_mw":49.5,"gg_project_id":"GG2050-REPD-16783","name":"Keepers House, Byrecleugh - Battery Energy Storage","operator":"Sunlaws Development Company Limited","repd_ref":"16783","repd_technology":"Battery","status":"Awaiting Construction","technology":"bess"},"type":"Feature"},{"geometry":{"coordinates":[-4.4211488,55.85758],"type":"Point"},"id":"GG2050-REPD-12030","properties":{"capacity_mw":49.5,"gg_project_id":"GG2050-REPD-12030","name":"Laigh Park Water Treatment Works - Battery Energy Storage System","operator":"Bluestone Energy","repd_ref":"12030","repd_technology":"Battery","status":"Application Submitted","technology":"bess"},"type":"Feature"},{"geometry":{"coordinates":[-2.4774099,51.5779384],"type":"Point"},"id":"GG2050-REPD-8052","properties":{"capacity_mw":49.5,"gg_project_id":"GG2050-REPD-8052","name":"Larks Green Solar Farm","operator":"Enso Energy / Iron Acton Green","repd_ref":"8052","repd_technology":"Battery","status":"Operational","technology":"bess"},"type":"Feature"},{"geometry":{"coordinates":[-4.1134988,55.792845],"type":"Point"},"id":"GG2050-REPD-18736","properties":{"capacity_mw":49.5,"gg_project_id":"GG2050-REPD-18736","name":"Malcolmwood Farm, Loanend Road - Battery Energy Storage System","operator":"Bluestone Energy","repd_ref":"18736","repd_technology":"Battery","status":"Application Submitted","technology":"bess"},"type":"Feature"},{"geometry":{"coordinates":[-0.4151326,53.8013317],"type":"Point"},"id":"GG2050-REPD-7005","properties":{"capacity_mw":49.5,"gg_project_id":"GG2050-REPD-7005","name":"Pillswood Phase 1","operator":"Harmony Energy Storage","repd_ref":"7005","repd_technology":"Battery","status":"Operational","technology":"bess"},"type":"Feature"},{"geometry":{"coordinates":[-0.4169493,53.8022815],"type":"Point"},"id":"GG2050-REPD-7360","properties":{"capacity_mw":49.5,"gg_project_id":"GG2050-REPD-7360","name":"Pillswood Phase 2","operator":"Harmony Energy Storage","repd_ref":"7360","repd_technology":"Battery","status":"Operational","technology":"bess"},"type":"Feature"},{"geometry":{"coordinates":[-0.8768897,51.2480475],"type":"Point"},"id":"GG2050-REPD-7737","properties":{"capacity_mw":49.5,"gg_project_id":"GG2050-REPD-7737","name":"Rye Common","operator":"Pulse Clean Energy","repd_ref":"7737","repd_technology":"Battery","status":"Awaiting Construction","technology":"bess"},"type":"Feature"},{"geometry":{"coordinates":[-0.8755132,51.2498507],"type":"Point"},"id":"GG2050-REPD-7028","properties":{"capacity_mw":49.5,"gg_project_id":"GG2050-REPD-7028","name":"Rye Common Lane","operator":"Harmony Energy","repd_ref":"7028","repd_technology":"Battery","status":"Revised","technology":"bess"},"type":"Feature"},{"geometry":{"coordinates":[-1.8521647,51.0820334],"type":"Point"},"id":"GG2050-REPD-7510","properties":{"capacity_mw":49.5,"gg_project_id":"GG2050-REPD-7510","name":"Salisbury Substation","operator":"SSE Renewables","repd_ref":"7510","repd_technology":"Battery","status":"Operational","technology":"bess"},"type":"Feature"},{"geometry":{"coordinates":[-1.4855819,50.9379465],"type":"Point"},"id":"GG2050-REPD-6951","properties":{"capacity_mw":49.5,"gg_project_id":"GG2050-REPD-6951","name":"Station Road","operator":"Harmony Energy Storage","repd_ref":"6951","repd_technology":"Battery","status":"Application Withdrawn","technology":"bess"},"type":"Feature"},{"geometry":{"coordinates":[0.4649676,51.3765454],"type":"Point"},"id":"GG2050-REPD-7081","properties":{"capacity_mw":49.5,"gg_project_id":"GG2050-REPD-7081","name":"Sundridge Hill","operator":"RNA Energy","repd_ref":"7081","repd_technology":"Battery","status":"Under Construction","technology":"bess"},"type":"Feature"},{"geometry":{"coordinates":[-0.2371664,51.735231],"type":"Point"},"id":"GG2050-REPD-6949","properties":{"capacity_mw":49.5,"gg_project_id":"GG2050-REPD-6949","name":"Tollgate Battery Storage Facility","operator":"RNA Energy","repd_ref":"6949","repd_technology":"Battery","status":"Revised","technology":"bess"},"type":"Feature"},{"geometry":{"coordinates":[-0.2371664,51.735231],"type":"Point"},"id":"GG2050-REPD-7335","properties":{"capacity_mw":49.5,"gg_project_id":"GG2050-REPD-7335","name":"Tollgate Farm Battery Storage","operator":"RNA Energy / Harmony Energy Storage/ Tag Energy UK","repd_ref":"7335","repd_technology":"Battery","status":"Under Construction","technology":"bess"},"type":"Feature"},{"geometry":{"coordinates":[-4.4357606,55.8464431],"type":"Point"},"id":"GG2050-REPD-11473","properties":{"capacity_mw":49.5,"gg_project_id":"GG2050-REPD-11473","name":"Well Street - Battery Storage","operator":"Larkfleet Group","repd_ref":"11473","repd_technology":"Battery","status":"Awaiting Construction","technology":"bess"},"type":"Feature"},{"geometry":{"coordinates":[-2.1946988,52.5236455],"type":"Point"},"id":"GG2050-REPD-15934","properties":{"capacity_mw":49.5,"gg_project_id":"GG2050-REPD-15934","name":"Wombourne Road, Wombourne - Battery Energy Storage System","operator":"Pathfinder Clean Energy UK Dev Limited","repd_ref":"15934","repd_technology":"Battery","status":"Awaiting Construction","technology":"bess"},"type":"Feature"},{"geometry":{"coordinates":[-1.9250622,52.5625019],"type":"Point"},"id":"GG2050-REPD-15308","properties":{"capacity_mw":49.35,"gg_project_id":"GG2050-REPD-15308","name":"Chapel Lane - Battery Energy Storage System","operator":"Anesco Limited","repd_ref":"15308","repd_technology":"Battery","status":"Awaiting Construction","technology":"bess"},"type":"Feature"},{"geometry":{"coordinates":[-1.9250622,52.5625019],"type":"Point"},"id":"GG2050-REPD-9721","properties":{"capacity_mw":49.35,"gg_project_id":"GG2050-REPD-9721","name":"Chapel Lane - Battery Energy Storage System","operator":"Anesco Limited","repd_ref":"9721","repd_technology":"Battery","status":"Revised","technology":"bess"},"type":"Feature"},{"geometry":{"coordinates":[-2.3414361,57.2155907],"type":"Point"},"id":"GG2050-REPD-10701","properties":{"capacity_mw":49.0,"gg_project_id":"GG2050-REPD-10701","name":"Broomhill BESS - Battery Energy Storage","operator":"Gigabox Energy Storage Limited","repd_ref":"10701","repd_technology":"Battery","status":"Awaiting Construction","technology":"bess"},"type":"Feature"},{"geometry":{"coordinates":[-1.2474047,53.3721953],"type":"Point"},"id":"GG2050-REPD-9877","properties":{"capacity_mw":49.0,"gg_project_id":"GG2050-REPD-9877","name":"Common Farm - Solar Farm & Battery Storage","operator":"Banks Renewable","repd_ref":"9877","repd_technology":"Battery","status":"Awaiting Construction","technology":"bess"},"type":"Feature"},{"geometry":{"coordinates":[-0.779313,53.2999011],"type":"Point"},"id":"GG2050-REPD-7066","properties":{"capacity_mw":49.0,"gg_project_id":"GG2050-REPD-7066","name":"Cottam Power Station","operator":"EDF Energy","repd_ref":"7066","repd_technology":"Battery","status":"Awaiting Construction","technology":"bess"},"type":"Feature"},{"geometry":{"coordinates":[-4.7005986,55.9242627],"type":"Point"},"id":"GG2050-REPD-16240","properties":{"capacity_mw":49.0,"gg_project_id":"GG2050-REPD-16240","name":"Dougliehill Water Treatment Works, Dougliehill Road - Battery Storage","operator":"Bluestone Energy","repd_ref":"16240","repd_technology":"Battery","status":"Revised","technology":"bess"},"type":"Feature"},{"geometry":{"coordinates":[-4.7005986,55.9242627],"type":"Point"},"id":"GG2050-REPD-18293","properties":{"capacity_mw":49.0,"gg_project_id":"GG2050-REPD-18293","name":"Dougliehill Water Treatment Works, Dougliehill Road - Battery Storage","operator":"Bluestone Energy","repd_ref":"18293","repd_technology":"Battery","status":"Awaiting Construction","technology":"bess"},"type":"Feature"},{"geometry":{"coordinates":[-1.3941721,54.8013966],"type":"Point"},"id":"GG2050-REPD-10896","properties":{"capacity_mw":49.0,"gg_project_id":"GG2050-REPD-10896","name":"Hawthorn Grid Site - Battery Storage","operator":"Harmony Energy Limited","repd_ref":"10896","repd_technology":"Battery","status":"Operational","technology":"bess"},"type":"Feature"},{"geometry":{"coordinates":[-3.2983515,56.3476777],"type":"Point"},"id":"GG2050-REPD-10863","properties":{"capacity_mw":49.0,"gg_project_id":"GG2050-REPD-10863","name":"Jamesfield Organic Centre - Battery Storage","operator":"Harmony Energy Storage","repd_ref":"10863","repd_technology":"Battery","status":"Operational","technology":"bess"},"type":"Feature"},{"geometry":{"coordinates":[0.1191838,51.9374373],"type":"Point"},"id":"GG2050-REPD-6898","properties":{"capacity_mw":49.0,"gg_project_id":"GG2050-REPD-6898","name":"Pelham","operator":"Statera Energy/ InfraRed Capital","repd_ref":"6898","repd_technology":"Battery","status":"Operational","technology":"bess"},"type":"Feature"},{"geometry":{"coordinates":[-3.1900309,54.1052226],"type":"Point"},"id":"GG2050-REPD-6912","properties":{"capacity_mw":49.0,"gg_project_id":"GG2050-REPD-6912","name":"Roosecote","operator":"Centrica","repd_ref":"6912","repd_technology":"Battery","status":"Operational","technology":"bess"},"type":"Feature"},{"geometry":{"coordinates":[-0.2365102,53.7391132],"type":"Point"},"id":"GG2050-REPD-7039","properties":{"capacity_mw":49.0,"gg_project_id":"GG2050-REPD-7039","name":"Salt End Lane","operator":"AMPY Energy Services","repd_ref":"7039","repd_technology":"Battery","status":"Planning Permission Expired","technology":"bess"},"type":"Feature"},{"geometry":{"coordinates":[-1.2155241,50.8832813],"type":"Point"},"id":"GG2050-REPD-7828","properties":{"capacity_mw":49.0,"gg_project_id":"GG2050-REPD-7828","name":"Titchfield Lane","operator":"Balanced Grid Solutions","repd_ref":"7828","repd_technology":"Battery","status":"Under Construction","technology":"bess"},"type":"Feature"},{"geometry":{"coordinates":[-0.798356,53.3645292],"type":"Point"},"id":"GG2050-REPD-6920","properties":{"capacity_mw":49.0,"gg_project_id":"GG2050-REPD-6920","name":"West Burton","operator":"EDF Energy Renewables","repd_ref":"6920","repd_technology":"Battery","status":"Operational","technology":"bess"},"type":"Feature"},{"geometry":{"coordinates":[-3.1583969,56.1517901],"type":"Point"},"id":"GG2050-REPD-12350","properties":{"capacity_mw":49.0,"gg_project_id":"GG2050-REPD-12350","name":"Wester Balbeggie Farm, Balbeggie Avenue - Battery Storage","operator":"Relay Balbeggie Limited","repd_ref":"12350","repd_technology":"Battery","status":"Awaiting Construction","technology":"bess"},"type":"Feature"},{"geometry":{"coordinates":[-6.9690046,54.6039816],"type":"Point"},"id":"GG2050-REPD-18550","properties":{"capacity_mw":48.0,"gg_project_id":"GG2050-REPD-18550","name":"Battery Energy Storage System Facility Development in Pomeroy","operator":"Green Frog Power (Tremoge) Limited","repd_ref":"18550","repd_technology":"Battery","status":"Awaiting Construction","technology":"bess"},"type":"Feature"},{"geometry":{"coordinates":[-7.1141666,54.4856541],"type":"Point"},"id":"GG2050-REPD-7208","properties":{"capacity_mw":48.0,"gg_project_id":"GG2050-REPD-7208","name":"Classic Marble Showers Site","operator":"Engie Developments Ireland","repd_ref":"7208","repd_technology":"Battery","status":"Revised","technology":"bess"},"type":"Feature"},{"geometry":{"coordinates":[-1.0164667,53.9564531],"type":"Point"},"id":"GG2050-REPD-18831","properties":{"capacity_mw":48.0,"gg_project_id":"GG2050-REPD-18831","name":"Meadowville, Hull Road - Battery Energy Storage System","operator":"UK Battery Storage Limited","repd_ref":"18831","repd_technology":"Battery","status":"Revised","technology":"bess"},"type":"Feature"},{"geometry":{"coordinates":[-1.0164667,53.9564531],"type":"Point"},"id":"GG2050-REPD-19424","properties":{"capacity_mw":48.0,"gg_project_id":"GG2050-REPD-19424","name":"Meadowville, Hull Road - Battery Energy Storage System","operator":"UK Battery Storage Limited","repd_ref":"19424","repd_technology":"Battery","status":"Awaiting Construction","technology":"bess"},"type":"Feature"},{"geometry":{"coordinates":[-1.9782904,51.6103871],"type":"Point"},"id":"GG2050-REPD-10488","properties":{"capacity_mw":47.5,"gg_project_id":"GG2050-REPD-10488","name":"Dog Trap Lane, Minety - Battery Energy Storage Systems","operator":"Pelagic Energy","repd_ref":"10488","repd_technology":"Battery","status":"Revised","technology":"bess"},"type":"Feature"},{"geometry":{"coordinates":[-1.8901558,50.8508744],"type":"Point"},"id":"GG2050-REPD-15470","properties":{"capacity_mw":47.5,"gg_project_id":"GG2050-REPD-15470","name":"Holt Road - Battery Energy Storage","operator":"EDF Energy Renewables","repd_ref":"15470","repd_technology":"Battery","status":"Awaiting Construction","technology":"bess"},"type":"Feature"},{"geometry":{"coordinates":[-4.8949917,50.3908944],"type":"Point"},"id":"GG2050-REPD-11725","properties":{"capacity_mw":47.5,"gg_project_id":"GG2050-REPD-11725","name":"Indian Queens Sub-Station - Battery Storage","operator":"Prime Energy Development Limited / Valero Energy / Sambar Power","repd_ref":"11725","repd_technology":"Battery","status":"Awaiting Construction","technology":"bess"},"type":"Feature"},{"geometry":{"coordinates":[-5.0043403,50.3887308],"type":"Point"},"id":"GG2050-REPD-10801","properties":{"capacity_mw":47.5,"gg_project_id":"GG2050-REPD-10801","name":"Tregonning Farm - Solar Farm & Battery Storage","operator":"European Energy","repd_ref":"10801","repd_technology":"Battery","status":"Under Construction","technology":"bess"},"type":"Feature"},{"geometry":{"coordinates":[-4.0117937,51.6545895],"type":"Point"},"id":"GG2050-REPD-11303","properties":{"capacity_mw":46.0,"gg_project_id":"GG2050-REPD-11303","name":"Parc Solar Caenewydd","operator":"Infinis Solar Developments","repd_ref":"11303","repd_technology":"Battery","status":"Under Construction","technology":"bess"},"type":"Feature"},{"geometry":{"coordinates":[-2.1099149,57.6072369],"type":"Point"},"id":"GG2050-REPD-12711","properties":{"capacity_mw":45.0,"gg_project_id":"GG2050-REPD-12711","name":"A981 Fraserburgh - Battery Energy Storage","operator":"Fraserburgh Energy Limited","repd_ref":"12711","repd_technology":"Battery","status":"Awaiting Construction","technology":"bess"},"type":"Feature"},{"geometry":{"coordinates":[-3.0683687,55.1173042],"type":"Point"},"id":"GG2050-REPD-12760","properties":{"capacity_mw":45.0,"gg_project_id":"GG2050-REPD-12760","name":"Bloch Wind Farm & Battery Storage (Solway Bank Extension)","operator":"Renewable Energy Systems (RES)","repd_ref":"12760","repd_technology":"Battery","status":"Application Submitted","technology":"bess"},"type":"Feature"},{"geometry":{"coordinates":[-2.9116741,53.2975798],"type":"Point"},"id":"GG2050-REPD-10295","properties":{"capacity_mw":45.0,"gg_project_id":"GG2050-REPD-10295","name":"Cheshire Power Station - Battery Storage Facility","operator":"RWE Generation UK Plc","repd_ref":"10295","repd_technology":"Battery","status":"Awaiting Construction","technology":"bess"},"type":"Feature"},{"geometry":{"coordinates":[-1.7242209,54.8349998],"type":"Point"},"id":"GG2050-REPD-11619","properties":{"capacity_mw":45.0,"gg_project_id":"GG2050-REPD-11619","name":"Edge Lane, Maiden Law - Solar Farm & Battery Storage","operator":"Lightsource BP","repd_ref":"11619","repd_technology":"Battery","status":"Awaiting Construction","technology":"bess"},"type":"Feature"},{"geometry":{"coordinates":[-6.4729015,54.7580439],"type":"Point"},"id":"GG2050-REPD-17038","properties":{"capacity_mw":45.0,"gg_project_id":"GG2050-REPD-17038","name":"EV Charging Station Development in Toomebridge","operator":"Heron Storage Limited","repd_ref":"17038","repd_technology":"Battery","status":"Awaiting Construction","technology":"bess"},"type":"Feature"},{"geometry":{"coordinates":[-2.3304594,53.7772257],"type":"Point"},"id":"GG2050-REPD-13080","properties":{"capacity_mw":45.0,"gg_project_id":"GG2050-REPD-13080","name":"Huncoat Power Station - Battery Storage Facility","operator":"24 Power Limited","repd_ref":"13080","repd_technology":"Battery","status":"Revised","technology":"bess"},"type":"Feature"},{"geometry":{"coordinates":[-2.3304594,53.7772257],"type":"Point"},"id":"GG2050-REPD-15712","properties":{"capacity_mw":45.0,"gg_project_id":"GG2050-REPD-15712","name":"Huncoat Power Station - Battery Storage Facility","operator":"Newgen Limited","repd_ref":"15712","repd_technology":"Battery","status":"Application Refused","technology":"bess"},"type":"Feature"},{"geometry":{"coordinates":[-4.5444464,55.4331745],"type":"Point"},"id":"GG2050-REPD-12274","properties":{"capacity_mw":45.0,"gg_project_id":"GG2050-REPD-12274","name":"Loch Fergus Farm - Energy Storage System","operator":"Locogen","repd_ref":"12274","repd_technology":"Battery","status":"Under Construction","technology":"bess"},"type":"Feature"},{"geometry":{"coordinates":[-4.0041614,55.8592209],"type":"Point"},"id":"GG2050-REPD-18919","properties":{"capacity_mw":45.0,"gg_project_id":"GG2050-REPD-18919","name":"Locks Street, Coatdyke - Battery Energy Storage Systems","operator":"Bluestone Energy","repd_ref":"18919","repd_technology":"Battery","status":"Application Submitted","technology":"bess"},"type":"Feature"},{"geometry":{"coordinates":[-2.1309312,57.2108307],"type":"Point"},"id":"GG2050-REPD-14302","properties":{"capacity_mw":45.0,"gg_project_id":"GG2050-REPD-14302","name":"Lower Bodachra - Energy Storage System","operator":"Novus Renewables Services Limited","repd_ref":"14302","repd_technology":"Battery","status":"Awaiting Construction","technology":"bess"},"type":"Feature"},{"geometry":{"coordinates":[-2.7242187,53.8527642],"type":"Point"},"id":"GG2050-REPD-13011","properties":{"capacity_mw":45.0,"gg_project_id":"GG2050-REPD-13011","name":"Mount Pleasant Farm, Green Lane - Battery Storage","operator":"Barton Battery Storage","repd_ref":"13011","repd_technology":"Battery","status":"Under Construction","technology":"bess"},"type":"Feature"},{"geometry":{"coordinates":[-3.2728343,56.5378471],"type":"Point"},"id":"GG2050-REPD-7217","properties":{"capacity_mw":45.0,"gg_project_id":"GG2050-REPD-7217","name":"Pleasance Road","operator":"Coronation Power","repd_ref":"7217","repd_technology":"Battery","status":"Revised","technology":"bess"},"type":"Feature"},{"geometry":{"coordinates":[-4.5130525,55.3356587],"type":"Point"},"id":"GG2050-REPD-11987","properties":{"capacity_mw":45.0,"gg_project_id":"GG2050-REPD-11987","name":"Sclenteuch Wind Farm","operator":"RES Limited","repd_ref":"11987","repd_technology":"Battery","status":"Awaiting Construction","technology":"bess"},"type":"Feature"},{"geometry":{"coordinates":[-2.5192443,53.5582045],"type":"Point"},"id":"GG2050-REPD-17105","properties":{"capacity_mw":45.0,"gg_project_id":"GG2050-REPD-17105","name":"Slack Lane, Westhoughton - Battery Energy Storage System","operator":"Foundation Property & Capital Group","repd_ref":"17105","repd_technology":"Battery","status":"Awaiting Construction","technology":"bess"},"type":"Feature"},{"geometry":{"coordinates":[-4.2797851,57.7077198],"type":"Point"},"id":"GG2050-REPD-14676","properties":{"capacity_mw":45.0,"gg_project_id":"GG2050-REPD-14676","name":"The Smithy - Battery Storage","operator":"Renewable Energy Systems","repd_ref":"14676","repd_technology":"Battery","status":"Awaiting Construction","technology":"bess"},"type":"Feature"},{"geometry":{"coordinates":[-3.2114727,56.21318],"type":"Point"},"id":"GG2050-REPD-10825","properties":{"capacity_mw":43.0,"gg_project_id":"GG2050-REPD-10825","name":"Ballingall Farm, Leslie - Battery Energy Storage System","operator":"EcoDev Group Limited","repd_ref":"10825","repd_technology":"Battery","status":"Awaiting Construction","technology":"bess"},"type":"Feature"},{"geometry":{"coordinates":[-4.3313901,56.4772332],"type":"Point"},"id":"GG2050-REPD-12598","properties":{"capacity_mw":43.0,"gg_project_id":"GG2050-REPD-12598","name":"Killin Switching Station, Boreland - Boreland Energy Storage Park","operator":"Boreland Energy Limited","repd_ref":"12598","repd_technology":"Battery","status":"Awaiting Construction","technology":"bess"},"type":"Feature"},{"geometry":{"coordinates":[-3.782254,56.0137239],"type":"Point"},"id":"GG2050-REPD-13225","properties":{"capacity_mw":43.0,"gg_project_id":"GG2050-REPD-13225","name":"Merchiston Industrial Estate, Smith Street - Battery Storage","operator":"Falkirk Power Limited","repd_ref":"13225","repd_technology":"Battery","status":"Under Construction","technology":"bess"},"type":"Feature"},{"geometry":{"coordinates":[-4.0769455,58.5347501],"type":"Point"},"id":"GG2050-REPD-11219","properties":{"capacity_mw":42.0,"gg_project_id":"GG2050-REPD-11219","name":"Armadale Wind Farm","operator":"Brookfield Renewable UK","repd_ref":"11219","repd_technology":"Battery","status":"Application Withdrawn","technology":"bess"},"type":"Feature"},{"geometry":{"coordinates":[-3.773645,55.5055922],"type":"Point"},"id":"GG2050-REPD-18360","properties":{"capacity_mw":42.0,"gg_project_id":"GG2050-REPD-18360","name":"Glentaggart - Battery Energy Storage","operator":"South Lanarkshire Council / Brockwell Energy Limited","repd_ref":"18360","repd_technology":"Battery","status":"Awaiting Construction","technology":"bess"},"type":"Feature"},{"geometry":{"coordinates":[-3.919253,58.5540929],"type":"Point"},"id":"GG2050-REPD-13826","properties":{"capacity_mw":42.0,"gg_project_id":"GG2050-REPD-13826","name":"Melvich Bay - Melvich Wind Energy Hub","operator":"Belltown Power Limited","repd_ref":"13826","repd_technology":"Battery","status":"Application Submitted","technology":"bess"},"type":"Feature"},{"geometry":{"coordinates":[-3.3815018,56.049506],"type":"Point"},"id":"GG2050-REPD-9564","properties":{"capacity_mw":42.0,"gg_project_id":"GG2050-REPD-9564","name":"South Pargillis - Battery Storage","operator":"Infinis Energy Services Limited","repd_ref":"9564","repd_technology":"Battery","status":"Awaiting Construction","technology":"bess"},"type":"Feature"},{"geometry":{"coordinates":[-5.0807671,56.2816176],"type":"Point"},"id":"GG2050-REPD-15785","properties":{"capacity_mw":41.4,"gg_project_id":"GG2050-REPD-15785","name":"Ladyfield Renewable Energy Park","operator":"Ridge Clean Energy Limited","repd_ref":"15785","repd_technology":"Battery","status":"Awaiting Construction","technology":"bess"},"type":"Feature"},{"geometry":{"coordinates":[-2.0100237,52.5900877],"type":"Point"},"id":"GG2050-REPD-8160","properties":{"capacity_mw":41.0,"gg_project_id":"GG2050-REPD-8160","name":"Bloxwich Battery","operator":"Gresham House Energy Storage","repd_ref":"8160","repd_technology":"Battery","status":"Operational","technology":"bess"},"type":"Feature"},{"geometry":{"coordinates":[-1.5099204,51.7378885],"type":"Point"},"id":"GG2050-REPD-18921","properties":{"capacity_mw":40.0,"gg_project_id":"GG2050-REPD-18921","name":"Aston Road, Aston - Solar Panels & Battery Energy Storage System","operator":"Ampyr Solar Europe","repd_ref":"18921","repd_technology":"Battery","status":"Application Submitted","technology":"bess"},"type":"Feature"},{"geometry":{"coordinates":[-2.1789491,53.5966167],"type":"Point"},"id":"GG2050-REPD-9584","properties":{"capacity_mw":40.0,"gg_project_id":"GG2050-REPD-9584","name":"Astra Centre, Royal Barn Road - Energy Storage","operator":"Arlington Energy Limited","repd_ref":"9584","repd_technology":"Battery","status":"Under Construction","technology":"bess"},"type":"Feature"},{"geometry":{"coordinates":[-1.3604942,53.7506042],"type":"Point"},"id":"GG2050-REPD-14095","properties":{"capacity_mw":40.0,"gg_project_id":"GG2050-REPD-14095","name":"Barnsdale Road Solar Park - Battery Energy Storage","operator":"OnPath Energy","repd_ref":"14095","repd_technology":"Battery","status":"Application Withdrawn","technology":"bess"},"type":"Feature"},{"geometry":{"coordinates":[-1.4485883,53.54867],"type":"Point"},"id":"GG2050-REPD-20397","properties":{"capacity_mw":40.0,"gg_project_id":"GG2050-REPD-20397","name":"Barnsley Battery Energy Storage","operator":"G2 Energy / SMS Energy Services Ltd","repd_ref":"20397","repd_technology":"Battery","status":"Operational","technology":"bess"},"type":"Feature"},{"geometry":{"coordinates":[-1.0921969,51.9107881],"type":"Point"},"id":"GG2050-REPD-16281","properties":{"capacity_mw":40.0,"gg_project_id":"GG2050-REPD-16281","name":"Bicester Road, Launton - Battery Energy Storage","operator":"Powersun Limited","repd_ref":"16281","repd_technology":"Battery","status":"Awaiting Construction","technology":"bess"},"type":"Feature"},{"geometry":{"coordinates":[-1.9045067,57.59144],"type":"Point"},"id":"GG2050-REPD-7020","properties":{"capacity_mw":40.0,"gg_project_id":"GG2050-REPD-7020","name":"Bilbo Solar Farm Energy Storage","operator":"Green Energy International","repd_ref":"7020","repd_technology":"Battery","status":"Under Construction","technology":"bess"},"type":"Feature"},{"geometry":{"coordinates":[-1.6097154,52.7666602],"type":"Point"},"id":"GG2050-REPD-6962","properties":{"capacity_mw":40.0,"gg_project_id":"GG2050-REPD-6962","name":"Breach Farm","operator":"Green Hedge Energy Barn","repd_ref":"6962","repd_technology":"Battery","status":"Revised","technology":"bess"},"type":"Feature"},{"geometry":{"coordinates":[-1.6097748,52.7666514],"type":"Point"},"id":"GG2050-REPD-6914","properties":{"capacity_mw":40.0,"gg_project_id":"GG2050-REPD-6914","name":"Breach Farm - Energy Barn","operator":"Bluefield Solar Income Fund","repd_ref":"6914","repd_technology":"Battery","status":"Awaiting Construction","technology":"bess"},"type":"Feature"},{"geometry":{"coordinates":[-4.4061413,55.3237629],"type":"Point"},"id":"GG2050-REPD-16796","properties":{"capacity_mw":40.0,"gg_project_id":"GG2050-REPD-16796","name":"Breezy Hill, North Kyle Forest Estate - BESS","operator":"Brockwell Energy Limited","repd_ref":"16796","repd_technology":"Battery","status":"Application Submitted","technology":"bess"},"type":"Feature"},{"geometry":{"coordinates":[-1.3757194,53.3998653],"type":"Point"},"id":"GG2050-REPD-17119","properties":{"capacity_mw":40.0,"gg_project_id":"GG2050-REPD-17119","name":"Brinsworth Road, Brinsworth - Battery Energy storage","operator":"Root Power South Limited","repd_ref":"17119","repd_technology":"Battery","status":"Application Submitted","technology":"bess"},"type":"Feature"},{"geometry":{"coordinates":[-2.9275915,53.4199136],"type":"Point"},"id":"GG2050-REPD-7403","properties":{"capacity_mw":40.0,"gg_project_id":"GG2050-REPD-7403","name":"Carnegie Road (Phase 2)","operator":"Shawton Engineering","repd_ref":"7403","repd_technology":"Battery","status":"Planning Permission Expired","technology":"bess"},"type":"Feature"},{"geometry":{"coordinates":[-2.2034154,52.6586577],"type":"Point"},"id":"GG2050-REPD-14088","properties":{"capacity_mw":40.0,"gg_project_id":"GG2050-REPD-14088","name":"Chillington Estate, Chillington Park - Battery Storage","operator":"Elgin Energy Esco Limited","repd_ref":"14088","repd_technology":"Battery","status":"Awaiting Construction","technology":"bess"},"type":"Feature"},{"geometry":{"coordinates":[-1.3566317,53.4358985],"type":"Point"},"id":"GG2050-REPD-13774","properties":{"capacity_mw":40.0,"gg_project_id":"GG2050-REPD-13774","name":"Claire Court, Rawmarsh Road - Battery Energy Storage Facility","operator":"Conrad Energy (Developments) Ii Limited","repd_ref":"13774","repd_technology":"Battery","status":"Awaiting Construction","technology":"bess"},"type":"Feature"},{"geometry":{"coordinates":[-3.8874743,55.5990186],"type":"Point"},"id":"GG2050-REPD-15343","properties":{"capacity_mw":40.0,"gg_project_id":"GG2050-REPD-15343","name":"Cumberhead West Wind Farm","operator":"3R Energy Solutions Limited","repd_ref":"15343","repd_technology":"Battery","status":"Under Construction","technology":"bess"},"type":"Feature"},{"geometry":{"coordinates":[-4.2071131,55.8363522],"type":"Point"},"id":"GG2050-REPD-8507","properties":{"capacity_mw":40.0,"gg_project_id":"GG2050-REPD-8507","name":"Dalmarnock Road - Battery Storage","operator":"EcoDev Group Limited","repd_ref":"8507","repd_technology":"Battery","status":"Awaiting Construction","technology":"bess"},"type":"Feature"},{"geometry":{"coordinates":[-1.4083915,53.05046],"type":"Point"},"id":"GG2050-REPD-15274","properties":{"capacity_mw":40.0,"gg_project_id":"GG2050-REPD-15274","name":"Derby Road - Battery Energy Storage System","operator":"Starlight Energy","repd_ref":"15274","repd_technology":"Battery","status":"Application Submitted","technology":"bess"},"type":"Feature"},{"geometry":{"coordinates":[-0.693977,51.6113996],"type":"Point"},"id":"GG2050-REPD-12803","properties":{"capacity_mw":40.0,"gg_project_id":"GG2050-REPD-12803","name":"Derehams Farm, Derehams Lane - Battery Storage","operator":"Eku Energy / Statkraft","repd_ref":"12803","repd_technology":"Battery","status":"Operational","technology":"bess"},"type":"Feature"},{"geometry":{"coordinates":[-7.2790077,54.5724841],"type":"Point"},"id":"GG2050-REPD-14125","properties":{"capacity_mw":40.0,"gg_project_id":"GG2050-REPD-14125","name":"Doogary Road, Omagh - Battery Storage","operator":"Omagh BES Limited","repd_ref":"14125","repd_technology":"Battery","status":"Awaiting Construction","technology":"bess"},"type":"Feature"},{"geometry":{"coordinates":[-2.0109646,52.9784607],"type":"Point"},"id":"GG2050-REPD-14284","properties":{"capacity_mw":40.0,"gg_project_id":"GG2050-REPD-14284","name":"Draycott Cross Road - Battery Storage System","operator":"Balance Power Projects Limited","repd_ref":"14284","repd_technology":"Battery","status":"Awaiting Construction","technology":"bess"},"type":"Feature"},{"geometry":{"coordinates":[-2.8446332,53.2039131],"type":"Point"},"id":"GG2050-REPD-16357","properties":{"capacity_mw":40.0,"gg_project_id":"GG2050-REPD-16357","name":"Electricity Substation, Bellevue Lane - Battery Storage","operator":"Coriolis Energy","repd_ref":"16357","repd_technology":"Battery","status":"Awaiting Construction","technology":"bess"},"type":"Feature"},{"geometry":{"coordinates":[-0.3465854,53.8685341],"type":"Point"},"id":"GG2050-REPD-10970","properties":{"capacity_mw":40.0,"gg_project_id":"GG2050-REPD-10970","name":"Field House Solar Farm","operator":"Albanwise Synergy Limited","repd_ref":"10970","repd_technology":"Battery","status":"Awaiting Construction","technology":"bess"},"type":"Feature"},{"geometry":{"coordinates":[-2.0767841,51.4429074],"type":"Point"},"id":"GG2050-REPD-9230","properties":{"capacity_mw":40.0,"gg_project_id":"GG2050-REPD-9230","name":"Forest Gate - Solar Farm & Battery Storage","operator":"Eden Renewables","repd_ref":"9230","repd_technology":"Battery","status":"Awaiting Construction","technology":"bess"},"type":"Feature"},{"geometry":{"coordinates":[-4.1550695,55.8032224],"type":"Point"},"id":"GG2050-REPD-14506","properties":{"capacity_mw":40.0,"gg_project_id":"GG2050-REPD-14506","name":"Gilbertfield Farm, Gilbertfield Road - Battery Storage Facility","operator":"Bluefield Renewable Developments Limited","repd_ref":"14506","repd_technology":"Battery","status":"Application Refused","technology":"bess"},"type":"Feature"},{"geometry":{"coordinates":[-4.2791813,55.7507788],"type":"Point"},"id":"GG2050-REPD-15278","properties":{"capacity_mw":40.0,"gg_project_id":"GG2050-REPD-15278","name":"Glasgow Road, Eaglesham - Battery Storage Facility","operator":"GPC 1137 Limited","repd_ref":"15278","repd_technology":"Battery","status":"Revised","technology":"bess"},"type":"Feature"},{"geometry":{"coordinates":[-4.2791813,55.7507788],"type":"Point"},"id":"GG2050-REPD-18055","properties":{"capacity_mw":40.0,"gg_project_id":"GG2050-REPD-18055","name":"Glasgow Road, Eaglesham - Battery Storage Facility","operator":"GPC 1137 Limited (Apatura)","repd_ref":"18055","repd_technology":"Battery","status":"Awaiting Construction","technology":"bess"},"type":"Feature"},{"geometry":{"coordinates":[-2.117233,53.4080535],"type":"Point"},"id":"GG2050-REPD-13985","properties":{"capacity_mw":40.0,"gg_project_id":"GG2050-REPD-13985","name":"Goyt Hall Farm, Goyt Valley Footpath - Battery Energy Storage","operator":"Queequeg Renewables Limited","repd_ref":"13985","repd_technology":"Battery","status":"Awaiting Construction","technology":"bess"},"type":"Feature"},{"geometry":{"coordinates":[-1.8676702,53.2739456],"type":"Point"},"id":"GG2050-REPD-18393","properties":{"capacity_mw":40.0,"gg_project_id":"GG2050-REPD-18393","name":"Hardybarn Lane, Green Fairfield - Battery Energy Storage Facility","operator":"S & L Energy Limited","repd_ref":"18393","repd_technology":"Battery","status":"Revised","technology":"bess"},"type":"Feature"},{"geometry":{"coordinates":[-1.8726647,53.2735914],"type":"Point"},"id":"GG2050-REPD-21092","properties":{"capacity_mw":40.0,"gg_project_id":"GG2050-REPD-21092","name":"Hardybarn Lane, Green Fairfield - Battery Energy Storage Facility","operator":"S & L Energy Limited","repd_ref":"21092","repd_technology":"Battery","status":"Application Submitted","technology":"bess"},"type":"Feature"},{"geometry":{"coordinates":[-1.3530874,53.0137747],"type":"Point"},"id":"GG2050-REPD-13472","properties":{"capacity_mw":40.0,"gg_project_id":"GG2050-REPD-13472","name":"Heanor Road - Battery Energy Storage System","operator":"Downing Energy Development Company Limited","repd_ref":"13472","repd_technology":"Battery","status":"Awaiting Construction","technology":"bess"},"type":"Feature"},{"geometry":{"coordinates":[-2.5190332,52.6379534],"type":"Point"},"id":"GG2050-REPD-13410","properties":{"capacity_mw":40.0,"gg_project_id":"GG2050-REPD-13410","name":"Hollydale, Buildwas Road - Battery Storage","operator":"Telford Four Limited","repd_ref":"13410","repd_technology":"Battery","status":"Awaiting Construction","technology":"bess"},"type":"Feature"},{"geometry":{"coordinates":[0.5082578,51.093574],"type":"Point"},"id":"GG2050-REPD-7129","properties":{"capacity_mw":40.0,"gg_project_id":"GG2050-REPD-7129","name":"Huggin's Hall","operator":"Low Carbon","repd_ref":"7129","repd_technology":"Battery","status":"Operational","technology":"bess"},"type":"Feature"},{"geometry":{"coordinates":[-1.0020667,53.781279],"type":"Point"},"id":"GG2050-REPD-16921","properties":{"capacity_mw":40.0,"gg_project_id":"GG2050-REPD-16921","name":"Hull Road, Lund - Battery Energy Storage System","operator":"Ylem Energy Limited","repd_ref":"16921","repd_technology":"Battery","status":"Awaiting Construction","technology":"bess"},"type":"Feature"},{"geometry":{"coordinates":[-3.5929251,55.0684352],"type":"Point"},"id":"GG2050-REPD-16540","properties":{"capacity_mw":40.0,"gg_project_id":"GG2050-REPD-16540","name":"Kellwood Road - Battery Storage","operator":"Geocore Limited","repd_ref":"16540","repd_technology":"Battery","status":"Awaiting Construction","technology":"bess"},"type":"Feature"},{"geometry":{"coordinates":[-4.331111,55.812898],"type":"Point"},"id":"GG2050-REPD-19287","properties":{"capacity_mw":40.0,"gg_project_id":"GG2050-REPD-19287","name":"Kennishead Road - Battery Energy Storage","operator":"Starlight Energy","repd_ref":"19287","repd_technology":"Battery","status":"Application Withdrawn","technology":"bess"},"type":"Feature"},{"geometry":{"coordinates":[-2.3588136,57.2029031],"type":"Point"},"id":"GG2050-REPD-17471","properties":{"capacity_mw":40.0,"gg_project_id":"GG2050-REPD-17471","name":"Kintore - Battery Energy Storage","operator":"Mespil Solar Energy","repd_ref":"17471","repd_technology":"Battery","status":"Application Submitted","technology":"bess"},"type":"Feature"},{"geometry":{"coordinates":[0.7679476,51.408738],"type":"Point"},"id":"GG2050-REPD-7003","properties":{"capacity_mw":40.0,"gg_project_id":"GG2050-REPD-7003","name":"Land off Queenborough Road","operator":"UK Power Reserve","repd_ref":"7003","repd_technology":"Battery","status":"Under Construction","technology":"bess"},"type":"Feature"},{"geometry":{"coordinates":[-1.5383835,52.8773348],"type":"Point"},"id":"GG2050-REPD-16308","properties":{"capacity_mw":40.0,"gg_project_id":"GG2050-REPD-16308","name":"Landown Farm, Bakeacre Lane - Battery Energy Storage System","operator":"Integrum Renewable Energy Limited","repd_ref":"16308","repd_technology":"Battery","status":"Awaiting Construction","technology":"bess"},"type":"Feature"},{"geometry":{"coordinates":[-2.1715907,51.5087955],"type":"Point"},"id":"GG2050-REPD-9238","properties":{"capacity_mw":40.0,"gg_project_id":"GG2050-REPD-9238","name":"Leigh Delamere - Solar farm & Battery storage","operator":"Eden Renewables","repd_ref":"9238","repd_technology":"Battery","status":"Under Construction","technology":"bess"},"type":"Feature"},{"geometry":{"coordinates":[-1.4717811,54.5706199],"type":"Point"},"id":"GG2050-REPD-12952","properties":{"capacity_mw":40.0,"gg_project_id":"GG2050-REPD-12952","name":"Long Pasture Farm, Little Stainton - Solar Farm","operator":"Electric Works","repd_ref":"12952","repd_technology":"Battery","status":"Awaiting Construction","technology":"bess"},"type":"Feature"},{"geometry":{"coordinates":[-0.6907234,51.6115432],"type":"Point"},"id":"GG2050-REPD-8142","properties":{"capacity_mw":40.0,"gg_project_id":"GG2050-REPD-8142","name":"Loudwater Battery Storage Site","operator":"Capbal","repd_ref":"8142","repd_technology":"Battery","status":"Revised","technology":"bess"},"type":"Feature"},{"geometry":{"coordinates":[0.6711876,51.729339],"type":"Point"},"id":"GG2050-REPD-7095","properties":{"capacity_mw":40.0,"gg_project_id":"GG2050-REPD-7095","name":"Maldon Hall","operator":"Green Investment Group","repd_ref":"7095","repd_technology":"Battery","status":"Awaiting Construction","technology":"bess"},"type":"Feature"},{"geometry":{"coordinates":[-1.1914314,50.83301],"type":"Point"},"id":"GG2050-REPD-8264","properties":{"capacity_mw":40.0,"gg_project_id":"GG2050-REPD-8264","name":"Newlands Farm Battery Storage Facility Phase 2","operator":"British Solar Renewables","repd_ref":"8264","repd_technology":"Battery","status":"Operational","technology":"bess"},"type":"Feature"},{"geometry":{"coordinates":[-4.1192025,55.8203106],"type":"Point"},"id":"GG2050-REPD-13450","properties":{"capacity_mw":40.0,"gg_project_id":"GG2050-REPD-13450","name":"Newton Farm, Westburn Road - Battery Storage Facility","operator":"Apatura – GPC 676 Limited","repd_ref":"13450","repd_technology":"Battery","status":"Revised","technology":"bess"},"type":"Feature"},{"geometry":{"coordinates":[-4.1192025,55.8203106],"type":"Point"},"id":"GG2050-REPD-18476","properties":{"capacity_mw":40.0,"gg_project_id":"GG2050-REPD-18476","name":"Newton Farm, Westburn Road - Battery Storage Facility","operator":"Apatura – GPC 676 Limited","repd_ref":"18476","repd_technology":"Battery","status":"Application Refused","technology":"bess"},"type":"Feature"},{"geometry":{"coordinates":[-2.1731584,57.1287468],"type":"Point"},"id":"GG2050-REPD-13606","properties":{"capacity_mw":40.0,"gg_project_id":"GG2050-REPD-13606","name":"Newton Of Pitfodels - Battery Storage","operator":"Flexion Energy Uk Storage","repd_ref":"13606","repd_technology":"Battery","status":"Awaiting Construction","technology":"bess"},"type":"Feature"},{"geometry":{"coordinates":[1.5085605,52.3562629],"type":"Point"},"id":"GG2050-REPD-6958","properties":{"capacity_mw":40.0,"gg_project_id":"GG2050-REPD-6958","name":"Norwich Road Industrial Estate","operator":"RNA Energy","repd_ref":"6958","repd_technology":"Battery","status":"Revised","technology":"bess"},"type":"Feature"},{"geometry":{"coordinates":[-2.1260644,51.5005363],"type":"Point"},"id":"GG2050-REPD-15146","properties":{"capacity_mw":40.0,"gg_project_id":"GG2050-REPD-15146","name":"Red Barn - Solar Farm & Battery Storage","operator":"Eden Renewables","repd_ref":"15146","repd_technology":"Battery","status":"Awaiting Construction","technology":"bess"},"type":"Feature"},{"geometry":{"coordinates":[-2.2496902,53.0336438],"type":"Point"},"id":"GG2050-REPD-7096","properties":{"capacity_mw":40.0,"gg_project_id":"GG2050-REPD-7096","name":"Rubber and Allied Products","operator":"Volta Energy Storage","repd_ref":"7096","repd_technology":"Battery","status":"Awaiting Construction","technology":"bess"},"type":"Feature"},{"geometry":{"coordinates":[-0.9374356,53.7311703],"type":"Point"},"id":"GG2050-REPD-9121","properties":{"capacity_mw":40.0,"gg_project_id":"GG2050-REPD-9121","name":"Rusholme Grange","operator":"Harmony Energy Storage","repd_ref":"9121","repd_technology":"Battery","status":"Operational","technology":"bess"},"type":"Feature"},{"geometry":{"coordinates":[-2.9838697,53.8222609],"type":"Point"},"id":"GG2050-REPD-20962","properties":{"capacity_mw":40.0,"gg_project_id":"GG2050-REPD-20962","name":"Smithy Lane, Staining - Solar PV Panels & BESS","operator":"Boom Power Limited","repd_ref":"20962","repd_technology":"Battery","status":"Application Submitted","technology":"bess"},"type":"Feature"},{"geometry":{"coordinates":[-1.1896013,50.8320891],"type":"Point"},"id":"GG2050-REPD-9708","properties":{"capacity_mw":40.0,"gg_project_id":"GG2050-REPD-9708","name":"Tanners Lane - Battery Energy Storage Facility (Phase One)","operator":"British Solar Renewables","repd_ref":"9708","repd_technology":"Battery","status":"Awaiting Construction","technology":"bess"},"type":"Feature"},{"geometry":{"coordinates":[-1.4393793,51.7601412],"type":"Point"},"id":"GG2050-REPD-17629","properties":{"capacity_mw":40.0,"gg_project_id":"GG2050-REPD-17629","name":"Tar Solar Farm","operator":"Bluefield Renewable Developments Limited","repd_ref":"17629","repd_technology":"Battery","status":"Awaiting Construction","technology":"bess"},"type":"Feature"},{"geometry":{"coordinates":[-1.6124582,53.4996158],"type":"Point"},"id":"GG2050-REPD-6942","properties":{"capacity_mw":40.0,"gg_project_id":"GG2050-REPD-6942","name":"Tofts Lane","operator":"Enstor Power UK","repd_ref":"6942","repd_technology":"Battery","status":"Planning Permission Expired","technology":"bess"},"type":"Feature"},{"geometry":{"coordinates":[-1.6013855,53.5004244],"type":"Point"},"id":"GG2050-REPD-13733","properties":{"capacity_mw":40.0,"gg_project_id":"GG2050-REPD-13733","name":"Tofts Lane, Hunshelf - Battery Storage","operator":"Harmony HS (JV) Limited","repd_ref":"13733","repd_technology":"Battery","status":"Awaiting Construction","technology":"bess"},"type":"Feature"},{"geometry":{"coordinates":[-2.137191,51.9604103],"type":"Point"},"id":"GG2050-REPD-16562","properties":{"capacity_mw":40.0,"gg_project_id":"GG2050-REPD-16562","name":"Tredington House Farm, Tredington - Battery Energy Storage Facility","operator":"Greenfield Energy Developments Ltd","repd_ref":"16562","repd_technology":"Battery","status":"Awaiting Construction","technology":"bess"},"type":"Feature"},{"geometry":{"coordinates":[-2.2609573,52.1088883],"type":"Point"},"id":"GG2050-REPD-7987","properties":{"capacity_mw":40.0,"gg_project_id":"GG2050-REPD-7987","name":"Whitehouse Farm Energy Barn","operator":"Bluefield Solar Income Fund","repd_ref":"7987","repd_technology":"Battery","status":"Awaiting Construction","technology":"bess"},"type":"Feature"},{"geometry":{"coordinates":[-2.9790096,56.462174],"type":"Point"},"id":"GG2050-REPD-14232","properties":{"capacity_mw":39.9,"gg_project_id":"GG2050-REPD-14232","name":"Locarno Works, Brown Street - Battery Storage","operator":"Torridon Developments Limited","repd_ref":"14232","repd_technology":"Battery","status":"Awaiting Construction","technology":"bess"},"type":"Feature"},{"geometry":{"coordinates":[-1.448347,54.8840524],"type":"Point"},"id":"GG2050-REPD-17469","properties":{"capacity_mw":38.0,"gg_project_id":"GG2050-REPD-17469","name":"Hastings Hill Farm, Foxcover Road - Battery Energy Storage","operator":"Root Power (North) Limited","repd_ref":"17469","repd_technology":"Battery","status":"Awaiting Construction","technology":"bess"},"type":"Feature"},{"geometry":{"coordinates":[-1.7323186,54.8488121],"type":"Point"},"id":"GG2050-REPD-9036","properties":{"capacity_mw":38.0,"gg_project_id":"GG2050-REPD-9036","name":"Maiden, Annfield Plain - Energy Storage","operator":"Stephenson Mohl Development","repd_ref":"9036","repd_technology":"Battery","status":"Awaiting Construction","technology":"bess"},"type":"Feature"},{"geometry":{"coordinates":[-5.4852085,55.7633184],"type":"Point"},"id":"GG2050-REPD-7585","properties":{"capacity_mw":38.0,"gg_project_id":"GG2050-REPD-7585","name":"Sheirdrim Renewable Energy Development - Battery","operator":"ScottishPower Renewables","repd_ref":"7585","repd_technology":"Battery","status":"Appeal Refused","technology":"bess"},"type":"Feature"},{"geometry":{"coordinates":[-1.6608385,52.7505461],"type":"Point"},"id":"GG2050-REPD-9547","properties":{"capacity_mw":37.5,"gg_project_id":"GG2050-REPD-9547","name":"Oaklands Solar Farm Project - Solar Farm & Battery Storage","operator":"BayWa r.e. UK Limited","repd_ref":"9547","repd_technology":"Battery","status":"Awaiting Construction","technology":"bess"},"type":"Feature"},{"geometry":{"coordinates":[-4.4917508,58.2183891],"type":"Point"},"id":"GG2050-REPD-11377","properties":{"capacity_mw":37.3,"gg_project_id":"GG2050-REPD-11377","name":"Creag Riabhach Wind Farm Extension & Battery Storage","operator":"Creag Riabhach Wind Farm Limited","repd_ref":"11377","repd_technology":"Battery","status":"Awaiting Construction","technology":"bess"},"type":"Feature"},{"geometry":{"coordinates":[-3.394798,56.0388881],"type":"Point"},"id":"GG2050-REPD-7018","properties":{"capacity_mw":37.0,"gg_project_id":"GG2050-REPD-7018","name":"STOR Field 9","operator":"Capbal","repd_ref":"7018","repd_technology":"Battery","status":"Awaiting Construction","technology":"bess"},"type":"Feature"},{"geometry":{"coordinates":[-2.3839805,51.7364469],"type":"Point"},"id":"GG2050-REPD-11516","properties":{"capacity_mw":36.0,"gg_project_id":"GG2050-REPD-11516","name":"Kingston Road, Slimbridge - Battery Storage","operator":"Relay Slimbridge Limited","repd_ref":"11516","repd_technology":"Battery","status":"Revised","technology":"bess"},"type":"Feature"},{"geometry":{"coordinates":[-2.3847886,51.7361115],"type":"Point"},"id":"GG2050-REPD-14882","properties":{"capacity_mw":36.0,"gg_project_id":"GG2050-REPD-14882","name":"Kingston Road, Slimbridge - Battery Storage","operator":"Relay Slimbridge Limited","repd_ref":"14882","repd_technology":"Battery","status":"Awaiting Construction","technology":"bess"},"type":"Feature"},{"geometry":{"coordinates":[-5.8640885,54.555766],"type":"Point"},"id":"GG2050-REPD-7556","properties":{"capacity_mw":36.0,"gg_project_id":"GG2050-REPD-7556","name":"Lisnabreeny Road","operator":"Energia Group","repd_ref":"7556","repd_technology":"Battery","status":"Awaiting Construction","technology":"bess"},"type":"Feature"},{"geometry":{"coordinates":[-4.8003071,57.6261295],"type":"Point"},"id":"GG2050-REPD-18520","properties":{"capacity_mw":36.0,"gg_project_id":"GG2050-REPD-18520","name":"Lochluichart East, Ardachy - Battery Energy Storage Facility","operator":"Boralex","repd_ref":"18520","repd_technology":"Battery","status":"Application Submitted","technology":"bess"},"type":"Feature"},{"geometry":{"coordinates":[-2.6204714,56.5651155],"type":"Point"},"id":"GG2050-REPD-7163","properties":{"capacity_mw":35.0,"gg_project_id":"GG2050-REPD-7163","name":"Arbroath Battery Storage","operator":"Coronation Power / Persimmon Homes","repd_ref":"7163","repd_technology":"Battery","status":"Operational","technology":"bess"},"type":"Feature"},{"geometry":{"coordinates":[-2.9747664,56.633342],"type":"Point"},"id":"GG2050-REPD-18983","properties":{"capacity_mw":35.0,"gg_project_id":"GG2050-REPD-18983","name":"Cossans Solar Farm -ESS","operator":"BLC Energy","repd_ref":"18983","repd_technology":"Battery","status":"Application Submitted","technology":"bess"},"type":"Feature"},{"geometry":{"coordinates":[-1.7114656,54.4106786],"type":"Point"},"id":"GG2050-REPD-14205","properties":{"capacity_mw":35.0,"gg_project_id":"GG2050-REPD-14205","name":"Darlington Road, Skeeby - Battery Energy Storage","operator":"Atrato Onsite Energy / Harmony Energy","repd_ref":"14205","repd_technology":"Battery","status":"Under Construction","technology":"bess"},"type":"Feature"},{"geometry":{"coordinates":[-2.5276008,51.6638517],"type":"Point"},"id":"GG2050-REPD-8890","properties":{"capacity_mw":35.0,"gg_project_id":"GG2050-REPD-8890","name":"Hill Court Solar farm & Battery storage","operator":"Longlands Solar Farm Limited","repd_ref":"8890","repd_technology":"Battery","status":"Awaiting Construction","technology":"bess"},"type":"Feature"},{"geometry":{"coordinates":[-3.3722955,50.823456],"type":"Point"},"id":"GG2050-REPD-19164","properties":{"capacity_mw":35.0,"gg_project_id":"GG2050-REPD-19164","name":"Langford Solar Farm","operator":"JBM Solar Projects","repd_ref":"19164","repd_technology":"Battery","status":"Operational","technology":"bess"},"type":"Feature"},{"geometry":{"coordinates":[0.3114978,51.4208006],"type":"Point"},"id":"GG2050-REPD-14650","properties":{"capacity_mw":35.0,"gg_project_id":"GG2050-REPD-14650","name":"New Barn Road - Battery Energy Storage Facility","operator":"Aton Energy Development (Northfleet) Limited","repd_ref":"14650","repd_technology":"Battery","status":"Awaiting Construction","technology":"bess"},"type":"Feature"},{"geometry":{"coordinates":[-2.4348892,51.7763608],"type":"Point"},"id":"GG2050-REPD-9992","properties":{"capacity_mw":35.0,"gg_project_id":"GG2050-REPD-9992","name":"Northington Lane - Battery Storage Facility","operator":"Green Frog Ventures Limited","repd_ref":"9992","repd_technology":"Battery","status":"Awaiting Construction","technology":"bess"},"type":"Feature"},{"geometry":{"coordinates":[-2.4646668,51.5693938],"type":"Point"},"id":"GG2050-REPD-11415","properties":{"capacity_mw":35.0,"gg_project_id":"GG2050-REPD-11415","name":"Patch Elm Lane - Battery Storage","operator":"Green Frog Ventures Limited","repd_ref":"11415","repd_technology":"Battery","status":"Awaiting Construction","technology":"bess"},"type":"Feature"},{"geometry":{"coordinates":[-1.4559135,54.9772664],"type":"Point"},"id":"GG2050-REPD-6976","properties":{"capacity_mw":35.0,"gg_project_id":"GG2050-REPD-6976","name":"Port of Tyne","operator":"Foresight","repd_ref":"6976","repd_technology":"Battery","status":"Operational","technology":"bess"},"type":"Feature"},{"geometry":{"coordinates":[-1.4865842,51.8048717],"type":"Point"},"id":"GG2050-REPD-16659","properties":{"capacity_mw":35.0,"gg_project_id":"GG2050-REPD-16659","name":"Quarry Solar Farm & Battery Storage Facility","operator":"JBM Solar Projects 34 Limited","repd_ref":"16659","repd_technology":"Battery","status":"Awaiting Construction","technology":"bess"},"type":"Feature"},{"geometry":{"coordinates":[-0.9374356,53.7311703],"type":"Point"},"id":"GG2050-REPD-7093","properties":{"capacity_mw":35.0,"gg_project_id":"GG2050-REPD-7093","name":"Rusholme Grange","operator":"Green Hedge Energy","repd_ref":"7093","repd_technology":"Battery","status":"Revised","technology":"bess"},"type":"Feature"},{"geometry":{"coordinates":[-1.3228427,53.8738943],"type":"Point"},"id":"GG2050-REPD-14954","properties":{"capacity_mw":35.0,"gg_project_id":"GG2050-REPD-14954","name":"Warren Lane, Bramham - Battery Energy Storage","operator":"Harmony Energy Limited","repd_ref":"14954","repd_technology":"Battery","status":"Awaiting Construction","technology":"bess"},"type":"Feature"},{"geometry":{"coordinates":[-3.0865802,56.2957797],"type":"Point"},"id":"GG2050-REPD-18945","properties":{"capacity_mw":35.0,"gg_project_id":"GG2050-REPD-18945","name":"West Springfield Solar Farm - Solar Panels & BESS","operator":"BLC Energy","repd_ref":"18945","repd_technology":"Battery","status":"Application Submitted","technology":"bess"},"type":"Feature"},{"geometry":{"coordinates":[-2.36973,53.4330567],"type":"Point"},"id":"GG2050-REPD-16383","properties":{"capacity_mw":35.0,"gg_project_id":"GG2050-REPD-16383","name":"Wild Fowl Farm, Carrington Lane - Battery Storage Facility","operator":"O&G Solar (SPV 56) Ltd","repd_ref":"16383","repd_technology":"Battery","status":"Awaiting Construction","technology":"bess"},"type":"Feature"},{"geometry":{"coordinates":[-3.7868067,56.1504011],"type":"Point"},"id":"GG2050-REPD-13626","properties":{"capacity_mw":35.0,"gg_project_id":"GG2050-REPD-13626","name":"Windburn Wind Farm","operator":"Octopus Energy / Wind 2 Limited","repd_ref":"13626","repd_technology":"Battery","status":"Application Submitted","technology":"bess"},"type":"Feature"},{"geometry":{"coordinates":[-7.2082036,55.0344362],"type":"Point"},"id":"GG2050-REPD-15303","properties":{"capacity_mw":34.0,"gg_project_id":"GG2050-REPD-15303","name":"Battery Energy Storage Facility in Londonderry","operator":"Heron Storage Ltd","repd_ref":"15303","repd_technology":"Battery","status":"Awaiting Construction","technology":"bess"},"type":"Feature"},{"geometry":{"coordinates":[-3.9863253,55.3255878],"type":"Point"},"id":"GG2050-REPD-15174","properties":{"capacity_mw":34.0,"gg_project_id":"GG2050-REPD-15174","name":"Cloud Hill Wind Farm","operator":"Blue Energy Company / BayWa r.e. UK Limited","repd_ref":"15174","repd_technology":"Battery","status":"Abandoned","technology":"bess"},"type":"Feature"},{"geometry":{"coordinates":[-3.7509394,58.56796],"type":"Point"},"id":"GG2050-REPD-14233","properties":{"capacity_mw":34.0,"gg_project_id":"GG2050-REPD-14233","name":"Dounreay, Thurso - Battery Energy Storage","operator":"Ylem Energy Limited (Reay Power)","repd_ref":"14233","repd_technology":"Battery","status":"Under Construction","technology":"bess"},"type":"Feature"},{"geometry":{"coordinates":[-1.523157,54.0751675],"type":"Point"},"id":"GG2050-REPD-10893","properties":{"capacity_mw":33.0,"gg_project_id":"GG2050-REPD-10893","name":"Wormald Green - Battery Energy Storage System","operator":"Harmony Energy Limited","repd_ref":"10893","repd_technology":"Battery","status":"Operational","technology":"bess"},"type":"Feature"},{"geometry":{"coordinates":[-2.4989424,51.6899528],"type":"Point"},"id":"GG2050-REPD-7181","properties":{"capacity_mw":32.0,"gg_project_id":"GG2050-REPD-7181","name":"Gloucestershire Science and Technology Park (small)","operator":"Ecotricity","repd_ref":"7181","repd_technology":"Battery","status":"Revised","technology":"bess"},"type":"Feature"},{"geometry":{"coordinates":[-1.2755595,53.7177094],"type":"Point"},"id":"GG2050-REPD-10145","properties":{"capacity_mw":32.0,"gg_project_id":"GG2050-REPD-10145","name":"Kirkhaw Lane - Battery Storage","operator":"Walker & Son (Hauliers) Limited / Vox Energy Limited","repd_ref":"10145","repd_technology":"Battery","status":"Revised","technology":"bess"},"type":"Feature"},{"geometry":{"coordinates":[-1.2755792,53.7183297],"type":"Point"},"id":"GG2050-REPD-8430","properties":{"capacity_mw":32.0,"gg_project_id":"GG2050-REPD-8430","name":"Kirkhaw Lane Battery Storage","operator":"Walker & Son (Hauliers) Limited","repd_ref":"8430","repd_technology":"Battery","status":"Revised","technology":"bess"},"type":"Feature"},{"geometry":{"coordinates":[-2.0454837,50.742116],"type":"Point"},"id":"GG2050-REPD-10291","properties":{"capacity_mw":32.0,"gg_project_id":"GG2050-REPD-10291","name":"Post Farm, Lytchett Minster - Battery Energy Storage","operator":"S4N Lytchett Limited","repd_ref":"10291","repd_technology":"Battery","status":"Awaiting Construction","technology":"bess"},"type":"Feature"},{"geometry":{"coordinates":[-2.6603962,51.5183274],"type":"Point"},"id":"GG2050-REPD-7085","properties":{"capacity_mw":32.0,"gg_project_id":"GG2050-REPD-7085","name":"Severn Road","operator":"FPC Industry & Enterprise","repd_ref":"7085","repd_technology":"Battery","status":"Operational","technology":"bess"},"type":"Feature"},{"geometry":{"coordinates":[-4.6484548,55.6829577],"type":"Point"},"id":"GG2050-REPD-10542","properties":{"capacity_mw":31.1,"gg_project_id":"GG2050-REPD-10542","name":"Benthead Farm - Solar Farm & Battery Storage","operator":"Locogen Limited","repd_ref":"10542","repd_technology":"Battery","status":"Awaiting Construction","technology":"bess"},"type":"Feature"},{"geometry":{"coordinates":[-5.71141,57.5406948],"type":"Point"},"id":"GG2050-REPD-14039","properties":{"capacity_mw":30.0,"gg_project_id":"GG2050-REPD-14039","name":"Abhainn Dubh Wind Farm","operator":"E Power Limited","repd_ref":"14039","repd_technology":"Battery","status":"Application Submitted","technology":"bess"},"type":"Feature"},{"geometry":{"coordinates":[-2.5038958,53.5268017],"type":"Point"},"id":"GG2050-REPD-11151","properties":{"capacity_mw":30.0,"gg_project_id":"GG2050-REPD-11151","name":"Atherton - Battery energy storage","operator":"FPC Electric Land Limited / Pulse Clean Energy","repd_ref":"11151","repd_technology":"Battery","status":"Operational","technology":"bess"},"type":"Feature"},{"geometry":{"coordinates":[-0.4079868,53.9833425],"type":"Point"},"id":"GG2050-REPD-12297","properties":{"capacity_mw":30.0,"gg_project_id":"GG2050-REPD-12297","name":"Back Lane, Skerne - Solar Farm & Battery Storage","operator":"BayWa r.e. UK Limited","repd_ref":"12297","repd_technology":"Battery","status":"Awaiting Construction","technology":"bess"},"type":"Feature"},{"geometry":{"coordinates":[-4.3265827,57.9044271],"type":"Point"},"id":"GG2050-REPD-16348","properties":{"capacity_mw":30.0,"gg_project_id":"GG2050-REPD-16348","name":"Balblair Wind Farm","operator":"Wind Power North Two Limited","repd_ref":"16348","repd_technology":"Battery","status":"Application Submitted","technology":"bess"},"type":"Feature"},{"geometry":{"coordinates":[-3.9337997,55.8275722],"type":"Point"},"id":"GG2050-REPD-17064","properties":{"capacity_mw":30.0,"gg_project_id":"GG2050-REPD-17064","name":"Biggar Road, Cleland - Battery Energy Storage System","operator":"Starlight Energy SPV 1 Limited","repd_ref":"17064","repd_technology":"Battery","status":"Awaiting Construction","technology":"bess"},"type":"Feature"}],"partition":2,"release":"9.1","schema":"globalgrid2050.v9.atlas-projects.v9.1","technology":"bess","type":"FeatureCollection"}
