{"feature_count":500,"features":[{"geometry":{"coordinates":[-2.0932989,51.9747037],"type":"Point"},"id":"GG2050-REPD-4827","properties":{"capacity_mw":18.2,"gg_project_id":"GG2050-REPD-4827","name":"Claydon Farm","operator":"European Energy Photovoltaics","repd_ref":"4827","repd_technology":"Solar Photovoltaics","status":"Abandoned","technology":"solar"},"type":"Feature"},{"geometry":{"coordinates":[-4.6561063,58.0098277],"type":"Point"},"id":"GG2050-REPD-15536","properties":{"capacity_mw":18.0,"gg_project_id":"GG2050-REPD-15536","name":"Allt an Tuir Renewable Energy Park","operator":"REG Windpower Limited / ESB Energy Limited","repd_ref":"15536","repd_technology":"Solar Photovoltaics","status":"Application Submitted","technology":"solar"},"type":"Feature"},{"geometry":{"coordinates":[-1.4844341,52.1946397],"type":"Point"},"id":"GG2050-REPD-10016","properties":{"capacity_mw":18.0,"gg_project_id":"GG2050-REPD-10016","name":"Banbury Road, Gaydon - Solar Array","operator":"Jaguar Land Rover Manufacturing","repd_ref":"10016","repd_technology":"Solar Photovoltaics","status":"Operational","technology":"solar"},"type":"Feature"},{"geometry":{"coordinates":[-6.5146994,54.9592309],"type":"Point"},"id":"GG2050-REPD-6506","properties":{"capacity_mw":18.0,"gg_project_id":"GG2050-REPD-6506","name":"Bann Road (Rasharkin)","operator":"Elgin Energy","repd_ref":"6506","repd_technology":"Solar Photovoltaics","status":"Operational","technology":"solar"},"type":"Feature"},{"geometry":{"coordinates":[-4.6334385,51.8278913],"type":"Point"},"id":"GG2050-REPD-1719","properties":{"capacity_mw":18.0,"gg_project_id":"GG2050-REPD-1719","name":"Caeremlyn Solar Farm","operator":"Munich RE","repd_ref":"1719","repd_technology":"Solar Photovoltaics","status":"Operational","technology":"solar"},"type":"Feature"},{"geometry":{"coordinates":[-1.7502449,50.7554909],"type":"Point"},"id":"GG2050-REPD-2308","properties":{"capacity_mw":18.0,"gg_project_id":"GG2050-REPD-2308","name":"Christchurch Energy","operator":"New Forest Energy Ltd","repd_ref":"2308","repd_technology":"Solar Photovoltaics","status":"Operational","technology":"solar"},"type":"Feature"},{"geometry":{"coordinates":[-2.0096954,51.1935283],"type":"Point"},"id":"GG2050-REPD-14045","properties":{"capacity_mw":18.0,"gg_project_id":"GG2050-REPD-14045","name":"Codford Solar Farm Phase 4","operator":"JM Stratton & Company","repd_ref":"14045","repd_technology":"Solar Photovoltaics","status":"Awaiting Construction","technology":"solar"},"type":"Feature"},{"geometry":{"coordinates":[0.6010981,51.8408179],"type":"Point"},"id":"GG2050-REPD-6168","properties":{"capacity_mw":18.0,"gg_project_id":"GG2050-REPD-6168","name":"Cressing Solar Farm (Phase 2)","operator":"Octopus Investments","repd_ref":"6168","repd_technology":"Solar Photovoltaics","status":"Abandoned","technology":"solar"},"type":"Feature"},{"geometry":{"coordinates":[-2.2300086,52.299846],"type":"Point"},"id":"GG2050-REPD-14001","properties":{"capacity_mw":18.0,"gg_project_id":"GG2050-REPD-14001","name":"Crossway Green, Ombersley - Solar Panels","operator":"Tyler Hill Solar Limited","repd_ref":"14001","repd_technology":"Solar Photovoltaics","status":"Application Submitted","technology":"solar"},"type":"Feature"},{"geometry":{"coordinates":[-2.0078897,51.1788266],"type":"Point"},"id":"GG2050-REPD-7405","properties":{"capacity_mw":18.0,"gg_project_id":"GG2050-REPD-7405","name":"East Codford Solar Farm Extension Phase 3","operator":"Centrica Plc","repd_ref":"7405","repd_technology":"Solar Photovoltaics","status":"Operational","technology":"solar"},"type":"Feature"},{"geometry":{"coordinates":[1.2410645,52.6816905],"type":"Point"},"id":"GG2050-REPD-12646","properties":{"capacity_mw":18.0,"gg_project_id":"GG2050-REPD-12646","name":"Glebe Horsford - Solar Farm","operator":"Pathfinder Clean Energy UKDev Limited","repd_ref":"12646","repd_technology":"Solar Photovoltaics","status":"Awaiting Construction","technology":"solar"},"type":"Feature"},{"geometry":{"coordinates":[-0.5779307,52.9759459],"type":"Point"},"id":"GG2050-REPD-1996","properties":{"capacity_mw":18.0,"gg_project_id":"GG2050-REPD-1996","name":"Heath Lane Solar Park","operator":"Haymaker Energy","repd_ref":"1996","repd_technology":"Solar Photovoltaics","status":"Revised","technology":"solar"},"type":"Feature"},{"geometry":{"coordinates":[-3.3542594,50.7024847],"type":"Point"},"id":"GG2050-REPD-12578","properties":{"capacity_mw":18.0,"gg_project_id":"GG2050-REPD-12578","name":"Higher Hawkerland Farm, Sidmouth Road - Solar Farm","operator":"Spring Dev 09 Limited","repd_ref":"12578","repd_technology":"Solar Photovoltaics","status":"Awaiting Construction","technology":"solar"},"type":"Feature"},{"geometry":{"coordinates":[-0.0685911,52.0483647],"type":"Point"},"id":"GG2050-REPD-13004","properties":{"capacity_mw":18.0,"gg_project_id":"GG2050-REPD-13004","name":"Highfield Farm, Royston Road - Solar Farm & Battery Storage","operator":"Grupotec Solar 3 UK Limited","repd_ref":"13004","repd_technology":"Solar Photovoltaics","status":"Awaiting Construction","technology":"solar"},"type":"Feature"},{"geometry":{"coordinates":[-2.9296797,53.7679095],"type":"Point"},"id":"GG2050-REPD-4723","properties":{"capacity_mw":18.0,"gg_project_id":"GG2050-REPD-4723","name":"Land off Moss Side Lane","operator":"Solar Park Developments","repd_ref":"4723","repd_technology":"Solar Photovoltaics","status":"Revised","technology":"solar"},"type":"Feature"},{"geometry":{"coordinates":[0.5324362,51.1390024],"type":"Point"},"id":"GG2050-REPD-16858","properties":{"capacity_mw":18.0,"gg_project_id":"GG2050-REPD-16858","name":"Mathurst Solar Farm, Goudhust Road - Solar PV Farm","operator":"Renewable Connections Developments Limited","repd_ref":"16858","repd_technology":"Solar Photovoltaics","status":"Application Submitted","technology":"solar"},"type":"Feature"},{"geometry":{"coordinates":[-0.2000191,53.6019038],"type":"Point"},"id":"GG2050-REPD-7221","properties":{"capacity_mw":18.0,"gg_project_id":"GG2050-REPD-7221","name":"Mauxhall Farm","operator":"ENGIE Renewables","repd_ref":"7221","repd_technology":"Solar Photovoltaics","status":"Planning Permission Expired","technology":"solar"},"type":"Feature"},{"geometry":{"coordinates":[1.0854373,51.3566411],"type":"Point"},"id":"GG2050-REPD-2367","properties":{"capacity_mw":18.0,"gg_project_id":"GG2050-REPD-2367","name":"Molehill Farm","operator":"Bluefield Solar Income Fund","repd_ref":"2367","repd_technology":"Solar Photovoltaics","status":"Operational","technology":"solar"},"type":"Feature"},{"geometry":{"coordinates":[-0.8948931,52.0408844],"type":"Point"},"id":"GG2050-REPD-2042","properties":{"capacity_mw":18.0,"gg_project_id":"GG2050-REPD-2042","name":"Mount Mill Farm","operator":"Haymaker Energy","repd_ref":"2042","repd_technology":"Solar Photovoltaics","status":"Revised","technology":"solar"},"type":"Feature"},{"geometry":{"coordinates":[-1.6128585,52.3927013],"type":"Point"},"id":"GG2050-REPD-2250","properties":{"capacity_mw":18.0,"gg_project_id":"GG2050-REPD-2250","name":"Nailcote Farm","operator":"Green Energy UK Direct","repd_ref":"2250","repd_technology":"Solar Photovoltaics","status":"Application Refused","technology":"solar"},"type":"Feature"},{"geometry":{"coordinates":[-1.2186999,50.9415743],"type":"Point"},"id":"GG2050-REPD-7924","properties":{"capacity_mw":18.0,"gg_project_id":"GG2050-REPD-7924","name":"New Farm House Locks Farm","operator":"Nextpower Spv 12 Limited","repd_ref":"7924","repd_technology":"Solar Photovoltaics","status":"Awaiting Construction","technology":"solar"},"type":"Feature"},{"geometry":{"coordinates":[-2.6081734,56.6028463],"type":"Point"},"id":"GG2050-REPD-12495","properties":{"capacity_mw":18.0,"gg_project_id":"GG2050-REPD-12495","name":"Parkhill Farm, Letham Grange - Solar Farm","operator":"AlphaReal","repd_ref":"12495","repd_technology":"Solar Photovoltaics","status":"Awaiting Construction","technology":"solar"},"type":"Feature"},{"geometry":{"coordinates":[-3.4434429,55.8825147],"type":"Point"},"id":"GG2050-REPD-9463","properties":{"capacity_mw":18.0,"gg_project_id":"GG2050-REPD-9463","name":"Selms Muir - Solar Farm","operator":"Renewable Connections","repd_ref":"9463","repd_technology":"Solar Photovoltaics","status":"Awaiting Construction","technology":"solar"},"type":"Feature"},{"geometry":{"coordinates":[-1.7518416,50.7591543],"type":"Point"},"id":"GG2050-REPD-5315","properties":{"capacity_mw":18.0,"gg_project_id":"GG2050-REPD-5315","name":"Waterditch Solar Farm","operator":"New Forest Energy","repd_ref":"5315","repd_technology":"Solar Photovoltaics","status":"Operational","technology":"solar"},"type":"Feature"},{"geometry":{"coordinates":[-0.649296,53.1959297],"type":"Point"},"id":"GG2050-REPD-16797","properties":{"capacity_mw":18.0,"gg_project_id":"GG2050-REPD-16797","name":"Whisby Quarry, Eagle Road - Solar Array","operator":"Conrad Energy","repd_ref":"16797","repd_technology":"Solar Photovoltaics","status":"Awaiting Construction","technology":"solar"},"type":"Feature"},{"geometry":{"coordinates":[1.3569171,52.7550714],"type":"Point"},"id":"GG2050-REPD-5199","properties":{"capacity_mw":17.9,"gg_project_id":"GG2050-REPD-5199","name":"Scottow Moor - RAF Coltishall Solar Farm (Phase 2)","operator":"Greencoat Capital","repd_ref":"5199","repd_technology":"Solar Photovoltaics","status":"Operational","technology":"solar"},"type":"Feature"},{"geometry":{"coordinates":[-0.9619361,51.3277292],"type":"Point"},"id":"GG2050-REPD-9941","properties":{"capacity_mw":17.87,"gg_project_id":"GG2050-REPD-9941","name":"Kiln Fields Solar Farm","operator":"Enviromena Asset Management UK Limited","repd_ref":"9941","repd_technology":"Solar Photovoltaics","status":"Under Construction","technology":"solar"},"type":"Feature"},{"geometry":{"coordinates":[-1.7907253,51.6490633],"type":"Point"},"id":"GG2050-REPD-1945","properties":{"capacity_mw":17.8,"gg_project_id":"GG2050-REPD-1945","name":"Castle Eaton Farm","operator":"Hive Energy","repd_ref":"1945","repd_technology":"Solar Photovoltaics","status":"Operational","technology":"solar"},"type":"Feature"},{"geometry":{"coordinates":[0.0226664,52.7312141],"type":"Point"},"id":"GG2050-REPD-2276","properties":{"capacity_mw":17.6,"gg_project_id":"GG2050-REPD-2276","name":"Fendyke Solar Farm","operator":"BE Renewables/Little Eau Solar","repd_ref":"2276","repd_technology":"Solar Photovoltaics","status":"Abandoned","technology":"solar"},"type":"Feature"},{"geometry":{"coordinates":[-0.9231956,52.1026446],"type":"Point"},"id":"GG2050-REPD-2261","properties":{"capacity_mw":17.6,"gg_project_id":"GG2050-REPD-2261","name":"Homestead Farm (Alderton)","operator":"CEE","repd_ref":"2261","repd_technology":"Solar Photovoltaics","status":"Operational","technology":"solar"},"type":"Feature"},{"geometry":{"coordinates":[-2.6986304,53.1568572],"type":"Point"},"id":"GG2050-REPD-10000","properties":{"capacity_mw":17.57,"gg_project_id":"GG2050-REPD-10000","name":"High Street - Solar Farm","operator":"Anesco Limited","repd_ref":"10000","repd_technology":"Solar Photovoltaics","status":"Awaiting Construction","technology":"solar"},"type":"Feature"},{"geometry":{"coordinates":[-4.7634854,50.3567386],"type":"Point"},"id":"GG2050-REPD-11076","properties":{"capacity_mw":17.51,"gg_project_id":"GG2050-REPD-11076","name":"Menear Road - Solar & Battery storage","operator":"Anesco Limited","repd_ref":"11076","repd_technology":"Solar Photovoltaics","status":"Awaiting Construction","technology":"solar"},"type":"Feature"},{"geometry":{"coordinates":[1.4101062,52.1964778],"type":"Point"},"id":"GG2050-REPD-2281","properties":{"capacity_mw":17.5,"gg_project_id":"GG2050-REPD-2281","name":"Parham Airfield (Great Glenham)","operator":"AG Renewables Ltd","repd_ref":"2281","repd_technology":"Solar Photovoltaics","status":"Operational","technology":"solar"},"type":"Feature"},{"geometry":{"coordinates":[0.4454176,51.6011675],"type":"Point"},"id":"GG2050-REPD-15461","properties":{"capacity_mw":17.0,"gg_project_id":"GG2050-REPD-15461","name":"Barleylands Solar Farm","operator":"Enso Energy Limited","repd_ref":"15461","repd_technology":"Solar Photovoltaics","status":"Awaiting Construction","technology":"solar"},"type":"Feature"},{"geometry":{"coordinates":[-2.4422018,53.1308941],"type":"Point"},"id":"GG2050-REPD-7553","properties":{"capacity_mw":17.0,"gg_project_id":"GG2050-REPD-7553","name":"Drury Lane","operator":"Moss Lane Farm Solar Limited","repd_ref":"7553","repd_technology":"Solar Photovoltaics","status":"Awaiting Construction","technology":"solar"},"type":"Feature"},{"geometry":{"coordinates":[-2.9086482,53.5250302],"type":"Point"},"id":"GG2050-REPD-1844","properties":{"capacity_mw":17.0,"gg_project_id":"GG2050-REPD-1844","name":"Gerard Hall Solar Farm","operator":"Hive Energy","repd_ref":"1844","repd_technology":"Solar Photovoltaics","status":"Appeal Refused","technology":"solar"},"type":"Feature"},{"geometry":{"coordinates":[-1.5640035,51.480607],"type":"Point"},"id":"GG2050-REPD-1920","properties":{"capacity_mw":17.0,"gg_project_id":"GG2050-REPD-1920","name":"Hadley Farm (Orta Membury Solar Farm)","operator":"Foresight Solar","repd_ref":"1920","repd_technology":"Solar Photovoltaics","status":"Operational","technology":"solar"},"type":"Feature"},{"geometry":{"coordinates":[-0.5990713,52.9964512],"type":"Point"},"id":"GG2050-REPD-1685","properties":{"capacity_mw":17.0,"gg_project_id":"GG2050-REPD-1685","name":"Highfield Farm","operator":"Denis Sharpe","repd_ref":"1685","repd_technology":"Solar Photovoltaics","status":"Revised","technology":"solar"},"type":"Feature"},{"geometry":{"coordinates":[-0.5990713,52.9964512],"type":"Point"},"id":"GG2050-REPD-1928","properties":{"capacity_mw":17.0,"gg_project_id":"GG2050-REPD-1928","name":"Highfield Farm","operator":"Private Developer","repd_ref":"1928","repd_technology":"Solar Photovoltaics","status":"Application Refused","technology":"solar"},"type":"Feature"},{"geometry":{"coordinates":[-2.4348684,51.0486482],"type":"Point"},"id":"GG2050-REPD-2005","properties":{"capacity_mw":17.0,"gg_project_id":"GG2050-REPD-2005","name":"Hook Valley Solar Park","operator":"British Solar Renewables (formerly know as Solar Power Generation)","repd_ref":"2005","repd_technology":"Solar Photovoltaics","status":"Operational","technology":"solar"},"type":"Feature"},{"geometry":{"coordinates":[1.1439227,51.2737997],"type":"Point"},"id":"GG2050-REPD-2379","properties":{"capacity_mw":17.0,"gg_project_id":"GG2050-REPD-2379","name":"Littlebourne","operator":"Bluefield Solar Income Fund","repd_ref":"2379","repd_technology":"Solar Photovoltaics","status":"Operational","technology":"solar"},"type":"Feature"},{"geometry":{"coordinates":[-1.2334498,53.0166687],"type":"Point"},"id":"GG2050-REPD-5144","properties":{"capacity_mw":17.0,"gg_project_id":"GG2050-REPD-5144","name":"Long Lane Solar Farm","operator":"Earthworm","repd_ref":"5144","repd_technology":"Solar Photovoltaics","status":"Revised","technology":"solar"},"type":"Feature"},{"geometry":{"coordinates":[-1.2334498,53.0166687],"type":"Point"},"id":"GG2050-REPD-5603","properties":{"capacity_mw":17.0,"gg_project_id":"GG2050-REPD-5603","name":"Long Lane Solar Farm / Nottingham Brick Works","operator":"Earthworm/ EW Capital","repd_ref":"5603","repd_technology":"Solar Photovoltaics","status":"Under Construction","technology":"solar"},"type":"Feature"},{"geometry":{"coordinates":[1.1794178,52.7923867],"type":"Point"},"id":"GG2050-REPD-7917","properties":{"capacity_mw":17.0,"gg_project_id":"GG2050-REPD-7917","name":"Oulton Street","operator":"Docking Farm Solar Limited","repd_ref":"7917","repd_technology":"Solar Photovoltaics","status":"Revised","technology":"solar"},"type":"Feature"},{"geometry":{"coordinates":[0.0544904,50.9044408],"type":"Point"},"id":"GG2050-REPD-11162","properties":{"capacity_mw":17.0,"gg_project_id":"GG2050-REPD-11162","name":"Ringmer - Solar array/Battery storage","operator":"Ouse Valley Energy Services Company CIC","repd_ref":"11162","repd_technology":"Solar Photovoltaics","status":"Awaiting Construction","technology":"solar"},"type":"Feature"},{"geometry":{"coordinates":[-3.4611463,56.2693635],"type":"Point"},"id":"GG2050-REPD-4950","properties":{"capacity_mw":17.0,"gg_project_id":"GG2050-REPD-4950","name":"Shire-End Farm","operator":"Qair Scotland Limited","repd_ref":"4950","repd_technology":"Solar Photovoltaics","status":"Awaiting Construction","technology":"solar"},"type":"Feature"},{"geometry":{"coordinates":[-0.8379302,53.3018978],"type":"Point"},"id":"GG2050-REPD-1313","properties":{"capacity_mw":16.9,"gg_project_id":"GG2050-REPD-1313","name":"West End Farm - Treswell","operator":"Kinetica Solar","repd_ref":"1313","repd_technology":"Solar Photovoltaics","status":"Abandoned","technology":"solar"},"type":"Feature"},{"geometry":{"coordinates":[-1.4355419,52.3319782],"type":"Point"},"id":"GG2050-REPD-16614","properties":{"capacity_mw":16.8,"gg_project_id":"GG2050-REPD-16614","name":"Leamington Road, Princethorpe - Ash Tree Solar Photovoltaic Arrays","operator":"British Solar Renewables","repd_ref":"16614","repd_technology":"Solar Photovoltaics","status":"Awaiting Construction","technology":"solar"},"type":"Feature"},{"geometry":{"coordinates":[-0.5967969,52.231651],"type":"Point"},"id":"GG2050-REPD-2152","properties":{"capacity_mw":16.8,"gg_project_id":"GG2050-REPD-2152","name":"Odell Glebe Solar Farm","operator":"Vento Ludens","repd_ref":"2152","repd_technology":"Solar Photovoltaics","status":"Operational","technology":"solar"},"type":"Feature"},{"geometry":{"coordinates":[-1.1053112,52.0328155],"type":"Point"},"id":"GG2050-REPD-2081","properties":{"capacity_mw":16.7,"gg_project_id":"GG2050-REPD-2081","name":"Turweston Solar Farm","operator":"INRG Solar","repd_ref":"2081","repd_technology":"Solar Photovoltaics","status":"Operational","technology":"solar"},"type":"Feature"},{"geometry":{"coordinates":[-2.016999,52.9478697],"type":"Point"},"id":"GG2050-REPD-15586","properties":{"capacity_mw":16.6,"gg_project_id":"GG2050-REPD-15586","name":"Blythe House Farm Extension - Solar Array","operator":"Innova Renewables","repd_ref":"15586","repd_technology":"Solar Photovoltaics","status":"Awaiting Construction","technology":"solar"},"type":"Feature"},{"geometry":{"coordinates":[1.087133,51.2480853],"type":"Point"},"id":"GG2050-REPD-2304","properties":{"capacity_mw":16.6,"gg_project_id":"GG2050-REPD-2304","name":"Nackington Farm Solar Park- Site B","operator":"Green Energy UK Direct Ltd","repd_ref":"2304","repd_technology":"Solar Photovoltaics","status":"Application Withdrawn","technology":"solar"},"type":"Feature"},{"geometry":{"coordinates":[-2.0845909,51.3075866],"type":"Point"},"id":"GG2050-REPD-2358","properties":{"capacity_mw":16.6,"gg_project_id":"GG2050-REPD-2358","name":"Stokes Marsh Farm","operator":"South West Solar Parks","repd_ref":"2358","repd_technology":"Solar Photovoltaics","status":"Operational","technology":"solar"},"type":"Feature"},{"geometry":{"coordinates":[-1.5438314,52.4743461],"type":"Point"},"id":"GG2050-REPD-10020","properties":{"capacity_mw":16.5,"gg_project_id":"GG2050-REPD-10020","name":"Corley Smorral Lane - Photovoltaic Solar Arrays","operator":"Barrs Family Enterprises Limited","repd_ref":"10020","repd_technology":"Solar Photovoltaics","status":"Awaiting Construction","technology":"solar"},"type":"Feature"},{"geometry":{"coordinates":[-0.0797393,52.128457],"type":"Point"},"id":"GG2050-REPD-1919","properties":{"capacity_mw":16.5,"gg_project_id":"GG2050-REPD-1919","name":"Croydon / Church Farm (Royston)","operator":"Push Energy/ NextEnergy Solar Fund (NESF)","repd_ref":"1919","repd_technology":"Solar Photovoltaics","status":"Operational","technology":"solar"},"type":"Feature"},{"geometry":{"coordinates":[-2.7957095,54.0278021],"type":"Point"},"id":"GG2050-REPD-9372","properties":{"capacity_mw":16.5,"gg_project_id":"GG2050-REPD-9372","name":"Hazelrigg Lane, Scotforth - Solar Farm","operator":"BeBa Energy UK Limited / University of Lancaster","repd_ref":"9372","repd_technology":"Solar Photovoltaics","status":"Under Construction","technology":"solar"},"type":"Feature"},{"geometry":{"coordinates":[0.6045533,51.9051589],"type":"Point"},"id":"GG2050-REPD-15318","properties":{"capacity_mw":16.5,"gg_project_id":"GG2050-REPD-15318","name":"Kentish Farm 2 - Solar Farm","operator":"Push Energy","repd_ref":"15318","repd_technology":"Solar Photovoltaics","status":"Application Submitted","technology":"solar"},"type":"Feature"},{"geometry":{"coordinates":[-4.0152291,51.6925777],"type":"Point"},"id":"GG2050-REPD-12861","properties":{"capacity_mw":16.26,"gg_project_id":"GG2050-REPD-12861","name":"Gwenlais Farm, Carmel Road - Gwenlais Solar Farm","operator":"Solar Securities Group Limited","repd_ref":"12861","repd_technology":"Solar Photovoltaics","status":"Awaiting Construction","technology":"solar"},"type":"Feature"},{"geometry":{"coordinates":[-4.1780556,51.7127994],"type":"Point"},"id":"GG2050-REPD-2363","properties":{"capacity_mw":16.2,"gg_project_id":"GG2050-REPD-2363","name":"Brynteg Farm","operator":"Brynteg Solar","repd_ref":"2363","repd_technology":"Solar Photovoltaics","status":"Operational","technology":"solar"},"type":"Feature"},{"geometry":{"coordinates":[-3.4487947,50.7519167],"type":"Point"},"id":"GG2050-REPD-18518","properties":{"capacity_mw":16.2,"gg_project_id":"GG2050-REPD-18518","name":"Kerswell Barton Farm, Broadclyst - Solar Panels","operator":"MJ Quinn Integrated Services Limited","repd_ref":"18518","repd_technology":"Solar Photovoltaics","status":"Awaiting Construction","technology":"solar"},"type":"Feature"},{"geometry":{"coordinates":[-1.2680404,52.9615659],"type":"Point"},"id":"GG2050-REPD-18603","properties":{"capacity_mw":16.14,"gg_project_id":"GG2050-REPD-18603","name":"Moto Hospitality, Trowell Services Area North - Solar Farm & Battery","operator":"Moto Hospitality Limited","repd_ref":"18603","repd_technology":"Solar Photovoltaics","status":"Application Submitted","technology":"solar"},"type":"Feature"},{"geometry":{"coordinates":[-1.8334555,51.0483417],"type":"Point"},"id":"GG2050-REPD-1831","properties":{"capacity_mw":16.1,"gg_project_id":"GG2050-REPD-1831","name":"Bake Farm","operator":"COOMBE BISSETT PV PARK LIMITED","repd_ref":"1831","repd_technology":"Solar Photovoltaics","status":"Application Withdrawn","technology":"solar"},"type":"Feature"},{"geometry":{"coordinates":[-2.5096956,52.1791993],"type":"Point"},"id":"GG2050-REPD-5563","properties":{"capacity_mw":16.1,"gg_project_id":"GG2050-REPD-5563","name":"Little Frome Farm","operator":"BE Renewables","repd_ref":"5563","repd_technology":"Solar Photovoltaics","status":"Appeal Refused","technology":"solar"},"type":"Feature"},{"geometry":{"coordinates":[0.2373123,51.5033309],"type":"Point"},"id":"GG2050-REPD-15828","properties":{"capacity_mw":16.0,"gg_project_id":"GG2050-REPD-15828","name":"Aveley Landfill, Sandy Lane - PV Solar Array & Battery Energy Storage","operator":"Infinis Energy Services Limited","repd_ref":"15828","repd_technology":"Solar Photovoltaics","status":"Awaiting Construction","technology":"solar"},"type":"Feature"},{"geometry":{"coordinates":[-1.9055675,54.5512179],"type":"Point"},"id":"GG2050-REPD-14839","properties":{"capacity_mw":16.0,"gg_project_id":"GG2050-REPD-14839","name":"Barnard Castle - Solar Farm & Battery Storage System","operator":"Farm Energy Company","repd_ref":"14839","repd_technology":"Solar Photovoltaics","status":"Awaiting Construction","technology":"solar"},"type":"Feature"},{"geometry":{"coordinates":[-2.9556848,53.171288],"type":"Point"},"id":"GG2050-REPD-7860","properties":{"capacity_mw":16.0,"gg_project_id":"GG2050-REPD-7860","name":"Bretton Hall Solar Farm (Wales)","operator":"YnNi Newydd (New Energy Co-op)","repd_ref":"7860","repd_technology":"Solar Photovoltaics","status":"Awaiting Construction","technology":"solar"},"type":"Feature"},{"geometry":{"coordinates":[-0.999451,51.9027266],"type":"Point"},"id":"GG2050-REPD-9642","properties":{"capacity_mw":16.0,"gg_project_id":"GG2050-REPD-9642","name":"Calvert Landfill Site Solar Array","operator":"Infinis Solar Developments Limited","repd_ref":"9642","repd_technology":"Solar Photovoltaics","status":"Application Submitted","technology":"solar"},"type":"Feature"},{"geometry":{"coordinates":[-0.5253265,52.302708],"type":"Point"},"id":"GG2050-REPD-1949","properties":{"capacity_mw":16.0,"gg_project_id":"GG2050-REPD-1949","name":"Chelveston Airfield","operator":"Chelveston Renewable Energy Limited","repd_ref":"1949","repd_technology":"Solar Photovoltaics","status":"Operational","technology":"solar"},"type":"Feature"},{"geometry":{"coordinates":[-1.3186381,52.4724009],"type":"Point"},"id":"GG2050-REPD-18978","properties":{"capacity_mw":16.0,"gg_project_id":"GG2050-REPD-18978","name":"Coal Pit Lane, Willey - Solar Farm","operator":"Enviromena","repd_ref":"18978","repd_technology":"Solar Photovoltaics","status":"Application Submitted","technology":"solar"},"type":"Feature"},{"geometry":{"coordinates":[-2.2450609,52.6346572],"type":"Point"},"id":"GG2050-REPD-9119","properties":{"capacity_mw":16.0,"gg_project_id":"GG2050-REPD-9119","name":"County Lane - Solar farm","operator":"Boultbee Brooks Renewable Energy Limited","repd_ref":"9119","repd_technology":"Solar Photovoltaics","status":"Awaiting Construction","technology":"solar"},"type":"Feature"},{"geometry":{"coordinates":[-2.229927,51.8955226],"type":"Point"},"id":"GG2050-REPD-13966","properties":{"capacity_mw":16.0,"gg_project_id":"GG2050-REPD-13966","name":"Cox's Brook Solar Farm - Solar Array","operator":"PS Renewables Limited","repd_ref":"13966","repd_technology":"Solar Photovoltaics","status":"Awaiting Construction","technology":"solar"},"type":"Feature"},{"geometry":{"coordinates":[-0.3219069,50.909676],"type":"Point"},"id":"GG2050-REPD-1488","properties":{"capacity_mw":16.0,"gg_project_id":"GG2050-REPD-1488","name":"Huddlestone Farm","operator":"Huddlestone Farm Solar Park","repd_ref":"1488","repd_technology":"Solar Photovoltaics","status":"Appeal Refused","technology":"solar"},"type":"Feature"},{"geometry":{"coordinates":[0.8873436,51.011093],"type":"Point"},"id":"GG2050-REPD-18718","properties":{"capacity_mw":16.0,"gg_project_id":"GG2050-REPD-18718","name":"Martin Farm, St. Marys Road - Solar Panels","operator":"Enviromena Project Management UK Limited","repd_ref":"18718","repd_technology":"Solar Photovoltaics","status":"Awaiting Construction","technology":"solar"},"type":"Feature"},{"geometry":{"coordinates":[-1.4990139,52.7568055],"type":"Point"},"id":"GG2050-REPD-2200","properties":{"capacity_mw":16.0,"gg_project_id":"GG2050-REPD-2200","name":"Prestop Park Farm","operator":"Foresight","repd_ref":"2200","repd_technology":"Solar Photovoltaics","status":"Operational","technology":"solar"},"type":"Feature"},{"geometry":{"coordinates":[0.8876624,51.011175],"type":"Point"},"id":"GG2050-REPD-17767","properties":{"capacity_mw":16.0,"gg_project_id":"GG2050-REPD-17767","name":"St Mary in the Marsh - Solar Panels","operator":"Enviromena","repd_ref":"17767","repd_technology":"Solar Photovoltaics","status":"Application Submitted","technology":"solar"},"type":"Feature"},{"geometry":{"coordinates":[-0.2447528,51.7345442],"type":"Point"},"id":"GG2050-REPD-19478","properties":{"capacity_mw":16.0,"gg_project_id":"GG2050-REPD-19478","name":"Tollgate Farm, Welham Green - Solar Farm","operator":"Brockwell Energy Limited","repd_ref":"19478","repd_technology":"Solar Photovoltaics","status":"Application Submitted","technology":"solar"},"type":"Feature"},{"geometry":{"coordinates":[-1.568098,52.8730777],"type":"Point"},"id":"GG2050-REPD-19657","properties":{"capacity_mw":16.0,"gg_project_id":"GG2050-REPD-19657","name":"Toyota Solar Farm - Solar Farm","operator":"Toyota Motor Manufacturing UK Limited","repd_ref":"19657","repd_technology":"Solar Photovoltaics","status":"Application Submitted","technology":"solar"},"type":"Feature"},{"geometry":{"coordinates":[1.1256982,51.9986098],"type":"Point"},"id":"GG2050-REPD-1778","properties":{"capacity_mw":16.0,"gg_project_id":"GG2050-REPD-1778","name":"Valley Farm","operator":"Hive Energy","repd_ref":"1778","repd_technology":"Solar Photovoltaics","status":"Appeal Refused","technology":"solar"},"type":"Feature"},{"geometry":{"coordinates":[-1.5257259,52.4864025],"type":"Point"},"id":"GG2050-REPD-12647","properties":{"capacity_mw":16.0,"gg_project_id":"GG2050-REPD-12647","name":"Vauls Farm, Astley Lane - Solar Farm","operator":"Industria Solar Bedworth Limited","repd_ref":"12647","repd_technology":"Solar Photovoltaics","status":"Awaiting Construction","technology":"solar"},"type":"Feature"},{"geometry":{"coordinates":[-2.7925028,53.5987899],"type":"Point"},"id":"GG2050-REPD-1206","properties":{"capacity_mw":16.0,"gg_project_id":"GG2050-REPD-1206","name":"Wanes Blades Road Solar Farm","operator":"Green Switch Solutions","repd_ref":"1206","repd_technology":"Solar Photovoltaics","status":"Application Refused","technology":"solar"},"type":"Feature"},{"geometry":{"coordinates":[-1.1079629,53.2406247],"type":"Point"},"id":"GG2050-REPD-2260","properties":{"capacity_mw":16.0,"gg_project_id":"GG2050-REPD-2260","name":"Welbeck Solar / Hazel Gap","operator":"Solar century / Magnetar Solar","repd_ref":"2260","repd_technology":"Solar Photovoltaics","status":"Operational","technology":"solar"},"type":"Feature"},{"geometry":{"coordinates":[0.3044467,51.5569873],"type":"Point"},"id":"GG2050-REPD-2170","properties":{"capacity_mw":15.9,"gg_project_id":"GG2050-REPD-2170","name":"Clay Tye Farm","operator":"Green Switch Solutions","repd_ref":"2170","repd_technology":"Solar Photovoltaics","status":"Application Refused","technology":"solar"},"type":"Feature"},{"geometry":{"coordinates":[1.4593278,52.3255343],"type":"Point"},"id":"GG2050-REPD-2223","properties":{"capacity_mw":15.9,"gg_project_id":"GG2050-REPD-2223","name":"Hill Farm","operator":"Cookley Solar Park Ltd","repd_ref":"2223","repd_technology":"Solar Photovoltaics","status":"Abandoned","technology":"solar"},"type":"Feature"},{"geometry":{"coordinates":[-2.5044088,51.7417997],"type":"Point"},"id":"GG2050-REPD-2310","properties":{"capacity_mw":15.9,"gg_project_id":"GG2050-REPD-2310","name":"Nibley Mill Farm","operator":"AEE Renewables","repd_ref":"2310","repd_technology":"Solar Photovoltaics","status":"Application Refused","technology":"solar"},"type":"Feature"},{"geometry":{"coordinates":[-2.250718,52.6394638],"type":"Point"},"id":"GG2050-REPD-5506","properties":{"capacity_mw":15.8,"gg_project_id":"GG2050-REPD-5506","name":"Albrighton Solar farm","operator":"Big 60 Million","repd_ref":"5506","repd_technology":"Solar Photovoltaics","status":"Operational","technology":"solar"},"type":"Feature"},{"geometry":{"coordinates":[-1.0143777,51.4175351],"type":"Point"},"id":"GG2050-REPD-2011","properties":{"capacity_mw":15.8,"gg_project_id":"GG2050-REPD-2011","name":"Pingewood Road South","operator":"BayWa/ SunGift","repd_ref":"2011","repd_technology":"Solar Photovoltaics","status":"Operational","technology":"solar"},"type":"Feature"},{"geometry":{"coordinates":[-2.5041542,51.8515101],"type":"Point"},"id":"GG2050-REPD-9114","properties":{"capacity_mw":15.7,"gg_project_id":"GG2050-REPD-9114","name":"Locquiers Farm, Plump Hill - Solar Farm","operator":"Opdenergy UK 3 Limited","repd_ref":"9114","repd_technology":"Solar Photovoltaics","status":"Awaiting Construction","technology":"solar"},"type":"Feature"},{"geometry":{"coordinates":[-4.4275394,50.8213833],"type":"Point"},"id":"GG2050-REPD-2013","properties":{"capacity_mw":15.6,"gg_project_id":"GG2050-REPD-2013","name":"Pitworthy Farm Solar Park","operator":"Hive Energy","repd_ref":"2013","repd_technology":"Solar Photovoltaics","status":"Operational","technology":"solar"},"type":"Feature"},{"geometry":{"coordinates":[-1.36655,54.7722198],"type":"Point"},"id":"GG2050-REPD-18298","properties":{"capacity_mw":15.4,"gg_project_id":"GG2050-REPD-18298","name":"Hackworth Road, North West Industrial Estate - Solar Panels","operator":"ABEI Energy Green IX Limited","repd_ref":"18298","repd_technology":"Solar Photovoltaics","status":"Application Submitted","technology":"solar"},"type":"Feature"},{"geometry":{"coordinates":[-0.2195122,50.9772991],"type":"Point"},"id":"GG2050-REPD-5095","properties":{"capacity_mw":15.3,"gg_project_id":"GG2050-REPD-5095","name":"Coombe Solar Farm","operator":"British Solar Renewables","repd_ref":"5095","repd_technology":"Solar Photovoltaics","status":"Planning Permission Expired","technology":"solar"},"type":"Feature"},{"geometry":{"coordinates":[-2.6844437,50.9252909],"type":"Point"},"id":"GG2050-REPD-12521","properties":{"capacity_mw":15.23,"gg_project_id":"GG2050-REPD-12521","name":"Camp Road, West Coker - Solar PV Panels","operator":"Conrad Energy","repd_ref":"12521","repd_technology":"Solar Photovoltaics","status":"Awaiting Construction","technology":"solar"},"type":"Feature"},{"geometry":{"coordinates":[1.3856052,52.5696389],"type":"Point"},"id":"GG2050-REPD-19124","properties":{"capacity_mw":15.0,"gg_project_id":"GG2050-REPD-19124","name":"Avenue Farm - Back Road Solar Farm","operator":"South Norfolk & Broadland","repd_ref":"19124","repd_technology":"Solar Photovoltaics","status":"Application Submitted","technology":"solar"},"type":"Feature"},{"geometry":{"coordinates":[0.0035687,51.181142],"type":"Point"},"id":"GG2050-REPD-1960","properties":{"capacity_mw":15.0,"gg_project_id":"GG2050-REPD-1960","name":"Barrow Green Farm","operator":"Barrow Green Solar Park","repd_ref":"1960","repd_technology":"Solar Photovoltaics","status":"Revised","technology":"solar"},"type":"Feature"},{"geometry":{"coordinates":[-2.2474945,51.9030752],"type":"Point"},"id":"GG2050-REPD-13301","properties":{"capacity_mw":15.0,"gg_project_id":"GG2050-REPD-13301","name":"Bengrove Farm, Base Lane - Solar Farm","operator":"Sonnedix Bengrove Limited","repd_ref":"13301","repd_technology":"Solar Photovoltaics","status":"Revised","technology":"solar"},"type":"Feature"},{"geometry":{"coordinates":[-2.2474945,51.9030752],"type":"Point"},"id":"GG2050-REPD-15882","properties":{"capacity_mw":15.0,"gg_project_id":"GG2050-REPD-15882","name":"Bengrove Farm, Base Lane - Solar Farm","operator":"Sonnedix Bengrove Limited","repd_ref":"15882","repd_technology":"Solar Photovoltaics","status":"Awaiting Construction","technology":"solar"},"type":"Feature"},{"geometry":{"coordinates":[0.3320938,51.6317754],"type":"Point"},"id":"GG2050-REPD-17500","properties":{"capacity_mw":15.0,"gg_project_id":"GG2050-REPD-17500","name":"Billericay Solar Farm - Solar Farm","operator":"Conrad Energy","repd_ref":"17500","repd_technology":"Solar Photovoltaics","status":"Awaiting Construction","technology":"solar"},"type":"Feature"},{"geometry":{"coordinates":[-2.7642385,53.8440401],"type":"Point"},"id":"GG2050-REPD-1965","properties":{"capacity_mw":15.0,"gg_project_id":"GG2050-REPD-1965","name":"Bilsborrow Solar Farm","operator":"Elgin Energy EsCo","repd_ref":"1965","repd_technology":"Solar Photovoltaics","status":"Revised","technology":"solar"},"type":"Feature"},{"geometry":{"coordinates":[-2.2282877,50.8021424],"type":"Point"},"id":"GG2050-REPD-8461","properties":{"capacity_mw":15.0,"gg_project_id":"GG2050-REPD-8461","name":"Blandford Hill - EV Charging Station & Solar Farm","operator":"Naturalis Energy Developments Limited","repd_ref":"8461","repd_technology":"Solar Photovoltaics","status":"Awaiting Construction","technology":"solar"},"type":"Feature"},{"geometry":{"coordinates":[-2.006753,51.3244856],"type":"Point"},"id":"GG2050-REPD-14529","properties":{"capacity_mw":15.0,"gg_project_id":"GG2050-REPD-14529","name":"Blounts Court Farm, Potterne - Solar Panels","operator":"Greenfield Energy Developments Limited","repd_ref":"14529","repd_technology":"Solar Photovoltaics","status":"Application Refused","technology":"solar"},"type":"Feature"},{"geometry":{"coordinates":[-4.4046553,53.233342],"type":"Point"},"id":"GG2050-REPD-2353","properties":{"capacity_mw":15.0,"gg_project_id":"GG2050-REPD-2353","name":"Bryn yr Odyn Solar Farm","operator":"New Forest Energy Ltd","repd_ref":"2353","repd_technology":"Solar Photovoltaics","status":"Operational","technology":"solar"},"type":"Feature"},{"geometry":{"coordinates":[1.3053034,52.7073364],"type":"Point"},"id":"GG2050-REPD-8221","properties":{"capacity_mw":15.0,"gg_project_id":"GG2050-REPD-8221","name":"Burgate Solar Farm","operator":"Pathfinder Clean Energy UK Dev Limited","repd_ref":"8221","repd_technology":"Solar Photovoltaics","status":"Awaiting Construction","technology":"solar"},"type":"Feature"},{"geometry":{"coordinates":[-4.1358537,51.1177267],"type":"Point"},"id":"GG2050-REPD-19125","properties":{"capacity_mw":15.0,"gg_project_id":"GG2050-REPD-19125","name":"Buttercombe Lane - Solar Farm","operator":"Exagen Development Limited","repd_ref":"19125","repd_technology":"Solar Photovoltaics","status":"Awaiting Construction","technology":"solar"},"type":"Feature"},{"geometry":{"coordinates":[-2.6978396,53.0167199],"type":"Point"},"id":"GG2050-REPD-10728","properties":{"capacity_mw":15.0,"gg_project_id":"GG2050-REPD-10728","name":"Chads Farm - Photovoltaic Arrays & Battery Storage","operator":"Renewable Connections Developments Limited","repd_ref":"10728","repd_technology":"Solar Photovoltaics","status":"Application Submitted","technology":"solar"},"type":"Feature"},{"geometry":{"coordinates":[-4.0351722,51.7107312],"type":"Point"},"id":"GG2050-REPD-19567","properties":{"capacity_mw":15.0,"gg_project_id":"GG2050-REPD-19567","name":"Coed Bach Park, Gwynfryn Road - Solar Panels","operator":"Stellar Energy","repd_ref":"19567","repd_technology":"Solar Photovoltaics","status":"Application Submitted","technology":"solar"},"type":"Feature"},{"geometry":{"coordinates":[-3.6187438,51.5226647],"type":"Point"},"id":"GG2050-REPD-1982","properties":{"capacity_mw":15.0,"gg_project_id":"GG2050-REPD-1982","name":"Court Colman solar park","operator":"Suncredit UK/ Vogt Solar","repd_ref":"1982","repd_technology":"Solar Photovoltaics","status":"Operational","technology":"solar"},"type":"Feature"},{"geometry":{"coordinates":[-2.8736533,53.8986511],"type":"Point"},"id":"GG2050-REPD-13983","properties":{"capacity_mw":15.0,"gg_project_id":"GG2050-REPD-13983","name":"Eagland Hill - Solar Array","operator":"European Energy Photovoltaics Limited","repd_ref":"13983","repd_technology":"Solar Photovoltaics","status":"Application Submitted","technology":"solar"},"type":"Feature"},{"geometry":{"coordinates":[-2.6100977,51.3931395],"type":"Point"},"id":"GG2050-REPD-19279","properties":{"capacity_mw":15.0,"gg_project_id":"GG2050-REPD-19279","name":"East Dundry Lane, Norton Hawkfield - Solar Farm","operator":"Enviromena","repd_ref":"19279","repd_technology":"Solar Photovoltaics","status":"Application Submitted","technology":"solar"},"type":"Feature"},{"geometry":{"coordinates":[-2.5857901,51.3816282],"type":"Point"},"id":"GG2050-REPD-19368","properties":{"capacity_mw":15.0,"gg_project_id":"GG2050-REPD-19368","name":"East Dundry Lane, Norton Hawkfield - Solar Panels","operator":"Enviromena","repd_ref":"19368","repd_technology":"Solar Photovoltaics","status":"Application Submitted","technology":"solar"},"type":"Feature"},{"geometry":{"coordinates":[-3.0121896,52.9000755],"type":"Point"},"id":"GG2050-REPD-4711","properties":{"capacity_mw":15.0,"gg_project_id":"GG2050-REPD-4711","name":"Ebnal Lodge Solar Farm","operator":"Elgin Energy EsCo","repd_ref":"4711","repd_technology":"Solar Photovoltaics","status":"Revised","technology":"solar"},"type":"Feature"},{"geometry":{"coordinates":[-0.5892506,52.2526],"type":"Point"},"id":"GG2050-REPD-2352","properties":{"capacity_mw":15.0,"gg_project_id":"GG2050-REPD-2352","name":"Glebe Farm Solar Energy Park","operator":"Vento Ludens","repd_ref":"2352","repd_technology":"Solar Photovoltaics","status":"Operational","technology":"solar"},"type":"Feature"},{"geometry":{"coordinates":[-0.3554716,52.9722496],"type":"Point"},"id":"GG2050-REPD-1755","properties":{"capacity_mw":15.0,"gg_project_id":"GG2050-REPD-1755","name":"Grange Farm (Burton Pedwardine)","operator":"Lark Energy","repd_ref":"1755","repd_technology":"Solar Photovoltaics","status":"Operational","technology":"solar"},"type":"Feature"},{"geometry":{"coordinates":[0.5536062,52.5355674],"type":"Point"},"id":"GG2050-REPD-19378","properties":{"capacity_mw":15.0,"gg_project_id":"GG2050-REPD-19378","name":"Green Lane Solar Park - Solar PV Panels","operator":"Sky UK Development Limited","repd_ref":"19378","repd_technology":"Solar Photovoltaics","status":"Awaiting Construction","technology":"solar"},"type":"Feature"},{"geometry":{"coordinates":[1.3091831,52.4976299],"type":"Point"},"id":"GG2050-REPD-1108","properties":{"capacity_mw":15.0,"gg_project_id":"GG2050-REPD-1108","name":"Hall Farm Solar park","operator":"Solar Park Developments (Blackrock)","repd_ref":"1108","repd_technology":"Solar Photovoltaics","status":"Operational","technology":"solar"},"type":"Feature"},{"geometry":{"coordinates":[-2.531446,51.5389349],"type":"Point"},"id":"GG2050-REPD-1992","properties":{"capacity_mw":15.0,"gg_project_id":"GG2050-REPD-1992","name":"Hammond Court Farm","operator":"Solar Power South","repd_ref":"1992","repd_technology":"Solar Photovoltaics","status":"Operational","technology":"solar"},"type":"Feature"},{"geometry":{"coordinates":[0.5441533,51.3107903],"type":"Point"},"id":"GG2050-REPD-17796","properties":{"capacity_mw":15.0,"gg_project_id":"GG2050-REPD-17796","name":"Harp Farm - Solar Park","operator":"British Solar Renewables","repd_ref":"17796","repd_technology":"Solar Photovoltaics","status":"Application Refused","technology":"solar"},"type":"Feature"},{"geometry":{"coordinates":[-5.0090974,50.3392042],"type":"Point"},"id":"GG2050-REPD-1628","properties":{"capacity_mw":15.0,"gg_project_id":"GG2050-REPD-1628","name":"Hendra Barns Solar Farm","operator":"Caledon Partners (Smarter Energy Solutions Ltd)","repd_ref":"1628","repd_technology":"Solar Photovoltaics","status":"Planning Permission Expired","technology":"solar"},"type":"Feature"},{"geometry":{"coordinates":[-3.2163123,58.6152524],"type":"Point"},"id":"GG2050-REPD-10269","properties":{"capacity_mw":15.0,"gg_project_id":"GG2050-REPD-10269","name":"Hollandmey Renewable Energy Development","operator":"Scottishpower Renewables","repd_ref":"10269","repd_technology":"Solar Photovoltaics","status":"Awaiting Construction","technology":"solar"},"type":"Feature"},{"geometry":{"coordinates":[-2.2924564,55.8851503],"type":"Point"},"id":"GG2050-REPD-13385","properties":{"capacity_mw":15.0,"gg_project_id":"GG2050-REPD-13385","name":"Howpark Solar Farm","operator":"Eurowind (UK) Limited","repd_ref":"13385","repd_technology":"Solar Photovoltaics","status":"Awaiting Construction","technology":"solar"},"type":"Feature"},{"geometry":{"coordinates":[0.6612186,51.8016827],"type":"Point"},"id":"GG2050-REPD-1615","properties":{"capacity_mw":15.0,"gg_project_id":"GG2050-REPD-1615","name":"Little Braxted Solar Park","operator":"Lightsource Renewable Energy","repd_ref":"1615","repd_technology":"Solar Photovoltaics","status":"Appeal Withdrawn","technology":"solar"},"type":"Feature"},{"geometry":{"coordinates":[-1.7975585,51.6238008],"type":"Point"},"id":"GG2050-REPD-17362","properties":{"capacity_mw":15.0,"gg_project_id":"GG2050-REPD-17362","name":"Little Rose Lane, Blunsdon - Solar Panels","operator":"Quintas Cleantech","repd_ref":"17362","repd_technology":"Solar Photovoltaics","status":"Awaiting Construction","technology":"solar"},"type":"Feature"},{"geometry":{"coordinates":[-1.3008567,52.8689201],"type":"Point"},"id":"GG2050-REPD-1863","properties":{"capacity_mw":15.0,"gg_project_id":"GG2050-REPD-1863","name":"Lockington Solar Park","operator":"Lark Energy","repd_ref":"1863","repd_technology":"Solar Photovoltaics","status":"Planning Permission Expired","technology":"solar"},"type":"Feature"},{"geometry":{"coordinates":[-0.4234275,52.2678999],"type":"Point"},"id":"GG2050-REPD-2299","properties":{"capacity_mw":15.0,"gg_project_id":"GG2050-REPD-2299","name":"Manor Farm - Pertenhall","operator":"Prosolia UK","repd_ref":"2299","repd_technology":"Solar Photovoltaics","status":"Operational","technology":"solar"},"type":"Feature"},{"geometry":{"coordinates":[-2.4937506,51.3504194],"type":"Point"},"id":"GG2050-REPD-10525","properties":{"capacity_mw":15.0,"gg_project_id":"GG2050-REPD-10525","name":"Marksbury Plain - Solar Park","operator":"Renewable Connections Developments Limited","repd_ref":"10525","repd_technology":"Solar Photovoltaics","status":"Awaiting Construction","technology":"solar"},"type":"Feature"},{"geometry":{"coordinates":[-2.2492399,52.9116069],"type":"Point"},"id":"GG2050-REPD-17617","properties":{"capacity_mw":15.0,"gg_project_id":"GG2050-REPD-17617","name":"Newcastle Road, Cotes Heath - Solar Panels","operator":"Ampyr Solar Europe","repd_ref":"17617","repd_technology":"Solar Photovoltaics","status":"Application Submitted","technology":"solar"},"type":"Feature"},{"geometry":{"coordinates":[-0.3595079,52.7473483],"type":"Point"},"id":"GG2050-REPD-15984","properties":{"capacity_mw":15.0,"gg_project_id":"GG2050-REPD-15984","name":"Northorpe Fen Farm, Fen Road - Solar Farm","operator":"Aardvark EM Limited","repd_ref":"15984","repd_technology":"Solar Photovoltaics","status":"Awaiting Construction","technology":"solar"},"type":"Feature"},{"geometry":{"coordinates":[-4.1067483,56.1373787],"type":"Point"},"id":"GG2050-REPD-7785","properties":{"capacity_mw":15.0,"gg_project_id":"GG2050-REPD-7785","name":"Patrickston Farm","operator":"Green Energy International","repd_ref":"7785","repd_technology":"Solar Photovoltaics","status":"Planning Permission Expired","technology":"solar"},"type":"Feature"},{"geometry":{"coordinates":[-3.3418662,50.7351383],"type":"Point"},"id":"GG2050-REPD-7815","properties":{"capacity_mw":15.0,"gg_project_id":"GG2050-REPD-7815","name":"Rockbeare Hill","operator":"Spring Che","repd_ref":"7815","repd_technology":"Solar Photovoltaics","status":"Awaiting Construction","technology":"solar"},"type":"Feature"},{"geometry":{"coordinates":[0.8141126,52.0374085],"type":"Point"},"id":"GG2050-REPD-1323","properties":{"capacity_mw":15.0,"gg_project_id":"GG2050-REPD-1323","name":"Rogers Farm","operator":"Sun & Soil","repd_ref":"1323","repd_technology":"Solar Photovoltaics","status":"Appeal Refused","technology":"solar"},"type":"Feature"},{"geometry":{"coordinates":[0.7055486,51.8609977],"type":"Point"},"id":"GG2050-REPD-16905","properties":{"capacity_mw":15.0,"gg_project_id":"GG2050-REPD-16905","name":"Skye Green Solar Farm","operator":"PS Renewables Limited","repd_ref":"16905","repd_technology":"Solar Photovoltaics","status":"Awaiting Construction","technology":"solar"},"type":"Feature"},{"geometry":{"coordinates":[-1.5979378,51.2433646],"type":"Point"},"id":"GG2050-REPD-9126","properties":{"capacity_mw":15.0,"gg_project_id":"GG2050-REPD-9126","name":"South Park Solar Farm","operator":"Renewable Connections Developments Limited","repd_ref":"9126","repd_technology":"Solar Photovoltaics","status":"Awaiting Construction","technology":"solar"},"type":"Feature"},{"geometry":{"coordinates":[0.5860434,52.9335325],"type":"Point"},"id":"GG2050-REPD-1354","properties":{"capacity_mw":15.0,"gg_project_id":"GG2050-REPD-1354","name":"Thornham Solar Farm","operator":"Lark Energy","repd_ref":"1354","repd_technology":"Solar Photovoltaics","status":"Revised","technology":"solar"},"type":"Feature"},{"geometry":{"coordinates":[0.5860434,52.9335325],"type":"Point"},"id":"GG2050-REPD-1870","properties":{"capacity_mw":15.0,"gg_project_id":"GG2050-REPD-1870","name":"Thornham Solar Farm","operator":"Lark Energy","repd_ref":"1870","repd_technology":"Solar Photovoltaics","status":"Abandoned","technology":"solar"},"type":"Feature"},{"geometry":{"coordinates":[1.0489166,52.7148149],"type":"Point"},"id":"GG2050-REPD-8219","properties":{"capacity_mw":15.0,"gg_project_id":"GG2050-REPD-8219","name":"Three Bridges Solar Farm","operator":"Pathfinder Clean Energy UK Dev Limited","repd_ref":"8219","repd_technology":"Solar Photovoltaics","status":"Awaiting Construction","technology":"solar"},"type":"Feature"},{"geometry":{"coordinates":[-2.0098125,52.9554215],"type":"Point"},"id":"GG2050-REPD-9232","properties":{"capacity_mw":15.0,"gg_project_id":"GG2050-REPD-9232","name":"Totmonslow Farm - Solar Photovoltaic Farm","operator":"RE Projects Development","repd_ref":"9232","repd_technology":"Solar Photovoltaics","status":"Revised","technology":"solar"},"type":"Feature"},{"geometry":{"coordinates":[-0.5878695,51.9160867],"type":"Point"},"id":"GG2050-REPD-12623","properties":{"capacity_mw":15.0,"gg_project_id":"GG2050-REPD-12623","name":"Trinity Hall Solar Farm","operator":"European Energy Photovoltaics Limited","repd_ref":"12623","repd_technology":"Solar Photovoltaics","status":"Under Construction","technology":"solar"},"type":"Feature"},{"geometry":{"coordinates":[-1.6814114,50.7523378],"type":"Point"},"id":"GG2050-REPD-14066","properties":{"capacity_mw":15.0,"gg_project_id":"GG2050-REPD-14066","name":"Walkford Moor Solar Farm, Walkford Lane - Solar Farm","operator":"Boultbee Brooks (Renewables Costock) Limited","repd_ref":"14066","repd_technology":"Solar Photovoltaics","status":"Awaiting Construction","technology":"solar"},"type":"Feature"},{"geometry":{"coordinates":[-0.9599308,51.8434914],"type":"Point"},"id":"GG2050-REPD-1883","properties":{"capacity_mw":15.0,"gg_project_id":"GG2050-REPD-1883","name":"Westcott Venture Park Solar Farm","operator":"Rockspring Hanover Property Unit Trust","repd_ref":"1883","repd_technology":"Solar Photovoltaics","status":"Abandoned","technology":"solar"},"type":"Feature"},{"geometry":{"coordinates":[-2.6300274,51.1842958],"type":"Point"},"id":"GG2050-REPD-2317","properties":{"capacity_mw":15.0,"gg_project_id":"GG2050-REPD-2317","name":"Worminster Down","operator":"Good Energy Generation","repd_ref":"2317","repd_technology":"Solar Photovoltaics","status":"Appeal Refused","technology":"solar"},"type":"Feature"},{"geometry":{"coordinates":[0.2483827,51.901543],"type":"Point"},"id":"GG2050-REPD-1829","properties":{"capacity_mw":14.9,"gg_project_id":"GG2050-REPD-1829","name":"Tye Green Farm","operator":"Lightsource Renewable Energy","repd_ref":"1829","repd_technology":"Solar Photovoltaics","status":"Application Withdrawn","technology":"solar"},"type":"Feature"},{"geometry":{"coordinates":[1.0351305,52.6040961],"type":"Point"},"id":"GG2050-REPD-1223","properties":{"capacity_mw":14.8,"gg_project_id":"GG2050-REPD-1223","name":"Hardingham Solar Farm","operator":"Solar Century/ Bluefield Solar","repd_ref":"1223","repd_technology":"Solar Photovoltaics","status":"Operational","technology":"solar"},"type":"Feature"},{"geometry":{"coordinates":[-1.348034,51.6165556],"type":"Point"},"id":"GG2050-REPD-1331","properties":{"capacity_mw":14.8,"gg_project_id":"GG2050-REPD-1331","name":"Hill Farm Solar Park (VoWH)","operator":"Hill Farm Solar Park Limited","repd_ref":"1331","repd_technology":"Solar Photovoltaics","status":"Operational","technology":"solar"},"type":"Feature"},{"geometry":{"coordinates":[-1.5589922,52.6130553],"type":"Point"},"id":"GG2050-REPD-2278","properties":{"capacity_mw":14.7,"gg_project_id":"GG2050-REPD-2278","name":"Atherstone","operator":"Foresight Solar Fund","repd_ref":"2278","repd_technology":"Solar Photovoltaics","status":"Operational","technology":"solar"},"type":"Feature"},{"geometry":{"coordinates":[-0.2563316,52.1493095],"type":"Point"},"id":"GG2050-REPD-1769","properties":{"capacity_mw":14.6,"gg_project_id":"GG2050-REPD-1769","name":"Waterloo solar park","operator":"Lightsource Renewable Energy","repd_ref":"1769","repd_technology":"Solar Photovoltaics","status":"Operational","technology":"solar"},"type":"Feature"},{"geometry":{"coordinates":[-3.2745725,54.731656],"type":"Point"},"id":"GG2050-REPD-2251","properties":{"capacity_mw":14.6,"gg_project_id":"GG2050-REPD-2251","name":"Wharrels Hill","operator":"Green Switch Solutions","repd_ref":"2251","repd_technology":"Solar Photovoltaics","status":"Appeal Withdrawn","technology":"solar"},"type":"Feature"},{"geometry":{"coordinates":[-2.9812953,51.2871113],"type":"Point"},"id":"GG2050-REPD-2274","properties":{"capacity_mw":14.6,"gg_project_id":"GG2050-REPD-2274","name":"Wick Farm Solar Park","operator":"Hadstone Energy/ Communities for Renewables","repd_ref":"2274","repd_technology":"Solar Photovoltaics","status":"Operational","technology":"solar"},"type":"Feature"},{"geometry":{"coordinates":[-0.6356758,50.8138433],"type":"Point"},"id":"GG2050-REPD-1966","properties":{"capacity_mw":14.5,"gg_project_id":"GG2050-REPD-1966","name":"Bilsham Farm","operator":"NextEnergy Solar Fund","repd_ref":"1966","repd_technology":"Solar Photovoltaics","status":"Operational","technology":"solar"},"type":"Feature"},{"geometry":{"coordinates":[-2.0531469,51.6176148],"type":"Point"},"id":"GG2050-REPD-2351","properties":{"capacity_mw":14.5,"gg_project_id":"GG2050-REPD-2351","name":"Lodge Farm (Poulshot)","operator":"Hive Energy","repd_ref":"2351","repd_technology":"Solar Photovoltaics","status":"Operational","technology":"solar"},"type":"Feature"},{"geometry":{"coordinates":[-2.2682886,51.2336663],"type":"Point"},"id":"GG2050-REPD-6797","properties":{"capacity_mw":14.5,"gg_project_id":"GG2050-REPD-6797","name":"Lodge Hill, Berkley - Solar Park","operator":"Wessex Solar Energy Limited","repd_ref":"6797","repd_technology":"Solar Photovoltaics","status":"Awaiting Construction","technology":"solar"},"type":"Feature"},{"geometry":{"coordinates":[-0.0423109,52.070051],"type":"Point"},"id":"GG2050-REPD-1906","properties":{"capacity_mw":14.4,"gg_project_id":"GG2050-REPD-1906","name":"Bassingbourn Solar Farm","operator":"Push Energy","repd_ref":"1906","repd_technology":"Solar Photovoltaics","status":"Operational","technology":"solar"},"type":"Feature"},{"geometry":{"coordinates":[-2.8095757,52.8244447],"type":"Point"},"id":"GG2050-REPD-2108","properties":{"capacity_mw":14.4,"gg_project_id":"GG2050-REPD-2108","name":"Charity Farm (Burlton Solar Farm)","operator":"Lightsource Renewable Energy","repd_ref":"2108","repd_technology":"Solar Photovoltaics","status":"Operational","technology":"solar"},"type":"Feature"},{"geometry":{"coordinates":[-1.8334555,51.0483417],"type":"Point"},"id":"GG2050-REPD-1956","properties":{"capacity_mw":14.3,"gg_project_id":"GG2050-REPD-1956","name":"Bake Farm","operator":"COOMBE BISSETT PV PARK LIMITED","repd_ref":"1956","repd_technology":"Solar Photovoltaics","status":"Revised","technology":"solar"},"type":"Feature"},{"geometry":{"coordinates":[-4.4683278,55.8770629],"type":"Point"},"id":"GG2050-REPD-9946","properties":{"capacity_mw":14.3,"gg_project_id":"GG2050-REPD-9946","name":"East Fulwood Greenock Road - Solar Farm","operator":"Springfield Limited / Aggreko","repd_ref":"9946","repd_technology":"Solar Photovoltaics","status":"Awaiting Construction","technology":"solar"},"type":"Feature"},{"geometry":{"coordinates":[0.3409186,51.1869278],"type":"Point"},"id":"GG2050-REPD-1905","properties":{"capacity_mw":14.3,"gg_project_id":"GG2050-REPD-1905","name":"Hadlow Place solar farm","operator":"Hadlow Solar Park","repd_ref":"1905","repd_technology":"Solar Photovoltaics","status":"Operational","technology":"solar"},"type":"Feature"},{"geometry":{"coordinates":[-0.9932405,53.3039028],"type":"Point"},"id":"GG2050-REPD-1497","properties":{"capacity_mw":14.3,"gg_project_id":"GG2050-REPD-1497","name":"Little Morton Solar Farm","operator":"Lightsource Renewable Energy","repd_ref":"1497","repd_technology":"Solar Photovoltaics","status":"Operational","technology":"solar"},"type":"Feature"},{"geometry":{"coordinates":[0.2656653,51.8879295],"type":"Point"},"id":"GG2050-REPD-9503","properties":{"capacity_mw":14.3,"gg_project_id":"GG2050-REPD-9503","name":"Stanstead Solar Project","operator":"Manchester Airport Group Plc","repd_ref":"9503","repd_technology":"Solar Photovoltaics","status":"Under Construction","technology":"solar"},"type":"Feature"},{"geometry":{"coordinates":[-0.8798109,53.2112821],"type":"Point"},"id":"GG2050-REPD-2321","properties":{"capacity_mw":14.2,"gg_project_id":"GG2050-REPD-2321","name":"Egmanton Solar Farm","operator":"United Photovoltaics","repd_ref":"2321","repd_technology":"Solar Photovoltaics","status":"Operational","technology":"solar"},"type":"Feature"},{"geometry":{"coordinates":[-1.8558856,57.4629267],"type":"Point"},"id":"GG2050-REPD-10469","properties":{"capacity_mw":14.2,"gg_project_id":"GG2050-REPD-10469","name":"Hillhead Of Gask, Longhaven - Solar Array","operator":"The Greenspan Agency","repd_ref":"10469","repd_technology":"Solar Photovoltaics","status":"Under Construction","technology":"solar"},"type":"Feature"},{"geometry":{"coordinates":[0.7108556,52.3190067],"type":"Point"},"id":"GG2050-REPD-6248","properties":{"capacity_mw":14.2,"gg_project_id":"GG2050-REPD-6248","name":"Ingham North Solar","operator":"Solafields/Ingham Renewables","repd_ref":"6248","repd_technology":"Solar Photovoltaics","status":"Operational","technology":"solar"},"type":"Feature"},{"geometry":{"coordinates":[-0.9214465,51.3858746],"type":"Point"},"id":"GG2050-REPD-5371","properties":{"capacity_mw":14.0,"gg_project_id":"GG2050-REPD-5371","name":"Aborfield Solar Park","operator":"Wessex Solar Energy","repd_ref":"5371","repd_technology":"Solar Photovoltaics","status":"Under Construction","technology":"solar"},"type":"Feature"},{"geometry":{"coordinates":[-2.9505361,53.1677965],"type":"Point"},"id":"GG2050-REPD-7940","properties":{"capacity_mw":14.0,"gg_project_id":"GG2050-REPD-7940","name":"Bretton Hall Solar Farm (England)","operator":"YnNi Newydd (New Energy Co-op)","repd_ref":"7940","repd_technology":"Solar Photovoltaics","status":"Awaiting Construction","technology":"solar"},"type":"Feature"},{"geometry":{"coordinates":[-2.5962366,52.9993573],"type":"Point"},"id":"GG2050-REPD-1478","properties":{"capacity_mw":14.0,"gg_project_id":"GG2050-REPD-1478","name":"Combermere Abbey","operator":"INRG Solar","repd_ref":"1478","repd_technology":"Solar Photovoltaics","status":"Operational","technology":"solar"},"type":"Feature"},{"geometry":{"coordinates":[-0.2409913,52.5965017],"type":"Point"},"id":"GG2050-REPD-13026","properties":{"capacity_mw":14.0,"gg_project_id":"GG2050-REPD-13026","name":"Dogsthorpe, Welland Road - Solar Farm & Battery Storage","operator":"Infinis Solar Developments Limited","repd_ref":"13026","repd_technology":"Solar Photovoltaics","status":"Awaiting Construction","technology":"solar"},"type":"Feature"},{"geometry":{"coordinates":[-0.8680999,53.2016608],"type":"Point"},"id":"GG2050-REPD-1771","properties":{"capacity_mw":14.0,"gg_project_id":"GG2050-REPD-1771","name":"Egmanton Solar Farm","operator":"ROC Energy Ltd","repd_ref":"1771","repd_technology":"Solar Photovoltaics","status":"Revised","technology":"solar"},"type":"Feature"},{"geometry":{"coordinates":[0.0874349,53.4224477],"type":"Point"},"id":"GG2050-REPD-16253","properties":{"capacity_mw":14.0,"gg_project_id":"GG2050-REPD-16253","name":"Fen Farm - Solar Park","operator":"Ecotricity Limited","repd_ref":"16253","repd_technology":"Solar Photovoltaics","status":"Awaiting Construction","technology":"solar"},"type":"Feature"},{"geometry":{"coordinates":[-3.1581947,51.7257635],"type":"Point"},"id":"GG2050-REPD-2176","properties":{"capacity_mw":14.0,"gg_project_id":"GG2050-REPD-2176","name":"Hafod-Y-Dafal Farm","operator":"KS SPV53 Ltd","repd_ref":"2176","repd_technology":"Solar Photovoltaics","status":"Operational","technology":"solar"},"type":"Feature"},{"geometry":{"coordinates":[-0.8051665,52.1267185],"type":"Point"},"id":"GG2050-REPD-2182","properties":{"capacity_mw":14.0,"gg_project_id":"GG2050-REPD-2182","name":"Littlewood Farm","operator":"3C Energy","repd_ref":"2182","repd_technology":"Solar Photovoltaics","status":"Operational","technology":"solar"},"type":"Feature"},{"geometry":{"coordinates":[0.117156,52.102129],"type":"Point"},"id":"GG2050-REPD-1259","properties":{"capacity_mw":14.0,"gg_project_id":"GG2050-REPD-1259","name":"Manor Farm","operator":"Thriplow Farms","repd_ref":"1259","repd_technology":"Solar Photovoltaics","status":"Revised","technology":"solar"},"type":"Feature"},{"geometry":{"coordinates":[0.1049832,52.0991369],"type":"Point"},"id":"GG2050-REPD-2269","properties":{"capacity_mw":14.0,"gg_project_id":"GG2050-REPD-2269","name":"Manor Farm","operator":"Thriplow Farms","repd_ref":"2269","repd_technology":"Solar Photovoltaics","status":"Application Refused","technology":"solar"},"type":"Feature"},{"geometry":{"coordinates":[-2.1108119,51.6264129],"type":"Point"},"id":"GG2050-REPD-1725","properties":{"capacity_mw":14.0,"gg_project_id":"GG2050-REPD-1725","name":"Marsh Farm","operator":"Steadfast Marsh Solar - Innogy (previously BELECTRIC Solar)","repd_ref":"1725","repd_technology":"Solar Photovoltaics","status":"Operational","technology":"solar"},"type":"Feature"},{"geometry":{"coordinates":[-4.0295321,50.4084514],"type":"Point"},"id":"GG2050-REPD-2225","properties":{"capacity_mw":14.0,"gg_project_id":"GG2050-REPD-2225","name":"Newnham Estate","operator":"Solstice Renewables","repd_ref":"2225","repd_technology":"Solar Photovoltaics","status":"Operational","technology":"solar"},"type":"Feature"},{"geometry":{"coordinates":[0.1815675,52.1353852],"type":"Point"},"id":"GG2050-REPD-4708","properties":{"capacity_mw":14.0,"gg_project_id":"GG2050-REPD-4708","name":"Sawston Solar Farm (Land North of Dales Manor Business Park)","operator":"Sawston Solar Farm","repd_ref":"4708","repd_technology":"Solar Photovoltaics","status":"Appeal Refused","technology":"solar"},"type":"Feature"},{"geometry":{"coordinates":[-3.8273593,56.3014842],"type":"Point"},"id":"GG2050-REPD-11900","properties":{"capacity_mw":14.0,"gg_project_id":"GG2050-REPD-11900","name":"Standingfauld Farm, Muthill - Solar Panels","operator":"Relay Standingfauld Limited","repd_ref":"11900","repd_technology":"Solar Photovoltaics","status":"Awaiting Construction","technology":"solar"},"type":"Feature"},{"geometry":{"coordinates":[-2.5747019,52.7035106],"type":"Point"},"id":"GG2050-REPD-17853","properties":{"capacity_mw":14.0,"gg_project_id":"GG2050-REPD-17853","name":"Tiddiecross Lane, Charlton - Tiddiecross Solar Farm & Battery Storage","operator":"Boultbee Brooks Renewables Walkford Moor Limited","repd_ref":"17853","repd_technology":"Solar Photovoltaics","status":"Awaiting Construction","technology":"solar"},"type":"Feature"},{"geometry":{"coordinates":[1.7011959,52.6617517],"type":"Point"},"id":"GG2050-REPD-1328","properties":{"capacity_mw":13.9,"gg_project_id":"GG2050-REPD-1328","name":"Nova Scotia Farm solar park","operator":"Equitix","repd_ref":"1328","repd_technology":"Solar Photovoltaics","status":"Operational","technology":"solar"},"type":"Feature"},{"geometry":{"coordinates":[-1.4724956,52.7072924],"type":"Point"},"id":"GG2050-REPD-2054","properties":{"capacity_mw":13.9,"gg_project_id":"GG2050-REPD-2054","name":"Packington Solar Farm","operator":"Solstice Renewables","repd_ref":"2054","repd_technology":"Solar Photovoltaics","status":"Operational","technology":"solar"},"type":"Feature"},{"geometry":{"coordinates":[-4.2414398,53.1653356],"type":"Point"},"id":"GG2050-REPD-2110","properties":{"capacity_mw":13.9,"gg_project_id":"GG2050-REPD-2110","name":"Parciau Farm Solar Park","operator":"Kronos Solar","repd_ref":"2110","repd_technology":"Solar Photovoltaics","status":"Operational","technology":"solar"},"type":"Feature"},{"geometry":{"coordinates":[0.6094927,51.8368547],"type":"Point"},"id":"GG2050-REPD-12123","properties":{"capacity_mw":13.8,"gg_project_id":"GG2050-REPD-12123","name":"Cressing Farm, Witham Road - Solar Farm","operator":"Eden Renewables","repd_ref":"12123","repd_technology":"Solar Photovoltaics","status":"Awaiting Construction","technology":"solar"},"type":"Feature"},{"geometry":{"coordinates":[0.5185018,51.1726976],"type":"Point"},"id":"GG2050-REPD-2315","properties":{"capacity_mw":13.6,"gg_project_id":"GG2050-REPD-2315","name":"Great Pagehurst Farm","operator":"Sunsave 22 (Pagehurst Farm) Limited","repd_ref":"2315","repd_technology":"Solar Photovoltaics","status":"Appeal Refused","technology":"solar"},"type":"Feature"},{"geometry":{"coordinates":[0.7886082,52.339615],"type":"Point"},"id":"GG2050-REPD-1757","properties":{"capacity_mw":13.6,"gg_project_id":"GG2050-REPD-1757","name":"Honington Solar Farm","operator":"NextEnergy Solar Fund (NESF)","repd_ref":"1757","repd_technology":"Solar Photovoltaics","status":"Operational","technology":"solar"},"type":"Feature"},{"geometry":{"coordinates":[-6.0994,54.518139],"type":"Point"},"id":"GG2050-REPD-2236","properties":{"capacity_mw":13.5,"gg_project_id":"GG2050-REPD-2236","name":"Ballinderry Road Solar Phase 1 (Lisburn)","operator":"Hadstone Energy/Island Green Power","repd_ref":"2236","repd_technology":"Solar Photovoltaics","status":"Operational","technology":"solar"},"type":"Feature"},{"geometry":{"coordinates":[1.1468971,51.921308],"type":"Point"},"id":"GG2050-REPD-1977","properties":{"capacity_mw":13.5,"gg_project_id":"GG2050-REPD-1977","name":"Burnt Ash Farm","operator":"Kinetica Solar","repd_ref":"1977","repd_technology":"Solar Photovoltaics","status":"Appeal Refused","technology":"solar"},"type":"Feature"},{"geometry":{"coordinates":[-2.0530704,51.3299587],"type":"Point"},"id":"GG2050-REPD-18110","properties":{"capacity_mw":13.5,"gg_project_id":"GG2050-REPD-18110","name":"Byde Mill Solar Farm, Poulshot - Solar Farm","operator":"Ampyr","repd_ref":"18110","repd_technology":"Solar Photovoltaics","status":"Awaiting Construction","technology":"solar"},"type":"Feature"},{"geometry":{"coordinates":[-4.0380487,51.7708136],"type":"Point"},"id":"GG2050-REPD-1951","properties":{"capacity_mw":13.5,"gg_project_id":"GG2050-REPD-1951","name":"Clawdd Ddu PV","operator":"Elgin Energy EsCo","repd_ref":"1951","repd_technology":"Solar Photovoltaics","status":"Operational","technology":"solar"},"type":"Feature"},{"geometry":{"coordinates":[-1.2584531,53.4655676],"type":"Point"},"id":"GG2050-REPD-18281","properties":{"capacity_mw":13.5,"gg_project_id":"GG2050-REPD-18281","name":"Firsby Lane, Hooton Roberts - Solar Panels","operator":"ILOS","repd_ref":"18281","repd_technology":"Solar Photovoltaics","status":"Application Submitted","technology":"solar"},"type":"Feature"},{"geometry":{"coordinates":[-2.5395452,51.1462802],"type":"Point"},"id":"GG2050-REPD-1849","properties":{"capacity_mw":13.5,"gg_project_id":"GG2050-REPD-1849","name":"Lower Easton Farm","operator":"Pylle Solar","repd_ref":"1849","repd_technology":"Solar Photovoltaics","status":"Application Refused","technology":"solar"},"type":"Feature"},{"geometry":{"coordinates":[-2.1627459,51.380103],"type":"Point"},"id":"GG2050-REPD-2023","properties":{"capacity_mw":13.5,"gg_project_id":"GG2050-REPD-2023","name":"Roundponds Farm Solar Park","operator":"Hive Energy","repd_ref":"2023","repd_technology":"Solar Photovoltaics","status":"Operational","technology":"solar"},"type":"Feature"},{"geometry":{"coordinates":[-2.6259933,50.8021602],"type":"Point"},"id":"GG2050-REPD-9443","properties":{"capacity_mw":13.5,"gg_project_id":"GG2050-REPD-9443","name":"Wraxall Road, Higher Wraxall - Solar Farm","operator":"British Solar Renewables","repd_ref":"9443","repd_technology":"Solar Photovoltaics","status":"Application Withdrawn","technology":"solar"},"type":"Feature"},{"geometry":{"coordinates":[-2.5707632,51.0148907],"type":"Point"},"id":"GG2050-REPD-6563","properties":{"capacity_mw":13.4,"gg_project_id":"GG2050-REPD-6563","name":"Bindwell Lane","operator":"NextPower SPV 8 Limited","repd_ref":"6563","repd_technology":"Solar Photovoltaics","status":"Planning Permission Expired","technology":"solar"},"type":"Feature"},{"geometry":{"coordinates":[-3.2764873,51.6744541],"type":"Point"},"id":"GG2050-REPD-2370","properties":{"capacity_mw":13.4,"gg_project_id":"GG2050-REPD-2370","name":"Hendai Farm","operator":"Conergy UK","repd_ref":"2370","repd_technology":"Solar Photovoltaics","status":"Operational","technology":"solar"},"type":"Feature"},{"geometry":{"coordinates":[-0.2513935,51.1912292],"type":"Point"},"id":"GG2050-REPD-1773","properties":{"capacity_mw":13.4,"gg_project_id":"GG2050-REPD-1773","name":"Mynthurst Farm","operator":"Mynthurst Farms","repd_ref":"1773","repd_technology":"Solar Photovoltaics","status":"Appeal Refused","technology":"solar"},"type":"Feature"},{"geometry":{"coordinates":[-2.6419524,53.0125042],"type":"Point"},"id":"GG2050-REPD-4835","properties":{"capacity_mw":13.3,"gg_project_id":"GG2050-REPD-4835","name":"Hurst Hall","operator":"Green Switch Solutions","repd_ref":"4835","repd_technology":"Solar Photovoltaics","status":"Appeal Refused","technology":"solar"},"type":"Feature"},{"geometry":{"coordinates":[-3.7847484,51.6266441],"type":"Point"},"id":"GG2050-REPD-1877","properties":{"capacity_mw":13.3,"gg_project_id":"GG2050-REPD-1877","name":"Tylerfedwen Farm Solar Park","operator":"Private Developer","repd_ref":"1877","repd_technology":"Solar Photovoltaics","status":"Planning Permission Expired","technology":"solar"},"type":"Feature"},{"geometry":{"coordinates":[1.6055394,52.4340403],"type":"Point"},"id":"GG2050-REPD-1527","properties":{"capacity_mw":13.2,"gg_project_id":"GG2050-REPD-1527","name":"Ellough Airfield (Resubmission)","operator":"Next Energy Solar Fund Ltd","repd_ref":"1527","repd_technology":"Solar Photovoltaics","status":"Operational","technology":"solar"},"type":"Feature"},{"geometry":{"coordinates":[-1.4263735,51.794038],"type":"Point"},"id":"GG2050-REPD-1529","properties":{"capacity_mw":13.2,"gg_project_id":"GG2050-REPD-1529","name":"Eynsham Solar Farm","operator":"Belltown Power","repd_ref":"1529","repd_technology":"Solar Photovoltaics","status":"Operational","technology":"solar"},"type":"Feature"},{"geometry":{"coordinates":[-1.8647536,50.8470439],"type":"Point"},"id":"GG2050-REPD-1761","properties":{"capacity_mw":13.2,"gg_project_id":"GG2050-REPD-1761","name":"Homeland Solar Farm","operator":"Foresight","repd_ref":"1761","repd_technology":"Solar Photovoltaics","status":"Operational","technology":"solar"},"type":"Feature"},{"geometry":{"coordinates":[-0.739483,51.8394928],"type":"Point"},"id":"GG2050-REPD-2217","properties":{"capacity_mw":13.1,"gg_project_id":"GG2050-REPD-2217","name":"Folly Farm","operator":"Hive Energy","repd_ref":"2217","repd_technology":"Solar Photovoltaics","status":"Operational","technology":"solar"},"type":"Feature"},{"geometry":{"coordinates":[-0.0291337,52.1191067],"type":"Point"},"id":"GG2050-REPD-1875","properties":{"capacity_mw":13.1,"gg_project_id":"GG2050-REPD-1875","name":"Hoback Farm","operator":"TGC Renewables","repd_ref":"1875","repd_technology":"Solar Photovoltaics","status":"Operational","technology":"solar"},"type":"Feature"},{"geometry":{"coordinates":[-6.253617,54.8839043],"type":"Point"},"id":"GG2050-REPD-6007","properties":{"capacity_mw":13.0,"gg_project_id":"GG2050-REPD-6007","name":"Ballygarvey Road","operator":"Elgin Energy EsCo","repd_ref":"6007","repd_technology":"Solar Photovoltaics","status":"Operational","technology":"solar"},"type":"Feature"},{"geometry":{"coordinates":[-4.0990423,50.377815],"type":"Point"},"id":"GG2050-REPD-9571","properties":{"capacity_mw":13.0,"gg_project_id":"GG2050-REPD-9571","name":"Chelson Meadow - Solar Farm","operator":"PEC Renewables Limited & Plymouth City Council","repd_ref":"9571","repd_technology":"Solar Photovoltaics","status":"Awaiting Construction","technology":"solar"},"type":"Feature"},{"geometry":{"coordinates":[1.0872776,51.8219306],"type":"Point"},"id":"GG2050-REPD-1950","properties":{"capacity_mw":13.0,"gg_project_id":"GG2050-REPD-1950","name":"Chisbon Solar Farm (Frowick Lane)","operator":"ESCO NRG","repd_ref":"1950","repd_technology":"Solar Photovoltaics","status":"Operational","technology":"solar"},"type":"Feature"},{"geometry":{"coordinates":[-2.3637582,57.1183313],"type":"Point"},"id":"GG2050-REPD-8842","properties":{"capacity_mw":13.0,"gg_project_id":"GG2050-REPD-8842","name":"Cullerlie Solar Farm","operator":"Elgin Energy ES Co Limited","repd_ref":"8842","repd_technology":"Solar Photovoltaics","status":"Awaiting Construction","technology":"solar"},"type":"Feature"},{"geometry":{"coordinates":[-0.3096411,52.6932797],"type":"Point"},"id":"GG2050-REPD-1434","properties":{"capacity_mw":13.0,"gg_project_id":"GG2050-REPD-1434","name":"Deeping Gate Tree Nurseries solar park","operator":"Lark Energy","repd_ref":"1434","repd_technology":"Solar Photovoltaics","status":"Application Refused","technology":"solar"},"type":"Feature"},{"geometry":{"coordinates":[-3.2770806,56.3677197],"type":"Point"},"id":"GG2050-REPD-1930","properties":{"capacity_mw":13.0,"gg_project_id":"GG2050-REPD-1930","name":"Errol Estate","operator":"Elgin Energy EsCo","repd_ref":"1930","repd_technology":"Solar Photovoltaics","status":"Operational","technology":"solar"},"type":"Feature"},{"geometry":{"coordinates":[-3.4873693,54.7032845],"type":"Point"},"id":"GG2050-REPD-18951","properties":{"capacity_mw":13.0,"gg_project_id":"GG2050-REPD-18951","name":"Ewanrigg Farmhouse, Ewanrigg - Solar Farm","operator":"Anesco Limited","repd_ref":"18951","repd_technology":"Solar Photovoltaics","status":"Awaiting Construction","technology":"solar"},"type":"Feature"},{"geometry":{"coordinates":[-2.0935507,52.3382955],"type":"Point"},"id":"GG2050-REPD-19977","properties":{"capacity_mw":13.0,"gg_project_id":"GG2050-REPD-19977","name":"Foxwalks Solar Farm - Extension","operator":"Spring Dev 10 Limited","repd_ref":"19977","repd_technology":"Solar Photovoltaics","status":"Application Submitted","technology":"solar"},"type":"Feature"},{"geometry":{"coordinates":[-1.291429,54.7006382],"type":"Point"},"id":"GG2050-REPD-4798","properties":{"capacity_mw":13.0,"gg_project_id":"GG2050-REPD-4798","name":"Home Farm","operator":"European Energy Photovoltaics","repd_ref":"4798","repd_technology":"Solar Photovoltaics","status":"Abandoned","technology":"solar"},"type":"Feature"},{"geometry":{"coordinates":[-0.2532075,52.0404563],"type":"Point"},"id":"GG2050-REPD-2357","properties":{"capacity_mw":13.0,"gg_project_id":"GG2050-REPD-2357","name":"Langford Solar Farm","operator":"Lark Energy","repd_ref":"2357","repd_technology":"Solar Photovoltaics","status":"Operational","technology":"solar"},"type":"Feature"},{"geometry":{"coordinates":[-4.1205183,51.1104785],"type":"Point"},"id":"GG2050-REPD-2252","properties":{"capacity_mw":13.0,"gg_project_id":"GG2050-REPD-2252","name":"Luscott Barton","operator":"Sunsave 7 Luscott Barton Ltd/ vogt Solar","repd_ref":"2252","repd_technology":"Solar Photovoltaics","status":"Operational","technology":"solar"},"type":"Feature"},{"geometry":{"coordinates":[-1.8786435,51.6388289],"type":"Point"},"id":"GG2050-REPD-10764","properties":{"capacity_mw":13.0,"gg_project_id":"GG2050-REPD-10764","name":"Malmesbury Road Solar Farm","operator":"Wessex Solar Energy Limited","repd_ref":"10764","repd_technology":"Solar Photovoltaics","status":"Awaiting Construction","technology":"solar"},"type":"Feature"},{"geometry":{"coordinates":[-2.9774654,53.7833758],"type":"Point"},"id":"GG2050-REPD-17226","properties":{"capacity_mw":13.0,"gg_project_id":"GG2050-REPD-17226","name":"Peel Road Phase 2 - Solar Farm","operator":"Energi Generation","repd_ref":"17226","repd_technology":"Solar Photovoltaics","status":"Application Submitted","technology":"solar"},"type":"Feature"},{"geometry":{"coordinates":[-1.2257805,51.8440845],"type":"Point"},"id":"GG2050-REPD-1671","properties":{"capacity_mw":13.0,"gg_project_id":"GG2050-REPD-1671","name":"Rowles Farm solar park","operator":"United Photovoltaics","repd_ref":"1671","repd_technology":"Solar Photovoltaics","status":"Operational","technology":"solar"},"type":"Feature"},{"geometry":{"coordinates":[-1.1993856,52.3468061],"type":"Point"},"id":"GG2050-REPD-11896","properties":{"capacity_mw":13.0,"gg_project_id":"GG2050-REPD-11896","name":"Rugby Road, Kilsby - Rainsbrook Solar Farm","operator":"Voltalia Limited","repd_ref":"11896","repd_technology":"Solar Photovoltaics","status":"Awaiting Construction","technology":"solar"},"type":"Feature"},{"geometry":{"coordinates":[-1.9008445,50.8613242],"type":"Point"},"id":"GG2050-REPD-2086","properties":{"capacity_mw":13.0,"gg_project_id":"GG2050-REPD-2086","name":"Wedgehill Farm","operator":"Orta Solar","repd_ref":"2086","repd_technology":"Solar Photovoltaics","status":"Operational","technology":"solar"},"type":"Feature"},{"geometry":{"coordinates":[-1.818639,51.7205177],"type":"Point"},"id":"GG2050-REPD-13557","properties":{"capacity_mw":13.0,"gg_project_id":"GG2050-REPD-13557","name":"Welsh Way - Solar PV Farm","operator":"Innova Renewables","repd_ref":"13557","repd_technology":"Solar Photovoltaics","status":"Awaiting Construction","technology":"solar"},"type":"Feature"},{"geometry":{"coordinates":[-5.3584386,50.1917534],"type":"Point"},"id":"GG2050-REPD-2349","properties":{"capacity_mw":12.8,"gg_project_id":"GG2050-REPD-2349","name":"Lanyon Farm","operator":"Good Energy Generation","repd_ref":"2349","repd_technology":"Solar Photovoltaics","status":"Appeal Withdrawn","technology":"solar"},"type":"Feature"},{"geometry":{"coordinates":[1.3048272,51.2707046],"type":"Point"},"id":"GG2050-REPD-2291","properties":{"capacity_mw":12.8,"gg_project_id":"GG2050-REPD-2291","name":"Marshborough Farm solar park","operator":"Vogt Solar","repd_ref":"2291","repd_technology":"Solar Photovoltaics","status":"Revised","technology":"solar"},"type":"Feature"},{"geometry":{"coordinates":[0.0509385,52.7459953],"type":"Point"},"id":"GG2050-REPD-2366","properties":{"capacity_mw":12.7,"gg_project_id":"GG2050-REPD-2366","name":"Grange Farm (Lincolnshire)","operator":"Green Switch Solutions","repd_ref":"2366","repd_technology":"Solar Photovoltaics","status":"Operational","technology":"solar"},"type":"Feature"},{"geometry":{"coordinates":[-1.6983322,51.5978009],"type":"Point"},"id":"GG2050-REPD-2049","properties":{"capacity_mw":12.7,"gg_project_id":"GG2050-REPD-2049","name":"Roves Farm (Solar)","operator":"Bluefield Solar","repd_ref":"2049","repd_technology":"Solar Photovoltaics","status":"Operational","technology":"solar"},"type":"Feature"},{"geometry":{"coordinates":[1.3494689,52.766758],"type":"Point"},"id":"GG2050-REPD-1092","properties":{"capacity_mw":12.7,"gg_project_id":"GG2050-REPD-1092","name":"SCOTTOW ROAD SOLAR FARM","operator":"Shaw Coltishall Solar Park Limited","repd_ref":"1092","repd_technology":"Solar Photovoltaics","status":"Application Withdrawn","technology":"solar"},"type":"Feature"},{"geometry":{"coordinates":[-4.4148095,53.1786685],"type":"Point"},"id":"GG2050-REPD-2104","properties":{"capacity_mw":12.6,"gg_project_id":"GG2050-REPD-2104","name":"Bodorgan Solar Farm","operator":"Anesco","repd_ref":"2104","repd_technology":"Solar Photovoltaics","status":"Operational","technology":"solar"},"type":"Feature"},{"geometry":{"coordinates":[0.5796874,51.9557977],"type":"Point"},"id":"GG2050-REPD-1912","properties":{"capacity_mw":12.6,"gg_project_id":"GG2050-REPD-1912","name":"Gosfield Airfield","operator":"Push Energy","repd_ref":"1912","repd_technology":"Solar Photovoltaics","status":"Operational","technology":"solar"},"type":"Feature"},{"geometry":{"coordinates":[-3.4048049,50.7599284],"type":"Point"},"id":"GG2050-REPD-1984","properties":{"capacity_mw":12.5,"gg_project_id":"GG2050-REPD-1984","name":"Crannaford Solar Farm","operator":"MS Power Projects","repd_ref":"1984","repd_technology":"Solar Photovoltaics","status":"Operational","technology":"solar"},"type":"Feature"},{"geometry":{"coordinates":[-1.9131613,51.7240869],"type":"Point"},"id":"GG2050-REPD-2136","properties":{"capacity_mw":12.5,"gg_project_id":"GG2050-REPD-2136","name":"Crucis Park","operator":"Solar Planning Limited","repd_ref":"2136","repd_technology":"Solar Photovoltaics","status":"Operational","technology":"solar"},"type":"Feature"},{"geometry":{"coordinates":[-2.6357151,56.5736542],"type":"Point"},"id":"GG2050-REPD-17328","properties":{"capacity_mw":12.5,"gg_project_id":"GG2050-REPD-17328","name":"Denfield - Solar Farm","operator":"Peter J Stirling Limited","repd_ref":"17328","repd_technology":"Solar Photovoltaics","status":"Awaiting Construction","technology":"solar"},"type":"Feature"},{"geometry":{"coordinates":[-2.4613593,53.0231585],"type":"Point"},"id":"GG2050-REPD-14524","properties":{"capacity_mw":12.5,"gg_project_id":"GG2050-REPD-14524","name":"Hatherton Lodge Farm, Hunsterson Road - Solar Farm","operator":"Noventum Power Limited","repd_ref":"14524","repd_technology":"Solar Photovoltaics","status":"Awaiting Construction","technology":"solar"},"type":"Feature"},{"geometry":{"coordinates":[-0.2868109,50.8981676],"type":"Point"},"id":"GG2050-REPD-16236","properties":{"capacity_mw":12.5,"gg_project_id":"GG2050-REPD-16236","name":"Horton Landfill Site, Henfield Road - Solar Panels","operator":"Valencia Energy Limited","repd_ref":"16236","repd_technology":"Solar Photovoltaics","status":"Application Submitted","technology":"solar"},"type":"Feature"},{"geometry":{"coordinates":[-1.6326816,51.208716],"type":"Point"},"id":"GG2050-REPD-2149","properties":{"capacity_mw":12.5,"gg_project_id":"GG2050-REPD-2149","name":"Manor Farm (Thruxton)","operator":"Lightsource Renewable Energy","repd_ref":"2149","repd_technology":"Solar Photovoltaics","status":"Application Withdrawn","technology":"solar"},"type":"Feature"},{"geometry":{"coordinates":[-1.1823792,51.868031],"type":"Point"},"id":"GG2050-REPD-2045","properties":{"capacity_mw":12.5,"gg_project_id":"GG2050-REPD-2045","name":"New Stone House","operator":"INRG Solar","repd_ref":"2045","repd_technology":"Solar Photovoltaics","status":"Operational","technology":"solar"},"type":"Feature"},{"geometry":{"coordinates":[0.500923,52.4333909],"type":"Point"},"id":"GG2050-REPD-2076","properties":{"capacity_mw":12.5,"gg_project_id":"GG2050-REPD-2076","name":"Toggam Farm","operator":"Forest Heath District Council","repd_ref":"2076","repd_technology":"Solar Photovoltaics","status":"Operational","technology":"solar"},"type":"Feature"},{"geometry":{"coordinates":[-4.4244272,50.7259117],"type":"Point"},"id":"GG2050-REPD-2122","properties":{"capacity_mw":12.5,"gg_project_id":"GG2050-REPD-2122","name":"Villaton Farm Solar Park","operator":"Lightsource Renewable Energy","repd_ref":"2122","repd_technology":"Solar Photovoltaics","status":"Application Refused","technology":"solar"},"type":"Feature"},{"geometry":{"coordinates":[0.6217146,52.1113639],"type":"Point"},"id":"GG2050-REPD-15751","properties":{"capacity_mw":12.5,"gg_project_id":"GG2050-REPD-15751","name":"Wales End Road, Cavendish - Solar Farm","operator":"Noventum Power Limited","repd_ref":"15751","repd_technology":"Solar Photovoltaics","status":"Application Submitted","technology":"solar"},"type":"Feature"},{"geometry":{"coordinates":[-1.6081736,51.7854332],"type":"Point"},"id":"GG2050-REPD-2089","properties":{"capacity_mw":12.5,"gg_project_id":"GG2050-REPD-2089","name":"Westerfield Farm","operator":"Lightsource Renewable Energy","repd_ref":"2089","repd_technology":"Solar Photovoltaics","status":"Operational","technology":"solar"},"type":"Feature"},{"geometry":{"coordinates":[-0.83238,52.9660056],"type":"Point"},"id":"GG2050-REPD-1498","properties":{"capacity_mw":12.4,"gg_project_id":"GG2050-REPD-1498","name":"Lodge Farm - Orston","operator":"Lightsource Renewable Energy","repd_ref":"1498","repd_technology":"Solar Photovoltaics","status":"Operational","technology":"solar"},"type":"Feature"},{"geometry":{"coordinates":[-0.2041506,53.5789706],"type":"Point"},"id":"GG2050-REPD-17508","properties":{"capacity_mw":12.4,"gg_project_id":"GG2050-REPD-17508","name":"Stallingborough Road - Solar PV Panels","operator":"Island Green Power","repd_ref":"17508","repd_technology":"Solar Photovoltaics","status":"Application Submitted","technology":"solar"},"type":"Feature"},{"geometry":{"coordinates":[-1.7379078,51.1514051],"type":"Point"},"id":"GG2050-REPD-2345","properties":{"capacity_mw":12.3,"gg_project_id":"GG2050-REPD-2345","name":"Boscombe Airfield","operator":"Lark Energy","repd_ref":"2345","repd_technology":"Solar Photovoltaics","status":"Operational","technology":"solar"},"type":"Feature"},{"geometry":{"coordinates":[1.4737095,52.3522478],"type":"Point"},"id":"GG2050-REPD-1717","properties":{"capacity_mw":12.3,"gg_project_id":"GG2050-REPD-1717","name":"Chediston Hall Solar Park","operator":"Lightsource Renewable Energy","repd_ref":"1717","repd_technology":"Solar Photovoltaics","status":"Operational","technology":"solar"},"type":"Feature"},{"geometry":{"coordinates":[-2.7300539,52.6326784],"type":"Point"},"id":"GG2050-REPD-2212","properties":{"capacity_mw":12.3,"gg_project_id":"GG2050-REPD-2212","name":"Condover Airfield","operator":"Lightsource Renewable Energy","repd_ref":"2212","repd_technology":"Solar Photovoltaics","status":"Operational","technology":"solar"},"type":"Feature"},{"geometry":{"coordinates":[0.7195144,51.8247561],"type":"Point"},"id":"GG2050-REPD-2000","properties":{"capacity_mw":12.2,"gg_project_id":"GG2050-REPD-2000","name":"Highfields Farm (Colchester)","operator":"Hive Energy","repd_ref":"2000","repd_technology":"Solar Photovoltaics","status":"Operational","technology":"solar"},"type":"Feature"},{"geometry":{"coordinates":[-2.1670947,50.8448618],"type":"Point"},"id":"GG2050-REPD-4840","properties":{"capacity_mw":12.1,"gg_project_id":"GG2050-REPD-4840","name":"Littleton","operator":"Lightsource Renewable Energy","repd_ref":"4840","repd_technology":"Solar Photovoltaics","status":"Operational","technology":"solar"},"type":"Feature"},{"geometry":{"coordinates":[-4.9417459,51.8134728],"type":"Point"},"id":"GG2050-REPD-2180","properties":{"capacity_mw":12.1,"gg_project_id":"GG2050-REPD-2180","name":"Shoals Hook Farm","operator":"John Laing Environmental Assets Group","repd_ref":"2180","repd_technology":"Solar Photovoltaics","status":"Operational","technology":"solar"},"type":"Feature"},{"geometry":{"coordinates":[-0.6251207,51.2373671],"type":"Point"},"id":"GG2050-REPD-16170","properties":{"capacity_mw":12.1,"gg_project_id":"GG2050-REPD-16170","name":"University of Surrey, Blackwell Farm - Solar Farm","operator":"SSE Enterprise Contracting","repd_ref":"16170","repd_technology":"Solar Photovoltaics","status":"Awaiting Construction","technology":"solar"},"type":"Feature"},{"geometry":{"coordinates":[-0.793077,50.7644255],"type":"Point"},"id":"GG2050-REPD-1957","properties":{"capacity_mw":12.0,"gg_project_id":"GG2050-REPD-1957","name":"Bakers Farm (solar)","operator":"Quercus Renewable Holding 2","repd_ref":"1957","repd_technology":"Solar Photovoltaics","status":"Operational","technology":"solar"},"type":"Feature"},{"geometry":{"coordinates":[-1.1525683,51.4155941],"type":"Point"},"id":"GG2050-REPD-14923","properties":{"capacity_mw":12.0,"gg_project_id":"GG2050-REPD-14923","name":"Bath Road, Grange Lane - Solar Photovoltaic Array","operator":"Grundon Waste Management Limited","repd_ref":"14923","repd_technology":"Solar Photovoltaics","status":"Awaiting Construction","technology":"solar"},"type":"Feature"},{"geometry":{"coordinates":[-1.0982084,51.3140925],"type":"Point"},"id":"GG2050-REPD-1683","properties":{"capacity_mw":12.0,"gg_project_id":"GG2050-REPD-1683","name":"Beaurepaire Farm","operator":"KS SPV33 Ltd","repd_ref":"1683","repd_technology":"Solar Photovoltaics","status":"Application Refused","technology":"solar"},"type":"Feature"},{"geometry":{"coordinates":[1.4032836,52.7204628],"type":"Point"},"id":"GG2050-REPD-1093","properties":{"capacity_mw":12.0,"gg_project_id":"GG2050-REPD-1093","name":"BELAUGH ROAD SOLAR FARM","operator":"Trafford Estate Solar Park Ltd","repd_ref":"1093","repd_technology":"Solar Photovoltaics","status":"Application Withdrawn","technology":"solar"},"type":"Feature"},{"geometry":{"coordinates":[-1.8656489,51.6009525],"type":"Point"},"id":"GG2050-REPD-17256","properties":{"capacity_mw":12.0,"gg_project_id":"GG2050-REPD-17256","name":"Bentham House Farm, Mopes Lane - Solar Farm","operator":"Spring Dev 08 Limited","repd_ref":"17256","repd_technology":"Solar Photovoltaics","status":"Awaiting Construction","technology":"solar"},"type":"Feature"},{"geometry":{"coordinates":[0.0288815,51.3318879],"type":"Point"},"id":"GG2050-REPD-15451","properties":{"capacity_mw":12.0,"gg_project_id":"GG2050-REPD-15451","name":"Biggin Hill Airport, Main Road - Solar PV Array","operator":"LXi REIT","repd_ref":"15451","repd_technology":"Solar Photovoltaics","status":"Under Construction","technology":"solar"},"type":"Feature"},{"geometry":{"coordinates":[-1.1511116,51.0826614],"type":"Point"},"id":"GG2050-REPD-1282","properties":{"capacity_mw":12.0,"gg_project_id":"GG2050-REPD-1282","name":"Bishops Sutton","operator":"Lightsource Renewable Energy","repd_ref":"1282","repd_technology":"Solar Photovoltaics","status":"Operational","technology":"solar"},"type":"Feature"},{"geometry":{"coordinates":[-1.2080648,50.9442634],"type":"Point"},"id":"GG2050-REPD-1325","properties":{"capacity_mw":12.0,"gg_project_id":"GG2050-REPD-1325","name":"Bishop’s Waltham Solar Farm","operator":"Solafields U/Bishop's Waltham Renewables Ltd","repd_ref":"1325","repd_technology":"Solar Photovoltaics","status":"Operational","technology":"solar"},"type":"Feature"},{"geometry":{"coordinates":[-0.8963242,51.7483135],"type":"Point"},"id":"GG2050-REPD-6282","properties":{"capacity_mw":12.0,"gg_project_id":"GG2050-REPD-6282","name":"Bumpers Farm Phase 2","operator":"Anesco","repd_ref":"6282","repd_technology":"Solar Photovoltaics","status":"Awaiting Construction","technology":"solar"},"type":"Feature"},{"geometry":{"coordinates":[-2.217411,51.4936407],"type":"Point"},"id":"GG2050-REPD-1944","properties":{"capacity_mw":12.0,"gg_project_id":"GG2050-REPD-1944","name":"Castle Combe Circuit","operator":"Sunsave 17 / Vogt Solar","repd_ref":"1944","repd_technology":"Solar Photovoltaics","status":"Operational","technology":"solar"},"type":"Feature"},{"geometry":{"coordinates":[0.4405233,50.888912],"type":"Point"},"id":"GG2050-REPD-1887","properties":{"capacity_mw":12.0,"gg_project_id":"GG2050-REPD-1887","name":"Catsfield Solar Farm","operator":"Iota Solar (OPDE)","repd_ref":"1887","repd_technology":"Solar Photovoltaics","status":"Revised","technology":"solar"},"type":"Feature"},{"geometry":{"coordinates":[-3.8401965,55.5998363],"type":"Point"},"id":"GG2050-REPD-10409","properties":{"capacity_mw":12.0,"gg_project_id":"GG2050-REPD-10409","name":"Central Eco Park - Solar Farm","operator":"HY2Go Limited","repd_ref":"10409","repd_technology":"Solar Photovoltaics","status":"Awaiting Construction","technology":"solar"},"type":"Feature"},{"geometry":{"coordinates":[-2.5687237,50.7580658],"type":"Point"},"id":"GG2050-REPD-17163","properties":{"capacity_mw":12.0,"gg_project_id":"GG2050-REPD-17163","name":"Cruxton Farm - Solar Farm","operator":"Environmental Asset Management","repd_ref":"17163","repd_technology":"Solar Photovoltaics","status":"Application Refused","technology":"solar"},"type":"Feature"},{"geometry":{"coordinates":[-2.6357151,56.5736542],"type":"Point"},"id":"GG2050-REPD-15197","properties":{"capacity_mw":12.0,"gg_project_id":"GG2050-REPD-15197","name":"Denfield - Solar Farm","operator":"Peter J Stirling Limited","repd_ref":"15197","repd_technology":"Solar Photovoltaics","status":"Revised","technology":"solar"},"type":"Feature"},{"geometry":{"coordinates":[-1.1809672,52.206545],"type":"Point"},"id":"GG2050-REPD-12700","properties":{"capacity_mw":12.0,"gg_project_id":"GG2050-REPD-12700","name":"Fawsley Estate, Fawsley - Solar Arrays","operator":"Elgin Energy EsCo","repd_ref":"12700","repd_technology":"Solar Photovoltaics","status":"Awaiting Construction","technology":"solar"},"type":"Feature"},{"geometry":{"coordinates":[-0.428657,53.2438637],"type":"Point"},"id":"GG2050-REPD-2369","properties":{"capacity_mw":12.0,"gg_project_id":"GG2050-REPD-2369","name":"Fiskerton Airfield (Phase 1)","operator":"NESF (formerly Lark Energy)","repd_ref":"2369","repd_technology":"Solar Photovoltaics","status":"Operational","technology":"solar"},"type":"Feature"},{"geometry":{"coordinates":[-2.6251554,53.6531635],"type":"Point"},"id":"GG2050-REPD-18797","properties":{"capacity_mw":12.0,"gg_project_id":"GG2050-REPD-18797","name":"Green Energy Park, Eyes Lane - Solar panels","operator":"GA Pet Food Partners Group Limited","repd_ref":"18797","repd_technology":"Solar Photovoltaics","status":"Application Submitted","technology":"solar"},"type":"Feature"},{"geometry":{"coordinates":[-2.7640881,51.2256337],"type":"Point"},"id":"GG2050-REPD-2198","properties":{"capacity_mw":12.0,"gg_project_id":"GG2050-REPD-2198","name":"Hawkers Farm","operator":"Smiths Gore","repd_ref":"2198","repd_technology":"Solar Photovoltaics","status":"Revised","technology":"solar"},"type":"Feature"},{"geometry":{"coordinates":[1.1877207,51.8164965],"type":"Point"},"id":"GG2050-REPD-1460","properties":{"capacity_mw":12.0,"gg_project_id":"GG2050-REPD-1460","name":"Holland Road","operator":"Push Energy","repd_ref":"1460","repd_technology":"Solar Photovoltaics","status":"Application Refused","technology":"solar"},"type":"Feature"},{"geometry":{"coordinates":[0.7147496,52.6373887],"type":"Point"},"id":"GG2050-REPD-2172","properties":{"capacity_mw":12.0,"gg_project_id":"GG2050-REPD-2172","name":"Home Farm (Swaffham)","operator":"juwi Renewable Energies","repd_ref":"2172","repd_technology":"Solar Photovoltaics","status":"Application Withdrawn","technology":"solar"},"type":"Feature"},{"geometry":{"coordinates":[-4.9043477,50.3533572],"type":"Point"},"id":"GG2050-REPD-2028","properties":{"capacity_mw":12.0,"gg_project_id":"GG2050-REPD-2028","name":"KERNICK MICA DAM - SOLAR FARM","operator":"Private Developer","repd_ref":"2028","repd_technology":"Solar Photovoltaics","status":"Operational","technology":"solar"},"type":"Feature"},{"geometry":{"coordinates":[-3.1512495,56.1560979],"type":"Point"},"id":"GG2050-REPD-5800","properties":{"capacity_mw":12.0,"gg_project_id":"GG2050-REPD-5800","name":"Land North of Balbeggie Avenue","operator":"North Gisborne","repd_ref":"5800","repd_technology":"Solar Photovoltaics","status":"Awaiting Construction","technology":"solar"},"type":"Feature"},{"geometry":{"coordinates":[1.3958426,52.7188686],"type":"Point"},"id":"GG2050-REPD-1162","properties":{"capacity_mw":12.0,"gg_project_id":"GG2050-REPD-1162","name":"Land off Belaugh Road","operator":"Trafford Estate Solar Park Ltd","repd_ref":"1162","repd_technology":"Solar Photovoltaics","status":"Application Withdrawn","technology":"solar"},"type":"Feature"},{"geometry":{"coordinates":[0.0632509,53.019888],"type":"Point"},"id":"GG2050-REPD-1494","properties":{"capacity_mw":12.0,"gg_project_id":"GG2050-REPD-1494","name":"Leverton Ings","operator":"Hazel Capital LLP","repd_ref":"1494","repd_technology":"Solar Photovoltaics","status":"Operational","technology":"solar"},"type":"Feature"},{"geometry":{"coordinates":[-2.2184671,51.3801381],"type":"Point"},"id":"GG2050-REPD-2031","properties":{"capacity_mw":12.0,"gg_project_id":"GG2050-REPD-2031","name":"Little Chalfield Solar Farm","operator":"Solar Planning","repd_ref":"2031","repd_technology":"Solar Photovoltaics","status":"Appeal Refused","technology":"solar"},"type":"Feature"},{"geometry":{"coordinates":[0.6142027,51.4551338],"type":"Point"},"id":"GG2050-REPD-2135","properties":{"capacity_mw":12.0,"gg_project_id":"GG2050-REPD-2135","name":"MALMAYNES HALL FARM","operator":"Wessex Solar Energy","repd_ref":"2135","repd_technology":"Solar Photovoltaics","status":"Operational","technology":"solar"},"type":"Feature"},{"geometry":{"coordinates":[-0.957095,51.9962264],"type":"Point"},"id":"GG2050-REPD-8079","properties":{"capacity_mw":12.0,"gg_project_id":"GG2050-REPD-8079","name":"Manor Farm","operator":"Iqony SENS UK Limited / Wessex Solar Energy","repd_ref":"8079","repd_technology":"Solar Photovoltaics","status":"Awaiting Construction","technology":"solar"},"type":"Feature"},{"geometry":{"coordinates":[-1.0999847,52.7866156],"type":"Point"},"id":"GG2050-REPD-2306","properties":{"capacity_mw":12.0,"gg_project_id":"GG2050-REPD-2306","name":"Melton Road (PV)","operator":"Epsilon Solar","repd_ref":"2306","repd_technology":"Solar Photovoltaics","status":"Revised","technology":"solar"},"type":"Feature"},{"geometry":{"coordinates":[0.3768423,51.8733707],"type":"Point"},"id":"GG2050-REPD-19076","properties":{"capacity_mw":12.0,"gg_project_id":"GG2050-REPD-19076","name":"Merks Hill Farm, Braintree Road - Solar Farm","operator":"Sky UK Development Limited","repd_ref":"19076","repd_technology":"Solar Photovoltaics","status":"Application Submitted","technology":"solar"},"type":"Feature"},{"geometry":{"coordinates":[-2.1988031,51.0163502],"type":"Point"},"id":"GG2050-REPD-16914","properties":{"capacity_mw":12.0,"gg_project_id":"GG2050-REPD-16914","name":"Motcombe Road, Motcombe - Solar Pv Arrays","operator":"Enviromena","repd_ref":"16914","repd_technology":"Solar Photovoltaics","status":"Application Submitted","technology":"solar"},"type":"Feature"},{"geometry":{"coordinates":[-0.8943468,52.0393867],"type":"Point"},"id":"GG2050-REPD-2228","properties":{"capacity_mw":12.0,"gg_project_id":"GG2050-REPD-2228","name":"Mount Mill Farm","operator":"OPDE","repd_ref":"2228","repd_technology":"Solar Photovoltaics","status":"Operational","technology":"solar"},"type":"Feature"},{"geometry":{"coordinates":[1.087133,51.2480853],"type":"Point"},"id":"GG2050-REPD-2302","properties":{"capacity_mw":12.0,"gg_project_id":"GG2050-REPD-2302","name":"Nackington Farm Solar Park- Site C","operator":"Green Energy UK Direct Ltd","repd_ref":"2302","repd_technology":"Solar Photovoltaics","status":"Application Withdrawn","technology":"solar"},"type":"Feature"},{"geometry":{"coordinates":[-1.3329674,50.8905308],"type":"Point"},"id":"GG2050-REPD-2044","properties":{"capacity_mw":12.0,"gg_project_id":"GG2050-REPD-2044","name":"Netley Landfill Solar","operator":"REG Solarpower/Veolia","repd_ref":"2044","repd_technology":"Solar Photovoltaics","status":"Operational","technology":"solar"},"type":"Feature"},{"geometry":{"coordinates":[-1.6854116,52.8397448],"type":"Point"},"id":"GG2050-REPD-13636","properties":{"capacity_mw":12.0,"gg_project_id":"GG2050-REPD-13636","name":"Rolleston Park Farm, Lodge Hill - Solar Farm","operator":"Push Generation & Supply Limited","repd_ref":"13636","repd_technology":"Solar Photovoltaics","status":"Operational","technology":"solar"},"type":"Feature"},{"geometry":{"coordinates":[-3.6352894,50.5067866],"type":"Point"},"id":"GG2050-REPD-5234","properties":{"capacity_mw":12.0,"gg_project_id":"GG2050-REPD-5234","name":"Rydon Farm","operator":"MTS Rydon Solar","repd_ref":"5234","repd_technology":"Solar Photovoltaics","status":"Operational","technology":"solar"},"type":"Feature"},{"geometry":{"coordinates":[-1.2347198,52.425058],"type":"Point"},"id":"GG2050-REPD-4793","properties":{"capacity_mw":12.0,"gg_project_id":"GG2050-REPD-4793","name":"School Farm","operator":"Hive Energy","repd_ref":"4793","repd_technology":"Solar Photovoltaics","status":"Application Refused","technology":"solar"},"type":"Feature"},{"geometry":{"coordinates":[1.1877207,51.8164965],"type":"Point"},"id":"GG2050-REPD-1461","properties":{"capacity_mw":12.0,"gg_project_id":"GG2050-REPD-1461","name":"Sladburys Farm","operator":"Push Energy","repd_ref":"1461","repd_technology":"Solar Photovoltaics","status":"Application Withdrawn","technology":"solar"},"type":"Feature"},{"geometry":{"coordinates":[-1.8814416,51.546356],"type":"Point"},"id":"GG2050-REPD-2061","properties":{"capacity_mw":12.0,"gg_project_id":"GG2050-REPD-2061","name":"Spittleborough Farm","operator":"MTS Spittleborough Solar Ltd","repd_ref":"2061","repd_technology":"Solar Photovoltaics","status":"Operational","technology":"solar"},"type":"Feature"},{"geometry":{"coordinates":[0.3686366,51.9670598],"type":"Point"},"id":"GG2050-REPD-1166","properties":{"capacity_mw":12.0,"gg_project_id":"GG2050-REPD-1166","name":"Spriggs Farm","operator":"Abic","repd_ref":"1166","repd_technology":"Solar Photovoltaics","status":"Operational","technology":"solar"},"type":"Feature"},{"geometry":{"coordinates":[-2.6670082,52.375943],"type":"Point"},"id":"GG2050-REPD-9826","properties":{"capacity_mw":12.0,"gg_project_id":"GG2050-REPD-9826","name":"Squirrel Lane - Solar Photovoltaic Farm","operator":"Locogen Limited","repd_ref":"9826","repd_technology":"Solar Photovoltaics","status":"Operational","technology":"solar"},"type":"Feature"},{"geometry":{"coordinates":[-2.1836368,50.6880778],"type":"Point"},"id":"GG2050-REPD-2256","properties":{"capacity_mw":12.0,"gg_project_id":"GG2050-REPD-2256","name":"Stokeford Farm","operator":"Private Developer","repd_ref":"2256","repd_technology":"Solar Photovoltaics","status":"Revised","technology":"solar"},"type":"Feature"},{"geometry":{"coordinates":[-2.2523391,50.9832362],"type":"Point"},"id":"GG2050-REPD-6233","properties":{"capacity_mw":12.0,"gg_project_id":"GG2050-REPD-6233","name":"Stour Row Solar Farm","operator":"Allied Renewables","repd_ref":"6233","repd_technology":"Solar Photovoltaics","status":"Planning Permission Expired","technology":"solar"},"type":"Feature"},{"geometry":{"coordinates":[-1.5208458,50.9118836],"type":"Point"},"id":"GG2050-REPD-13716","properties":{"capacity_mw":12.0,"gg_project_id":"GG2050-REPD-13716","name":"Thornlands Farm, Fletchwood Road - Solar Farm","operator":"Enviromena Asset Management UK Limited","repd_ref":"13716","repd_technology":"Solar Photovoltaics","status":"Application Refused","technology":"solar"},"type":"Feature"},{"geometry":{"coordinates":[-4.9536765,50.3410223],"type":"Point"},"id":"GG2050-REPD-1760","properties":{"capacity_mw":12.0,"gg_project_id":"GG2050-REPD-1760","name":"Trendeal Solar Farm","operator":"Caledon Partners","repd_ref":"1760","repd_technology":"Solar Photovoltaics","status":"Abandoned","technology":"solar"},"type":"Feature"},{"geometry":{"coordinates":[0.3172896,52.3284653],"type":"Point"},"id":"GG2050-REPD-5002","properties":{"capacity_mw":12.0,"gg_project_id":"GG2050-REPD-5002","name":"Triangle Solar Farm Park","operator":"Cambridge County Council","repd_ref":"5002","repd_technology":"Solar Photovoltaics","status":"Operational","technology":"solar"},"type":"Feature"},{"geometry":{"coordinates":[-3.8731004,50.754478],"type":"Point"},"id":"GG2050-REPD-7781","properties":{"capacity_mw":12.0,"gg_project_id":"GG2050-REPD-7781","name":"Two Post Lane","operator":"Solar South West","repd_ref":"7781","repd_technology":"Solar Photovoltaics","status":"Operational","technology":"solar"},"type":"Feature"},{"geometry":{"coordinates":[-1.099707,51.1721008],"type":"Point"},"id":"GG2050-REPD-2082","properties":{"capacity_mw":12.0,"gg_project_id":"GG2050-REPD-2082","name":"Upper Farm solar park","operator":"Kronos Solar","repd_ref":"2082","repd_technology":"Solar Photovoltaics","status":"Operational","technology":"solar"},"type":"Feature"},{"geometry":{"coordinates":[-3.1329791,54.9963887],"type":"Point"},"id":"GG2050-REPD-18586","properties":{"capacity_mw":12.0,"gg_project_id":"GG2050-REPD-18586","name":"West Scales Energy Park","operator":"West Scales Windfarm Limited","repd_ref":"18586","repd_technology":"Solar Photovoltaics","status":"Application Submitted","technology":"solar"},"type":"Feature"},{"geometry":{"coordinates":[-1.6081881,51.7854333],"type":"Point"},"id":"GG2050-REPD-1212","properties":{"capacity_mw":12.0,"gg_project_id":"GG2050-REPD-1212","name":"Westerfield Farm","operator":"Lightsource Renewable Energy","repd_ref":"1212","repd_technology":"Solar Photovoltaics","status":"Revised","technology":"solar"},"type":"Feature"},{"geometry":{"coordinates":[-0.8347104,52.7799833],"type":"Point"},"id":"GG2050-REPD-18338","properties":{"capacity_mw":12.0,"gg_project_id":"GG2050-REPD-18338","name":"Woodfold Lane, Brentingby - Solar Farm","operator":"Noventum Power Limited","repd_ref":"18338","repd_technology":"Solar Photovoltaics","status":"Application Submitted","technology":"solar"},"type":"Feature"},{"geometry":{"coordinates":[0.9937622,51.9104028],"type":"Point"},"id":"GG2050-REPD-1946","properties":{"capacity_mw":11.9,"gg_project_id":"GG2050-REPD-1946","name":"Chancery Farm (Ardleigh)","operator":"BlackRock","repd_ref":"1946","repd_technology":"Solar Photovoltaics","status":"Operational","technology":"solar"},"type":"Feature"},{"geometry":{"coordinates":[-1.0139917,53.1546757],"type":"Point"},"id":"GG2050-REPD-2320","properties":{"capacity_mw":11.9,"gg_project_id":"GG2050-REPD-2320","name":"Eakring Solar Farm","operator":"Lightsource Renewable Energy","repd_ref":"2320","repd_technology":"Solar Photovoltaics","status":"Operational","technology":"solar"},"type":"Feature"},{"geometry":{"coordinates":[-2.5687237,50.7580658],"type":"Point"},"id":"GG2050-REPD-9167","properties":{"capacity_mw":11.8,"gg_project_id":"GG2050-REPD-9167","name":"Cruxton Farm - Solar Farm","operator":"Environmental Asset Management","repd_ref":"9167","repd_technology":"Solar Photovoltaics","status":"Revised","technology":"solar"},"type":"Feature"},{"geometry":{"coordinates":[-4.3678053,50.8025908],"type":"Point"},"id":"GG2050-REPD-1648","properties":{"capacity_mw":11.8,"gg_project_id":"GG2050-REPD-1648","name":"Derriton Fields Solar Farm","operator":"Sunsave 12 (Derriton Fields) Limited./ Vogt solar","repd_ref":"1648","repd_technology":"Solar Photovoltaics","status":"Operational","technology":"solar"},"type":"Feature"},{"geometry":{"coordinates":[-1.1363042,51.1349331],"type":"Point"},"id":"GG2050-REPD-6213","properties":{"capacity_mw":11.77,"gg_project_id":"GG2050-REPD-6213","name":"Godsfield Solar Farm","operator":"Anesco Limited","repd_ref":"6213","repd_technology":"Solar Photovoltaics","status":"Application Withdrawn","technology":"solar"},"type":"Feature"},{"geometry":{"coordinates":[0.4221974,51.4722008],"type":"Point"},"id":"GG2050-REPD-4704","properties":{"capacity_mw":11.6,"gg_project_id":"GG2050-REPD-4704","name":"Barvills Solar Farm","operator":"Barvills Solar Limited (BE Renewables)","repd_ref":"4704","repd_technology":"Solar Photovoltaics","status":"Revised","technology":"solar"},"type":"Feature"},{"geometry":{"coordinates":[-3.5912517,51.7409274],"type":"Point"},"id":"GG2050-REPD-2286","properties":{"capacity_mw":11.6,"gg_project_id":"GG2050-REPD-2286","name":"Hendre Fawr Farm","operator":"INRG Solar","repd_ref":"2286","repd_technology":"Solar Photovoltaics","status":"Operational","technology":"solar"},"type":"Feature"},{"geometry":{"coordinates":[-2.1697817,50.8182131],"type":"Point"},"id":"GG2050-REPD-2233","properties":{"capacity_mw":11.6,"gg_project_id":"GG2050-REPD-2233","name":"North Farm (Spetisbury)","operator":"British Solar Renewables","repd_ref":"2233","repd_technology":"Solar Photovoltaics","status":"Operational","technology":"solar"},"type":"Feature"},{"geometry":{"coordinates":[1.2868604,52.0088166],"type":"Point"},"id":"GG2050-REPD-2066","properties":{"capacity_mw":11.6,"gg_project_id":"GG2050-REPD-2066","name":"Stratton Hall Solar Park","operator":"Stratton Hall Solar Park Limited","repd_ref":"2066","repd_technology":"Solar Photovoltaics","status":"Operational","technology":"solar"},"type":"Feature"},{"geometry":{"coordinates":[-0.3647372,52.9418017],"type":"Point"},"id":"GG2050-REPD-2220","properties":{"capacity_mw":11.6,"gg_project_id":"GG2050-REPD-2220","name":"White Gorse Farm","operator":"Green Switch Solutions - Liquidated","repd_ref":"2220","repd_technology":"Solar Photovoltaics","status":"Planning Permission Expired","technology":"solar"},"type":"Feature"},{"geometry":{"coordinates":[0.627118,52.6732298],"type":"Point"},"id":"GG2050-REPD-1713","properties":{"capacity_mw":11.5,"gg_project_id":"GG2050-REPD-1713","name":"Burntstalk Solar Park","operator":"Lightsource Renewable Energy","repd_ref":"1713","repd_technology":"Solar Photovoltaics","status":"Operational","technology":"solar"},"type":"Feature"},{"geometry":{"coordinates":[-1.3569028,51.635927],"type":"Point"},"id":"GG2050-REPD-1716","properties":{"capacity_mw":11.5,"gg_project_id":"GG2050-REPD-1716","name":"Goose Willow Farm","operator":"IKAROS SOLAR LIMITED","repd_ref":"1716","repd_technology":"Solar Photovoltaics","status":"Operational","technology":"solar"},"type":"Feature"},{"geometry":{"coordinates":[1.264874,51.2348661],"type":"Point"},"id":"GG2050-REPD-1382","properties":{"capacity_mw":11.5,"gg_project_id":"GG2050-REPD-1382","name":"Home Farm (Knowlton - solar)","operator":"Sunsave 20 (Knowlton) Ltd/ Vogt Solar","repd_ref":"1382","repd_technology":"Solar Photovoltaics","status":"Operational","technology":"solar"},"type":"Feature"},{"geometry":{"coordinates":[-2.0203324,52.9473298],"type":"Point"},"id":"GG2050-REPD-2032","properties":{"capacity_mw":11.5,"gg_project_id":"GG2050-REPD-2032","name":"Lower Newton Farm","operator":"Novus Solar Developments","repd_ref":"2032","repd_technology":"Solar Photovoltaics","status":"Operational","technology":"solar"},"type":"Feature"},{"geometry":{"coordinates":[0.4274754,50.8731568],"type":"Point"},"id":"GG2050-REPD-2368","properties":{"capacity_mw":11.5,"gg_project_id":"GG2050-REPD-2368","name":"Pashley Farm","operator":"Bluefield Solar Income Fund","repd_ref":"2368","repd_technology":"Solar Photovoltaics","status":"Operational","technology":"solar"},"type":"Feature"},{"geometry":{"coordinates":[-2.6066649,51.0099258],"type":"Point"},"id":"GG2050-REPD-1395","properties":{"capacity_mw":11.5,"gg_project_id":"GG2050-REPD-1395","name":"Southfield Farm Solar Park","operator":"British Solar Renewables","repd_ref":"1395","repd_technology":"Solar Photovoltaics","status":"Revised","technology":"solar"},"type":"Feature"},{"geometry":{"coordinates":[-2.6085721,51.0140614],"type":"Point"},"id":"GG2050-REPD-2060","properties":{"capacity_mw":11.5,"gg_project_id":"GG2050-REPD-2060","name":"Southfield Farm Solar Park","operator":"British Solar Renewables","repd_ref":"2060","repd_technology":"Solar Photovoltaics","status":"Operational","technology":"solar"},"type":"Feature"},{"geometry":{"coordinates":[0.2023156,53.1426905],"type":"Point"},"id":"GG2050-REPD-1826","properties":{"capacity_mw":11.4,"gg_project_id":"GG2050-REPD-1826","name":"Lincoln Farm","operator":"juwi Renewable Energies","repd_ref":"1826","repd_technology":"Solar Photovoltaics","status":"Operational","technology":"solar"},"type":"Feature"},{"geometry":{"coordinates":[0.7958145,51.1586782],"type":"Point"},"id":"GG2050-REPD-1258","properties":{"capacity_mw":11.4,"gg_project_id":"GG2050-REPD-1258","name":"Oaklands Farm","operator":"Pegasus Group","repd_ref":"1258","repd_technology":"Solar Photovoltaics","status":"Revised","technology":"solar"},"type":"Feature"},{"geometry":{"coordinates":[-2.978421,51.1787979],"type":"Point"},"id":"GG2050-REPD-2190","properties":{"capacity_mw":11.4,"gg_project_id":"GG2050-REPD-2190","name":"Puriton Landfill Solar Farm","operator":"SBC Renewables","repd_ref":"2190","repd_technology":"Solar Photovoltaics","status":"Operational","technology":"solar"},"type":"Feature"},{"geometry":{"coordinates":[-4.3623162,50.4241312],"type":"Point"},"id":"GG2050-REPD-1074","properties":{"capacity_mw":11.4,"gg_project_id":"GG2050-REPD-1074","name":"Trequite Farm","operator":"Elgin Energy EsCo","repd_ref":"1074","repd_technology":"Solar Photovoltaics","status":"Revised","technology":"solar"},"type":"Feature"},{"geometry":{"coordinates":[0.6888701,51.358065],"type":"Point"},"id":"GG2050-REPD-1970","properties":{"capacity_mw":11.3,"gg_project_id":"GG2050-REPD-1970","name":"Bobbing solar farm","operator":"Solar Securities (Group)","repd_ref":"1970","repd_technology":"Solar Photovoltaics","status":"Operational","technology":"solar"},"type":"Feature"},{"geometry":{"coordinates":[-2.0975534,50.7355373],"type":"Point"},"id":"GG2050-REPD-2058","properties":{"capacity_mw":11.3,"gg_project_id":"GG2050-REPD-2058","name":"South Newton Farm","operator":"Equitix","repd_ref":"2058","repd_technology":"Solar Photovoltaics","status":"Operational","technology":"solar"},"type":"Feature"},{"geometry":{"coordinates":[-0.2453843,51.8658187],"type":"Point"},"id":"GG2050-REPD-2275","properties":{"capacity_mw":11.3,"gg_project_id":"GG2050-REPD-2275","name":"Three Houses Lane","operator":"Lightsource Renewable Energy","repd_ref":"2275","repd_technology":"Solar Photovoltaics","status":"Application Refused","technology":"solar"},"type":"Feature"},{"geometry":{"coordinates":[-1.1376829,53.2239169],"type":"Point"},"id":"GG2050-REPD-2283","properties":{"capacity_mw":11.3,"gg_project_id":"GG2050-REPD-2283","name":"Welbeck Colliery","operator":"Foresight","repd_ref":"2283","repd_technology":"Solar Photovoltaics","status":"Operational","technology":"solar"},"type":"Feature"},{"geometry":{"coordinates":[-2.1649521,51.4820014],"type":"Point"},"id":"GG2050-REPD-1476","properties":{"capacity_mw":11.0,"gg_project_id":"GG2050-REPD-1476","name":"Battens Farm Solar Park","operator":"Battens Farm Solar Park Ltd","repd_ref":"1476","repd_technology":"Solar Photovoltaics","status":"Operational","technology":"solar"},"type":"Feature"},{"geometry":{"coordinates":[-0.7881234,50.7300208],"type":"Point"},"id":"GG2050-REPD-8498","properties":{"capacity_mw":11.0,"gg_project_id":"GG2050-REPD-8498","name":"Ferry Farm - Solar array","operator":"BNRG & Lanlink Estates Limited","repd_ref":"8498","repd_technology":"Solar Photovoltaics","status":"Awaiting Construction","technology":"solar"},"type":"Feature"},{"geometry":{"coordinates":[-1.4789904,50.9636176],"type":"Point"},"id":"GG2050-REPD-6163","properties":{"capacity_mw":11.0,"gg_project_id":"GG2050-REPD-6163","name":"Grove Solar Park (Phase 2)","operator":"Solar Century","repd_ref":"6163","repd_technology":"Solar Photovoltaics","status":"Operational","technology":"solar"},"type":"Feature"},{"geometry":{"coordinates":[-2.3114256,50.995323],"type":"Point"},"id":"GG2050-REPD-6569","properties":{"capacity_mw":11.0,"gg_project_id":"GG2050-REPD-6569","name":"Higher Farm","operator":"NextPower Higher Farm Limited","repd_ref":"6569","repd_technology":"Solar Photovoltaics","status":"Appeal Refused","technology":"solar"},"type":"Feature"},{"geometry":{"coordinates":[-0.4939773,53.3779413],"type":"Point"},"id":"GG2050-REPD-15113","properties":{"capacity_mw":11.0,"gg_project_id":"GG2050-REPD-15113","name":"Highgate Lane, Normanby-By-Spital - Solar Photovoltaic Farm","operator":"Boultbee Brooks Renewables Walkford Moor Limited","repd_ref":"15113","repd_technology":"Solar Photovoltaics","status":"Awaiting Construction","technology":"solar"},"type":"Feature"},{"geometry":{"coordinates":[1.52577,52.3605982],"type":"Point"},"id":"GG2050-REPD-1715","properties":{"capacity_mw":11.0,"gg_project_id":"GG2050-REPD-1715","name":"Holton Airfield","operator":"Private Developer","repd_ref":"1715","repd_technology":"Solar Photovoltaics","status":"Operational","technology":"solar"},"type":"Feature"},{"geometry":{"coordinates":[-0.9501017,51.1423845],"type":"Point"},"id":"GG2050-REPD-4986","properties":{"capacity_mw":11.0,"gg_project_id":"GG2050-REPD-4986","name":"Land to the north and south of Cakers Lane (Wilsom)","operator":"Canadian Solar","repd_ref":"4986","repd_technology":"Solar Photovoltaics","status":"Operational","technology":"solar"},"type":"Feature"},{"geometry":{"coordinates":[1.0926219,51.2478684],"type":"Point"},"id":"GG2050-REPD-2303","properties":{"capacity_mw":11.0,"gg_project_id":"GG2050-REPD-2303","name":"Nackington Farm Solar Park- Site A","operator":"Green Energy UK Direct Ltd","repd_ref":"2303","repd_technology":"Solar Photovoltaics","status":"Application Withdrawn","technology":"solar"},"type":"Feature"},{"geometry":{"coordinates":[1.3070323,52.9011339],"type":"Point"},"id":"GG2050-REPD-1590","properties":{"capacity_mw":11.0,"gg_project_id":"GG2050-REPD-1590","name":"North Norfolk Business Centre Solar Park","operator":"NESF (formerly Lumicity) / Next Energy","repd_ref":"1590","repd_technology":"Solar Photovoltaics","status":"Operational","technology":"solar"},"type":"Feature"},{"geometry":{"coordinates":[-5.075493,50.3036867],"type":"Point"},"id":"GG2050-REPD-2008","properties":{"capacity_mw":11.0,"gg_project_id":"GG2050-REPD-2008","name":"Penare Farm Solar Farm","operator":"British Solar Renewables (formerly Solar Power Generation)","repd_ref":"2008","repd_technology":"Solar Photovoltaics","status":"Operational","technology":"solar"},"type":"Feature"},{"geometry":{"coordinates":[0.8063579,51.4016632],"type":"Point"},"id":"GG2050-REPD-1767","properties":{"capacity_mw":11.0,"gg_project_id":"GG2050-REPD-1767","name":"South Lees Farm","operator":"Solar Century","repd_ref":"1767","repd_technology":"Solar Photovoltaics","status":"Operational","technology":"solar"},"type":"Feature"},{"geometry":{"coordinates":[1.3400624,51.1956194],"type":"Point"},"id":"GG2050-REPD-2069","properties":{"capacity_mw":11.0,"gg_project_id":"GG2050-REPD-2069","name":"The Engine Shed Field","operator":"Lumicity","repd_ref":"2069","repd_technology":"Solar Photovoltaics","status":"Appeal Refused","technology":"solar"},"type":"Feature"},{"geometry":{"coordinates":[-0.9501017,51.1423845],"type":"Point"},"id":"GG2050-REPD-1515","properties":{"capacity_mw":11.0,"gg_project_id":"GG2050-REPD-1515","name":"Wilsom Farm","operator":"Canadian solar","repd_ref":"1515","repd_technology":"Solar Photovoltaics","status":"Operational","technology":"solar"},"type":"Feature"},{"geometry":{"coordinates":[-0.4268308,52.6147597],"type":"Point"},"id":"GG2050-REPD-13389","properties":{"capacity_mw":11.0,"gg_project_id":"GG2050-REPD-13389","name":"Wittering Ford Road, Barnack - Solar Photovoltaic Farm","operator":"Larkfleet limited","repd_ref":"13389","repd_technology":"Solar Photovoltaics","status":"Awaiting Construction","technology":"solar"},"type":"Feature"},{"geometry":{"coordinates":[-1.461719,54.9052664],"type":"Point"},"id":"GG2050-REPD-1839","properties":{"capacity_mw":11.0,"gg_project_id":"GG2050-REPD-1839","name":"Woodhouse Farm","operator":"European Energy Photovoltaics","repd_ref":"1839","repd_technology":"Solar Photovoltaics","status":"Application Refused","technology":"solar"},"type":"Feature"},{"geometry":{"coordinates":[-5.7317021,54.6330769],"type":"Point"},"id":"GG2050-REPD-5439","properties":{"capacity_mw":10.9,"gg_project_id":"GG2050-REPD-5439","name":"Clandeboye Estate Solar Farm","operator":"Hadstone Energy","repd_ref":"5439","repd_technology":"Solar Photovoltaics","status":"Application Withdrawn","technology":"solar"},"type":"Feature"},{"geometry":{"coordinates":[-0.8176895,52.3387941],"type":"Point"},"id":"GG2050-REPD-2222","properties":{"capacity_mw":10.9,"gg_project_id":"GG2050-REPD-2222","name":"Hall Farm (Hannington)","operator":"Archiception","repd_ref":"2222","repd_technology":"Solar Photovoltaics","status":"Planning Permission Expired","technology":"solar"},"type":"Feature"},{"geometry":{"coordinates":[-0.4369744,51.9750437],"type":"Point"},"id":"GG2050-REPD-1937","properties":{"capacity_mw":10.8,"gg_project_id":"GG2050-REPD-1937","name":"Faldo Farm","operator":"Faldo Solar Farm Ltd","repd_ref":"1937","repd_technology":"Solar Photovoltaics","status":"Application Refused","technology":"solar"},"type":"Feature"},{"geometry":{"coordinates":[0.3906683,51.9581253],"type":"Point"},"id":"GG2050-REPD-1322","properties":{"capacity_mw":10.8,"gg_project_id":"GG2050-REPD-1322","name":"Hyde Farm","operator":"Lightsource Renewable Energy / Push Energy","repd_ref":"1322","repd_technology":"Solar Photovoltaics","status":"Operational","technology":"solar"},"type":"Feature"},{"geometry":{"coordinates":[-1.371771,54.5894552],"type":"Point"},"id":"GG2050-REPD-9683","properties":{"capacity_mw":10.8,"gg_project_id":"GG2050-REPD-9683","name":"Letch Lane - Solar Farm","operator":"Anesco Limited","repd_ref":"9683","repd_technology":"Solar Photovoltaics","status":"Awaiting Construction","technology":"solar"},"type":"Feature"},{"geometry":{"coordinates":[-2.7772263,50.8988654],"type":"Point"},"id":"GG2050-REPD-2154","properties":{"capacity_mw":10.8,"gg_project_id":"GG2050-REPD-2154","name":"Lower Severalls Farm","operator":"Sigma Solar Limited / OPDE","repd_ref":"2154","repd_technology":"Solar Photovoltaics","status":"Operational","technology":"solar"},"type":"Feature"},{"geometry":{"coordinates":[-4.9523857,51.8501253],"type":"Point"},"id":"GG2050-REPD-1598","properties":{"capacity_mw":10.8,"gg_project_id":"GG2050-REPD-1598","name":"Rudbaxton Solar Park","operator":"Rudbaxton Solar Park Limited","repd_ref":"1598","repd_technology":"Solar Photovoltaics","status":"Operational","technology":"solar"},"type":"Feature"},{"geometry":{"coordinates":[-1.6282039,51.7789258],"type":"Point"},"id":"GG2050-REPD-4901","properties":{"capacity_mw":10.8,"gg_project_id":"GG2050-REPD-4901","name":"Shilton Downs Solar Park","operator":"Ecotricity / Next Generation","repd_ref":"4901","repd_technology":"Solar Photovoltaics","status":"Revised","technology":"solar"},"type":"Feature"},{"geometry":{"coordinates":[0.7150474,51.7750901],"type":"Point"},"id":"GG2050-REPD-1375","properties":{"capacity_mw":10.8,"gg_project_id":"GG2050-REPD-1375","name":"South of Beckingham Road","operator":"Lightsource Renewable Energy","repd_ref":"1375","repd_technology":"Solar Photovoltaics","status":"Revised","technology":"solar"},"type":"Feature"},{"geometry":{"coordinates":[0.7078972,51.7779441],"type":"Point"},"id":"GG2050-REPD-1962","properties":{"capacity_mw":10.7,"gg_project_id":"GG2050-REPD-1962","name":"Beckingham Road","operator":"Lightsource Renewable Energy","repd_ref":"1962","repd_technology":"Solar Photovoltaics","status":"Application Refused","technology":"solar"},"type":"Feature"},{"geometry":{"coordinates":[-3.5656678,50.6861573],"type":"Point"},"id":"GG2050-REPD-1419","properties":{"capacity_mw":10.7,"gg_project_id":"GG2050-REPD-1419","name":"Bowhay Farm","operator":"Lightsource Renewable Energy","repd_ref":"1419","repd_technology":"Solar Photovoltaics","status":"Application Withdrawn","technology":"solar"},"type":"Feature"},{"geometry":{"coordinates":[0.0308516,51.2201243],"type":"Point"},"id":"GG2050-REPD-13645","properties":{"capacity_mw":10.7,"gg_project_id":"GG2050-REPD-13645","name":"Gaywood Solar Farm","operator":"KYBO Solar Limited","repd_ref":"13645","repd_technology":"Solar Photovoltaics","status":"Awaiting Construction","technology":"solar"},"type":"Feature"},{"geometry":{"coordinates":[-1.4430759,50.6939531],"type":"Point"},"id":"GG2050-REPD-2314","properties":{"capacity_mw":10.7,"gg_project_id":"GG2050-REPD-2314","name":"Homestead Farm","operator":"Anesco","repd_ref":"2314","repd_technology":"Solar Photovoltaics","status":"Operational","technology":"solar"},"type":"Feature"},{"geometry":{"coordinates":[-2.33575,51.1845848],"type":"Point"},"id":"GG2050-REPD-2039","properties":{"capacity_mw":10.7,"gg_project_id":"GG2050-REPD-2039","name":"Monksham Solar Farm","operator":"John Laing Environmental Assets Group","repd_ref":"2039","repd_technology":"Solar Photovoltaics","status":"Operational","technology":"solar"},"type":"Feature"},{"geometry":{"coordinates":[-2.4909394,52.5294934],"type":"Point"},"id":"GG2050-REPD-2272","properties":{"capacity_mw":10.7,"gg_project_id":"GG2050-REPD-2272","name":"Upper Meadowley Farm","operator":"GDL Upper Meadowley","repd_ref":"2272","repd_technology":"Solar Photovoltaics","status":"Operational","technology":"solar"},"type":"Feature"},{"geometry":{"coordinates":[0.011237,51.6506334],"type":"Point"},"id":"GG2050-REPD-14209","properties":{"capacity_mw":10.7,"gg_project_id":"GG2050-REPD-14209","name":"West Essex Golf Club, Bury Road - Solar Farm","operator":"West Essex GC Green Energy Limited","repd_ref":"14209","repd_technology":"Solar Photovoltaics","status":"Appeal Refused","technology":"solar"},"type":"Feature"},{"geometry":{"coordinates":[-1.2454296,50.6772031],"type":"Point"},"id":"GG2050-REPD-4833","properties":{"capacity_mw":10.6,"gg_project_id":"GG2050-REPD-4833","name":"Fieldscale","operator":"SBC Renewables","repd_ref":"4833","repd_technology":"Solar Photovoltaics","status":"Operational","technology":"solar"},"type":"Feature"},{"geometry":{"coordinates":[0.9764512,51.1022113],"type":"Point"},"id":"GG2050-REPD-2006","properties":{"capacity_mw":10.6,"gg_project_id":"GG2050-REPD-2006","name":"Partridge Farm","operator":"Eco Energy World","repd_ref":"2006","repd_technology":"Solar Photovoltaics","status":"Operational","technology":"solar"},"type":"Feature"},{"geometry":{"coordinates":[-4.3788011,50.4358838],"type":"Point"},"id":"GG2050-REPD-2121","properties":{"capacity_mw":10.6,"gg_project_id":"GG2050-REPD-2121","name":"Trehawke Barton (Doddycross) Solar Farm","operator":"Foresight","repd_ref":"2121","repd_technology":"Solar Photovoltaics","status":"Operational","technology":"solar"},"type":"Feature"},{"geometry":{"coordinates":[1.0050417,51.8606762],"type":"Point"},"id":"GG2050-REPD-5125","properties":{"capacity_mw":10.5,"gg_project_id":"GG2050-REPD-5125","name":"Bluegates Solar Park","operator":"Edgar Middleton","repd_ref":"5125","repd_technology":"Solar Photovoltaics","status":"Operational","technology":"solar"},"type":"Feature"},{"geometry":{"coordinates":[-0.6974626,53.3224168],"type":"Point"},"id":"GG2050-REPD-1525","properties":{"capacity_mw":10.5,"gg_project_id":"GG2050-REPD-1525","name":"Danes Farm - extension","operator":"Freewatt Renewable Energy","repd_ref":"1525","repd_technology":"Solar Photovoltaics","status":"Operational","technology":"solar"},"type":"Feature"},{"geometry":{"coordinates":[-1.2192452,50.8817775],"type":"Point"},"id":"GG2050-REPD-10342","properties":{"capacity_mw":10.5,"gg_project_id":"GG2050-REPD-10342","name":"Funtley Solar Photovoltaic PV Farm","operator":"Private Developer","repd_ref":"10342","repd_technology":"Solar Photovoltaics","status":"Revised","technology":"solar"},"type":"Feature"},{"geometry":{"coordinates":[-1.2192452,50.8817775],"type":"Point"},"id":"GG2050-REPD-17202","properties":{"capacity_mw":10.5,"gg_project_id":"GG2050-REPD-17202","name":"Funtley Solar Photovoltaic PV Farm","operator":"Private Developer","repd_ref":"17202","repd_technology":"Solar Photovoltaics","status":"Application Submitted","technology":"solar"},"type":"Feature"},{"geometry":{"coordinates":[-0.587176,52.260721],"type":"Point"},"id":"GG2050-REPD-11923","properties":{"capacity_mw":10.5,"gg_project_id":"GG2050-REPD-11923","name":"Goosey Lodge - Solar Farm","operator":"Wykes Engineering Limited Goosey Lodge","repd_ref":"11923","repd_technology":"Solar Photovoltaics","status":"Awaiting Construction","technology":"solar"},"type":"Feature"},{"geometry":{"coordinates":[-1.7913683,51.5244624],"type":"Point"},"id":"GG2050-REPD-1850","properties":{"capacity_mw":10.5,"gg_project_id":"GG2050-REPD-1850","name":"Lower Basset Down Farm","operator":"INRG Solar","repd_ref":"1850","repd_technology":"Solar Photovoltaics","status":"Operational","technology":"solar"},"type":"Feature"},{"geometry":{"coordinates":[-2.9253203,51.8346362],"type":"Point"},"id":"GG2050-REPD-1746","properties":{"capacity_mw":10.5,"gg_project_id":"GG2050-REPD-1746","name":"Manor Farm (Monmouthshire)","operator":"3C Energy/Conergy","repd_ref":"1746","repd_technology":"Solar Photovoltaics","status":"Operational","technology":"solar"},"type":"Feature"},{"geometry":{"coordinates":[-1.2138581,51.9318302],"type":"Point"},"id":"GG2050-REPD-16000","properties":{"capacity_mw":10.5,"gg_project_id":"GG2050-REPD-16000","name":"Station Road, Ardley - Solar Farm & Battery Energy Storage System","operator":"Valencia Waster Management Limited","repd_ref":"16000","repd_technology":"Solar Photovoltaics","status":"Application Submitted","technology":"solar"},"type":"Feature"},{"geometry":{"coordinates":[-1.2940277,51.8046111],"type":"Point"},"id":"GG2050-REPD-2071","properties":{"capacity_mw":10.5,"gg_project_id":"GG2050-REPD-2071","name":"The Flit","operator":"United Photovoltaics","repd_ref":"2071","repd_technology":"Solar Photovoltaics","status":"Operational","technology":"solar"},"type":"Feature"},{"geometry":{"coordinates":[-2.574731,52.7034745],"type":"Point"},"id":"GG2050-REPD-4858","properties":{"capacity_mw":10.5,"gg_project_id":"GG2050-REPD-4858","name":"Tiddiecross Solar Farm","operator":"Vogt Solar","repd_ref":"4858","repd_technology":"Solar Photovoltaics","status":"Operational","technology":"solar"},"type":"Feature"},{"geometry":{"coordinates":[0.3596608,51.1781421],"type":"Point"},"id":"GG2050-REPD-2337","properties":{"capacity_mw":10.4,"gg_project_id":"GG2050-REPD-2337","name":"Capel Grange","operator":"West Coast Energy","repd_ref":"2337","repd_technology":"Solar Photovoltaics","status":"Application Refused","technology":"solar"},"type":"Feature"},{"geometry":{"coordinates":[0.2582635,53.1927195],"type":"Point"},"id":"GG2050-REPD-5260","properties":{"capacity_mw":10.4,"gg_project_id":"GG2050-REPD-5260","name":"Habertoft, Solar Farm South of Low Lane","operator":"Lark Energy","repd_ref":"5260","repd_technology":"Solar Photovoltaics","status":"Abandoned","technology":"solar"},"type":"Feature"},{"geometry":{"coordinates":[-1.4454953,52.2141794],"type":"Point"},"id":"GG2050-REPD-2279","properties":{"capacity_mw":10.4,"gg_project_id":"GG2050-REPD-2279","name":"The Elms","operator":"Foresight Solar Fund","repd_ref":"2279","repd_technology":"Solar Photovoltaics","status":"Operational","technology":"solar"},"type":"Feature"},{"geometry":{"coordinates":[-0.5879559,52.2619981],"type":"Point"},"id":"GG2050-REPD-15707","properties":{"capacity_mw":10.38,"gg_project_id":"GG2050-REPD-15707","name":"Gooseys Lodge, Wymington Lane - Solar Farm","operator":"Wykes Engineering Limited Goosey Lodge","repd_ref":"15707","repd_technology":"Solar Photovoltaics","status":"Awaiting Construction","technology":"solar"},"type":"Feature"},{"geometry":{"coordinates":[-2.7298064,52.6568627],"type":"Point"},"id":"GG2050-REPD-1485","properties":{"capacity_mw":10.2,"gg_project_id":"GG2050-REPD-1485","name":"Condover (Green Farm)","operator":"NextEnergy Solar Fund","repd_ref":"1485","repd_technology":"Solar Photovoltaics","status":"Operational","technology":"solar"},"type":"Feature"},{"geometry":{"coordinates":[1.1868199,52.9133617],"type":"Point"},"id":"GG2050-REPD-1329","properties":{"capacity_mw":10.2,"gg_project_id":"GG2050-REPD-1329","name":"Hall Farm, East Beckham","operator":"TGC Renewables","repd_ref":"1329","repd_technology":"Solar Photovoltaics","status":"Operational","technology":"solar"},"type":"Feature"},{"geometry":{"coordinates":[-1.1321842,50.6975216],"type":"Point"},"id":"GG2050-REPD-1758","properties":{"capacity_mw":10.2,"gg_project_id":"GG2050-REPD-1758","name":"Hill Farm Solar Park","operator":"Lightsource Renewable Energy (BNRG Renewables)","repd_ref":"1758","repd_technology":"Solar Photovoltaics","status":"Operational","technology":"solar"},"type":"Feature"},{"geometry":{"coordinates":[0.3661421,51.2903673],"type":"Point"},"id":"GG2050-REPD-9002","properties":{"capacity_mw":10.2,"gg_project_id":"GG2050-REPD-9002","name":"Offham Landfill Site - Solar PV Array","operator":"Infinis Limited","repd_ref":"9002","repd_technology":"Solar Photovoltaics","status":"Under Construction","technology":"solar"},"type":"Feature"},{"geometry":{"coordinates":[-2.7130556,52.6222907],"type":"Point"},"id":"GG2050-REPD-2211","properties":{"capacity_mw":10.2,"gg_project_id":"GG2050-REPD-2211","name":"Pitchford","operator":"Lightsource Renewable Energy","repd_ref":"2211","repd_technology":"Solar Photovoltaics","status":"Operational","technology":"solar"},"type":"Feature"},{"geometry":{"coordinates":[-2.9445939,51.2253228],"type":"Point"},"id":"GG2050-REPD-1681","properties":{"capacity_mw":10.2,"gg_project_id":"GG2050-REPD-1681","name":"Watchfield Lawn","operator":"Belltown Power","repd_ref":"1681","repd_technology":"Solar Photovoltaics","status":"Operational","technology":"solar"},"type":"Feature"},{"geometry":{"coordinates":[-4.3007481,50.7553026],"type":"Point"},"id":"GG2050-REPD-2290","properties":{"capacity_mw":10.2,"gg_project_id":"GG2050-REPD-2290","name":"West Venn solar farm","operator":"Solar Securities Group Ltd","repd_ref":"2290","repd_technology":"Solar Photovoltaics","status":"Revised","technology":"solar"},"type":"Feature"},{"geometry":{"coordinates":[-0.7352826,53.0221873],"type":"Point"},"id":"GG2050-REPD-2246","properties":{"capacity_mw":10.1,"gg_project_id":"GG2050-REPD-2246","name":"Copley Farm","operator":"TGC Renewables","repd_ref":"2246","repd_technology":"Solar Photovoltaics","status":"Abandoned","technology":"solar"},"type":"Feature"},{"geometry":{"coordinates":[-3.8229732,51.6189707],"type":"Point"},"id":"GG2050-REPD-5223","properties":{"capacity_mw":10.0,"gg_project_id":"GG2050-REPD-5223","name":"Baglan Bay Solar Farm - Phase 2","operator":"St. Modwen Developments","repd_ref":"5223","repd_technology":"Solar Photovoltaics","status":"Application Withdrawn","technology":"solar"},"type":"Feature"},{"geometry":{"coordinates":[-3.2170915,54.1706008],"type":"Point"},"id":"GG2050-REPD-14271","properties":{"capacity_mw":10.0,"gg_project_id":"GG2050-REPD-14271","name":"Bleabeck - Solar Farm","operator":"Noventum Power Limited","repd_ref":"14271","repd_technology":"Solar Photovoltaics","status":"Application Submitted","technology":"solar"},"type":"Feature"},{"geometry":{"coordinates":[-3.1988012,54.1748559],"type":"Point"},"id":"GG2050-REPD-20607","properties":{"capacity_mw":10.0,"gg_project_id":"GG2050-REPD-20607","name":"Bleabeck Solar Farm, Lots Road - Solar Farm","operator":"Noventum Power Limited","repd_ref":"20607","repd_technology":"Solar Photovoltaics","status":"Application Submitted","technology":"solar"},"type":"Feature"},{"geometry":{"coordinates":[-2.1653773,50.7127182],"type":"Point"},"id":"GG2050-REPD-1973","properties":{"capacity_mw":10.0,"gg_project_id":"GG2050-REPD-1973","name":"Bottom Plain","operator":"Inazin Energy/Low Carbon","repd_ref":"1973","repd_technology":"Solar Photovoltaics","status":"Operational","technology":"solar"},"type":"Feature"},{"geometry":{"coordinates":[-2.2155531,51.2798406],"type":"Point"},"id":"GG2050-REPD-5031","properties":{"capacity_mw":10.0,"gg_project_id":"GG2050-REPD-5031","name":"Brook Hall Farm","operator":"South West Solar Parks (Brook Hall Farm SPV)","repd_ref":"5031","repd_technology":"Solar Photovoltaics","status":"Revised","technology":"solar"},"type":"Feature"},{"geometry":{"coordinates":[-4.9460827,50.3609421],"type":"Point"},"id":"GG2050-REPD-1718","properties":{"capacity_mw":10.0,"gg_project_id":"GG2050-REPD-1718","name":"Burthy Farm","operator":"Elgin Energy EsCo","repd_ref":"1718","repd_technology":"Solar Photovoltaics","status":"Operational","technology":"solar"},"type":"Feature"},{"geometry":{"coordinates":[-3.3383661,56.3361283],"type":"Point"},"id":"GG2050-REPD-5569","properties":{"capacity_mw":10.0,"gg_project_id":"GG2050-REPD-5569","name":"Carey Solar Farm","operator":"Elgin Energy EsCo","repd_ref":"5569","repd_technology":"Solar Photovoltaics","status":"Planning Permission Expired","technology":"solar"},"type":"Feature"},{"geometry":{"coordinates":[-5.073921,50.3476632],"type":"Point"},"id":"GG2050-REPD-9142","properties":{"capacity_mw":10.0,"gg_project_id":"GG2050-REPD-9142","name":"Carland Cross - Solar Farm","operator":"Scottish Power Limited Payments and Supplier Services Department","repd_ref":"9142","repd_technology":"Solar Photovoltaics","status":"Under Construction","technology":"solar"},"type":"Feature"},{"geometry":{"coordinates":[-3.9108682,51.6318884],"type":"Point"},"id":"GG2050-REPD-6834","properties":{"capacity_mw":10.0,"gg_project_id":"GG2050-REPD-6834","name":"Carn Nicholas Farm (Extension)","operator":"Innova Renewables Limited","repd_ref":"6834","repd_technology":"Solar Photovoltaics","status":"Operational","technology":"solar"},"type":"Feature"},{"geometry":{"coordinates":[-0.362987,51.8606172],"type":"Point"},"id":"GG2050-REPD-1935","properties":{"capacity_mw":10.0,"gg_project_id":"GG2050-REPD-1935","name":"Chiltern Green Road","operator":"Lightsource Renewable Energy","repd_ref":"1935","repd_technology":"Solar Photovoltaics","status":"Application Withdrawn","technology":"solar"},"type":"Feature"},{"geometry":{"coordinates":[-0.4818063,51.987418],"type":"Point"},"id":"GG2050-REPD-2265","properties":{"capacity_mw":10.0,"gg_project_id":"GG2050-REPD-2265","name":"Clayhill Farm","operator":"Anesco","repd_ref":"2265","repd_technology":"Solar Photovoltaics","status":"Operational","technology":"solar"},"type":"Feature"},{"geometry":{"coordinates":[-2.1539607,53.7507174],"type":"Point"},"id":"GG2050-REPD-7669","properties":{"capacity_mw":10.0,"gg_project_id":"GG2050-REPD-7669","name":"Coal Clough Wind Farm (Co-located)","operator":"ScottishPower Renewables","repd_ref":"7669","repd_technology":"Solar Photovoltaics","status":"Application Submitted","technology":"solar"},"type":"Feature"},{"geometry":{"coordinates":[-1.4264296,52.7179382],"type":"Point"},"id":"GG2050-REPD-2270","properties":{"capacity_mw":10.0,"gg_project_id":"GG2050-REPD-2270","name":"Coalville solar farm","operator":"Big 60 Million","repd_ref":"2270","repd_technology":"Solar Photovoltaics","status":"Abandoned","technology":"solar"},"type":"Feature"},{"geometry":{"coordinates":[0.1312628,52.5962942],"type":"Point"},"id":"GG2050-REPD-7676","properties":{"capacity_mw":10.0,"gg_project_id":"GG2050-REPD-7676","name":"Coldham Estate Solar Farm","operator":"ScottishPower Renewables","repd_ref":"7676","repd_technology":"Solar Photovoltaics","status":"Planning Permission Expired","technology":"solar"},"type":"Feature"},{"geometry":{"coordinates":[-3.3228477,56.3462415],"type":"Point"},"id":"GG2050-REPD-6594","properties":{"capacity_mw":10.0,"gg_project_id":"GG2050-REPD-6594","name":"Cordon Farm","operator":"Elgin Energy","repd_ref":"6594","repd_technology":"Solar Photovoltaics","status":"Planning Permission Expired","technology":"solar"},"type":"Feature"},{"geometry":{"coordinates":[-2.5162102,50.6677711],"type":"Point"},"id":"GG2050-REPD-1682","properties":{"capacity_mw":10.0,"gg_project_id":"GG2050-REPD-1682","name":"Corton Farm","operator":"Corton Farm Solar Park Ltd","repd_ref":"1682","repd_technology":"Solar Photovoltaics","status":"Application Refused","technology":"solar"},"type":"Feature"},{"geometry":{"coordinates":[-3.1697973,51.635067],"type":"Point"},"id":"GG2050-REPD-1985","properties":{"capacity_mw":10.0,"gg_project_id":"GG2050-REPD-1985","name":"Cwmcaesingrug Farm","operator":"Kronos Solar","repd_ref":"1985","repd_technology":"Solar Photovoltaics","status":"Operational","technology":"solar"},"type":"Feature"},{"geometry":{"coordinates":[-2.500644,53.4685159],"type":"Point"},"id":"GG2050-REPD-16992","properties":{"capacity_mw":10.0,"gg_project_id":"GG2050-REPD-16992","name":"Duckinfield Farm, Hurst Lane - Solar Farm","operator":"Noventum Power Limited","repd_ref":"16992","repd_technology":"Solar Photovoltaics","status":"Awaiting Construction","technology":"solar"},"type":"Feature"},{"geometry":{"coordinates":[1.6059324,52.4388494],"type":"Point"},"id":"GG2050-REPD-1753","properties":{"capacity_mw":10.0,"gg_project_id":"GG2050-REPD-1753","name":"Ellough Airfield (Ellough 2 extension)","operator":"Lark Energy","repd_ref":"1753","repd_technology":"Solar Photovoltaics","status":"Operational","technology":"solar"},"type":"Feature"},{"geometry":{"coordinates":[0.3895779,51.5641062],"type":"Point"},"id":"GG2050-REPD-1763","properties":{"capacity_mw":10.0,"gg_project_id":"GG2050-REPD-1763","name":"Fairwind Farm","operator":"MS Power Projects Ltd","repd_ref":"1763","repd_technology":"Solar Photovoltaics","status":"Operational","technology":"solar"},"type":"Feature"},{"geometry":{"coordinates":[-1.2082102,52.0551566],"type":"Point"},"id":"GG2050-REPD-1530","properties":{"capacity_mw":10.0,"gg_project_id":"GG2050-REPD-1530","name":"Farthinghoe Solar Farm","operator":"Green Energy UK Direct","repd_ref":"1530","repd_technology":"Solar Photovoltaics","status":"Revised","technology":"solar"},"type":"Feature"},{"geometry":{"coordinates":[-1.2106014,52.0593354],"type":"Point"},"id":"GG2050-REPD-2230","properties":{"capacity_mw":10.0,"gg_project_id":"GG2050-REPD-2230","name":"Farthinghoe Solar Farm","operator":"Green Energy UK Direct","repd_ref":"2230","repd_technology":"Solar Photovoltaics","status":"Application Refused","technology":"solar"},"type":"Feature"},{"geometry":{"coordinates":[-1.2092459,50.8955858],"type":"Point"},"id":"GG2050-REPD-6392","properties":{"capacity_mw":10.0,"gg_project_id":"GG2050-REPD-6392","name":"Fontley House Farm","operator":"Jardin Smith International","repd_ref":"6392","repd_technology":"Solar Photovoltaics","status":"Awaiting Construction","technology":"solar"},"type":"Feature"},{"geometry":{"coordinates":[-0.322279,50.9428391],"type":"Point"},"id":"GG2050-REPD-1531","properties":{"capacity_mw":10.0,"gg_project_id":"GG2050-REPD-1531","name":"Ford Farm (Ashurst)","operator":"Conergy","repd_ref":"1531","repd_technology":"Solar Photovoltaics","status":"Operational","technology":"solar"},"type":"Feature"},{"geometry":{"coordinates":[-1.2205502,50.8802395],"type":"Point"},"id":"GG2050-REPD-1821","properties":{"capacity_mw":10.0,"gg_project_id":"GG2050-REPD-1821","name":"Funtley Refuse Tip","operator":"Cassidy & Ashton Group Ltd","repd_ref":"1821","repd_technology":"Solar Photovoltaics","status":"Planning Permission Expired","technology":"solar"},"type":"Feature"},{"geometry":{"coordinates":[-1.2121842,50.9354966],"type":"Point"},"id":"GG2050-REPD-17265","properties":{"capacity_mw":10.0,"gg_project_id":"GG2050-REPD-17265","name":"Glebe Farm, Curdridge Lane - Solar Farm","operator":"Glebe Farm Energy Limited","repd_ref":"17265","repd_technology":"Solar Photovoltaics","status":"Application Submitted","technology":"solar"},"type":"Feature"},{"geometry":{"coordinates":[0.3919223,51.6274328],"type":"Point"},"id":"GG2050-REPD-17349","properties":{"capacity_mw":10.0,"gg_project_id":"GG2050-REPD-17349","name":"Great Cowbridge Grange Farm, London Road - Solar Farm","operator":"Conrad Energy (Developments) Limited","repd_ref":"17349","repd_technology":"Solar Photovoltaics","status":"Awaiting Construction","technology":"solar"},"type":"Feature"},{"geometry":{"coordinates":[-3.3512321,50.732638],"type":"Point"},"id":"GG2050-REPD-1484","properties":{"capacity_mw":10.0,"gg_project_id":"GG2050-REPD-1484","name":"Great Houndbeare Farm","operator":"Sunsave 49 SPV (prev. Cherry Solar)","repd_ref":"1484","repd_technology":"Solar Photovoltaics","status":"Operational","technology":"solar"},"type":"Feature"},{"geometry":{"coordinates":[0.5769968,52.5459319],"type":"Point"},"id":"GG2050-REPD-18382","properties":{"capacity_mw":10.0,"gg_project_id":"GG2050-REPD-18382","name":"Hall Farm, West End Northwold - Solar Farm","operator":"Ampyr Solar Europe","repd_ref":"18382","repd_technology":"Solar Photovoltaics","status":"Operational","technology":"solar"},"type":"Feature"},{"geometry":{"coordinates":[-1.7090159,52.8664316],"type":"Point"},"id":"GG2050-REPD-8856","properties":{"capacity_mw":10.0,"gg_project_id":"GG2050-REPD-8856","name":"Hawthorn Farm - Solar photovoltaic panels","operator":"Unknown","repd_ref":"8856","repd_technology":"Solar Photovoltaics","status":"Under Construction","technology":"solar"},"type":"Feature"},{"geometry":{"coordinates":[1.0784248,52.1177101],"type":"Point"},"id":"GG2050-REPD-2002","properties":{"capacity_mw":10.0,"gg_project_id":"GG2050-REPD-2002","name":"Hill Farm (Baylham)","operator":"Hive Energy","repd_ref":"2002","repd_technology":"Solar Photovoltaics","status":"Application Withdrawn","technology":"solar"},"type":"Feature"},{"geometry":{"coordinates":[-5.0127113,51.6697674],"type":"Point"},"id":"GG2050-REPD-5257","properties":{"capacity_mw":10.0,"gg_project_id":"GG2050-REPD-5257","name":"Hoplass Farm","operator":"Kronos Solar","repd_ref":"5257","repd_technology":"Solar Photovoltaics","status":"Operational","technology":"solar"},"type":"Feature"},{"geometry":{"coordinates":[-2.69184,51.3553153],"type":"Point"},"id":"GG2050-REPD-19109","properties":{"capacity_mw":10.0,"gg_project_id":"GG2050-REPD-19109","name":"Howgrove Farm, Green Lane - Solar Panels","operator":"Greenvolt Power UK Limited","repd_ref":"19109","repd_technology":"Solar Photovoltaics","status":"Awaiting Construction","technology":"solar"},"type":"Feature"},{"geometry":{"coordinates":[-2.8659632,50.9373405],"type":"Point"},"id":"GG2050-REPD-2118","properties":{"capacity_mw":10.0,"gg_project_id":"GG2050-REPD-2118","name":"Hurcott Copse Solar Farm","operator":"Dillington Farms Ltd","repd_ref":"2118","repd_technology":"Solar Photovoltaics","status":"Operational","technology":"solar"},"type":"Feature"},{"geometry":{"coordinates":[0.6032849,51.6916349],"type":"Point"},"id":"GG2050-REPD-1825","properties":{"capacity_mw":10.0,"gg_project_id":"GG2050-REPD-1825","name":"Jackletts Farm","operator":"Lightsource Renewable Energy","repd_ref":"1825","repd_technology":"Solar Photovoltaics","status":"Application Refused","technology":"solar"},"type":"Feature"},{"geometry":{"coordinates":[-2.6322983,56.6409708],"type":"Point"},"id":"GG2050-REPD-12632","properties":{"capacity_mw":10.0,"gg_project_id":"GG2050-REPD-12632","name":"Kinnell Farm, Kinnell - Solar Farm & Battery Energy Storage","operator":"One Planet Developments Limited","repd_ref":"12632","repd_technology":"Solar Photovoltaics","status":"Awaiting Construction","technology":"solar"},"type":"Feature"},{"geometry":{"coordinates":[-1.4042814,53.6095699],"type":"Point"},"id":"GG2050-REPD-15166","properties":{"capacity_mw":10.0,"gg_project_id":"GG2050-REPD-15166","name":"Kirkgate Lane, Felkirk - Solar Array","operator":"Kirkgate Lane Solar Farm Limited","repd_ref":"15166","repd_technology":"Solar Photovoltaics","status":"Awaiting Construction","technology":"solar"},"type":"Feature"},{"geometry":{"coordinates":[-2.9443828,53.0707787],"type":"Point"},"id":"GG2050-REPD-5923","properties":{"capacity_mw":10.0,"gg_project_id":"GG2050-REPD-5923","name":"Land at Borras Hall","operator":"Earthworm/ EW Capital","repd_ref":"5923","repd_technology":"Solar Photovoltaics","status":"Abandoned","technology":"solar"},"type":"Feature"},{"geometry":{"coordinates":[-0.7845312,50.757682],"type":"Point"},"id":"GG2050-REPD-4931","properties":{"capacity_mw":10.0,"gg_project_id":"GG2050-REPD-4931","name":"Land At Ferry Farm","operator":"BNRG (sold to another developer)","repd_ref":"4931","repd_technology":"Solar Photovoltaics","status":"Operational","technology":"solar"},"type":"Feature"},{"geometry":{"coordinates":[1.0782111,52.117365],"type":"Point"},"id":"GG2050-REPD-1182","properties":{"capacity_mw":10.0,"gg_project_id":"GG2050-REPD-1182","name":"Land at Hill Farm","operator":"Hive Energy","repd_ref":"1182","repd_technology":"Solar Photovoltaics","status":"Application Withdrawn","technology":"solar"},"type":"Feature"},{"geometry":{"coordinates":[0.5895858,51.1521407],"type":"Point"},"id":"GG2050-REPD-5427","properties":{"capacity_mw":10.0,"gg_project_id":"GG2050-REPD-5427","name":"Land At Pullen Farm","operator":"Novus Solar Developments","repd_ref":"5427","repd_technology":"Solar Photovoltaics","status":"Appeal Refused","technology":"solar"},"type":"Feature"},{"geometry":{"coordinates":[-1.4808783,52.2537363],"type":"Point"},"id":"GG2050-REPD-5712","properties":{"capacity_mw":10.0,"gg_project_id":"GG2050-REPD-5712","name":"Land On The East Side Of Fosse Way","operator":"Anesco","repd_ref":"5712","repd_technology":"Solar Photovoltaics","status":"Operational","technology":"solar"},"type":"Feature"},{"geometry":{"coordinates":[-2.9116248,53.0567951],"type":"Point"},"id":"GG2050-REPD-5281","properties":{"capacity_mw":10.0,"gg_project_id":"GG2050-REPD-5281","name":"Land south of Francis Land","operator":"TGC Renewables/NESF","repd_ref":"5281","repd_technology":"Solar Photovoltaics","status":"Planning Permission Expired","technology":"solar"},"type":"Feature"},{"geometry":{"coordinates":[-1.1854976,53.1937172],"type":"Point"},"id":"GG2050-REPD-5671","properties":{"capacity_mw":10.0,"gg_project_id":"GG2050-REPD-5671","name":"Land West Of Sookholme Road","operator":"Temporis Capital","repd_ref":"5671","repd_technology":"Solar Photovoltaics","status":"Application Refused","technology":"solar"},"type":"Feature"},{"geometry":{"coordinates":[-6.1147945,54.6356129],"type":"Point"},"id":"GG2050-REPD-5435","properties":{"capacity_mw":10.0,"gg_project_id":"GG2050-REPD-5435","name":"Lands West of Belfast Road","operator":"Lightsource Renewable Energy","repd_ref":"5435","repd_technology":"Solar Photovoltaics","status":"Operational","technology":"solar"},"type":"Feature"},{"geometry":{"coordinates":[-0.9507649,52.9026803],"type":"Point"},"id":"GG2050-REPD-2210","properties":{"capacity_mw":10.0,"gg_project_id":"GG2050-REPD-2210","name":"Langar Lane","operator":"Kappa Solar/ OPDE","repd_ref":"2210","repd_technology":"Solar Photovoltaics","status":"Operational","technology":"solar"},"type":"Feature"},{"geometry":{"coordinates":[-0.9335401,51.852723],"type":"Point"},"id":"GG2050-REPD-14257","properties":{"capacity_mw":10.0,"gg_project_id":"GG2050-REPD-14257","name":"Littleton Green - Energy Park","operator":"Arnold White Estates Limited","repd_ref":"14257","repd_technology":"Solar Photovoltaics","status":"Application Submitted","technology":"solar"},"type":"Feature"},{"geometry":{"coordinates":[-4.2243821,52.1216445],"type":"Point"},"id":"GG2050-REPD-5730","properties":{"capacity_mw":10.0,"gg_project_id":"GG2050-REPD-5730","name":"Maesygarn","operator":"Earthworm/ EW Capital","repd_ref":"5730","repd_technology":"Solar Photovoltaics","status":"Abandoned","technology":"solar"},"type":"Feature"},{"geometry":{"coordinates":[0.0148445,53.0456042],"type":"Point"},"id":"GG2050-REPD-11654","properties":{"capacity_mw":10.0,"gg_project_id":"GG2050-REPD-11654","name":"Mallows Lane - Solar Farm & Battery Storage","operator":"Pathfinder Clean Energy UK Dev Limited","repd_ref":"11654","repd_technology":"Solar Photovoltaics","status":"Awaiting Construction","technology":"solar"},"type":"Feature"},{"geometry":{"coordinates":[-0.7317168,50.8180742],"type":"Point"},"id":"GG2050-REPD-4713","properties":{"capacity_mw":10.0,"gg_project_id":"GG2050-REPD-4713","name":"Merston Solar Park","operator":"Primrose Solar / Mongoose Energy","repd_ref":"4713","repd_technology":"Solar Photovoltaics","status":"Operational","technology":"solar"},"type":"Feature"},{"geometry":{"coordinates":[0.5350928,51.0695207],"type":"Point"},"id":"GG2050-REPD-14861","properties":{"capacity_mw":10.0,"gg_project_id":"GG2050-REPD-14861","name":"Netters Farm, Attwaters Lane - Solar Pv Array","operator":"RNA Energy Limited","repd_ref":"14861","repd_technology":"Solar Photovoltaics","status":"Revised","technology":"solar"},"type":"Feature"},{"geometry":{"coordinates":[0.5350928,51.0695207],"type":"Point"},"id":"GG2050-REPD-16919","properties":{"capacity_mw":10.0,"gg_project_id":"GG2050-REPD-16919","name":"Netters Farm, Attwaters Lane - Solar Pv Array","operator":"RNA Energy Limited","repd_ref":"16919","repd_technology":"Solar Photovoltaics","status":"Application Refused","technology":"solar"},"type":"Feature"},{"geometry":{"coordinates":[0.5342516,51.0690173],"type":"Point"},"id":"GG2050-REPD-9614","properties":{"capacity_mw":10.0,"gg_project_id":"GG2050-REPD-9614","name":"Netters Farm, Hawkhurst - Solar Farm & Battery Energy Storage","operator":"RNA Energy Limited","repd_ref":"9614","repd_technology":"Solar Photovoltaics","status":"Revised","technology":"solar"},"type":"Feature"},{"geometry":{"coordinates":[-2.7091423,56.5740386],"type":"Point"},"id":"GG2050-REPD-4844","properties":{"capacity_mw":10.0,"gg_project_id":"GG2050-REPD-4844","name":"New Mains Of Guynd Farm","operator":"BWE Partnership","repd_ref":"4844","repd_technology":"Solar Photovoltaics","status":"Operational","technology":"solar"},"type":"Feature"},{"geometry":{"coordinates":[0.8647842,51.3980451],"type":"Point"},"id":"GG2050-REPD-9270","properties":{"capacity_mw":10.0,"gg_project_id":"GG2050-REPD-9270","name":"New Rides Farm - Photovoltaic Panels","operator":"EnergieKontor UK Limited","repd_ref":"9270","repd_technology":"Solar Photovoltaics","status":"Awaiting Construction","technology":"solar"},"type":"Feature"},{"geometry":{"coordinates":[-2.1701001,51.3833205],"type":"Point"},"id":"GG2050-REPD-2285","properties":{"capacity_mw":10.0,"gg_project_id":"GG2050-REPD-2285","name":"Norrington Common Solar Farm","operator":"Terraform Power (SunEdison)","repd_ref":"2285","repd_technology":"Solar Photovoltaics","status":"Operational","technology":"solar"},"type":"Feature"},{"geometry":{"coordinates":[-2.185497,51.4808557],"type":"Point"},"id":"GG2050-REPD-17531","properties":{"capacity_mw":10.0,"gg_project_id":"GG2050-REPD-17531","name":"North Allington Solar Farm - Solar Farm","operator":"Noventum Power Limited","repd_ref":"17531","repd_technology":"Solar Photovoltaics","status":"Awaiting Construction","technology":"solar"},"type":"Feature"},{"geometry":{"coordinates":[0.6988957,51.3697692],"type":"Point"},"id":"GG2050-REPD-4846","properties":{"capacity_mw":10.0,"gg_project_id":"GG2050-REPD-4846","name":"Orchard Farm","operator":"Omega Solar / OPDE","repd_ref":"4846","repd_technology":"Solar Photovoltaics","status":"Operational","technology":"solar"},"type":"Feature"},{"geometry":{"coordinates":[-1.1695652,52.752674],"type":"Point"},"id":"GG2050-REPD-6624","properties":{"capacity_mw":10.0,"gg_project_id":"GG2050-REPD-6624","name":"Pool Farm","operator":"Leicestershire County Council","repd_ref":"6624","repd_technology":"Solar Photovoltaics","status":"Revised","technology":"solar"},"type":"Feature"},{"geometry":{"coordinates":[-1.1691171,52.7544239],"type":"Point"},"id":"GG2050-REPD-10721","properties":{"capacity_mw":10.0,"gg_project_id":"GG2050-REPD-10721","name":"Poole Farm, Quorn - Solar Farm","operator":"Leicestershire County Council","repd_ref":"10721","repd_technology":"Solar Photovoltaics","status":"Awaiting Construction","technology":"solar"},"type":"Feature"},{"geometry":{"coordinates":[-3.2546243,51.3956892],"type":"Point"},"id":"GG2050-REPD-1802","properties":{"capacity_mw":10.0,"gg_project_id":"GG2050-REPD-1802","name":"Port of Barry","operator":"Associated British Ports (ABP)","repd_ref":"1802","repd_technology":"Solar Photovoltaics","status":"Revised","technology":"solar"},"type":"Feature"},{"geometry":{"coordinates":[-0.6246283,52.3075743],"type":"Point"},"id":"GG2050-REPD-15138","properties":{"capacity_mw":10.0,"gg_project_id":"GG2050-REPD-15138","name":"Quarry, Ditchford Lane - Solar Farm","operator":"Novus Renewable Services","repd_ref":"15138","repd_technology":"Solar Photovoltaics","status":"Awaiting Construction","technology":"solar"},"type":"Feature"},{"geometry":{"coordinates":[0.3515726,51.1704716],"type":"Point"},"id":"GG2050-REPD-12940","properties":{"capacity_mw":10.0,"gg_project_id":"GG2050-REPD-12940","name":"Reeds Solar Farm, Alders Road - Solar Farm & Battery Storage","operator":"Low Carbon","repd_ref":"12940","repd_technology":"Solar Photovoltaics","status":"Awaiting Construction","technology":"solar"},"type":"Feature"},{"geometry":{"coordinates":[-2.7999608,53.9215721],"type":"Point"},"id":"GG2050-REPD-15697","properties":{"capacity_mw":10.0,"gg_project_id":"GG2050-REPD-15697","name":"Snapewood Solar Farm","operator":"ABEI Energy","repd_ref":"15697","repd_technology":"Solar Photovoltaics","status":"Awaiting Construction","technology":"solar"},"type":"Feature"},{"geometry":{"coordinates":[-0.2200185,51.78094],"type":"Point"},"id":"GG2050-REPD-14878","properties":{"capacity_mw":10.0,"gg_project_id":"GG2050-REPD-14878","name":"Stanborough, Hatfield - Solar Array","operator":"J Reddington Limited","repd_ref":"14878","repd_technology":"Solar Photovoltaics","status":"Awaiting Construction","technology":"solar"},"type":"Feature"},{"geometry":{"coordinates":[-1.5333613,54.0633078],"type":"Point"},"id":"GG2050-REPD-9102","properties":{"capacity_mw":10.0,"gg_project_id":"GG2050-REPD-9102","name":"Station Lane, South Stainley","operator":"Boultbee Brooks Renewable Energy","repd_ref":"9102","repd_technology":"Solar Photovoltaics","status":"Awaiting Construction","technology":"solar"},"type":"Feature"},{"geometry":{"coordinates":[-1.361345,51.6334247],"type":"Point"},"id":"GG2050-REPD-1817","properties":{"capacity_mw":10.0,"gg_project_id":"GG2050-REPD-1817","name":"Steventon Solar Park","operator":"Foresight","repd_ref":"1817","repd_technology":"Solar Photovoltaics","status":"Operational","technology":"solar"},"type":"Feature"},{"geometry":{"coordinates":[0.2257763,52.3310077],"type":"Point"},"id":"GG2050-REPD-2360","properties":{"capacity_mw":10.0,"gg_project_id":"GG2050-REPD-2360","name":"Stowbridge Farm - Extension (Phase 1)","operator":"FC Palmer & Sons Ltd","repd_ref":"2360","repd_technology":"Solar Photovoltaics","status":"Operational","technology":"solar"},"type":"Feature"},{"geometry":{"coordinates":[0.2255978,52.3335917],"type":"Point"},"id":"GG2050-REPD-2218","properties":{"capacity_mw":10.0,"gg_project_id":"GG2050-REPD-2218","name":"Stowbridge Farm - Extension (Phase 2)","operator":"FC Palmer and Sons","repd_ref":"2218","repd_technology":"Solar Photovoltaics","status":"Operational","technology":"solar"},"type":"Feature"},{"geometry":{"coordinates":[1.2763888,51.2097987],"type":"Point"},"id":"GG2050-REPD-2075","properties":{"capacity_mw":10.0,"gg_project_id":"GG2050-REPD-2075","name":"Tilmanstone Colliery","operator":"Ovenden Plant Hire Limited","repd_ref":"2075","repd_technology":"Solar Photovoltaics","status":"Operational","technology":"solar"},"type":"Feature"},{"geometry":{"coordinates":[-0.9268381,51.2818409],"type":"Point"},"id":"GG2050-REPD-5706","properties":{"capacity_mw":10.0,"gg_project_id":"GG2050-REPD-5706","name":"Trimmers Solar Farm","operator":"Trimmers Solar Farm","repd_ref":"5706","repd_technology":"Solar Photovoltaics","status":"Appeal Refused","technology":"solar"},"type":"Feature"},{"geometry":{"coordinates":[-2.6435853,52.9379107],"type":"Point"},"id":"GG2050-REPD-4861","properties":{"capacity_mw":10.0,"gg_project_id":"GG2050-REPD-4861","name":"Twemlows","operator":"Sunsave 27 (Twemlows)/ Vogt solar","repd_ref":"4861","repd_technology":"Solar Photovoltaics","status":"Operational","technology":"solar"},"type":"Feature"},{"geometry":{"coordinates":[-0.9264476,52.6819137],"type":"Point"},"id":"GG2050-REPD-15188","properties":{"capacity_mw":10.0,"gg_project_id":"GG2050-REPD-15188","name":"Twyford, Melton - Solar Farm","operator":"Noventum Power Limited","repd_ref":"15188","repd_technology":"Solar Photovoltaics","status":"Awaiting Construction","technology":"solar"},"type":"Feature"},{"geometry":{"coordinates":[-1.2051877,53.7096773],"type":"Point"},"id":"GG2050-REPD-13777","properties":{"capacity_mw":10.0,"gg_project_id":"GG2050-REPD-13777","name":"Weeland Road, Kellingley - Solar Farm","operator":"Ivegate Limited","repd_ref":"13777","repd_technology":"Solar Photovoltaics","status":"Application Submitted","technology":"solar"},"type":"Feature"},{"geometry":{"coordinates":[0.9750734,52.3910015],"type":"Point"},"id":"GG2050-REPD-2155","properties":{"capacity_mw":10.0,"gg_project_id":"GG2050-REPD-2155","name":"Whitebreads Farm","operator":"AVIC-PCI","repd_ref":"2155","repd_technology":"Solar Photovoltaics","status":"Application Refused","technology":"solar"},"type":"Feature"},{"geometry":{"coordinates":[-2.4510956,53.4867353],"type":"Point"},"id":"GG2050-REPD-16363","properties":{"capacity_mw":10.0,"gg_project_id":"GG2050-REPD-16363","name":"Whitehead Landfill Site, Lower Green Lane - Solar Farm","operator":"Whitehead Restoration Limited","repd_ref":"16363","repd_technology":"Solar Photovoltaics","status":"Revised","technology":"solar"},"type":"Feature"},{"geometry":{"coordinates":[-2.4510956,53.4867353],"type":"Point"},"id":"GG2050-REPD-17060","properties":{"capacity_mw":10.0,"gg_project_id":"GG2050-REPD-17060","name":"Whitehead Landfill Site, Lower Green Lane - Solar Farm","operator":"Whitehead Restoration Limited","repd_ref":"17060","repd_technology":"Solar Photovoltaics","status":"Application Submitted","technology":"solar"},"type":"Feature"},{"geometry":{"coordinates":[1.124023,51.3251798],"type":"Point"},"id":"GG2050-REPD-1516","properties":{"capacity_mw":10.0,"gg_project_id":"GG2050-REPD-1516","name":"Woodlands Farm Solar Park","operator":"Lightsource Renewable Energy","repd_ref":"1516","repd_technology":"Solar Photovoltaics","status":"Operational","technology":"solar"},"type":"Feature"},{"geometry":{"coordinates":[-4.8580462,51.6893122],"type":"Point"},"id":"GG2050-REPD-16165","properties":{"capacity_mw":9.99,"gg_project_id":"GG2050-REPD-16165","name":"Blackberry Lane - Solar Farm","operator":"Wessex Solar Energy","repd_ref":"16165","repd_technology":"Solar Photovoltaics","status":"Awaiting Construction","technology":"solar"},"type":"Feature"},{"geometry":{"coordinates":[-5.0031452,51.7033355],"type":"Point"},"id":"GG2050-REPD-10415","properties":{"capacity_mw":9.9,"gg_project_id":"GG2050-REPD-10415","name":"Dragon Long Meadow - Solar farm","operator":"Dragon LNG Limited / Anesco Limited","repd_ref":"10415","repd_technology":"Solar Photovoltaics","status":"Operational","technology":"solar"},"type":"Feature"},{"geometry":{"coordinates":[-3.4003531,51.5532701],"type":"Point"},"id":"GG2050-REPD-18881","properties":{"capacity_mw":9.9,"gg_project_id":"GG2050-REPD-18881","name":"Dyffryn Farm, Ynysmaerdy - Solar Panels","operator":"Windel Solar 8 Limited","repd_ref":"18881","repd_technology":"Solar Photovoltaics","status":"Application Submitted","technology":"solar"},"type":"Feature"},{"geometry":{"coordinates":[-2.9543795,53.0341749],"type":"Point"},"id":"GG2050-REPD-11543","properties":{"capacity_mw":9.9,"gg_project_id":"GG2050-REPD-11543","name":"Little Llwyn Onn - Solar Farm & Battery Storage","operator":"Novus Renewable Services Limited","repd_ref":"11543","repd_technology":"Solar Photovoltaics","status":"Awaiting Construction","technology":"solar"},"type":"Feature"},{"geometry":{"coordinates":[-4.2237445,57.4955062],"type":"Point"},"id":"GG2050-REPD-19282","properties":{"capacity_mw":9.9,"gg_project_id":"GG2050-REPD-19282","name":"Longman Landfill, Stadium Road - Solar Array","operator":"The Highland Council","repd_ref":"19282","repd_technology":"Solar Photovoltaics","status":"Application Submitted","technology":"solar"},"type":"Feature"},{"geometry":{"coordinates":[1.367445,51.3519437],"type":"Point"},"id":"GG2050-REPD-1232","properties":{"capacity_mw":9.9,"gg_project_id":"GG2050-REPD-1232","name":"Manston Solar Farm","operator":"Vogt Solar","repd_ref":"1232","repd_technology":"Solar Photovoltaics","status":"Operational","technology":"solar"},"type":"Feature"},{"geometry":{"coordinates":[-2.2746864,51.8740642],"type":"Point"},"id":"GG2050-REPD-5432","properties":{"capacity_mw":9.9,"gg_project_id":"GG2050-REPD-5432","name":"Over Farm","operator":"Over Farm Solar","repd_ref":"5432","repd_technology":"Solar Photovoltaics","status":"Awaiting Construction","technology":"solar"},"type":"Feature"},{"geometry":{"coordinates":[-3.388744,51.5542894],"type":"Point"},"id":"GG2050-REPD-9772","properties":{"capacity_mw":9.9,"gg_project_id":"GG2050-REPD-9772","name":"Talbot Green, Llantrisant - Solar Farm","operator":"Windel Energy","repd_ref":"9772","repd_technology":"Solar Photovoltaics","status":"Awaiting Construction","technology":"solar"},"type":"Feature"},{"geometry":{"coordinates":[-4.3655915,50.4262863],"type":"Point"},"id":"GG2050-REPD-2129","properties":{"capacity_mw":9.9,"gg_project_id":"GG2050-REPD-2129","name":"Trequite Farm solar park","operator":"Elgin Energy EsCo","repd_ref":"2129","repd_technology":"Solar Photovoltaics","status":"Operational","technology":"solar"},"type":"Feature"},{"geometry":{"coordinates":[-2.3227566,57.5443723],"type":"Point"},"id":"GG2050-REPD-17707","properties":{"capacity_mw":9.9,"gg_project_id":"GG2050-REPD-17707","name":"Whitestones, Cuminestown - Solar Farm","operator":"Locogen Limited","repd_ref":"17707","repd_technology":"Solar Photovoltaics","status":"Awaiting Construction","technology":"solar"},"type":"Feature"},{"geometry":{"coordinates":[0.3781619,51.8631372],"type":"Point"},"id":"GG2050-REPD-14930","properties":{"capacity_mw":9.89,"gg_project_id":"GG2050-REPD-14930","name":"Dunmow Solar Farm, Chelmsford Road - Solar Farm","operator":"Dunmow Solar Limited","repd_ref":"14930","repd_technology":"Solar Photovoltaics","status":"Under Construction","technology":"solar"},"type":"Feature"},{"geometry":{"coordinates":[-3.5453021,51.7403089],"type":"Point"},"id":"GG2050-REPD-11384","properties":{"capacity_mw":9.88,"gg_project_id":"GG2050-REPD-11384","name":"Rhigos Road - Solar Farm","operator":"Regener8 Power / Environmena","repd_ref":"11384","repd_technology":"Solar Photovoltaics","status":"Under Construction","technology":"solar"},"type":"Feature"},{"geometry":{"coordinates":[-4.2501045,50.3540321],"type":"Point"},"id":"GG2050-REPD-1759","properties":{"capacity_mw":9.8,"gg_project_id":"GG2050-REPD-1759","name":"Anthony Estate Solar Farm","operator":"St Anthony 101 PV Park Ltd","repd_ref":"1759","repd_technology":"Solar Photovoltaics","status":"Revised","technology":"solar"},"type":"Feature"},{"geometry":{"coordinates":[-0.3887941,53.7750024],"type":"Point"},"id":"GG2050-REPD-14856","properties":{"capacity_mw":9.71,"gg_project_id":"GG2050-REPD-14856","name":"Croxby Hall Farm, Inglemire Lane - Solar Farm & Battery Storage","operator":"UOH Energy Co Limited","repd_ref":"14856","repd_technology":"Solar Photovoltaics","status":"Application Withdrawn","technology":"solar"},"type":"Feature"},{"geometry":{"coordinates":[-0.4025599,53.7741529],"type":"Point"},"id":"GG2050-REPD-14858","properties":{"capacity_mw":9.71,"gg_project_id":"GG2050-REPD-14858","name":"Snuff Mill Lane Gates - Solar Farm & Battery Storage","operator":"UOH Energy Co Limited","repd_ref":"14858","repd_technology":"Solar Photovoltaics","status":"Application Withdrawn","technology":"solar"},"type":"Feature"},{"geometry":{"coordinates":[0.0003483,52.955124],"type":"Point"},"id":"GG2050-REPD-9193","properties":{"capacity_mw":9.7,"gg_project_id":"GG2050-REPD-9193","name":"Boston Landfill, Wyberton - Solar PV Array","operator":"Infinis Solar Developments Limited","repd_ref":"9193","repd_technology":"Solar Photovoltaics","status":"Under Construction","technology":"solar"},"type":"Feature"},{"geometry":{"coordinates":[0.2237618,52.3154267],"type":"Point"},"id":"GG2050-REPD-1939","properties":{"capacity_mw":9.6,"gg_project_id":"GG2050-REPD-1939","name":"Chittering Solar Farm - extension 2","operator":"Abbey Renewables (North Fen Solar Energy)","repd_ref":"1939","repd_technology":"Solar Photovoltaics","status":"Awaiting Construction","technology":"solar"},"type":"Feature"},{"geometry":{"coordinates":[-1.9859634,51.4512222],"type":"Point"},"id":"GG2050-REPD-1998","properties":{"capacity_mw":9.6,"gg_project_id":"GG2050-REPD-1998","name":"High Penn Solar Park","operator":"Hive Energy","repd_ref":"1998","repd_technology":"Solar Photovoltaics","status":"Operational","technology":"solar"},"type":"Feature"},{"geometry":{"coordinates":[-4.8163918,50.442353],"type":"Point"},"id":"GG2050-REPD-2383","properties":{"capacity_mw":9.6,"gg_project_id":"GG2050-REPD-2383","name":"Kerriers Solar Park","operator":"Kronos Solar","repd_ref":"2383","repd_technology":"Solar Photovoltaics","status":"Operational","technology":"solar"},"type":"Feature"},{"geometry":{"coordinates":[-2.2198014,51.4096911],"type":"Point"},"id":"GG2050-REPD-1231","properties":{"capacity_mw":9.6,"gg_project_id":"GG2050-REPD-1231","name":"Manor Farm (Wiltshire)","operator":"RB & T Barton Ltd","repd_ref":"1231","repd_technology":"Solar Photovoltaics","status":"Revised","technology":"solar"},"type":"Feature"},{"geometry":{"coordinates":[-0.0466155,51.9073948],"type":"Point"},"id":"GG2050-REPD-1830","properties":{"capacity_mw":9.6,"gg_project_id":"GG2050-REPD-1830","name":"Mill Farm","operator":"Push Energy","repd_ref":"1830","repd_technology":"Solar Photovoltaics","status":"Revised","technology":"solar"},"type":"Feature"},{"geometry":{"coordinates":[-2.7638952,51.2243581],"type":"Point"},"id":"GG2050-REPD-4757","properties":{"capacity_mw":9.5,"gg_project_id":"GG2050-REPD-4757","name":"Hawkers Farm","operator":"Greenfields (A)","repd_ref":"4757","repd_technology":"Solar Photovoltaics","status":"Operational","technology":"solar"},"type":"Feature"},{"geometry":{"coordinates":[-4.0131025,50.447169],"type":"Point"},"id":"GG2050-REPD-4839","properties":{"capacity_mw":9.5,"gg_project_id":"GG2050-REPD-4839","name":"Lee Moor China Clay Works","operator":"Wanageeska","repd_ref":"4839","repd_technology":"Solar Photovoltaics","status":"Operational","technology":"solar"},"type":"Feature"},{"geometry":{"coordinates":[0.8806164,51.2897983],"type":"Point"},"id":"GG2050-REPD-2293","properties":{"capacity_mw":9.5,"gg_project_id":"GG2050-REPD-2293","name":"Littles Manor Farm","operator":"The Landmark Practice","repd_ref":"2293","repd_technology":"Solar Photovoltaics","status":"Appeal Refused","technology":"solar"},"type":"Feature"},{"geometry":{"coordinates":[-3.1564268,51.0136451],"type":"Point"},"id":"GG2050-REPD-1121","properties":{"capacity_mw":9.5,"gg_project_id":"GG2050-REPD-1121","name":"RITHERDENS FARM solar park","operator":"MS POWER PROJECTS LIMITED","repd_ref":"1121","repd_technology":"Solar Photovoltaics","status":"Application Refused","technology":"solar"},"type":"Feature"},{"geometry":{"coordinates":[-4.3787009,50.4015805],"type":"Point"},"id":"GG2050-REPD-1872","properties":{"capacity_mw":9.5,"gg_project_id":"GG2050-REPD-1872","name":"Wilton Farm (pv)","operator":"Primrose Solar","repd_ref":"1872","repd_technology":"Solar Photovoltaics","status":"Operational","technology":"solar"},"type":"Feature"},{"geometry":{"coordinates":[-2.4871445,51.5584679],"type":"Point"},"id":"GG2050-REPD-2330","properties":{"capacity_mw":9.4,"gg_project_id":"GG2050-REPD-2330","name":"Green Farm","operator":"AEE Renewables","repd_ref":"2330","repd_technology":"Solar Photovoltaics","status":"Appeal Refused","technology":"solar"},"type":"Feature"},{"geometry":{"coordinates":[0.273965,52.0426643],"type":"Point"},"id":"GG2050-REPD-1462","properties":{"capacity_mw":9.3,"gg_project_id":"GG2050-REPD-1462","name":"Butlers Farm","operator":"Push Energy","repd_ref":"1462","repd_technology":"Solar Photovoltaics","status":"Revised","technology":"solar"},"type":"Feature"},{"geometry":{"coordinates":[-0.7927305,50.8621391],"type":"Point"},"id":"GG2050-REPD-2280","properties":{"capacity_mw":9.3,"gg_project_id":"GG2050-REPD-2280","name":"Hunters Race Solar Park","operator":"Aardvark Environment Matters","repd_ref":"2280","repd_technology":"Solar Photovoltaics","status":"Operational","technology":"solar"},"type":"Feature"},{"geometry":{"coordinates":[-2.8346078,53.3504148],"type":"Point"},"id":"GG2050-REPD-17836","properties":{"capacity_mw":9.3,"gg_project_id":"GG2050-REPD-17836","name":"Jaguar Land Rover Jaguar Plant, North Road - Solar Panels","operator":"Jaguar Land Rover","repd_ref":"17836","repd_technology":"Solar Photovoltaics","status":"Awaiting Construction","technology":"solar"},"type":"Feature"},{"geometry":{"coordinates":[-1.7160956,51.5922525],"type":"Point"},"id":"GG2050-REPD-1724","properties":{"capacity_mw":9.3,"gg_project_id":"GG2050-REPD-1724","name":"Sevor Farm","operator":"AEE Renewables","repd_ref":"1724","repd_technology":"Solar Photovoltaics","status":"Operational","technology":"solar"},"type":"Feature"},{"geometry":{"coordinates":[-0.0134021,52.0079904],"type":"Point"},"id":"GG2050-REPD-1940","properties":{"capacity_mw":9.3,"gg_project_id":"GG2050-REPD-1940","name":"Wisbridge Farm","operator":"Push Energy","repd_ref":"1940","repd_technology":"Solar Photovoltaics","status":"Operational","technology":"solar"},"type":"Feature"},{"geometry":{"coordinates":[-2.336137,56.9183512],"type":"Point"},"id":"GG2050-REPD-11976","properties":{"capacity_mw":9.2,"gg_project_id":"GG2050-REPD-11976","name":"Coast Viners Animal Nutrition, Drumlithie - Solar Array & Battery Storage","operator":"East Coast Viners Renewables Limited","repd_ref":"11976","repd_technology":"Solar Photovoltaics","status":"Awaiting Construction","technology":"solar"},"type":"Feature"},{"geometry":{"coordinates":[-1.0050398,51.9885491],"type":"Point"},"id":"GG2050-REPD-2227","properties":{"capacity_mw":9.2,"gg_project_id":"GG2050-REPD-2227","name":"Gawcott Fields Farm","operator":"Harper Solar Ltd","repd_ref":"2227","repd_technology":"Solar Photovoltaics","status":"Operational","technology":"solar"},"type":"Feature"},{"geometry":{"coordinates":[-3.8367639,51.034902],"type":"Point"},"id":"GG2050-REPD-1625","properties":{"capacity_mw":9.2,"gg_project_id":"GG2050-REPD-1625","name":"Hacche Barton Solar Farm","operator":"Lumicity","repd_ref":"1625","repd_technology":"Solar Photovoltaics","status":"Application Withdrawn","technology":"solar"},"type":"Feature"},{"geometry":{"coordinates":[1.3744679,51.3519213],"type":"Point"},"id":"GG2050-REPD-1359","properties":{"capacity_mw":9.2,"gg_project_id":"GG2050-REPD-1359","name":"Manston Solar Farm extension (Westwood)","operator":"Sunsave 16 Ltd/ Vogt Solar","repd_ref":"1359","repd_technology":"Solar Photovoltaics","status":"Operational","technology":"solar"},"type":"Feature"},{"geometry":{"coordinates":[0.4120284,51.1726489],"type":"Point"},"id":"GG2050-REPD-2266","properties":{"capacity_mw":9.2,"gg_project_id":"GG2050-REPD-2266","name":"Paddock Wood","operator":"Foresight Solar Fund","repd_ref":"2266","repd_technology":"Solar Photovoltaics","status":"Operational","technology":"solar"},"type":"Feature"},{"geometry":{"coordinates":[-2.489169,51.2977467],"type":"Point"},"id":"GG2050-REPD-17422","properties":{"capacity_mw":9.2,"gg_project_id":"GG2050-REPD-17422","name":"Parcel 2882, Water Lane - Solar Farm","operator":"Pathfinder Clean Energy UK Dev Limited","repd_ref":"17422","repd_technology":"Solar Photovoltaics","status":"Awaiting Construction","technology":"solar"},"type":"Feature"},{"geometry":{"coordinates":[-2.6918402,51.3553243],"type":"Point"},"id":"GG2050-REPD-10611","properties":{"capacity_mw":9.1,"gg_project_id":"GG2050-REPD-10611","name":"Green Lane, Nempnett Thrubwell - Solar Farm","operator":"Green Switch Capital Limited","repd_ref":"10611","repd_technology":"Solar Photovoltaics","status":"Awaiting Construction","technology":"solar"},"type":"Feature"},{"geometry":{"coordinates":[-2.1855965,51.3422229],"type":"Point"},"id":"GG2050-REPD-2373","properties":{"capacity_mw":9.1,"gg_project_id":"GG2050-REPD-2373","name":"Marsh Farm Hilperton","operator":"Foresight","repd_ref":"2373","repd_technology":"Solar Photovoltaics","status":"Operational","technology":"solar"},"type":"Feature"},{"geometry":{"coordinates":[-0.2365803,52.41934],"type":"Point"},"id":"GG2050-REPD-1737","properties":{"capacity_mw":9.0,"gg_project_id":"GG2050-REPD-1737","name":"Abbey Farm","operator":"Anesco","repd_ref":"1737","repd_technology":"Solar Photovoltaics","status":"Operational","technology":"solar"},"type":"Feature"},{"geometry":{"coordinates":[-1.6070999,54.5182916],"type":"Point"},"id":"GG2050-REPD-9437","properties":{"capacity_mw":9.0,"gg_project_id":"GG2050-REPD-9437","name":"Broken Scar Water Treatment Works Solar Farm","operator":"Northumbrian Water Limited","repd_ref":"9437","repd_technology":"Solar Photovoltaics","status":"Awaiting Construction","technology":"solar"},"type":"Feature"},{"geometry":{"coordinates":[-0.5682683,53.6554531],"type":"Point"},"id":"GG2050-REPD-9004","properties":{"capacity_mw":9.0,"gg_project_id":"GG2050-REPD-9004","name":"Carr Lane - Solar Farm","operator":"Anesco Limited","repd_ref":"9004","repd_technology":"Solar Photovoltaics","status":"Awaiting Construction","technology":"solar"},"type":"Feature"},{"geometry":{"coordinates":[-3.9437237,51.794164],"type":"Point"},"id":"GG2050-REPD-1330","properties":{"capacity_mw":9.0,"gg_project_id":"GG2050-REPD-1330","name":"Cefn Betingau Farm","operator":"Wessex Solar Energy","repd_ref":"1330","repd_technology":"Solar Photovoltaics","status":"Operational","technology":"solar"},"type":"Feature"},{"geometry":{"coordinates":[-1.4187263,52.2309527],"type":"Point"},"id":"GG2050-REPD-1770","properties":{"capacity_mw":9.0,"gg_project_id":"GG2050-REPD-1770","name":"Deppers Bridge","operator":"Solar Power South","repd_ref":"1770","repd_technology":"Solar Photovoltaics","status":"Application Refused","technology":"solar"},"type":"Feature"},{"geometry":{"coordinates":[-0.1605381,53.1439587],"type":"Point"},"id":"GG2050-REPD-2140","properties":{"capacity_mw":9.0,"gg_project_id":"GG2050-REPD-2140","name":"Grange Farm (Kirkby on Bain)","operator":"Solar Park Developments","repd_ref":"2140","repd_technology":"Solar Photovoltaics","status":"Operational","technology":"solar"},"type":"Feature"},{"geometry":{"coordinates":[-0.5588025,52.6441024],"type":"Point"},"id":"GG2050-REPD-1667","properties":{"capacity_mw":9.0,"gg_project_id":"GG2050-REPD-1667","name":"Ketton solar farm","operator":"Lark Energy","repd_ref":"1667","repd_technology":"Solar Photovoltaics","status":"Operational","technology":"solar"},"type":"Feature"},{"geometry":{"coordinates":[0.7651305,51.1569436],"type":"Point"},"id":"GG2050-REPD-2294","properties":{"capacity_mw":9.0,"gg_project_id":"GG2050-REPD-2294","name":"Land South of Dowle Street","operator":"Sunsave 8 (Pluckley) Limited","repd_ref":"2294","repd_technology":"Solar Photovoltaics","status":"Appeal Refused","technology":"solar"},"type":"Feature"},{"geometry":{"coordinates":[-1.3847979,53.1997036],"type":"Point"},"id":"GG2050-REPD-19645","properties":{"capacity_mw":9.0,"gg_project_id":"GG2050-REPD-19645","name":"Lings Farm, Birkin Lane - Solar Panels","operator":"Fuse Renewables Limited","repd_ref":"19645","repd_technology":"Solar Photovoltaics","status":"Application Submitted","technology":"solar"},"type":"Feature"},{"geometry":{"coordinates":[-3.3631652,55.948379],"type":"Point"},"id":"GG2050-REPD-11672","properties":{"capacity_mw":9.0,"gg_project_id":"GG2050-REPD-11672","name":"Main Terminal 1 Edinburgh Airport - Solar Farm","operator":"City of Edinburgh Council / Edinburgh Airport/ Ampyr Energy UK Development Limited","repd_ref":"11672","repd_technology":"Solar Photovoltaics","status":"Awaiting Construction","technology":"solar"},"type":"Feature"}],"partition":3,"release":"9.1","schema":"globalgrid2050.v9.atlas-projects.v9.1","technology":"solar","type":"FeatureCollection"}
