{"feature_count":500,"features":[{"geometry":{"coordinates":[-4.6033495,50.6355777],"type":"Point"},"id":"GG2050-REPD-2649","properties":{"capacity_mw":7.8,"gg_project_id":"GG2050-REPD-2649","name":"Davidstow Wind Farm","operator":"RWE npower","repd_ref":"2649","repd_technology":"Wind Onshore","status":"Revised","technology":"wind_onshore"},"type":"Feature"},{"geometry":{"coordinates":[-3.5254363,54.5790771],"type":"Point"},"id":"GG2050-REPD-3615","properties":{"capacity_mw":7.8,"gg_project_id":"GG2050-REPD-3615","name":"Fairfield Farm","operator":"Windprospect","repd_ref":"3615","repd_technology":"Wind Onshore","status":"Application Withdrawn","technology":"wind_onshore"},"type":"Feature"},{"geometry":{"coordinates":[-3.141278,54.2300973],"type":"Point"},"id":"GG2050-REPD-2620","properties":{"capacity_mw":7.8,"gg_project_id":"GG2050-REPD-2620","name":"Gunson Height Wind Farm","operator":"RWE npower","repd_ref":"2620","repd_technology":"Wind Onshore","status":"Application Refused","technology":"wind_onshore"},"type":"Feature"},{"geometry":{"coordinates":[-3.9200833,55.5552841],"type":"Point"},"id":"GG2050-REPD-3301","properties":{"capacity_mw":7.8,"gg_project_id":"GG2050-REPD-3301","name":"Hagshaw Hill Wind Farm","operator":"Trigen","repd_ref":"3301","repd_technology":"Wind Onshore","status":"Operational","technology":"wind_onshore"},"type":"Feature"},{"geometry":{"coordinates":[-3.9203253,55.5553702],"type":"Point"},"id":"GG2050-REPD-3593","properties":{"capacity_mw":7.8,"gg_project_id":"GG2050-REPD-3593","name":"Hagshaw Hill Wind Farm","operator":"Trigen","repd_ref":"3593","repd_technology":"Wind Onshore","status":"Operational","technology":"wind_onshore"},"type":"Feature"},{"geometry":{"coordinates":[-3.3482834,54.8528252],"type":"Point"},"id":"GG2050-REPD-3543","properties":{"capacity_mw":7.8,"gg_project_id":"GG2050-REPD-3543","name":"Hellrigg Wind Farm","operator":"Npower Renewables","repd_ref":"3543","repd_technology":"Wind Onshore","status":"Revised","technology":"wind_onshore"},"type":"Feature"},{"geometry":{"coordinates":[-3.349047,54.8523673],"type":"Point"},"id":"GG2050-REPD-3542","properties":{"capacity_mw":7.8,"gg_project_id":"GG2050-REPD-3542","name":"Park Head Farm","operator":"Npower Renewables","repd_ref":"3542","repd_technology":"Wind Onshore","status":"Application Refused","technology":"wind_onshore"},"type":"Feature"},{"geometry":{"coordinates":[-4.3549846,50.8992212],"type":"Point"},"id":"GG2050-REPD-3950","properties":{"capacity_mw":7.8,"gg_project_id":"GG2050-REPD-3950","name":"Wheelers Cross","operator":"Wind Prospect","repd_ref":"3950","repd_technology":"Wind Onshore","status":"Application Refused","technology":"wind_onshore"},"type":"Feature"},{"geometry":{"coordinates":[-3.5901353,56.3051085],"type":"Point"},"id":"GG2050-REPD-4569","properties":{"capacity_mw":7.7,"gg_project_id":"GG2050-REPD-4569","name":"Knowes Farm","operator":"Knowes Renewables Llp","repd_ref":"4569","repd_technology":"Wind Onshore","status":"Application Refused","technology":"wind_onshore"},"type":"Feature"},{"geometry":{"coordinates":[-2.2724238,56.8935505],"type":"Point"},"id":"GG2050-REPD-2867","properties":{"capacity_mw":7.7,"gg_project_id":"GG2050-REPD-2867","name":"St John Hill","operator":"Auquhirie Land Company Ltd","repd_ref":"2867","repd_technology":"Wind Onshore","status":"Operational","technology":"wind_onshore"},"type":"Feature"},{"geometry":{"coordinates":[-2.2724204,56.8885737],"type":"Point"},"id":"GG2050-REPD-4031","properties":{"capacity_mw":7.65,"gg_project_id":"GG2050-REPD-4031","name":"St. Johns Hill","operator":"K E Projects AF","repd_ref":"4031","repd_technology":"Wind Onshore","status":"Operational","technology":"wind_onshore"},"type":"Feature"},{"geometry":{"coordinates":[-4.0590554,55.6800632],"type":"Point"},"id":"GG2050-REPD-11440","properties":{"capacity_mw":7.6,"gg_project_id":"GG2050-REPD-11440","name":"West Dykes Head - Wind turbines","operator":"Cleanearth Energy","repd_ref":"11440","repd_technology":"Wind Onshore","status":"Application Refused","technology":"wind_onshore"},"type":"Feature"},{"geometry":{"coordinates":[-3.4526815,58.4412094],"type":"Point"},"id":"GG2050-REPD-5318","properties":{"capacity_mw":7.5,"gg_project_id":"GG2050-REPD-5318","name":"Achlachan 2 Windfarm","operator":"The Energy Workshop","repd_ref":"5318","repd_technology":"Wind Onshore","status":"Revised","technology":"wind_onshore"},"type":"Feature"},{"geometry":{"coordinates":[-0.9411625,52.4976932],"type":"Point"},"id":"GG2050-REPD-4083","properties":{"capacity_mw":7.5,"gg_project_id":"GG2050-REPD-4083","name":"Airfield Farm (Leicestershire)","operator":"Gartree Wind Power Co-operative Ltd","repd_ref":"4083","repd_technology":"Wind Onshore","status":"Application Refused","technology":"wind_onshore"},"type":"Feature"},{"geometry":{"coordinates":[-1.7062247,53.5433148],"type":"Point"},"id":"GG2050-REPD-3958","properties":{"capacity_mw":7.5,"gg_project_id":"GG2050-REPD-3958","name":"Blackstone Edge","operator":"Ventient (formerly Infinis)","repd_ref":"3958","repd_technology":"Wind Onshore","status":"Operational","technology":"wind_onshore"},"type":"Feature"},{"geometry":{"coordinates":[-4.0900006,55.7416063],"type":"Point"},"id":"GG2050-REPD-4240","properties":{"capacity_mw":7.5,"gg_project_id":"GG2050-REPD-4240","name":"Blantyre Muir Wind Farm extension","operator":"West Coast Energy","repd_ref":"4240","repd_technology":"Wind Onshore","status":"Operational","technology":"wind_onshore"},"type":"Feature"},{"geometry":{"coordinates":[-1.2106911,54.6487073],"type":"Point"},"id":"GG2050-REPD-4922","properties":{"capacity_mw":7.5,"gg_project_id":"GG2050-REPD-4922","name":"Brenda Road Wind Turbine","operator":"Seneca Global Energy","repd_ref":"4922","repd_technology":"Wind Onshore","status":"Application Withdrawn","technology":"wind_onshore"},"type":"Feature"},{"geometry":{"coordinates":[-2.173889,53.9708481],"type":"Point"},"id":"GG2050-REPD-4229","properties":{"capacity_mw":7.5,"gg_project_id":"GG2050-REPD-4229","name":"Brightenber Hill","operator":"Energiekontor UK","repd_ref":"4229","repd_technology":"Wind Onshore","status":"Appeal Refused","technology":"wind_onshore"},"type":"Feature"},{"geometry":{"coordinates":[-2.3791475,56.8399101],"type":"Point"},"id":"GG2050-REPD-4348","properties":{"capacity_mw":7.5,"gg_project_id":"GG2050-REPD-4348","name":"BROWNIELEYS - 3 WIND TURBINES","operator":"Brownieleys Renewables/Muirden Energy","repd_ref":"4348","repd_technology":"Wind Onshore","status":"Operational","technology":"wind_onshore"},"type":"Feature"},{"geometry":{"coordinates":[-0.6564882,52.3535513],"type":"Point"},"id":"GG2050-REPD-5277","properties":{"capacity_mw":7.5,"gg_project_id":"GG2050-REPD-5277","name":"Burton Wold Wind Farm South","operator":"Infinergy/ Muirhall Energy","repd_ref":"5277","repd_technology":"Wind Onshore","status":"Operational","technology":"wind_onshore"},"type":"Feature"},{"geometry":{"coordinates":[-3.0529603,54.8111886],"type":"Point"},"id":"GG2050-REPD-4273","properties":{"capacity_mw":7.5,"gg_project_id":"GG2050-REPD-4273","name":"Carwath Wind Farm","operator":"West Coast Energy/Carwath Farm Wind Energy Ltd","repd_ref":"4273","repd_technology":"Wind Onshore","status":"Application Refused","technology":"wind_onshore"},"type":"Feature"},{"geometry":{"coordinates":[-7.0477419,54.552971],"type":"Point"},"id":"GG2050-REPD-4255","properties":{"capacity_mw":7.5,"gg_project_id":"GG2050-REPD-4255","name":"Crockbaravally Wind Farm","operator":"Golden Square Energy","repd_ref":"4255","repd_technology":"Wind Onshore","status":"Operational","technology":"wind_onshore"},"type":"Feature"},{"geometry":{"coordinates":[-4.2596971,50.807875],"type":"Point"},"id":"GG2050-REPD-4227","properties":{"capacity_mw":7.5,"gg_project_id":"GG2050-REPD-4227","name":"Dunsland Cross Wind Farm","operator":"Temporis Capital","repd_ref":"4227","repd_technology":"Wind Onshore","status":"Operational","technology":"wind_onshore"},"type":"Feature"},{"geometry":{"coordinates":[-0.1266834,53.6736839],"type":"Point"},"id":"GG2050-REPD-2791","properties":{"capacity_mw":7.5,"gg_project_id":"GG2050-REPD-2791","name":"Far Marsh Farm","operator":"Private Developer","repd_ref":"2791","repd_technology":"Wind Onshore","status":"Revised","technology":"wind_onshore"},"type":"Feature"},{"geometry":{"coordinates":[-0.114115,53.677469],"type":"Point"},"id":"GG2050-REPD-4660","properties":{"capacity_mw":7.5,"gg_project_id":"GG2050-REPD-4660","name":"Far Marsh Farm","operator":"Private Developer","repd_ref":"4660","repd_technology":"Wind Onshore","status":"Operational","technology":"wind_onshore"},"type":"Feature"},{"geometry":{"coordinates":[-4.6338764,55.5979152],"type":"Point"},"id":"GG2050-REPD-3841","properties":{"capacity_mw":7.5,"gg_project_id":"GG2050-REPD-3841","name":"GlaxoSmithKline Wind Project","operator":"Glaxosmithkline","repd_ref":"3841","repd_technology":"Wind Onshore","status":"Operational","technology":"wind_onshore"},"type":"Feature"},{"geometry":{"coordinates":[-1.2036403,54.6399528],"type":"Point"},"id":"GG2050-REPD-4476","properties":{"capacity_mw":7.5,"gg_project_id":"GG2050-REPD-4476","name":"Graythorp Wind Turbine","operator":"Seneca Global Energy","repd_ref":"4476","repd_technology":"Wind Onshore","status":"Application Withdrawn","technology":"wind_onshore"},"type":"Feature"},{"geometry":{"coordinates":[-3.1745977,58.9403955],"type":"Point"},"id":"GG2050-REPD-2914","properties":{"capacity_mw":7.5,"gg_project_id":"GG2050-REPD-2914","name":"Gruf Hill","operator":"Orkney Sustainable Energy","repd_ref":"2914","repd_technology":"Wind Onshore","status":"Application Refused","technology":"wind_onshore"},"type":"Feature"},{"geometry":{"coordinates":[-2.3062261,53.7709985],"type":"Point"},"id":"GG2050-REPD-3761","properties":{"capacity_mw":7.5,"gg_project_id":"GG2050-REPD-3761","name":"Hameldon Hill extension","operator":"RWE NPower Renewables","repd_ref":"3761","repd_technology":"Wind Onshore","status":"Operational","technology":"wind_onshore"},"type":"Feature"},{"geometry":{"coordinates":[-1.3707217,54.8079095],"type":"Point"},"id":"GG2050-REPD-3058","properties":{"capacity_mw":7.5,"gg_project_id":"GG2050-REPD-3058","name":"Hawthorn Wind Farm","operator":"SLP Energy","repd_ref":"3058","repd_technology":"Wind Onshore","status":"Application Withdrawn","technology":"wind_onshore"},"type":"Feature"},{"geometry":{"coordinates":[-2.8649823,54.0342442],"type":"Point"},"id":"GG2050-REPD-4174","properties":{"capacity_mw":7.5,"gg_project_id":"GG2050-REPD-4174","name":"Heysham South Wind Farm","operator":"Banks Renewables","repd_ref":"4174","repd_technology":"Wind Onshore","status":"Operational","technology":"wind_onshore"},"type":"Feature"},{"geometry":{"coordinates":[-3.9540815,57.727471],"type":"Point"},"id":"GG2050-REPD-3635","properties":{"capacity_mw":7.5,"gg_project_id":"GG2050-REPD-3635","name":"Hill of Nigg","operator":"West Coast Energy","repd_ref":"3635","repd_technology":"Wind Onshore","status":"Application Refused","technology":"wind_onshore"},"type":"Feature"},{"geometry":{"coordinates":[-0.6234327,53.6654035],"type":"Point"},"id":"GG2050-REPD-4535","properties":{"capacity_mw":7.5,"gg_project_id":"GG2050-REPD-4535","name":"Ironstone Quarry Wind Farm","operator":"Waste Recycling Group","repd_ref":"4535","repd_technology":"Wind Onshore","status":"Application Refused","technology":"wind_onshore"},"type":"Feature"},{"geometry":{"coordinates":[-4.3487003,58.0027307],"type":"Point"},"id":"GG2050-REPD-2796","properties":{"capacity_mw":7.5,"gg_project_id":"GG2050-REPD-2796","name":"Lairg Wind Farm","operator":"ABO Wind","repd_ref":"2796","repd_technology":"Wind Onshore","status":"Operational","technology":"wind_onshore"},"type":"Feature"},{"geometry":{"coordinates":[-4.1277603,51.004647],"type":"Point"},"id":"GG2050-REPD-4302","properties":{"capacity_mw":7.5,"gg_project_id":"GG2050-REPD-4302","name":"North Devon Wind Farm","operator":"North Devon Wind Energy Ltd","repd_ref":"4302","repd_technology":"Wind Onshore","status":"Application Refused","technology":"wind_onshore"},"type":"Feature"},{"geometry":{"coordinates":[0.270884,50.8294784],"type":"Point"},"id":"GG2050-REPD-4326","properties":{"capacity_mw":7.5,"gg_project_id":"GG2050-REPD-4326","name":"Shepham Lane","operator":"Foresight","repd_ref":"4326","repd_technology":"Wind Onshore","status":"Operational","technology":"wind_onshore"},"type":"Feature"},{"geometry":{"coordinates":[-4.7894635,55.6634994],"type":"Point"},"id":"GG2050-REPD-3426","properties":{"capacity_mw":7.5,"gg_project_id":"GG2050-REPD-3426","name":"Sorbie Farm wind cluster","operator":"Sorbie Windfarm Ltd","repd_ref":"3426","repd_technology":"Wind Onshore","status":"Application Withdrawn","technology":"wind_onshore"},"type":"Feature"},{"geometry":{"coordinates":[-1.4022142,54.8404203],"type":"Point"},"id":"GG2050-REPD-3985","properties":{"capacity_mw":7.5,"gg_project_id":"GG2050-REPD-3985","name":"South Sharpley Wind Farm (Revised)","operator":"REG Windpower (previously Cornwall Light & Power)","repd_ref":"3985","repd_technology":"Wind Onshore","status":"Operational","technology":"wind_onshore"},"type":"Feature"},{"geometry":{"coordinates":[-0.0265228,53.7522809],"type":"Point"},"id":"GG2050-REPD-3749","properties":{"capacity_mw":7.5,"gg_project_id":"GG2050-REPD-3749","name":"Tedder Hill Wind cluster","operator":"Ventient (formerly Infinis)","repd_ref":"3749","repd_technology":"Wind Onshore","status":"Operational","technology":"wind_onshore"},"type":"Feature"},{"geometry":{"coordinates":[-1.2053253,54.6457155],"type":"Point"},"id":"GG2050-REPD-4475","properties":{"capacity_mw":7.5,"gg_project_id":"GG2050-REPD-4475","name":"Tofts Road Wind Turbine","operator":"Seneca Global Energy","repd_ref":"4475","repd_technology":"Wind Onshore","status":"Application Withdrawn","technology":"wind_onshore"},"type":"Feature"},{"geometry":{"coordinates":[-2.4101217,56.8439985],"type":"Point"},"id":"GG2050-REPD-3818","properties":{"capacity_mw":7.5,"gg_project_id":"GG2050-REPD-3818","name":"Tullo Wind Farm North Extension (Shiels Wind Farm)","operator":"Eneco","repd_ref":"3818","repd_technology":"Wind Onshore","status":"Operational","technology":"wind_onshore"},"type":"Feature"},{"geometry":{"coordinates":[1.2127883,52.4080232],"type":"Point"},"id":"GG2050-REPD-3721","properties":{"capacity_mw":7.5,"gg_project_id":"GG2050-REPD-3721","name":"Upper Vaunces Wind Farm","operator":"TCI Renewables","repd_ref":"3721","repd_technology":"Wind Onshore","status":"Revised","technology":"wind_onshore"},"type":"Feature"},{"geometry":{"coordinates":[-4.6103268,50.6848918],"type":"Point"},"id":"GG2050-REPD-2650","properties":{"capacity_mw":7.4,"gg_project_id":"GG2050-REPD-2650","name":"Otterham Down Wind Farm","operator":"Otterham Wind Farm Ltd - Powergen Renewables","repd_ref":"2650","repd_technology":"Wind Onshore","status":"Revised","technology":"wind_onshore"},"type":"Feature"},{"geometry":{"coordinates":[-7.1488959,54.3938371],"type":"Point"},"id":"GG2050-REPD-3566","properties":{"capacity_mw":7.3,"gg_project_id":"GG2050-REPD-3566","name":"Lendrum's Bridge Wind Farm ( Extension 2)","operator":"Renewable Energy Systems (RES)","repd_ref":"3566","repd_technology":"Wind Onshore","status":"Operational","technology":"wind_onshore"},"type":"Feature"},{"geometry":{"coordinates":[-3.8252829,51.5973352],"type":"Point"},"id":"GG2050-REPD-3470","properties":{"capacity_mw":7.3,"gg_project_id":"GG2050-REPD-3470","name":"Ton Marw Farm","operator":"Community Power Ltd","repd_ref":"3470","repd_technology":"Wind Onshore","status":"Application Refused","technology":"wind_onshore"},"type":"Feature"},{"geometry":{"coordinates":[-4.2537087,55.7199809],"type":"Point"},"id":"GG2050-REPD-3925","properties":{"capacity_mw":7.2,"gg_project_id":"GG2050-REPD-3925","name":"Ardoch and Over Enoch Wind Farm (Ardoch)","operator":"2020 Renewables/ NTR","repd_ref":"3925","repd_technology":"Wind Onshore","status":"Operational","technology":"wind_onshore"},"type":"Feature"},{"geometry":{"coordinates":[-4.8662926,55.1606684],"type":"Point"},"id":"GG2050-REPD-4102","properties":{"capacity_mw":7.2,"gg_project_id":"GG2050-REPD-4102","name":"Breaker Hill","operator":"Wind Prospect Developments","repd_ref":"4102","repd_technology":"Wind Onshore","status":"Appeal Refused","technology":"wind_onshore"},"type":"Feature"},{"geometry":{"coordinates":[-3.1448433,56.6956469],"type":"Point"},"id":"GG2050-REPD-2779","properties":{"capacity_mw":7.2,"gg_project_id":"GG2050-REPD-2779","name":"Carrach Wind Farm","operator":"The Carrach Wind Farm LLP","repd_ref":"2779","repd_technology":"Wind Onshore","status":"Appeal Refused","technology":"wind_onshore"},"type":"Feature"},{"geometry":{"coordinates":[-1.0342573,52.8064969],"type":"Point"},"id":"GG2050-REPD-3764","properties":{"capacity_mw":7.2,"gg_project_id":"GG2050-REPD-3764","name":"Dalby","operator":"Ecotricity","repd_ref":"3764","repd_technology":"Wind Onshore","status":"Operational","technology":"wind_onshore"},"type":"Feature"},{"geometry":{"coordinates":[-2.7586813,57.3826093],"type":"Point"},"id":"GG2050-REPD-3320","properties":{"capacity_mw":7.2,"gg_project_id":"GG2050-REPD-3320","name":"Hill of Corksie","operator":"Gartly Wind Partnership","repd_ref":"3320","repd_technology":"Wind Onshore","status":"Revised","technology":"wind_onshore"},"type":"Feature"},{"geometry":{"coordinates":[-3.4100496,58.2888303],"type":"Point"},"id":"GG2050-REPD-14399","properties":{"capacity_mw":7.2,"gg_project_id":"GG2050-REPD-14399","name":"Hill Of Lynchrobbie, Dunbeath - Wind Turbines","operator":"E Power Limited","repd_ref":"14399","repd_technology":"Wind Onshore","status":"Application Submitted","technology":"wind_onshore"},"type":"Feature"},{"geometry":{"coordinates":[-3.3936357,51.6260319],"type":"Point"},"id":"GG2050-REPD-6725","properties":{"capacity_mw":7.2,"gg_project_id":"GG2050-REPD-6725","name":"Llwyncelyn Wind Farm","operator":"Cenin Renewables","repd_ref":"6725","repd_technology":"Wind Onshore","status":"Application Submitted","technology":"wind_onshore"},"type":"Feature"},{"geometry":{"coordinates":[-0.8616552,52.1617214],"type":"Point"},"id":"GG2050-REPD-4399","properties":{"capacity_mw":7.2,"gg_project_id":"GG2050-REPD-4399","name":"M1 Wind Farm","operator":"Wind Prospect Developments","repd_ref":"4399","repd_technology":"Wind Onshore","status":"Operational","technology":"wind_onshore"},"type":"Feature"},{"geometry":{"coordinates":[-7.0946121,54.5221971],"type":"Point"},"id":"GG2050-REPD-4139","properties":{"capacity_mw":7.1,"gg_project_id":"GG2050-REPD-4139","name":"Altamuskin","operator":"Altamuskin Windfarm (Energia)","repd_ref":"4139","repd_technology":"Wind Onshore","status":"Operational","technology":"wind_onshore"},"type":"Feature"},{"geometry":{"coordinates":[-7.1113428,54.5127517],"type":"Point"},"id":"GG2050-REPD-4557","properties":{"capacity_mw":7.1,"gg_project_id":"GG2050-REPD-4557","name":"Altamuskin Extension","operator":"Altamuskin Windfarm (Energia)","repd_ref":"4557","repd_technology":"Wind Onshore","status":"Operational","technology":"wind_onshore"},"type":"Feature"},{"geometry":{"coordinates":[-2.2865555,53.7632186],"type":"Point"},"id":"GG2050-REPD-6137","properties":{"capacity_mw":7.1,"gg_project_id":"GG2050-REPD-6137","name":"Hameldon Hill Wind Farm (extension 2)","operator":"FAB Energy","repd_ref":"6137","repd_technology":"Wind Onshore","status":"Planning Permission Expired","technology":"wind_onshore"},"type":"Feature"},{"geometry":{"coordinates":[-2.1650442,53.696127],"type":"Point"},"id":"GG2050-REPD-2664","properties":{"capacity_mw":7.1,"gg_project_id":"GG2050-REPD-2664","name":"Hogshead Wind Farm","operator":"Renewable Energy Systems (RES)","repd_ref":"2664","repd_technology":"Wind Onshore","status":"Application Refused","technology":"wind_onshore"},"type":"Feature"},{"geometry":{"coordinates":[-3.3813208,52.0152163],"type":"Point"},"id":"GG2050-REPD-2632","properties":{"capacity_mw":7.1,"gg_project_id":"GG2050-REPD-2632","name":"Llethercynnon Farm Wind Farm","operator":"WINDJEN POWER LTD","repd_ref":"2632","repd_technology":"Wind Onshore","status":"Application Refused","technology":"wind_onshore"},"type":"Feature"},{"geometry":{"coordinates":[-1.8964573,57.5868078],"type":"Point"},"id":"GG2050-REPD-16083","properties":{"capacity_mw":7.05,"gg_project_id":"GG2050-REPD-16083","name":"Greenside Extension - Wind Turbines","operator":"Greenside Wind Energy Limited","repd_ref":"16083","repd_technology":"Wind Onshore","status":"Awaiting Construction","technology":"wind_onshore"},"type":"Feature"},{"geometry":{"coordinates":[-4.6461257,55.5862716],"type":"Point"},"id":"GG2050-REPD-17249","properties":{"capacity_mw":7.0,"gg_project_id":"GG2050-REPD-17249","name":"Dunlop Place, Meadowhead Industrial Estate - Wind turbine","operator":"Farm Energy Company","repd_ref":"17249","repd_technology":"Wind Onshore","status":"Application Submitted","technology":"wind_onshore"},"type":"Feature"},{"geometry":{"coordinates":[-3.6442352,51.7405576],"type":"Point"},"id":"GG2050-REPD-6335","properties":{"capacity_mw":7.0,"gg_project_id":"GG2050-REPD-6335","name":"Maesgwyn Wind Farm - extension (Phase 2)","operator":"Pennant Walters (MAESX)","repd_ref":"6335","repd_technology":"Wind Onshore","status":"Planning Permission Expired","technology":"wind_onshore"},"type":"Feature"},{"geometry":{"coordinates":[-3.4526815,58.4412094],"type":"Point"},"id":"GG2050-REPD-4776","properties":{"capacity_mw":6.9,"gg_project_id":"GG2050-REPD-4776","name":"Achlachan Wind Farm - Phase 2","operator":"Whirlwind Renewables","repd_ref":"4776","repd_technology":"Wind Onshore","status":"Abandoned","technology":"wind_onshore"},"type":"Feature"},{"geometry":{"coordinates":[-2.4999179,51.572297],"type":"Point"},"id":"GG2050-REPD-4335","properties":{"capacity_mw":6.9,"gg_project_id":"GG2050-REPD-4335","name":"Alveston Wind Park","operator":"Ecotricity","repd_ref":"4335","repd_technology":"Wind Onshore","status":"Operational","technology":"wind_onshore"},"type":"Feature"},{"geometry":{"coordinates":[-5.660194,55.5446595],"type":"Point"},"id":"GG2050-REPD-4184","properties":{"capacity_mw":6.9,"gg_project_id":"GG2050-REPD-4184","name":"Auchadaduie Wind Farm","operator":"Fyne Futures","repd_ref":"4184","repd_technology":"Wind Onshore","status":"Operational","technology":"wind_onshore"},"type":"Feature"},{"geometry":{"coordinates":[-0.626061,53.7488144],"type":"Point"},"id":"GG2050-REPD-4905","properties":{"capacity_mw":6.9,"gg_project_id":"GG2050-REPD-4905","name":"Bagletts Wind Farm","operator":"Lantanier UK","repd_ref":"4905","repd_technology":"Wind Onshore","status":"Application Withdrawn","technology":"wind_onshore"},"type":"Feature"},{"geometry":{"coordinates":[-7.380508,54.8717095],"type":"Point"},"id":"GG2050-REPD-3849","properties":{"capacity_mw":6.9,"gg_project_id":"GG2050-REPD-3849","name":"Ballylaw","operator":"Ballylaw Windfarm Limited","repd_ref":"3849","repd_technology":"Wind Onshore","status":"Application Withdrawn","technology":"wind_onshore"},"type":"Feature"},{"geometry":{"coordinates":[-2.4669653,56.9211109],"type":"Point"},"id":"GG2050-REPD-3920","properties":{"capacity_mw":6.9,"gg_project_id":"GG2050-REPD-3920","name":"Boy's Hill Wind Cluster","operator":"Private Developer","repd_ref":"3920","repd_technology":"Wind Onshore","status":"Application Refused","technology":"wind_onshore"},"type":"Feature"},{"geometry":{"coordinates":[-2.293317,56.9434957],"type":"Point"},"id":"GG2050-REPD-4287","properties":{"capacity_mw":6.9,"gg_project_id":"GG2050-REPD-4287","name":"Brucklaywaird Wind Farm","operator":"Blue Energy (Auquhirie Extension) Limited","repd_ref":"4287","repd_technology":"Wind Onshore","status":"Application Refused","technology":"wind_onshore"},"type":"Feature"},{"geometry":{"coordinates":[-2.81138,57.1612849],"type":"Point"},"id":"GG2050-REPD-2788","properties":{"capacity_mw":6.9,"gg_project_id":"GG2050-REPD-2788","name":"Burnside Wind Cluster","operator":"Pennant Wind Energy Ventures","repd_ref":"2788","repd_technology":"Wind Onshore","status":"Revised","technology":"wind_onshore"},"type":"Feature"},{"geometry":{"coordinates":[-2.81138,57.1612849],"type":"Point"},"id":"GG2050-REPD-2877","properties":{"capacity_mw":6.9,"gg_project_id":"GG2050-REPD-2877","name":"Burnside Wind Cluster","operator":"Pennant Wind Energy Ventures","repd_ref":"2877","repd_technology":"Wind Onshore","status":"Revised","technology":"wind_onshore"},"type":"Feature"},{"geometry":{"coordinates":[-2.8155881,57.159425],"type":"Point"},"id":"GG2050-REPD-3410","properties":{"capacity_mw":6.9,"gg_project_id":"GG2050-REPD-3410","name":"Burnside Wind Cluster","operator":"Renewable Energy Ventures","repd_ref":"3410","repd_technology":"Wind Onshore","status":"Revised","technology":"wind_onshore"},"type":"Feature"},{"geometry":{"coordinates":[-3.9730542,54.8640788],"type":"Point"},"id":"GG2050-REPD-4606","properties":{"capacity_mw":6.9,"gg_project_id":"GG2050-REPD-4606","name":"Chapmans Howe Wind Farm","operator":"REG Windpower","repd_ref":"4606","repd_technology":"Wind Onshore","status":"Appeal Refused","technology":"wind_onshore"},"type":"Feature"},{"geometry":{"coordinates":[-3.2526363,56.1177148],"type":"Point"},"id":"GG2050-REPD-4078","properties":{"capacity_mw":6.9,"gg_project_id":"GG2050-REPD-4078","name":"Clentrie Wind Farm (Gevens)","operator":"Rev Ltd","repd_ref":"4078","repd_technology":"Wind Onshore","status":"Operational","technology":"wind_onshore"},"type":"Feature"},{"geometry":{"coordinates":[-0.7850284,53.3232237],"type":"Point"},"id":"GG2050-REPD-4542","properties":{"capacity_mw":6.9,"gg_project_id":"GG2050-REPD-4542","name":"Cottam wind farm","operator":"Prowind UK","repd_ref":"4542","repd_technology":"Wind Onshore","status":"Application Withdrawn","technology":"wind_onshore"},"type":"Feature"},{"geometry":{"coordinates":[-2.6157075,57.5906575],"type":"Point"},"id":"GG2050-REPD-4360","properties":{"capacity_mw":6.9,"gg_project_id":"GG2050-REPD-4360","name":"Deuchries","operator":"Force 9 Energy / Catamount Energy/ Green Cat","repd_ref":"4360","repd_technology":"Wind Onshore","status":"Operational","technology":"wind_onshore"},"type":"Feature"},{"geometry":{"coordinates":[-6.9429576,54.5505508],"type":"Point"},"id":"GG2050-REPD-4111","properties":{"capacity_mw":6.9,"gg_project_id":"GG2050-REPD-4111","name":"Eshmore","operator":"Energia Renewables","repd_ref":"4111","repd_technology":"Wind Onshore","status":"Operational","technology":"wind_onshore"},"type":"Feature"},{"geometry":{"coordinates":[-2.8329121,56.6823384],"type":"Point"},"id":"GG2050-REPD-3876","properties":{"capacity_mw":6.9,"gg_project_id":"GG2050-REPD-3876","name":"Finavon Wind Farm","operator":"Green Cat Renewables","repd_ref":"3876","repd_technology":"Wind Onshore","status":"Appeal Refused","technology":"wind_onshore"},"type":"Feature"},{"geometry":{"coordinates":[-2.5454831,57.4685919],"type":"Point"},"id":"GG2050-REPD-4540","properties":{"capacity_mw":6.9,"gg_project_id":"GG2050-REPD-4540","name":"Floors Farm Wind Turbines","operator":"artine Partnership Ltd","repd_ref":"4540","repd_technology":"Wind Onshore","status":"Application Refused","technology":"wind_onshore"},"type":"Feature"},{"geometry":{"coordinates":[-6.4124208,55.010092],"type":"Point"},"id":"GG2050-REPD-3962","properties":{"capacity_mw":6.9,"gg_project_id":"GG2050-REPD-3962","name":"Glenbuck","operator":"Energia Renewables","repd_ref":"3962","repd_technology":"Wind Onshore","status":"Operational","technology":"wind_onshore"},"type":"Feature"},{"geometry":{"coordinates":[-4.115614,51.1794742],"type":"Point"},"id":"GG2050-REPD-3468","properties":{"capacity_mw":6.9,"gg_project_id":"GG2050-REPD-3468","name":"Great Shelfin Farm","operator":"British Telecom","repd_ref":"3468","repd_technology":"Wind Onshore","status":"Application Withdrawn","technology":"wind_onshore"},"type":"Feature"},{"geometry":{"coordinates":[-2.5635782,57.4516966],"type":"Point"},"id":"GG2050-REPD-4375","properties":{"capacity_mw":6.9,"gg_project_id":"GG2050-REPD-4375","name":"Hassiewells","operator":"Hassiewells Renewables","repd_ref":"4375","repd_technology":"Wind Onshore","status":"Appeal Refused","technology":"wind_onshore"},"type":"Feature"},{"geometry":{"coordinates":[-2.1096247,57.3108932],"type":"Point"},"id":"GG2050-REPD-3968","properties":{"capacity_mw":6.9,"gg_project_id":"GG2050-REPD-3968","name":"Hill of Fiddes","operator":"Infinis, previously Broadview Energy","repd_ref":"3968","repd_technology":"Wind Onshore","status":"Operational","technology":"wind_onshore"},"type":"Feature"},{"geometry":{"coordinates":[-2.1647439,57.4534511],"type":"Point"},"id":"GG2050-REPD-4170","properties":{"capacity_mw":6.9,"gg_project_id":"GG2050-REPD-4170","name":"Hill of Skilmafilly Cloffrickford (Denmore) Wind Farm","operator":"SAC Environment And Design","repd_ref":"4170","repd_technology":"Wind Onshore","status":"Operational","technology":"wind_onshore"},"type":"Feature"},{"geometry":{"coordinates":[-3.1772079,56.9551963],"type":"Point"},"id":"GG2050-REPD-3701","properties":{"capacity_mw":6.9,"gg_project_id":"GG2050-REPD-3701","name":"Hillhead of Auquhirie","operator":"Octopus Investements/Blue Energy (previously Auquhirie Land Company Ltd)","repd_ref":"3701","repd_technology":"Wind Onshore","status":"Operational","technology":"wind_onshore"},"type":"Feature"},{"geometry":{"coordinates":[-1.733959,51.5885899],"type":"Point"},"id":"GG2050-REPD-3756","properties":{"capacity_mw":6.9,"gg_project_id":"GG2050-REPD-3756","name":"Honda wind Farm","operator":"Honda / Ecotricity","repd_ref":"3756","repd_technology":"Wind Onshore","status":"Application Refused","technology":"wind_onshore"},"type":"Feature"},{"geometry":{"coordinates":[-2.391497,55.9206889],"type":"Point"},"id":"GG2050-REPD-4575","properties":{"capacity_mw":6.9,"gg_project_id":"GG2050-REPD-4575","name":"Hoprigshiels Community Wind Farm","operator":"Private Developer","repd_ref":"4575","repd_technology":"Wind Onshore","status":"Operational","technology":"wind_onshore"},"type":"Feature"},{"geometry":{"coordinates":[-3.3597631,54.7703646],"type":"Point"},"id":"GG2050-REPD-4958","properties":{"capacity_mw":6.9,"gg_project_id":"GG2050-REPD-4958","name":"Lancarr","operator":"Airvolution Energy","repd_ref":"4958","repd_technology":"Wind Onshore","status":"Application Withdrawn","technology":"wind_onshore"},"type":"Feature"},{"geometry":{"coordinates":[-7.347881,57.2337458],"type":"Point"},"id":"GG2050-REPD-3670","properties":{"capacity_mw":6.9,"gg_project_id":"GG2050-REPD-3670","name":"Lochcarnan Community Windfarm","operator":"Storas Uibhist","repd_ref":"3670","repd_technology":"Wind Onshore","status":"Operational","technology":"wind_onshore"},"type":"Feature"},{"geometry":{"coordinates":[-7.3067456,57.3601749],"type":"Point"},"id":"GG2050-REPD-5964","properties":{"capacity_mw":6.9,"gg_project_id":"GG2050-REPD-5964","name":"Lochdar Hill Wind Farm","operator":"Storas Uibhist","repd_ref":"5964","repd_technology":"Wind Onshore","status":"Application Withdrawn","technology":"wind_onshore"},"type":"Feature"},{"geometry":{"coordinates":[-2.6643146,57.6327013],"type":"Point"},"id":"GG2050-REPD-4212","properties":{"capacity_mw":6.9,"gg_project_id":"GG2050-REPD-4212","name":"Lodge Hill","operator":"Vento Ludens","repd_ref":"4212","repd_technology":"Wind Onshore","status":"Application Refused","technology":"wind_onshore"},"type":"Feature"},{"geometry":{"coordinates":[-2.2450364,57.3544571],"type":"Point"},"id":"GG2050-REPD-2702","properties":{"capacity_mw":6.9,"gg_project_id":"GG2050-REPD-2702","name":"Mains of Cairnbrogie 2","operator":"Private Developer","repd_ref":"2702","repd_technology":"Wind Onshore","status":"Revised","technology":"wind_onshore"},"type":"Feature"},{"geometry":{"coordinates":[-0.5403032,53.7172294],"type":"Point"},"id":"GG2050-REPD-4549","properties":{"capacity_mw":6.9,"gg_project_id":"GG2050-REPD-4549","name":"Melton Common Wind Cluster","operator":"Seneca Global Energy","repd_ref":"4549","repd_technology":"Wind Onshore","status":"Revised","technology":"wind_onshore"},"type":"Feature"},{"geometry":{"coordinates":[-0.0456309,53.7611791],"type":"Point"},"id":"GG2050-REPD-3512","properties":{"capacity_mw":6.9,"gg_project_id":"GG2050-REPD-3512","name":"Monkwith Wind Farm","operator":"Energiekontor UK","repd_ref":"3512","repd_technology":"Wind Onshore","status":"Appeal Refused","technology":"wind_onshore"},"type":"Feature"},{"geometry":{"coordinates":[-2.8755852,54.8612075],"type":"Point"},"id":"GG2050-REPD-2670","properties":{"capacity_mw":6.9,"gg_project_id":"GG2050-REPD-2670","name":"Newlands Farm Wind","operator":"Bolsterstone Plc","repd_ref":"2670","repd_technology":"Wind Onshore","status":"Appeal Refused","technology":"wind_onshore"},"type":"Feature"},{"geometry":{"coordinates":[-0.3832611,53.9416909],"type":"Point"},"id":"GG2050-REPD-4243","properties":{"capacity_mw":6.9,"gg_project_id":"GG2050-REPD-4243","name":"Rotsea Wind Farm","operator":"Renewable Energy Systems (RES)","repd_ref":"4243","repd_technology":"Wind Onshore","status":"Application Refused","technology":"wind_onshore"},"type":"Feature"},{"geometry":{"coordinates":[-4.9138596,50.3502675],"type":"Point"},"id":"GG2050-REPD-4979","properties":{"capacity_mw":6.9,"gg_project_id":"GG2050-REPD-4979","name":"Scarcewater Tip","operator":"REG Windpower","repd_ref":"4979","repd_technology":"Wind Onshore","status":"Appeal Refused","technology":"wind_onshore"},"type":"Feature"},{"geometry":{"coordinates":[-2.5419605,57.499777],"type":"Point"},"id":"GG2050-REPD-3784","properties":{"capacity_mw":6.9,"gg_project_id":"GG2050-REPD-3784","name":"Shielburn Farm","operator":"Green Cat Renewables","repd_ref":"3784","repd_technology":"Wind Onshore","status":"Operational","technology":"wind_onshore"},"type":"Feature"},{"geometry":{"coordinates":[-1.9300339,53.6249627],"type":"Point"},"id":"GG2050-REPD-4280","properties":{"capacity_mw":6.9,"gg_project_id":"GG2050-REPD-4280","name":"Slaithwaite Moor Community Wind Farm","operator":"Wind Valley Co-operative","repd_ref":"4280","repd_technology":"Wind Onshore","status":"Application Withdrawn","technology":"wind_onshore"},"type":"Feature"},{"geometry":{"coordinates":[-7.56924,54.6354926],"type":"Point"},"id":"GG2050-REPD-4065","properties":{"capacity_mw":6.9,"gg_project_id":"GG2050-REPD-4065","name":"Slieveglass","operator":"Slieveglass wind farm (Energia)","repd_ref":"4065","repd_technology":"Wind Onshore","status":"Operational","technology":"wind_onshore"},"type":"Feature"},{"geometry":{"coordinates":[-1.6921626,53.5367539],"type":"Point"},"id":"GG2050-REPD-2680","properties":{"capacity_mw":6.9,"gg_project_id":"GG2050-REPD-2680","name":"Spicer Hill Wind Farm","operator":"J G Pears Limited","repd_ref":"2680","repd_technology":"Wind Onshore","status":"Operational","technology":"wind_onshore"},"type":"Feature"},{"geometry":{"coordinates":[-1.695007,53.5398622],"type":"Point"},"id":"GG2050-REPD-4791","properties":{"capacity_mw":6.9,"gg_project_id":"GG2050-REPD-4791","name":"Spicer Hill Wind Farm Extension","operator":"JG Pears Power","repd_ref":"4791","repd_technology":"Wind Onshore","status":"Appeal Refused","technology":"wind_onshore"},"type":"Feature"},{"geometry":{"coordinates":[-3.1210799,58.6335962],"type":"Point"},"id":"GG2050-REPD-2896","properties":{"capacity_mw":6.9,"gg_project_id":"GG2050-REPD-2896","name":"Tresdale Farm wind cluster","operator":"Coriolis Energy","repd_ref":"2896","repd_technology":"Wind Onshore","status":"Application Refused","technology":"wind_onshore"},"type":"Feature"},{"geometry":{"coordinates":[-4.3704059,55.6336829],"type":"Point"},"id":"GG2050-REPD-6022","properties":{"capacity_mw":6.8,"gg_project_id":"GG2050-REPD-6022","name":"Alton Muirhouse Farm","operator":"Private Developer","repd_ref":"6022","repd_technology":"Wind Onshore","status":"Appeal Refused","technology":"wind_onshore"},"type":"Feature"},{"geometry":{"coordinates":[-0.1309935,51.8927055],"type":"Point"},"id":"GG2050-REPD-3060","properties":{"capacity_mw":6.8,"gg_project_id":"GG2050-REPD-3060","name":"Benington Wind Farm","operator":"R H Bott & Son Ltd","repd_ref":"3060","repd_technology":"Wind Onshore","status":"Application Refused","technology":"wind_onshore"},"type":"Feature"},{"geometry":{"coordinates":[1.5278665,52.7862343],"type":"Point"},"id":"GG2050-REPD-2766","properties":{"capacity_mw":6.8,"gg_project_id":"GG2050-REPD-2766","name":"Grove Farm (wind)","operator":"Private Developer","repd_ref":"2766","repd_technology":"Wind Onshore","status":"Application Refused","technology":"wind_onshore"},"type":"Feature"},{"geometry":{"coordinates":[1.1266184,52.3303559],"type":"Point"},"id":"GG2050-REPD-2774","properties":{"capacity_mw":6.8,"gg_project_id":"GG2050-REPD-2774","name":"J.W. Baldwin Wind Farm","operator":"Eye Wind Power Ltd","repd_ref":"2774","repd_technology":"Wind Onshore","status":"Application Withdrawn","technology":"wind_onshore"},"type":"Feature"},{"geometry":{"coordinates":[-2.3866209,56.9398911],"type":"Point"},"id":"GG2050-REPD-4511","properties":{"capacity_mw":6.8,"gg_project_id":"GG2050-REPD-4511","name":"Jacksbank Wind Farm (Glenbervie)","operator":"East Coast Viners","repd_ref":"4511","repd_technology":"Wind Onshore","status":"Operational","technology":"wind_onshore"},"type":"Feature"},{"geometry":{"coordinates":[-3.6055464,55.7583926],"type":"Point"},"id":"GG2050-REPD-3873","properties":{"capacity_mw":6.8,"gg_project_id":"GG2050-REPD-3873","name":"Muirhall Extension","operator":"Muirhall Energy","repd_ref":"3873","repd_technology":"Wind Onshore","status":"Operational","technology":"wind_onshore"},"type":"Feature"},{"geometry":{"coordinates":[0.6789547,51.4558928],"type":"Point"},"id":"GG2050-REPD-3319","properties":{"capacity_mw":6.8,"gg_project_id":"GG2050-REPD-3319","name":"Perry's Farm Wind Farm","operator":"Estuary Energy","repd_ref":"3319","repd_technology":"Wind Onshore","status":"Application Refused","technology":"wind_onshore"},"type":"Feature"},{"geometry":{"coordinates":[-2.1834935,52.4520315],"type":"Point"},"id":"GG2050-REPD-3589","properties":{"capacity_mw":6.8,"gg_project_id":"GG2050-REPD-3589","name":"Roundhill Sewage Works Wind Turbines","operator":"Severn Trent Water","repd_ref":"3589","repd_technology":"Wind Onshore","status":"Appeal Refused","technology":"wind_onshore"},"type":"Feature"},{"geometry":{"coordinates":[-2.9714466,55.7883774],"type":"Point"},"id":"GG2050-REPD-3506","properties":{"capacity_mw":6.7,"gg_project_id":"GG2050-REPD-3506","name":"Falahill","operator":"E.ON UK","repd_ref":"3506","repd_technology":"Wind Onshore","status":"Application Refused","technology":"wind_onshore"},"type":"Feature"},{"geometry":{"coordinates":[-4.5467486,50.6455092],"type":"Point"},"id":"GG2050-REPD-3511","properties":{"capacity_mw":6.6,"gg_project_id":"GG2050-REPD-3511","name":"Cold Northcott","operator":"Otter Power","repd_ref":"3511","repd_technology":"Wind Onshore","status":"Operational","technology":"wind_onshore"},"type":"Feature"},{"geometry":{"coordinates":[0.9653034,52.2772401],"type":"Point"},"id":"GG2050-REPD-3965","properties":{"capacity_mw":6.6,"gg_project_id":"GG2050-REPD-3965","name":"Potash Farm","operator":"Wind Power Renewables","repd_ref":"3965","repd_technology":"Wind Onshore","status":"Application Refused","technology":"wind_onshore"},"type":"Feature"},{"geometry":{"coordinates":[-1.0806948,54.5766308],"type":"Point"},"id":"GG2050-REPD-4573","properties":{"capacity_mw":6.6,"gg_project_id":"GG2050-REPD-4573","name":"Wilton","operator":"Airvolution Energy","repd_ref":"4573","repd_technology":"Wind Onshore","status":"Application Withdrawn","technology":"wind_onshore"},"type":"Feature"},{"geometry":{"coordinates":[-1.9609832,52.6956121],"type":"Point"},"id":"GG2050-REPD-3267","properties":{"capacity_mw":6.5,"gg_project_id":"GG2050-REPD-3267","name":"Bleak House","operator":"Harworth Power","repd_ref":"3267","repd_technology":"Wind Onshore","status":"Application Withdrawn","technology":"wind_onshore"},"type":"Feature"},{"geometry":{"coordinates":[-3.5203809,54.5787722],"type":"Point"},"id":"GG2050-REPD-3613","properties":{"capacity_mw":6.5,"gg_project_id":"GG2050-REPD-3613","name":"Fairfield Farm","operator":"Windprospect","repd_ref":"3613","repd_technology":"Wind Onshore","status":"Operational","technology":"wind_onshore"},"type":"Feature"},{"geometry":{"coordinates":[-3.6852308,58.6042217],"type":"Point"},"id":"GG2050-REPD-3783","properties":{"capacity_mw":6.5,"gg_project_id":"GG2050-REPD-3783","name":"Forss Extension (Forss III)","operator":"Renewable Energy Systems (RES)","repd_ref":"3783","repd_technology":"Wind Onshore","status":"Appeal Refused","technology":"wind_onshore"},"type":"Feature"},{"geometry":{"coordinates":[-2.6351395,54.3362848],"type":"Point"},"id":"GG2050-REPD-3390","properties":{"capacity_mw":6.5,"gg_project_id":"GG2050-REPD-3390","name":"Lambrigg Wind Farm","operator":"Lambrigg Windfarm Ltd","repd_ref":"3390","repd_technology":"Wind Onshore","status":"Operational","technology":"wind_onshore"},"type":"Feature"},{"geometry":{"coordinates":[-3.7327415,53.2548974],"type":"Point"},"id":"GG2050-REPD-2573","properties":{"capacity_mw":6.5,"gg_project_id":"GG2050-REPD-2573","name":"Mynydd Llanelian Wind Farm","operator":"WINDJEN POWER LTD","repd_ref":"2573","repd_technology":"Wind Onshore","status":"Application Refused","technology":"wind_onshore"},"type":"Feature"},{"geometry":{"coordinates":[-4.2592304,55.7235015],"type":"Point"},"id":"GG2050-REPD-4016","properties":{"capacity_mw":6.5,"gg_project_id":"GG2050-REPD-4016","name":"Over Enoch Farm","operator":"Private Developer","repd_ref":"4016","repd_technology":"Wind Onshore","status":"Abandoned","technology":"wind_onshore"},"type":"Feature"},{"geometry":{"coordinates":[-1.6771173,54.615224],"type":"Point"},"id":"GG2050-REPD-4268","properties":{"capacity_mw":6.5,"gg_project_id":"GG2050-REPD-4268","name":"Royal Oak","operator":"EDF Energy Renewables","repd_ref":"4268","repd_technology":"Wind Onshore","status":"Abandoned","technology":"wind_onshore"},"type":"Feature"},{"geometry":{"coordinates":[-1.6660634,51.6157772],"type":"Point"},"id":"GG2050-REPD-3264","properties":{"capacity_mw":6.5,"gg_project_id":"GG2050-REPD-3264","name":"Westmill Wind Farm","operator":"Private Developer","repd_ref":"3264","repd_technology":"Wind Onshore","status":"Operational","technology":"wind_onshore"},"type":"Feature"},{"geometry":{"coordinates":[-3.0480581,56.5709247],"type":"Point"},"id":"GG2050-REPD-4062","properties":{"capacity_mw":6.4,"gg_project_id":"GG2050-REPD-4062","name":"Ark Hill","operator":"Green Cat Renewables","repd_ref":"4062","repd_technology":"Wind Onshore","status":"Operational","technology":"wind_onshore"},"type":"Feature"},{"geometry":{"coordinates":[-3.1644914,56.1537005],"type":"Point"},"id":"GG2050-REPD-4094","properties":{"capacity_mw":6.4,"gg_project_id":"GG2050-REPD-4094","name":"Middle Balbeggie Wind Turbines","operator":"Capital Dynamics","repd_ref":"4094","repd_technology":"Wind Onshore","status":"Operational","technology":"wind_onshore"},"type":"Feature"},{"geometry":{"coordinates":[-4.780906,55.7358213],"type":"Point"},"id":"GG2050-REPD-4235","properties":{"capacity_mw":6.4,"gg_project_id":"GG2050-REPD-4235","name":"Millour Hill Community Windfarm (Extension)","operator":"Community Windpower","repd_ref":"4235","repd_technology":"Wind Onshore","status":"Operational","technology":"wind_onshore"},"type":"Feature"},{"geometry":{"coordinates":[-3.4511699,51.6511145],"type":"Point"},"id":"GG2050-REPD-3660","properties":{"capacity_mw":6.4,"gg_project_id":"GG2050-REPD-3660","name":"Penrhys Wind Farm/Ferndale Power Factory","operator":"John Laing Environmental Assets Group","repd_ref":"3660","repd_technology":"Wind Onshore","status":"Operational","technology":"wind_onshore"},"type":"Feature"},{"geometry":{"coordinates":[-4.9018343,51.9551793],"type":"Point"},"id":"GG2050-REPD-2641","properties":{"capacity_mw":6.3,"gg_project_id":"GG2050-REPD-2641","name":"Trenewydd Wind Farm","operator":"RWE npower","repd_ref":"2641","repd_technology":"Wind Onshore","status":"Application Refused","technology":"wind_onshore"},"type":"Feature"},{"geometry":{"coordinates":[-3.2015063,58.4385192],"type":"Point"},"id":"GG2050-REPD-3285","properties":{"capacity_mw":6.2,"gg_project_id":"GG2050-REPD-3285","name":"Achairn","operator":"Messrs James and Ronald Innes","repd_ref":"3285","repd_technology":"Wind Onshore","status":"Operational","technology":"wind_onshore"},"type":"Feature"},{"geometry":{"coordinates":[-0.2877076,52.2773477],"type":"Point"},"id":"GG2050-REPD-4076","properties":{"capacity_mw":6.2,"gg_project_id":"GG2050-REPD-4076","name":"Common Barn Wind Farm","operator":"TCI Renewables","repd_ref":"4076","repd_technology":"Wind Onshore","status":"Operational","technology":"wind_onshore"},"type":"Feature"},{"geometry":{"coordinates":[-3.5139715,54.6870739],"type":"Point"},"id":"GG2050-REPD-3972","properties":{"capacity_mw":6.2,"gg_project_id":"GG2050-REPD-3972","name":"Land at Flimby Hall Farm","operator":"Flimby Wind Energy Ltd","repd_ref":"3972","repd_technology":"Wind Onshore","status":"Operational","technology":"wind_onshore"},"type":"Feature"},{"geometry":{"coordinates":[-0.9335401,51.852723],"type":"Point"},"id":"GG2050-REPD-14258","properties":{"capacity_mw":6.2,"gg_project_id":"GG2050-REPD-14258","name":"Littleton Green - Energy Park","operator":"Arnold White Estates Limited","repd_ref":"14258","repd_technology":"Wind Onshore","status":"Application Submitted","technology":"wind_onshore"},"type":"Feature"},{"geometry":{"coordinates":[-3.3463092,54.779502],"type":"Point"},"id":"GG2050-REPD-4141","properties":{"capacity_mw":6.2,"gg_project_id":"GG2050-REPD-4141","name":"Westnewton","operator":"Broadview Energy Limited","repd_ref":"4141","repd_technology":"Wind Onshore","status":"Operational","technology":"wind_onshore"},"type":"Feature"},{"geometry":{"coordinates":[-1.586432,55.0822444],"type":"Point"},"id":"GG2050-REPD-2930","properties":{"capacity_mw":6.0,"gg_project_id":"GG2050-REPD-2930","name":"Aesica Pharmaceuticals","operator":"Aesica Pharmaceuticals","repd_ref":"2930","repd_technology":"Wind Onshore","status":"Application Refused","technology":"wind_onshore"},"type":"Feature"},{"geometry":{"coordinates":[-1.6250154,55.1021386],"type":"Point"},"id":"GG2050-REPD-2949","properties":{"capacity_mw":6.0,"gg_project_id":"GG2050-REPD-2949","name":"Aesica Pharmaceuticals Limited","operator":"Aesica Pharmaceuticals Limited","repd_ref":"2949","repd_technology":"Wind Onshore","status":"Revised","technology":"wind_onshore"},"type":"Feature"},{"geometry":{"coordinates":[-4.8061413,55.6439002],"type":"Point"},"id":"GG2050-REPD-4668","properties":{"capacity_mw":6.0,"gg_project_id":"GG2050-REPD-4668","name":"Ardrossan Extension","operator":"Airtricity","repd_ref":"4668","repd_technology":"Wind Onshore","status":"Operational","technology":"wind_onshore"},"type":"Feature"},{"geometry":{"coordinates":[-2.705702,51.5142061],"type":"Point"},"id":"GG2050-REPD-3194","properties":{"capacity_mw":6.0,"gg_project_id":"GG2050-REPD-3194","name":"Avonmouth Port","operator":"Bristol Port Authority","repd_ref":"3194","repd_technology":"Wind Onshore","status":"Operational","technology":"wind_onshore"},"type":"Feature"},{"geometry":{"coordinates":[-3.3007025,51.7129876],"type":"Point"},"id":"GG2050-REPD-3830","properties":{"capacity_mw":6.0,"gg_project_id":"GG2050-REPD-3830","name":"Bedlinog Wind Farm","operator":"Tegni Cymru","repd_ref":"3830","repd_technology":"Wind Onshore","status":"Application Withdrawn","technology":"wind_onshore"},"type":"Feature"},{"geometry":{"coordinates":[-1.9282069,54.8478094],"type":"Point"},"id":"GG2050-REPD-3674","properties":{"capacity_mw":6.0,"gg_project_id":"GG2050-REPD-3674","name":"Boundary Lane","operator":"EDF","repd_ref":"3674","repd_technology":"Wind Onshore","status":"Operational","technology":"wind_onshore"},"type":"Feature"},{"geometry":{"coordinates":[-1.3117605,51.1887007],"type":"Point"},"id":"GG2050-REPD-4131","properties":{"capacity_mw":6.0,"gg_project_id":"GG2050-REPD-4131","name":"Bullington Cross Wind Farm (3 of 14 turbines Test Valley BC)","operator":"EDF","repd_ref":"4131","repd_technology":"Wind Onshore","status":"Appeal Withdrawn","technology":"wind_onshore"},"type":"Feature"},{"geometry":{"coordinates":[-0.033727,52.5372534],"type":"Point"},"id":"GG2050-REPD-3686","properties":{"capacity_mw":6.0,"gg_project_id":"GG2050-REPD-3686","name":"Burnt House Farm","operator":"Fivestone Ltd","repd_ref":"3686","repd_technology":"Wind Onshore","status":"Operational","technology":"wind_onshore"},"type":"Feature"},{"geometry":{"coordinates":[-2.4268315,57.6312382],"type":"Point"},"id":"GG2050-REPD-7600","properties":{"capacity_mw":6.0,"gg_project_id":"GG2050-REPD-7600","name":"Cairnandrew","operator":"Inicio Fresco","repd_ref":"7600","repd_technology":"Wind Onshore","status":"Application Refused","technology":"wind_onshore"},"type":"Feature"},{"geometry":{"coordinates":[-1.3157685,50.7162523],"type":"Point"},"id":"GG2050-REPD-4553","properties":{"capacity_mw":6.0,"gg_project_id":"GG2050-REPD-4553","name":"Camp Hill Wind Farm","operator":"Partnerships for Renewables","repd_ref":"4553","repd_technology":"Wind Onshore","status":"Application Refused","technology":"wind_onshore"},"type":"Feature"},{"geometry":{"coordinates":[-3.0175569,55.7647768],"type":"Point"},"id":"GG2050-REPD-3214","properties":{"capacity_mw":6.0,"gg_project_id":"GG2050-REPD-3214","name":"Carcant Windfarm","operator":"Greencoat UK Wind","repd_ref":"3214","repd_technology":"Wind Onshore","status":"Operational","technology":"wind_onshore"},"type":"Feature"},{"geometry":{"coordinates":[-5.0305874,50.3508796],"type":"Point"},"id":"GG2050-REPD-3005","properties":{"capacity_mw":6.0,"gg_project_id":"GG2050-REPD-3005","name":"Carland Cross","operator":"Scottish Power Renewables","repd_ref":"3005","repd_technology":"Wind Onshore","status":"Decommissioned","technology":"wind_onshore"},"type":"Feature"},{"geometry":{"coordinates":[-0.2468418,54.071582],"type":"Point"},"id":"GG2050-REPD-4165","properties":{"capacity_mw":6.0,"gg_project_id":"GG2050-REPD-4165","name":"Carnaby","operator":"FCC Environment","repd_ref":"4165","repd_technology":"Wind Onshore","status":"Awaiting Construction","technology":"wind_onshore"},"type":"Feature"},{"geometry":{"coordinates":[-3.0529778,56.2460693],"type":"Point"},"id":"GG2050-REPD-2828","properties":{"capacity_mw":6.0,"gg_project_id":"GG2050-REPD-2828","name":"Clatto Farm Turbines","operator":"Green Cat Renewables","repd_ref":"2828","repd_technology":"Wind Onshore","status":"Appeal Refused","technology":"wind_onshore"},"type":"Feature"},{"geometry":{"coordinates":[-2.3033903,56.9371744],"type":"Point"},"id":"GG2050-REPD-3265","properties":{"capacity_mw":6.0,"gg_project_id":"GG2050-REPD-3265","name":"Clochnahill Windfarm","operator":"Private Developer","repd_ref":"3265","repd_technology":"Wind Onshore","status":"Application Refused","technology":"wind_onshore"},"type":"Feature"},{"geometry":{"coordinates":[-6.7081594,54.811216],"type":"Point"},"id":"GG2050-REPD-4361","properties":{"capacity_mw":6.0,"gg_project_id":"GG2050-REPD-4361","name":"Draperstown (Brackagh) Wind Farm","operator":"Renewable Energy Generation (REG)","repd_ref":"4361","repd_technology":"Wind Onshore","status":"Operational","technology":"wind_onshore"},"type":"Feature"},{"geometry":{"coordinates":[-2.731965,56.5691807],"type":"Point"},"id":"GG2050-REPD-2684","properties":{"capacity_mw":6.0,"gg_project_id":"GG2050-REPD-2684","name":"Dusty Drum","operator":"A7 Energy","repd_ref":"2684","repd_technology":"Wind Onshore","status":"Application Refused","technology":"wind_onshore"},"type":"Feature"},{"geometry":{"coordinates":[-2.7329122,56.5592566],"type":"Point"},"id":"GG2050-REPD-4035","properties":{"capacity_mw":6.0,"gg_project_id":"GG2050-REPD-4035","name":"Dusty Drum","operator":"A7 Energy","repd_ref":"4035","repd_technology":"Wind Onshore","status":"Revised","technology":"wind_onshore"},"type":"Feature"},{"geometry":{"coordinates":[-3.8120232,55.9241718],"type":"Point"},"id":"GG2050-REPD-11032","properties":{"capacity_mw":6.0,"gg_project_id":"GG2050-REPD-11032","name":"Easter Drumclair Wood","operator":"Tamani","repd_ref":"11032","repd_technology":"Wind Onshore","status":"Awaiting Construction","technology":"wind_onshore"},"type":"Feature"},{"geometry":{"coordinates":[-3.0369024,59.0653315],"type":"Point"},"id":"GG2050-REPD-3212","properties":{"capacity_mw":6.0,"gg_project_id":"GG2050-REPD-3212","name":"Enyas Hill","operator":"Hainsford Energy","repd_ref":"3212","repd_technology":"Wind Onshore","status":"Application Refused","technology":"wind_onshore"},"type":"Feature"},{"geometry":{"coordinates":[-1.4438467,54.6251441],"type":"Point"},"id":"GG2050-REPD-3780","properties":{"capacity_mw":6.0,"gg_project_id":"GG2050-REPD-3780","name":"Foxton Lane","operator":"Wind Prospect","repd_ref":"3780","repd_technology":"Wind Onshore","status":"Application Refused","technology":"wind_onshore"},"type":"Feature"},{"geometry":{"coordinates":[-1.7311983,53.5315897],"type":"Point"},"id":"GG2050-REPD-3937","properties":{"capacity_mw":6.0,"gg_project_id":"GG2050-REPD-3937","name":"Hazlehead","operator":"Banks Renewables","repd_ref":"3937","repd_technology":"Wind Onshore","status":"Operational","technology":"wind_onshore"},"type":"Feature"},{"geometry":{"coordinates":[-2.6103615,57.3441335],"type":"Point"},"id":"GG2050-REPD-3683","properties":{"capacity_mw":6.0,"gg_project_id":"GG2050-REPD-3683","name":"Hill of Tillymorgan","operator":"Private Developer","repd_ref":"3683","repd_technology":"Wind Onshore","status":"Revised","technology":"wind_onshore"},"type":"Feature"},{"geometry":{"coordinates":[-3.1772079,56.9551963],"type":"Point"},"id":"GG2050-REPD-2931","properties":{"capacity_mw":6.0,"gg_project_id":"GG2050-REPD-2931","name":"Hillhead of Auquhirie","operator":"Polar Energy","repd_ref":"2931","repd_technology":"Wind Onshore","status":"Revised","technology":"wind_onshore"},"type":"Feature"},{"geometry":{"coordinates":[-0.1640815,52.6561311],"type":"Point"},"id":"GG2050-REPD-4550","properties":{"capacity_mw":6.0,"gg_project_id":"GG2050-REPD-4550","name":"Hundred Road Wind Turbines","operator":"FCC Environment","repd_ref":"4550","repd_technology":"Wind Onshore","status":"Appeal Withdrawn","technology":"wind_onshore"},"type":"Feature"},{"geometry":{"coordinates":[-2.2840212,52.8025502],"type":"Point"},"id":"GG2050-REPD-4388","properties":{"capacity_mw":6.0,"gg_project_id":"GG2050-REPD-4388","name":"Knightley Hall Wind Farm","operator":"REG Windpower","repd_ref":"4388","repd_technology":"Wind Onshore","status":"Application Refused","technology":"wind_onshore"},"type":"Feature"},{"geometry":{"coordinates":[-6.6549785,55.0420406],"type":"Point"},"id":"GG2050-REPD-2718","properties":{"capacity_mw":6.0,"gg_project_id":"GG2050-REPD-2718","name":"Lisnamuck Wind Farm","operator":"Lisnamuck Wind Farm Limited","repd_ref":"2718","repd_technology":"Wind Onshore","status":"Application Withdrawn","technology":"wind_onshore"},"type":"Feature"},{"geometry":{"coordinates":[-3.6146784,51.642739],"type":"Point"},"id":"GG2050-REPD-4644","properties":{"capacity_mw":6.0,"gg_project_id":"GG2050-REPD-4644","name":"Llynfi Afan Renewable Energy Park","operator":"John Laing Environmental Assets Group","repd_ref":"4644","repd_technology":"Wind Onshore","status":"Operational","technology":"wind_onshore"},"type":"Feature"},{"geometry":{"coordinates":[-3.9823488,55.6959304],"type":"Point"},"id":"GG2050-REPD-3453","properties":{"capacity_mw":6.0,"gg_project_id":"GG2050-REPD-3453","name":"Lochhead Farm","operator":"A7 Energy / Green Energy","repd_ref":"3453","repd_technology":"Wind Onshore","status":"Operational","technology":"wind_onshore"},"type":"Feature"},{"geometry":{"coordinates":[1.1713579,52.5626888],"type":"Point"},"id":"GG2050-REPD-3641","properties":{"capacity_mw":6.0,"gg_project_id":"GG2050-REPD-3641","name":"Lotus Manufacturing","operator":"Ecotricity","repd_ref":"3641","repd_technology":"Wind Onshore","status":"Application Refused","technology":"wind_onshore"},"type":"Feature"},{"geometry":{"coordinates":[-4.7756682,55.7343039],"type":"Point"},"id":"GG2050-REPD-3646","properties":{"capacity_mw":6.0,"gg_project_id":"GG2050-REPD-3646","name":"Millour Hill Community Windfarm (Extension)","operator":"Community Windpower","repd_ref":"3646","repd_technology":"Wind Onshore","status":"Revised","technology":"wind_onshore"},"type":"Feature"},{"geometry":{"coordinates":[-7.1139298,54.9805391],"type":"Point"},"id":"GG2050-REPD-5916","properties":{"capacity_mw":6.0,"gg_project_id":"GG2050-REPD-5916","name":"Monnaboy Wind Farm Ext.","operator":"Gaelectric Developments","repd_ref":"5916","repd_technology":"Wind Onshore","status":"Application Withdrawn","technology":"wind_onshore"},"type":"Feature"},{"geometry":{"coordinates":[-3.3176989,56.0905218],"type":"Point"},"id":"GG2050-REPD-3889","properties":{"capacity_mw":6.0,"gg_project_id":"GG2050-REPD-3889","name":"Mossmorran Wind Farm","operator":"Airvolution Energy","repd_ref":"3889","repd_technology":"Wind Onshore","status":"Application Withdrawn","technology":"wind_onshore"},"type":"Feature"},{"geometry":{"coordinates":[-2.5543069,56.6616553],"type":"Point"},"id":"GG2050-REPD-2918","properties":{"capacity_mw":6.0,"gg_project_id":"GG2050-REPD-2918","name":"Mount Boy","operator":"Novera / West Coast Energy","repd_ref":"2918","repd_technology":"Wind Onshore","status":"Appeal Refused","technology":"wind_onshore"},"type":"Feature"},{"geometry":{"coordinates":[-1.4368069,54.5673797],"type":"Point"},"id":"GG2050-REPD-3801","properties":{"capacity_mw":6.0,"gg_project_id":"GG2050-REPD-3801","name":"Newbiggin Wind Farm","operator":"Parsons Brinckerhoff","repd_ref":"3801","repd_technology":"Wind Onshore","status":"Application Refused","technology":"wind_onshore"},"type":"Feature"},{"geometry":{"coordinates":[-7.8959028,54.3384962],"type":"Point"},"id":"GG2050-REPD-4282","properties":{"capacity_mw":6.0,"gg_project_id":"GG2050-REPD-4282","name":"Ora More Extension","operator":"Renewable Energy Systems (RES)","repd_ref":"4282","repd_technology":"Wind Onshore","status":"Planning Permission Expired","technology":"wind_onshore"},"type":"Feature"},{"geometry":{"coordinates":[-3.6142983,55.8070377],"type":"Point"},"id":"GG2050-REPD-3363","properties":{"capacity_mw":6.0,"gg_project_id":"GG2050-REPD-3363","name":"PATES HILL WIND FARM Extension","operator":"Longhill Wind Farm Ltd","repd_ref":"3363","repd_technology":"Wind Onshore","status":"Application Withdrawn","technology":"wind_onshore"},"type":"Feature"},{"geometry":{"coordinates":[-3.5030984,54.6027249],"type":"Point"},"id":"GG2050-REPD-4233","properties":{"capacity_mw":6.0,"gg_project_id":"GG2050-REPD-4233","name":"Potato Pot Wind Farm","operator":"Capital Dynamics","repd_ref":"4233","repd_technology":"Wind Onshore","status":"Operational","technology":"wind_onshore"},"type":"Feature"},{"geometry":{"coordinates":[0.0313753,52.5126684],"type":"Point"},"id":"GG2050-REPD-2952","properties":{"capacity_mw":6.0,"gg_project_id":"GG2050-REPD-2952","name":"Ranson Moor (phase 1)","operator":"Fenpower Limited","repd_ref":"2952","repd_technology":"Wind Onshore","status":"Operational","technology":"wind_onshore"},"type":"Feature"},{"geometry":{"coordinates":[-2.5346524,57.4164755],"type":"Point"},"id":"GG2050-REPD-3650","properties":{"capacity_mw":6.0,"gg_project_id":"GG2050-REPD-3650","name":"Redhill Farms","operator":"Clearwinds","repd_ref":"3650","repd_technology":"Wind Onshore","status":"Application Refused","technology":"wind_onshore"},"type":"Feature"},{"geometry":{"coordinates":[-4.2664219,52.144601],"type":"Point"},"id":"GG2050-REPD-5025","properties":{"capacity_mw":6.0,"gg_project_id":"GG2050-REPD-5025","name":"Rhos Garn Whirlgarn","operator":"Renewable Energy Systems (RES)","repd_ref":"5025","repd_technology":"Wind Onshore","status":"Appeal Refused","technology":"wind_onshore"},"type":"Feature"},{"geometry":{"coordinates":[-1.2585209,54.4941717],"type":"Point"},"id":"GG2050-REPD-3984","properties":{"capacity_mw":6.0,"gg_project_id":"GG2050-REPD-3984","name":"Seamer Windfarm - Stockton on Tees","operator":"Broadview Energy","repd_ref":"3984","repd_technology":"Wind Onshore","status":"Operational","technology":"wind_onshore"},"type":"Feature"},{"geometry":{"coordinates":[-1.9150229,52.8952534],"type":"Point"},"id":"GG2050-REPD-3209","properties":{"capacity_mw":6.0,"gg_project_id":"GG2050-REPD-3209","name":"Spring Farm (wind)","operator":"Ecotricity","repd_ref":"3209","repd_technology":"Wind Onshore","status":"Application Withdrawn","technology":"wind_onshore"},"type":"Feature"},{"geometry":{"coordinates":[-5.4805223,55.9341013],"type":"Point"},"id":"GG2050-REPD-4328","properties":{"capacity_mw":6.0,"gg_project_id":"GG2050-REPD-4328","name":"Srondoire Community Wind Farm","operator":"Srondoire Wind Farmers LLP","repd_ref":"4328","repd_technology":"Wind Onshore","status":"Operational","technology":"wind_onshore"},"type":"Feature"},{"geometry":{"coordinates":[-1.9111111,57.57198],"type":"Point"},"id":"GG2050-REPD-2741","properties":{"capacity_mw":6.0,"gg_project_id":"GG2050-REPD-2741","name":"St Fergus Moss Wind Farm","operator":"Greenspan Electric St Fergus Ltd","repd_ref":"2741","repd_technology":"Wind Onshore","status":"Operational","technology":"wind_onshore"},"type":"Feature"},{"geometry":{"coordinates":[-0.1664282,53.6027962],"type":"Point"},"id":"GG2050-REPD-3815","properties":{"capacity_mw":6.0,"gg_project_id":"GG2050-REPD-3815","name":"Stallingborough Wind farm","operator":"Aeolian Stallingborough Ltd","repd_ref":"3815","repd_technology":"Wind Onshore","status":"Application Withdrawn","technology":"wind_onshore"},"type":"Feature"},{"geometry":{"coordinates":[-2.1837825,52.0720828],"type":"Point"},"id":"GG2050-REPD-2682","properties":{"capacity_mw":6.0,"gg_project_id":"GG2050-REPD-2682","name":"Strensham Wind Cluster","operator":"Unknown","repd_ref":"2682","repd_technology":"Wind Onshore","status":"Revised","technology":"wind_onshore"},"type":"Feature"},{"geometry":{"coordinates":[-2.1515205,52.0449412],"type":"Point"},"id":"GG2050-REPD-3824","properties":{"capacity_mw":6.0,"gg_project_id":"GG2050-REPD-3824","name":"Strensham Wind Cluster","operator":"Wind Prospect Developments","repd_ref":"3824","repd_technology":"Wind Onshore","status":"Application Withdrawn","technology":"wind_onshore"},"type":"Feature"},{"geometry":{"coordinates":[-5.5304598,55.4786155],"type":"Point"},"id":"GG2050-REPD-4024","properties":{"capacity_mw":6.0,"gg_project_id":"GG2050-REPD-4024","name":"Tangy Wind Farm Extension/Tangy 2","operator":"Scottish and Southern Energy (SSE)","repd_ref":"4024","repd_technology":"Wind Onshore","status":"Operational","technology":"wind_onshore"},"type":"Feature"},{"geometry":{"coordinates":[-2.7212295,55.9060718],"type":"Point"},"id":"GG2050-REPD-4443","properties":{"capacity_mw":6.0,"gg_project_id":"GG2050-REPD-4443","name":"Townhead Farm","operator":"Private Developer","repd_ref":"4443","repd_technology":"Wind Onshore","status":"Application Withdrawn","technology":"wind_onshore"},"type":"Feature"},{"geometry":{"coordinates":[-7.8278098,54.4122931],"type":"Point"},"id":"GG2050-REPD-3522","properties":{"capacity_mw":6.0,"gg_project_id":"GG2050-REPD-3522","name":"Tullinoid","operator":"Fermanagh Wind Energy","repd_ref":"3522","repd_technology":"Wind Onshore","status":"Application Withdrawn","technology":"wind_onshore"},"type":"Feature"},{"geometry":{"coordinates":[1.2163282,52.4083675],"type":"Point"},"id":"GG2050-REPD-4470","properties":{"capacity_mw":6.0,"gg_project_id":"GG2050-REPD-4470","name":"Upper Vaunces Wind Farm","operator":"Upper Vaunces Wind Farm","repd_ref":"4470","repd_technology":"Wind Onshore","status":"Application Refused","technology":"wind_onshore"},"type":"Feature"},{"geometry":{"coordinates":[-0.1852386,51.9747242],"type":"Point"},"id":"GG2050-REPD-3043","properties":{"capacity_mw":6.0,"gg_project_id":"GG2050-REPD-3043","name":"Weston","operator":"Darnalls Hall Farm","repd_ref":"3043","repd_technology":"Wind Onshore","status":"Application Withdrawn","technology":"wind_onshore"},"type":"Feature"},{"geometry":{"coordinates":[-0.1649669,51.9616506],"type":"Point"},"id":"GG2050-REPD-2737","properties":{"capacity_mw":6.0,"gg_project_id":"GG2050-REPD-2737","name":"Weston Hills","operator":"Unknown","repd_ref":"2737","repd_technology":"Wind Onshore","status":"Application Refused","technology":"wind_onshore"},"type":"Feature"},{"geometry":{"coordinates":[-1.7963879,55.2752541],"type":"Point"},"id":"GG2050-REPD-3462","properties":{"capacity_mw":6.0,"gg_project_id":"GG2050-REPD-3462","name":"Wingates Moor Wind Farm","operator":"BT","repd_ref":"3462","repd_technology":"Wind Onshore","status":"Application Refused","technology":"wind_onshore"},"type":"Feature"},{"geometry":{"coordinates":[-3.4968121,54.6423488],"type":"Point"},"id":"GG2050-REPD-2986","properties":{"capacity_mw":6.0,"gg_project_id":"GG2050-REPD-2986","name":"Winscales Moor","operator":"Gravis Capital Management","repd_ref":"2986","repd_technology":"Wind Onshore","status":"Operational","technology":"wind_onshore"},"type":"Feature"},{"geometry":{"coordinates":[-3.5254363,54.5790771],"type":"Point"},"id":"GG2050-REPD-3493","properties":{"capacity_mw":5.9,"gg_project_id":"GG2050-REPD-3493","name":"Fairfield Farm Wind Farm","operator":"Cumbria Wind Farms (Wind Development UK)","repd_ref":"3493","repd_technology":"Wind Onshore","status":"Revised","technology":"wind_onshore"},"type":"Feature"},{"geometry":{"coordinates":[0.1508289,51.5186902],"type":"Point"},"id":"GG2050-REPD-3158","properties":{"capacity_mw":5.9,"gg_project_id":"GG2050-REPD-3158","name":"Ford Wind Park - Dagenham","operator":"Ecotricity","repd_ref":"3158","repd_technology":"Wind Onshore","status":"Operational","technology":"wind_onshore"},"type":"Feature"},{"geometry":{"coordinates":[-7.1833977,54.392654],"type":"Point"},"id":"GG2050-REPD-3568","properties":{"capacity_mw":5.9,"gg_project_id":"GG2050-REPD-3568","name":"Lendrum's Bridge Wind Farm","operator":"Renewable Energy Systems (RES)","repd_ref":"3568","repd_technology":"Wind Onshore","status":"Operational","technology":"wind_onshore"},"type":"Feature"},{"geometry":{"coordinates":[-1.6695656,53.5321995],"type":"Point"},"id":"GG2050-REPD-3432","properties":{"capacity_mw":5.9,"gg_project_id":"GG2050-REPD-3432","name":"Royd Moor","operator":"Unknown","repd_ref":"3432","repd_technology":"Wind Onshore","status":"Operational","technology":"wind_onshore"},"type":"Feature"},{"geometry":{"coordinates":[-3.7452394,55.8765651],"type":"Point"},"id":"GG2050-REPD-4085","properties":{"capacity_mw":5.7,"gg_project_id":"GG2050-REPD-4085","name":"Torrance Farm Wind Park Extension","operator":"Capital Dynamics","repd_ref":"4085","repd_technology":"Wind Onshore","status":"Operational","technology":"wind_onshore"},"type":"Feature"},{"geometry":{"coordinates":[-3.4604613,56.2064555],"type":"Point"},"id":"GG2050-REPD-3187","properties":{"capacity_mw":5.6,"gg_project_id":"GG2050-REPD-3187","name":"Balado Windfarm","operator":"Glen Devon Energy Ltd","repd_ref":"3187","repd_technology":"Wind Onshore","status":"Application Refused","technology":"wind_onshore"},"type":"Feature"},{"geometry":{"coordinates":[-7.6347103,54.4968074],"type":"Point"},"id":"GG2050-REPD-4283","properties":{"capacity_mw":5.6,"gg_project_id":"GG2050-REPD-4283","name":"Derrynaveigh Wind Farm","operator":"Derrynaveigh Wind Farm Ltd","repd_ref":"4283","repd_technology":"Wind Onshore","status":"Application Refused","technology":"wind_onshore"},"type":"Feature"},{"geometry":{"coordinates":[-5.2033311,50.0447434],"type":"Point"},"id":"GG2050-REPD-3004","properties":{"capacity_mw":5.6,"gg_project_id":"GG2050-REPD-3004","name":"Goonhilly Downs - Wind","operator":"REG Windpower (previously Cornwall Light and Power)","repd_ref":"3004","repd_technology":"Wind Onshore","status":"Decommissioned","technology":"wind_onshore"},"type":"Feature"},{"geometry":{"coordinates":[-2.50411,51.4699107],"type":"Point"},"id":"GG2050-REPD-3276","properties":{"capacity_mw":5.6,"gg_project_id":"GG2050-REPD-3276","name":"Partfield Farm","operator":"Ecotricity","repd_ref":"3276","repd_technology":"Wind Onshore","status":"Application Withdrawn","technology":"wind_onshore"},"type":"Feature"},{"geometry":{"coordinates":[-4.3464665,53.3747597],"type":"Point"},"id":"GG2050-REPD-2567","properties":{"capacity_mw":5.6,"gg_project_id":"GG2050-REPD-2567","name":"Trysglwyn Wind Farm","operator":"RWE npower","repd_ref":"2567","repd_technology":"Wind Onshore","status":"Operational","technology":"wind_onshore"},"type":"Feature"},{"geometry":{"coordinates":[-4.5907187,51.9111813],"type":"Point"},"id":"GG2050-REPD-2956","properties":{"capacity_mw":5.5,"gg_project_id":"GG2050-REPD-2956","name":"Dyffryn Brodyn Wind Farm","operator":"Renewable Energy Systems (RES)","repd_ref":"2956","repd_technology":"Wind Onshore","status":"Operational","technology":"wind_onshore"},"type":"Feature"},{"geometry":{"coordinates":[-1.3002705,54.6936169],"type":"Point"},"id":"GG2050-REPD-3495","properties":{"capacity_mw":5.5,"gg_project_id":"GG2050-REPD-3495","name":"High Volts Wind Farm","operator":"E.ON UK","repd_ref":"3495","repd_technology":"Wind Onshore","status":"Operational","technology":"wind_onshore"},"type":"Feature"},{"geometry":{"coordinates":[-0.5859399,52.0495945],"type":"Point"},"id":"GG2050-REPD-4347","properties":{"capacity_mw":5.4,"gg_project_id":"GG2050-REPD-4347","name":"Brogborough Landfill Site","operator":"FCC Environment","repd_ref":"4347","repd_technology":"Wind Onshore","status":"Application Refused","technology":"wind_onshore"},"type":"Feature"},{"geometry":{"coordinates":[-3.5563571,54.6595736],"type":"Point"},"id":"GG2050-REPD-2625","properties":{"capacity_mw":5.4,"gg_project_id":"GG2050-REPD-2625","name":"Oldside Wind Farm","operator":"Windprospect / Windcluster","repd_ref":"2625","repd_technology":"Wind Onshore","status":"Operational","technology":"wind_onshore"},"type":"Feature"},{"geometry":{"coordinates":[-2.2906092,56.9334766],"type":"Point"},"id":"GG2050-REPD-2839","properties":{"capacity_mw":5.2,"gg_project_id":"GG2050-REPD-2839","name":"Clochnahill Wind Farm","operator":"Private Developer","repd_ref":"2839","repd_technology":"Wind Onshore","status":"Operational","technology":"wind_onshore"},"type":"Feature"},{"geometry":{"coordinates":[-3.6881359,58.6023601],"type":"Point"},"id":"GG2050-REPD-4679","properties":{"capacity_mw":5.2,"gg_project_id":"GG2050-REPD-4679","name":"Forss Wind Farm (Extension)","operator":"Renewable Energy Systems (RES)","repd_ref":"4679","repd_technology":"Wind Onshore","status":"Operational","technology":"wind_onshore"},"type":"Feature"},{"geometry":{"coordinates":[-1.7575282,54.7636912],"type":"Point"},"id":"GG2050-REPD-3290","properties":{"capacity_mw":5.2,"gg_project_id":"GG2050-REPD-3290","name":"High Hedley Hope 2 (Extension)","operator":"EDF Energy","repd_ref":"3290","repd_technology":"Wind Onshore","status":"Operational","technology":"wind_onshore"},"type":"Feature"},{"geometry":{"coordinates":[-2.603439,51.5814939],"type":"Point"},"id":"GG2050-REPD-4222","properties":{"capacity_mw":5.2,"gg_project_id":"GG2050-REPD-4222","name":"Ingst Hill Wind Farm/ M48 Wind Farm","operator":"REG Windpower","repd_ref":"4222","repd_technology":"Wind Onshore","status":"Appeal Withdrawn","technology":"wind_onshore"},"type":"Feature"},{"geometry":{"coordinates":[-3.1376639,51.7643758],"type":"Point"},"id":"GG2050-REPD-3708","properties":{"capacity_mw":5.2,"gg_project_id":"GG2050-REPD-3708","name":"Pendragon Fach Wind Farm","operator":"Pennant Wind Energy Ventures (PWEV) and Eco2","repd_ref":"3708","repd_technology":"Wind Onshore","status":"Appeal Refused","technology":"wind_onshore"},"type":"Feature"},{"geometry":{"coordinates":[-1.4348502,54.7221777],"type":"Point"},"id":"GG2050-REPD-3223","properties":{"capacity_mw":5.2,"gg_project_id":"GG2050-REPD-3223","name":"Southern Law","operator":"EDF Energy","repd_ref":"3223","repd_technology":"Wind Onshore","status":"Operational","technology":"wind_onshore"},"type":"Feature"},{"geometry":{"coordinates":[-1.4426371,54.7204164],"type":"Point"},"id":"GG2050-REPD-4690","properties":{"capacity_mw":5.2,"gg_project_id":"GG2050-REPD-4690","name":"Trimdon Grange","operator":"Cumbria Wind Farms","repd_ref":"4690","repd_technology":"Wind Onshore","status":"Operational","technology":"wind_onshore"},"type":"Feature"},{"geometry":{"coordinates":[-7.3340864,54.8065539],"type":"Point"},"id":"GG2050-REPD-2927","properties":{"capacity_mw":5.1,"gg_project_id":"GG2050-REPD-2927","name":"Owenreagh Extension","operator":"EF Energy","repd_ref":"2927","repd_technology":"Wind Onshore","status":"Operational","technology":"wind_onshore"},"type":"Feature"},{"geometry":{"coordinates":[-2.8330225,55.8218484],"type":"Point"},"id":"GG2050-REPD-4434","properties":{"capacity_mw":5.1,"gg_project_id":"GG2050-REPD-4434","name":"Pogbie Wind Farm 1","operator":"Mongoose (formerly Energy Law Unlimited)","repd_ref":"4434","repd_technology":"Wind Onshore","status":"Operational","technology":"wind_onshore"},"type":"Feature"},{"geometry":{"coordinates":[-2.6738643,51.5383379],"type":"Point"},"id":"GG2050-REPD-3927","properties":{"capacity_mw":5.0,"gg_project_id":"GG2050-REPD-3927","name":"Avonmouth Port II","operator":"Bristol City Council - Energy Management Unit","repd_ref":"3927","repd_technology":"Wind Onshore","status":"Operational","technology":"wind_onshore"},"type":"Feature"},{"geometry":{"coordinates":[-3.7636487,55.0399726],"type":"Point"},"id":"GG2050-REPD-4506","properties":{"capacity_mw":5.0,"gg_project_id":"GG2050-REPD-4506","name":"Barnbackle Windfarm","operator":"Natural Power Consultants","repd_ref":"4506","repd_technology":"Wind Onshore","status":"Application Refused","technology":"wind_onshore"},"type":"Feature"},{"geometry":{"coordinates":[-6.4801966,58.2049513],"type":"Point"},"id":"GG2050-REPD-6323","properties":{"capacity_mw":5.0,"gg_project_id":"GG2050-REPD-6323","name":"Beinn Thulabaigh Wind Turbine","operator":"Knock and Swordale Community Company","repd_ref":"6323","repd_technology":"Wind Onshore","status":"Awaiting Construction","technology":"wind_onshore"},"type":"Feature"},{"geometry":{"coordinates":[-7.4404592,54.7039508],"type":"Point"},"id":"GG2050-REPD-3097","properties":{"capacity_mw":5.0,"gg_project_id":"GG2050-REPD-3097","name":"Bessy Bell Wind Farm","operator":"Colham Energy Ltd, plus Airtricty extrension","repd_ref":"3097","repd_technology":"Wind Onshore","status":"Operational","technology":"wind_onshore"},"type":"Feature"},{"geometry":{"coordinates":[-2.5166582,55.6450755],"type":"Point"},"id":"GG2050-REPD-2915","properties":{"capacity_mw":5.0,"gg_project_id":"GG2050-REPD-2915","name":"Blinkbonny Heights","operator":"Private Developer","repd_ref":"2915","repd_technology":"Wind Onshore","status":"Revised","technology":"wind_onshore"},"type":"Feature"},{"geometry":{"coordinates":[-3.4964427,52.9415654],"type":"Point"},"id":"GG2050-REPD-4288","properties":{"capacity_mw":5.0,"gg_project_id":"GG2050-REPD-4288","name":"Bodelith Isaf Wind Turbines","operator":"Pennant Walters","repd_ref":"4288","repd_technology":"Wind Onshore","status":"Application Refused","technology":"wind_onshore"},"type":"Feature"},{"geometry":{"coordinates":[-3.1492163,59.1175528],"type":"Point"},"id":"GG2050-REPD-3307","properties":{"capacity_mw":5.0,"gg_project_id":"GG2050-REPD-3307","name":"Burgar Hill","operator":"Orkney Sustainable Energy","repd_ref":"3307","repd_technology":"Wind Onshore","status":"Operational","technology":"wind_onshore"},"type":"Feature"},{"geometry":{"coordinates":[-3.8091704,55.6978052],"type":"Point"},"id":"GG2050-REPD-2771","properties":{"capacity_mw":5.0,"gg_project_id":"GG2050-REPD-2771","name":"Cartland Muir Wind Farm","operator":"Energy4All","repd_ref":"2771","repd_technology":"Wind Onshore","status":"Application Refused","technology":"wind_onshore"},"type":"Feature"},{"geometry":{"coordinates":[-6.1778055,54.790191],"type":"Point"},"id":"GG2050-REPD-4246","properties":{"capacity_mw":5.0,"gg_project_id":"GG2050-REPD-4246","name":"Corby Knowe","operator":"Gaelectric Developments/ CGN Europe Energy","repd_ref":"4246","repd_technology":"Wind Onshore","status":"Operational","technology":"wind_onshore"},"type":"Feature"},{"geometry":{"coordinates":[-6.2873112,55.0435629],"type":"Point"},"id":"GG2050-REPD-3103","properties":{"capacity_mw":5.0,"gg_project_id":"GG2050-REPD-3103","name":"Corkey Wind Farm","operator":"B9 Energy Services Ltd/ ScottishPower Renewables","repd_ref":"3103","repd_technology":"Wind Onshore","status":"Operational","technology":"wind_onshore"},"type":"Feature"},{"geometry":{"coordinates":[-1.4131267,52.9081465],"type":"Point"},"id":"GG2050-REPD-4068","properties":{"capacity_mw":5.0,"gg_project_id":"GG2050-REPD-4068","name":"Derby Sewage Treatment Works","operator":"Severn Trent Water","repd_ref":"4068","repd_technology":"Wind Onshore","status":"Operational","technology":"wind_onshore"},"type":"Feature"},{"geometry":{"coordinates":[-1.3893977,54.7507149],"type":"Point"},"id":"GG2050-REPD-3234","properties":{"capacity_mw":5.0,"gg_project_id":"GG2050-REPD-3234","name":"Edder Acres Farm","operator":"A7 Energy, 42 Shepherd St, London","repd_ref":"3234","repd_technology":"Wind Onshore","status":"Appeal Refused","technology":"wind_onshore"},"type":"Feature"},{"geometry":{"coordinates":[-6.1189666,54.7389328],"type":"Point"},"id":"GG2050-REPD-3106","properties":{"capacity_mw":5.0,"gg_project_id":"GG2050-REPD-3106","name":"Elliot's Hill Wind Farm","operator":"B9 Energy Services Ltd/ ScottishPower Renewables","repd_ref":"3106","repd_technology":"Wind Onshore","status":"Operational","technology":"wind_onshore"},"type":"Feature"},{"geometry":{"coordinates":[-3.7767162,56.0977981],"type":"Point"},"id":"GG2050-REPD-3769","properties":{"capacity_mw":5.0,"gg_project_id":"GG2050-REPD-3769","name":"Forthbank","operator":"Partnerships for Renewables","repd_ref":"3769","repd_technology":"Wind Onshore","status":"Application Refused","technology":"wind_onshore"},"type":"Feature"},{"geometry":{"coordinates":[-2.455083,56.7058536],"type":"Point"},"id":"GG2050-REPD-2819","properties":{"capacity_mw":5.0,"gg_project_id":"GG2050-REPD-2819","name":"Glaxo Smith Kline Wind Turbine","operator":"WSP Environmental","repd_ref":"2819","repd_technology":"Wind Onshore","status":"Application Refused","technology":"wind_onshore"},"type":"Feature"},{"geometry":{"coordinates":[-2.0425088,57.6219278],"type":"Point"},"id":"GG2050-REPD-2923","properties":{"capacity_mw":5.0,"gg_project_id":"GG2050-REPD-2923","name":"House O'Hill","operator":"Green Cat Renewables","repd_ref":"2923","repd_technology":"Wind Onshore","status":"Operational","technology":"wind_onshore"},"type":"Feature"},{"geometry":{"coordinates":[1.1266249,52.3366872],"type":"Point"},"id":"GG2050-REPD-3672","properties":{"capacity_mw":5.0,"gg_project_id":"GG2050-REPD-3672","name":"Humphrey Group","operator":"Roy Humphrey Group","repd_ref":"3672","repd_technology":"Wind Onshore","status":"Operational","technology":"wind_onshore"},"type":"Feature"},{"geometry":{"coordinates":[-2.3636916,55.9347816],"type":"Point"},"id":"GG2050-REPD-4126","properties":{"capacity_mw":5.0,"gg_project_id":"GG2050-REPD-4126","name":"Kinegar Quarry","operator":"Wind Direct","repd_ref":"4126","repd_technology":"Wind Onshore","status":"Revised","technology":"wind_onshore"},"type":"Feature"},{"geometry":{"coordinates":[-2.3636916,55.9347816],"type":"Point"},"id":"GG2050-REPD-4601","properties":{"capacity_mw":5.0,"gg_project_id":"GG2050-REPD-4601","name":"Kinegar Quarry","operator":"Airvolution Energy","repd_ref":"4601","repd_technology":"Wind Onshore","status":"Operational","technology":"wind_onshore"},"type":"Feature"},{"geometry":{"coordinates":[-3.1973108,53.2888692],"type":"Point"},"id":"GG2050-REPD-4089","properties":{"capacity_mw":5.0,"gg_project_id":"GG2050-REPD-4089","name":"Kingspan Factory Wind Turbines","operator":"Wind Direct","repd_ref":"4089","repd_technology":"Wind Onshore","status":"Application Refused","technology":"wind_onshore"},"type":"Feature"},{"geometry":{"coordinates":[-4.0886685,55.1280069],"type":"Point"},"id":"GG2050-REPD-4454","properties":{"capacity_mw":5.0,"gg_project_id":"GG2050-REPD-4454","name":"Knockman Hill Wind Farm","operator":"W Ramsay & Sons Ltd","repd_ref":"4454","repd_technology":"Wind Onshore","status":"Revised","technology":"wind_onshore"},"type":"Feature"},{"geometry":{"coordinates":[-4.0753239,55.1208288],"type":"Point"},"id":"GG2050-REPD-12426","properties":{"capacity_mw":5.0,"gg_project_id":"GG2050-REPD-12426","name":"Knockman Hill, Milnmark Farm - Wind Turbines","operator":"WJCR Limited","repd_ref":"12426","repd_technology":"Wind Onshore","status":"Awaiting Construction","technology":"wind_onshore"},"type":"Feature"},{"geometry":{"coordinates":[-3.3987081,51.6157478],"type":"Point"},"id":"GG2050-REPD-6160","properties":{"capacity_mw":5.0,"gg_project_id":"GG2050-REPD-6160","name":"Llwyncelyn Wind Farm","operator":"Cenin Renewables","repd_ref":"6160","repd_technology":"Wind Onshore","status":"Revised","technology":"wind_onshore"},"type":"Feature"},{"geometry":{"coordinates":[-1.2888349,53.205516],"type":"Point"},"id":"GG2050-REPD-3782","properties":{"capacity_mw":5.0,"gg_project_id":"GG2050-REPD-3782","name":"Losk Lane","operator":"Banks Development","repd_ref":"3782","repd_technology":"Wind Onshore","status":"Application Refused","technology":"wind_onshore"},"type":"Feature"},{"geometry":{"coordinates":[-1.1578177,60.1767261],"type":"Point"},"id":"GG2050-REPD-15822","properties":{"capacity_mw":5.0,"gg_project_id":"GG2050-REPD-15822","name":"Luggies Knowe, Hill Of Gremista - Wind Turbines & Battery Storage","operator":"Shetland Aerogenerators Ltd","repd_ref":"15822","repd_technology":"Wind Onshore","status":"Awaiting Construction","technology":"wind_onshore"},"type":"Feature"},{"geometry":{"coordinates":[-0.5389161,53.7143989],"type":"Point"},"id":"GG2050-REPD-3645","properties":{"capacity_mw":5.0,"gg_project_id":"GG2050-REPD-3645","name":"Melton Common Wind Cluster","operator":"Seneca Global Energy","repd_ref":"3645","repd_technology":"Wind Onshore","status":"Operational","technology":"wind_onshore"},"type":"Feature"},{"geometry":{"coordinates":[-0.5336357,53.7172199],"type":"Point"},"id":"GG2050-REPD-4995","properties":{"capacity_mw":5.0,"gg_project_id":"GG2050-REPD-4995","name":"Melton Waste Park","operator":"Seneca Global Energy","repd_ref":"4995","repd_technology":"Wind Onshore","status":"Operational","technology":"wind_onshore"},"type":"Feature"},{"geometry":{"coordinates":[-3.66901,51.502231],"type":"Point"},"id":"GG2050-REPD-3904","properties":{"capacity_mw":5.0,"gg_project_id":"GG2050-REPD-3904","name":"Newton Down","operator":"Renewable Energy Partnerships Ltd","repd_ref":"3904","repd_technology":"Wind Onshore","status":"Operational","technology":"wind_onshore"},"type":"Feature"},{"geometry":{"coordinates":[-1.2023385,53.6263538],"type":"Point"},"id":"GG2050-REPD-4296","properties":{"capacity_mw":5.0,"gg_project_id":"GG2050-REPD-4296","name":"NORTON COMMUNITY WIND TURBINES","operator":"Origin Energy CIC","repd_ref":"4296","repd_technology":"Wind Onshore","status":"Application Refused","technology":"wind_onshore"},"type":"Feature"},{"geometry":{"coordinates":[-1.1770095,52.9227923],"type":"Point"},"id":"GG2050-REPD-3744","properties":{"capacity_mw":5.0,"gg_project_id":"GG2050-REPD-3744","name":"Nottingham University - Wind","operator":"Nottingham University","repd_ref":"3744","repd_technology":"Wind Onshore","status":"Application Refused","technology":"wind_onshore"},"type":"Feature"},{"geometry":{"coordinates":[-7.3390186,54.8096843],"type":"Point"},"id":"GG2050-REPD-3118","properties":{"capacity_mw":5.0,"gg_project_id":"GG2050-REPD-3118","name":"Owenreagh Wind Farm","operator":"EF Energy","repd_ref":"3118","repd_technology":"Wind Onshore","status":"Operational","technology":"wind_onshore"},"type":"Feature"},{"geometry":{"coordinates":[-3.5314861,51.6070405],"type":"Point"},"id":"GG2050-REPD-6652","properties":{"capacity_mw":5.0,"gg_project_id":"GG2050-REPD-6652","name":"Pant y Wal (Extension)","operator":"Pennant Walters","repd_ref":"6652","repd_technology":"Wind Onshore","status":"Awaiting Construction","technology":"wind_onshore"},"type":"Feature"},{"geometry":{"coordinates":[-4.1946954,58.5355941],"type":"Point"},"id":"GG2050-REPD-3380","properties":{"capacity_mw":5.0,"gg_project_id":"GG2050-REPD-3380","name":"Phase 1 Bettyhill Wind Farm","operator":"North British Windpower Ltd","repd_ref":"3380","repd_technology":"Wind Onshore","status":"Operational","technology":"wind_onshore"},"type":"Feature"},{"geometry":{"coordinates":[-6.8198263,55.021854],"type":"Point"},"id":"GG2050-REPD-3112","properties":{"capacity_mw":5.0,"gg_project_id":"GG2050-REPD-3112","name":"Rigged Hill Wind Farm","operator":"B9 Energy Services Ltd/ ScottishPower Renewables","repd_ref":"3112","repd_technology":"Wind Onshore","status":"Operational","technology":"wind_onshore"},"type":"Feature"},{"geometry":{"coordinates":[-1.6213574,53.0916081],"type":"Point"},"id":"GG2050-REPD-4206","properties":{"capacity_mw":5.0,"gg_project_id":"GG2050-REPD-4206","name":"Ryder Point Quarry Wind Turbines","operator":"Longcliffe Quarries","repd_ref":"4206","repd_technology":"Wind Onshore","status":"Operational","technology":"wind_onshore"},"type":"Feature"},{"geometry":{"coordinates":[-6.7567861,58.2755591],"type":"Point"},"id":"GG2050-REPD-6178","properties":{"capacity_mw":5.0,"gg_project_id":"GG2050-REPD-6178","name":"Sandwick North St Community wind turbine","operator":"SgurrEnergy","repd_ref":"6178","repd_technology":"Wind Onshore","status":"Awaiting Construction","technology":"wind_onshore"},"type":"Feature"},{"geometry":{"coordinates":[-7.6284001,54.190281],"type":"Point"},"id":"GG2050-REPD-3122","properties":{"capacity_mw":5.0,"gg_project_id":"GG2050-REPD-3122","name":"Slieve Rushen Phase 1 Wind Farm","operator":"Sean Quinn Group","repd_ref":"3122","repd_technology":"Wind Onshore","status":"Operational","technology":"wind_onshore"},"type":"Feature"},{"geometry":{"coordinates":[-2.962616,51.5665805],"type":"Point"},"id":"GG2050-REPD-3034","properties":{"capacity_mw":5.0,"gg_project_id":"GG2050-REPD-3034","name":"Solutia UK Ltd","operator":"Solutia / Vestas","repd_ref":"3034","repd_technology":"Wind Onshore","status":"Operational","technology":"wind_onshore"},"type":"Feature"},{"geometry":{"coordinates":[-0.8166734,53.7838446],"type":"Point"},"id":"GG2050-REPD-3652","properties":{"capacity_mw":5.0,"gg_project_id":"GG2050-REPD-3652","name":"Spaldington Common wind cluster","operator":"Volkswind UK Ltd","repd_ref":"3652","repd_technology":"Wind Onshore","status":"Application Refused","technology":"wind_onshore"},"type":"Feature"},{"geometry":{"coordinates":[-3.6831121,55.8009746],"type":"Point"},"id":"GG2050-REPD-6208","properties":{"capacity_mw":5.0,"gg_project_id":"GG2050-REPD-6208","name":"Tormywheel Wind Farm Extension","operator":"Muirhall Energy","repd_ref":"6208","repd_technology":"Wind Onshore","status":"Awaiting Construction","technology":"wind_onshore"},"type":"Feature"},{"geometry":{"coordinates":[0.0566438,52.6925162],"type":"Point"},"id":"GG2050-REPD-3796","properties":{"capacity_mw":5.0,"gg_project_id":"GG2050-REPD-3796","name":"Treading Wind Farm - South Holland","operator":"Wind Ventures","repd_ref":"3796","repd_technology":"Wind Onshore","status":"Application Refused","technology":"wind_onshore"},"type":"Feature"},{"geometry":{"coordinates":[-3.753747,50.3156493],"type":"Point"},"id":"GG2050-REPD-3546","properties":{"capacity_mw":4.9,"gg_project_id":"GG2050-REPD-3546","name":"Beech Tree Farm Wind Turbines","operator":"Npower Renewables","repd_ref":"3546","repd_technology":"Wind Onshore","status":"Application Withdrawn","technology":"wind_onshore"},"type":"Feature"},{"geometry":{"coordinates":[-3.7939642,54.979402],"type":"Point"},"id":"GG2050-REPD-4507","properties":{"capacity_mw":4.9,"gg_project_id":"GG2050-REPD-4507","name":"Doon Hill Windfarm","operator":"Natural Power Consultants","repd_ref":"4507","repd_technology":"Wind Onshore","status":"Appeal Refused","technology":"wind_onshore"},"type":"Feature"},{"geometry":{"coordinates":[-3.6881359,58.6023601],"type":"Point"},"id":"GG2050-REPD-3309","properties":{"capacity_mw":4.9,"gg_project_id":"GG2050-REPD-3309","name":"Hill of Lybster","operator":"Fivestone Ltd (subsidiary of Abbey Produce)","repd_ref":"3309","repd_technology":"Wind Onshore","status":"Operational","technology":"wind_onshore"},"type":"Feature"},{"geometry":{"coordinates":[-7.0077911,54.5304395],"type":"Point"},"id":"GG2050-REPD-6646","properties":{"capacity_mw":4.8,"gg_project_id":"GG2050-REPD-6646","name":"Cloghfin Road","operator":"MPG Wind","repd_ref":"6646","repd_technology":"Wind Onshore","status":"Awaiting Construction","technology":"wind_onshore"},"type":"Feature"},{"geometry":{"coordinates":[-2.9303448,56.5784019],"type":"Point"},"id":"GG2050-REPD-6021","properties":{"capacity_mw":4.8,"gg_project_id":"GG2050-REPD-6021","name":"Govals Farm","operator":"Private Developer","repd_ref":"6021","repd_technology":"Wind Onshore","status":"Application Refused","technology":"wind_onshore"},"type":"Feature"},{"geometry":{"coordinates":[-2.949717,56.5823433],"type":"Point"},"id":"GG2050-REPD-3888","properties":{"capacity_mw":4.8,"gg_project_id":"GG2050-REPD-3888","name":"Govals Wind Farm","operator":"Green Cat Renewables","repd_ref":"3888","repd_technology":"Wind Onshore","status":"Revised","technology":"wind_onshore"},"type":"Feature"},{"geometry":{"coordinates":[-3.1357253,54.2574908],"type":"Point"},"id":"GG2050-REPD-2713","properties":{"capacity_mw":4.8,"gg_project_id":"GG2050-REPD-2713","name":"Kirkby Moor","operator":"Npower Renewables","repd_ref":"2713","repd_technology":"Wind Onshore","status":"Operational","technology":"wind_onshore"},"type":"Feature"},{"geometry":{"coordinates":[-2.8421015,55.8394517],"type":"Point"},"id":"GG2050-REPD-5637","properties":{"capacity_mw":4.8,"gg_project_id":"GG2050-REPD-5637","name":"Pogbie Wind Farm 2","operator":"Mongoose (formerly Energy Law Unlimited/ Pogbie Windfarm)","repd_ref":"5637","repd_technology":"Wind Onshore","status":"Operational","technology":"wind_onshore"},"type":"Feature"},{"geometry":{"coordinates":[-4.4265367,58.0634295],"type":"Point"},"id":"GG2050-REPD-20551","properties":{"capacity_mw":4.8,"gg_project_id":"GG2050-REPD-20551","name":"Sallachy Estate - Wind Farm Additional Turbine","operator":"WKN Sallachy Limited","repd_ref":"20551","repd_technology":"Wind Onshore","status":"Application Submitted","technology":"wind_onshore"},"type":"Feature"},{"geometry":{"coordinates":[-6.2331533,54.8795024],"type":"Point"},"id":"GG2050-REPD-2866","properties":{"capacity_mw":4.7,"gg_project_id":"GG2050-REPD-2866","name":"Ballymena Wind Park Limited","operator":"White Young Green Planning","repd_ref":"2866","repd_technology":"Wind Onshore","status":"Operational","technology":"wind_onshore"},"type":"Feature"},{"geometry":{"coordinates":[-2.6432724,54.2661401],"type":"Point"},"id":"GG2050-REPD-3520","properties":{"capacity_mw":4.7,"gg_project_id":"GG2050-REPD-3520","name":"Barkin House Wind Farm","operator":"Farm Energy (The Wind Company Ltd)","repd_ref":"3520","repd_technology":"Wind Onshore","status":"Application Refused","technology":"wind_onshore"},"type":"Feature"},{"geometry":{"coordinates":[-2.6081869,57.5720191],"type":"Point"},"id":"GG2050-REPD-7304","properties":{"capacity_mw":4.7,"gg_project_id":"GG2050-REPD-7304","name":"Deuchries Windfarm (extension) (Bradley 2)","operator":"Blackfinch Energy","repd_ref":"7304","repd_technology":"Wind Onshore","status":"Operational","technology":"wind_onshore"},"type":"Feature"},{"geometry":{"coordinates":[-3.3771783,56.0755046],"type":"Point"},"id":"GG2050-REPD-3357","properties":{"capacity_mw":4.7,"gg_project_id":"GG2050-REPD-3357","name":"J2a","operator":"Airvolution Energy","repd_ref":"3357","repd_technology":"Wind Onshore","status":"Abandoned","technology":"wind_onshore"},"type":"Feature"},{"geometry":{"coordinates":[-3.5710106,54.5973684],"type":"Point"},"id":"GG2050-REPD-3611","properties":{"capacity_mw":4.7,"gg_project_id":"GG2050-REPD-3611","name":"Lowca Wind Farm","operator":"Windprospect","repd_ref":"3611","repd_technology":"Wind Onshore","status":"Operational","technology":"wind_onshore"},"type":"Feature"},{"geometry":{"coordinates":[-3.8472387,51.7784013],"type":"Point"},"id":"GG2050-REPD-3896","properties":{"capacity_mw":4.7,"gg_project_id":"GG2050-REPD-3896","name":"Mynydd Y Gwrhyd Windfarm","operator":"Awel Aman Tawe Community Energy","repd_ref":"3896","repd_technology":"Wind Onshore","status":"Operational","technology":"wind_onshore"},"type":"Feature"},{"geometry":{"coordinates":[-3.8407129,51.7819027],"type":"Point"},"id":"GG2050-REPD-5624","properties":{"capacity_mw":4.7,"gg_project_id":"GG2050-REPD-5624","name":"Mynydd Y Gwrhyd Windfarm","operator":"Awel Aman Tawe Community Energy","repd_ref":"5624","repd_technology":"Wind Onshore","status":"Revised","technology":"wind_onshore"},"type":"Feature"},{"geometry":{"coordinates":[-4.2843853,55.6906802],"type":"Point"},"id":"GG2050-REPD-3093","properties":{"capacity_mw":4.7,"gg_project_id":"GG2050-REPD-3093","name":"National Wind Turbine Test Site","operator":"NEL","repd_ref":"3093","repd_technology":"Wind Onshore","status":"Operational","technology":"wind_onshore"},"type":"Feature"},{"geometry":{"coordinates":[0.7060384,52.6602848],"type":"Point"},"id":"GG2050-REPD-3356","properties":{"capacity_mw":4.7,"gg_project_id":"GG2050-REPD-3356","name":"Washpit Drove","operator":"Airvolution Energy","repd_ref":"3356","repd_technology":"Wind Onshore","status":"Application Withdrawn","technology":"wind_onshore"},"type":"Feature"},{"geometry":{"coordinates":[-3.1813784,54.1838723],"type":"Point"},"id":"GG2050-REPD-3391","properties":{"capacity_mw":4.6,"gg_project_id":"GG2050-REPD-3391","name":"Askam","operator":"Cannock Renewables","repd_ref":"3391","repd_technology":"Wind Onshore","status":"Operational","technology":"wind_onshore"},"type":"Feature"},{"geometry":{"coordinates":[-2.4166459,57.5870156],"type":"Point"},"id":"GG2050-REPD-3836","properties":{"capacity_mw":4.6,"gg_project_id":"GG2050-REPD-3836","name":"Backhill of Yonderton Wind Cluster","operator":"Private Developer","repd_ref":"3836","repd_technology":"Wind Onshore","status":"Operational","technology":"wind_onshore"},"type":"Feature"},{"geometry":{"coordinates":[0.2384254,53.3212837],"type":"Point"},"id":"GG2050-REPD-2715","properties":{"capacity_mw":4.6,"gg_project_id":"GG2050-REPD-2715","name":"Bambers II","operator":"Ecotricity Limited","repd_ref":"2715","repd_technology":"Wind Onshore","status":"Operational","technology":"wind_onshore"},"type":"Feature"},{"geometry":{"coordinates":[-4.2481512,57.7882264],"type":"Point"},"id":"GG2050-REPD-2991","properties":{"capacity_mw":4.6,"gg_project_id":"GG2050-REPD-2991","name":"Beinn Tharsuinn Extension (Beinn nan Oighrean)","operator":"Midefearn Renewables","repd_ref":"2991","repd_technology":"Wind Onshore","status":"Operational","technology":"wind_onshore"},"type":"Feature"},{"geometry":{"coordinates":[-6.4583413,57.4298091],"type":"Point"},"id":"GG2050-REPD-3668","properties":{"capacity_mw":4.6,"gg_project_id":"GG2050-REPD-3668","name":"Ben Aketil Extension","operator":"Ben Aketil Wind Energy Ltd","repd_ref":"3668","repd_technology":"Wind Onshore","status":"Operational","technology":"wind_onshore"},"type":"Feature"},{"geometry":{"coordinates":[-3.0717982,55.688261],"type":"Point"},"id":"GG2050-REPD-2897","properties":{"capacity_mw":4.6,"gg_project_id":"GG2050-REPD-2897","name":"Blinkbonny","operator":"Private Developer","repd_ref":"2897","repd_technology":"Wind Onshore","status":"Application Withdrawn","technology":"wind_onshore"},"type":"Feature"},{"geometry":{"coordinates":[-2.3718497,56.8147332],"type":"Point"},"id":"GG2050-REPD-4411","properties":{"capacity_mw":4.6,"gg_project_id":"GG2050-REPD-4411","name":"Brotherton (formerly Paul Matthew Hill wind turbines)","operator":"Renewable Energy Ventures","repd_ref":"4411","repd_technology":"Wind Onshore","status":"Operational","technology":"wind_onshore"},"type":"Feature"},{"geometry":{"coordinates":[-2.8147877,57.1613706],"type":"Point"},"id":"GG2050-REPD-3621","properties":{"capacity_mw":4.6,"gg_project_id":"GG2050-REPD-3621","name":"Burnside Wind Cluster","operator":"Renewable Energy Ventures","repd_ref":"3621","repd_technology":"Wind Onshore","status":"Application Refused","technology":"wind_onshore"},"type":"Feature"},{"geometry":{"coordinates":[-2.2434486,57.35561],"type":"Point"},"id":"GG2050-REPD-2783","properties":{"capacity_mw":4.6,"gg_project_id":"GG2050-REPD-2783","name":"Cairnbrogie Wind Farm","operator":"Green Cat Renewables","repd_ref":"2783","repd_technology":"Wind Onshore","status":"Application Refused","technology":"wind_onshore"},"type":"Feature"},{"geometry":{"coordinates":[-2.3757063,57.2869341],"type":"Point"},"id":"GG2050-REPD-2722","properties":{"capacity_mw":4.6,"gg_project_id":"GG2050-REPD-2722","name":"Cairncake","operator":"Alan Twatt (Potatoes) Ltd","repd_ref":"2722","repd_technology":"Wind Onshore","status":"Application Refused","technology":"wind_onshore"},"type":"Feature"},{"geometry":{"coordinates":[-7.3129106,54.967892],"type":"Point"},"id":"GG2050-REPD-3877","properties":{"capacity_mw":4.6,"gg_project_id":"GG2050-REPD-3877","name":"Clondermot Turbines","operator":"Energia Renewables","repd_ref":"3877","repd_technology":"Wind Onshore","status":"Operational","technology":"wind_onshore"},"type":"Feature"},{"geometry":{"coordinates":[-4.713578,57.9406514],"type":"Point"},"id":"GG2050-REPD-4134","properties":{"capacity_mw":4.6,"gg_project_id":"GG2050-REPD-4134","name":"Croick Estate","operator":"One Earth Renewables Ltd","repd_ref":"4134","repd_technology":"Wind Onshore","status":"Application Withdrawn","technology":"wind_onshore"},"type":"Feature"},{"geometry":{"coordinates":[-2.400671,56.9229042],"type":"Point"},"id":"GG2050-REPD-3398","properties":{"capacity_mw":4.6,"gg_project_id":"GG2050-REPD-3398","name":"Droop Hill Wind Farm x","operator":"Macphie Of Glenbervie Ltd","repd_ref":"3398","repd_technology":"Wind Onshore","status":"Operational","technology":"wind_onshore"},"type":"Feature"},{"geometry":{"coordinates":[-1.0297584,53.843993],"type":"Point"},"id":"GG2050-REPD-3249","properties":{"capacity_mw":4.6,"gg_project_id":"GG2050-REPD-3249","name":"Escrick Park Community Power Project","operator":"E.ON UK","repd_ref":"3249","repd_technology":"Wind Onshore","status":"Application Withdrawn","technology":"wind_onshore"},"type":"Feature"},{"geometry":{"coordinates":[-2.201065,57.5946121],"type":"Point"},"id":"GG2050-REPD-3698","properties":{"capacity_mw":4.6,"gg_project_id":"GG2050-REPD-3698","name":"Greenhill Croft","operator":"Green Cat Renewables","repd_ref":"3698","repd_technology":"Wind Onshore","status":"Operational","technology":"wind_onshore"},"type":"Feature"},{"geometry":{"coordinates":[-2.3075988,57.4287235],"type":"Point"},"id":"GG2050-REPD-3404","properties":{"capacity_mw":4.6,"gg_project_id":"GG2050-REPD-3404","name":"Haddo","operator":"Private Developer","repd_ref":"3404","repd_technology":"Wind Onshore","status":"Operational","technology":"wind_onshore"},"type":"Feature"},{"geometry":{"coordinates":[-2.5300547,57.4922552],"type":"Point"},"id":"GG2050-REPD-3923","properties":{"capacity_mw":4.6,"gg_project_id":"GG2050-REPD-3923","name":"Hill of Carlincraig wind turbines","operator":"Newton Of Fortrie LLP/Muirden Energy","repd_ref":"3923","repd_technology":"Wind Onshore","status":"Planning Permission Expired","technology":"wind_onshore"},"type":"Feature"},{"geometry":{"coordinates":[-2.5116445,57.3985156],"type":"Point"},"id":"GG2050-REPD-4495","properties":{"capacity_mw":4.6,"gg_project_id":"GG2050-REPD-4495","name":"Hill Of Rothmaise","operator":"wpd Rothmaise","repd_ref":"4495","repd_technology":"Wind Onshore","status":"Appeal Refused","technology":"wind_onshore"},"type":"Feature"},{"geometry":{"coordinates":[-2.2518544,57.5778137],"type":"Point"},"id":"GG2050-REPD-3805","properties":{"capacity_mw":4.6,"gg_project_id":"GG2050-REPD-3805","name":"Hillhead of Bonnykelly","operator":"GEM Electric","repd_ref":"3805","repd_technology":"Wind Onshore","status":"Revised","technology":"wind_onshore"},"type":"Feature"},{"geometry":{"coordinates":[0.8508755,51.3949577],"type":"Point"},"id":"GG2050-REPD-3733","properties":{"capacity_mw":4.6,"gg_project_id":"GG2050-REPD-3733","name":"HMP Standford Hill","operator":"Resonance","repd_ref":"3733","repd_technology":"Wind Onshore","status":"Operational","technology":"wind_onshore"},"type":"Feature"},{"geometry":{"coordinates":[-2.4816321,57.5990007],"type":"Point"},"id":"GG2050-REPD-3881","properties":{"capacity_mw":4.6,"gg_project_id":"GG2050-REPD-3881","name":"Holm and Hollymill Wind Turbines","operator":"Good Energy Generation","repd_ref":"3881","repd_technology":"Wind Onshore","status":"Application Refused","technology":"wind_onshore"},"type":"Feature"},{"geometry":{"coordinates":[-3.2860785,58.5423762],"type":"Point"},"id":"GG2050-REPD-6044","properties":{"capacity_mw":4.6,"gg_project_id":"GG2050-REPD-6044","name":"Lower Thura","operator":"Lower Thura Renewables","repd_ref":"6044","repd_technology":"Wind Onshore","status":"Application Refused","technology":"wind_onshore"},"type":"Feature"},{"geometry":{"coordinates":[-0.5400707,53.7213165],"type":"Point"},"id":"GG2050-REPD-14745","properties":{"capacity_mw":4.6,"gg_project_id":"GG2050-REPD-14745","name":"Melton Common Wind Cluster","operator":"Melton Wind Limited","repd_ref":"14745","repd_technology":"Wind Onshore","status":"Application Submitted","technology":"wind_onshore"},"type":"Feature"},{"geometry":{"coordinates":[-2.4190538,57.6204044],"type":"Point"},"id":"GG2050-REPD-3809","properties":{"capacity_mw":4.6,"gg_project_id":"GG2050-REPD-3809","name":"Milton of Fisherie Wind Cluster","operator":"LocoGen","repd_ref":"3809","repd_technology":"Wind Onshore","status":"Operational","technology":"wind_onshore"},"type":"Feature"},{"geometry":{"coordinates":[-3.3176989,56.0905218],"type":"Point"},"id":"GG2050-REPD-2780","properties":{"capacity_mw":4.6,"gg_project_id":"GG2050-REPD-2780","name":"Mossmorran Wind Farm","operator":"Airvolution Energy","repd_ref":"2780","repd_technology":"Wind Onshore","status":"Operational","technology":"wind_onshore"},"type":"Feature"},{"geometry":{"coordinates":[-2.7243955,57.6113609],"type":"Point"},"id":"GG2050-REPD-3594","properties":{"capacity_mw":4.6,"gg_project_id":"GG2050-REPD-3594","name":"Muirake","operator":"Vento Ludens","repd_ref":"3594","repd_technology":"Wind Onshore","status":"Operational","technology":"wind_onshore"},"type":"Feature"},{"geometry":{"coordinates":[-6.8518443,54.3743888],"type":"Point"},"id":"GG2050-REPD-3715","properties":{"capacity_mw":4.6,"gg_project_id":"GG2050-REPD-3715","name":"Mullynaveagh","operator":"Mullynaveagh Wind Limited","repd_ref":"3715","repd_technology":"Wind Onshore","status":"Abandoned","technology":"wind_onshore"},"type":"Feature"},{"geometry":{"coordinates":[-4.0873316,52.0488792],"type":"Point"},"id":"GG2050-REPD-5082","properties":{"capacity_mw":4.6,"gg_project_id":"GG2050-REPD-5082","name":"Mynydd Pencarreg","operator":"Energiekontor UK","repd_ref":"5082","repd_technology":"Wind Onshore","status":"Awaiting Construction","technology":"wind_onshore"},"type":"Feature"},{"geometry":{"coordinates":[-2.8558971,57.6027506],"type":"Point"},"id":"GG2050-REPD-3691","properties":{"capacity_mw":4.6,"gg_project_id":"GG2050-REPD-3691","name":"Netherton of Windyhills","operator":"Strathdee Energy","repd_ref":"3691","repd_technology":"Wind Onshore","status":"Operational","technology":"wind_onshore"},"type":"Feature"},{"geometry":{"coordinates":[-2.8756551,54.8615575],"type":"Point"},"id":"GG2050-REPD-2826","properties":{"capacity_mw":4.6,"gg_project_id":"GG2050-REPD-2826","name":"Newlands Farm 2","operator":"Unknown","repd_ref":"2826","repd_technology":"Wind Onshore","status":"Application Refused","technology":"wind_onshore"},"type":"Feature"},{"geometry":{"coordinates":[0.0090104,53.5092884],"type":"Point"},"id":"GG2050-REPD-3827","properties":{"capacity_mw":4.6,"gg_project_id":"GG2050-REPD-3827","name":"Newton Marsh Wind Project","operator":"TCI Renewables","repd_ref":"3827","repd_technology":"Wind Onshore","status":"Operational","technology":"wind_onshore"},"type":"Feature"},{"geometry":{"coordinates":[0.8847785,52.637568],"type":"Point"},"id":"GG2050-REPD-4439","properties":{"capacity_mw":4.6,"gg_project_id":"GG2050-REPD-4439","name":"Shipdham Wind Park","operator":"Ecotricity","repd_ref":"4439","repd_technology":"Wind Onshore","status":"Application Refused","technology":"wind_onshore"},"type":"Feature"},{"geometry":{"coordinates":[-2.8348238,56.2565116],"type":"Point"},"id":"GG2050-REPD-2763","properties":{"capacity_mw":4.6,"gg_project_id":"GG2050-REPD-2763","name":"South Cassingray","operator":"Private Developer","repd_ref":"2763","repd_technology":"Wind Onshore","status":"Appeal Refused","technology":"wind_onshore"},"type":"Feature"},{"geometry":{"coordinates":[-2.5811301,57.6261676],"type":"Point"},"id":"GG2050-REPD-2922","properties":{"capacity_mw":4.6,"gg_project_id":"GG2050-REPD-2922","name":"Strath of Brydock","operator":"Green Cat Renewables","repd_ref":"2922","repd_technology":"Wind Onshore","status":"Operational","technology":"wind_onshore"},"type":"Feature"},{"geometry":{"coordinates":[-6.1986198,54.8728058],"type":"Point"},"id":"GG2050-REPD-3680","properties":{"capacity_mw":4.6,"gg_project_id":"GG2050-REPD-3680","name":"The Michelin Tyre Factory - Ballymena","operator":"Ecotricity","repd_ref":"3680","repd_technology":"Wind Onshore","status":"Operational","technology":"wind_onshore"},"type":"Feature"},{"geometry":{"coordinates":[-3.7075812,50.4105665],"type":"Point"},"id":"GG2050-REPD-3779","properties":{"capacity_mw":4.6,"gg_project_id":"GG2050-REPD-3779","name":"Totnes Community Wind Farm","operator":"Totnes Renewable Energy Society","repd_ref":"3779","repd_technology":"Wind Onshore","status":"Application Refused","technology":"wind_onshore"},"type":"Feature"},{"geometry":{"coordinates":[-4.8141132,50.4253174],"type":"Point"},"id":"GG2050-REPD-4140","properties":{"capacity_mw":4.6,"gg_project_id":"GG2050-REPD-4140","name":"Woodlands Barton Wind Project","operator":"Private Developer","repd_ref":"4140","repd_technology":"Wind Onshore","status":"Operational","technology":"wind_onshore"},"type":"Feature"},{"geometry":{"coordinates":[-4.4022942,53.3924575],"type":"Point"},"id":"GG2050-REPD-3316","properties":{"capacity_mw":4.6,"gg_project_id":"GG2050-REPD-3316","name":"Ysgellog 2 Wind Farm","operator":"Airvolution Energy","repd_ref":"3316","repd_technology":"Wind Onshore","status":"Application Refused","technology":"wind_onshore"},"type":"Feature"},{"geometry":{"coordinates":[-4.4003097,53.3938101],"type":"Point"},"id":"GG2050-REPD-3856","properties":{"capacity_mw":4.6,"gg_project_id":"GG2050-REPD-3856","name":"Ystgellog Farm Wind Farm","operator":"Airvolution Energy","repd_ref":"3856","repd_technology":"Wind Onshore","status":"Operational","technology":"wind_onshore"},"type":"Feature"},{"geometry":{"coordinates":[-3.8848615,55.8225536],"type":"Point"},"id":"GG2050-REPD-3788","properties":{"capacity_mw":4.5,"gg_project_id":"GG2050-REPD-3788","name":"Birniehill","operator":"Scottish and Southern Energy (SSE)","repd_ref":"3788","repd_technology":"Wind Onshore","status":"Application Refused","technology":"wind_onshore"},"type":"Feature"},{"geometry":{"coordinates":[-3.5302096,58.5408041],"type":"Point"},"id":"GG2050-REPD-4765","properties":{"capacity_mw":4.5,"gg_project_id":"GG2050-REPD-4765","name":"Buckies Hill Wind Farm","operator":"HP Sleigh & Son Ltd","repd_ref":"4765","repd_technology":"Wind Onshore","status":"Application Refused","technology":"wind_onshore"},"type":"Feature"},{"geometry":{"coordinates":[-2.5389586,53.5723639],"type":"Point"},"id":"GG2050-REPD-2874","properties":{"capacity_mw":4.5,"gg_project_id":"GG2050-REPD-2874","name":"Chadwick Wind Turbines","operator":"Private Developer","repd_ref":"2874","repd_technology":"Wind Onshore","status":"Application Refused","technology":"wind_onshore"},"type":"Feature"},{"geometry":{"coordinates":[-3.682355,58.6023999],"type":"Point"},"id":"GG2050-REPD-8196","properties":{"capacity_mw":4.5,"gg_project_id":"GG2050-REPD-8196","name":"Forss Wind Farm","operator":"The Abbey Group","repd_ref":"8196","repd_technology":"Wind Onshore","status":"Application Submitted","technology":"wind_onshore"},"type":"Feature"},{"geometry":{"coordinates":[-5.1373615,50.288943],"type":"Point"},"id":"GG2050-REPD-3578","properties":{"capacity_mw":4.5,"gg_project_id":"GG2050-REPD-3578","name":"Four Burrows Wind Farm","operator":"Renewable Energy Systems (RES)","repd_ref":"3578","repd_technology":"Wind Onshore","status":"Operational","technology":"wind_onshore"},"type":"Feature"},{"geometry":{"coordinates":[-2.7593232,57.3822821],"type":"Point"},"id":"GG2050-REPD-3348","properties":{"capacity_mw":4.5,"gg_project_id":"GG2050-REPD-3348","name":"Hill of Corskie","operator":"Gartly Wind Partnership","repd_ref":"3348","repd_technology":"Wind Onshore","status":"Application Refused","technology":"wind_onshore"},"type":"Feature"},{"geometry":{"coordinates":[-2.825456,55.817272],"type":"Point"},"id":"GG2050-REPD-4516","properties":{"capacity_mw":4.5,"gg_project_id":"GG2050-REPD-4516","name":"Keith Hill","operator":"Sky Wind Energy","repd_ref":"4516","repd_technology":"Wind Onshore","status":"Operational","technology":"wind_onshore"},"type":"Feature"},{"geometry":{"coordinates":[-2.2900937,57.6069874],"type":"Point"},"id":"GG2050-REPD-3722","properties":{"capacity_mw":4.5,"gg_project_id":"GG2050-REPD-3722","name":"Little Byth","operator":"Lovie Ltd","repd_ref":"3722","repd_technology":"Wind Onshore","status":"Operational","technology":"wind_onshore"},"type":"Feature"},{"geometry":{"coordinates":[-1.2359615,53.314486],"type":"Point"},"id":"GG2050-REPD-3247","properties":{"capacity_mw":4.5,"gg_project_id":"GG2050-REPD-3247","name":"Loscar Farm","operator":"REG Windpower (previously Cornwall Light and Power)","repd_ref":"3247","repd_technology":"Wind Onshore","status":"Operational","technology":"wind_onshore"},"type":"Feature"},{"geometry":{"coordinates":[-2.3034196,53.7731538],"type":"Point"},"id":"GG2050-REPD-4685","properties":{"capacity_mw":4.5,"gg_project_id":"GG2050-REPD-4685","name":"New Barn Farm","operator":"Private Developer","repd_ref":"4685","repd_technology":"Wind Onshore","status":"Operational","technology":"wind_onshore"},"type":"Feature"},{"geometry":{"coordinates":[-1.0051647,60.6661077],"type":"Point"},"id":"GG2050-REPD-3745","properties":{"capacity_mw":4.5,"gg_project_id":"GG2050-REPD-3745","name":"North Yell Wind Farm (Garth Community Wind Farm)","operator":"Garth Wind (North Yell Development Council)","repd_ref":"3745","repd_technology":"Wind Onshore","status":"Operational","technology":"wind_onshore"},"type":"Feature"},{"geometry":{"coordinates":[-3.1795256,52.2098173],"type":"Point"},"id":"GG2050-REPD-3865","properties":{"capacity_mw":4.5,"gg_project_id":"GG2050-REPD-3865","name":"Pentre Tump","operator":"REG Windpower","repd_ref":"3865","repd_technology":"Wind Onshore","status":"Appeal Refused","technology":"wind_onshore"},"type":"Feature"},{"geometry":{"coordinates":[-4.2520919,55.7101512],"type":"Point"},"id":"GG2050-REPD-3855","properties":{"capacity_mw":4.3,"gg_project_id":"GG2050-REPD-3855","name":"Ardoch and Over Enoch Wind Farm (Over Enoch)","operator":"2020 Renewables/ NTR","repd_ref":"3855","repd_technology":"Wind Onshore","status":"Operational","technology":"wind_onshore"},"type":"Feature"},{"geometry":{"coordinates":[-2.8597143,57.3309717],"type":"Point"},"id":"GG2050-REPD-3407","properties":{"capacity_mw":4.3,"gg_project_id":"GG2050-REPD-3407","name":"Cairnmore Extension","operator":"Greenspan Electric Cairnmore Ltd","repd_ref":"3407","repd_technology":"Wind Onshore","status":"Application Refused","technology":"wind_onshore"},"type":"Feature"},{"geometry":{"coordinates":[-4.8236765,50.3500833],"type":"Point"},"id":"GG2050-REPD-15275","properties":{"capacity_mw":4.3,"gg_project_id":"GG2050-REPD-15275","name":"Goonamarth Farm - Wind Turbine","operator":"Clean Earth Energy Limited","repd_ref":"15275","repd_technology":"Wind Onshore","status":"Under Construction","technology":"wind_onshore"},"type":"Feature"},{"geometry":{"coordinates":[-3.0726607,59.0957377],"type":"Point"},"id":"GG2050-REPD-2697","properties":{"capacity_mw":4.3,"gg_project_id":"GG2050-REPD-2697","name":"Hammar's Hill","operator":"Hammers Hill Energy Ltd","repd_ref":"2697","repd_technology":"Wind Onshore","status":"Operational","technology":"wind_onshore"},"type":"Feature"},{"geometry":{"coordinates":[-4.8155995,50.3592206],"type":"Point"},"id":"GG2050-REPD-20441","properties":{"capacity_mw":4.3,"gg_project_id":"GG2050-REPD-20441","name":"Higher Biscovillack Farm, Greensplat - Wind Turbine","operator":"Clean Earth Energy Limited","repd_ref":"20441","repd_technology":"Wind Onshore","status":"Application Submitted","technology":"wind_onshore"},"type":"Feature"},{"geometry":{"coordinates":[-3.4035011,58.3651012],"type":"Point"},"id":"GG2050-REPD-6755","properties":{"capacity_mw":4.3,"gg_project_id":"GG2050-REPD-6755","name":"Land at Tacher","operator":"Cleanearth","repd_ref":"6755","repd_technology":"Wind Onshore","status":"Revised","technology":"wind_onshore"},"type":"Feature"},{"geometry":{"coordinates":[-1.4733017,54.9128208],"type":"Point"},"id":"GG2050-REPD-5798","properties":{"capacity_mw":4.3,"gg_project_id":"GG2050-REPD-5798","name":"Nissan Wind Farm Extension","operator":"Nissan","repd_ref":"5798","repd_technology":"Wind Onshore","status":"Application Withdrawn","technology":"wind_onshore"},"type":"Feature"},{"geometry":{"coordinates":[-3.3882489,58.5563037],"type":"Point"},"id":"GG2050-REPD-19511","properties":{"capacity_mw":4.26,"gg_project_id":"GG2050-REPD-19511","name":"Oak Tree Cottage, Castletown - Wind Turbine","operator":"DisGen Service Limited","repd_ref":"19511","repd_technology":"Wind Onshore","status":"Application Submitted","technology":"wind_onshore"},"type":"Feature"},{"geometry":{"coordinates":[-1.202867,54.6454298],"type":"Point"},"id":"GG2050-REPD-19399","properties":{"capacity_mw":4.26,"gg_project_id":"GG2050-REPD-19399","name":"Tofts Road - Single Wind Turbine","operator":"Melton Wind Limited","repd_ref":"19399","repd_technology":"Wind Onshore","status":"Application Submitted","technology":"wind_onshore"},"type":"Feature"},{"geometry":{"coordinates":[-7.1266209,54.7141227],"type":"Point"},"id":"GG2050-REPD-6739","properties":{"capacity_mw":4.2,"gg_project_id":"GG2050-REPD-6739","name":"Crockanboy Road (resubmission)","operator":"Private Developer","repd_ref":"6739","repd_technology":"Wind Onshore","status":"Application Withdrawn","technology":"wind_onshore"},"type":"Feature"},{"geometry":{"coordinates":[-3.9333651,55.6871046],"type":"Point"},"id":"GG2050-REPD-7679","properties":{"capacity_mw":4.2,"gg_project_id":"GG2050-REPD-7679","name":"Draffanmarshill Farm","operator":"T C Stewart and Sons Ltd","repd_ref":"7679","repd_technology":"Wind Onshore","status":"Awaiting Construction","technology":"wind_onshore"},"type":"Feature"},{"geometry":{"coordinates":[-2.6251554,53.6531635],"type":"Point"},"id":"GG2050-REPD-18796","properties":{"capacity_mw":4.2,"gg_project_id":"GG2050-REPD-18796","name":"Green Energy Park, Eyes Lane - Wind Turbine","operator":"GA Pet Food Partners Group Limited","repd_ref":"18796","repd_technology":"Wind Onshore","status":"Application Submitted","technology":"wind_onshore"},"type":"Feature"},{"geometry":{"coordinates":[-3.0956954,54.2466985],"type":"Point"},"id":"GG2050-REPD-3088","properties":{"capacity_mw":4.2,"gg_project_id":"GG2050-REPD-3088","name":"Lowick Beacon","operator":"Ecotricity","repd_ref":"3088","repd_technology":"Wind Onshore","status":"Application Refused","technology":"wind_onshore"},"type":"Feature"},{"geometry":{"coordinates":[-2.2582421,57.3629643],"type":"Point"},"id":"GG2050-REPD-16007","properties":{"capacity_mw":4.2,"gg_project_id":"GG2050-REPD-16007","name":"Mains Of Cairnbrogie, Oldmeldrum - Wind turbine","operator":"Mountwest 838 Limited","repd_ref":"16007","repd_technology":"Wind Onshore","status":"Revised","technology":"wind_onshore"},"type":"Feature"},{"geometry":{"coordinates":[-2.258242,57.3629464],"type":"Point"},"id":"GG2050-REPD-20216","properties":{"capacity_mw":4.2,"gg_project_id":"GG2050-REPD-20216","name":"Mains Of Cairnbrogie, Oldmeldrum - Wind turbine","operator":"Mountwest 838 Limited","repd_ref":"20216","repd_technology":"Wind Onshore","status":"Application Submitted","technology":"wind_onshore"},"type":"Feature"},{"geometry":{"coordinates":[-4.4717482,55.740376],"type":"Point"},"id":"GG2050-REPD-16389","properties":{"capacity_mw":4.2,"gg_project_id":"GG2050-REPD-16389","name":"Nether Carswell Cottage Wind Turbine","operator":"Nether Carswell Three Limited","repd_ref":"16389","repd_technology":"Wind Onshore","status":"Abandoned","technology":"wind_onshore"},"type":"Feature"},{"geometry":{"coordinates":[-4.4717482,55.740376],"type":"Point"},"id":"GG2050-REPD-9669","properties":{"capacity_mw":4.2,"gg_project_id":"GG2050-REPD-9669","name":"Nether Carswell Cottage Wind Turbine","operator":"Nether Carswell Three Limited","repd_ref":"9669","repd_technology":"Wind Onshore","status":"Awaiting Construction","technology":"wind_onshore"},"type":"Feature"},{"geometry":{"coordinates":[-0.1872564,53.6281764],"type":"Point"},"id":"GG2050-REPD-13637","properties":{"capacity_mw":4.2,"gg_project_id":"GG2050-REPD-13637","name":"Port Of Immingham West Riverside, Immingham Docks - Wind Turbines","operator":"Associated British Ports","repd_ref":"13637","repd_technology":"Wind Onshore","status":"Awaiting Construction","technology":"wind_onshore"},"type":"Feature"},{"geometry":{"coordinates":[-0.1872564,53.6281764],"type":"Point"},"id":"GG2050-REPD-16391","properties":{"capacity_mw":4.2,"gg_project_id":"GG2050-REPD-16391","name":"Port Of Immingham West Riverside, Immingham Docks - Wind Turbines","operator":"Associated British Ports","repd_ref":"16391","repd_technology":"Wind Onshore","status":"Awaiting Construction","technology":"wind_onshore"},"type":"Feature"},{"geometry":{"coordinates":[-2.6740756,51.537995],"type":"Point"},"id":"GG2050-REPD-7524","properties":{"capacity_mw":4.2,"gg_project_id":"GG2050-REPD-7524","name":"Severn Road","operator":"Ambition Community Energy","repd_ref":"7524","repd_technology":"Wind Onshore","status":"Operational","technology":"wind_onshore"},"type":"Feature"},{"geometry":{"coordinates":[-3.5429559,54.6741254],"type":"Point"},"id":"GG2050-REPD-2624","properties":{"capacity_mw":4.2,"gg_project_id":"GG2050-REPD-2624","name":"Siddick Wind Farm","operator":"Windprospect / Windcluster","repd_ref":"2624","repd_technology":"Wind Onshore","status":"Operational","technology":"wind_onshore"},"type":"Feature"},{"geometry":{"coordinates":[-0.2442991,53.9524595],"type":"Point"},"id":"GG2050-REPD-10880","properties":{"capacity_mw":4.2,"gg_project_id":"GG2050-REPD-10880","name":"Skipsea Lane, Dunnington - Wind Farm","operator":"Manor Farm Feeds","repd_ref":"10880","repd_technology":"Wind Onshore","status":"Awaiting Construction","technology":"wind_onshore"},"type":"Feature"},{"geometry":{"coordinates":[-3.7256985,55.8724463],"type":"Point"},"id":"GG2050-REPD-7370","properties":{"capacity_mw":4.2,"gg_project_id":"GG2050-REPD-7370","name":"Southrigg 2","operator":"SR Wind Limited","repd_ref":"7370","repd_technology":"Wind Onshore","status":"Awaiting Construction","technology":"wind_onshore"},"type":"Feature"},{"geometry":{"coordinates":[-3.730258,55.8840376],"type":"Point"},"id":"GG2050-REPD-12506","properties":{"capacity_mw":4.2,"gg_project_id":"GG2050-REPD-12506","name":"Southrigg 3 - Wind Turbine","operator":"SR Wind Limited","repd_ref":"12506","repd_technology":"Wind Onshore","status":"Application Submitted","technology":"wind_onshore"},"type":"Feature"},{"geometry":{"coordinates":[-3.4463768,56.2605337],"type":"Point"},"id":"GG2050-REPD-3271","properties":{"capacity_mw":4.2,"gg_project_id":"GG2050-REPD-3271","name":"Tillyrie","operator":"Lomond Energy","repd_ref":"3271","repd_technology":"Wind Onshore","status":"Application Refused","technology":"wind_onshore"},"type":"Feature"},{"geometry":{"coordinates":[-4.8360713,50.3417487],"type":"Point"},"id":"GG2050-REPD-9725","properties":{"capacity_mw":4.1,"gg_project_id":"GG2050-REPD-9725","name":"Burngullow Common - Wind Turbine","operator":"Clean Earth Energy Limited","repd_ref":"9725","repd_technology":"Wind Onshore","status":"Awaiting Construction","technology":"wind_onshore"},"type":"Feature"},{"geometry":{"coordinates":[-0.6314441,51.9548688],"type":"Point"},"id":"GG2050-REPD-6120","properties":{"capacity_mw":4.1,"gg_project_id":"GG2050-REPD-6120","name":"Checkley Wood Farm","operator":"AW Group","repd_ref":"6120","repd_technology":"Wind Onshore","status":"Operational","technology":"wind_onshore"},"type":"Feature"},{"geometry":{"coordinates":[-4.8370745,50.363052],"type":"Point"},"id":"GG2050-REPD-7952","properties":{"capacity_mw":4.1,"gg_project_id":"GG2050-REPD-7952","name":"Lower Longstones, St Mewan Wind Turbine","operator":"Clean Earth Energy Limited","repd_ref":"7952","repd_technology":"Wind Onshore","status":"Awaiting Construction","technology":"wind_onshore"},"type":"Feature"},{"geometry":{"coordinates":[-3.4911545,50.9021073],"type":"Point"},"id":"GG2050-REPD-3143","properties":{"capacity_mw":4.1,"gg_project_id":"GG2050-REPD-3143","name":"Nine Ash Cross","operator":"The Huntsham Estate","repd_ref":"3143","repd_technology":"Wind Onshore","status":"Application Withdrawn","technology":"wind_onshore"},"type":"Feature"},{"geometry":{"coordinates":[-3.4169092,58.4023566],"type":"Point"},"id":"GG2050-REPD-17132","properties":{"capacity_mw":4.1,"gg_project_id":"GG2050-REPD-17132","name":"Tacher A","operator":"Clean Earth","repd_ref":"17132","repd_technology":"Wind Onshore","status":"Awaiting Construction","technology":"wind_onshore"},"type":"Feature"},{"geometry":{"coordinates":[-3.4169092,58.4023566],"type":"Point"},"id":"GG2050-REPD-8134","properties":{"capacity_mw":4.1,"gg_project_id":"GG2050-REPD-8134","name":"Tacher B","operator":"Clean Earth","repd_ref":"8134","repd_technology":"Wind Onshore","status":"Awaiting Construction","technology":"wind_onshore"},"type":"Feature"},{"geometry":{"coordinates":[-3.4169092,58.4023566],"type":"Point"},"id":"GG2050-REPD-17133","properties":{"capacity_mw":4.1,"gg_project_id":"GG2050-REPD-17133","name":"Tacher C","operator":"Clean Earth","repd_ref":"17133","repd_technology":"Wind Onshore","status":"Awaiting Construction","technology":"wind_onshore"},"type":"Feature"},{"geometry":{"coordinates":[1.7028337,52.4147944],"type":"Point"},"id":"GG2050-REPD-2988","properties":{"capacity_mw":4.1,"gg_project_id":"GG2050-REPD-2988","name":"Wind Farm Africa Alive","operator":"SLP Energy","repd_ref":"2988","repd_technology":"Wind Onshore","status":"Operational","technology":"wind_onshore"},"type":"Feature"},{"geometry":{"coordinates":[-5.3101954,56.1244497],"type":"Point"},"id":"GG2050-REPD-4937","properties":{"capacity_mw":4.0,"gg_project_id":"GG2050-REPD-4937","name":"A'Chruach (Phase 2)","operator":"Muirhall Energy (formerly Infinis)","repd_ref":"4937","repd_technology":"Wind Onshore","status":"Planning Permission Expired","technology":"wind_onshore"},"type":"Feature"},{"geometry":{"coordinates":[-3.7589424,56.0104911],"type":"Point"},"id":"GG2050-REPD-2964","properties":{"capacity_mw":4.0,"gg_project_id":"GG2050-REPD-2964","name":"Asda Grangemouth Depot","operator":"Asda","repd_ref":"2964","repd_technology":"Wind Onshore","status":"Application Refused","technology":"wind_onshore"},"type":"Feature"},{"geometry":{"coordinates":[-3.7496436,50.305269],"type":"Point"},"id":"GG2050-REPD-2984","properties":{"capacity_mw":4.0,"gg_project_id":"GG2050-REPD-2984","name":"Beech Tree Farm","operator":"Cornwall Light and Power","repd_ref":"2984","repd_technology":"Wind Onshore","status":"Appeal Refused","technology":"wind_onshore"},"type":"Feature"},{"geometry":{"coordinates":[-6.3355611,57.3528536],"type":"Point"},"id":"GG2050-REPD-3373","properties":{"capacity_mw":4.0,"gg_project_id":"GG2050-REPD-3373","name":"Beinn Mheadhonach","operator":"Wind Harvest","repd_ref":"3373","repd_technology":"Wind Onshore","status":"Planning Permission Expired","technology":"wind_onshore"},"type":"Feature"},{"geometry":{"coordinates":[-3.7689144,56.2153941],"type":"Point"},"id":"GG2050-REPD-4450","properties":{"capacity_mw":4.0,"gg_project_id":"GG2050-REPD-4450","name":"Burnfoot Hill Extension","operator":"Private Developer","repd_ref":"4450","repd_technology":"Wind Onshore","status":"Operational","technology":"wind_onshore"},"type":"Feature"},{"geometry":{"coordinates":[-2.6224496,53.4240247],"type":"Point"},"id":"GG2050-REPD-4115","properties":{"capacity_mw":4.0,"gg_project_id":"GG2050-REPD-4115","name":"Causeway Bridges Wind Farm","operator":"Wind Direct","repd_ref":"4115","repd_technology":"Wind Onshore","status":"Abandoned","technology":"wind_onshore"},"type":"Feature"},{"geometry":{"coordinates":[-3.4793705,54.429372],"type":"Point"},"id":"GG2050-REPD-3632","properties":{"capacity_mw":4.0,"gg_project_id":"GG2050-REPD-3632","name":"Church House Wind Farm","operator":"Airvolution Energy","repd_ref":"3632","repd_technology":"Wind Onshore","status":"Appeal Withdrawn","technology":"wind_onshore"},"type":"Feature"},{"geometry":{"coordinates":[-3.6945775,51.0063669],"type":"Point"},"id":"GG2050-REPD-3952","properties":{"capacity_mw":4.0,"gg_project_id":"GG2050-REPD-3952","name":"Cross Moor","operator":"Devon Light and Power","repd_ref":"3952","repd_technology":"Wind Onshore","status":"Application Refused","technology":"wind_onshore"},"type":"Feature"},{"geometry":{"coordinates":[-4.7076882,50.6349071],"type":"Point"},"id":"GG2050-REPD-2948","properties":{"capacity_mw":4.0,"gg_project_id":"GG2050-REPD-2948","name":"Delabole Wind Farm","operator":"Wind Electric","repd_ref":"2948","repd_technology":"Wind Onshore","status":"Decommissioned","technology":"wind_onshore"},"type":"Feature"},{"geometry":{"coordinates":[-4.4465002,50.9172689],"type":"Point"},"id":"GG2050-REPD-4168","properties":{"capacity_mw":4.0,"gg_project_id":"GG2050-REPD-4168","name":"East Youlstone Wind Farm","operator":"Airvolution Energy","repd_ref":"4168","repd_technology":"Wind Onshore","status":"Operational","technology":"wind_onshore"},"type":"Feature"},{"geometry":{"coordinates":[-3.8120232,55.9241718],"type":"Point"},"id":"GG2050-REPD-11031","properties":{"capacity_mw":4.0,"gg_project_id":"GG2050-REPD-11031","name":"Easter Drumclair Wood","operator":"Tamani","repd_ref":"11031","repd_technology":"Wind Onshore","status":"Revised","technology":"wind_onshore"},"type":"Feature"},{"geometry":{"coordinates":[-3.8120232,55.9241718],"type":"Point"},"id":"GG2050-REPD-7300","properties":{"capacity_mw":4.0,"gg_project_id":"GG2050-REPD-7300","name":"Easter Drumclair Wood","operator":"Tamani","repd_ref":"7300","repd_technology":"Wind Onshore","status":"Revised","technology":"wind_onshore"},"type":"Feature"},{"geometry":{"coordinates":[-3.8120232,55.9241718],"type":"Point"},"id":"GG2050-REPD-7422","properties":{"capacity_mw":4.0,"gg_project_id":"GG2050-REPD-7422","name":"Easter Drumclair Wood","operator":"Tamani","repd_ref":"7422","repd_technology":"Wind Onshore","status":"Revised","technology":"wind_onshore"},"type":"Feature"},{"geometry":{"coordinates":[-3.5401293,54.6711505],"type":"Point"},"id":"GG2050-REPD-2935","properties":{"capacity_mw":4.0,"gg_project_id":"GG2050-REPD-2935","name":"Eastman Chemicals, Workington","operator":"Unknown","repd_ref":"2935","repd_technology":"Wind Onshore","status":"Operational","technology":"wind_onshore"},"type":"Feature"},{"geometry":{"coordinates":[-2.9511616,56.5685593],"type":"Point"},"id":"GG2050-REPD-3427","properties":{"capacity_mw":4.0,"gg_project_id":"GG2050-REPD-3427","name":"Frawney Wind Farm","operator":"Polar Energy (Finlarg) Ltd","repd_ref":"3427","repd_technology":"Wind Onshore","status":"Revised","technology":"wind_onshore"},"type":"Feature"},{"geometry":{"coordinates":[-0.0360727,52.6514531],"type":"Point"},"id":"GG2050-REPD-4018","properties":{"capacity_mw":4.0,"gg_project_id":"GG2050-REPD-4018","name":"French Farm","operator":"Cornwall Light and Power","repd_ref":"4018","repd_technology":"Wind Onshore","status":"Revised","technology":"wind_onshore"},"type":"Feature"},{"geometry":{"coordinates":[-0.1043388,52.663543],"type":"Point"},"id":"GG2050-REPD-4637","properties":{"capacity_mw":4.0,"gg_project_id":"GG2050-REPD-4637","name":"French Farm","operator":"REG Windpower (previously Cornwall Light and Power)","repd_ref":"4637","repd_technology":"Wind Onshore","status":"Operational","technology":"wind_onshore"},"type":"Feature"},{"geometry":{"coordinates":[-4.885055,50.3069359],"type":"Point"},"id":"GG2050-REPD-3917","properties":{"capacity_mw":4.0,"gg_project_id":"GG2050-REPD-3917","name":"Garlenick Estate 2 - Wind Turbines","operator":"Airvolution Energy","repd_ref":"3917","repd_technology":"Wind Onshore","status":"Operational","technology":"wind_onshore"},"type":"Feature"},{"geometry":{"coordinates":[-3.0767382,54.8714889],"type":"Point"},"id":"GG2050-REPD-3491","properties":{"capacity_mw":4.0,"gg_project_id":"GG2050-REPD-3491","name":"Great Orton","operator":"Cumbria Wind Farms","repd_ref":"3491","repd_technology":"Wind Onshore","status":"Operational","technology":"wind_onshore"},"type":"Feature"},{"geometry":{"coordinates":[-1.7486655,54.8497097],"type":"Point"},"id":"GG2050-REPD-3859","properties":{"capacity_mw":4.0,"gg_project_id":"GG2050-REPD-3859","name":"Greencroft Estate Turbines","operator":"Lanchester Properties","repd_ref":"3859","repd_technology":"Wind Onshore","status":"Operational","technology":"wind_onshore"},"type":"Feature"},{"geometry":{"coordinates":[-3.9032163,55.9119942],"type":"Point"},"id":"GG2050-REPD-3236","properties":{"capacity_mw":4.0,"gg_project_id":"GG2050-REPD-3236","name":"Greendykeside","operator":"A7 Energy","repd_ref":"3236","repd_technology":"Wind Onshore","status":"Operational","technology":"wind_onshore"},"type":"Feature"},{"geometry":{"coordinates":[-3.1612117,51.7293663],"type":"Point"},"id":"GG2050-REPD-3900","properties":{"capacity_mw":4.0,"gg_project_id":"GG2050-REPD-3900","name":"Hafod-y-Dafal","operator":"Airvolution Energy","repd_ref":"3900","repd_technology":"Wind Onshore","status":"Appeal Refused","technology":"wind_onshore"},"type":"Feature"},{"geometry":{"coordinates":[-3.5472218,55.8344722],"type":"Point"},"id":"GG2050-REPD-11980","properties":{"capacity_mw":4.0,"gg_project_id":"GG2050-REPD-11980","name":"Harburnhead Windfarm - Wind Turbine","operator":"Caber Energy Limited","repd_ref":"11980","repd_technology":"Wind Onshore","status":"Awaiting Construction","technology":"wind_onshore"},"type":"Feature"},{"geometry":{"coordinates":[-4.7400076,56.0318207],"type":"Point"},"id":"GG2050-REPD-4376","properties":{"capacity_mw":4.0,"gg_project_id":"GG2050-REPD-4376","name":"Helensburgh Community Wind Farm","operator":"Helensburgh Renewables","repd_ref":"4376","repd_technology":"Wind Onshore","status":"Application Withdrawn","technology":"wind_onshore"},"type":"Feature"},{"geometry":{"coordinates":[-1.4312186,54.7875118],"type":"Point"},"id":"GG2050-REPD-3050","properties":{"capacity_mw":4.0,"gg_project_id":"GG2050-REPD-3050","name":"High Haswell Wind Farm","operator":"Hallam Land Management","repd_ref":"3050","repd_technology":"Wind Onshore","status":"Operational","technology":"wind_onshore"},"type":"Feature"},{"geometry":{"coordinates":[0.1486103,52.7644241],"type":"Point"},"id":"GG2050-REPD-3040","properties":{"capacity_mw":4.0,"gg_project_id":"GG2050-REPD-3040","name":"Home Farm (wind)","operator":"Unknown","repd_ref":"3040","repd_technology":"Wind Onshore","status":"Application Withdrawn","technology":"wind_onshore"},"type":"Feature"},{"geometry":{"coordinates":[-4.1971912,55.3886757],"type":"Point"},"id":"GG2050-REPD-4389","properties":{"capacity_mw":4.0,"gg_project_id":"GG2050-REPD-4389","name":"Knockshinnoch Wind Farm","operator":"REG Windpower","repd_ref":"4389","repd_technology":"Wind Onshore","status":"Awaiting Construction","technology":"wind_onshore"},"type":"Feature"},{"geometry":{"coordinates":[-1.1576867,52.3495011],"type":"Point"},"id":"GG2050-REPD-4598","properties":{"capacity_mw":4.0,"gg_project_id":"GG2050-REPD-4598","name":"M1 J18 Wind Turbines","operator":"Airvolution Energy","repd_ref":"4598","repd_technology":"Wind Onshore","status":"Operational","technology":"wind_onshore"},"type":"Feature"},{"geometry":{"coordinates":[-0.895867,52.335136],"type":"Point"},"id":"GG2050-REPD-3073","properties":{"capacity_mw":4.0,"gg_project_id":"GG2050-REPD-3073","name":"Mercedes-Benz Technology Centre","operator":"Mercedes-Benz","repd_ref":"3073","repd_technology":"Wind Onshore","status":"Application Withdrawn","technology":"wind_onshore"},"type":"Feature"},{"geometry":{"coordinates":[-2.8938276,56.4836335],"type":"Point"},"id":"GG2050-REPD-4681","properties":{"capacity_mw":4.0,"gg_project_id":"GG2050-REPD-4681","name":"Michelin Tyre Co Ltd - Dundee","operator":"Ecotricity","repd_ref":"4681","repd_technology":"Wind Onshore","status":"Operational","technology":"wind_onshore"},"type":"Feature"},{"geometry":{"coordinates":[-1.6221659,55.1034957],"type":"Point"},"id":"GG2050-REPD-3068","properties":{"capacity_mw":4.0,"gg_project_id":"GG2050-REPD-3068","name":"MSD Cramlington","operator":"Unknown","repd_ref":"3068","repd_technology":"Wind Onshore","status":"Operational","technology":"wind_onshore"},"type":"Feature"},{"geometry":{"coordinates":[-2.8035692,55.7007151],"type":"Point"},"id":"GG2050-REPD-4071","properties":{"capacity_mw":4.0,"gg_project_id":"GG2050-REPD-4071","name":"Muircleugh Farm","operator":"Airvolution Energy","repd_ref":"4071","repd_technology":"Wind Onshore","status":"Revised","technology":"wind_onshore"},"type":"Feature"},{"geometry":{"coordinates":[-1.4807597,54.9138863],"type":"Point"},"id":"GG2050-REPD-2944","properties":{"capacity_mw":4.0,"gg_project_id":"GG2050-REPD-2944","name":"Nissan Wind Farm","operator":"Nissan Manufacturing UK","repd_ref":"2944","repd_technology":"Wind Onshore","status":"Operational","technology":"wind_onshore"},"type":"Feature"},{"geometry":{"coordinates":[0.7335086,52.6255638],"type":"Point"},"id":"GG2050-REPD-3828","properties":{"capacity_mw":4.0,"gg_project_id":"GG2050-REPD-3828","name":"North Pickenham Airfield","operator":"Bernard Matthews Green Energy","repd_ref":"3828","repd_technology":"Wind Onshore","status":"Operational","technology":"wind_onshore"},"type":"Feature"},{"geometry":{"coordinates":[-3.171394,51.6869149],"type":"Point"},"id":"GG2050-REPD-3726","properties":{"capacity_mw":4.0,"gg_project_id":"GG2050-REPD-3726","name":"Oakdale Business Park","operator":"Resonance","repd_ref":"3726","repd_technology":"Wind Onshore","status":"Operational","technology":"wind_onshore"},"type":"Feature"},{"geometry":{"coordinates":[-2.8656789,53.900138],"type":"Point"},"id":"GG2050-REPD-3703","properties":{"capacity_mw":4.0,"gg_project_id":"GG2050-REPD-3703","name":"Orchard End","operator":"Renewable Energy Generation","repd_ref":"3703","repd_technology":"Wind Onshore","status":"Operational","technology":"wind_onshore"},"type":"Feature"},{"geometry":{"coordinates":[-2.8656789,53.900138],"type":"Point"},"id":"GG2050-REPD-3979","properties":{"capacity_mw":4.0,"gg_project_id":"GG2050-REPD-3979","name":"Orchard End","operator":"Cornwall Light and Power","repd_ref":"3979","repd_technology":"Wind Onshore","status":"Revised","technology":"wind_onshore"},"type":"Feature"},{"geometry":{"coordinates":[1.0956221,51.8062592],"type":"Point"},"id":"GG2050-REPD-4241","properties":{"capacity_mw":4.0,"gg_project_id":"GG2050-REPD-4241","name":"Park Farm (St Osyth)","operator":"Airvolution Energy","repd_ref":"4241","repd_technology":"Wind Onshore","status":"Application Refused","technology":"wind_onshore"},"type":"Feature"},{"geometry":{"coordinates":[-3.2759127,51.7748519],"type":"Point"},"id":"GG2050-REPD-4412","properties":{"capacity_mw":4.0,"gg_project_id":"GG2050-REPD-4412","name":"Pen Bryn Oer Wind Farm","operator":"REG Windpower/ BlackRock","repd_ref":"4412","repd_technology":"Wind Onshore","status":"Operational","technology":"wind_onshore"},"type":"Feature"},{"geometry":{"coordinates":[0.0373215,52.5105881],"type":"Point"},"id":"GG2050-REPD-2953","properties":{"capacity_mw":4.0,"gg_project_id":"GG2050-REPD-2953","name":"Ranson Moor Wind Farm (Phase 2)","operator":"EcoGen Projects / Fenpower","repd_ref":"2953","repd_technology":"Wind Onshore","status":"Operational","technology":"wind_onshore"},"type":"Feature"},{"geometry":{"coordinates":[-2.1172233,52.7024193],"type":"Point"},"id":"GG2050-REPD-3673","properties":{"capacity_mw":4.0,"gg_project_id":"GG2050-REPD-3673","name":"Rodbaston","operator":"REG Windpower","repd_ref":"3673","repd_technology":"Wind Onshore","status":"Operational","technology":"wind_onshore"},"type":"Feature"},{"geometry":{"coordinates":[-1.2623964,54.4958671],"type":"Point"},"id":"GG2050-REPD-3791","properties":{"capacity_mw":4.0,"gg_project_id":"GG2050-REPD-3791","name":"Seamer Wind Farm - Hambleton","operator":"Infinis, previously Broadview Energy","repd_ref":"3791","repd_technology":"Wind Onshore","status":"Operational","technology":"wind_onshore"},"type":"Feature"},{"geometry":{"coordinates":[0.8921397,52.629277],"type":"Point"},"id":"GG2050-REPD-3160","properties":{"capacity_mw":4.0,"gg_project_id":"GG2050-REPD-3160","name":"Shipdham Wind Park","operator":"Ecotricity","repd_ref":"3160","repd_technology":"Wind Onshore","status":"Revised","technology":"wind_onshore"},"type":"Feature"},{"geometry":{"coordinates":[-4.3324747,55.4291233],"type":"Point"},"id":"GG2050-REPD-4050","properties":{"capacity_mw":4.0,"gg_project_id":"GG2050-REPD-4050","name":"Skares Windfarm","operator":"CLP Envirogas","repd_ref":"4050","repd_technology":"Wind Onshore","status":"Application Withdrawn","technology":"wind_onshore"},"type":"Feature"},{"geometry":{"coordinates":[-1.7654232,54.742139],"type":"Point"},"id":"GG2050-REPD-3226","properties":{"capacity_mw":4.0,"gg_project_id":"GG2050-REPD-3226","name":"Stanley Moss","operator":"EDF Energy","repd_ref":"3226","repd_technology":"Wind Onshore","status":"Application Refused","technology":"wind_onshore"},"type":"Feature"},{"geometry":{"coordinates":[-4.3159326,55.1732713],"type":"Point"},"id":"GG2050-REPD-4529","properties":{"capacity_mw":4.0,"gg_project_id":"GG2050-REPD-4529","name":"Torrs Hill","operator":"Torrs Hill Windfarm Ltd","repd_ref":"4529","repd_technology":"Wind Onshore","status":"Under Construction","technology":"wind_onshore"},"type":"Feature"},{"geometry":{"coordinates":[-4.2541476,55.7182023],"type":"Point"},"id":"GG2050-REPD-4017","properties":{"capacity_mw":3.9,"gg_project_id":"GG2050-REPD-4017","name":"Ardoch Farm (East Renfrewshire)","operator":"Private Developer","repd_ref":"4017","repd_technology":"Wind Onshore","status":"Abandoned","technology":"wind_onshore"},"type":"Feature"},{"geometry":{"coordinates":[-6.4383237,58.1766389],"type":"Point"},"id":"GG2050-REPD-3306","properties":{"capacity_mw":3.9,"gg_project_id":"GG2050-REPD-3306","name":"Arnish Moor","operator":"Arnish Electric Ltd / Farm Energy","repd_ref":"3306","repd_technology":"Wind Onshore","status":"Operational","technology":"wind_onshore"},"type":"Feature"},{"geometry":{"coordinates":[-3.2498333,58.4488357],"type":"Point"},"id":"GG2050-REPD-3207","properties":{"capacity_mw":3.9,"gg_project_id":"GG2050-REPD-3207","name":"Bilbster Wind Farm","operator":"Private Developer","repd_ref":"3207","repd_technology":"Wind Onshore","status":"Operational","technology":"wind_onshore"},"type":"Feature"},{"geometry":{"coordinates":[-4.4412529,51.9971115],"type":"Point"},"id":"GG2050-REPD-2630","properties":{"capacity_mw":3.9,"gg_project_id":"GG2050-REPD-2630","name":"Blaen Bowi Wind Farm","operator":"WINDJEN POWER LTD","repd_ref":"2630","repd_technology":"Wind Onshore","status":"Operational","technology":"wind_onshore"},"type":"Feature"},{"geometry":{"coordinates":[-3.9575839,52.5950942],"type":"Point"},"id":"GG2050-REPD-4022","properties":{"capacity_mw":3.9,"gg_project_id":"GG2050-REPD-4022","name":"Braich Ddu","operator":"REG Windpower (previously Cornwall Light and Power)","repd_ref":"4022","repd_technology":"Wind Onshore","status":"Operational","technology":"wind_onshore"},"type":"Feature"},{"geometry":{"coordinates":[-3.1834752,52.9198878],"type":"Point"},"id":"GG2050-REPD-3152","properties":{"capacity_mw":3.9,"gg_project_id":"GG2050-REPD-3152","name":"Cefn Coed","operator":"Private Developer","repd_ref":"3152","repd_technology":"Wind Onshore","status":"Application Refused","technology":"wind_onshore"},"type":"Feature"},{"geometry":{"coordinates":[-1.9106801,53.9620974],"type":"Point"},"id":"GG2050-REPD-2772","properties":{"capacity_mw":3.9,"gg_project_id":"GG2050-REPD-2772","name":"Chelker Reservoir Repower","operator":"Kelda Water Services","repd_ref":"2772","repd_technology":"Wind Onshore","status":"Application Withdrawn","technology":"wind_onshore"},"type":"Feature"},{"geometry":{"coordinates":[-1.3718108,50.6584829],"type":"Point"},"id":"GG2050-REPD-3481","properties":{"capacity_mw":3.9,"gg_project_id":"GG2050-REPD-3481","name":"Cheverton Down","operator":"Cornwall Light and Power","repd_ref":"3481","repd_technology":"Wind Onshore","status":"Application Refused","technology":"wind_onshore"},"type":"Feature"},{"geometry":{"coordinates":[-2.5958795,57.2460277],"type":"Point"},"id":"GG2050-REPD-16273","properties":{"capacity_mw":3.9,"gg_project_id":"GG2050-REPD-16273","name":"Cornabo, Monymusk - Wind turbines","operator":"Clarke","repd_ref":"16273","repd_technology":"Wind Onshore","status":"Awaiting Construction","technology":"wind_onshore"},"type":"Feature"},{"geometry":{"coordinates":[-2.8896198,50.8726047],"type":"Point"},"id":"GG2050-REPD-3144","properties":{"capacity_mw":3.9,"gg_project_id":"GG2050-REPD-3144","name":"Cricket St Thomas","operator":"National Wind Power","repd_ref":"3144","repd_technology":"Wind Onshore","status":"Application Withdrawn","technology":"wind_onshore"},"type":"Feature"},{"geometry":{"coordinates":[-2.4008121,56.9253382],"type":"Point"},"id":"GG2050-REPD-2856","properties":{"capacity_mw":3.9,"gg_project_id":"GG2050-REPD-2856","name":"Droop Hill Wind Farm","operator":"Macphie Of Glenbervie Ltd","repd_ref":"2856","repd_technology":"Wind Onshore","status":"Application Withdrawn","technology":"wind_onshore"},"type":"Feature"},{"geometry":{"coordinates":[-2.7907467,56.562945],"type":"Point"},"id":"GG2050-REPD-3030","properties":{"capacity_mw":3.9,"gg_project_id":"GG2050-REPD-3030","name":"East Skichen","operator":"Npower Renewables","repd_ref":"3030","repd_technology":"Wind Onshore","status":"Application Refused","technology":"wind_onshore"},"type":"Feature"},{"geometry":{"coordinates":[-3.1903946,54.7886457],"type":"Point"},"id":"GG2050-REPD-3087","properties":{"capacity_mw":3.9,"gg_project_id":"GG2050-REPD-3087","name":"High Pow Farm","operator":"Private Developer","repd_ref":"3087","repd_technology":"Wind Onshore","status":"Revised","technology":"wind_onshore"},"type":"Feature"},{"geometry":{"coordinates":[-3.1911984,54.7895365],"type":"Point"},"id":"GG2050-REPD-4029","properties":{"capacity_mw":3.9,"gg_project_id":"GG2050-REPD-4029","name":"High Pow Farm","operator":"REG Windpower (previously Cornwall Light and Power)","repd_ref":"4029","repd_technology":"Wind Onshore","status":"Operational","technology":"wind_onshore"},"type":"Feature"},{"geometry":{"coordinates":[-0.6645297,53.0721971],"type":"Point"},"id":"GG2050-REPD-2739","properties":{"capacity_mw":3.9,"gg_project_id":"GG2050-REPD-2739","name":"Lodge Farm (Lincolnshire)","operator":"Noble Foods","repd_ref":"2739","repd_technology":"Wind Onshore","status":"Application Withdrawn","technology":"wind_onshore"},"type":"Feature"},{"geometry":{"coordinates":[-2.3366035,51.046365],"type":"Point"},"id":"GG2050-REPD-3189","properties":{"capacity_mw":3.9,"gg_project_id":"GG2050-REPD-3189","name":"Symphony Farm","operator":"Ecotricity","repd_ref":"3189","repd_technology":"Wind Onshore","status":"Application Refused","technology":"wind_onshore"},"type":"Feature"},{"geometry":{"coordinates":[-1.8556663,55.3532445],"type":"Point"},"id":"GG2050-REPD-3137","properties":{"capacity_mw":3.9,"gg_project_id":"GG2050-REPD-3137","name":"Wandystead","operator":"G. Y. McNay Trust (a front for National Wind Power)","repd_ref":"3137","repd_technology":"Wind Onshore","status":"Appeal Refused","technology":"wind_onshore"},"type":"Feature"},{"geometry":{"coordinates":[-4.1164783,50.658935],"type":"Point"},"id":"GG2050-REPD-3275","properties":{"capacity_mw":3.9,"gg_project_id":"GG2050-REPD-3275","name":"Yelland Wind Farm","operator":"West Coast Energy/Yelland Wind Energy Ltd","repd_ref":"3275","repd_technology":"Wind Onshore","status":"Application Refused","technology":"wind_onshore"},"type":"Feature"},{"geometry":{"coordinates":[-1.2360533,60.1647548],"type":"Point"},"id":"GG2050-REPD-3310","properties":{"capacity_mw":3.7,"gg_project_id":"GG2050-REPD-3310","name":"Burradale Hill","operator":"Shetland Aerogenerators","repd_ref":"3310","repd_technology":"Wind Onshore","status":"Operational","technology":"wind_onshore"},"type":"Feature"},{"geometry":{"coordinates":[-2.2558082,57.3333262],"type":"Point"},"id":"GG2050-REPD-12960","properties":{"capacity_mw":3.6,"gg_project_id":"GG2050-REPD-12960","name":"Cairnbrogie Farm, Oldmeldrum - Wind Farm","operator":"MountWest 838 Limited","repd_ref":"12960","repd_technology":"Wind Onshore","status":"Awaiting Construction","technology":"wind_onshore"},"type":"Feature"},{"geometry":{"coordinates":[-2.4169306,57.4129857],"type":"Point"},"id":"GG2050-REPD-4987","properties":{"capacity_mw":3.6,"gg_project_id":"GG2050-REPD-4987","name":"Land to the north west of Hill of Petty","operator":"Green Cat Renewables","repd_ref":"4987","repd_technology":"Wind Onshore","status":"Awaiting Construction","technology":"wind_onshore"},"type":"Feature"},{"geometry":{"coordinates":[-3.6641697,53.226208],"type":"Point"},"id":"GG2050-REPD-2570","properties":{"capacity_mw":3.6,"gg_project_id":"GG2050-REPD-2570","name":"Mynydd Glyn Lws Wind Farm","operator":"Windjen","repd_ref":"2570","repd_technology":"Wind Onshore","status":"Application Refused","technology":"wind_onshore"},"type":"Feature"},{"geometry":{"coordinates":[-4.5297076,51.7569302],"type":"Point"},"id":"GG2050-REPD-2636","properties":{"capacity_mw":3.6,"gg_project_id":"GG2050-REPD-2636","name":"Parc-Cynog Wind Farm","operator":"Micon Wind Turbines (UK) Limited","repd_ref":"2636","repd_technology":"Wind Onshore","status":"Operational","technology":"wind_onshore"},"type":"Feature"},{"geometry":{"coordinates":[1.377878,52.7478024],"type":"Point"},"id":"GG2050-REPD-3406","properties":{"capacity_mw":3.6,"gg_project_id":"GG2050-REPD-3406","name":"Scottow Estate Wind Farm","operator":"Airvolution Energy","repd_ref":"3406","repd_technology":"Wind Onshore","status":"Application Refused","technology":"wind_onshore"},"type":"Feature"},{"geometry":{"coordinates":[-2.8512433,51.5724318],"type":"Point"},"id":"GG2050-REPD-13771","properties":{"capacity_mw":3.6,"gg_project_id":"GG2050-REPD-13771","name":"Tesco Distribution Steelworks, Access Road - Wind Turbine","operator":"Clean Earth Energy","repd_ref":"13771","repd_technology":"Wind Onshore","status":"Revised","technology":"wind_onshore"},"type":"Feature"},{"geometry":{"coordinates":[-2.4133101,51.2051528],"type":"Point"},"id":"GG2050-REPD-3428","properties":{"capacity_mw":3.6,"gg_project_id":"GG2050-REPD-3428","name":"Torr Works","operator":"Aggregate Industries UK","repd_ref":"3428","repd_technology":"Wind Onshore","status":"Appeal Refused","technology":"wind_onshore"},"type":"Feature"},{"geometry":{"coordinates":[1.0915444,52.6952564],"type":"Point"},"id":"GG2050-REPD-3354","properties":{"capacity_mw":3.6,"gg_project_id":"GG2050-REPD-3354","name":"Weston Airfield Wind Turbines","operator":"Bernard Matthews","repd_ref":"3354","repd_technology":"Wind Onshore","status":"Operational","technology":"wind_onshore"},"type":"Feature"},{"geometry":{"coordinates":[-2.8486011,51.5707965],"type":"Point"},"id":"GG2050-REPD-6509","properties":{"capacity_mw":3.5,"gg_project_id":"GG2050-REPD-6509","name":"Longlands Farm, Rush Wall Lane","operator":"Clean Earth (CE)","repd_ref":"6509","repd_technology":"Wind Onshore","status":"Operational","technology":"wind_onshore"},"type":"Feature"},{"geometry":{"coordinates":[-2.8542261,51.557592],"type":"Point"},"id":"GG2050-REPD-14594","properties":{"capacity_mw":3.5,"gg_project_id":"GG2050-REPD-14594","name":"North Court Farm, Redwick - Wind Turbine","operator":"Clean Earth Energy Limited","repd_ref":"14594","repd_technology":"Wind Onshore","status":"Application Submitted","technology":"wind_onshore"},"type":"Feature"},{"geometry":{"coordinates":[-1.4992371,55.1291754],"type":"Point"},"id":"GG2050-REPD-4663","properties":{"capacity_mw":3.4,"gg_project_id":"GG2050-REPD-4663","name":"Blyth Harbour Wind Farm (re-power)","operator":"Hainsford Energy","repd_ref":"4663","repd_technology":"Wind Onshore","status":"Operational","technology":"wind_onshore"},"type":"Feature"},{"geometry":{"coordinates":[-3.6720678,52.6579106],"type":"Point"},"id":"GG2050-REPD-2566","properties":{"capacity_mw":3.4,"gg_project_id":"GG2050-REPD-2566","name":"Cemmaes 'B' Wind Farm","operator":"Vestas","repd_ref":"2566","repd_technology":"Wind Onshore","status":"Operational","technology":"wind_onshore"},"type":"Feature"},{"geometry":{"coordinates":[-1.7223385,53.5368277],"type":"Point"},"id":"GG2050-REPD-2667","properties":{"capacity_mw":3.4,"gg_project_id":"GG2050-REPD-2667","name":"Hepworth Clay Pipeworks Wind Farm","operator":"Hepworth Building Products Limited","repd_ref":"2667","repd_technology":"Wind Onshore","status":"Application Refused","technology":"wind_onshore"},"type":"Feature"},{"geometry":{"coordinates":[-1.0439661,52.975779],"type":"Point"},"id":"GG2050-REPD-2753","properties":{"capacity_mw":3.4,"gg_project_id":"GG2050-REPD-2753","name":"Stoke Bardolph Farm","operator":"Severn Trent Water","repd_ref":"2753","repd_technology":"Wind Onshore","status":"Application Refused","technology":"wind_onshore"},"type":"Feature"},{"geometry":{"coordinates":[-2.3829698,57.5273886],"type":"Point"},"id":"GG2050-REPD-3402","properties":{"capacity_mw":3.2,"gg_project_id":"GG2050-REPD-3402","name":"Burnside of Idoch","operator":"Scottish and Southern Energy (SSE)","repd_ref":"3402","repd_technology":"Wind Onshore","status":"Appeal Refused","technology":"wind_onshore"},"type":"Feature"},{"geometry":{"coordinates":[-5.0127958,51.7200329],"type":"Point"},"id":"GG2050-REPD-3313","properties":{"capacity_mw":3.2,"gg_project_id":"GG2050-REPD-3313","name":"Castle Pill - Repowering","operator":"John Laing Environmental Assets Group","repd_ref":"3313","repd_technology":"Wind Onshore","status":"Operational","technology":"wind_onshore"},"type":"Feature"},{"geometry":{"coordinates":[-4.6103268,50.6848918],"type":"Point"},"id":"GG2050-REPD-3941","properties":{"capacity_mw":3.2,"gg_project_id":"GG2050-REPD-3941","name":"Otterham Down Wind Farm","operator":"Otter Power","repd_ref":"3941","repd_technology":"Wind Onshore","status":"Operational","technology":"wind_onshore"},"type":"Feature"},{"geometry":{"coordinates":[-2.1897544,57.420827],"type":"Point"},"id":"GG2050-REPD-3075","properties":{"capacity_mw":3.2,"gg_project_id":"GG2050-REPD-3075","name":"Skelmonae Wind Farm","operator":"Private Developer","repd_ref":"3075","repd_technology":"Wind Onshore","status":"Operational","technology":"wind_onshore"},"type":"Feature"},{"geometry":{"coordinates":[-2.3352802,57.4182419],"type":"Point"},"id":"GG2050-REPD-3840","properties":{"capacity_mw":3.2,"gg_project_id":"GG2050-REPD-3840","name":"St Johns Wells Wind Cluster Extension","operator":"Green Cat Renewables","repd_ref":"3840","repd_technology":"Wind Onshore","status":"Operational","technology":"wind_onshore"},"type":"Feature"},{"geometry":{"coordinates":[-3.427945,58.2871945],"type":"Point"},"id":"GG2050-REPD-2802","properties":{"capacity_mw":3.2,"gg_project_id":"GG2050-REPD-2802","name":"Upper Smerral Wind Cluster","operator":"Caithness Power","repd_ref":"2802","repd_technology":"Wind Onshore","status":"Revised","technology":"wind_onshore"},"type":"Feature"},{"geometry":{"coordinates":[-2.1643867,57.3776381],"type":"Point"},"id":"GG2050-REPD-3655","properties":{"capacity_mw":3.2,"gg_project_id":"GG2050-REPD-3655","name":"Yowlie Wind Cluster","operator":"Yowlie Energy Ltd","repd_ref":"3655","repd_technology":"Wind Onshore","status":"Application Refused","technology":"wind_onshore"},"type":"Feature"},{"geometry":{"coordinates":[-2.0736268,57.3639087],"type":"Point"},"id":"GG2050-REPD-15662","properties":{"capacity_mw":3.0,"gg_project_id":"GG2050-REPD-15662","name":"Cairndailly Farm - Wind turbine","operator":"DC Smith Skelmonae Wind Farm Limited / Formartine Partnership / JKR Contractors Ltd","repd_ref":"15662","repd_technology":"Wind Onshore","status":"Application Submitted","technology":"wind_onshore"},"type":"Feature"},{"geometry":{"coordinates":[-4.215311,55.7971274],"type":"Point"},"id":"GG2050-REPD-4060","properties":{"capacity_mw":3.0,"gg_project_id":"GG2050-REPD-4060","name":"Cathkin Braes Wind Farm (Castlemilk)","operator":"Scottish and Southern Energy (SSE)","repd_ref":"4060","repd_technology":"Wind Onshore","status":"Operational","technology":"wind_onshore"},"type":"Feature"},{"geometry":{"coordinates":[-6.427453,54.9326883],"type":"Point"},"id":"GG2050-REPD-5896","properties":{"capacity_mw":3.0,"gg_project_id":"GG2050-REPD-5896","name":"Craigs Wind Turbine II","operator":"Bulrush Horticulture","repd_ref":"5896","repd_technology":"Wind Onshore","status":"Planning Permission Expired","technology":"wind_onshore"},"type":"Feature"},{"geometry":{"coordinates":[-2.4981717,52.5172907],"type":"Point"},"id":"GG2050-REPD-4101","properties":{"capacity_mw":3.0,"gg_project_id":"GG2050-REPD-4101","name":"Criddon Hall Farm","operator":"Sharenergy","repd_ref":"4101","repd_technology":"Wind Onshore","status":"Application Withdrawn","technology":"wind_onshore"},"type":"Feature"},{"geometry":{"coordinates":[-1.0072079,53.6823318],"type":"Point"},"id":"GG2050-REPD-2932","properties":{"capacity_mw":3.0,"gg_project_id":"GG2050-REPD-2932","name":"Croda Chemicals Europe","operator":"Croda Chemicals","repd_ref":"2932","repd_technology":"Wind Onshore","status":"Operational","technology":"wind_onshore"},"type":"Feature"},{"geometry":{"coordinates":[-6.7596476,54.7075471],"type":"Point"},"id":"GG2050-REPD-4290","properties":{"capacity_mw":3.0,"gg_project_id":"GG2050-REPD-4290","name":"Dirnan Road Wind Turbine","operator":"Private Developer","repd_ref":"4290","repd_technology":"Wind Onshore","status":"Appeal Refused","technology":"wind_onshore"},"type":"Feature"},{"geometry":{"coordinates":[-3.4563402,54.3768026],"type":"Point"},"id":"GG2050-REPD-3612","properties":{"capacity_mw":3.0,"gg_project_id":"GG2050-REPD-3612","name":"Drigg Wind Cluster","operator":"Windprospect","repd_ref":"3612","repd_technology":"Wind Onshore","status":"Appeal Refused","technology":"wind_onshore"},"type":"Feature"},{"geometry":{"coordinates":[-0.3304003,53.7585353],"type":"Point"},"id":"GG2050-REPD-3893","properties":{"capacity_mw":3.0,"gg_project_id":"GG2050-REPD-3893","name":"Energy Works Hull - Wind Turbine","operator":"Spencer Group","repd_ref":"3893","repd_technology":"Wind Onshore","status":"Operational","technology":"wind_onshore"},"type":"Feature"},{"geometry":{"coordinates":[-5.0954313,54.8958433],"type":"Point"},"id":"GG2050-REPD-2879","properties":{"capacity_mw":3.0,"gg_project_id":"GG2050-REPD-2879","name":"GLENSTOCKDALE Wind Turbines","operator":"Airvolution Energy","repd_ref":"2879","repd_technology":"Wind Onshore","status":"Application Withdrawn","technology":"wind_onshore"},"type":"Feature"},{"geometry":{"coordinates":[-1.4271576,54.8272853],"type":"Point"},"id":"GG2050-REPD-2591","properties":{"capacity_mw":3.0,"gg_project_id":"GG2050-REPD-2591","name":"Great Eppleton Wind Farm","operator":"Border Windfarm Limited / AMEC","repd_ref":"2591","repd_technology":"Wind Onshore","status":"Operational","technology":"wind_onshore"},"type":"Feature"},{"geometry":{"coordinates":[-2.7938831,51.5780311],"type":"Point"},"id":"GG2050-REPD-3997","properties":{"capacity_mw":3.0,"gg_project_id":"GG2050-REPD-3997","name":"Great House Farm","operator":"AGR Group","repd_ref":"3997","repd_technology":"Wind Onshore","status":"Application Withdrawn","technology":"wind_onshore"},"type":"Feature"},{"geometry":{"coordinates":[-0.2899615,53.7427734],"type":"Point"},"id":"GG2050-REPD-2790","properties":{"capacity_mw":3.0,"gg_project_id":"GG2050-REPD-2790","name":"Green Port Hull Wind Turbine","operator":"Associated British Ports & Siemens Plc","repd_ref":"2790","repd_technology":"Wind Onshore","status":"Application Withdrawn","technology":"wind_onshore"},"type":"Feature"},{"geometry":{"coordinates":[-1.1671177,60.1924267],"type":"Point"},"id":"GG2050-REPD-4075","properties":{"capacity_mw":3.0,"gg_project_id":"GG2050-REPD-4075","name":"Gremista Wind Farm","operator":"Shetland Aerogenerators","repd_ref":"4075","repd_technology":"Wind Onshore","status":"Operational","technology":"wind_onshore"},"type":"Feature"},{"geometry":{"coordinates":[-2.0825753,57.4030137],"type":"Point"},"id":"GG2050-REPD-3994","properties":{"capacity_mw":3.0,"gg_project_id":"GG2050-REPD-3994","name":"Hillhead of Turnerhall","operator":"Formartine","repd_ref":"3994","repd_technology":"Wind Onshore","status":"Application Refused","technology":"wind_onshore"},"type":"Feature"},{"geometry":{"coordinates":[-6.2595731,55.7342033],"type":"Point"},"id":"GG2050-REPD-3302","properties":{"capacity_mw":3.0,"gg_project_id":"GG2050-REPD-3302","name":"Laggan Windcluster","operator":"Windcluster Ltd","repd_ref":"3302","repd_technology":"Wind Onshore","status":"Application Refused","technology":"wind_onshore"},"type":"Feature"},{"geometry":{"coordinates":[-3.5078592,51.684965],"type":"Point"},"id":"GG2050-REPD-3643","properties":{"capacity_mw":3.0,"gg_project_id":"GG2050-REPD-3643","name":"Maerdy extension","operator":"Greencoat UK Wind","repd_ref":"3643","repd_technology":"Wind Onshore","status":"Abandoned","technology":"wind_onshore"},"type":"Feature"},{"geometry":{"coordinates":[-0.521885,53.7346849],"type":"Point"},"id":"GG2050-REPD-11350","properties":{"capacity_mw":3.0,"gg_project_id":"GG2050-REPD-11350","name":"Melton - Wind Turbines","operator":"Omya UK Limited","repd_ref":"11350","repd_technology":"Wind Onshore","status":"Awaiting Construction","technology":"wind_onshore"},"type":"Feature"},{"geometry":{"coordinates":[-4.7967663,51.7866329],"type":"Point"},"id":"GG2050-REPD-18321","properties":{"capacity_mw":3.0,"gg_project_id":"GG2050-REPD-18321","name":"Newhouse Farm, Canaston Bridge - Wind Turbines","operator":"Slebech Investment Limited","repd_ref":"18321","repd_technology":"Wind Onshore","status":"Application Withdrawn","technology":"wind_onshore"},"type":"Feature"},{"geometry":{"coordinates":[1.1171374,52.0253239],"type":"Point"},"id":"GG2050-REPD-3352","properties":{"capacity_mw":3.0,"gg_project_id":"GG2050-REPD-3352","name":"Pannington Hall","operator":"Partnerships for Renewables","repd_ref":"3352","repd_technology":"Wind Onshore","status":"Application Refused","technology":"wind_onshore"},"type":"Feature"},{"geometry":{"coordinates":[-3.0393104,53.4652144],"type":"Point"},"id":"GG2050-REPD-2574","properties":{"capacity_mw":3.0,"gg_project_id":"GG2050-REPD-2574","name":"Royal Seaforth Dock Wind Farm","operator":"Mersey Docks and Harbour Company and Windcluster Limited","repd_ref":"2574","repd_technology":"Wind Onshore","status":"Operational","technology":"wind_onshore"},"type":"Feature"},{"geometry":{"coordinates":[-4.633447,55.5952998],"type":"Point"},"id":"GG2050-REPD-7376","properties":{"capacity_mw":3.0,"gg_project_id":"GG2050-REPD-7376","name":"Shewalton Road","operator":"GlaxoSmithKline","repd_ref":"7376","repd_technology":"Wind Onshore","status":"Under Construction","technology":"wind_onshore"},"type":"Feature"},{"geometry":{"coordinates":[-1.8413734,57.5655613],"type":"Point"},"id":"GG2050-REPD-7595","properties":{"capacity_mw":3.0,"gg_project_id":"GG2050-REPD-7595","name":"St Fergus Renewable Energy Park","operator":"Ednie Farms","repd_ref":"7595","repd_technology":"Wind Onshore","status":"Under Construction","technology":"wind_onshore"},"type":"Feature"},{"geometry":{"coordinates":[0.0055315,51.5015708],"type":"Point"},"id":"GG2050-REPD-9252","properties":{"capacity_mw":3.0,"gg_project_id":"GG2050-REPD-9252","name":"The O2 Arena - Wind turbines","operator":"Waterfront Limited Partnership","repd_ref":"9252","repd_technology":"Wind Onshore","status":"Awaiting Construction","technology":"wind_onshore"},"type":"Feature"},{"geometry":{"coordinates":[-2.1650759,53.7042163],"type":"Point"},"id":"GG2050-REPD-2936","properties":{"capacity_mw":3.0,"gg_project_id":"GG2050-REPD-2936","name":"Tooter Hill and Hogshead Hill","operator":"Renewable Energy Systems RES ltd (Beaufort)","repd_ref":"2936","repd_technology":"Wind Onshore","status":"Application Refused","technology":"wind_onshore"},"type":"Feature"},{"geometry":{"coordinates":[-4.1288007,55.6261258],"type":"Point"},"id":"GG2050-REPD-7846","properties":{"capacity_mw":3.0,"gg_project_id":"GG2050-REPD-7846","name":"West Dykes","operator":"CleanEarth","repd_ref":"7846","repd_technology":"Wind Onshore","status":"Revised","technology":"wind_onshore"},"type":"Feature"},{"geometry":{"coordinates":[-2.7329671,56.8191265],"type":"Point"},"id":"GG2050-REPD-2894","properties":{"capacity_mw":3.0,"gg_project_id":"GG2050-REPD-2894","name":"Witton Farm wind cluster","operator":"Private Developer","repd_ref":"2894","repd_technology":"Wind Onshore","status":"Application Withdrawn","technology":"wind_onshore"},"type":"Feature"},{"geometry":{"coordinates":[-1.6776061,54.8470797],"type":"Point"},"id":"GG2050-REPD-3494","properties":{"capacity_mw":2.8,"gg_project_id":"GG2050-REPD-3494","name":"Holmside Hall","operator":"E.ON UK","repd_ref":"3494","repd_technology":"Wind Onshore","status":"Operational","technology":"wind_onshore"},"type":"Feature"},{"geometry":{"coordinates":[-3.1355612,58.9523119],"type":"Point"},"id":"GG2050-REPD-3789","properties":{"capacity_mw":2.7,"gg_project_id":"GG2050-REPD-3789","name":"Akla","operator":"Orkney Sustainable Energy","repd_ref":"3789","repd_technology":"Wind Onshore","status":"Awaiting Construction","technology":"wind_onshore"},"type":"Feature"},{"geometry":{"coordinates":[-5.0290555,55.823351],"type":"Point"},"id":"GG2050-REPD-3340","properties":{"capacity_mw":2.7,"gg_project_id":"GG2050-REPD-3340","name":"Ascog Farm Wind Turbines","operator":"Private Developer","repd_ref":"3340","repd_technology":"Wind Onshore","status":"Appeal Refused","technology":"wind_onshore"},"type":"Feature"},{"geometry":{"coordinates":[-1.495191,55.1254384],"type":"Point"},"id":"GG2050-REPD-3659","properties":{"capacity_mw":2.7,"gg_project_id":"GG2050-REPD-3659","name":"Blyth Harbour Wind Farm","operator":"Border Wind Farms Ltd","repd_ref":"3659","repd_technology":"Wind Onshore","status":"Operational","technology":"wind_onshore"},"type":"Feature"},{"geometry":{"coordinates":[-2.7496644,56.2590425],"type":"Point"},"id":"GG2050-REPD-3847","properties":{"capacity_mw":2.7,"gg_project_id":"GG2050-REPD-3847","name":"Bonerbo Wind Turbines","operator":"Messrs Stevenson, Watson and Brunton","repd_ref":"3847","repd_technology":"Wind Onshore","status":"Revised","technology":"wind_onshore"},"type":"Feature"},{"geometry":{"coordinates":[-2.6600791,59.0972535],"type":"Point"},"id":"GG2050-REPD-4008","properties":{"capacity_mw":2.7,"gg_project_id":"GG2050-REPD-4008","name":"Bu Farm","operator":"Longearth Ltd/ Farm Energy","repd_ref":"4008","repd_technology":"Wind Onshore","status":"Operational","technology":"wind_onshore"},"type":"Feature"},{"geometry":{"coordinates":[-2.5908088,57.2501659],"type":"Point"},"id":"GG2050-REPD-3624","properties":{"capacity_mw":2.7,"gg_project_id":"GG2050-REPD-3624","name":"Cornabo","operator":"Private Developer","repd_ref":"3624","repd_technology":"Wind Onshore","status":"Planning Permission Expired","technology":"wind_onshore"},"type":"Feature"},{"geometry":{"coordinates":[-1.234004,60.0498625],"type":"Point"},"id":"GG2050-REPD-3912","properties":{"capacity_mw":2.7,"gg_project_id":"GG2050-REPD-3912","name":"Culterfield Windfarm","operator":"Freelight (Shetland)","repd_ref":"3912","repd_technology":"Wind Onshore","status":"Revised","technology":"wind_onshore"},"type":"Feature"},{"geometry":{"coordinates":[-1.2477264,60.0480915],"type":"Point"},"id":"GG2050-REPD-5960","properties":{"capacity_mw":2.7,"gg_project_id":"GG2050-REPD-5960","name":"Culterfield Windfarm","operator":"Freelight (Shetland)","repd_ref":"5960","repd_technology":"Wind Onshore","status":"Revised","technology":"wind_onshore"},"type":"Feature"},{"geometry":{"coordinates":[-1.2269904,60.0457181],"type":"Point"},"id":"GG2050-REPD-9031","properties":{"capacity_mw":2.7,"gg_project_id":"GG2050-REPD-9031","name":"Culterfield, Cunningsburgh Wind","operator":"Freelight (Shetland) Limited","repd_ref":"9031","repd_technology":"Wind Onshore","status":"Application Submitted","technology":"wind_onshore"},"type":"Feature"},{"geometry":{"coordinates":[-1.4151092,54.7615806],"type":"Point"},"id":"GG2050-REPD-3110","properties":{"capacity_mw":2.7,"gg_project_id":"GG2050-REPD-3110","name":"Hare Hill (B)","operator":"Powergen","repd_ref":"3110","repd_technology":"Wind Onshore","status":"Operational","technology":"wind_onshore"},"type":"Feature"},{"geometry":{"coordinates":[-2.412167,53.6805568],"type":"Point"},"id":"GG2050-REPD-6219","properties":{"capacity_mw":2.7,"gg_project_id":"GG2050-REPD-6219","name":"Hoddlesdon Moss","operator":"Viridis Wind Turbines","repd_ref":"6219","repd_technology":"Wind Onshore","status":"Application Withdrawn","technology":"wind_onshore"},"type":"Feature"},{"geometry":{"coordinates":[-4.9294456,50.3750627],"type":"Point"},"id":"GG2050-REPD-4992","properties":{"capacity_mw":2.7,"gg_project_id":"GG2050-REPD-4992","name":"Land At Pines Tip","operator":"REG Windpower","repd_ref":"4992","repd_technology":"Wind Onshore","status":"Appeal Refused","technology":"wind_onshore"},"type":"Feature"},{"geometry":{"coordinates":[-3.2937325,58.5272364],"type":"Point"},"id":"GG2050-REPD-2789","properties":{"capacity_mw":2.7,"gg_project_id":"GG2050-REPD-2789","name":"Land North-West Of Seater Farm","operator":"Ventus Renewables","repd_ref":"2789","repd_technology":"Wind Onshore","status":"Application Refused","technology":"wind_onshore"},"type":"Feature"},{"geometry":{"coordinates":[-6.4930207,58.3835568],"type":"Point"},"id":"GG2050-REPD-3988","properties":{"capacity_mw":2.7,"gg_project_id":"GG2050-REPD-3988","name":"Loch Sminig Wind Project","operator":"Urras Oighreachd Ghabhsainn","repd_ref":"3988","repd_technology":"Wind Onshore","status":"Operational","technology":"wind_onshore"},"type":"Feature"},{"geometry":{"coordinates":[-2.6600791,59.0972535],"type":"Point"},"id":"GG2050-REPD-3529","properties":{"capacity_mw":2.7,"gg_project_id":"GG2050-REPD-3529","name":"Rothiesholm","operator":"Longearth Ltd / Farm Energy","repd_ref":"3529","repd_technology":"Wind Onshore","status":"Operational","technology":"wind_onshore"},"type":"Feature"},{"geometry":{"coordinates":[-3.3563496,58.3475548],"type":"Point"},"id":"GG2050-REPD-3908","properties":{"capacity_mw":2.7,"gg_project_id":"GG2050-REPD-3908","name":"Rumster Forest Community Wind Farm","operator":"Latheron, Lybster & Clyth Community Development Company","repd_ref":"3908","repd_technology":"Wind Onshore","status":"Abandoned","technology":"wind_onshore"},"type":"Feature"},{"geometry":{"coordinates":[-3.2142128,58.8487331],"type":"Point"},"id":"GG2050-REPD-4004","properties":{"capacity_mw":2.7,"gg_project_id":"GG2050-REPD-4004","name":"Rysa Wind Energy Project","operator":"Orkney Renewable Energy","repd_ref":"4004","repd_technology":"Wind Onshore","status":"Application Withdrawn","technology":"wind_onshore"},"type":"Feature"},{"geometry":{"coordinates":[-3.428028,58.287984],"type":"Point"},"id":"GG2050-REPD-4489","properties":{"capacity_mw":2.7,"gg_project_id":"GG2050-REPD-4489","name":"Upper Smerral Wind Cluster","operator":"Caithness Power","repd_ref":"4489","repd_technology":"Wind Onshore","status":"Application Refused","technology":"wind_onshore"},"type":"Feature"},{"geometry":{"coordinates":[-1.3778689,53.3875709],"type":"Point"},"id":"GG2050-REPD-3028","properties":{"capacity_mw":2.6,"gg_project_id":"GG2050-REPD-3028","name":"Advanced Manufacturing Research Centre","operator":"Unknown","repd_ref":"3028","repd_technology":"Wind Onshore","status":"Operational","technology":"wind_onshore"},"type":"Feature"},{"geometry":{"coordinates":[-4.139854,50.5505791],"type":"Point"},"id":"GG2050-REPD-4010","properties":{"capacity_mw":2.6,"gg_project_id":"GG2050-REPD-4010","name":"Beech Farm","operator":"Private Developer","repd_ref":"4010","repd_technology":"Wind Onshore","status":"Application Refused","technology":"wind_onshore"},"type":"Feature"},{"geometry":{"coordinates":[-4.2039685,53.2546928],"type":"Point"},"id":"GG2050-REPD-3903","properties":{"capacity_mw":2.6,"gg_project_id":"GG2050-REPD-3903","name":"Braint Wind Farm","operator":"West Coast Energy","repd_ref":"3903","repd_technology":"Wind Onshore","status":"Application Refused","technology":"wind_onshore"},"type":"Feature"},{"geometry":{"coordinates":[-2.660377,59.0818863],"type":"Point"},"id":"GG2050-REPD-3444","properties":{"capacity_mw":2.6,"gg_project_id":"GG2050-REPD-3444","name":"Bu Wind Farm Repowering","operator":"Scottish and Southern Energy (SSE)","repd_ref":"3444","repd_technology":"Wind Onshore","status":"Abandoned","technology":"wind_onshore"},"type":"Feature"},{"geometry":{"coordinates":[-2.813708,57.3152787],"type":"Point"},"id":"GG2050-REPD-2724","properties":{"capacity_mw":2.6,"gg_project_id":"GG2050-REPD-2724","name":"Cairnmore Farm","operator":"Private Developer","repd_ref":"2724","repd_technology":"Wind Onshore","status":"Operational","technology":"wind_onshore"},"type":"Feature"},{"geometry":{"coordinates":[-4.7672833,55.308785],"type":"Point"},"id":"GG2050-REPD-3631","properties":{"capacity_mw":2.6,"gg_project_id":"GG2050-REPD-3631","name":"Chapelton Farm","operator":"Private Developer","repd_ref":"3631","repd_technology":"Wind Onshore","status":"Application Refused","technology":"wind_onshore"},"type":"Feature"},{"geometry":{"coordinates":[-2.5188311,53.3984978],"type":"Point"},"id":"GG2050-REPD-2678","properties":{"capacity_mw":2.6,"gg_project_id":"GG2050-REPD-2678","name":"Clares Farm Close","operator":"Chamberlain","repd_ref":"2678","repd_technology":"Wind Onshore","status":"Application Withdrawn","technology":"wind_onshore"},"type":"Feature"},{"geometry":{"coordinates":[-4.1189397,50.971864],"type":"Point"},"id":"GG2050-REPD-3450","properties":{"capacity_mw":2.6,"gg_project_id":"GG2050-REPD-3450","name":"Darracott Moor","operator":"Gresham House","repd_ref":"3450","repd_technology":"Wind Onshore","status":"Operational","technology":"wind_onshore"},"type":"Feature"},{"geometry":{"coordinates":[-3.6881359,58.6023601],"type":"Point"},"id":"GG2050-REPD-6636","properties":{"capacity_mw":2.6,"gg_project_id":"GG2050-REPD-6636","name":"Forss Wind Farm","operator":"Renewable Energy Systems (RES)","repd_ref":"6636","repd_technology":"Wind Onshore","status":"Operational","technology":"wind_onshore"},"type":"Feature"},{"geometry":{"coordinates":[-3.5882565,52.9962023],"type":"Point"},"id":"GG2050-REPD-2568","properties":{"capacity_mw":2.6,"gg_project_id":"GG2050-REPD-2568","name":"Hafoty Ucha '2' and '3' Wind Turbine","operator":"Private Developer","repd_ref":"2568","repd_technology":"Wind Onshore","status":"Operational","technology":"wind_onshore"},"type":"Feature"},{"geometry":{"coordinates":[-1.3375346,54.8403274],"type":"Point"},"id":"GG2050-REPD-3092","properties":{"capacity_mw":2.6,"gg_project_id":"GG2050-REPD-3092","name":"High Sharpley Wind Farm","operator":"REG Windpower (previously Cornwall Light & Power)","repd_ref":"3092","repd_technology":"Wind Onshore","status":"Operational","technology":"wind_onshore"},"type":"Feature"},{"geometry":{"coordinates":[-3.6757854,51.5878756],"type":"Point"},"id":"GG2050-REPD-3153","properties":{"capacity_mw":2.6,"gg_project_id":"GG2050-REPD-3153","name":"Lluest Wen Energy Centre","operator":"Private Developer","repd_ref":"3153","repd_technology":"Wind Onshore","status":"Application Refused","technology":"wind_onshore"},"type":"Feature"},{"geometry":{"coordinates":[-4.4656759,58.5224089],"type":"Point"},"id":"GG2050-REPD-3929","properties":{"capacity_mw":2.6,"gg_project_id":"GG2050-REPD-3929","name":"Melness","operator":"Melness Crofters Estate","repd_ref":"3929","repd_technology":"Wind Onshore","status":"Abandoned","technology":"wind_onshore"},"type":"Feature"},{"geometry":{"coordinates":[-4.2409191,50.3554148],"type":"Point"},"id":"GG2050-REPD-3083","properties":{"capacity_mw":2.6,"gg_project_id":"GG2050-REPD-3083","name":"Mendennick Wind Farm","operator":"REG Windpower","repd_ref":"3083","repd_technology":"Wind Onshore","status":"Application Withdrawn","technology":"wind_onshore"},"type":"Feature"},{"geometry":{"coordinates":[-3.7249757,53.1363419],"type":"Point"},"id":"GG2050-REPD-2653","properties":{"capacity_mw":2.6,"gg_project_id":"GG2050-REPD-2653","name":"Moel Maelogen A","operator":"John Laing Environmental Assets Group","repd_ref":"2653","repd_technology":"Wind Onshore","status":"Operational","technology":"wind_onshore"},"type":"Feature"}],"partition":4,"release":"9.1","schema":"globalgrid2050.v9.atlas-projects.v9.1","technology":"wind_onshore","type":"FeatureCollection"}
